Build started 4/4/2026 3:32:19 PM.
Logging verbosity is set to: Detailed.     0>Process = "C:\Program Files\dotnet\dotnet.exe"
       MSBuild executable path = "C:\Program Files\dotnet\sdk\10.0.201\MSBuild.dll"
       Command line arguments = "C:\Program Files\dotnet\sdk\10.0.201\MSBuild.dll -maxcpucount --verbosity:m -tlp:default=auto --property:NuGetInteractive=true --restoreProperty:NuGetInteractive=true --restoreProperty:EnableDefaultCompileItems=false --restoreProperty:EnableDefaultEmbeddedResourceItems=false --restoreProperty:EnableDefaultNoneItems=false --nologo src/ETL-SQL.Engine/ETL-SQL.Engine.csproj /fl /flp:logfile=msbuild.log -consoleloggerparameters:Summary -restore -distributedlogger:Microsoft.DotNet.Cli.Commands.MSBuild.MSBuildLogger,C:\Program Files\dotnet\sdk\10.0.201\dotnet.dll*Microsoft.DotNet.Cli.Commands.MSBuild.MSBuildForwardingLogger,C:\Program Files\dotnet\sdk\10.0.201\dotnet.dll"
       Current directory = "C:\Users\chuck\scratch\ETL-SQL"
       MSBuild version = "18.3.0-release-26153-122+4d3023de6"
       Based on the Windows registry key LongPathsEnabled, the LongPaths feature is disabled.
       Based on the Windows registry key VerifiedAndReputablePolicyState, SAC state = 0: turned off.
       The SDK "Microsoft.NET.Sdk" was successfully resolved by the "DefaultSdkResolver" resolver to location "C:\Program Files\dotnet\sdk\10.0.201\Sdks\Microsoft.NET.Sdk\Sdk" and version "".
       C:\Program Files\dotnet\sdk\10.0.201\Sdks\Microsoft.NET.Sdk\Sdk\Sdk.props(49,11): message : Property 'MSBuildExtensionsPath' with value 'C:\Program Files\dotnet\sdk\10.0.201\' expanded from the environment.
       C:\Program Files\dotnet\sdk\10.0.201\Current\Microsoft.Common.props(60,5): message : Property reassignment: $(MSBuildProjectExtensionsPath)="C:\Users\chuck\scratch\ETL-SQL\src\ETL-SQL.Engine\obj\" (previous value: "obj\") at C:\Program Files\dotnet\sdk\10.0.201\Current\Microsoft.Common.props (60,5)
       C:\Program Files\dotnet\sdk\10.0.201\Current\Microsoft.Common.props(84,119): message : Property 'MSBuildUserExtensionsPath' with value 'C:\Users\chuck\AppData\Local\Microsoft\MSBuild' expanded from the environment.
       Assembly loaded during Evaluation: System.Threading.Tasks.Parallel, Version=10.0.0.0, Culture=neutral, PublicKeyToken=b03f5f7f11d50a3a (location: C:\Program Files\dotnet\shared\Microsoft.NETCore.App\10.0.5\System.Threading.Tasks.Parallel.dll, MVID: 5bd459e2-2741-47c1-827e-e155dad5f942, AssemblyLoadContext: Default)
       C:\Program Files\dotnet\sdk\10.0.201\Sdks\Microsoft.NET.Sdk\targets\Microsoft.NET.Sdk.props(90,5): message : Property reassignment: $(AssemblySearchPaths)="{CandidateAssemblyFiles};{HintPathFromItem}" (previous value: "{CandidateAssemblyFiles}") at C:\Program Files\dotnet\sdk\10.0.201\Sdks\Microsoft.NET.Sdk\targets\Microsoft.NET.Sdk.props (90,5)
       C:\Program Files\dotnet\sdk\10.0.201\Sdks\Microsoft.NET.Sdk\targets\Microsoft.NET.Sdk.props(91,5): message : Property reassignment: $(AssemblySearchPaths)="{CandidateAssemblyFiles};{HintPathFromItem};{TargetFrameworkDirectory}" (previous value: "{CandidateAssemblyFiles};{HintPathFromItem}") at C:\Program Files\dotnet\sdk\10.0.201\Sdks\Microsoft.NET.Sdk\targets\Microsoft.NET.Sdk.props (91,5)
       C:\Program Files\dotnet\sdk\10.0.201\Sdks\Microsoft.NET.Sdk\targets\Microsoft.NET.Sdk.props(92,5): message : Property reassignment: $(AssemblySearchPaths)="{CandidateAssemblyFiles};{HintPathFromItem};{TargetFrameworkDirectory};{RawFileName}" (previous value: "{CandidateAssemblyFiles};{HintPathFromItem};{TargetFrameworkDirectory}") at C:\Program Files\dotnet\sdk\10.0.201\Sdks\Microsoft.NET.Sdk\targets\Microsoft.NET.Sdk.props (92,5)
       The "DefaultSdkResolver" resolver attempted to resolve the SDK "Microsoft.NET.SDK.WorkloadAutoImportPropsLocator".
       Warnings: null
       Errors: MSB4276: The default SDK resolver failed to resolve SDK "Microsoft.NET.SDK.WorkloadAutoImportPropsLocator" because directory "C:\Program Files\dotnet\sdk\10.0.201\Sdks\Microsoft.NET.SDK.WorkloadAutoImportPropsLocator\Sdk" did not exist.
       Assembly loaded during Evaluation: Microsoft.Build.NuGetSdkResolver, Version=7.3.0.0, Culture=neutral, PublicKeyToken=31bf3856ad364e35 (location: C:\Program Files\dotnet\sdk\10.0.201\Microsoft.Build.NuGetSdkResolver.dll, MVID: 27d8fe80-3755-4103-8cd8-2558fcde1f3e, AssemblyLoadContext: MSBuild plugin C:\Program Files\dotnet\sdk\10.0.201\Microsoft.Build.NuGetSdkResolver.dll)
       Assembly loaded during Evaluation: System.Reflection.Metadata, Version=10.0.0.0, Culture=neutral, PublicKeyToken=b03f5f7f11d50a3a (location: C:\Program Files\dotnet\shared\Microsoft.NETCore.App\10.0.5\System.Reflection.Metadata.dll, MVID: 4e61a6ff-8e69-4b91-818c-30d30446243f, AssemblyLoadContext: Default)
       Assembly loaded during Evaluation: NuGet.Common, Version=7.3.0.0, Culture=neutral, PublicKeyToken=31bf3856ad364e35 (location: C:\Program Files\dotnet\sdk\10.0.201\NuGet.Common.dll, MVID: 678ca447-e461-409c-b2e4-33ae4a4c5189, AssemblyLoadContext: MSBuild plugin C:\Program Files\dotnet\sdk\10.0.201\Microsoft.Build.NuGetSdkResolver.dll)
       Assembly loaded during Evaluation: Microsoft.NET.Sdk.WorkloadMSBuildSdkResolver, Version=10.0.201.0, Culture=neutral, PublicKeyToken=31bf3856ad364e35 (location: C:\Program Files\dotnet\sdk\10.0.201\Microsoft.NET.Sdk.WorkloadMSBuildSdkResolver.dll, MVID: e8438f74-7d84-47c0-916c-7ea1027a51ae, AssemblyLoadContext: MSBuild plugin C:\Program Files\dotnet\sdk\10.0.201\Microsoft.NET.Sdk.WorkloadMSBuildSdkResolver.dll)
       Assembly loaded during Evaluation: Microsoft.DotNet.Cli.Utils, Version=10.0.201.0, Culture=neutral, PublicKeyToken=adb9793829ddae60 (location: C:\Program Files\dotnet\sdk\10.0.201\Microsoft.DotNet.Cli.Utils.dll, MVID: d4efc679-0a9a-4f93-9e81-b1a8fdde8319, AssemblyLoadContext: MSBuild plugin C:\Program Files\dotnet\sdk\10.0.201\Microsoft.NET.Sdk.WorkloadMSBuildSdkResolver.dll)
       Assembly loaded during Evaluation: Microsoft.NET.Sdk.WorkloadManifestReader, Version=10.0.201.0, Culture=neutral, PublicKeyToken=adb9793829ddae60 (location: C:\Program Files\dotnet\sdk\10.0.201\Microsoft.NET.Sdk.WorkloadManifestReader.dll, MVID: ac95c9e3-e303-461d-9629-d08ab70a5e3b, AssemblyLoadContext: MSBuild plugin C:\Program Files\dotnet\sdk\10.0.201\Microsoft.NET.Sdk.WorkloadMSBuildSdkResolver.dll)
       Assembly loaded during Evaluation: Microsoft.Deployment.DotNet.Releases, Version=2.0.0.0, Culture=neutral, PublicKeyToken=31bf3856ad364e35 (location: C:\Program Files\dotnet\sdk\10.0.201\Microsoft.Deployment.DotNet.Releases.dll, MVID: 995f35ea-2776-49c2-8f82-f6e2d9e87162, AssemblyLoadContext: MSBuild plugin C:\Program Files\dotnet\sdk\10.0.201\Microsoft.NET.Sdk.WorkloadMSBuildSdkResolver.dll)
       Assembly loaded during Evaluation: System.Threading.ThreadPool, Version=10.0.0.0, Culture=neutral, PublicKeyToken=b03f5f7f11d50a3a (location: C:\Program Files\dotnet\shared\Microsoft.NETCore.App\10.0.5\System.Threading.ThreadPool.dll, MVID: 2fd1f98a-321b-4d11-9119-f3b9818d27b3, AssemblyLoadContext: Default)
       Assembly loaded during Evaluation: System.Net.Sockets, Version=10.0.0.0, Culture=neutral, PublicKeyToken=b03f5f7f11d50a3a (location: C:\Program Files\dotnet\shared\Microsoft.NETCore.App\10.0.5\System.Net.Sockets.dll, MVID: 96e8b77c-f6f0-4579-b31e-e5bd830b36a3, AssemblyLoadContext: Default)
       Assembly loaded during Evaluation: System.Threading.Overlapped, Version=10.0.0.0, Culture=neutral, PublicKeyToken=b03f5f7f11d50a3a (location: C:\Program Files\dotnet\shared\Microsoft.NETCore.App\10.0.5\System.Threading.Overlapped.dll, MVID: 1c44937d-d3f3-4c2f-ad04-852de053e661, AssemblyLoadContext: Default)
       The SDK "Microsoft.NET.SDK.WorkloadAutoImportPropsLocator" was successfully resolved by the "Microsoft.DotNet.MSBuildWorkloadSdkResolver" resolver to location "null" and version "null".
       C:\Users\chuck\scratch\ETL-SQL\src\ETL-SQL.Engine\ETL-SQL.Engine.csproj(7,6): message : Property reassignment: $(RootNamespace)="ETL_SQL.Engine" (previous value: "ETL-SQL.Engine") at C:\Users\chuck\scratch\ETL-SQL\src\ETL-SQL.Engine\ETL-SQL.Engine.csproj (7,6)
       C:\Program Files\dotnet\sdk\10.0.201\Sdks\Microsoft.NET.Sdk\targets\Microsoft.NET.Sdk.ImportPublishProfile.targets(28,5): message : Property reassignment: $(PublishProfileImported)="false" (previous value: "true") at C:\Program Files\dotnet\sdk\10.0.201\Sdks\Microsoft.NET.Sdk\targets\Microsoft.NET.Sdk.ImportPublishProfile.targets (28,5)
       Assembly loaded during Evaluation: NuGet.Frameworks, Version=7.3.0.0, Culture=neutral, PublicKeyToken=31bf3856ad364e35 (location: C:\Program Files\dotnet\sdk\10.0.201\NuGet.Frameworks.dll, MVID: d6a61154-f824-438f-bc4d-b42d8d809547, AssemblyLoadContext: Assembly.LoadFile(C:\Program Files\dotnet\sdk\10.0.201\NuGet.Frameworks.dll))
       C:\Program Files\dotnet\sdk\10.0.201\Sdks\Microsoft.NET.Sdk\targets\Microsoft.NET.TargetFrameworkInference.targets(81,5): message : Property reassignment: $(TargetPlatformVersion)="" (previous value: "0.0") at C:\Program Files\dotnet\sdk\10.0.201\Sdks\Microsoft.NET.Sdk\targets\Microsoft.NET.TargetFrameworkInference.targets (81,5)
       C:\Program Files\dotnet\sdk\10.0.201\Sdks\Microsoft.NET.Sdk\targets\Microsoft.NET.DefaultOutputPaths.targets(127,5): message : Property reassignment: $(DefaultItemExcludes)=";bin\Debug\/**;obj\Debug\/**" (previous value: ";bin\Debug\/**") at C:\Program Files\dotnet\sdk\10.0.201\Sdks\Microsoft.NET.Sdk\targets\Microsoft.NET.DefaultOutputPaths.targets (127,5)
       C:\Program Files\dotnet\sdk\10.0.201\Sdks\Microsoft.NET.Sdk\targets\Microsoft.NET.DefaultOutputPaths.targets(142,5): message : Property reassignment: $(OutputPath)="bin\Debug\net10.0\" (previous value: "bin\Debug\") at C:\Program Files\dotnet\sdk\10.0.201\Sdks\Microsoft.NET.Sdk\targets\Microsoft.NET.DefaultOutputPaths.targets (142,5)
       C:\Program Files\dotnet\sdk\10.0.201\Sdks\Microsoft.NET.Sdk\targets\Microsoft.NET.DefaultOutputPaths.targets(147,5): message : Property reassignment: $(IntermediateOutputPath)="obj\Debug\net10.0\" (previous value: "obj\Debug\") at C:\Program Files\dotnet\sdk\10.0.201\Sdks\Microsoft.NET.Sdk\targets\Microsoft.NET.DefaultOutputPaths.targets (147,5)
       The "DefaultSdkResolver" resolver attempted to resolve the SDK "Microsoft.NET.SDK.WorkloadManifestTargetsLocator".
       Warnings: null
       Errors: MSB4276: The default SDK resolver failed to resolve SDK "Microsoft.NET.SDK.WorkloadManifestTargetsLocator" because directory "C:\Program Files\dotnet\sdk\10.0.201\Sdks\Microsoft.NET.SDK.WorkloadManifestTargetsLocator\Sdk" did not exist.
       The SDK "Microsoft.NET.SDK.WorkloadManifestTargetsLocator" was successfully resolved by the "Microsoft.DotNet.MSBuildWorkloadSdkResolver" resolver to location "C:\Program Files\dotnet\sdk-manifests\10.0.100\microsoft.net.sdk.android\36.1.2" and version "null".
       C:\Program Files\dotnet\sdk\10.0.201\Sdks\Microsoft.NET.Sdk\targets\Microsoft.NET.Sdk.BeforeCommon.targets(379,5): message : Property reassignment: $(RoslynTargetsPath)="C:\Program Files\dotnet\sdk\10.0.201\Sdks\Microsoft.NET.Sdk\targets\..\..\..\Roslyn" (previous value: "C:\Program Files\dotnet\sdk\10.0.201\Roslyn") at C:\Program Files\dotnet\sdk\10.0.201\Sdks\Microsoft.NET.Sdk\targets\Microsoft.NET.Sdk.BeforeCommon.targets (379,5)
       C:\Program Files\dotnet\sdk\10.0.201\Roslyn\Microsoft.Managed.Core.targets(6,5): message : Property reassignment: $(_BuildTasksDirectory)="C:\Program Files\dotnet\sdk\10.0.201\Sdks\Microsoft.NET.Sdk\targets\..\..\..\Roslyn\" (previous value: "C:\Program Files\dotnet\sdk\10.0.201\Roslyn\") at C:\Program Files\dotnet\sdk\10.0.201\Roslyn\Microsoft.Managed.Core.targets (6,5)
       C:\Program Files\dotnet\sdk\10.0.201\Roslyn\Microsoft.CSharp.Core.targets(205,5): message : Property reassignment: $(CommandLineArgsForDesignTimeEvaluation)="-langversion:14.0 -define:TRACE" (previous value: "-langversion:14.0") at C:\Program Files\dotnet\sdk\10.0.201\Roslyn\Microsoft.CSharp.Core.targets (205,5)
       Assembly loaded during Evaluation: Microsoft.Build.Utilities.Core, Version=15.1.0.0, Culture=neutral, PublicKeyToken=b03f5f7f11d50a3a (location: C:\Program Files\dotnet\sdk\10.0.201\Microsoft.Build.Utilities.Core.dll, MVID: 37760b18-7f18-4594-9dee-494f4b15fbe6, AssemblyLoadContext: Default)
       C:\Program Files\dotnet\sdk\10.0.201\Microsoft.Common.CurrentVersion.targets(175,5): message : Property reassignment: $(_DebugSymbolsProduced)="true" (previous value: "false") at C:\Program Files\dotnet\sdk\10.0.201\Microsoft.Common.CurrentVersion.targets (175,5)
       C:\Program Files\dotnet\sdk\10.0.201\Microsoft.Common.CurrentVersion.targets(185,5): message : Property reassignment: $(_DocumentationFileProduced)="false" (previous value: "true") at C:\Program Files\dotnet\sdk\10.0.201\Microsoft.Common.CurrentVersion.targets (185,5)
       C:\Program Files\dotnet\sdk\10.0.201\Microsoft.Common.CurrentVersion.targets(392,5): message : Property reassignment: $(MSBuildCopyMarkerName)="ETL-SQL..573EBC9D" (previous value: "ETL-SQL.Engine.csproj") at C:\Program Files\dotnet\sdk\10.0.201\Microsoft.Common.CurrentVersion.targets (392,5)
       C:\Program Files\dotnet\sdk\10.0.201\Microsoft.Common.CurrentVersion.targets(393,5): message : Property reassignment: $(MSBuildCopyMarkerName)="ETL-SQL..573EBC9D.Up2Date" (previous value: "ETL-SQL..573EBC9D") at C:\Program Files\dotnet\sdk\10.0.201\Microsoft.Common.CurrentVersion.targets (393,5)
       C:\Program Files\dotnet\sdk\10.0.201\Microsoft.Common.CurrentVersion.targets(541,5): message : Property reassignment: $(ProcessorArchitecture)="msil" (previous value: "") at C:\Program Files\dotnet\sdk\10.0.201\Microsoft.Common.CurrentVersion.targets (541,5)
       C:\Program Files\dotnet\sdk\10.0.201\Microsoft.Common.CurrentVersion.targets(580,5): message : Property reassignment: $(DelaySign)="" (previous value: "false") at C:\Program Files\dotnet\sdk\10.0.201\Microsoft.Common.CurrentVersion.targets (580,5)
       C:\Program Files\dotnet\sdk\10.0.201\Microsoft.Common.CurrentVersion.targets(2620,5): message : Property 'LOCALAPPDATA' with value 'C:\Users\chuck\AppData\Local' expanded from the environment.
       C:\Program Files\dotnet\sdk\10.0.201\Microsoft.Common.CurrentVersion.targets(3948,5): message : Property reassignment: $(_SGenGenerateSerializationAssembliesConfig)="Auto" (previous value: "") at C:\Program Files\dotnet\sdk\10.0.201\Microsoft.Common.CurrentVersion.targets (3948,5)
       C:\Program Files\dotnet\sdk\10.0.201\Microsoft.Common.CurrentVersion.targets(3949,5): message : Property reassignment: $(_SGenGenerateSerializationAssembliesConfig)="Off" (previous value: "Auto") at C:\Program Files\dotnet\sdk\10.0.201\Microsoft.Common.CurrentVersion.targets (3949,5)
       C:\Program Files\dotnet\sdk\10.0.201\Microsoft.Common.CurrentVersion.targets(5160,5): message : Property reassignment: $(_TargetsThatPrepareProjectReferences)="
       C:\Program Files\dotnet\sdk\10.0.201\Microsoft.Common.CurrentVersion.targets(5160,5): message :       AssignProjectConfiguration;
       C:\Program Files\dotnet\sdk\10.0.201\Microsoft.Common.CurrentVersion.targets(5160,5): message :       _SplitProjectReferencesByFileExistence
       C:\Program Files\dotnet\sdk\10.0.201\Microsoft.Common.CurrentVersion.targets(5160,5): message :     " (previous value: "_SplitProjectReferencesByFileExistence") at C:\Program Files\dotnet\sdk\10.0.201\Microsoft.Common.CurrentVersion.targets (5160,5)
       C:\Program Files\dotnet\sdk\10.0.201\Microsoft.Common.CurrentVersion.targets(6973,5): message : Property 'MSBuildExtensionsPath32' with value 'C:\Program Files\dotnet\sdk\10.0.201' expanded from the environment.
       The "NuGetInteractive" property is a global property, and cannot be modified.
       C:\Program Files\dotnet\sdk\10.0.201\Sdks\Microsoft.NET.Sdk\targets\Microsoft.PackageDependencyResolution.targets(24,5): message : Property reassignment: $(ProjectAssetsFile)="C:\Users\chuck\scratch\ETL-SQL\src\ETL-SQL.Engine\obj\project.assets.json" (previous value: "C:\Users\chuck\scratch\ETL-SQL\src\ETL-SQL.Engine\obj\/project.assets.json") at C:\Program Files\dotnet\sdk\10.0.201\Sdks\Microsoft.NET.Sdk\targets\Microsoft.PackageDependencyResolution.targets (24,5)
       C:\Program Files\dotnet\sdk\10.0.201\Sdks\Microsoft.NET.Sdk\targets\Microsoft.PackageDependencyResolution.targets(29,5): message : Property reassignment: $(ProjectAssetsCacheFile)="C:\Users\chuck\scratch\ETL-SQL\src\ETL-SQL.Engine\obj\Debug\net10.0\ETL-SQL.Engine.assets.cache" (previous value: "obj\Debug\net10.0\ETL-SQL.Engine.assets.cache") at C:\Program Files\dotnet\sdk\10.0.201\Sdks\Microsoft.NET.Sdk\targets\Microsoft.PackageDependencyResolution.targets (29,5)
       C:\Program Files\dotnet\sdk\10.0.201\Sdks\Microsoft.NET.Sdk\targets\Microsoft.PackageDependencyResolution.targets(80,5): message : Property reassignment: $(ResolveAssemblyReferencesDependsOn)="
       C:\Program Files\dotnet\sdk\10.0.201\Sdks\Microsoft.NET.Sdk\targets\Microsoft.PackageDependencyResolution.targets(80,5): message :       
       C:\Program Files\dotnet\sdk\10.0.201\Sdks\Microsoft.NET.Sdk\targets\Microsoft.PackageDependencyResolution.targets(80,5): message :       ResolveProjectReferences;
       C:\Program Files\dotnet\sdk\10.0.201\Sdks\Microsoft.NET.Sdk\targets\Microsoft.PackageDependencyResolution.targets(80,5): message :       FindInvalidProjectReferences;
       C:\Program Files\dotnet\sdk\10.0.201\Sdks\Microsoft.NET.Sdk\targets\Microsoft.PackageDependencyResolution.targets(80,5): message :       GetFrameworkPaths;
       C:\Program Files\dotnet\sdk\10.0.201\Sdks\Microsoft.NET.Sdk\targets\Microsoft.PackageDependencyResolution.targets(80,5): message :       GetReferenceAssemblyPaths;
       C:\Program Files\dotnet\sdk\10.0.201\Sdks\Microsoft.NET.Sdk\targets\Microsoft.PackageDependencyResolution.targets(80,5): message :       PrepareForBuild;
       C:\Program Files\dotnet\sdk\10.0.201\Sdks\Microsoft.NET.Sdk\targets\Microsoft.PackageDependencyResolution.targets(80,5): message :       ResolveSDKReferences;
       C:\Program Files\dotnet\sdk\10.0.201\Sdks\Microsoft.NET.Sdk\targets\Microsoft.PackageDependencyResolution.targets(80,5): message :       ExpandSDKReferences;
       C:\Program Files\dotnet\sdk\10.0.201\Sdks\Microsoft.NET.Sdk\targets\Microsoft.PackageDependencyResolution.targets(80,5): message :     ;
       C:\Program Files\dotnet\sdk\10.0.201\Sdks\Microsoft.NET.Sdk\targets\Microsoft.PackageDependencyResolution.targets(80,5): message :       ResolvePackageDependenciesForBuild;
       C:\Program Files\dotnet\sdk\10.0.201\Sdks\Microsoft.NET.Sdk\targets\Microsoft.PackageDependencyResolution.targets(80,5): message :       _HandlePackageFileConflicts;
       C:\Program Files\dotnet\sdk\10.0.201\Sdks\Microsoft.NET.Sdk\targets\Microsoft.PackageDependencyResolution.targets(80,5): message :     " (previous value: "
       C:\Program Files\dotnet\sdk\10.0.201\Sdks\Microsoft.NET.Sdk\targets\Microsoft.PackageDependencyResolution.targets(80,5): message :       ResolveProjectReferences;
       C:\Program Files\dotnet\sdk\10.0.201\Sdks\Microsoft.NET.Sdk\targets\Microsoft.PackageDependencyResolution.targets(80,5): message :       FindInvalidProjectReferences;
       C:\Program Files\dotnet\sdk\10.0.201\Sdks\Microsoft.NET.Sdk\targets\Microsoft.PackageDependencyResolution.targets(80,5): message :       GetFrameworkPaths;
       C:\Program Files\dotnet\sdk\10.0.201\Sdks\Microsoft.NET.Sdk\targets\Microsoft.PackageDependencyResolution.targets(80,5): message :       GetReferenceAssemblyPaths;
       C:\Program Files\dotnet\sdk\10.0.201\Sdks\Microsoft.NET.Sdk\targets\Microsoft.PackageDependencyResolution.targets(80,5): message :       PrepareForBuild;
       C:\Program Files\dotnet\sdk\10.0.201\Sdks\Microsoft.NET.Sdk\targets\Microsoft.PackageDependencyResolution.targets(80,5): message :       ResolveSDKReferences;
       C:\Program Files\dotnet\sdk\10.0.201\Sdks\Microsoft.NET.Sdk\targets\Microsoft.PackageDependencyResolution.targets(80,5): message :       ExpandSDKReferences;
       C:\Program Files\dotnet\sdk\10.0.201\Sdks\Microsoft.NET.Sdk\targets\Microsoft.PackageDependencyResolution.targets(80,5): message :     ") at C:\Program Files\dotnet\sdk\10.0.201\Sdks\Microsoft.NET.Sdk\targets\Microsoft.PackageDependencyResolution.targets (80,5)
       C:\Program Files\dotnet\sdk\10.0.201\Sdks\Microsoft.NET.Sdk\targets\Microsoft.PackageDependencyResolution.targets(86,5): message : Property reassignment: $(PrepareResourcesDependsOn)="
       C:\Program Files\dotnet\sdk\10.0.201\Sdks\Microsoft.NET.Sdk\targets\Microsoft.PackageDependencyResolution.targets(86,5): message :       ResolvePackageDependenciesForBuild;
       C:\Program Files\dotnet\sdk\10.0.201\Sdks\Microsoft.NET.Sdk\targets\Microsoft.PackageDependencyResolution.targets(86,5): message :       _HandlePackageFileConflicts;
       C:\Program Files\dotnet\sdk\10.0.201\Sdks\Microsoft.NET.Sdk\targets\Microsoft.PackageDependencyResolution.targets(86,5): message :       
       C:\Program Files\dotnet\sdk\10.0.201\Sdks\Microsoft.NET.Sdk\targets\Microsoft.PackageDependencyResolution.targets(86,5): message :       ;
       C:\Program Files\dotnet\sdk\10.0.201\Sdks\Microsoft.NET.Sdk\targets\Microsoft.PackageDependencyResolution.targets(86,5): message :       PrepareResourceNames;
       C:\Program Files\dotnet\sdk\10.0.201\Sdks\Microsoft.NET.Sdk\targets\Microsoft.PackageDependencyResolution.targets(86,5): message :       ResGen;
       C:\Program Files\dotnet\sdk\10.0.201\Sdks\Microsoft.NET.Sdk\targets\Microsoft.PackageDependencyResolution.targets(86,5): message :       CompileLicxFiles
       C:\Program Files\dotnet\sdk\10.0.201\Sdks\Microsoft.NET.Sdk\targets\Microsoft.PackageDependencyResolution.targets(86,5): message :     
       C:\Program Files\dotnet\sdk\10.0.201\Sdks\Microsoft.NET.Sdk\targets\Microsoft.PackageDependencyResolution.targets(86,5): message :     " (previous value: "
       C:\Program Files\dotnet\sdk\10.0.201\Sdks\Microsoft.NET.Sdk\targets\Microsoft.PackageDependencyResolution.targets(86,5): message :       ;
       C:\Program Files\dotnet\sdk\10.0.201\Sdks\Microsoft.NET.Sdk\targets\Microsoft.PackageDependencyResolution.targets(86,5): message :       PrepareResourceNames;
       C:\Program Files\dotnet\sdk\10.0.201\Sdks\Microsoft.NET.Sdk\targets\Microsoft.PackageDependencyResolution.targets(86,5): message :       ResGen;
       C:\Program Files\dotnet\sdk\10.0.201\Sdks\Microsoft.NET.Sdk\targets\Microsoft.PackageDependencyResolution.targets(86,5): message :       CompileLicxFiles
       C:\Program Files\dotnet\sdk\10.0.201\Sdks\Microsoft.NET.Sdk\targets\Microsoft.PackageDependencyResolution.targets(86,5): message :     ") at C:\Program Files\dotnet\sdk\10.0.201\Sdks\Microsoft.NET.Sdk\targets\Microsoft.PackageDependencyResolution.targets (86,5)
       The "EnableDefaultCompileItems" property is a global property, and cannot be modified.
       The "EnableDefaultEmbeddedResourceItems" property is a global property, and cannot be modified.
       The "EnableDefaultNoneItems" property is a global property, and cannot be modified.
       C:\Program Files\dotnet\sdk\10.0.201\Sdks\Microsoft.NET.Sdk\targets\Microsoft.NET.Sdk.DefaultItems.targets(35,5): message : Property reassignment: $(DefaultItemExcludes)=";bin\Debug\/**;obj\Debug\/**;bin\/**" (previous value: ";bin\Debug\/**;obj\Debug\/**") at C:\Program Files\dotnet\sdk\10.0.201\Sdks\Microsoft.NET.Sdk\targets\Microsoft.NET.Sdk.DefaultItems.targets (35,5)
       C:\Program Files\dotnet\sdk\10.0.201\Sdks\Microsoft.NET.Sdk\targets\Microsoft.NET.Sdk.DefaultItems.targets(37,5): message : Property reassignment: $(DefaultItemExcludes)=";bin\Debug\/**;obj\Debug\/**;bin\/**;obj\/**" (previous value: ";bin\Debug\/**;obj\Debug\/**;bin\/**") at C:\Program Files\dotnet\sdk\10.0.201\Sdks\Microsoft.NET.Sdk\targets\Microsoft.NET.Sdk.DefaultItems.targets (37,5)
       C:\Program Files\dotnet\sdk\10.0.201\Sdks\Microsoft.NET.Sdk\targets\Microsoft.NET.Sdk.DefaultItems.targets(41,5): message : Property reassignment: $(DefaultItemExcludes)=";bin\Debug\/**;obj\Debug\/**;bin\/**;obj\/**;bin\Debug\net10.0\publish\/**" (previous value: ";bin\Debug\/**;obj\Debug\/**;bin\/**;obj\/**") at C:\Program Files\dotnet\sdk\10.0.201\Sdks\Microsoft.NET.Sdk\targets\Microsoft.NET.Sdk.DefaultItems.targets (41,5)
       C:\Program Files\dotnet\sdk\10.0.201\Sdks\Microsoft.NET.Sdk\targets\Microsoft.NET.Sdk.DefaultItems.targets(44,5): message : Property reassignment: $(DefaultItemExcludes)=";bin\Debug\/**;obj\Debug\/**;bin\/**;obj\/**;bin\Debug\net10.0\publish\/**;**/*.user" (previous value: ";bin\Debug\/**;obj\Debug\/**;bin\/**;obj\/**;bin\Debug\net10.0\publish\/**") at C:\Program Files\dotnet\sdk\10.0.201\Sdks\Microsoft.NET.Sdk\targets\Microsoft.NET.Sdk.DefaultItems.targets (44,5)
       C:\Program Files\dotnet\sdk\10.0.201\Sdks\Microsoft.NET.Sdk\targets\Microsoft.NET.Sdk.DefaultItems.targets(45,5): message : Property reassignment: $(DefaultItemExcludes)=";bin\Debug\/**;obj\Debug\/**;bin\/**;obj\/**;bin\Debug\net10.0\publish\/**;**/*.user;**/*.*proj" (previous value: ";bin\Debug\/**;obj\Debug\/**;bin\/**;obj\/**;bin\Debug\net10.0\publish\/**;**/*.user") at C:\Program Files\dotnet\sdk\10.0.201\Sdks\Microsoft.NET.Sdk\targets\Microsoft.NET.Sdk.DefaultItems.targets (45,5)
       C:\Program Files\dotnet\sdk\10.0.201\Sdks\Microsoft.NET.Sdk\targets\Microsoft.NET.Sdk.DefaultItems.targets(46,5): message : Property reassignment: $(DefaultItemExcludes)=";bin\Debug\/**;obj\Debug\/**;bin\/**;obj\/**;bin\Debug\net10.0\publish\/**;**/*.user;**/*.*proj;**/*.sln" (previous value: ";bin\Debug\/**;obj\Debug\/**;bin\/**;obj\/**;bin\Debug\net10.0\publish\/**;**/*.user;**/*.*proj") at C:\Program Files\dotnet\sdk\10.0.201\Sdks\Microsoft.NET.Sdk\targets\Microsoft.NET.Sdk.DefaultItems.targets (46,5)
       C:\Program Files\dotnet\sdk\10.0.201\Sdks\Microsoft.NET.Sdk\targets\Microsoft.NET.Sdk.DefaultItems.targets(47,5): message : Property reassignment: $(DefaultItemExcludes)=";bin\Debug\/**;obj\Debug\/**;bin\/**;obj\/**;bin\Debug\net10.0\publish\/**;**/*.user;**/*.*proj;**/*.sln;**/*.slnx" (previous value: ";bin\Debug\/**;obj\Debug\/**;bin\/**;obj\/**;bin\Debug\net10.0\publish\/**;**/*.user;**/*.*proj;**/*.sln") at C:\Program Files\dotnet\sdk\10.0.201\Sdks\Microsoft.NET.Sdk\targets\Microsoft.NET.Sdk.DefaultItems.targets (47,5)
       C:\Program Files\dotnet\sdk\10.0.201\Sdks\Microsoft.NET.Sdk\targets\Microsoft.NET.Sdk.DefaultItems.targets(48,5): message : Property reassignment: $(DefaultItemExcludes)=";bin\Debug\/**;obj\Debug\/**;bin\/**;obj\/**;bin\Debug\net10.0\publish\/**;**/*.user;**/*.*proj;**/*.sln;**/*.slnx;**/*.vssscc" (previous value: ";bin\Debug\/**;obj\Debug\/**;bin\/**;obj\/**;bin\Debug\net10.0\publish\/**;**/*.user;**/*.*proj;**/*.sln;**/*.slnx") at C:\Program Files\dotnet\sdk\10.0.201\Sdks\Microsoft.NET.Sdk\targets\Microsoft.NET.Sdk.DefaultItems.targets (48,5)
       C:\Program Files\dotnet\sdk\10.0.201\Sdks\Microsoft.NET.Sdk\targets\Microsoft.NET.Sdk.DefaultItems.targets(49,5): message : Property reassignment: $(DefaultItemExcludes)=";bin\Debug\/**;obj\Debug\/**;bin\/**;obj\/**;bin\Debug\net10.0\publish\/**;**/*.user;**/*.*proj;**/*.sln;**/*.slnx;**/*.vssscc;**/.DS_Store" (previous value: ";bin\Debug\/**;obj\Debug\/**;bin\/**;obj\/**;bin\Debug\net10.0\publish\/**;**/*.user;**/*.*proj;**/*.sln;**/*.slnx;**/*.vssscc") at C:\Program Files\dotnet\sdk\10.0.201\Sdks\Microsoft.NET.Sdk\targets\Microsoft.NET.Sdk.DefaultItems.targets (49,5)
       C:\Program Files\dotnet\sdk\10.0.201\Sdks\Microsoft.NET.Sdk\targets\Microsoft.NET.Sdk.FrameworkReferenceResolution.targets(14,5): message : Property reassignment: $(ResolveAssemblyReferencesDependsOn)="
       C:\Program Files\dotnet\sdk\10.0.201\Sdks\Microsoft.NET.Sdk\targets\Microsoft.NET.Sdk.FrameworkReferenceResolution.targets(14,5): message :       
       C:\Program Files\dotnet\sdk\10.0.201\Sdks\Microsoft.NET.Sdk\targets\Microsoft.NET.Sdk.FrameworkReferenceResolution.targets(14,5): message :       
       C:\Program Files\dotnet\sdk\10.0.201\Sdks\Microsoft.NET.Sdk\targets\Microsoft.NET.Sdk.FrameworkReferenceResolution.targets(14,5): message :       ResolveProjectReferences;
       C:\Program Files\dotnet\sdk\10.0.201\Sdks\Microsoft.NET.Sdk\targets\Microsoft.NET.Sdk.FrameworkReferenceResolution.targets(14,5): message :       FindInvalidProjectReferences;
       C:\Program Files\dotnet\sdk\10.0.201\Sdks\Microsoft.NET.Sdk\targets\Microsoft.NET.Sdk.FrameworkReferenceResolution.targets(14,5): message :       GetFrameworkPaths;
       C:\Program Files\dotnet\sdk\10.0.201\Sdks\Microsoft.NET.Sdk\targets\Microsoft.NET.Sdk.FrameworkReferenceResolution.targets(14,5): message :       GetReferenceAssemblyPaths;
       C:\Program Files\dotnet\sdk\10.0.201\Sdks\Microsoft.NET.Sdk\targets\Microsoft.NET.Sdk.FrameworkReferenceResolution.targets(14,5): message :       PrepareForBuild;
       C:\Program Files\dotnet\sdk\10.0.201\Sdks\Microsoft.NET.Sdk\targets\Microsoft.NET.Sdk.FrameworkReferenceResolution.targets(14,5): message :       ResolveSDKReferences;
       C:\Program Files\dotnet\sdk\10.0.201\Sdks\Microsoft.NET.Sdk\targets\Microsoft.NET.Sdk.FrameworkReferenceResolution.targets(14,5): message :       ExpandSDKReferences;
       C:\Program Files\dotnet\sdk\10.0.201\Sdks\Microsoft.NET.Sdk\targets\Microsoft.NET.Sdk.FrameworkReferenceResolution.targets(14,5): message :     ;
       C:\Program Files\dotnet\sdk\10.0.201\Sdks\Microsoft.NET.Sdk\targets\Microsoft.NET.Sdk.FrameworkReferenceResolution.targets(14,5): message :       ResolvePackageDependenciesForBuild;
       C:\Program Files\dotnet\sdk\10.0.201\Sdks\Microsoft.NET.Sdk\targets\Microsoft.NET.Sdk.FrameworkReferenceResolution.targets(14,5): message :       _HandlePackageFileConflicts;
       C:\Program Files\dotnet\sdk\10.0.201\Sdks\Microsoft.NET.Sdk\targets\Microsoft.NET.Sdk.FrameworkReferenceResolution.targets(14,5): message :     ;
       C:\Program Files\dotnet\sdk\10.0.201\Sdks\Microsoft.NET.Sdk\targets\Microsoft.NET.Sdk.FrameworkReferenceResolution.targets(14,5): message :       ResolveTargetingPackAssets;
       C:\Program Files\dotnet\sdk\10.0.201\Sdks\Microsoft.NET.Sdk\targets\Microsoft.NET.Sdk.FrameworkReferenceResolution.targets(14,5): message :     " (previous value: "
       C:\Program Files\dotnet\sdk\10.0.201\Sdks\Microsoft.NET.Sdk\targets\Microsoft.NET.Sdk.FrameworkReferenceResolution.targets(14,5): message :       
       C:\Program Files\dotnet\sdk\10.0.201\Sdks\Microsoft.NET.Sdk\targets\Microsoft.NET.Sdk.FrameworkReferenceResolution.targets(14,5): message :       ResolveProjectReferences;
       C:\Program Files\dotnet\sdk\10.0.201\Sdks\Microsoft.NET.Sdk\targets\Microsoft.NET.Sdk.FrameworkReferenceResolution.targets(14,5): message :       FindInvalidProjectReferences;
       C:\Program Files\dotnet\sdk\10.0.201\Sdks\Microsoft.NET.Sdk\targets\Microsoft.NET.Sdk.FrameworkReferenceResolution.targets(14,5): message :       GetFrameworkPaths;
       C:\Program Files\dotnet\sdk\10.0.201\Sdks\Microsoft.NET.Sdk\targets\Microsoft.NET.Sdk.FrameworkReferenceResolution.targets(14,5): message :       GetReferenceAssemblyPaths;
       C:\Program Files\dotnet\sdk\10.0.201\Sdks\Microsoft.NET.Sdk\targets\Microsoft.NET.Sdk.FrameworkReferenceResolution.targets(14,5): message :       PrepareForBuild;
       C:\Program Files\dotnet\sdk\10.0.201\Sdks\Microsoft.NET.Sdk\targets\Microsoft.NET.Sdk.FrameworkReferenceResolution.targets(14,5): message :       ResolveSDKReferences;
       C:\Program Files\dotnet\sdk\10.0.201\Sdks\Microsoft.NET.Sdk\targets\Microsoft.NET.Sdk.FrameworkReferenceResolution.targets(14,5): message :       ExpandSDKReferences;
       C:\Program Files\dotnet\sdk\10.0.201\Sdks\Microsoft.NET.Sdk\targets\Microsoft.NET.Sdk.FrameworkReferenceResolution.targets(14,5): message :     ;
       C:\Program Files\dotnet\sdk\10.0.201\Sdks\Microsoft.NET.Sdk\targets\Microsoft.NET.Sdk.FrameworkReferenceResolution.targets(14,5): message :       ResolvePackageDependenciesForBuild;
       C:\Program Files\dotnet\sdk\10.0.201\Sdks\Microsoft.NET.Sdk\targets\Microsoft.NET.Sdk.FrameworkReferenceResolution.targets(14,5): message :       _HandlePackageFileConflicts;
       C:\Program Files\dotnet\sdk\10.0.201\Sdks\Microsoft.NET.Sdk\targets\Microsoft.NET.Sdk.FrameworkReferenceResolution.targets(14,5): message :     ") at C:\Program Files\dotnet\sdk\10.0.201\Sdks\Microsoft.NET.Sdk\targets\Microsoft.NET.Sdk.FrameworkReferenceResolution.targets (14,5)
       C:\Program Files\dotnet\sdk\10.0.201\Sdks\Microsoft.NET.Sdk\targets\Microsoft.NET.Sdk.targets(44,5): message : Property reassignment: $(_GenerateRuntimeConfigurationPropertyInputsCache)="C:\Users\chuck\scratch\ETL-SQL\src\ETL-SQL.Engine\obj\Debug\net10.0\ETL-SQL.Engine.genruntimeconfig.cache" (previous value: "obj\Debug\net10.0\ETL-SQL.Engine.genruntimeconfig.cache") at C:\Program Files\dotnet\sdk\10.0.201\Sdks\Microsoft.NET.Sdk\targets\Microsoft.NET.Sdk.targets (44,5)
       C:\Program Files\dotnet\sdk\10.0.201\Sdks\Microsoft.NET.Sdk\targets\Microsoft.NET.Sdk.targets(46,5): message : Property reassignment: $(_GeneratePublishDependencyFilePropertyInputsCache)="C:\Users\chuck\scratch\ETL-SQL\src\ETL-SQL.Engine\obj\Debug\net10.0\ETL-SQL.Engine.genpublishdeps.cache" (previous value: "obj\Debug\net10.0\ETL-SQL.Engine.genpublishdeps.cache") at C:\Program Files\dotnet\sdk\10.0.201\Sdks\Microsoft.NET.Sdk\targets\Microsoft.NET.Sdk.targets (46,5)
       C:\Program Files\dotnet\sdk\10.0.201\Sdks\Microsoft.NET.Sdk\targets\Microsoft.NET.Sdk.targets(48,5): message : Property reassignment: $(_GenerateSingleFileBundlePropertyInputsCache)="C:\Users\chuck\scratch\ETL-SQL\src\ETL-SQL.Engine\obj\Debug\net10.0\ETL-SQL.Engine.genbundle.cache" (previous value: "obj\Debug\net10.0\ETL-SQL.Engine.genbundle.cache") at C:\Program Files\dotnet\sdk\10.0.201\Sdks\Microsoft.NET.Sdk\targets\Microsoft.NET.Sdk.targets (48,5)
       C:\Program Files\dotnet\sdk\10.0.201\Sdks\Microsoft.NET.Sdk\targets\Microsoft.NET.Sdk.targets(81,5): message : Property reassignment: $(GenerateRuntimeConfigDevFile)="false" (previous value: "true") at C:\Program Files\dotnet\sdk\10.0.201\Sdks\Microsoft.NET.Sdk\targets\Microsoft.NET.Sdk.targets (81,5)
       C:\Program Files\dotnet\sdk\10.0.201\Sdks\Microsoft.NET.Sdk\targets\Microsoft.NET.Sdk.targets(98,5): message : Property 'USERPROFILE' with value 'C:\Users\chuck' expanded from the environment.
       C:\Program Files\dotnet\sdk\10.0.201\Sdks\Microsoft.NET.Sdk\targets\Microsoft.NET.Sdk.targets(98,5): message : Property reassignment: $(_DefaultUserProfileRuntimeStorePath)="C:\Users\chuck" (previous value: "") at C:\Program Files\dotnet\sdk\10.0.201\Sdks\Microsoft.NET.Sdk\targets\Microsoft.NET.Sdk.targets (98,5)
       C:\Program Files\dotnet\sdk\10.0.201\Sdks\Microsoft.NET.Sdk\targets\Microsoft.NET.Sdk.targets(99,5): message : Property reassignment: $(_DefaultUserProfileRuntimeStorePath)="C:\Users\chuck\.dotnet\store" (previous value: "C:\Users\chuck") at C:\Program Files\dotnet\sdk\10.0.201\Sdks\Microsoft.NET.Sdk\targets\Microsoft.NET.Sdk.targets (99,5)
       C:\Program Files\dotnet\sdk\10.0.201\Sdks\Microsoft.NET.Sdk\targets\Microsoft.NET.Sdk.targets(144,5): message : Property reassignment: $(AvailablePlatforms)="Any CPU,x86,x64,ARM32" (previous value: "Any CPU,x86,x64") at C:\Program Files\dotnet\sdk\10.0.201\Sdks\Microsoft.NET.Sdk\targets\Microsoft.NET.Sdk.targets (144,5)
       C:\Program Files\dotnet\sdk\10.0.201\Sdks\Microsoft.NET.Sdk\targets\Microsoft.NET.Sdk.targets(148,5): message : Property reassignment: $(AvailablePlatforms)="Any CPU,x86,x64,ARM32,ARM64" (previous value: "Any CPU,x86,x64,ARM32") at C:\Program Files\dotnet\sdk\10.0.201\Sdks\Microsoft.NET.Sdk\targets\Microsoft.NET.Sdk.targets (148,5)
       C:\Program Files\dotnet\sdk\10.0.201\Sdks\Microsoft.NET.Sdk\targets\Microsoft.NET.Sdk.targets(204,5): message : Property reassignment: $(CoreBuildDependsOn)="
       C:\Program Files\dotnet\sdk\10.0.201\Sdks\Microsoft.NET.Sdk\targets\Microsoft.NET.Sdk.targets(204,5): message :       _CheckForBuildWithNoBuild;
       C:\Program Files\dotnet\sdk\10.0.201\Sdks\Microsoft.NET.Sdk\targets\Microsoft.NET.Sdk.targets(204,5): message :       
       C:\Program Files\dotnet\sdk\10.0.201\Sdks\Microsoft.NET.Sdk\targets\Microsoft.NET.Sdk.targets(204,5): message :       BuildOnlySettings;
       C:\Program Files\dotnet\sdk\10.0.201\Sdks\Microsoft.NET.Sdk\targets\Microsoft.NET.Sdk.targets(204,5): message :       PrepareForBuild;
       C:\Program Files\dotnet\sdk\10.0.201\Sdks\Microsoft.NET.Sdk\targets\Microsoft.NET.Sdk.targets(204,5): message :       PreBuildEvent;
       C:\Program Files\dotnet\sdk\10.0.201\Sdks\Microsoft.NET.Sdk\targets\Microsoft.NET.Sdk.targets(204,5): message :       ResolveReferences;
       C:\Program Files\dotnet\sdk\10.0.201\Sdks\Microsoft.NET.Sdk\targets\Microsoft.NET.Sdk.targets(204,5): message :       PrepareResources;
       C:\Program Files\dotnet\sdk\10.0.201\Sdks\Microsoft.NET.Sdk\targets\Microsoft.NET.Sdk.targets(204,5): message :       ResolveKeySource;
       C:\Program Files\dotnet\sdk\10.0.201\Sdks\Microsoft.NET.Sdk\targets\Microsoft.NET.Sdk.targets(204,5): message :       Compile;
       C:\Program Files\dotnet\sdk\10.0.201\Sdks\Microsoft.NET.Sdk\targets\Microsoft.NET.Sdk.targets(204,5): message :       ExportWindowsMDFile;
       C:\Program Files\dotnet\sdk\10.0.201\Sdks\Microsoft.NET.Sdk\targets\Microsoft.NET.Sdk.targets(204,5): message :       UnmanagedUnregistration;
       C:\Program Files\dotnet\sdk\10.0.201\Sdks\Microsoft.NET.Sdk\targets\Microsoft.NET.Sdk.targets(204,5): message :       GenerateSerializationAssemblies;
       C:\Program Files\dotnet\sdk\10.0.201\Sdks\Microsoft.NET.Sdk\targets\Microsoft.NET.Sdk.targets(204,5): message :       CreateSatelliteAssemblies;
       C:\Program Files\dotnet\sdk\10.0.201\Sdks\Microsoft.NET.Sdk\targets\Microsoft.NET.Sdk.targets(204,5): message :       GenerateManifests;
       C:\Program Files\dotnet\sdk\10.0.201\Sdks\Microsoft.NET.Sdk\targets\Microsoft.NET.Sdk.targets(204,5): message :       GetTargetPath;
       C:\Program Files\dotnet\sdk\10.0.201\Sdks\Microsoft.NET.Sdk\targets\Microsoft.NET.Sdk.targets(204,5): message :       PrepareForRun;
       C:\Program Files\dotnet\sdk\10.0.201\Sdks\Microsoft.NET.Sdk\targets\Microsoft.NET.Sdk.targets(204,5): message :       UnmanagedRegistration;
       C:\Program Files\dotnet\sdk\10.0.201\Sdks\Microsoft.NET.Sdk\targets\Microsoft.NET.Sdk.targets(204,5): message :       IncrementalClean;
       C:\Program Files\dotnet\sdk\10.0.201\Sdks\Microsoft.NET.Sdk\targets\Microsoft.NET.Sdk.targets(204,5): message :       PostBuildEvent
       C:\Program Files\dotnet\sdk\10.0.201\Sdks\Microsoft.NET.Sdk\targets\Microsoft.NET.Sdk.targets(204,5): message :     ;
       C:\Program Files\dotnet\sdk\10.0.201\Sdks\Microsoft.NET.Sdk\targets\Microsoft.NET.Sdk.targets(204,5): message :       GenerateBuildDependencyFile;
       C:\Program Files\dotnet\sdk\10.0.201\Sdks\Microsoft.NET.Sdk\targets\Microsoft.NET.Sdk.targets(204,5): message :       GenerateBuildRuntimeConfigurationFiles
       C:\Program Files\dotnet\sdk\10.0.201\Sdks\Microsoft.NET.Sdk\targets\Microsoft.NET.Sdk.targets(204,5): message :     " (previous value: "
       C:\Program Files\dotnet\sdk\10.0.201\Sdks\Microsoft.NET.Sdk\targets\Microsoft.NET.Sdk.targets(204,5): message :       BuildOnlySettings;
       C:\Program Files\dotnet\sdk\10.0.201\Sdks\Microsoft.NET.Sdk\targets\Microsoft.NET.Sdk.targets(204,5): message :       PrepareForBuild;
       C:\Program Files\dotnet\sdk\10.0.201\Sdks\Microsoft.NET.Sdk\targets\Microsoft.NET.Sdk.targets(204,5): message :       PreBuildEvent;
       C:\Program Files\dotnet\sdk\10.0.201\Sdks\Microsoft.NET.Sdk\targets\Microsoft.NET.Sdk.targets(204,5): message :       ResolveReferences;
       C:\Program Files\dotnet\sdk\10.0.201\Sdks\Microsoft.NET.Sdk\targets\Microsoft.NET.Sdk.targets(204,5): message :       PrepareResources;
       C:\Program Files\dotnet\sdk\10.0.201\Sdks\Microsoft.NET.Sdk\targets\Microsoft.NET.Sdk.targets(204,5): message :       ResolveKeySource;
       C:\Program Files\dotnet\sdk\10.0.201\Sdks\Microsoft.NET.Sdk\targets\Microsoft.NET.Sdk.targets(204,5): message :       Compile;
       C:\Program Files\dotnet\sdk\10.0.201\Sdks\Microsoft.NET.Sdk\targets\Microsoft.NET.Sdk.targets(204,5): message :       ExportWindowsMDFile;
       C:\Program Files\dotnet\sdk\10.0.201\Sdks\Microsoft.NET.Sdk\targets\Microsoft.NET.Sdk.targets(204,5): message :       UnmanagedUnregistration;
       C:\Program Files\dotnet\sdk\10.0.201\Sdks\Microsoft.NET.Sdk\targets\Microsoft.NET.Sdk.targets(204,5): message :       GenerateSerializationAssemblies;
       C:\Program Files\dotnet\sdk\10.0.201\Sdks\Microsoft.NET.Sdk\targets\Microsoft.NET.Sdk.targets(204,5): message :       CreateSatelliteAssemblies;
       C:\Program Files\dotnet\sdk\10.0.201\Sdks\Microsoft.NET.Sdk\targets\Microsoft.NET.Sdk.targets(204,5): message :       GenerateManifests;
       C:\Program Files\dotnet\sdk\10.0.201\Sdks\Microsoft.NET.Sdk\targets\Microsoft.NET.Sdk.targets(204,5): message :       GetTargetPath;
       C:\Program Files\dotnet\sdk\10.0.201\Sdks\Microsoft.NET.Sdk\targets\Microsoft.NET.Sdk.targets(204,5): message :       PrepareForRun;
       C:\Program Files\dotnet\sdk\10.0.201\Sdks\Microsoft.NET.Sdk\targets\Microsoft.NET.Sdk.targets(204,5): message :       UnmanagedRegistration;
       C:\Program Files\dotnet\sdk\10.0.201\Sdks\Microsoft.NET.Sdk\targets\Microsoft.NET.Sdk.targets(204,5): message :       IncrementalClean;
       C:\Program Files\dotnet\sdk\10.0.201\Sdks\Microsoft.NET.Sdk\targets\Microsoft.NET.Sdk.targets(204,5): message :       PostBuildEvent
       C:\Program Files\dotnet\sdk\10.0.201\Sdks\Microsoft.NET.Sdk\targets\Microsoft.NET.Sdk.targets(204,5): message :     ") at C:\Program Files\dotnet\sdk\10.0.201\Sdks\Microsoft.NET.Sdk\targets\Microsoft.NET.Sdk.targets (204,5)
       C:\Program Files\dotnet\sdk\10.0.201\Sdks\Microsoft.NET.Sdk\targets\Microsoft.NET.Sdk.targets(213,5): message : Property reassignment: $(CoreCleanDependsOn)="
       C:\Program Files\dotnet\sdk\10.0.201\Sdks\Microsoft.NET.Sdk\targets\Microsoft.NET.Sdk.targets(213,5): message :       _SdkBeforeClean;
       C:\Program Files\dotnet\sdk\10.0.201\Sdks\Microsoft.NET.Sdk\targets\Microsoft.NET.Sdk.targets(213,5): message :       
       C:\Program Files\dotnet\sdk\10.0.201\Sdks\Microsoft.NET.Sdk\targets\Microsoft.NET.Sdk.targets(213,5): message :     " (previous value: "") at C:\Program Files\dotnet\sdk\10.0.201\Sdks\Microsoft.NET.Sdk\targets\Microsoft.NET.Sdk.targets (213,5)
       C:\Program Files\dotnet\sdk\10.0.201\Sdks\Microsoft.NET.Sdk\targets\Microsoft.NET.Sdk.targets(220,5): message : Property reassignment: $(RebuildDependsOn)="
       C:\Program Files\dotnet\sdk\10.0.201\Sdks\Microsoft.NET.Sdk\targets\Microsoft.NET.Sdk.targets(220,5): message :       _SdkBeforeRebuild;
       C:\Program Files\dotnet\sdk\10.0.201\Sdks\Microsoft.NET.Sdk\targets\Microsoft.NET.Sdk.targets(220,5): message :       
       C:\Program Files\dotnet\sdk\10.0.201\Sdks\Microsoft.NET.Sdk\targets\Microsoft.NET.Sdk.targets(220,5): message :       BeforeRebuild;
       C:\Program Files\dotnet\sdk\10.0.201\Sdks\Microsoft.NET.Sdk\targets\Microsoft.NET.Sdk.targets(220,5): message :       Clean;
       C:\Program Files\dotnet\sdk\10.0.201\Sdks\Microsoft.NET.Sdk\targets\Microsoft.NET.Sdk.targets(220,5): message :       Build;
       C:\Program Files\dotnet\sdk\10.0.201\Sdks\Microsoft.NET.Sdk\targets\Microsoft.NET.Sdk.targets(220,5): message :       AfterRebuild;
       C:\Program Files\dotnet\sdk\10.0.201\Sdks\Microsoft.NET.Sdk\targets\Microsoft.NET.Sdk.targets(220,5): message :     
       C:\Program Files\dotnet\sdk\10.0.201\Sdks\Microsoft.NET.Sdk\targets\Microsoft.NET.Sdk.targets(220,5): message :     " (previous value: "
       C:\Program Files\dotnet\sdk\10.0.201\Sdks\Microsoft.NET.Sdk\targets\Microsoft.NET.Sdk.targets(220,5): message :       BeforeRebuild;
       C:\Program Files\dotnet\sdk\10.0.201\Sdks\Microsoft.NET.Sdk\targets\Microsoft.NET.Sdk.targets(220,5): message :       Clean;
       C:\Program Files\dotnet\sdk\10.0.201\Sdks\Microsoft.NET.Sdk\targets\Microsoft.NET.Sdk.targets(220,5): message :       Build;
       C:\Program Files\dotnet\sdk\10.0.201\Sdks\Microsoft.NET.Sdk\targets\Microsoft.NET.Sdk.targets(220,5): message :       AfterRebuild;
       C:\Program Files\dotnet\sdk\10.0.201\Sdks\Microsoft.NET.Sdk\targets\Microsoft.NET.Sdk.targets(220,5): message :     ") at C:\Program Files\dotnet\sdk\10.0.201\Sdks\Microsoft.NET.Sdk\targets\Microsoft.NET.Sdk.targets (220,5)
       C:\Program Files\dotnet\sdk\10.0.201\Sdks\Microsoft.NET.Sdk\targets\Microsoft.NET.Sdk.targets(799,5): message : Property reassignment: $(CompileDependsOn)="
       C:\Program Files\dotnet\sdk\10.0.201\Sdks\Microsoft.NET.Sdk\targets\Microsoft.NET.Sdk.targets(799,5): message :       
       C:\Program Files\dotnet\sdk\10.0.201\Sdks\Microsoft.NET.Sdk\targets\Microsoft.NET.Sdk.targets(799,5): message :       ResolveReferences;
       C:\Program Files\dotnet\sdk\10.0.201\Sdks\Microsoft.NET.Sdk\targets\Microsoft.NET.Sdk.targets(799,5): message :       ResolveKeySource;
       C:\Program Files\dotnet\sdk\10.0.201\Sdks\Microsoft.NET.Sdk\targets\Microsoft.NET.Sdk.targets(799,5): message :       SetWin32ManifestProperties;
       C:\Program Files\dotnet\sdk\10.0.201\Sdks\Microsoft.NET.Sdk\targets\Microsoft.NET.Sdk.targets(799,5): message :       _SetPreferNativeArm64Win32ManifestProperties;
       C:\Program Files\dotnet\sdk\10.0.201\Sdks\Microsoft.NET.Sdk\targets\Microsoft.NET.Sdk.targets(799,5): message :       FindReferenceAssembliesForReferences;
       C:\Program Files\dotnet\sdk\10.0.201\Sdks\Microsoft.NET.Sdk\targets\Microsoft.NET.Sdk.targets(799,5): message :       _GenerateCompileInputs;
       C:\Program Files\dotnet\sdk\10.0.201\Sdks\Microsoft.NET.Sdk\targets\Microsoft.NET.Sdk.targets(799,5): message :       BeforeCompile;
       C:\Program Files\dotnet\sdk\10.0.201\Sdks\Microsoft.NET.Sdk\targets\Microsoft.NET.Sdk.targets(799,5): message :       _TimeStampBeforeCompile;
       C:\Program Files\dotnet\sdk\10.0.201\Sdks\Microsoft.NET.Sdk\targets\Microsoft.NET.Sdk.targets(799,5): message :       _GenerateCompileDependencyCache;
       C:\Program Files\dotnet\sdk\10.0.201\Sdks\Microsoft.NET.Sdk\targets\Microsoft.NET.Sdk.targets(799,5): message :       CoreCompile;
       C:\Program Files\dotnet\sdk\10.0.201\Sdks\Microsoft.NET.Sdk\targets\Microsoft.NET.Sdk.targets(799,5): message :       _TimeStampAfterCompile;
       C:\Program Files\dotnet\sdk\10.0.201\Sdks\Microsoft.NET.Sdk\targets\Microsoft.NET.Sdk.targets(799,5): message :       AfterCompile;
       C:\Program Files\dotnet\sdk\10.0.201\Sdks\Microsoft.NET.Sdk\targets\Microsoft.NET.Sdk.targets(799,5): message :     ;
       C:\Program Files\dotnet\sdk\10.0.201\Sdks\Microsoft.NET.Sdk\targets\Microsoft.NET.Sdk.targets(799,5): message :       _CreateAppHost;
       C:\Program Files\dotnet\sdk\10.0.201\Sdks\Microsoft.NET.Sdk\targets\Microsoft.NET.Sdk.targets(799,5): message :       _CreateComHost;
       C:\Program Files\dotnet\sdk\10.0.201\Sdks\Microsoft.NET.Sdk\targets\Microsoft.NET.Sdk.targets(799,5): message :       _GetIjwHostPaths;
       C:\Program Files\dotnet\sdk\10.0.201\Sdks\Microsoft.NET.Sdk\targets\Microsoft.NET.Sdk.targets(799,5): message :     " (previous value: "
       C:\Program Files\dotnet\sdk\10.0.201\Sdks\Microsoft.NET.Sdk\targets\Microsoft.NET.Sdk.targets(799,5): message :       ResolveReferences;
       C:\Program Files\dotnet\sdk\10.0.201\Sdks\Microsoft.NET.Sdk\targets\Microsoft.NET.Sdk.targets(799,5): message :       ResolveKeySource;
       C:\Program Files\dotnet\sdk\10.0.201\Sdks\Microsoft.NET.Sdk\targets\Microsoft.NET.Sdk.targets(799,5): message :       SetWin32ManifestProperties;
       C:\Program Files\dotnet\sdk\10.0.201\Sdks\Microsoft.NET.Sdk\targets\Microsoft.NET.Sdk.targets(799,5): message :       _SetPreferNativeArm64Win32ManifestProperties;
       C:\Program Files\dotnet\sdk\10.0.201\Sdks\Microsoft.NET.Sdk\targets\Microsoft.NET.Sdk.targets(799,5): message :       FindReferenceAssembliesForReferences;
       C:\Program Files\dotnet\sdk\10.0.201\Sdks\Microsoft.NET.Sdk\targets\Microsoft.NET.Sdk.targets(799,5): message :       _GenerateCompileInputs;
       C:\Program Files\dotnet\sdk\10.0.201\Sdks\Microsoft.NET.Sdk\targets\Microsoft.NET.Sdk.targets(799,5): message :       BeforeCompile;
       C:\Program Files\dotnet\sdk\10.0.201\Sdks\Microsoft.NET.Sdk\targets\Microsoft.NET.Sdk.targets(799,5): message :       _TimeStampBeforeCompile;
       C:\Program Files\dotnet\sdk\10.0.201\Sdks\Microsoft.NET.Sdk\targets\Microsoft.NET.Sdk.targets(799,5): message :       _GenerateCompileDependencyCache;
       C:\Program Files\dotnet\sdk\10.0.201\Sdks\Microsoft.NET.Sdk\targets\Microsoft.NET.Sdk.targets(799,5): message :       CoreCompile;
       C:\Program Files\dotnet\sdk\10.0.201\Sdks\Microsoft.NET.Sdk\targets\Microsoft.NET.Sdk.targets(799,5): message :       _TimeStampAfterCompile;
       C:\Program Files\dotnet\sdk\10.0.201\Sdks\Microsoft.NET.Sdk\targets\Microsoft.NET.Sdk.targets(799,5): message :       AfterCompile;
       C:\Program Files\dotnet\sdk\10.0.201\Sdks\Microsoft.NET.Sdk\targets\Microsoft.NET.Sdk.targets(799,5): message :     ") at C:\Program Files\dotnet\sdk\10.0.201\Sdks\Microsoft.NET.Sdk\targets\Microsoft.NET.Sdk.targets (799,5)
       C:\Program Files\dotnet\sdk\10.0.201\Sdks\Microsoft.NET.Sdk\targets\Microsoft.NET.Sdk.targets(1131,5): message : Property reassignment: $(CreateSatelliteAssembliesDependsOn)="
       C:\Program Files\dotnet\sdk\10.0.201\Sdks\Microsoft.NET.Sdk\targets\Microsoft.NET.Sdk.targets(1131,5): message :       
       C:\Program Files\dotnet\sdk\10.0.201\Sdks\Microsoft.NET.Sdk\targets\Microsoft.NET.Sdk.targets(1131,5): message :       ;
       C:\Program Files\dotnet\sdk\10.0.201\Sdks\Microsoft.NET.Sdk\targets\Microsoft.NET.Sdk.targets(1131,5): message :       _GenerateSatelliteAssemblyInputs;
       C:\Program Files\dotnet\sdk\10.0.201\Sdks\Microsoft.NET.Sdk\targets\Microsoft.NET.Sdk.targets(1131,5): message :       ComputeIntermediateSatelliteAssemblies;
       C:\Program Files\dotnet\sdk\10.0.201\Sdks\Microsoft.NET.Sdk\targets\Microsoft.NET.Sdk.targets(1131,5): message :       GenerateSatelliteAssemblies
       C:\Program Files\dotnet\sdk\10.0.201\Sdks\Microsoft.NET.Sdk\targets\Microsoft.NET.Sdk.targets(1131,5): message :     ;
       C:\Program Files\dotnet\sdk\10.0.201\Sdks\Microsoft.NET.Sdk\targets\Microsoft.NET.Sdk.targets(1131,5): message :       CoreGenerateSatelliteAssemblies
       C:\Program Files\dotnet\sdk\10.0.201\Sdks\Microsoft.NET.Sdk\targets\Microsoft.NET.Sdk.targets(1131,5): message :     " (previous value: "
       C:\Program Files\dotnet\sdk\10.0.201\Sdks\Microsoft.NET.Sdk\targets\Microsoft.NET.Sdk.targets(1131,5): message :       ;
       C:\Program Files\dotnet\sdk\10.0.201\Sdks\Microsoft.NET.Sdk\targets\Microsoft.NET.Sdk.targets(1131,5): message :       _GenerateSatelliteAssemblyInputs;
       C:\Program Files\dotnet\sdk\10.0.201\Sdks\Microsoft.NET.Sdk\targets\Microsoft.NET.Sdk.targets(1131,5): message :       ComputeIntermediateSatelliteAssemblies;
       C:\Program Files\dotnet\sdk\10.0.201\Sdks\Microsoft.NET.Sdk\targets\Microsoft.NET.Sdk.targets(1131,5): message :       GenerateSatelliteAssemblies
       C:\Program Files\dotnet\sdk\10.0.201\Sdks\Microsoft.NET.Sdk\targets\Microsoft.NET.Sdk.targets(1131,5): message :     ") at C:\Program Files\dotnet\sdk\10.0.201\Sdks\Microsoft.NET.Sdk\targets\Microsoft.NET.Sdk.targets (1131,5)
       C:\Program Files\dotnet\sdk\10.0.201\Sdks\Microsoft.SourceLink.GitLab\build\Microsoft.SourceLink.GitLab.targets(12,5): message : Property reassignment: $(SourceLinkUrlInitializerTargets)=";_InitializeGitHubSourceLinkUrl;_InitializeGitLabSourceLinkUrl" (previous value: ";_InitializeGitHubSourceLinkUrl") at C:\Program Files\dotnet\sdk\10.0.201\Sdks\Microsoft.SourceLink.GitLab\build\Microsoft.SourceLink.GitLab.targets (12,5)
       C:\Program Files\dotnet\sdk\10.0.201\Sdks\Microsoft.SourceLink.GitLab\build\Microsoft.SourceLink.GitLab.targets(13,5): message : Property reassignment: $(SourceControlManagerUrlTranslationTargets)=";TranslateGitHubUrlsInSourceControlInformation;TranslateGitLabUrlsInSourceControlInformation" (previous value: ";TranslateGitHubUrlsInSourceControlInformation") at C:\Program Files\dotnet\sdk\10.0.201\Sdks\Microsoft.SourceLink.GitLab\build\Microsoft.SourceLink.GitLab.targets (13,5)
       C:\Program Files\dotnet\sdk\10.0.201\Sdks\Microsoft.SourceLink.AzureRepos.Git\build\Microsoft.SourceLink.AzureRepos.Git.targets(12,5): message : Property reassignment: $(SourceLinkUrlInitializerTargets)=";_InitializeGitHubSourceLinkUrl;_InitializeGitLabSourceLinkUrl;_InitializeAzureReposGitSourceLinkUrl" (previous value: ";_InitializeGitHubSourceLinkUrl;_InitializeGitLabSourceLinkUrl") at C:\Program Files\dotnet\sdk\10.0.201\Sdks\Microsoft.SourceLink.AzureRepos.Git\build\Microsoft.SourceLink.AzureRepos.Git.targets (12,5)
       C:\Program Files\dotnet\sdk\10.0.201\Sdks\Microsoft.SourceLink.AzureRepos.Git\build\Microsoft.SourceLink.AzureRepos.Git.targets(13,5): message : Property reassignment: $(SourceControlManagerUrlTranslationTargets)=";TranslateGitHubUrlsInSourceControlInformation;TranslateGitLabUrlsInSourceControlInformation;TranslateAzureReposGitUrlsInSourceControlInformation" (previous value: ";TranslateGitHubUrlsInSourceControlInformation;TranslateGitLabUrlsInSourceControlInformation") at C:\Program Files\dotnet\sdk\10.0.201\Sdks\Microsoft.SourceLink.AzureRepos.Git\build\Microsoft.SourceLink.AzureRepos.Git.targets (13,5)
       C:\Program Files\dotnet\sdk\10.0.201\Sdks\Microsoft.SourceLink.Bitbucket.Git\build\Microsoft.SourceLink.Bitbucket.Git.targets(12,5): message : Property reassignment: $(SourceLinkUrlInitializerTargets)=";_InitializeGitHubSourceLinkUrl;_InitializeGitLabSourceLinkUrl;_InitializeAzureReposGitSourceLinkUrl;_InitializeBitbucketGitSourceLinkUrl" (previous value: ";_InitializeGitHubSourceLinkUrl;_InitializeGitLabSourceLinkUrl;_InitializeAzureReposGitSourceLinkUrl") at C:\Program Files\dotnet\sdk\10.0.201\Sdks\Microsoft.SourceLink.Bitbucket.Git\build\Microsoft.SourceLink.Bitbucket.Git.targets (12,5)
       C:\Program Files\dotnet\sdk\10.0.201\Sdks\Microsoft.SourceLink.Bitbucket.Git\build\Microsoft.SourceLink.Bitbucket.Git.targets(13,5): message : Property reassignment: $(SourceControlManagerUrlTranslationTargets)=";TranslateGitHubUrlsInSourceControlInformation;TranslateGitLabUrlsInSourceControlInformation;TranslateAzureReposGitUrlsInSourceControlInformation;TranslateBitbucketGitUrlsInSourceControlInformation" (previous value: ";TranslateGitHubUrlsInSourceControlInformation;TranslateGitLabUrlsInSourceControlInformation;TranslateAzureReposGitUrlsInSourceControlInformation") at C:\Program Files\dotnet\sdk\10.0.201\Sdks\Microsoft.SourceLink.Bitbucket.Git\build\Microsoft.SourceLink.Bitbucket.Git.targets (13,5)
       C:\Program Files\dotnet\sdk\10.0.201\Sdks\Microsoft.NET.Sdk\targets\Microsoft.NET.DesignerSupport.targets(21,5): message : Property reassignment: $(DesignerRuntimeImplementationProjectOutputGroupDependsOn)="
       C:\Program Files\dotnet\sdk\10.0.201\Sdks\Microsoft.NET.Sdk\targets\Microsoft.NET.DesignerSupport.targets(21,5): message :       
       C:\Program Files\dotnet\sdk\10.0.201\Sdks\Microsoft.NET.Sdk\targets\Microsoft.NET.DesignerSupport.targets(21,5): message :       ;
       C:\Program Files\dotnet\sdk\10.0.201\Sdks\Microsoft.NET.Sdk\targets\Microsoft.NET.DesignerSupport.targets(21,5): message :       
       C:\Program Files\dotnet\sdk\10.0.201\Sdks\Microsoft.NET.Sdk\targets\Microsoft.NET.DesignerSupport.targets(21,5): message :       ;
       C:\Program Files\dotnet\sdk\10.0.201\Sdks\Microsoft.NET.Sdk\targets\Microsoft.NET.DesignerSupport.targets(21,5): message :       BuildOnlySettings;
       C:\Program Files\dotnet\sdk\10.0.201\Sdks\Microsoft.NET.Sdk\targets\Microsoft.NET.DesignerSupport.targets(21,5): message :       PrepareForBuild;
       C:\Program Files\dotnet\sdk\10.0.201\Sdks\Microsoft.NET.Sdk\targets\Microsoft.NET.DesignerSupport.targets(21,5): message :       AssignTargetPaths;
       C:\Program Files\dotnet\sdk\10.0.201\Sdks\Microsoft.NET.Sdk\targets\Microsoft.NET.DesignerSupport.targets(21,5): message :       ResolveReferences
       C:\Program Files\dotnet\sdk\10.0.201\Sdks\Microsoft.NET.Sdk\targets\Microsoft.NET.DesignerSupport.targets(21,5): message :     
       C:\Program Files\dotnet\sdk\10.0.201\Sdks\Microsoft.NET.Sdk\targets\Microsoft.NET.DesignerSupport.targets(21,5): message :     ;
       C:\Program Files\dotnet\sdk\10.0.201\Sdks\Microsoft.NET.Sdk\targets\Microsoft.NET.DesignerSupport.targets(21,5): message :       _GenerateDesignerDepsFile;
       C:\Program Files\dotnet\sdk\10.0.201\Sdks\Microsoft.NET.Sdk\targets\Microsoft.NET.DesignerSupport.targets(21,5): message :       _GenerateDesignerRuntimeConfigFile;
       C:\Program Files\dotnet\sdk\10.0.201\Sdks\Microsoft.NET.Sdk\targets\Microsoft.NET.DesignerSupport.targets(21,5): message :       GetCopyToOutputDirectoryItems;
       C:\Program Files\dotnet\sdk\10.0.201\Sdks\Microsoft.NET.Sdk\targets\Microsoft.NET.DesignerSupport.targets(21,5): message :       _GatherDesignerShadowCopyFiles;
       C:\Program Files\dotnet\sdk\10.0.201\Sdks\Microsoft.NET.Sdk\targets\Microsoft.NET.DesignerSupport.targets(21,5): message :     " (previous value: "
       C:\Program Files\dotnet\sdk\10.0.201\Sdks\Microsoft.NET.Sdk\targets\Microsoft.NET.DesignerSupport.targets(21,5): message :       ;
       C:\Program Files\dotnet\sdk\10.0.201\Sdks\Microsoft.NET.Sdk\targets\Microsoft.NET.DesignerSupport.targets(21,5): message :       
       C:\Program Files\dotnet\sdk\10.0.201\Sdks\Microsoft.NET.Sdk\targets\Microsoft.NET.DesignerSupport.targets(21,5): message :       ;
       C:\Program Files\dotnet\sdk\10.0.201\Sdks\Microsoft.NET.Sdk\targets\Microsoft.NET.DesignerSupport.targets(21,5): message :       BuildOnlySettings;
       C:\Program Files\dotnet\sdk\10.0.201\Sdks\Microsoft.NET.Sdk\targets\Microsoft.NET.DesignerSupport.targets(21,5): message :       PrepareForBuild;
       C:\Program Files\dotnet\sdk\10.0.201\Sdks\Microsoft.NET.Sdk\targets\Microsoft.NET.DesignerSupport.targets(21,5): message :       AssignTargetPaths;
       C:\Program Files\dotnet\sdk\10.0.201\Sdks\Microsoft.NET.Sdk\targets\Microsoft.NET.DesignerSupport.targets(21,5): message :       ResolveReferences
       C:\Program Files\dotnet\sdk\10.0.201\Sdks\Microsoft.NET.Sdk\targets\Microsoft.NET.DesignerSupport.targets(21,5): message :     
       C:\Program Files\dotnet\sdk\10.0.201\Sdks\Microsoft.NET.Sdk\targets\Microsoft.NET.DesignerSupport.targets(21,5): message :     ") at C:\Program Files\dotnet\sdk\10.0.201\Sdks\Microsoft.NET.Sdk\targets\Microsoft.NET.DesignerSupport.targets (21,5)
       C:\Program Files\dotnet\sdk\10.0.201\Sdks\Microsoft.NET.Sdk\targets\Microsoft.NET.Sdk.CSharp.targets(31,5): message : Property reassignment: $(DefineConstants)="TRACE;DEBUG" (previous value: "TRACE") at C:\Program Files\dotnet\sdk\10.0.201\Sdks\Microsoft.NET.Sdk\targets\Microsoft.NET.Sdk.CSharp.targets (31,5)
       C:\Program Files\dotnet\sdk\10.0.201\Sdks\Microsoft.NET.Sdk\targets\Microsoft.NET.Sdk.CSharp.targets(45,5): message : Property reassignment: $(WarningsAsErrors)=";NU1605;SYSLIB0011" (previous value: ";NU1605") at C:\Program Files\dotnet\sdk\10.0.201\Sdks\Microsoft.NET.Sdk\targets\Microsoft.NET.Sdk.CSharp.targets (45,5)
       C:\Program Files\dotnet\sdk\10.0.201\NuGet.Build.Tasks.Pack.targets(34,5): message : Property reassignment: $(PackageDescription)="Package Description" (previous value: "") at C:\Program Files\dotnet\sdk\10.0.201\NuGet.Build.Tasks.Pack.targets (34,5)
       C:\Program Files\dotnet\sdk\10.0.201\NuGet.Build.Tasks.Pack.targets(59,5): message : Property reassignment: $(GenerateNuspecDependsOn)="Build;_LoadPackInputItems; _GetTargetFrameworksOutput; _WalkEachTargetPerFramework; _GetPackageFiles; " (previous value: "_LoadPackInputItems; _GetTargetFrameworksOutput; _WalkEachTargetPerFramework; _GetPackageFiles; ") at C:\Program Files\dotnet\sdk\10.0.201\NuGet.Build.Tasks.Pack.targets (59,5)
       C:\Program Files\dotnet\sdk\10.0.201\Sdks\Microsoft.NET.Sdk\Sdk\Sdk.targets(59,5): message : Property reassignment: $(_IsNotSetContainersTargetsDir)="true" (previous value: "false") at C:\Program Files\dotnet\sdk\10.0.201\Sdks\Microsoft.NET.Sdk\Sdk\Sdk.targets (59,5)
       C:\Program Files\dotnet\sdk\10.0.201\Containers\build\Microsoft.NET.Build.Containers.targets(5,5): message : Property reassignment: $(_IsSDKContainerAllowedVersion)="true" (previous value: "false") at C:\Program Files\dotnet\sdk\10.0.201\Containers\build\Microsoft.NET.Build.Containers.targets (5,5)
       C:\Program Files\dotnet\sdk\10.0.201\Containers\build\Microsoft.NET.Build.Containers.targets(15,5): message : Property reassignment: $(_ContainerIsTargetingNet8TFM)="true" (previous value: "false") at C:\Program Files\dotnet\sdk\10.0.201\Containers\build\Microsoft.NET.Build.Containers.targets (15,5)
       Overriding target "ResolveFrameworkReferences" in project "C:\Program Files\dotnet\sdk\10.0.201\Microsoft.Common.CurrentVersion.targets" with target "ResolveFrameworkReferences" from project "C:\Program Files\dotnet\sdk\10.0.201\Sdks\Microsoft.NET.Sdk\targets\Microsoft.NET.Sdk.FrameworkReferenceResolution.targets".
       Overriding target "GenerateSupportedTargetFrameworkAlias" in project "C:\Program Files\dotnet\sdk\10.0.201\Microsoft.Common.CurrentVersion.targets" with target "GenerateSupportedTargetFrameworkAlias" from project "C:\Program Files\dotnet\sdk\10.0.201\Sdks\Microsoft.NET.Sdk\targets\Microsoft.NET.Sdk.targets".
       Overriding target "GetReferenceAssemblyPaths" in project "C:\Program Files\dotnet\sdk\10.0.201\Microsoft.Common.CurrentVersion.targets" with target "GetReferenceAssemblyPaths" from project "C:\Program Files\dotnet\sdk\10.0.201\Sdks\Microsoft.NET.Sdk\targets\Microsoft.NET.DisableStandardFrameworkResolution.targets".
       Overriding target "GetFrameworkPaths" in project "C:\Program Files\dotnet\sdk\10.0.201\Microsoft.Common.CurrentVersion.targets" with target "GetFrameworkPaths" from project "C:\Program Files\dotnet\sdk\10.0.201\Sdks\Microsoft.NET.Sdk\targets\Microsoft.NET.DisableStandardFrameworkResolution.targets".
       Overriding target "DesignerRuntimeImplementationProjectOutputGroup" in project "C:\Program Files\dotnet\sdk\10.0.201\Microsoft.Common.CurrentVersion.targets" with target "DesignerRuntimeImplementationProjectOutputGroup" from project "C:\Program Files\dotnet\sdk\10.0.201\Sdks\Microsoft.NET.Sdk\targets\Microsoft.NET.DesignerSupport.targets".
       Overriding target "Publish" in project "C:\Program Files\dotnet\sdk\10.0.201\Microsoft.Common.CurrentVersion.targets" with target "Publish" from project "C:\Program Files\dotnet\sdk\10.0.201\Sdks\Microsoft.NET.Sdk\targets\Microsoft.NET.Publish.targets".
       Overriding target "ResolveReadyToRunCompilers" in project "C:\Program Files\dotnet\sdk\10.0.201\Sdks\Microsoft.NET.Sdk\targets\Microsoft.NET.CrossGen.targets" with target "ResolveReadyToRunCompilers" from project "C:\Program Files\dotnet\sdk\10.0.201\Sdks\Microsoft.NET.Sdk\targets\Microsoft.NET.Publish.targets".
       Overriding target "GetCopyToPublishDirectoryItems" in project "C:\Program Files\dotnet\sdk\10.0.201\Microsoft.Common.CurrentVersion.targets" with target "GetCopyToPublishDirectoryItems" from project "C:\Program Files\dotnet\sdk\10.0.201\Sdks\Microsoft.NET.Sdk\targets\Microsoft.NET.Publish.targets".
       Overriding target "Run" in project "C:\Program Files\dotnet\sdk\10.0.201\Microsoft.Common.CurrentVersion.targets" with target "Run" from project "C:\Program Files\dotnet\sdk\10.0.201\Sdks\Microsoft.NET.Sdk\targets\Microsoft.NET.Sdk.targets".
     1>Project "C:\Users\chuck\scratch\ETL-SQL\src\ETL-SQL.Engine\ETL-SQL.Engine.csproj" on node 1 (Restore target(s)).
     1>Target "_LoadRestoreGraphEntryPoints" in file "C:\Program Files\dotnet\sdk\10.0.201\NuGet.targets" from project "C:\Users\chuck\scratch\ETL-SQL\src\ETL-SQL.Engine\ETL-SQL.Engine.csproj" (target "_FilterRestoreGraphProjectInputItems" depends on it):
     1>Done building target "_LoadRestoreGraphEntryPoints" in project "ETL-SQL.Engine.csproj".
     1>Target "_FilterRestoreGraphProjectInputItems" in file "C:\Program Files\dotnet\sdk\10.0.201\NuGet.targets" from project "C:\Users\chuck\scratch\ETL-SQL\src\ETL-SQL.Engine\ETL-SQL.Engine.csproj" (target "_GenerateRestoreGraph" depends on it):
       Using "RemoveDuplicates" task from assembly "Microsoft.Build.Tasks.Core, Version=15.1.0.0, Culture=neutral, PublicKeyToken=b03f5f7f11d50a3a".
       Task "RemoveDuplicates"
       Done executing task "RemoveDuplicates".
       Using "MSBuild" task from assembly "Microsoft.Build.Tasks.Core, Version=15.1.0.0, Culture=neutral, PublicKeyToken=b03f5f7f11d50a3a".
       Task "MSBuild"
         Global Properties:
           ExcludeRestorePackageImports=true
     0>C:\Program Files\dotnet\sdk\10.0.201\Sdks\Microsoft.NET.Sdk\Sdk\Sdk.props(49,11): message : Property 'MSBuildExtensionsPath' with value 'C:\Program Files\dotnet\sdk\10.0.201\' expanded from the environment.
       C:\Program Files\dotnet\sdk\10.0.201\Current\Microsoft.Common.props(60,5): message : Property reassignment: $(MSBuildProjectExtensionsPath)="C:\Users\chuck\scratch\ETL-SQL\src\ETL-SQL.Engine\obj\" (previous value: "obj\") at C:\Program Files\dotnet\sdk\10.0.201\Current\Microsoft.Common.props (60,5)
       C:\Program Files\dotnet\sdk\10.0.201\Current\Microsoft.Common.props(84,119): message : Property 'MSBuildUserExtensionsPath' with value 'C:\Users\chuck\AppData\Local\Microsoft\MSBuild' expanded from the environment.
       C:\Program Files\dotnet\sdk\10.0.201\Sdks\Microsoft.NET.Sdk\targets\Microsoft.NET.Sdk.props(90,5): message : Property reassignment: $(AssemblySearchPaths)="{CandidateAssemblyFiles};{HintPathFromItem}" (previous value: "{CandidateAssemblyFiles}") at C:\Program Files\dotnet\sdk\10.0.201\Sdks\Microsoft.NET.Sdk\targets\Microsoft.NET.Sdk.props (90,5)
       C:\Program Files\dotnet\sdk\10.0.201\Sdks\Microsoft.NET.Sdk\targets\Microsoft.NET.Sdk.props(91,5): message : Property reassignment: $(AssemblySearchPaths)="{CandidateAssemblyFiles};{HintPathFromItem};{TargetFrameworkDirectory}" (previous value: "{CandidateAssemblyFiles};{HintPathFromItem}") at C:\Program Files\dotnet\sdk\10.0.201\Sdks\Microsoft.NET.Sdk\targets\Microsoft.NET.Sdk.props (91,5)
       C:\Program Files\dotnet\sdk\10.0.201\Sdks\Microsoft.NET.Sdk\targets\Microsoft.NET.Sdk.props(92,5): message : Property reassignment: $(AssemblySearchPaths)="{CandidateAssemblyFiles};{HintPathFromItem};{TargetFrameworkDirectory};{RawFileName}" (previous value: "{CandidateAssemblyFiles};{HintPathFromItem};{TargetFrameworkDirectory}") at C:\Program Files\dotnet\sdk\10.0.201\Sdks\Microsoft.NET.Sdk\targets\Microsoft.NET.Sdk.props (92,5)
       C:\Users\chuck\scratch\ETL-SQL\src\ETL-SQL.Engine\ETL-SQL.Engine.csproj(7,6): message : Property reassignment: $(RootNamespace)="ETL_SQL.Engine" (previous value: "ETL-SQL.Engine") at C:\Users\chuck\scratch\ETL-SQL\src\ETL-SQL.Engine\ETL-SQL.Engine.csproj (7,6)
       C:\Program Files\dotnet\sdk\10.0.201\Sdks\Microsoft.NET.Sdk\targets\Microsoft.NET.Sdk.ImportPublishProfile.targets(28,5): message : Property reassignment: $(PublishProfileImported)="false" (previous value: "true") at C:\Program Files\dotnet\sdk\10.0.201\Sdks\Microsoft.NET.Sdk\targets\Microsoft.NET.Sdk.ImportPublishProfile.targets (28,5)
       C:\Program Files\dotnet\sdk\10.0.201\Sdks\Microsoft.NET.Sdk\targets\Microsoft.NET.TargetFrameworkInference.targets(81,5): message : Property reassignment: $(TargetPlatformVersion)="" (previous value: "0.0") at C:\Program Files\dotnet\sdk\10.0.201\Sdks\Microsoft.NET.Sdk\targets\Microsoft.NET.TargetFrameworkInference.targets (81,5)
       C:\Program Files\dotnet\sdk\10.0.201\Sdks\Microsoft.NET.Sdk\targets\Microsoft.NET.DefaultOutputPaths.targets(127,5): message : Property reassignment: $(DefaultItemExcludes)=";bin\Debug\/**;obj\Debug\/**" (previous value: ";bin\Debug\/**") at C:\Program Files\dotnet\sdk\10.0.201\Sdks\Microsoft.NET.Sdk\targets\Microsoft.NET.DefaultOutputPaths.targets (127,5)
       C:\Program Files\dotnet\sdk\10.0.201\Sdks\Microsoft.NET.Sdk\targets\Microsoft.NET.DefaultOutputPaths.targets(142,5): message : Property reassignment: $(OutputPath)="bin\Debug\net10.0\" (previous value: "bin\Debug\") at C:\Program Files\dotnet\sdk\10.0.201\Sdks\Microsoft.NET.Sdk\targets\Microsoft.NET.DefaultOutputPaths.targets (142,5)
       C:\Program Files\dotnet\sdk\10.0.201\Sdks\Microsoft.NET.Sdk\targets\Microsoft.NET.DefaultOutputPaths.targets(147,5): message : Property reassignment: $(IntermediateOutputPath)="obj\Debug\net10.0\" (previous value: "obj\Debug\") at C:\Program Files\dotnet\sdk\10.0.201\Sdks\Microsoft.NET.Sdk\targets\Microsoft.NET.DefaultOutputPaths.targets (147,5)
       C:\Program Files\dotnet\sdk\10.0.201\Sdks\Microsoft.NET.Sdk\targets\Microsoft.NET.Sdk.BeforeCommon.targets(379,5): message : Property reassignment: $(RoslynTargetsPath)="C:\Program Files\dotnet\sdk\10.0.201\Sdks\Microsoft.NET.Sdk\targets\..\..\..\Roslyn" (previous value: "C:\Program Files\dotnet\sdk\10.0.201\Roslyn") at C:\Program Files\dotnet\sdk\10.0.201\Sdks\Microsoft.NET.Sdk\targets\Microsoft.NET.Sdk.BeforeCommon.targets (379,5)
       C:\Program Files\dotnet\sdk\10.0.201\Roslyn\Microsoft.Managed.Core.targets(6,5): message : Property reassignment: $(_BuildTasksDirectory)="C:\Program Files\dotnet\sdk\10.0.201\Sdks\Microsoft.NET.Sdk\targets\..\..\..\Roslyn\" (previous value: "C:\Program Files\dotnet\sdk\10.0.201\Roslyn\") at C:\Program Files\dotnet\sdk\10.0.201\Roslyn\Microsoft.Managed.Core.targets (6,5)
       C:\Program Files\dotnet\sdk\10.0.201\Roslyn\Microsoft.CSharp.Core.targets(205,5): message : Property reassignment: $(CommandLineArgsForDesignTimeEvaluation)="-langversion:14.0 -define:TRACE" (previous value: "-langversion:14.0") at C:\Program Files\dotnet\sdk\10.0.201\Roslyn\Microsoft.CSharp.Core.targets (205,5)
       C:\Program Files\dotnet\sdk\10.0.201\Microsoft.Common.CurrentVersion.targets(175,5): message : Property reassignment: $(_DebugSymbolsProduced)="true" (previous value: "false") at C:\Program Files\dotnet\sdk\10.0.201\Microsoft.Common.CurrentVersion.targets (175,5)
       C:\Program Files\dotnet\sdk\10.0.201\Microsoft.Common.CurrentVersion.targets(185,5): message : Property reassignment: $(_DocumentationFileProduced)="false" (previous value: "true") at C:\Program Files\dotnet\sdk\10.0.201\Microsoft.Common.CurrentVersion.targets (185,5)
       C:\Program Files\dotnet\sdk\10.0.201\Microsoft.Common.CurrentVersion.targets(392,5): message : Property reassignment: $(MSBuildCopyMarkerName)="ETL-SQL..573EBC9D" (previous value: "ETL-SQL.Engine.csproj") at C:\Program Files\dotnet\sdk\10.0.201\Microsoft.Common.CurrentVersion.targets (392,5)
       C:\Program Files\dotnet\sdk\10.0.201\Microsoft.Common.CurrentVersion.targets(393,5): message : Property reassignment: $(MSBuildCopyMarkerName)="ETL-SQL..573EBC9D.Up2Date" (previous value: "ETL-SQL..573EBC9D") at C:\Program Files\dotnet\sdk\10.0.201\Microsoft.Common.CurrentVersion.targets (393,5)
       C:\Program Files\dotnet\sdk\10.0.201\Microsoft.Common.CurrentVersion.targets(541,5): message : Property reassignment: $(ProcessorArchitecture)="msil" (previous value: "") at C:\Program Files\dotnet\sdk\10.0.201\Microsoft.Common.CurrentVersion.targets (541,5)
       C:\Program Files\dotnet\sdk\10.0.201\Microsoft.Common.CurrentVersion.targets(580,5): message : Property reassignment: $(DelaySign)="" (previous value: "false") at C:\Program Files\dotnet\sdk\10.0.201\Microsoft.Common.CurrentVersion.targets (580,5)
       C:\Program Files\dotnet\sdk\10.0.201\Microsoft.Common.CurrentVersion.targets(2620,5): message : Property 'LOCALAPPDATA' with value 'C:\Users\chuck\AppData\Local' expanded from the environment.
       C:\Program Files\dotnet\sdk\10.0.201\Microsoft.Common.CurrentVersion.targets(3948,5): message : Property reassignment: $(_SGenGenerateSerializationAssembliesConfig)="Auto" (previous value: "") at C:\Program Files\dotnet\sdk\10.0.201\Microsoft.Common.CurrentVersion.targets (3948,5)
       C:\Program Files\dotnet\sdk\10.0.201\Microsoft.Common.CurrentVersion.targets(3949,5): message : Property reassignment: $(_SGenGenerateSerializationAssembliesConfig)="Off" (previous value: "Auto") at C:\Program Files\dotnet\sdk\10.0.201\Microsoft.Common.CurrentVersion.targets (3949,5)
       C:\Program Files\dotnet\sdk\10.0.201\Microsoft.Common.CurrentVersion.targets(5160,5): message : Property reassignment: $(_TargetsThatPrepareProjectReferences)="
       C:\Program Files\dotnet\sdk\10.0.201\Microsoft.Common.CurrentVersion.targets(5160,5): message :       AssignProjectConfiguration;
       C:\Program Files\dotnet\sdk\10.0.201\Microsoft.Common.CurrentVersion.targets(5160,5): message :       _SplitProjectReferencesByFileExistence
       C:\Program Files\dotnet\sdk\10.0.201\Microsoft.Common.CurrentVersion.targets(5160,5): message :     " (previous value: "_SplitProjectReferencesByFileExistence") at C:\Program Files\dotnet\sdk\10.0.201\Microsoft.Common.CurrentVersion.targets (5160,5)
       C:\Program Files\dotnet\sdk\10.0.201\Microsoft.Common.CurrentVersion.targets(6973,5): message : Property 'MSBuildExtensionsPath32' with value 'C:\Program Files\dotnet\sdk\10.0.201' expanded from the environment.
       The "NuGetInteractive" property is a global property, and cannot be modified.
       C:\Program Files\dotnet\sdk\10.0.201\Sdks\Microsoft.NET.Sdk\targets\Microsoft.PackageDependencyResolution.targets(24,5): message : Property reassignment: $(ProjectAssetsFile)="C:\Users\chuck\scratch\ETL-SQL\src\ETL-SQL.Engine\obj\project.assets.json" (previous value: "C:\Users\chuck\scratch\ETL-SQL\src\ETL-SQL.Engine\obj\/project.assets.json") at C:\Program Files\dotnet\sdk\10.0.201\Sdks\Microsoft.NET.Sdk\targets\Microsoft.PackageDependencyResolution.targets (24,5)
       C:\Program Files\dotnet\sdk\10.0.201\Sdks\Microsoft.NET.Sdk\targets\Microsoft.PackageDependencyResolution.targets(29,5): message : Property reassignment: $(ProjectAssetsCacheFile)="C:\Users\chuck\scratch\ETL-SQL\src\ETL-SQL.Engine\obj\Debug\net10.0\ETL-SQL.Engine.assets.cache" (previous value: "obj\Debug\net10.0\ETL-SQL.Engine.assets.cache") at C:\Program Files\dotnet\sdk\10.0.201\Sdks\Microsoft.NET.Sdk\targets\Microsoft.PackageDependencyResolution.targets (29,5)
       C:\Program Files\dotnet\sdk\10.0.201\Sdks\Microsoft.NET.Sdk\targets\Microsoft.PackageDependencyResolution.targets(80,5): message : Property reassignment: $(ResolveAssemblyReferencesDependsOn)="
       C:\Program Files\dotnet\sdk\10.0.201\Sdks\Microsoft.NET.Sdk\targets\Microsoft.PackageDependencyResolution.targets(80,5): message :       
       C:\Program Files\dotnet\sdk\10.0.201\Sdks\Microsoft.NET.Sdk\targets\Microsoft.PackageDependencyResolution.targets(80,5): message :       ResolveProjectReferences;
       C:\Program Files\dotnet\sdk\10.0.201\Sdks\Microsoft.NET.Sdk\targets\Microsoft.PackageDependencyResolution.targets(80,5): message :       FindInvalidProjectReferences;
       C:\Program Files\dotnet\sdk\10.0.201\Sdks\Microsoft.NET.Sdk\targets\Microsoft.PackageDependencyResolution.targets(80,5): message :       GetFrameworkPaths;
       C:\Program Files\dotnet\sdk\10.0.201\Sdks\Microsoft.NET.Sdk\targets\Microsoft.PackageDependencyResolution.targets(80,5): message :       GetReferenceAssemblyPaths;
       C:\Program Files\dotnet\sdk\10.0.201\Sdks\Microsoft.NET.Sdk\targets\Microsoft.PackageDependencyResolution.targets(80,5): message :       PrepareForBuild;
       C:\Program Files\dotnet\sdk\10.0.201\Sdks\Microsoft.NET.Sdk\targets\Microsoft.PackageDependencyResolution.targets(80,5): message :       ResolveSDKReferences;
       C:\Program Files\dotnet\sdk\10.0.201\Sdks\Microsoft.NET.Sdk\targets\Microsoft.PackageDependencyResolution.targets(80,5): message :       ExpandSDKReferences;
       C:\Program Files\dotnet\sdk\10.0.201\Sdks\Microsoft.NET.Sdk\targets\Microsoft.PackageDependencyResolution.targets(80,5): message :     ;
       C:\Program Files\dotnet\sdk\10.0.201\Sdks\Microsoft.NET.Sdk\targets\Microsoft.PackageDependencyResolution.targets(80,5): message :       ResolvePackageDependenciesForBuild;
       C:\Program Files\dotnet\sdk\10.0.201\Sdks\Microsoft.NET.Sdk\targets\Microsoft.PackageDependencyResolution.targets(80,5): message :       _HandlePackageFileConflicts;
       C:\Program Files\dotnet\sdk\10.0.201\Sdks\Microsoft.NET.Sdk\targets\Microsoft.PackageDependencyResolution.targets(80,5): message :     " (previous value: "
       C:\Program Files\dotnet\sdk\10.0.201\Sdks\Microsoft.NET.Sdk\targets\Microsoft.PackageDependencyResolution.targets(80,5): message :       ResolveProjectReferences;
       C:\Program Files\dotnet\sdk\10.0.201\Sdks\Microsoft.NET.Sdk\targets\Microsoft.PackageDependencyResolution.targets(80,5): message :       FindInvalidProjectReferences;
       C:\Program Files\dotnet\sdk\10.0.201\Sdks\Microsoft.NET.Sdk\targets\Microsoft.PackageDependencyResolution.targets(80,5): message :       GetFrameworkPaths;
       C:\Program Files\dotnet\sdk\10.0.201\Sdks\Microsoft.NET.Sdk\targets\Microsoft.PackageDependencyResolution.targets(80,5): message :       GetReferenceAssemblyPaths;
       C:\Program Files\dotnet\sdk\10.0.201\Sdks\Microsoft.NET.Sdk\targets\Microsoft.PackageDependencyResolution.targets(80,5): message :       PrepareForBuild;
       C:\Program Files\dotnet\sdk\10.0.201\Sdks\Microsoft.NET.Sdk\targets\Microsoft.PackageDependencyResolution.targets(80,5): message :       ResolveSDKReferences;
       C:\Program Files\dotnet\sdk\10.0.201\Sdks\Microsoft.NET.Sdk\targets\Microsoft.PackageDependencyResolution.targets(80,5): message :       ExpandSDKReferences;
       C:\Program Files\dotnet\sdk\10.0.201\Sdks\Microsoft.NET.Sdk\targets\Microsoft.PackageDependencyResolution.targets(80,5): message :     ") at C:\Program Files\dotnet\sdk\10.0.201\Sdks\Microsoft.NET.Sdk\targets\Microsoft.PackageDependencyResolution.targets (80,5)
       C:\Program Files\dotnet\sdk\10.0.201\Sdks\Microsoft.NET.Sdk\targets\Microsoft.PackageDependencyResolution.targets(86,5): message : Property reassignment: $(PrepareResourcesDependsOn)="
       C:\Program Files\dotnet\sdk\10.0.201\Sdks\Microsoft.NET.Sdk\targets\Microsoft.PackageDependencyResolution.targets(86,5): message :       ResolvePackageDependenciesForBuild;
       C:\Program Files\dotnet\sdk\10.0.201\Sdks\Microsoft.NET.Sdk\targets\Microsoft.PackageDependencyResolution.targets(86,5): message :       _HandlePackageFileConflicts;
       C:\Program Files\dotnet\sdk\10.0.201\Sdks\Microsoft.NET.Sdk\targets\Microsoft.PackageDependencyResolution.targets(86,5): message :       
       C:\Program Files\dotnet\sdk\10.0.201\Sdks\Microsoft.NET.Sdk\targets\Microsoft.PackageDependencyResolution.targets(86,5): message :       ;
       C:\Program Files\dotnet\sdk\10.0.201\Sdks\Microsoft.NET.Sdk\targets\Microsoft.PackageDependencyResolution.targets(86,5): message :       PrepareResourceNames;
       C:\Program Files\dotnet\sdk\10.0.201\Sdks\Microsoft.NET.Sdk\targets\Microsoft.PackageDependencyResolution.targets(86,5): message :       ResGen;
       C:\Program Files\dotnet\sdk\10.0.201\Sdks\Microsoft.NET.Sdk\targets\Microsoft.PackageDependencyResolution.targets(86,5): message :       CompileLicxFiles
       C:\Program Files\dotnet\sdk\10.0.201\Sdks\Microsoft.NET.Sdk\targets\Microsoft.PackageDependencyResolution.targets(86,5): message :     
       C:\Program Files\dotnet\sdk\10.0.201\Sdks\Microsoft.NET.Sdk\targets\Microsoft.PackageDependencyResolution.targets(86,5): message :     " (previous value: "
       C:\Program Files\dotnet\sdk\10.0.201\Sdks\Microsoft.NET.Sdk\targets\Microsoft.PackageDependencyResolution.targets(86,5): message :       ;
       C:\Program Files\dotnet\sdk\10.0.201\Sdks\Microsoft.NET.Sdk\targets\Microsoft.PackageDependencyResolution.targets(86,5): message :       PrepareResourceNames;
       C:\Program Files\dotnet\sdk\10.0.201\Sdks\Microsoft.NET.Sdk\targets\Microsoft.PackageDependencyResolution.targets(86,5): message :       ResGen;
       C:\Program Files\dotnet\sdk\10.0.201\Sdks\Microsoft.NET.Sdk\targets\Microsoft.PackageDependencyResolution.targets(86,5): message :       CompileLicxFiles
       C:\Program Files\dotnet\sdk\10.0.201\Sdks\Microsoft.NET.Sdk\targets\Microsoft.PackageDependencyResolution.targets(86,5): message :     ") at C:\Program Files\dotnet\sdk\10.0.201\Sdks\Microsoft.NET.Sdk\targets\Microsoft.PackageDependencyResolution.targets (86,5)
       The "EnableDefaultCompileItems" property is a global property, and cannot be modified.
       The "EnableDefaultEmbeddedResourceItems" property is a global property, and cannot be modified.
       The "EnableDefaultNoneItems" property is a global property, and cannot be modified.
       C:\Program Files\dotnet\sdk\10.0.201\Sdks\Microsoft.NET.Sdk\targets\Microsoft.NET.Sdk.DefaultItems.targets(35,5): message : Property reassignment: $(DefaultItemExcludes)=";bin\Debug\/**;obj\Debug\/**;bin\/**" (previous value: ";bin\Debug\/**;obj\Debug\/**") at C:\Program Files\dotnet\sdk\10.0.201\Sdks\Microsoft.NET.Sdk\targets\Microsoft.NET.Sdk.DefaultItems.targets (35,5)
       C:\Program Files\dotnet\sdk\10.0.201\Sdks\Microsoft.NET.Sdk\targets\Microsoft.NET.Sdk.DefaultItems.targets(37,5): message : Property reassignment: $(DefaultItemExcludes)=";bin\Debug\/**;obj\Debug\/**;bin\/**;obj\/**" (previous value: ";bin\Debug\/**;obj\Debug\/**;bin\/**") at C:\Program Files\dotnet\sdk\10.0.201\Sdks\Microsoft.NET.Sdk\targets\Microsoft.NET.Sdk.DefaultItems.targets (37,5)
       C:\Program Files\dotnet\sdk\10.0.201\Sdks\Microsoft.NET.Sdk\targets\Microsoft.NET.Sdk.DefaultItems.targets(41,5): message : Property reassignment: $(DefaultItemExcludes)=";bin\Debug\/**;obj\Debug\/**;bin\/**;obj\/**;bin\Debug\net10.0\publish\/**" (previous value: ";bin\Debug\/**;obj\Debug\/**;bin\/**;obj\/**") at C:\Program Files\dotnet\sdk\10.0.201\Sdks\Microsoft.NET.Sdk\targets\Microsoft.NET.Sdk.DefaultItems.targets (41,5)
       C:\Program Files\dotnet\sdk\10.0.201\Sdks\Microsoft.NET.Sdk\targets\Microsoft.NET.Sdk.DefaultItems.targets(44,5): message : Property reassignment: $(DefaultItemExcludes)=";bin\Debug\/**;obj\Debug\/**;bin\/**;obj\/**;bin\Debug\net10.0\publish\/**;**/*.user" (previous value: ";bin\Debug\/**;obj\Debug\/**;bin\/**;obj\/**;bin\Debug\net10.0\publish\/**") at C:\Program Files\dotnet\sdk\10.0.201\Sdks\Microsoft.NET.Sdk\targets\Microsoft.NET.Sdk.DefaultItems.targets (44,5)
       C:\Program Files\dotnet\sdk\10.0.201\Sdks\Microsoft.NET.Sdk\targets\Microsoft.NET.Sdk.DefaultItems.targets(45,5): message : Property reassignment: $(DefaultItemExcludes)=";bin\Debug\/**;obj\Debug\/**;bin\/**;obj\/**;bin\Debug\net10.0\publish\/**;**/*.user;**/*.*proj" (previous value: ";bin\Debug\/**;obj\Debug\/**;bin\/**;obj\/**;bin\Debug\net10.0\publish\/**;**/*.user") at C:\Program Files\dotnet\sdk\10.0.201\Sdks\Microsoft.NET.Sdk\targets\Microsoft.NET.Sdk.DefaultItems.targets (45,5)
       C:\Program Files\dotnet\sdk\10.0.201\Sdks\Microsoft.NET.Sdk\targets\Microsoft.NET.Sdk.DefaultItems.targets(46,5): message : Property reassignment: $(DefaultItemExcludes)=";bin\Debug\/**;obj\Debug\/**;bin\/**;obj\/**;bin\Debug\net10.0\publish\/**;**/*.user;**/*.*proj;**/*.sln" (previous value: ";bin\Debug\/**;obj\Debug\/**;bin\/**;obj\/**;bin\Debug\net10.0\publish\/**;**/*.user;**/*.*proj") at C:\Program Files\dotnet\sdk\10.0.201\Sdks\Microsoft.NET.Sdk\targets\Microsoft.NET.Sdk.DefaultItems.targets (46,5)
       C:\Program Files\dotnet\sdk\10.0.201\Sdks\Microsoft.NET.Sdk\targets\Microsoft.NET.Sdk.DefaultItems.targets(47,5): message : Property reassignment: $(DefaultItemExcludes)=";bin\Debug\/**;obj\Debug\/**;bin\/**;obj\/**;bin\Debug\net10.0\publish\/**;**/*.user;**/*.*proj;**/*.sln;**/*.slnx" (previous value: ";bin\Debug\/**;obj\Debug\/**;bin\/**;obj\/**;bin\Debug\net10.0\publish\/**;**/*.user;**/*.*proj;**/*.sln") at C:\Program Files\dotnet\sdk\10.0.201\Sdks\Microsoft.NET.Sdk\targets\Microsoft.NET.Sdk.DefaultItems.targets (47,5)
       C:\Program Files\dotnet\sdk\10.0.201\Sdks\Microsoft.NET.Sdk\targets\Microsoft.NET.Sdk.DefaultItems.targets(48,5): message : Property reassignment: $(DefaultItemExcludes)=";bin\Debug\/**;obj\Debug\/**;bin\/**;obj\/**;bin\Debug\net10.0\publish\/**;**/*.user;**/*.*proj;**/*.sln;**/*.slnx;**/*.vssscc" (previous value: ";bin\Debug\/**;obj\Debug\/**;bin\/**;obj\/**;bin\Debug\net10.0\publish\/**;**/*.user;**/*.*proj;**/*.sln;**/*.slnx") at C:\Program Files\dotnet\sdk\10.0.201\Sdks\Microsoft.NET.Sdk\targets\Microsoft.NET.Sdk.DefaultItems.targets (48,5)
       C:\Program Files\dotnet\sdk\10.0.201\Sdks\Microsoft.NET.Sdk\targets\Microsoft.NET.Sdk.DefaultItems.targets(49,5): message : Property reassignment: $(DefaultItemExcludes)=";bin\Debug\/**;obj\Debug\/**;bin\/**;obj\/**;bin\Debug\net10.0\publish\/**;**/*.user;**/*.*proj;**/*.sln;**/*.slnx;**/*.vssscc;**/.DS_Store" (previous value: ";bin\Debug\/**;obj\Debug\/**;bin\/**;obj\/**;bin\Debug\net10.0\publish\/**;**/*.user;**/*.*proj;**/*.sln;**/*.slnx;**/*.vssscc") at C:\Program Files\dotnet\sdk\10.0.201\Sdks\Microsoft.NET.Sdk\targets\Microsoft.NET.Sdk.DefaultItems.targets (49,5)
       C:\Program Files\dotnet\sdk\10.0.201\Sdks\Microsoft.NET.Sdk\targets\Microsoft.NET.Sdk.FrameworkReferenceResolution.targets(14,5): message : Property reassignment: $(ResolveAssemblyReferencesDependsOn)="
       C:\Program Files\dotnet\sdk\10.0.201\Sdks\Microsoft.NET.Sdk\targets\Microsoft.NET.Sdk.FrameworkReferenceResolution.targets(14,5): message :       
       C:\Program Files\dotnet\sdk\10.0.201\Sdks\Microsoft.NET.Sdk\targets\Microsoft.NET.Sdk.FrameworkReferenceResolution.targets(14,5): message :       
       C:\Program Files\dotnet\sdk\10.0.201\Sdks\Microsoft.NET.Sdk\targets\Microsoft.NET.Sdk.FrameworkReferenceResolution.targets(14,5): message :       ResolveProjectReferences;
       C:\Program Files\dotnet\sdk\10.0.201\Sdks\Microsoft.NET.Sdk\targets\Microsoft.NET.Sdk.FrameworkReferenceResolution.targets(14,5): message :       FindInvalidProjectReferences;
       C:\Program Files\dotnet\sdk\10.0.201\Sdks\Microsoft.NET.Sdk\targets\Microsoft.NET.Sdk.FrameworkReferenceResolution.targets(14,5): message :       GetFrameworkPaths;
       C:\Program Files\dotnet\sdk\10.0.201\Sdks\Microsoft.NET.Sdk\targets\Microsoft.NET.Sdk.FrameworkReferenceResolution.targets(14,5): message :       GetReferenceAssemblyPaths;
       C:\Program Files\dotnet\sdk\10.0.201\Sdks\Microsoft.NET.Sdk\targets\Microsoft.NET.Sdk.FrameworkReferenceResolution.targets(14,5): message :       PrepareForBuild;
       C:\Program Files\dotnet\sdk\10.0.201\Sdks\Microsoft.NET.Sdk\targets\Microsoft.NET.Sdk.FrameworkReferenceResolution.targets(14,5): message :       ResolveSDKReferences;
       C:\Program Files\dotnet\sdk\10.0.201\Sdks\Microsoft.NET.Sdk\targets\Microsoft.NET.Sdk.FrameworkReferenceResolution.targets(14,5): message :       ExpandSDKReferences;
       C:\Program Files\dotnet\sdk\10.0.201\Sdks\Microsoft.NET.Sdk\targets\Microsoft.NET.Sdk.FrameworkReferenceResolution.targets(14,5): message :     ;
       C:\Program Files\dotnet\sdk\10.0.201\Sdks\Microsoft.NET.Sdk\targets\Microsoft.NET.Sdk.FrameworkReferenceResolution.targets(14,5): message :       ResolvePackageDependenciesForBuild;
       C:\Program Files\dotnet\sdk\10.0.201\Sdks\Microsoft.NET.Sdk\targets\Microsoft.NET.Sdk.FrameworkReferenceResolution.targets(14,5): message :       _HandlePackageFileConflicts;
       C:\Program Files\dotnet\sdk\10.0.201\Sdks\Microsoft.NET.Sdk\targets\Microsoft.NET.Sdk.FrameworkReferenceResolution.targets(14,5): message :     ;
       C:\Program Files\dotnet\sdk\10.0.201\Sdks\Microsoft.NET.Sdk\targets\Microsoft.NET.Sdk.FrameworkReferenceResolution.targets(14,5): message :       ResolveTargetingPackAssets;
       C:\Program Files\dotnet\sdk\10.0.201\Sdks\Microsoft.NET.Sdk\targets\Microsoft.NET.Sdk.FrameworkReferenceResolution.targets(14,5): message :     " (previous value: "
       C:\Program Files\dotnet\sdk\10.0.201\Sdks\Microsoft.NET.Sdk\targets\Microsoft.NET.Sdk.FrameworkReferenceResolution.targets(14,5): message :       
       C:\Program Files\dotnet\sdk\10.0.201\Sdks\Microsoft.NET.Sdk\targets\Microsoft.NET.Sdk.FrameworkReferenceResolution.targets(14,5): message :       ResolveProjectReferences;
       C:\Program Files\dotnet\sdk\10.0.201\Sdks\Microsoft.NET.Sdk\targets\Microsoft.NET.Sdk.FrameworkReferenceResolution.targets(14,5): message :       FindInvalidProjectReferences;
       C:\Program Files\dotnet\sdk\10.0.201\Sdks\Microsoft.NET.Sdk\targets\Microsoft.NET.Sdk.FrameworkReferenceResolution.targets(14,5): message :       GetFrameworkPaths;
       C:\Program Files\dotnet\sdk\10.0.201\Sdks\Microsoft.NET.Sdk\targets\Microsoft.NET.Sdk.FrameworkReferenceResolution.targets(14,5): message :       GetReferenceAssemblyPaths;
       C:\Program Files\dotnet\sdk\10.0.201\Sdks\Microsoft.NET.Sdk\targets\Microsoft.NET.Sdk.FrameworkReferenceResolution.targets(14,5): message :       PrepareForBuild;
       C:\Program Files\dotnet\sdk\10.0.201\Sdks\Microsoft.NET.Sdk\targets\Microsoft.NET.Sdk.FrameworkReferenceResolution.targets(14,5): message :       ResolveSDKReferences;
       C:\Program Files\dotnet\sdk\10.0.201\Sdks\Microsoft.NET.Sdk\targets\Microsoft.NET.Sdk.FrameworkReferenceResolution.targets(14,5): message :       ExpandSDKReferences;
       C:\Program Files\dotnet\sdk\10.0.201\Sdks\Microsoft.NET.Sdk\targets\Microsoft.NET.Sdk.FrameworkReferenceResolution.targets(14,5): message :     ;
       C:\Program Files\dotnet\sdk\10.0.201\Sdks\Microsoft.NET.Sdk\targets\Microsoft.NET.Sdk.FrameworkReferenceResolution.targets(14,5): message :       ResolvePackageDependenciesForBuild;
       C:\Program Files\dotnet\sdk\10.0.201\Sdks\Microsoft.NET.Sdk\targets\Microsoft.NET.Sdk.FrameworkReferenceResolution.targets(14,5): message :       _HandlePackageFileConflicts;
       C:\Program Files\dotnet\sdk\10.0.201\Sdks\Microsoft.NET.Sdk\targets\Microsoft.NET.Sdk.FrameworkReferenceResolution.targets(14,5): message :     ") at C:\Program Files\dotnet\sdk\10.0.201\Sdks\Microsoft.NET.Sdk\targets\Microsoft.NET.Sdk.FrameworkReferenceResolution.targets (14,5)
       C:\Program Files\dotnet\sdk\10.0.201\Sdks\Microsoft.NET.Sdk\targets\Microsoft.NET.Sdk.targets(44,5): message : Property reassignment: $(_GenerateRuntimeConfigurationPropertyInputsCache)="C:\Users\chuck\scratch\ETL-SQL\src\ETL-SQL.Engine\obj\Debug\net10.0\ETL-SQL.Engine.genruntimeconfig.cache" (previous value: "obj\Debug\net10.0\ETL-SQL.Engine.genruntimeconfig.cache") at C:\Program Files\dotnet\sdk\10.0.201\Sdks\Microsoft.NET.Sdk\targets\Microsoft.NET.Sdk.targets (44,5)
       C:\Program Files\dotnet\sdk\10.0.201\Sdks\Microsoft.NET.Sdk\targets\Microsoft.NET.Sdk.targets(46,5): message : Property reassignment: $(_GeneratePublishDependencyFilePropertyInputsCache)="C:\Users\chuck\scratch\ETL-SQL\src\ETL-SQL.Engine\obj\Debug\net10.0\ETL-SQL.Engine.genpublishdeps.cache" (previous value: "obj\Debug\net10.0\ETL-SQL.Engine.genpublishdeps.cache") at C:\Program Files\dotnet\sdk\10.0.201\Sdks\Microsoft.NET.Sdk\targets\Microsoft.NET.Sdk.targets (46,5)
       C:\Program Files\dotnet\sdk\10.0.201\Sdks\Microsoft.NET.Sdk\targets\Microsoft.NET.Sdk.targets(48,5): message : Property reassignment: $(_GenerateSingleFileBundlePropertyInputsCache)="C:\Users\chuck\scratch\ETL-SQL\src\ETL-SQL.Engine\obj\Debug\net10.0\ETL-SQL.Engine.genbundle.cache" (previous value: "obj\Debug\net10.0\ETL-SQL.Engine.genbundle.cache") at C:\Program Files\dotnet\sdk\10.0.201\Sdks\Microsoft.NET.Sdk\targets\Microsoft.NET.Sdk.targets (48,5)
       C:\Program Files\dotnet\sdk\10.0.201\Sdks\Microsoft.NET.Sdk\targets\Microsoft.NET.Sdk.targets(81,5): message : Property reassignment: $(GenerateRuntimeConfigDevFile)="false" (previous value: "true") at C:\Program Files\dotnet\sdk\10.0.201\Sdks\Microsoft.NET.Sdk\targets\Microsoft.NET.Sdk.targets (81,5)
       C:\Program Files\dotnet\sdk\10.0.201\Sdks\Microsoft.NET.Sdk\targets\Microsoft.NET.Sdk.targets(98,5): message : Property 'USERPROFILE' with value 'C:\Users\chuck' expanded from the environment.
       C:\Program Files\dotnet\sdk\10.0.201\Sdks\Microsoft.NET.Sdk\targets\Microsoft.NET.Sdk.targets(98,5): message : Property reassignment: $(_DefaultUserProfileRuntimeStorePath)="C:\Users\chuck" (previous value: "") at C:\Program Files\dotnet\sdk\10.0.201\Sdks\Microsoft.NET.Sdk\targets\Microsoft.NET.Sdk.targets (98,5)
       C:\Program Files\dotnet\sdk\10.0.201\Sdks\Microsoft.NET.Sdk\targets\Microsoft.NET.Sdk.targets(99,5): message : Property reassignment: $(_DefaultUserProfileRuntimeStorePath)="C:\Users\chuck\.dotnet\store" (previous value: "C:\Users\chuck") at C:\Program Files\dotnet\sdk\10.0.201\Sdks\Microsoft.NET.Sdk\targets\Microsoft.NET.Sdk.targets (99,5)
       C:\Program Files\dotnet\sdk\10.0.201\Sdks\Microsoft.NET.Sdk\targets\Microsoft.NET.Sdk.targets(144,5): message : Property reassignment: $(AvailablePlatforms)="Any CPU,x86,x64,ARM32" (previous value: "Any CPU,x86,x64") at C:\Program Files\dotnet\sdk\10.0.201\Sdks\Microsoft.NET.Sdk\targets\Microsoft.NET.Sdk.targets (144,5)
       C:\Program Files\dotnet\sdk\10.0.201\Sdks\Microsoft.NET.Sdk\targets\Microsoft.NET.Sdk.targets(148,5): message : Property reassignment: $(AvailablePlatforms)="Any CPU,x86,x64,ARM32,ARM64" (previous value: "Any CPU,x86,x64,ARM32") at C:\Program Files\dotnet\sdk\10.0.201\Sdks\Microsoft.NET.Sdk\targets\Microsoft.NET.Sdk.targets (148,5)
       C:\Program Files\dotnet\sdk\10.0.201\Sdks\Microsoft.NET.Sdk\targets\Microsoft.NET.Sdk.targets(204,5): message : Property reassignment: $(CoreBuildDependsOn)="
       C:\Program Files\dotnet\sdk\10.0.201\Sdks\Microsoft.NET.Sdk\targets\Microsoft.NET.Sdk.targets(204,5): message :       _CheckForBuildWithNoBuild;
       C:\Program Files\dotnet\sdk\10.0.201\Sdks\Microsoft.NET.Sdk\targets\Microsoft.NET.Sdk.targets(204,5): message :       
       C:\Program Files\dotnet\sdk\10.0.201\Sdks\Microsoft.NET.Sdk\targets\Microsoft.NET.Sdk.targets(204,5): message :       BuildOnlySettings;
       C:\Program Files\dotnet\sdk\10.0.201\Sdks\Microsoft.NET.Sdk\targets\Microsoft.NET.Sdk.targets(204,5): message :       PrepareForBuild;
       C:\Program Files\dotnet\sdk\10.0.201\Sdks\Microsoft.NET.Sdk\targets\Microsoft.NET.Sdk.targets(204,5): message :       PreBuildEvent;
       C:\Program Files\dotnet\sdk\10.0.201\Sdks\Microsoft.NET.Sdk\targets\Microsoft.NET.Sdk.targets(204,5): message :       ResolveReferences;
       C:\Program Files\dotnet\sdk\10.0.201\Sdks\Microsoft.NET.Sdk\targets\Microsoft.NET.Sdk.targets(204,5): message :       PrepareResources;
       C:\Program Files\dotnet\sdk\10.0.201\Sdks\Microsoft.NET.Sdk\targets\Microsoft.NET.Sdk.targets(204,5): message :       ResolveKeySource;
       C:\Program Files\dotnet\sdk\10.0.201\Sdks\Microsoft.NET.Sdk\targets\Microsoft.NET.Sdk.targets(204,5): message :       Compile;
       C:\Program Files\dotnet\sdk\10.0.201\Sdks\Microsoft.NET.Sdk\targets\Microsoft.NET.Sdk.targets(204,5): message :       ExportWindowsMDFile;
       C:\Program Files\dotnet\sdk\10.0.201\Sdks\Microsoft.NET.Sdk\targets\Microsoft.NET.Sdk.targets(204,5): message :       UnmanagedUnregistration;
       C:\Program Files\dotnet\sdk\10.0.201\Sdks\Microsoft.NET.Sdk\targets\Microsoft.NET.Sdk.targets(204,5): message :       GenerateSerializationAssemblies;
       C:\Program Files\dotnet\sdk\10.0.201\Sdks\Microsoft.NET.Sdk\targets\Microsoft.NET.Sdk.targets(204,5): message :       CreateSatelliteAssemblies;
       C:\Program Files\dotnet\sdk\10.0.201\Sdks\Microsoft.NET.Sdk\targets\Microsoft.NET.Sdk.targets(204,5): message :       GenerateManifests;
       C:\Program Files\dotnet\sdk\10.0.201\Sdks\Microsoft.NET.Sdk\targets\Microsoft.NET.Sdk.targets(204,5): message :       GetTargetPath;
       C:\Program Files\dotnet\sdk\10.0.201\Sdks\Microsoft.NET.Sdk\targets\Microsoft.NET.Sdk.targets(204,5): message :       PrepareForRun;
       C:\Program Files\dotnet\sdk\10.0.201\Sdks\Microsoft.NET.Sdk\targets\Microsoft.NET.Sdk.targets(204,5): message :       UnmanagedRegistration;
       C:\Program Files\dotnet\sdk\10.0.201\Sdks\Microsoft.NET.Sdk\targets\Microsoft.NET.Sdk.targets(204,5): message :       IncrementalClean;
       C:\Program Files\dotnet\sdk\10.0.201\Sdks\Microsoft.NET.Sdk\targets\Microsoft.NET.Sdk.targets(204,5): message :       PostBuildEvent
       C:\Program Files\dotnet\sdk\10.0.201\Sdks\Microsoft.NET.Sdk\targets\Microsoft.NET.Sdk.targets(204,5): message :     ;
       C:\Program Files\dotnet\sdk\10.0.201\Sdks\Microsoft.NET.Sdk\targets\Microsoft.NET.Sdk.targets(204,5): message :       GenerateBuildDependencyFile;
       C:\Program Files\dotnet\sdk\10.0.201\Sdks\Microsoft.NET.Sdk\targets\Microsoft.NET.Sdk.targets(204,5): message :       GenerateBuildRuntimeConfigurationFiles
       C:\Program Files\dotnet\sdk\10.0.201\Sdks\Microsoft.NET.Sdk\targets\Microsoft.NET.Sdk.targets(204,5): message :     " (previous value: "
       C:\Program Files\dotnet\sdk\10.0.201\Sdks\Microsoft.NET.Sdk\targets\Microsoft.NET.Sdk.targets(204,5): message :       BuildOnlySettings;
       C:\Program Files\dotnet\sdk\10.0.201\Sdks\Microsoft.NET.Sdk\targets\Microsoft.NET.Sdk.targets(204,5): message :       PrepareForBuild;
       C:\Program Files\dotnet\sdk\10.0.201\Sdks\Microsoft.NET.Sdk\targets\Microsoft.NET.Sdk.targets(204,5): message :       PreBuildEvent;
       C:\Program Files\dotnet\sdk\10.0.201\Sdks\Microsoft.NET.Sdk\targets\Microsoft.NET.Sdk.targets(204,5): message :       ResolveReferences;
       C:\Program Files\dotnet\sdk\10.0.201\Sdks\Microsoft.NET.Sdk\targets\Microsoft.NET.Sdk.targets(204,5): message :       PrepareResources;
       C:\Program Files\dotnet\sdk\10.0.201\Sdks\Microsoft.NET.Sdk\targets\Microsoft.NET.Sdk.targets(204,5): message :       ResolveKeySource;
       C:\Program Files\dotnet\sdk\10.0.201\Sdks\Microsoft.NET.Sdk\targets\Microsoft.NET.Sdk.targets(204,5): message :       Compile;
       C:\Program Files\dotnet\sdk\10.0.201\Sdks\Microsoft.NET.Sdk\targets\Microsoft.NET.Sdk.targets(204,5): message :       ExportWindowsMDFile;
       C:\Program Files\dotnet\sdk\10.0.201\Sdks\Microsoft.NET.Sdk\targets\Microsoft.NET.Sdk.targets(204,5): message :       UnmanagedUnregistration;
       C:\Program Files\dotnet\sdk\10.0.201\Sdks\Microsoft.NET.Sdk\targets\Microsoft.NET.Sdk.targets(204,5): message :       GenerateSerializationAssemblies;
       C:\Program Files\dotnet\sdk\10.0.201\Sdks\Microsoft.NET.Sdk\targets\Microsoft.NET.Sdk.targets(204,5): message :       CreateSatelliteAssemblies;
       C:\Program Files\dotnet\sdk\10.0.201\Sdks\Microsoft.NET.Sdk\targets\Microsoft.NET.Sdk.targets(204,5): message :       GenerateManifests;
       C:\Program Files\dotnet\sdk\10.0.201\Sdks\Microsoft.NET.Sdk\targets\Microsoft.NET.Sdk.targets(204,5): message :       GetTargetPath;
       C:\Program Files\dotnet\sdk\10.0.201\Sdks\Microsoft.NET.Sdk\targets\Microsoft.NET.Sdk.targets(204,5): message :       PrepareForRun;
       C:\Program Files\dotnet\sdk\10.0.201\Sdks\Microsoft.NET.Sdk\targets\Microsoft.NET.Sdk.targets(204,5): message :       UnmanagedRegistration;
       C:\Program Files\dotnet\sdk\10.0.201\Sdks\Microsoft.NET.Sdk\targets\Microsoft.NET.Sdk.targets(204,5): message :       IncrementalClean;
       C:\Program Files\dotnet\sdk\10.0.201\Sdks\Microsoft.NET.Sdk\targets\Microsoft.NET.Sdk.targets(204,5): message :       PostBuildEvent
       C:\Program Files\dotnet\sdk\10.0.201\Sdks\Microsoft.NET.Sdk\targets\Microsoft.NET.Sdk.targets(204,5): message :     ") at C:\Program Files\dotnet\sdk\10.0.201\Sdks\Microsoft.NET.Sdk\targets\Microsoft.NET.Sdk.targets (204,5)
       C:\Program Files\dotnet\sdk\10.0.201\Sdks\Microsoft.NET.Sdk\targets\Microsoft.NET.Sdk.targets(213,5): message : Property reassignment: $(CoreCleanDependsOn)="
       C:\Program Files\dotnet\sdk\10.0.201\Sdks\Microsoft.NET.Sdk\targets\Microsoft.NET.Sdk.targets(213,5): message :       _SdkBeforeClean;
       C:\Program Files\dotnet\sdk\10.0.201\Sdks\Microsoft.NET.Sdk\targets\Microsoft.NET.Sdk.targets(213,5): message :       
       C:\Program Files\dotnet\sdk\10.0.201\Sdks\Microsoft.NET.Sdk\targets\Microsoft.NET.Sdk.targets(213,5): message :     " (previous value: "") at C:\Program Files\dotnet\sdk\10.0.201\Sdks\Microsoft.NET.Sdk\targets\Microsoft.NET.Sdk.targets (213,5)
       C:\Program Files\dotnet\sdk\10.0.201\Sdks\Microsoft.NET.Sdk\targets\Microsoft.NET.Sdk.targets(220,5): message : Property reassignment: $(RebuildDependsOn)="
       C:\Program Files\dotnet\sdk\10.0.201\Sdks\Microsoft.NET.Sdk\targets\Microsoft.NET.Sdk.targets(220,5): message :       _SdkBeforeRebuild;
       C:\Program Files\dotnet\sdk\10.0.201\Sdks\Microsoft.NET.Sdk\targets\Microsoft.NET.Sdk.targets(220,5): message :       
       C:\Program Files\dotnet\sdk\10.0.201\Sdks\Microsoft.NET.Sdk\targets\Microsoft.NET.Sdk.targets(220,5): message :       BeforeRebuild;
       C:\Program Files\dotnet\sdk\10.0.201\Sdks\Microsoft.NET.Sdk\targets\Microsoft.NET.Sdk.targets(220,5): message :       Clean;
       C:\Program Files\dotnet\sdk\10.0.201\Sdks\Microsoft.NET.Sdk\targets\Microsoft.NET.Sdk.targets(220,5): message :       Build;
       C:\Program Files\dotnet\sdk\10.0.201\Sdks\Microsoft.NET.Sdk\targets\Microsoft.NET.Sdk.targets(220,5): message :       AfterRebuild;
       C:\Program Files\dotnet\sdk\10.0.201\Sdks\Microsoft.NET.Sdk\targets\Microsoft.NET.Sdk.targets(220,5): message :     
       C:\Program Files\dotnet\sdk\10.0.201\Sdks\Microsoft.NET.Sdk\targets\Microsoft.NET.Sdk.targets(220,5): message :     " (previous value: "
       C:\Program Files\dotnet\sdk\10.0.201\Sdks\Microsoft.NET.Sdk\targets\Microsoft.NET.Sdk.targets(220,5): message :       BeforeRebuild;
       C:\Program Files\dotnet\sdk\10.0.201\Sdks\Microsoft.NET.Sdk\targets\Microsoft.NET.Sdk.targets(220,5): message :       Clean;
       C:\Program Files\dotnet\sdk\10.0.201\Sdks\Microsoft.NET.Sdk\targets\Microsoft.NET.Sdk.targets(220,5): message :       Build;
       C:\Program Files\dotnet\sdk\10.0.201\Sdks\Microsoft.NET.Sdk\targets\Microsoft.NET.Sdk.targets(220,5): message :       AfterRebuild;
       C:\Program Files\dotnet\sdk\10.0.201\Sdks\Microsoft.NET.Sdk\targets\Microsoft.NET.Sdk.targets(220,5): message :     ") at C:\Program Files\dotnet\sdk\10.0.201\Sdks\Microsoft.NET.Sdk\targets\Microsoft.NET.Sdk.targets (220,5)
       C:\Program Files\dotnet\sdk\10.0.201\Sdks\Microsoft.NET.Sdk\targets\Microsoft.NET.Sdk.targets(799,5): message : Property reassignment: $(CompileDependsOn)="
       C:\Program Files\dotnet\sdk\10.0.201\Sdks\Microsoft.NET.Sdk\targets\Microsoft.NET.Sdk.targets(799,5): message :       
       C:\Program Files\dotnet\sdk\10.0.201\Sdks\Microsoft.NET.Sdk\targets\Microsoft.NET.Sdk.targets(799,5): message :       ResolveReferences;
       C:\Program Files\dotnet\sdk\10.0.201\Sdks\Microsoft.NET.Sdk\targets\Microsoft.NET.Sdk.targets(799,5): message :       ResolveKeySource;
       C:\Program Files\dotnet\sdk\10.0.201\Sdks\Microsoft.NET.Sdk\targets\Microsoft.NET.Sdk.targets(799,5): message :       SetWin32ManifestProperties;
       C:\Program Files\dotnet\sdk\10.0.201\Sdks\Microsoft.NET.Sdk\targets\Microsoft.NET.Sdk.targets(799,5): message :       _SetPreferNativeArm64Win32ManifestProperties;
       C:\Program Files\dotnet\sdk\10.0.201\Sdks\Microsoft.NET.Sdk\targets\Microsoft.NET.Sdk.targets(799,5): message :       FindReferenceAssembliesForReferences;
       C:\Program Files\dotnet\sdk\10.0.201\Sdks\Microsoft.NET.Sdk\targets\Microsoft.NET.Sdk.targets(799,5): message :       _GenerateCompileInputs;
       C:\Program Files\dotnet\sdk\10.0.201\Sdks\Microsoft.NET.Sdk\targets\Microsoft.NET.Sdk.targets(799,5): message :       BeforeCompile;
       C:\Program Files\dotnet\sdk\10.0.201\Sdks\Microsoft.NET.Sdk\targets\Microsoft.NET.Sdk.targets(799,5): message :       _TimeStampBeforeCompile;
       C:\Program Files\dotnet\sdk\10.0.201\Sdks\Microsoft.NET.Sdk\targets\Microsoft.NET.Sdk.targets(799,5): message :       _GenerateCompileDependencyCache;
       C:\Program Files\dotnet\sdk\10.0.201\Sdks\Microsoft.NET.Sdk\targets\Microsoft.NET.Sdk.targets(799,5): message :       CoreCompile;
       C:\Program Files\dotnet\sdk\10.0.201\Sdks\Microsoft.NET.Sdk\targets\Microsoft.NET.Sdk.targets(799,5): message :       _TimeStampAfterCompile;
       C:\Program Files\dotnet\sdk\10.0.201\Sdks\Microsoft.NET.Sdk\targets\Microsoft.NET.Sdk.targets(799,5): message :       AfterCompile;
       C:\Program Files\dotnet\sdk\10.0.201\Sdks\Microsoft.NET.Sdk\targets\Microsoft.NET.Sdk.targets(799,5): message :     ;
       C:\Program Files\dotnet\sdk\10.0.201\Sdks\Microsoft.NET.Sdk\targets\Microsoft.NET.Sdk.targets(799,5): message :       _CreateAppHost;
       C:\Program Files\dotnet\sdk\10.0.201\Sdks\Microsoft.NET.Sdk\targets\Microsoft.NET.Sdk.targets(799,5): message :       _CreateComHost;
       C:\Program Files\dotnet\sdk\10.0.201\Sdks\Microsoft.NET.Sdk\targets\Microsoft.NET.Sdk.targets(799,5): message :       _GetIjwHostPaths;
       C:\Program Files\dotnet\sdk\10.0.201\Sdks\Microsoft.NET.Sdk\targets\Microsoft.NET.Sdk.targets(799,5): message :     " (previous value: "
       C:\Program Files\dotnet\sdk\10.0.201\Sdks\Microsoft.NET.Sdk\targets\Microsoft.NET.Sdk.targets(799,5): message :       ResolveReferences;
       C:\Program Files\dotnet\sdk\10.0.201\Sdks\Microsoft.NET.Sdk\targets\Microsoft.NET.Sdk.targets(799,5): message :       ResolveKeySource;
       C:\Program Files\dotnet\sdk\10.0.201\Sdks\Microsoft.NET.Sdk\targets\Microsoft.NET.Sdk.targets(799,5): message :       SetWin32ManifestProperties;
       C:\Program Files\dotnet\sdk\10.0.201\Sdks\Microsoft.NET.Sdk\targets\Microsoft.NET.Sdk.targets(799,5): message :       _SetPreferNativeArm64Win32ManifestProperties;
       C:\Program Files\dotnet\sdk\10.0.201\Sdks\Microsoft.NET.Sdk\targets\Microsoft.NET.Sdk.targets(799,5): message :       FindReferenceAssembliesForReferences;
       C:\Program Files\dotnet\sdk\10.0.201\Sdks\Microsoft.NET.Sdk\targets\Microsoft.NET.Sdk.targets(799,5): message :       _GenerateCompileInputs;
       C:\Program Files\dotnet\sdk\10.0.201\Sdks\Microsoft.NET.Sdk\targets\Microsoft.NET.Sdk.targets(799,5): message :       BeforeCompile;
       C:\Program Files\dotnet\sdk\10.0.201\Sdks\Microsoft.NET.Sdk\targets\Microsoft.NET.Sdk.targets(799,5): message :       _TimeStampBeforeCompile;
       C:\Program Files\dotnet\sdk\10.0.201\Sdks\Microsoft.NET.Sdk\targets\Microsoft.NET.Sdk.targets(799,5): message :       _GenerateCompileDependencyCache;
       C:\Program Files\dotnet\sdk\10.0.201\Sdks\Microsoft.NET.Sdk\targets\Microsoft.NET.Sdk.targets(799,5): message :       CoreCompile;
       C:\Program Files\dotnet\sdk\10.0.201\Sdks\Microsoft.NET.Sdk\targets\Microsoft.NET.Sdk.targets(799,5): message :       _TimeStampAfterCompile;
       C:\Program Files\dotnet\sdk\10.0.201\Sdks\Microsoft.NET.Sdk\targets\Microsoft.NET.Sdk.targets(799,5): message :       AfterCompile;
       C:\Program Files\dotnet\sdk\10.0.201\Sdks\Microsoft.NET.Sdk\targets\Microsoft.NET.Sdk.targets(799,5): message :     ") at C:\Program Files\dotnet\sdk\10.0.201\Sdks\Microsoft.NET.Sdk\targets\Microsoft.NET.Sdk.targets (799,5)
       C:\Program Files\dotnet\sdk\10.0.201\Sdks\Microsoft.NET.Sdk\targets\Microsoft.NET.Sdk.targets(1131,5): message : Property reassignment: $(CreateSatelliteAssembliesDependsOn)="
       C:\Program Files\dotnet\sdk\10.0.201\Sdks\Microsoft.NET.Sdk\targets\Microsoft.NET.Sdk.targets(1131,5): message :       
       C:\Program Files\dotnet\sdk\10.0.201\Sdks\Microsoft.NET.Sdk\targets\Microsoft.NET.Sdk.targets(1131,5): message :       ;
       C:\Program Files\dotnet\sdk\10.0.201\Sdks\Microsoft.NET.Sdk\targets\Microsoft.NET.Sdk.targets(1131,5): message :       _GenerateSatelliteAssemblyInputs;
       C:\Program Files\dotnet\sdk\10.0.201\Sdks\Microsoft.NET.Sdk\targets\Microsoft.NET.Sdk.targets(1131,5): message :       ComputeIntermediateSatelliteAssemblies;
       C:\Program Files\dotnet\sdk\10.0.201\Sdks\Microsoft.NET.Sdk\targets\Microsoft.NET.Sdk.targets(1131,5): message :       GenerateSatelliteAssemblies
       C:\Program Files\dotnet\sdk\10.0.201\Sdks\Microsoft.NET.Sdk\targets\Microsoft.NET.Sdk.targets(1131,5): message :     ;
       C:\Program Files\dotnet\sdk\10.0.201\Sdks\Microsoft.NET.Sdk\targets\Microsoft.NET.Sdk.targets(1131,5): message :       CoreGenerateSatelliteAssemblies
       C:\Program Files\dotnet\sdk\10.0.201\Sdks\Microsoft.NET.Sdk\targets\Microsoft.NET.Sdk.targets(1131,5): message :     " (previous value: "
       C:\Program Files\dotnet\sdk\10.0.201\Sdks\Microsoft.NET.Sdk\targets\Microsoft.NET.Sdk.targets(1131,5): message :       ;
       C:\Program Files\dotnet\sdk\10.0.201\Sdks\Microsoft.NET.Sdk\targets\Microsoft.NET.Sdk.targets(1131,5): message :       _GenerateSatelliteAssemblyInputs;
       C:\Program Files\dotnet\sdk\10.0.201\Sdks\Microsoft.NET.Sdk\targets\Microsoft.NET.Sdk.targets(1131,5): message :       ComputeIntermediateSatelliteAssemblies;
       C:\Program Files\dotnet\sdk\10.0.201\Sdks\Microsoft.NET.Sdk\targets\Microsoft.NET.Sdk.targets(1131,5): message :       GenerateSatelliteAssemblies
       C:\Program Files\dotnet\sdk\10.0.201\Sdks\Microsoft.NET.Sdk\targets\Microsoft.NET.Sdk.targets(1131,5): message :     ") at C:\Program Files\dotnet\sdk\10.0.201\Sdks\Microsoft.NET.Sdk\targets\Microsoft.NET.Sdk.targets (1131,5)
       C:\Program Files\dotnet\sdk\10.0.201\Sdks\Microsoft.SourceLink.GitLab\build\Microsoft.SourceLink.GitLab.targets(12,5): message : Property reassignment: $(SourceLinkUrlInitializerTargets)=";_InitializeGitHubSourceLinkUrl;_InitializeGitLabSourceLinkUrl" (previous value: ";_InitializeGitHubSourceLinkUrl") at C:\Program Files\dotnet\sdk\10.0.201\Sdks\Microsoft.SourceLink.GitLab\build\Microsoft.SourceLink.GitLab.targets (12,5)
       C:\Program Files\dotnet\sdk\10.0.201\Sdks\Microsoft.SourceLink.GitLab\build\Microsoft.SourceLink.GitLab.targets(13,5): message : Property reassignment: $(SourceControlManagerUrlTranslationTargets)=";TranslateGitHubUrlsInSourceControlInformation;TranslateGitLabUrlsInSourceControlInformation" (previous value: ";TranslateGitHubUrlsInSourceControlInformation") at C:\Program Files\dotnet\sdk\10.0.201\Sdks\Microsoft.SourceLink.GitLab\build\Microsoft.SourceLink.GitLab.targets (13,5)
       C:\Program Files\dotnet\sdk\10.0.201\Sdks\Microsoft.SourceLink.AzureRepos.Git\build\Microsoft.SourceLink.AzureRepos.Git.targets(12,5): message : Property reassignment: $(SourceLinkUrlInitializerTargets)=";_InitializeGitHubSourceLinkUrl;_InitializeGitLabSourceLinkUrl;_InitializeAzureReposGitSourceLinkUrl" (previous value: ";_InitializeGitHubSourceLinkUrl;_InitializeGitLabSourceLinkUrl") at C:\Program Files\dotnet\sdk\10.0.201\Sdks\Microsoft.SourceLink.AzureRepos.Git\build\Microsoft.SourceLink.AzureRepos.Git.targets (12,5)
       C:\Program Files\dotnet\sdk\10.0.201\Sdks\Microsoft.SourceLink.AzureRepos.Git\build\Microsoft.SourceLink.AzureRepos.Git.targets(13,5): message : Property reassignment: $(SourceControlManagerUrlTranslationTargets)=";TranslateGitHubUrlsInSourceControlInformation;TranslateGitLabUrlsInSourceControlInformation;TranslateAzureReposGitUrlsInSourceControlInformation" (previous value: ";TranslateGitHubUrlsInSourceControlInformation;TranslateGitLabUrlsInSourceControlInformation") at C:\Program Files\dotnet\sdk\10.0.201\Sdks\Microsoft.SourceLink.AzureRepos.Git\build\Microsoft.SourceLink.AzureRepos.Git.targets (13,5)
       C:\Program Files\dotnet\sdk\10.0.201\Sdks\Microsoft.SourceLink.Bitbucket.Git\build\Microsoft.SourceLink.Bitbucket.Git.targets(12,5): message : Property reassignment: $(SourceLinkUrlInitializerTargets)=";_InitializeGitHubSourceLinkUrl;_InitializeGitLabSourceLinkUrl;_InitializeAzureReposGitSourceLinkUrl;_InitializeBitbucketGitSourceLinkUrl" (previous value: ";_InitializeGitHubSourceLinkUrl;_InitializeGitLabSourceLinkUrl;_InitializeAzureReposGitSourceLinkUrl") at C:\Program Files\dotnet\sdk\10.0.201\Sdks\Microsoft.SourceLink.Bitbucket.Git\build\Microsoft.SourceLink.Bitbucket.Git.targets (12,5)
       C:\Program Files\dotnet\sdk\10.0.201\Sdks\Microsoft.SourceLink.Bitbucket.Git\build\Microsoft.SourceLink.Bitbucket.Git.targets(13,5): message : Property reassignment: $(SourceControlManagerUrlTranslationTargets)=";TranslateGitHubUrlsInSourceControlInformation;TranslateGitLabUrlsInSourceControlInformation;TranslateAzureReposGitUrlsInSourceControlInformation;TranslateBitbucketGitUrlsInSourceControlInformation" (previous value: ";TranslateGitHubUrlsInSourceControlInformation;TranslateGitLabUrlsInSourceControlInformation;TranslateAzureReposGitUrlsInSourceControlInformation") at C:\Program Files\dotnet\sdk\10.0.201\Sdks\Microsoft.SourceLink.Bitbucket.Git\build\Microsoft.SourceLink.Bitbucket.Git.targets (13,5)
       C:\Program Files\dotnet\sdk\10.0.201\Sdks\Microsoft.NET.Sdk\targets\Microsoft.NET.DesignerSupport.targets(21,5): message : Property reassignment: $(DesignerRuntimeImplementationProjectOutputGroupDependsOn)="
       C:\Program Files\dotnet\sdk\10.0.201\Sdks\Microsoft.NET.Sdk\targets\Microsoft.NET.DesignerSupport.targets(21,5): message :       
       C:\Program Files\dotnet\sdk\10.0.201\Sdks\Microsoft.NET.Sdk\targets\Microsoft.NET.DesignerSupport.targets(21,5): message :       ;
       C:\Program Files\dotnet\sdk\10.0.201\Sdks\Microsoft.NET.Sdk\targets\Microsoft.NET.DesignerSupport.targets(21,5): message :       
       C:\Program Files\dotnet\sdk\10.0.201\Sdks\Microsoft.NET.Sdk\targets\Microsoft.NET.DesignerSupport.targets(21,5): message :       ;
       C:\Program Files\dotnet\sdk\10.0.201\Sdks\Microsoft.NET.Sdk\targets\Microsoft.NET.DesignerSupport.targets(21,5): message :       BuildOnlySettings;
       C:\Program Files\dotnet\sdk\10.0.201\Sdks\Microsoft.NET.Sdk\targets\Microsoft.NET.DesignerSupport.targets(21,5): message :       PrepareForBuild;
       C:\Program Files\dotnet\sdk\10.0.201\Sdks\Microsoft.NET.Sdk\targets\Microsoft.NET.DesignerSupport.targets(21,5): message :       AssignTargetPaths;
       C:\Program Files\dotnet\sdk\10.0.201\Sdks\Microsoft.NET.Sdk\targets\Microsoft.NET.DesignerSupport.targets(21,5): message :       ResolveReferences
       C:\Program Files\dotnet\sdk\10.0.201\Sdks\Microsoft.NET.Sdk\targets\Microsoft.NET.DesignerSupport.targets(21,5): message :     
       C:\Program Files\dotnet\sdk\10.0.201\Sdks\Microsoft.NET.Sdk\targets\Microsoft.NET.DesignerSupport.targets(21,5): message :     ;
       C:\Program Files\dotnet\sdk\10.0.201\Sdks\Microsoft.NET.Sdk\targets\Microsoft.NET.DesignerSupport.targets(21,5): message :       _GenerateDesignerDepsFile;
       C:\Program Files\dotnet\sdk\10.0.201\Sdks\Microsoft.NET.Sdk\targets\Microsoft.NET.DesignerSupport.targets(21,5): message :       _GenerateDesignerRuntimeConfigFile;
       C:\Program Files\dotnet\sdk\10.0.201\Sdks\Microsoft.NET.Sdk\targets\Microsoft.NET.DesignerSupport.targets(21,5): message :       GetCopyToOutputDirectoryItems;
       C:\Program Files\dotnet\sdk\10.0.201\Sdks\Microsoft.NET.Sdk\targets\Microsoft.NET.DesignerSupport.targets(21,5): message :       _GatherDesignerShadowCopyFiles;
       C:\Program Files\dotnet\sdk\10.0.201\Sdks\Microsoft.NET.Sdk\targets\Microsoft.NET.DesignerSupport.targets(21,5): message :     " (previous value: "
       C:\Program Files\dotnet\sdk\10.0.201\Sdks\Microsoft.NET.Sdk\targets\Microsoft.NET.DesignerSupport.targets(21,5): message :       ;
       C:\Program Files\dotnet\sdk\10.0.201\Sdks\Microsoft.NET.Sdk\targets\Microsoft.NET.DesignerSupport.targets(21,5): message :       
       C:\Program Files\dotnet\sdk\10.0.201\Sdks\Microsoft.NET.Sdk\targets\Microsoft.NET.DesignerSupport.targets(21,5): message :       ;
       C:\Program Files\dotnet\sdk\10.0.201\Sdks\Microsoft.NET.Sdk\targets\Microsoft.NET.DesignerSupport.targets(21,5): message :       BuildOnlySettings;
       C:\Program Files\dotnet\sdk\10.0.201\Sdks\Microsoft.NET.Sdk\targets\Microsoft.NET.DesignerSupport.targets(21,5): message :       PrepareForBuild;
       C:\Program Files\dotnet\sdk\10.0.201\Sdks\Microsoft.NET.Sdk\targets\Microsoft.NET.DesignerSupport.targets(21,5): message :       AssignTargetPaths;
       C:\Program Files\dotnet\sdk\10.0.201\Sdks\Microsoft.NET.Sdk\targets\Microsoft.NET.DesignerSupport.targets(21,5): message :       ResolveReferences
       C:\Program Files\dotnet\sdk\10.0.201\Sdks\Microsoft.NET.Sdk\targets\Microsoft.NET.DesignerSupport.targets(21,5): message :     
       C:\Program Files\dotnet\sdk\10.0.201\Sdks\Microsoft.NET.Sdk\targets\Microsoft.NET.DesignerSupport.targets(21,5): message :     ") at C:\Program Files\dotnet\sdk\10.0.201\Sdks\Microsoft.NET.Sdk\targets\Microsoft.NET.DesignerSupport.targets (21,5)
       C:\Program Files\dotnet\sdk\10.0.201\Sdks\Microsoft.NET.Sdk\targets\Microsoft.NET.Sdk.CSharp.targets(31,5): message : Property reassignment: $(DefineConstants)="TRACE;DEBUG" (previous value: "TRACE") at C:\Program Files\dotnet\sdk\10.0.201\Sdks\Microsoft.NET.Sdk\targets\Microsoft.NET.Sdk.CSharp.targets (31,5)
       C:\Program Files\dotnet\sdk\10.0.201\Sdks\Microsoft.NET.Sdk\targets\Microsoft.NET.Sdk.CSharp.targets(45,5): message : Property reassignment: $(WarningsAsErrors)=";NU1605;SYSLIB0011" (previous value: ";NU1605") at C:\Program Files\dotnet\sdk\10.0.201\Sdks\Microsoft.NET.Sdk\targets\Microsoft.NET.Sdk.CSharp.targets (45,5)
       C:\Program Files\dotnet\sdk\10.0.201\NuGet.Build.Tasks.Pack.targets(34,5): message : Property reassignment: $(PackageDescription)="Package Description" (previous value: "") at C:\Program Files\dotnet\sdk\10.0.201\NuGet.Build.Tasks.Pack.targets (34,5)
       C:\Program Files\dotnet\sdk\10.0.201\NuGet.Build.Tasks.Pack.targets(59,5): message : Property reassignment: $(GenerateNuspecDependsOn)="Build;_LoadPackInputItems; _GetTargetFrameworksOutput; _WalkEachTargetPerFramework; _GetPackageFiles; " (previous value: "_LoadPackInputItems; _GetTargetFrameworksOutput; _WalkEachTargetPerFramework; _GetPackageFiles; ") at C:\Program Files\dotnet\sdk\10.0.201\NuGet.Build.Tasks.Pack.targets (59,5)
       C:\Program Files\dotnet\sdk\10.0.201\Sdks\Microsoft.NET.Sdk\Sdk\Sdk.targets(59,5): message : Property reassignment: $(_IsNotSetContainersTargetsDir)="true" (previous value: "false") at C:\Program Files\dotnet\sdk\10.0.201\Sdks\Microsoft.NET.Sdk\Sdk\Sdk.targets (59,5)
       C:\Program Files\dotnet\sdk\10.0.201\Containers\build\Microsoft.NET.Build.Containers.targets(5,5): message : Property reassignment: $(_IsSDKContainerAllowedVersion)="true" (previous value: "false") at C:\Program Files\dotnet\sdk\10.0.201\Containers\build\Microsoft.NET.Build.Containers.targets (5,5)
       C:\Program Files\dotnet\sdk\10.0.201\Containers\build\Microsoft.NET.Build.Containers.targets(15,5): message : Property reassignment: $(_ContainerIsTargetingNet8TFM)="true" (previous value: "false") at C:\Program Files\dotnet\sdk\10.0.201\Containers\build\Microsoft.NET.Build.Containers.targets (15,5)
       Overriding target "ResolveFrameworkReferences" in project "C:\Program Files\dotnet\sdk\10.0.201\Microsoft.Common.CurrentVersion.targets" with target "ResolveFrameworkReferences" from project "C:\Program Files\dotnet\sdk\10.0.201\Sdks\Microsoft.NET.Sdk\targets\Microsoft.NET.Sdk.FrameworkReferenceResolution.targets".
       Overriding target "GenerateSupportedTargetFrameworkAlias" in project "C:\Program Files\dotnet\sdk\10.0.201\Microsoft.Common.CurrentVersion.targets" with target "GenerateSupportedTargetFrameworkAlias" from project "C:\Program Files\dotnet\sdk\10.0.201\Sdks\Microsoft.NET.Sdk\targets\Microsoft.NET.Sdk.targets".
       Overriding target "GetReferenceAssemblyPaths" in project "C:\Program Files\dotnet\sdk\10.0.201\Microsoft.Common.CurrentVersion.targets" with target "GetReferenceAssemblyPaths" from project "C:\Program Files\dotnet\sdk\10.0.201\Sdks\Microsoft.NET.Sdk\targets\Microsoft.NET.DisableStandardFrameworkResolution.targets".
       Overriding target "GetFrameworkPaths" in project "C:\Program Files\dotnet\sdk\10.0.201\Microsoft.Common.CurrentVersion.targets" with target "GetFrameworkPaths" from project "C:\Program Files\dotnet\sdk\10.0.201\Sdks\Microsoft.NET.Sdk\targets\Microsoft.NET.DisableStandardFrameworkResolution.targets".
       Overriding target "DesignerRuntimeImplementationProjectOutputGroup" in project "C:\Program Files\dotnet\sdk\10.0.201\Microsoft.Common.CurrentVersion.targets" with target "DesignerRuntimeImplementationProjectOutputGroup" from project "C:\Program Files\dotnet\sdk\10.0.201\Sdks\Microsoft.NET.Sdk\targets\Microsoft.NET.DesignerSupport.targets".
       Overriding target "Publish" in project "C:\Program Files\dotnet\sdk\10.0.201\Microsoft.Common.CurrentVersion.targets" with target "Publish" from project "C:\Program Files\dotnet\sdk\10.0.201\Sdks\Microsoft.NET.Sdk\targets\Microsoft.NET.Publish.targets".
       Overriding target "ResolveReadyToRunCompilers" in project "C:\Program Files\dotnet\sdk\10.0.201\Sdks\Microsoft.NET.Sdk\targets\Microsoft.NET.CrossGen.targets" with target "ResolveReadyToRunCompilers" from project "C:\Program Files\dotnet\sdk\10.0.201\Sdks\Microsoft.NET.Sdk\targets\Microsoft.NET.Publish.targets".
       Overriding target "GetCopyToPublishDirectoryItems" in project "C:\Program Files\dotnet\sdk\10.0.201\Microsoft.Common.CurrentVersion.targets" with target "GetCopyToPublishDirectoryItems" from project "C:\Program Files\dotnet\sdk\10.0.201\Sdks\Microsoft.NET.Sdk\targets\Microsoft.NET.Publish.targets".
       Overriding target "Run" in project "C:\Program Files\dotnet\sdk\10.0.201\Microsoft.Common.CurrentVersion.targets" with target "Run" from project "C:\Program Files\dotnet\sdk\10.0.201\Sdks\Microsoft.NET.Sdk\targets\Microsoft.NET.Sdk.targets".
     1>Project "C:\Users\chuck\scratch\ETL-SQL\src\ETL-SQL.Engine\ETL-SQL.Engine.csproj" (1) is building "C:\Users\chuck\scratch\ETL-SQL\src\ETL-SQL.Engine\ETL-SQL.Engine.csproj" (1:2) on node 1 (_IsProjectRestoreSupported target(s)).
   1:2>Target "_IsProjectRestoreSupported" in file "C:\Program Files\dotnet\sdk\10.0.201\NuGet.targets" from project "C:\Users\chuck\scratch\ETL-SQL\src\ETL-SQL.Engine\ETL-SQL.Engine.csproj" (entry point):
   1:2>Done building target "_IsProjectRestoreSupported" in project "ETL-SQL.Engine.csproj".
   1:2>Done Building Project "C:\Users\chuck\scratch\ETL-SQL\src\ETL-SQL.Engine\ETL-SQL.Engine.csproj" (_IsProjectRestoreSupported target(s)).
     1>Done executing task "MSBuild".
       Assembly loaded during TaskRun: NuGet.Build.Tasks, Version=7.3.0.0, Culture=neutral, PublicKeyToken=31bf3856ad364e35 (location: C:\Program Files\dotnet\sdk\10.0.201\NuGet.Build.Tasks.dll, MVID: bb18c520-9da2-43c5-9560-6dac45021437, AssemblyLoadContext: MSBuild plugin C:\Program Files\dotnet\sdk\10.0.201\NuGet.Build.Tasks.dll)
       Assembly loaded during TaskRun: NuGet.Common, Version=7.3.0.0, Culture=neutral, PublicKeyToken=31bf3856ad364e35 (location: C:\Program Files\dotnet\sdk\10.0.201\NuGet.Common.dll, MVID: 678ca447-e461-409c-b2e4-33ae4a4c5189, AssemblyLoadContext: MSBuild plugin C:\Program Files\dotnet\sdk\10.0.201\NuGet.Build.Tasks.dll)
       Assembly loaded during TaskRun: NuGet.Commands, Version=7.3.0.0, Culture=neutral, PublicKeyToken=31bf3856ad364e35 (location: C:\Program Files\dotnet\sdk\10.0.201\NuGet.Commands.dll, MVID: b4b900b0-1d30-4bbb-8291-e73f0e9c8e19, AssemblyLoadContext: MSBuild plugin C:\Program Files\dotnet\sdk\10.0.201\NuGet.Build.Tasks.dll)
       Assembly loaded during TaskRun: NuGet.ProjectModel, Version=7.3.0.0, Culture=neutral, PublicKeyToken=31bf3856ad364e35 (location: C:\Program Files\dotnet\sdk\10.0.201\NuGet.ProjectModel.dll, MVID: 39a9f9ee-ebad-4de5-9b12-55e9e06fd91e, AssemblyLoadContext: MSBuild plugin C:\Program Files\dotnet\sdk\10.0.201\NuGet.Build.Tasks.dll)
       Using "WarnForInvalidProjectsTask" task from assembly "C:\Program Files\dotnet\sdk\10.0.201\NuGet.Build.Tasks.dll".
       Task "WarnForInvalidProjectsTask"
       Done executing task "WarnForInvalidProjectsTask".
     1>Done building target "_FilterRestoreGraphProjectInputItems" in project "ETL-SQL.Engine.csproj".
       Target "_FilterRestoreGraphProjectInputItems" skipped. Previously built successfully.
     1>Target "_GetAllRestoreProjectPathItems" in file "C:\Program Files\dotnet\sdk\10.0.201\NuGet.targets" from project "C:\Users\chuck\scratch\ETL-SQL\src\ETL-SQL.Engine\ETL-SQL.Engine.csproj" (target "_GenerateRestoreGraph" depends on it):
       Using "NuGetMessageTask" task from assembly "C:\Program Files\dotnet\sdk\10.0.201\NuGet.Build.Tasks.dll".
       Task "NuGetMessageTask"
         Determining projects to restore...
       Done executing task "NuGetMessageTask".
       Task "MSBuild"
         Global Properties:
           ExcludeRestorePackageImports=true
     1>Project "C:\Users\chuck\scratch\ETL-SQL\src\ETL-SQL.Engine\ETL-SQL.Engine.csproj" (1) is building "C:\Users\chuck\scratch\ETL-SQL\src\ETL-SQL.Engine\ETL-SQL.Engine.csproj" (1:3) on node 1 (_GenerateRestoreProjectPathWalk target(s)).
   1:3>Target "_GenerateRestoreProjectPathItemsPerFramework" in file "C:\Program Files\dotnet\sdk\10.0.201\NuGet.targets" from project "C:\Users\chuck\scratch\ETL-SQL\src\ETL-SQL.Engine\ETL-SQL.Engine.csproj" (target "_GenerateRestoreProjectPathItemsCurrentProject" depends on it):
   1:3>Using "ConvertToAbsolutePath" task from assembly "Microsoft.Build.Tasks.Core, Version=15.1.0.0, Culture=neutral, PublicKeyToken=b03f5f7f11d50a3a".
       Task "ConvertToAbsolutePath"
       Done executing task "ConvertToAbsolutePath".
   1:3>Done building target "_GenerateRestoreProjectPathItemsPerFramework" in project "ETL-SQL.Engine.csproj".
   1:3>Target "_GenerateRestoreProjectPathItemsCurrentProject" in file "C:\Program Files\dotnet\sdk\10.0.201\NuGet.targets" from project "C:\Users\chuck\scratch\ETL-SQL\src\ETL-SQL.Engine\ETL-SQL.Engine.csproj" (target "_GenerateRestoreProjectPathItems" depends on it):
   1:3>Done building target "_GenerateRestoreProjectPathItemsCurrentProject" in project "ETL-SQL.Engine.csproj".
   1:3>Target "_GenerateRestoreProjectPathItems" in file "C:\Program Files\dotnet\sdk\10.0.201\NuGet.targets" from project "C:\Users\chuck\scratch\ETL-SQL\src\ETL-SQL.Engine\ETL-SQL.Engine.csproj" (target "_GenerateRestoreProjectPathWalk" depends on it):
       Task "RemoveDuplicates"
       Done executing task "RemoveDuplicates".
   1:3>Done building target "_GenerateRestoreProjectPathItems" in project "ETL-SQL.Engine.csproj".
   1:3>Target "_GenerateRestoreProjectPathWalk" in file "C:\Program Files\dotnet\sdk\10.0.201\NuGet.targets" from project "C:\Users\chuck\scratch\ETL-SQL\src\ETL-SQL.Engine\ETL-SQL.Engine.csproj" (entry point):
       Task "MSBuild"
         Global Properties:
           ExcludeRestorePackageImports=true
     0>C:\Program Files\dotnet\sdk\10.0.201\Sdks\Microsoft.NET.Sdk\Sdk\Sdk.props(49,11): message : Property 'MSBuildExtensionsPath' with value 'C:\Program Files\dotnet\sdk\10.0.201\' expanded from the environment.
       C:\Program Files\dotnet\sdk\10.0.201\Current\Microsoft.Common.props(60,5): message : Property reassignment: $(MSBuildProjectExtensionsPath)="C:\Users\chuck\scratch\ETL-SQL\src\ETL-SQL.Core\obj\" (previous value: "obj\") at C:\Program Files\dotnet\sdk\10.0.201\Current\Microsoft.Common.props (60,5)
       C:\Program Files\dotnet\sdk\10.0.201\Current\Microsoft.Common.props(84,119): message : Property 'MSBuildUserExtensionsPath' with value 'C:\Users\chuck\AppData\Local\Microsoft\MSBuild' expanded from the environment.
       C:\Program Files\dotnet\sdk\10.0.201\Sdks\Microsoft.NET.Sdk\targets\Microsoft.NET.Sdk.props(90,5): message : Property reassignment: $(AssemblySearchPaths)="{CandidateAssemblyFiles};{HintPathFromItem}" (previous value: "{CandidateAssemblyFiles}") at C:\Program Files\dotnet\sdk\10.0.201\Sdks\Microsoft.NET.Sdk\targets\Microsoft.NET.Sdk.props (90,5)
       C:\Program Files\dotnet\sdk\10.0.201\Sdks\Microsoft.NET.Sdk\targets\Microsoft.NET.Sdk.props(91,5): message : Property reassignment: $(AssemblySearchPaths)="{CandidateAssemblyFiles};{HintPathFromItem};{TargetFrameworkDirectory}" (previous value: "{CandidateAssemblyFiles};{HintPathFromItem}") at C:\Program Files\dotnet\sdk\10.0.201\Sdks\Microsoft.NET.Sdk\targets\Microsoft.NET.Sdk.props (91,5)
       C:\Program Files\dotnet\sdk\10.0.201\Sdks\Microsoft.NET.Sdk\targets\Microsoft.NET.Sdk.props(92,5): message : Property reassignment: $(AssemblySearchPaths)="{CandidateAssemblyFiles};{HintPathFromItem};{TargetFrameworkDirectory};{RawFileName}" (previous value: "{CandidateAssemblyFiles};{HintPathFromItem};{TargetFrameworkDirectory}") at C:\Program Files\dotnet\sdk\10.0.201\Sdks\Microsoft.NET.Sdk\targets\Microsoft.NET.Sdk.props (92,5)
       C:\Users\chuck\scratch\ETL-SQL\src\ETL-SQL.Core\ETL-SQL.Core.csproj(7,5): message : Property reassignment: $(RootNamespace)="ETL_SQL.Core" (previous value: "ETL-SQL.Core") at C:\Users\chuck\scratch\ETL-SQL\src\ETL-SQL.Core\ETL-SQL.Core.csproj (7,5)
       C:\Program Files\dotnet\sdk\10.0.201\Sdks\Microsoft.NET.Sdk\targets\Microsoft.NET.Sdk.ImportPublishProfile.targets(28,5): message : Property reassignment: $(PublishProfileImported)="false" (previous value: "true") at C:\Program Files\dotnet\sdk\10.0.201\Sdks\Microsoft.NET.Sdk\targets\Microsoft.NET.Sdk.ImportPublishProfile.targets (28,5)
       C:\Program Files\dotnet\sdk\10.0.201\Sdks\Microsoft.NET.Sdk\targets\Microsoft.NET.TargetFrameworkInference.targets(81,5): message : Property reassignment: $(TargetPlatformVersion)="" (previous value: "0.0") at C:\Program Files\dotnet\sdk\10.0.201\Sdks\Microsoft.NET.Sdk\targets\Microsoft.NET.TargetFrameworkInference.targets (81,5)
       C:\Program Files\dotnet\sdk\10.0.201\Sdks\Microsoft.NET.Sdk\targets\Microsoft.NET.DefaultOutputPaths.targets(127,5): message : Property reassignment: $(DefaultItemExcludes)=";bin\Debug\/**;obj\Debug\/**" (previous value: ";bin\Debug\/**") at C:\Program Files\dotnet\sdk\10.0.201\Sdks\Microsoft.NET.Sdk\targets\Microsoft.NET.DefaultOutputPaths.targets (127,5)
       C:\Program Files\dotnet\sdk\10.0.201\Sdks\Microsoft.NET.Sdk\targets\Microsoft.NET.DefaultOutputPaths.targets(142,5): message : Property reassignment: $(OutputPath)="bin\Debug\net10.0\" (previous value: "bin\Debug\") at C:\Program Files\dotnet\sdk\10.0.201\Sdks\Microsoft.NET.Sdk\targets\Microsoft.NET.DefaultOutputPaths.targets (142,5)
       C:\Program Files\dotnet\sdk\10.0.201\Sdks\Microsoft.NET.Sdk\targets\Microsoft.NET.DefaultOutputPaths.targets(147,5): message : Property reassignment: $(IntermediateOutputPath)="obj\Debug\net10.0\" (previous value: "obj\Debug\") at C:\Program Files\dotnet\sdk\10.0.201\Sdks\Microsoft.NET.Sdk\targets\Microsoft.NET.DefaultOutputPaths.targets (147,5)
       C:\Program Files\dotnet\sdk\10.0.201\Sdks\Microsoft.NET.Sdk\targets\Microsoft.NET.Sdk.BeforeCommon.targets(379,5): message : Property reassignment: $(RoslynTargetsPath)="C:\Program Files\dotnet\sdk\10.0.201\Sdks\Microsoft.NET.Sdk\targets\..\..\..\Roslyn" (previous value: "C:\Program Files\dotnet\sdk\10.0.201\Roslyn") at C:\Program Files\dotnet\sdk\10.0.201\Sdks\Microsoft.NET.Sdk\targets\Microsoft.NET.Sdk.BeforeCommon.targets (379,5)
       C:\Program Files\dotnet\sdk\10.0.201\Roslyn\Microsoft.Managed.Core.targets(6,5): message : Property reassignment: $(_BuildTasksDirectory)="C:\Program Files\dotnet\sdk\10.0.201\Sdks\Microsoft.NET.Sdk\targets\..\..\..\Roslyn\" (previous value: "C:\Program Files\dotnet\sdk\10.0.201\Roslyn\") at C:\Program Files\dotnet\sdk\10.0.201\Roslyn\Microsoft.Managed.Core.targets (6,5)
       C:\Program Files\dotnet\sdk\10.0.201\Roslyn\Microsoft.CSharp.Core.targets(205,5): message : Property reassignment: $(CommandLineArgsForDesignTimeEvaluation)="-langversion:14.0 -define:TRACE" (previous value: "-langversion:14.0") at C:\Program Files\dotnet\sdk\10.0.201\Roslyn\Microsoft.CSharp.Core.targets (205,5)
       C:\Program Files\dotnet\sdk\10.0.201\Microsoft.Common.CurrentVersion.targets(175,5): message : Property reassignment: $(_DebugSymbolsProduced)="true" (previous value: "false") at C:\Program Files\dotnet\sdk\10.0.201\Microsoft.Common.CurrentVersion.targets (175,5)
       C:\Program Files\dotnet\sdk\10.0.201\Microsoft.Common.CurrentVersion.targets(185,5): message : Property reassignment: $(_DocumentationFileProduced)="false" (previous value: "true") at C:\Program Files\dotnet\sdk\10.0.201\Microsoft.Common.CurrentVersion.targets (185,5)
       C:\Program Files\dotnet\sdk\10.0.201\Microsoft.Common.CurrentVersion.targets(392,5): message : Property reassignment: $(MSBuildCopyMarkerName)="ETL-SQL..1BB1E47C" (previous value: "ETL-SQL.Core.csproj") at C:\Program Files\dotnet\sdk\10.0.201\Microsoft.Common.CurrentVersion.targets (392,5)
       C:\Program Files\dotnet\sdk\10.0.201\Microsoft.Common.CurrentVersion.targets(393,5): message : Property reassignment: $(MSBuildCopyMarkerName)="ETL-SQL..1BB1E47C.Up2Date" (previous value: "ETL-SQL..1BB1E47C") at C:\Program Files\dotnet\sdk\10.0.201\Microsoft.Common.CurrentVersion.targets (393,5)
       C:\Program Files\dotnet\sdk\10.0.201\Microsoft.Common.CurrentVersion.targets(541,5): message : Property reassignment: $(ProcessorArchitecture)="msil" (previous value: "") at C:\Program Files\dotnet\sdk\10.0.201\Microsoft.Common.CurrentVersion.targets (541,5)
       C:\Program Files\dotnet\sdk\10.0.201\Microsoft.Common.CurrentVersion.targets(580,5): message : Property reassignment: $(DelaySign)="" (previous value: "false") at C:\Program Files\dotnet\sdk\10.0.201\Microsoft.Common.CurrentVersion.targets (580,5)
       C:\Program Files\dotnet\sdk\10.0.201\Microsoft.Common.CurrentVersion.targets(2620,5): message : Property 'LOCALAPPDATA' with value 'C:\Users\chuck\AppData\Local' expanded from the environment.
       C:\Program Files\dotnet\sdk\10.0.201\Microsoft.Common.CurrentVersion.targets(3948,5): message : Property reassignment: $(_SGenGenerateSerializationAssembliesConfig)="Auto" (previous value: "") at C:\Program Files\dotnet\sdk\10.0.201\Microsoft.Common.CurrentVersion.targets (3948,5)
       C:\Program Files\dotnet\sdk\10.0.201\Microsoft.Common.CurrentVersion.targets(3949,5): message : Property reassignment: $(_SGenGenerateSerializationAssembliesConfig)="Off" (previous value: "Auto") at C:\Program Files\dotnet\sdk\10.0.201\Microsoft.Common.CurrentVersion.targets (3949,5)
       C:\Program Files\dotnet\sdk\10.0.201\Microsoft.Common.CurrentVersion.targets(5160,5): message : Property reassignment: $(_TargetsThatPrepareProjectReferences)="
       C:\Program Files\dotnet\sdk\10.0.201\Microsoft.Common.CurrentVersion.targets(5160,5): message :       AssignProjectConfiguration;
       C:\Program Files\dotnet\sdk\10.0.201\Microsoft.Common.CurrentVersion.targets(5160,5): message :       _SplitProjectReferencesByFileExistence
       C:\Program Files\dotnet\sdk\10.0.201\Microsoft.Common.CurrentVersion.targets(5160,5): message :     " (previous value: "_SplitProjectReferencesByFileExistence") at C:\Program Files\dotnet\sdk\10.0.201\Microsoft.Common.CurrentVersion.targets (5160,5)
       C:\Program Files\dotnet\sdk\10.0.201\Microsoft.Common.CurrentVersion.targets(6973,5): message : Property 'MSBuildExtensionsPath32' with value 'C:\Program Files\dotnet\sdk\10.0.201' expanded from the environment.
       The "NuGetInteractive" property is a global property, and cannot be modified.
       C:\Program Files\dotnet\sdk\10.0.201\Sdks\Microsoft.NET.Sdk\targets\Microsoft.PackageDependencyResolution.targets(24,5): message : Property reassignment: $(ProjectAssetsFile)="C:\Users\chuck\scratch\ETL-SQL\src\ETL-SQL.Core\obj\project.assets.json" (previous value: "C:\Users\chuck\scratch\ETL-SQL\src\ETL-SQL.Core\obj\/project.assets.json") at C:\Program Files\dotnet\sdk\10.0.201\Sdks\Microsoft.NET.Sdk\targets\Microsoft.PackageDependencyResolution.targets (24,5)
       C:\Program Files\dotnet\sdk\10.0.201\Sdks\Microsoft.NET.Sdk\targets\Microsoft.PackageDependencyResolution.targets(29,5): message : Property reassignment: $(ProjectAssetsCacheFile)="C:\Users\chuck\scratch\ETL-SQL\src\ETL-SQL.Core\obj\Debug\net10.0\ETL-SQL.Core.assets.cache" (previous value: "obj\Debug\net10.0\ETL-SQL.Core.assets.cache") at C:\Program Files\dotnet\sdk\10.0.201\Sdks\Microsoft.NET.Sdk\targets\Microsoft.PackageDependencyResolution.targets (29,5)
       C:\Program Files\dotnet\sdk\10.0.201\Sdks\Microsoft.NET.Sdk\targets\Microsoft.PackageDependencyResolution.targets(80,5): message : Property reassignment: $(ResolveAssemblyReferencesDependsOn)="
       C:\Program Files\dotnet\sdk\10.0.201\Sdks\Microsoft.NET.Sdk\targets\Microsoft.PackageDependencyResolution.targets(80,5): message :       
       C:\Program Files\dotnet\sdk\10.0.201\Sdks\Microsoft.NET.Sdk\targets\Microsoft.PackageDependencyResolution.targets(80,5): message :       ResolveProjectReferences;
       C:\Program Files\dotnet\sdk\10.0.201\Sdks\Microsoft.NET.Sdk\targets\Microsoft.PackageDependencyResolution.targets(80,5): message :       FindInvalidProjectReferences;
       C:\Program Files\dotnet\sdk\10.0.201\Sdks\Microsoft.NET.Sdk\targets\Microsoft.PackageDependencyResolution.targets(80,5): message :       GetFrameworkPaths;
       C:\Program Files\dotnet\sdk\10.0.201\Sdks\Microsoft.NET.Sdk\targets\Microsoft.PackageDependencyResolution.targets(80,5): message :       GetReferenceAssemblyPaths;
       C:\Program Files\dotnet\sdk\10.0.201\Sdks\Microsoft.NET.Sdk\targets\Microsoft.PackageDependencyResolution.targets(80,5): message :       PrepareForBuild;
       C:\Program Files\dotnet\sdk\10.0.201\Sdks\Microsoft.NET.Sdk\targets\Microsoft.PackageDependencyResolution.targets(80,5): message :       ResolveSDKReferences;
       C:\Program Files\dotnet\sdk\10.0.201\Sdks\Microsoft.NET.Sdk\targets\Microsoft.PackageDependencyResolution.targets(80,5): message :       ExpandSDKReferences;
       C:\Program Files\dotnet\sdk\10.0.201\Sdks\Microsoft.NET.Sdk\targets\Microsoft.PackageDependencyResolution.targets(80,5): message :     ;
       C:\Program Files\dotnet\sdk\10.0.201\Sdks\Microsoft.NET.Sdk\targets\Microsoft.PackageDependencyResolution.targets(80,5): message :       ResolvePackageDependenciesForBuild;
       C:\Program Files\dotnet\sdk\10.0.201\Sdks\Microsoft.NET.Sdk\targets\Microsoft.PackageDependencyResolution.targets(80,5): message :       _HandlePackageFileConflicts;
       C:\Program Files\dotnet\sdk\10.0.201\Sdks\Microsoft.NET.Sdk\targets\Microsoft.PackageDependencyResolution.targets(80,5): message :     " (previous value: "
       C:\Program Files\dotnet\sdk\10.0.201\Sdks\Microsoft.NET.Sdk\targets\Microsoft.PackageDependencyResolution.targets(80,5): message :       ResolveProjectReferences;
       C:\Program Files\dotnet\sdk\10.0.201\Sdks\Microsoft.NET.Sdk\targets\Microsoft.PackageDependencyResolution.targets(80,5): message :       FindInvalidProjectReferences;
       C:\Program Files\dotnet\sdk\10.0.201\Sdks\Microsoft.NET.Sdk\targets\Microsoft.PackageDependencyResolution.targets(80,5): message :       GetFrameworkPaths;
       C:\Program Files\dotnet\sdk\10.0.201\Sdks\Microsoft.NET.Sdk\targets\Microsoft.PackageDependencyResolution.targets(80,5): message :       GetReferenceAssemblyPaths;
       C:\Program Files\dotnet\sdk\10.0.201\Sdks\Microsoft.NET.Sdk\targets\Microsoft.PackageDependencyResolution.targets(80,5): message :       PrepareForBuild;
       C:\Program Files\dotnet\sdk\10.0.201\Sdks\Microsoft.NET.Sdk\targets\Microsoft.PackageDependencyResolution.targets(80,5): message :       ResolveSDKReferences;
       C:\Program Files\dotnet\sdk\10.0.201\Sdks\Microsoft.NET.Sdk\targets\Microsoft.PackageDependencyResolution.targets(80,5): message :       ExpandSDKReferences;
       C:\Program Files\dotnet\sdk\10.0.201\Sdks\Microsoft.NET.Sdk\targets\Microsoft.PackageDependencyResolution.targets(80,5): message :     ") at C:\Program Files\dotnet\sdk\10.0.201\Sdks\Microsoft.NET.Sdk\targets\Microsoft.PackageDependencyResolution.targets (80,5)
       C:\Program Files\dotnet\sdk\10.0.201\Sdks\Microsoft.NET.Sdk\targets\Microsoft.PackageDependencyResolution.targets(86,5): message : Property reassignment: $(PrepareResourcesDependsOn)="
       C:\Program Files\dotnet\sdk\10.0.201\Sdks\Microsoft.NET.Sdk\targets\Microsoft.PackageDependencyResolution.targets(86,5): message :       ResolvePackageDependenciesForBuild;
       C:\Program Files\dotnet\sdk\10.0.201\Sdks\Microsoft.NET.Sdk\targets\Microsoft.PackageDependencyResolution.targets(86,5): message :       _HandlePackageFileConflicts;
       C:\Program Files\dotnet\sdk\10.0.201\Sdks\Microsoft.NET.Sdk\targets\Microsoft.PackageDependencyResolution.targets(86,5): message :       
       C:\Program Files\dotnet\sdk\10.0.201\Sdks\Microsoft.NET.Sdk\targets\Microsoft.PackageDependencyResolution.targets(86,5): message :       ;
       C:\Program Files\dotnet\sdk\10.0.201\Sdks\Microsoft.NET.Sdk\targets\Microsoft.PackageDependencyResolution.targets(86,5): message :       PrepareResourceNames;
       C:\Program Files\dotnet\sdk\10.0.201\Sdks\Microsoft.NET.Sdk\targets\Microsoft.PackageDependencyResolution.targets(86,5): message :       ResGen;
       C:\Program Files\dotnet\sdk\10.0.201\Sdks\Microsoft.NET.Sdk\targets\Microsoft.PackageDependencyResolution.targets(86,5): message :       CompileLicxFiles
       C:\Program Files\dotnet\sdk\10.0.201\Sdks\Microsoft.NET.Sdk\targets\Microsoft.PackageDependencyResolution.targets(86,5): message :     
       C:\Program Files\dotnet\sdk\10.0.201\Sdks\Microsoft.NET.Sdk\targets\Microsoft.PackageDependencyResolution.targets(86,5): message :     " (previous value: "
       C:\Program Files\dotnet\sdk\10.0.201\Sdks\Microsoft.NET.Sdk\targets\Microsoft.PackageDependencyResolution.targets(86,5): message :       ;
       C:\Program Files\dotnet\sdk\10.0.201\Sdks\Microsoft.NET.Sdk\targets\Microsoft.PackageDependencyResolution.targets(86,5): message :       PrepareResourceNames;
       C:\Program Files\dotnet\sdk\10.0.201\Sdks\Microsoft.NET.Sdk\targets\Microsoft.PackageDependencyResolution.targets(86,5): message :       ResGen;
       C:\Program Files\dotnet\sdk\10.0.201\Sdks\Microsoft.NET.Sdk\targets\Microsoft.PackageDependencyResolution.targets(86,5): message :       CompileLicxFiles
       C:\Program Files\dotnet\sdk\10.0.201\Sdks\Microsoft.NET.Sdk\targets\Microsoft.PackageDependencyResolution.targets(86,5): message :     ") at C:\Program Files\dotnet\sdk\10.0.201\Sdks\Microsoft.NET.Sdk\targets\Microsoft.PackageDependencyResolution.targets (86,5)
       The "EnableDefaultCompileItems" property is a global property, and cannot be modified.
       The "EnableDefaultEmbeddedResourceItems" property is a global property, and cannot be modified.
       The "EnableDefaultNoneItems" property is a global property, and cannot be modified.
       C:\Program Files\dotnet\sdk\10.0.201\Sdks\Microsoft.NET.Sdk\targets\Microsoft.NET.Sdk.DefaultItems.targets(35,5): message : Property reassignment: $(DefaultItemExcludes)=";bin\Debug\/**;obj\Debug\/**;bin\/**" (previous value: ";bin\Debug\/**;obj\Debug\/**") at C:\Program Files\dotnet\sdk\10.0.201\Sdks\Microsoft.NET.Sdk\targets\Microsoft.NET.Sdk.DefaultItems.targets (35,5)
       C:\Program Files\dotnet\sdk\10.0.201\Sdks\Microsoft.NET.Sdk\targets\Microsoft.NET.Sdk.DefaultItems.targets(37,5): message : Property reassignment: $(DefaultItemExcludes)=";bin\Debug\/**;obj\Debug\/**;bin\/**;obj\/**" (previous value: ";bin\Debug\/**;obj\Debug\/**;bin\/**") at C:\Program Files\dotnet\sdk\10.0.201\Sdks\Microsoft.NET.Sdk\targets\Microsoft.NET.Sdk.DefaultItems.targets (37,5)
       C:\Program Files\dotnet\sdk\10.0.201\Sdks\Microsoft.NET.Sdk\targets\Microsoft.NET.Sdk.DefaultItems.targets(41,5): message : Property reassignment: $(DefaultItemExcludes)=";bin\Debug\/**;obj\Debug\/**;bin\/**;obj\/**;bin\Debug\net10.0\publish\/**" (previous value: ";bin\Debug\/**;obj\Debug\/**;bin\/**;obj\/**") at C:\Program Files\dotnet\sdk\10.0.201\Sdks\Microsoft.NET.Sdk\targets\Microsoft.NET.Sdk.DefaultItems.targets (41,5)
       C:\Program Files\dotnet\sdk\10.0.201\Sdks\Microsoft.NET.Sdk\targets\Microsoft.NET.Sdk.DefaultItems.targets(44,5): message : Property reassignment: $(DefaultItemExcludes)=";bin\Debug\/**;obj\Debug\/**;bin\/**;obj\/**;bin\Debug\net10.0\publish\/**;**/*.user" (previous value: ";bin\Debug\/**;obj\Debug\/**;bin\/**;obj\/**;bin\Debug\net10.0\publish\/**") at C:\Program Files\dotnet\sdk\10.0.201\Sdks\Microsoft.NET.Sdk\targets\Microsoft.NET.Sdk.DefaultItems.targets (44,5)
       C:\Program Files\dotnet\sdk\10.0.201\Sdks\Microsoft.NET.Sdk\targets\Microsoft.NET.Sdk.DefaultItems.targets(45,5): message : Property reassignment: $(DefaultItemExcludes)=";bin\Debug\/**;obj\Debug\/**;bin\/**;obj\/**;bin\Debug\net10.0\publish\/**;**/*.user;**/*.*proj" (previous value: ";bin\Debug\/**;obj\Debug\/**;bin\/**;obj\/**;bin\Debug\net10.0\publish\/**;**/*.user") at C:\Program Files\dotnet\sdk\10.0.201\Sdks\Microsoft.NET.Sdk\targets\Microsoft.NET.Sdk.DefaultItems.targets (45,5)
       C:\Program Files\dotnet\sdk\10.0.201\Sdks\Microsoft.NET.Sdk\targets\Microsoft.NET.Sdk.DefaultItems.targets(46,5): message : Property reassignment: $(DefaultItemExcludes)=";bin\Debug\/**;obj\Debug\/**;bin\/**;obj\/**;bin\Debug\net10.0\publish\/**;**/*.user;**/*.*proj;**/*.sln" (previous value: ";bin\Debug\/**;obj\Debug\/**;bin\/**;obj\/**;bin\Debug\net10.0\publish\/**;**/*.user;**/*.*proj") at C:\Program Files\dotnet\sdk\10.0.201\Sdks\Microsoft.NET.Sdk\targets\Microsoft.NET.Sdk.DefaultItems.targets (46,5)
       C:\Program Files\dotnet\sdk\10.0.201\Sdks\Microsoft.NET.Sdk\targets\Microsoft.NET.Sdk.DefaultItems.targets(47,5): message : Property reassignment: $(DefaultItemExcludes)=";bin\Debug\/**;obj\Debug\/**;bin\/**;obj\/**;bin\Debug\net10.0\publish\/**;**/*.user;**/*.*proj;**/*.sln;**/*.slnx" (previous value: ";bin\Debug\/**;obj\Debug\/**;bin\/**;obj\/**;bin\Debug\net10.0\publish\/**;**/*.user;**/*.*proj;**/*.sln") at C:\Program Files\dotnet\sdk\10.0.201\Sdks\Microsoft.NET.Sdk\targets\Microsoft.NET.Sdk.DefaultItems.targets (47,5)
       C:\Program Files\dotnet\sdk\10.0.201\Sdks\Microsoft.NET.Sdk\targets\Microsoft.NET.Sdk.DefaultItems.targets(48,5): message : Property reassignment: $(DefaultItemExcludes)=";bin\Debug\/**;obj\Debug\/**;bin\/**;obj\/**;bin\Debug\net10.0\publish\/**;**/*.user;**/*.*proj;**/*.sln;**/*.slnx;**/*.vssscc" (previous value: ";bin\Debug\/**;obj\Debug\/**;bin\/**;obj\/**;bin\Debug\net10.0\publish\/**;**/*.user;**/*.*proj;**/*.sln;**/*.slnx") at C:\Program Files\dotnet\sdk\10.0.201\Sdks\Microsoft.NET.Sdk\targets\Microsoft.NET.Sdk.DefaultItems.targets (48,5)
       C:\Program Files\dotnet\sdk\10.0.201\Sdks\Microsoft.NET.Sdk\targets\Microsoft.NET.Sdk.DefaultItems.targets(49,5): message : Property reassignment: $(DefaultItemExcludes)=";bin\Debug\/**;obj\Debug\/**;bin\/**;obj\/**;bin\Debug\net10.0\publish\/**;**/*.user;**/*.*proj;**/*.sln;**/*.slnx;**/*.vssscc;**/.DS_Store" (previous value: ";bin\Debug\/**;obj\Debug\/**;bin\/**;obj\/**;bin\Debug\net10.0\publish\/**;**/*.user;**/*.*proj;**/*.sln;**/*.slnx;**/*.vssscc") at C:\Program Files\dotnet\sdk\10.0.201\Sdks\Microsoft.NET.Sdk\targets\Microsoft.NET.Sdk.DefaultItems.targets (49,5)
       C:\Program Files\dotnet\sdk\10.0.201\Sdks\Microsoft.NET.Sdk\targets\Microsoft.NET.Sdk.FrameworkReferenceResolution.targets(14,5): message : Property reassignment: $(ResolveAssemblyReferencesDependsOn)="
       C:\Program Files\dotnet\sdk\10.0.201\Sdks\Microsoft.NET.Sdk\targets\Microsoft.NET.Sdk.FrameworkReferenceResolution.targets(14,5): message :       
       C:\Program Files\dotnet\sdk\10.0.201\Sdks\Microsoft.NET.Sdk\targets\Microsoft.NET.Sdk.FrameworkReferenceResolution.targets(14,5): message :       
       C:\Program Files\dotnet\sdk\10.0.201\Sdks\Microsoft.NET.Sdk\targets\Microsoft.NET.Sdk.FrameworkReferenceResolution.targets(14,5): message :       ResolveProjectReferences;
       C:\Program Files\dotnet\sdk\10.0.201\Sdks\Microsoft.NET.Sdk\targets\Microsoft.NET.Sdk.FrameworkReferenceResolution.targets(14,5): message :       FindInvalidProjectReferences;
       C:\Program Files\dotnet\sdk\10.0.201\Sdks\Microsoft.NET.Sdk\targets\Microsoft.NET.Sdk.FrameworkReferenceResolution.targets(14,5): message :       GetFrameworkPaths;
       C:\Program Files\dotnet\sdk\10.0.201\Sdks\Microsoft.NET.Sdk\targets\Microsoft.NET.Sdk.FrameworkReferenceResolution.targets(14,5): message :       GetReferenceAssemblyPaths;
       C:\Program Files\dotnet\sdk\10.0.201\Sdks\Microsoft.NET.Sdk\targets\Microsoft.NET.Sdk.FrameworkReferenceResolution.targets(14,5): message :       PrepareForBuild;
       C:\Program Files\dotnet\sdk\10.0.201\Sdks\Microsoft.NET.Sdk\targets\Microsoft.NET.Sdk.FrameworkReferenceResolution.targets(14,5): message :       ResolveSDKReferences;
       C:\Program Files\dotnet\sdk\10.0.201\Sdks\Microsoft.NET.Sdk\targets\Microsoft.NET.Sdk.FrameworkReferenceResolution.targets(14,5): message :       ExpandSDKReferences;
       C:\Program Files\dotnet\sdk\10.0.201\Sdks\Microsoft.NET.Sdk\targets\Microsoft.NET.Sdk.FrameworkReferenceResolution.targets(14,5): message :     ;
       C:\Program Files\dotnet\sdk\10.0.201\Sdks\Microsoft.NET.Sdk\targets\Microsoft.NET.Sdk.FrameworkReferenceResolution.targets(14,5): message :       ResolvePackageDependenciesForBuild;
       C:\Program Files\dotnet\sdk\10.0.201\Sdks\Microsoft.NET.Sdk\targets\Microsoft.NET.Sdk.FrameworkReferenceResolution.targets(14,5): message :       _HandlePackageFileConflicts;
       C:\Program Files\dotnet\sdk\10.0.201\Sdks\Microsoft.NET.Sdk\targets\Microsoft.NET.Sdk.FrameworkReferenceResolution.targets(14,5): message :     ;
       C:\Program Files\dotnet\sdk\10.0.201\Sdks\Microsoft.NET.Sdk\targets\Microsoft.NET.Sdk.FrameworkReferenceResolution.targets(14,5): message :       ResolveTargetingPackAssets;
       C:\Program Files\dotnet\sdk\10.0.201\Sdks\Microsoft.NET.Sdk\targets\Microsoft.NET.Sdk.FrameworkReferenceResolution.targets(14,5): message :     " (previous value: "
       C:\Program Files\dotnet\sdk\10.0.201\Sdks\Microsoft.NET.Sdk\targets\Microsoft.NET.Sdk.FrameworkReferenceResolution.targets(14,5): message :       
       C:\Program Files\dotnet\sdk\10.0.201\Sdks\Microsoft.NET.Sdk\targets\Microsoft.NET.Sdk.FrameworkReferenceResolution.targets(14,5): message :       ResolveProjectReferences;
       C:\Program Files\dotnet\sdk\10.0.201\Sdks\Microsoft.NET.Sdk\targets\Microsoft.NET.Sdk.FrameworkReferenceResolution.targets(14,5): message :       FindInvalidProjectReferences;
       C:\Program Files\dotnet\sdk\10.0.201\Sdks\Microsoft.NET.Sdk\targets\Microsoft.NET.Sdk.FrameworkReferenceResolution.targets(14,5): message :       GetFrameworkPaths;
       C:\Program Files\dotnet\sdk\10.0.201\Sdks\Microsoft.NET.Sdk\targets\Microsoft.NET.Sdk.FrameworkReferenceResolution.targets(14,5): message :       GetReferenceAssemblyPaths;
       C:\Program Files\dotnet\sdk\10.0.201\Sdks\Microsoft.NET.Sdk\targets\Microsoft.NET.Sdk.FrameworkReferenceResolution.targets(14,5): message :       PrepareForBuild;
       C:\Program Files\dotnet\sdk\10.0.201\Sdks\Microsoft.NET.Sdk\targets\Microsoft.NET.Sdk.FrameworkReferenceResolution.targets(14,5): message :       ResolveSDKReferences;
       C:\Program Files\dotnet\sdk\10.0.201\Sdks\Microsoft.NET.Sdk\targets\Microsoft.NET.Sdk.FrameworkReferenceResolution.targets(14,5): message :       ExpandSDKReferences;
       C:\Program Files\dotnet\sdk\10.0.201\Sdks\Microsoft.NET.Sdk\targets\Microsoft.NET.Sdk.FrameworkReferenceResolution.targets(14,5): message :     ;
       C:\Program Files\dotnet\sdk\10.0.201\Sdks\Microsoft.NET.Sdk\targets\Microsoft.NET.Sdk.FrameworkReferenceResolution.targets(14,5): message :       ResolvePackageDependenciesForBuild;
       C:\Program Files\dotnet\sdk\10.0.201\Sdks\Microsoft.NET.Sdk\targets\Microsoft.NET.Sdk.FrameworkReferenceResolution.targets(14,5): message :       _HandlePackageFileConflicts;
       C:\Program Files\dotnet\sdk\10.0.201\Sdks\Microsoft.NET.Sdk\targets\Microsoft.NET.Sdk.FrameworkReferenceResolution.targets(14,5): message :     ") at C:\Program Files\dotnet\sdk\10.0.201\Sdks\Microsoft.NET.Sdk\targets\Microsoft.NET.Sdk.FrameworkReferenceResolution.targets (14,5)
       C:\Program Files\dotnet\sdk\10.0.201\Sdks\Microsoft.NET.Sdk\targets\Microsoft.NET.Sdk.targets(44,5): message : Property reassignment: $(_GenerateRuntimeConfigurationPropertyInputsCache)="C:\Users\chuck\scratch\ETL-SQL\src\ETL-SQL.Core\obj\Debug\net10.0\ETL-SQL.Core.genruntimeconfig.cache" (previous value: "obj\Debug\net10.0\ETL-SQL.Core.genruntimeconfig.cache") at C:\Program Files\dotnet\sdk\10.0.201\Sdks\Microsoft.NET.Sdk\targets\Microsoft.NET.Sdk.targets (44,5)
       C:\Program Files\dotnet\sdk\10.0.201\Sdks\Microsoft.NET.Sdk\targets\Microsoft.NET.Sdk.targets(46,5): message : Property reassignment: $(_GeneratePublishDependencyFilePropertyInputsCache)="C:\Users\chuck\scratch\ETL-SQL\src\ETL-SQL.Core\obj\Debug\net10.0\ETL-SQL.Core.genpublishdeps.cache" (previous value: "obj\Debug\net10.0\ETL-SQL.Core.genpublishdeps.cache") at C:\Program Files\dotnet\sdk\10.0.201\Sdks\Microsoft.NET.Sdk\targets\Microsoft.NET.Sdk.targets (46,5)
       C:\Program Files\dotnet\sdk\10.0.201\Sdks\Microsoft.NET.Sdk\targets\Microsoft.NET.Sdk.targets(48,5): message : Property reassignment: $(_GenerateSingleFileBundlePropertyInputsCache)="C:\Users\chuck\scratch\ETL-SQL\src\ETL-SQL.Core\obj\Debug\net10.0\ETL-SQL.Core.genbundle.cache" (previous value: "obj\Debug\net10.0\ETL-SQL.Core.genbundle.cache") at C:\Program Files\dotnet\sdk\10.0.201\Sdks\Microsoft.NET.Sdk\targets\Microsoft.NET.Sdk.targets (48,5)
       C:\Program Files\dotnet\sdk\10.0.201\Sdks\Microsoft.NET.Sdk\targets\Microsoft.NET.Sdk.targets(81,5): message : Property reassignment: $(GenerateRuntimeConfigDevFile)="false" (previous value: "true") at C:\Program Files\dotnet\sdk\10.0.201\Sdks\Microsoft.NET.Sdk\targets\Microsoft.NET.Sdk.targets (81,5)
       C:\Program Files\dotnet\sdk\10.0.201\Sdks\Microsoft.NET.Sdk\targets\Microsoft.NET.Sdk.targets(98,5): message : Property 'USERPROFILE' with value 'C:\Users\chuck' expanded from the environment.
       C:\Program Files\dotnet\sdk\10.0.201\Sdks\Microsoft.NET.Sdk\targets\Microsoft.NET.Sdk.targets(98,5): message : Property reassignment: $(_DefaultUserProfileRuntimeStorePath)="C:\Users\chuck" (previous value: "") at C:\Program Files\dotnet\sdk\10.0.201\Sdks\Microsoft.NET.Sdk\targets\Microsoft.NET.Sdk.targets (98,5)
       C:\Program Files\dotnet\sdk\10.0.201\Sdks\Microsoft.NET.Sdk\targets\Microsoft.NET.Sdk.targets(99,5): message : Property reassignment: $(_DefaultUserProfileRuntimeStorePath)="C:\Users\chuck\.dotnet\store" (previous value: "C:\Users\chuck") at C:\Program Files\dotnet\sdk\10.0.201\Sdks\Microsoft.NET.Sdk\targets\Microsoft.NET.Sdk.targets (99,5)
       C:\Program Files\dotnet\sdk\10.0.201\Sdks\Microsoft.NET.Sdk\targets\Microsoft.NET.Sdk.targets(144,5): message : Property reassignment: $(AvailablePlatforms)="Any CPU,x86,x64,ARM32" (previous value: "Any CPU,x86,x64") at C:\Program Files\dotnet\sdk\10.0.201\Sdks\Microsoft.NET.Sdk\targets\Microsoft.NET.Sdk.targets (144,5)
       C:\Program Files\dotnet\sdk\10.0.201\Sdks\Microsoft.NET.Sdk\targets\Microsoft.NET.Sdk.targets(148,5): message : Property reassignment: $(AvailablePlatforms)="Any CPU,x86,x64,ARM32,ARM64" (previous value: "Any CPU,x86,x64,ARM32") at C:\Program Files\dotnet\sdk\10.0.201\Sdks\Microsoft.NET.Sdk\targets\Microsoft.NET.Sdk.targets (148,5)
       C:\Program Files\dotnet\sdk\10.0.201\Sdks\Microsoft.NET.Sdk\targets\Microsoft.NET.Sdk.targets(204,5): message : Property reassignment: $(CoreBuildDependsOn)="
       C:\Program Files\dotnet\sdk\10.0.201\Sdks\Microsoft.NET.Sdk\targets\Microsoft.NET.Sdk.targets(204,5): message :       _CheckForBuildWithNoBuild;
       C:\Program Files\dotnet\sdk\10.0.201\Sdks\Microsoft.NET.Sdk\targets\Microsoft.NET.Sdk.targets(204,5): message :       
       C:\Program Files\dotnet\sdk\10.0.201\Sdks\Microsoft.NET.Sdk\targets\Microsoft.NET.Sdk.targets(204,5): message :       BuildOnlySettings;
       C:\Program Files\dotnet\sdk\10.0.201\Sdks\Microsoft.NET.Sdk\targets\Microsoft.NET.Sdk.targets(204,5): message :       PrepareForBuild;
       C:\Program Files\dotnet\sdk\10.0.201\Sdks\Microsoft.NET.Sdk\targets\Microsoft.NET.Sdk.targets(204,5): message :       PreBuildEvent;
       C:\Program Files\dotnet\sdk\10.0.201\Sdks\Microsoft.NET.Sdk\targets\Microsoft.NET.Sdk.targets(204,5): message :       ResolveReferences;
       C:\Program Files\dotnet\sdk\10.0.201\Sdks\Microsoft.NET.Sdk\targets\Microsoft.NET.Sdk.targets(204,5): message :       PrepareResources;
       C:\Program Files\dotnet\sdk\10.0.201\Sdks\Microsoft.NET.Sdk\targets\Microsoft.NET.Sdk.targets(204,5): message :       ResolveKeySource;
       C:\Program Files\dotnet\sdk\10.0.201\Sdks\Microsoft.NET.Sdk\targets\Microsoft.NET.Sdk.targets(204,5): message :       Compile;
       C:\Program Files\dotnet\sdk\10.0.201\Sdks\Microsoft.NET.Sdk\targets\Microsoft.NET.Sdk.targets(204,5): message :       ExportWindowsMDFile;
       C:\Program Files\dotnet\sdk\10.0.201\Sdks\Microsoft.NET.Sdk\targets\Microsoft.NET.Sdk.targets(204,5): message :       UnmanagedUnregistration;
       C:\Program Files\dotnet\sdk\10.0.201\Sdks\Microsoft.NET.Sdk\targets\Microsoft.NET.Sdk.targets(204,5): message :       GenerateSerializationAssemblies;
       C:\Program Files\dotnet\sdk\10.0.201\Sdks\Microsoft.NET.Sdk\targets\Microsoft.NET.Sdk.targets(204,5): message :       CreateSatelliteAssemblies;
       C:\Program Files\dotnet\sdk\10.0.201\Sdks\Microsoft.NET.Sdk\targets\Microsoft.NET.Sdk.targets(204,5): message :       GenerateManifests;
       C:\Program Files\dotnet\sdk\10.0.201\Sdks\Microsoft.NET.Sdk\targets\Microsoft.NET.Sdk.targets(204,5): message :       GetTargetPath;
       C:\Program Files\dotnet\sdk\10.0.201\Sdks\Microsoft.NET.Sdk\targets\Microsoft.NET.Sdk.targets(204,5): message :       PrepareForRun;
       C:\Program Files\dotnet\sdk\10.0.201\Sdks\Microsoft.NET.Sdk\targets\Microsoft.NET.Sdk.targets(204,5): message :       UnmanagedRegistration;
       C:\Program Files\dotnet\sdk\10.0.201\Sdks\Microsoft.NET.Sdk\targets\Microsoft.NET.Sdk.targets(204,5): message :       IncrementalClean;
       C:\Program Files\dotnet\sdk\10.0.201\Sdks\Microsoft.NET.Sdk\targets\Microsoft.NET.Sdk.targets(204,5): message :       PostBuildEvent
       C:\Program Files\dotnet\sdk\10.0.201\Sdks\Microsoft.NET.Sdk\targets\Microsoft.NET.Sdk.targets(204,5): message :     ;
       C:\Program Files\dotnet\sdk\10.0.201\Sdks\Microsoft.NET.Sdk\targets\Microsoft.NET.Sdk.targets(204,5): message :       GenerateBuildDependencyFile;
       C:\Program Files\dotnet\sdk\10.0.201\Sdks\Microsoft.NET.Sdk\targets\Microsoft.NET.Sdk.targets(204,5): message :       GenerateBuildRuntimeConfigurationFiles
       C:\Program Files\dotnet\sdk\10.0.201\Sdks\Microsoft.NET.Sdk\targets\Microsoft.NET.Sdk.targets(204,5): message :     " (previous value: "
       C:\Program Files\dotnet\sdk\10.0.201\Sdks\Microsoft.NET.Sdk\targets\Microsoft.NET.Sdk.targets(204,5): message :       BuildOnlySettings;
       C:\Program Files\dotnet\sdk\10.0.201\Sdks\Microsoft.NET.Sdk\targets\Microsoft.NET.Sdk.targets(204,5): message :       PrepareForBuild;
       C:\Program Files\dotnet\sdk\10.0.201\Sdks\Microsoft.NET.Sdk\targets\Microsoft.NET.Sdk.targets(204,5): message :       PreBuildEvent;
       C:\Program Files\dotnet\sdk\10.0.201\Sdks\Microsoft.NET.Sdk\targets\Microsoft.NET.Sdk.targets(204,5): message :       ResolveReferences;
       C:\Program Files\dotnet\sdk\10.0.201\Sdks\Microsoft.NET.Sdk\targets\Microsoft.NET.Sdk.targets(204,5): message :       PrepareResources;
       C:\Program Files\dotnet\sdk\10.0.201\Sdks\Microsoft.NET.Sdk\targets\Microsoft.NET.Sdk.targets(204,5): message :       ResolveKeySource;
       C:\Program Files\dotnet\sdk\10.0.201\Sdks\Microsoft.NET.Sdk\targets\Microsoft.NET.Sdk.targets(204,5): message :       Compile;
       C:\Program Files\dotnet\sdk\10.0.201\Sdks\Microsoft.NET.Sdk\targets\Microsoft.NET.Sdk.targets(204,5): message :       ExportWindowsMDFile;
       C:\Program Files\dotnet\sdk\10.0.201\Sdks\Microsoft.NET.Sdk\targets\Microsoft.NET.Sdk.targets(204,5): message :       UnmanagedUnregistration;
       C:\Program Files\dotnet\sdk\10.0.201\Sdks\Microsoft.NET.Sdk\targets\Microsoft.NET.Sdk.targets(204,5): message :       GenerateSerializationAssemblies;
       C:\Program Files\dotnet\sdk\10.0.201\Sdks\Microsoft.NET.Sdk\targets\Microsoft.NET.Sdk.targets(204,5): message :       CreateSatelliteAssemblies;
       C:\Program Files\dotnet\sdk\10.0.201\Sdks\Microsoft.NET.Sdk\targets\Microsoft.NET.Sdk.targets(204,5): message :       GenerateManifests;
       C:\Program Files\dotnet\sdk\10.0.201\Sdks\Microsoft.NET.Sdk\targets\Microsoft.NET.Sdk.targets(204,5): message :       GetTargetPath;
       C:\Program Files\dotnet\sdk\10.0.201\Sdks\Microsoft.NET.Sdk\targets\Microsoft.NET.Sdk.targets(204,5): message :       PrepareForRun;
       C:\Program Files\dotnet\sdk\10.0.201\Sdks\Microsoft.NET.Sdk\targets\Microsoft.NET.Sdk.targets(204,5): message :       UnmanagedRegistration;
       C:\Program Files\dotnet\sdk\10.0.201\Sdks\Microsoft.NET.Sdk\targets\Microsoft.NET.Sdk.targets(204,5): message :       IncrementalClean;
       C:\Program Files\dotnet\sdk\10.0.201\Sdks\Microsoft.NET.Sdk\targets\Microsoft.NET.Sdk.targets(204,5): message :       PostBuildEvent
       C:\Program Files\dotnet\sdk\10.0.201\Sdks\Microsoft.NET.Sdk\targets\Microsoft.NET.Sdk.targets(204,5): message :     ") at C:\Program Files\dotnet\sdk\10.0.201\Sdks\Microsoft.NET.Sdk\targets\Microsoft.NET.Sdk.targets (204,5)
       C:\Program Files\dotnet\sdk\10.0.201\Sdks\Microsoft.NET.Sdk\targets\Microsoft.NET.Sdk.targets(213,5): message : Property reassignment: $(CoreCleanDependsOn)="
       C:\Program Files\dotnet\sdk\10.0.201\Sdks\Microsoft.NET.Sdk\targets\Microsoft.NET.Sdk.targets(213,5): message :       _SdkBeforeClean;
       C:\Program Files\dotnet\sdk\10.0.201\Sdks\Microsoft.NET.Sdk\targets\Microsoft.NET.Sdk.targets(213,5): message :       
       C:\Program Files\dotnet\sdk\10.0.201\Sdks\Microsoft.NET.Sdk\targets\Microsoft.NET.Sdk.targets(213,5): message :     " (previous value: "") at C:\Program Files\dotnet\sdk\10.0.201\Sdks\Microsoft.NET.Sdk\targets\Microsoft.NET.Sdk.targets (213,5)
       C:\Program Files\dotnet\sdk\10.0.201\Sdks\Microsoft.NET.Sdk\targets\Microsoft.NET.Sdk.targets(220,5): message : Property reassignment: $(RebuildDependsOn)="
       C:\Program Files\dotnet\sdk\10.0.201\Sdks\Microsoft.NET.Sdk\targets\Microsoft.NET.Sdk.targets(220,5): message :       _SdkBeforeRebuild;
       C:\Program Files\dotnet\sdk\10.0.201\Sdks\Microsoft.NET.Sdk\targets\Microsoft.NET.Sdk.targets(220,5): message :       
       C:\Program Files\dotnet\sdk\10.0.201\Sdks\Microsoft.NET.Sdk\targets\Microsoft.NET.Sdk.targets(220,5): message :       BeforeRebuild;
       C:\Program Files\dotnet\sdk\10.0.201\Sdks\Microsoft.NET.Sdk\targets\Microsoft.NET.Sdk.targets(220,5): message :       Clean;
       C:\Program Files\dotnet\sdk\10.0.201\Sdks\Microsoft.NET.Sdk\targets\Microsoft.NET.Sdk.targets(220,5): message :       Build;
       C:\Program Files\dotnet\sdk\10.0.201\Sdks\Microsoft.NET.Sdk\targets\Microsoft.NET.Sdk.targets(220,5): message :       AfterRebuild;
       C:\Program Files\dotnet\sdk\10.0.201\Sdks\Microsoft.NET.Sdk\targets\Microsoft.NET.Sdk.targets(220,5): message :     
       C:\Program Files\dotnet\sdk\10.0.201\Sdks\Microsoft.NET.Sdk\targets\Microsoft.NET.Sdk.targets(220,5): message :     " (previous value: "
       C:\Program Files\dotnet\sdk\10.0.201\Sdks\Microsoft.NET.Sdk\targets\Microsoft.NET.Sdk.targets(220,5): message :       BeforeRebuild;
       C:\Program Files\dotnet\sdk\10.0.201\Sdks\Microsoft.NET.Sdk\targets\Microsoft.NET.Sdk.targets(220,5): message :       Clean;
       C:\Program Files\dotnet\sdk\10.0.201\Sdks\Microsoft.NET.Sdk\targets\Microsoft.NET.Sdk.targets(220,5): message :       Build;
       C:\Program Files\dotnet\sdk\10.0.201\Sdks\Microsoft.NET.Sdk\targets\Microsoft.NET.Sdk.targets(220,5): message :       AfterRebuild;
       C:\Program Files\dotnet\sdk\10.0.201\Sdks\Microsoft.NET.Sdk\targets\Microsoft.NET.Sdk.targets(220,5): message :     ") at C:\Program Files\dotnet\sdk\10.0.201\Sdks\Microsoft.NET.Sdk\targets\Microsoft.NET.Sdk.targets (220,5)
       C:\Program Files\dotnet\sdk\10.0.201\Sdks\Microsoft.NET.Sdk\targets\Microsoft.NET.Sdk.targets(799,5): message : Property reassignment: $(CompileDependsOn)="
       C:\Program Files\dotnet\sdk\10.0.201\Sdks\Microsoft.NET.Sdk\targets\Microsoft.NET.Sdk.targets(799,5): message :       
       C:\Program Files\dotnet\sdk\10.0.201\Sdks\Microsoft.NET.Sdk\targets\Microsoft.NET.Sdk.targets(799,5): message :       ResolveReferences;
       C:\Program Files\dotnet\sdk\10.0.201\Sdks\Microsoft.NET.Sdk\targets\Microsoft.NET.Sdk.targets(799,5): message :       ResolveKeySource;
       C:\Program Files\dotnet\sdk\10.0.201\Sdks\Microsoft.NET.Sdk\targets\Microsoft.NET.Sdk.targets(799,5): message :       SetWin32ManifestProperties;
       C:\Program Files\dotnet\sdk\10.0.201\Sdks\Microsoft.NET.Sdk\targets\Microsoft.NET.Sdk.targets(799,5): message :       _SetPreferNativeArm64Win32ManifestProperties;
       C:\Program Files\dotnet\sdk\10.0.201\Sdks\Microsoft.NET.Sdk\targets\Microsoft.NET.Sdk.targets(799,5): message :       FindReferenceAssembliesForReferences;
       C:\Program Files\dotnet\sdk\10.0.201\Sdks\Microsoft.NET.Sdk\targets\Microsoft.NET.Sdk.targets(799,5): message :       _GenerateCompileInputs;
       C:\Program Files\dotnet\sdk\10.0.201\Sdks\Microsoft.NET.Sdk\targets\Microsoft.NET.Sdk.targets(799,5): message :       BeforeCompile;
       C:\Program Files\dotnet\sdk\10.0.201\Sdks\Microsoft.NET.Sdk\targets\Microsoft.NET.Sdk.targets(799,5): message :       _TimeStampBeforeCompile;
       C:\Program Files\dotnet\sdk\10.0.201\Sdks\Microsoft.NET.Sdk\targets\Microsoft.NET.Sdk.targets(799,5): message :       _GenerateCompileDependencyCache;
       C:\Program Files\dotnet\sdk\10.0.201\Sdks\Microsoft.NET.Sdk\targets\Microsoft.NET.Sdk.targets(799,5): message :       CoreCompile;
       C:\Program Files\dotnet\sdk\10.0.201\Sdks\Microsoft.NET.Sdk\targets\Microsoft.NET.Sdk.targets(799,5): message :       _TimeStampAfterCompile;
       C:\Program Files\dotnet\sdk\10.0.201\Sdks\Microsoft.NET.Sdk\targets\Microsoft.NET.Sdk.targets(799,5): message :       AfterCompile;
       C:\Program Files\dotnet\sdk\10.0.201\Sdks\Microsoft.NET.Sdk\targets\Microsoft.NET.Sdk.targets(799,5): message :     ;
       C:\Program Files\dotnet\sdk\10.0.201\Sdks\Microsoft.NET.Sdk\targets\Microsoft.NET.Sdk.targets(799,5): message :       _CreateAppHost;
       C:\Program Files\dotnet\sdk\10.0.201\Sdks\Microsoft.NET.Sdk\targets\Microsoft.NET.Sdk.targets(799,5): message :       _CreateComHost;
       C:\Program Files\dotnet\sdk\10.0.201\Sdks\Microsoft.NET.Sdk\targets\Microsoft.NET.Sdk.targets(799,5): message :       _GetIjwHostPaths;
       C:\Program Files\dotnet\sdk\10.0.201\Sdks\Microsoft.NET.Sdk\targets\Microsoft.NET.Sdk.targets(799,5): message :     " (previous value: "
       C:\Program Files\dotnet\sdk\10.0.201\Sdks\Microsoft.NET.Sdk\targets\Microsoft.NET.Sdk.targets(799,5): message :       ResolveReferences;
       C:\Program Files\dotnet\sdk\10.0.201\Sdks\Microsoft.NET.Sdk\targets\Microsoft.NET.Sdk.targets(799,5): message :       ResolveKeySource;
       C:\Program Files\dotnet\sdk\10.0.201\Sdks\Microsoft.NET.Sdk\targets\Microsoft.NET.Sdk.targets(799,5): message :       SetWin32ManifestProperties;
       C:\Program Files\dotnet\sdk\10.0.201\Sdks\Microsoft.NET.Sdk\targets\Microsoft.NET.Sdk.targets(799,5): message :       _SetPreferNativeArm64Win32ManifestProperties;
       C:\Program Files\dotnet\sdk\10.0.201\Sdks\Microsoft.NET.Sdk\targets\Microsoft.NET.Sdk.targets(799,5): message :       FindReferenceAssembliesForReferences;
       C:\Program Files\dotnet\sdk\10.0.201\Sdks\Microsoft.NET.Sdk\targets\Microsoft.NET.Sdk.targets(799,5): message :       _GenerateCompileInputs;
       C:\Program Files\dotnet\sdk\10.0.201\Sdks\Microsoft.NET.Sdk\targets\Microsoft.NET.Sdk.targets(799,5): message :       BeforeCompile;
       C:\Program Files\dotnet\sdk\10.0.201\Sdks\Microsoft.NET.Sdk\targets\Microsoft.NET.Sdk.targets(799,5): message :       _TimeStampBeforeCompile;
       C:\Program Files\dotnet\sdk\10.0.201\Sdks\Microsoft.NET.Sdk\targets\Microsoft.NET.Sdk.targets(799,5): message :       _GenerateCompileDependencyCache;
       C:\Program Files\dotnet\sdk\10.0.201\Sdks\Microsoft.NET.Sdk\targets\Microsoft.NET.Sdk.targets(799,5): message :       CoreCompile;
       C:\Program Files\dotnet\sdk\10.0.201\Sdks\Microsoft.NET.Sdk\targets\Microsoft.NET.Sdk.targets(799,5): message :       _TimeStampAfterCompile;
       C:\Program Files\dotnet\sdk\10.0.201\Sdks\Microsoft.NET.Sdk\targets\Microsoft.NET.Sdk.targets(799,5): message :       AfterCompile;
       C:\Program Files\dotnet\sdk\10.0.201\Sdks\Microsoft.NET.Sdk\targets\Microsoft.NET.Sdk.targets(799,5): message :     ") at C:\Program Files\dotnet\sdk\10.0.201\Sdks\Microsoft.NET.Sdk\targets\Microsoft.NET.Sdk.targets (799,5)
       C:\Program Files\dotnet\sdk\10.0.201\Sdks\Microsoft.NET.Sdk\targets\Microsoft.NET.Sdk.targets(1131,5): message : Property reassignment: $(CreateSatelliteAssembliesDependsOn)="
       C:\Program Files\dotnet\sdk\10.0.201\Sdks\Microsoft.NET.Sdk\targets\Microsoft.NET.Sdk.targets(1131,5): message :       
       C:\Program Files\dotnet\sdk\10.0.201\Sdks\Microsoft.NET.Sdk\targets\Microsoft.NET.Sdk.targets(1131,5): message :       ;
       C:\Program Files\dotnet\sdk\10.0.201\Sdks\Microsoft.NET.Sdk\targets\Microsoft.NET.Sdk.targets(1131,5): message :       _GenerateSatelliteAssemblyInputs;
       C:\Program Files\dotnet\sdk\10.0.201\Sdks\Microsoft.NET.Sdk\targets\Microsoft.NET.Sdk.targets(1131,5): message :       ComputeIntermediateSatelliteAssemblies;
       C:\Program Files\dotnet\sdk\10.0.201\Sdks\Microsoft.NET.Sdk\targets\Microsoft.NET.Sdk.targets(1131,5): message :       GenerateSatelliteAssemblies
       C:\Program Files\dotnet\sdk\10.0.201\Sdks\Microsoft.NET.Sdk\targets\Microsoft.NET.Sdk.targets(1131,5): message :     ;
       C:\Program Files\dotnet\sdk\10.0.201\Sdks\Microsoft.NET.Sdk\targets\Microsoft.NET.Sdk.targets(1131,5): message :       CoreGenerateSatelliteAssemblies
       C:\Program Files\dotnet\sdk\10.0.201\Sdks\Microsoft.NET.Sdk\targets\Microsoft.NET.Sdk.targets(1131,5): message :     " (previous value: "
       C:\Program Files\dotnet\sdk\10.0.201\Sdks\Microsoft.NET.Sdk\targets\Microsoft.NET.Sdk.targets(1131,5): message :       ;
       C:\Program Files\dotnet\sdk\10.0.201\Sdks\Microsoft.NET.Sdk\targets\Microsoft.NET.Sdk.targets(1131,5): message :       _GenerateSatelliteAssemblyInputs;
       C:\Program Files\dotnet\sdk\10.0.201\Sdks\Microsoft.NET.Sdk\targets\Microsoft.NET.Sdk.targets(1131,5): message :       ComputeIntermediateSatelliteAssemblies;
       C:\Program Files\dotnet\sdk\10.0.201\Sdks\Microsoft.NET.Sdk\targets\Microsoft.NET.Sdk.targets(1131,5): message :       GenerateSatelliteAssemblies
       C:\Program Files\dotnet\sdk\10.0.201\Sdks\Microsoft.NET.Sdk\targets\Microsoft.NET.Sdk.targets(1131,5): message :     ") at C:\Program Files\dotnet\sdk\10.0.201\Sdks\Microsoft.NET.Sdk\targets\Microsoft.NET.Sdk.targets (1131,5)
       C:\Program Files\dotnet\sdk\10.0.201\Sdks\Microsoft.SourceLink.GitLab\build\Microsoft.SourceLink.GitLab.targets(12,5): message : Property reassignment: $(SourceLinkUrlInitializerTargets)=";_InitializeGitHubSourceLinkUrl;_InitializeGitLabSourceLinkUrl" (previous value: ";_InitializeGitHubSourceLinkUrl") at C:\Program Files\dotnet\sdk\10.0.201\Sdks\Microsoft.SourceLink.GitLab\build\Microsoft.SourceLink.GitLab.targets (12,5)
       C:\Program Files\dotnet\sdk\10.0.201\Sdks\Microsoft.SourceLink.GitLab\build\Microsoft.SourceLink.GitLab.targets(13,5): message : Property reassignment: $(SourceControlManagerUrlTranslationTargets)=";TranslateGitHubUrlsInSourceControlInformation;TranslateGitLabUrlsInSourceControlInformation" (previous value: ";TranslateGitHubUrlsInSourceControlInformation") at C:\Program Files\dotnet\sdk\10.0.201\Sdks\Microsoft.SourceLink.GitLab\build\Microsoft.SourceLink.GitLab.targets (13,5)
       C:\Program Files\dotnet\sdk\10.0.201\Sdks\Microsoft.SourceLink.AzureRepos.Git\build\Microsoft.SourceLink.AzureRepos.Git.targets(12,5): message : Property reassignment: $(SourceLinkUrlInitializerTargets)=";_InitializeGitHubSourceLinkUrl;_InitializeGitLabSourceLinkUrl;_InitializeAzureReposGitSourceLinkUrl" (previous value: ";_InitializeGitHubSourceLinkUrl;_InitializeGitLabSourceLinkUrl") at C:\Program Files\dotnet\sdk\10.0.201\Sdks\Microsoft.SourceLink.AzureRepos.Git\build\Microsoft.SourceLink.AzureRepos.Git.targets (12,5)
       C:\Program Files\dotnet\sdk\10.0.201\Sdks\Microsoft.SourceLink.AzureRepos.Git\build\Microsoft.SourceLink.AzureRepos.Git.targets(13,5): message : Property reassignment: $(SourceControlManagerUrlTranslationTargets)=";TranslateGitHubUrlsInSourceControlInformation;TranslateGitLabUrlsInSourceControlInformation;TranslateAzureReposGitUrlsInSourceControlInformation" (previous value: ";TranslateGitHubUrlsInSourceControlInformation;TranslateGitLabUrlsInSourceControlInformation") at C:\Program Files\dotnet\sdk\10.0.201\Sdks\Microsoft.SourceLink.AzureRepos.Git\build\Microsoft.SourceLink.AzureRepos.Git.targets (13,5)
       C:\Program Files\dotnet\sdk\10.0.201\Sdks\Microsoft.SourceLink.Bitbucket.Git\build\Microsoft.SourceLink.Bitbucket.Git.targets(12,5): message : Property reassignment: $(SourceLinkUrlInitializerTargets)=";_InitializeGitHubSourceLinkUrl;_InitializeGitLabSourceLinkUrl;_InitializeAzureReposGitSourceLinkUrl;_InitializeBitbucketGitSourceLinkUrl" (previous value: ";_InitializeGitHubSourceLinkUrl;_InitializeGitLabSourceLinkUrl;_InitializeAzureReposGitSourceLinkUrl") at C:\Program Files\dotnet\sdk\10.0.201\Sdks\Microsoft.SourceLink.Bitbucket.Git\build\Microsoft.SourceLink.Bitbucket.Git.targets (12,5)
       C:\Program Files\dotnet\sdk\10.0.201\Sdks\Microsoft.SourceLink.Bitbucket.Git\build\Microsoft.SourceLink.Bitbucket.Git.targets(13,5): message : Property reassignment: $(SourceControlManagerUrlTranslationTargets)=";TranslateGitHubUrlsInSourceControlInformation;TranslateGitLabUrlsInSourceControlInformation;TranslateAzureReposGitUrlsInSourceControlInformation;TranslateBitbucketGitUrlsInSourceControlInformation" (previous value: ";TranslateGitHubUrlsInSourceControlInformation;TranslateGitLabUrlsInSourceControlInformation;TranslateAzureReposGitUrlsInSourceControlInformation") at C:\Program Files\dotnet\sdk\10.0.201\Sdks\Microsoft.SourceLink.Bitbucket.Git\build\Microsoft.SourceLink.Bitbucket.Git.targets (13,5)
       C:\Program Files\dotnet\sdk\10.0.201\Sdks\Microsoft.NET.Sdk\targets\Microsoft.NET.DesignerSupport.targets(21,5): message : Property reassignment: $(DesignerRuntimeImplementationProjectOutputGroupDependsOn)="
       C:\Program Files\dotnet\sdk\10.0.201\Sdks\Microsoft.NET.Sdk\targets\Microsoft.NET.DesignerSupport.targets(21,5): message :       
       C:\Program Files\dotnet\sdk\10.0.201\Sdks\Microsoft.NET.Sdk\targets\Microsoft.NET.DesignerSupport.targets(21,5): message :       ;
       C:\Program Files\dotnet\sdk\10.0.201\Sdks\Microsoft.NET.Sdk\targets\Microsoft.NET.DesignerSupport.targets(21,5): message :       
       C:\Program Files\dotnet\sdk\10.0.201\Sdks\Microsoft.NET.Sdk\targets\Microsoft.NET.DesignerSupport.targets(21,5): message :       ;
       C:\Program Files\dotnet\sdk\10.0.201\Sdks\Microsoft.NET.Sdk\targets\Microsoft.NET.DesignerSupport.targets(21,5): message :       BuildOnlySettings;
       C:\Program Files\dotnet\sdk\10.0.201\Sdks\Microsoft.NET.Sdk\targets\Microsoft.NET.DesignerSupport.targets(21,5): message :       PrepareForBuild;
       C:\Program Files\dotnet\sdk\10.0.201\Sdks\Microsoft.NET.Sdk\targets\Microsoft.NET.DesignerSupport.targets(21,5): message :       AssignTargetPaths;
       C:\Program Files\dotnet\sdk\10.0.201\Sdks\Microsoft.NET.Sdk\targets\Microsoft.NET.DesignerSupport.targets(21,5): message :       ResolveReferences
       C:\Program Files\dotnet\sdk\10.0.201\Sdks\Microsoft.NET.Sdk\targets\Microsoft.NET.DesignerSupport.targets(21,5): message :     
       C:\Program Files\dotnet\sdk\10.0.201\Sdks\Microsoft.NET.Sdk\targets\Microsoft.NET.DesignerSupport.targets(21,5): message :     ;
       C:\Program Files\dotnet\sdk\10.0.201\Sdks\Microsoft.NET.Sdk\targets\Microsoft.NET.DesignerSupport.targets(21,5): message :       _GenerateDesignerDepsFile;
       C:\Program Files\dotnet\sdk\10.0.201\Sdks\Microsoft.NET.Sdk\targets\Microsoft.NET.DesignerSupport.targets(21,5): message :       _GenerateDesignerRuntimeConfigFile;
       C:\Program Files\dotnet\sdk\10.0.201\Sdks\Microsoft.NET.Sdk\targets\Microsoft.NET.DesignerSupport.targets(21,5): message :       GetCopyToOutputDirectoryItems;
       C:\Program Files\dotnet\sdk\10.0.201\Sdks\Microsoft.NET.Sdk\targets\Microsoft.NET.DesignerSupport.targets(21,5): message :       _GatherDesignerShadowCopyFiles;
       C:\Program Files\dotnet\sdk\10.0.201\Sdks\Microsoft.NET.Sdk\targets\Microsoft.NET.DesignerSupport.targets(21,5): message :     " (previous value: "
       C:\Program Files\dotnet\sdk\10.0.201\Sdks\Microsoft.NET.Sdk\targets\Microsoft.NET.DesignerSupport.targets(21,5): message :       ;
       C:\Program Files\dotnet\sdk\10.0.201\Sdks\Microsoft.NET.Sdk\targets\Microsoft.NET.DesignerSupport.targets(21,5): message :       
       C:\Program Files\dotnet\sdk\10.0.201\Sdks\Microsoft.NET.Sdk\targets\Microsoft.NET.DesignerSupport.targets(21,5): message :       ;
       C:\Program Files\dotnet\sdk\10.0.201\Sdks\Microsoft.NET.Sdk\targets\Microsoft.NET.DesignerSupport.targets(21,5): message :       BuildOnlySettings;
       C:\Program Files\dotnet\sdk\10.0.201\Sdks\Microsoft.NET.Sdk\targets\Microsoft.NET.DesignerSupport.targets(21,5): message :       PrepareForBuild;
       C:\Program Files\dotnet\sdk\10.0.201\Sdks\Microsoft.NET.Sdk\targets\Microsoft.NET.DesignerSupport.targets(21,5): message :       AssignTargetPaths;
       C:\Program Files\dotnet\sdk\10.0.201\Sdks\Microsoft.NET.Sdk\targets\Microsoft.NET.DesignerSupport.targets(21,5): message :       ResolveReferences
       C:\Program Files\dotnet\sdk\10.0.201\Sdks\Microsoft.NET.Sdk\targets\Microsoft.NET.DesignerSupport.targets(21,5): message :     
       C:\Program Files\dotnet\sdk\10.0.201\Sdks\Microsoft.NET.Sdk\targets\Microsoft.NET.DesignerSupport.targets(21,5): message :     ") at C:\Program Files\dotnet\sdk\10.0.201\Sdks\Microsoft.NET.Sdk\targets\Microsoft.NET.DesignerSupport.targets (21,5)
       C:\Program Files\dotnet\sdk\10.0.201\Sdks\Microsoft.NET.Sdk\targets\Microsoft.NET.Sdk.CSharp.targets(31,5): message : Property reassignment: $(DefineConstants)="TRACE;DEBUG" (previous value: "TRACE") at C:\Program Files\dotnet\sdk\10.0.201\Sdks\Microsoft.NET.Sdk\targets\Microsoft.NET.Sdk.CSharp.targets (31,5)
       C:\Program Files\dotnet\sdk\10.0.201\Sdks\Microsoft.NET.Sdk\targets\Microsoft.NET.Sdk.CSharp.targets(45,5): message : Property reassignment: $(WarningsAsErrors)=";NU1605;SYSLIB0011" (previous value: ";NU1605") at C:\Program Files\dotnet\sdk\10.0.201\Sdks\Microsoft.NET.Sdk\targets\Microsoft.NET.Sdk.CSharp.targets (45,5)
       C:\Program Files\dotnet\sdk\10.0.201\NuGet.Build.Tasks.Pack.targets(34,5): message : Property reassignment: $(PackageDescription)="Package Description" (previous value: "") at C:\Program Files\dotnet\sdk\10.0.201\NuGet.Build.Tasks.Pack.targets (34,5)
       C:\Program Files\dotnet\sdk\10.0.201\NuGet.Build.Tasks.Pack.targets(59,5): message : Property reassignment: $(GenerateNuspecDependsOn)="Build;_LoadPackInputItems; _GetTargetFrameworksOutput; _WalkEachTargetPerFramework; _GetPackageFiles; " (previous value: "_LoadPackInputItems; _GetTargetFrameworksOutput; _WalkEachTargetPerFramework; _GetPackageFiles; ") at C:\Program Files\dotnet\sdk\10.0.201\NuGet.Build.Tasks.Pack.targets (59,5)
       C:\Program Files\dotnet\sdk\10.0.201\Sdks\Microsoft.NET.Sdk\Sdk\Sdk.targets(59,5): message : Property reassignment: $(_IsNotSetContainersTargetsDir)="true" (previous value: "false") at C:\Program Files\dotnet\sdk\10.0.201\Sdks\Microsoft.NET.Sdk\Sdk\Sdk.targets (59,5)
       C:\Program Files\dotnet\sdk\10.0.201\Containers\build\Microsoft.NET.Build.Containers.targets(5,5): message : Property reassignment: $(_IsSDKContainerAllowedVersion)="true" (previous value: "false") at C:\Program Files\dotnet\sdk\10.0.201\Containers\build\Microsoft.NET.Build.Containers.targets (5,5)
       C:\Program Files\dotnet\sdk\10.0.201\Containers\build\Microsoft.NET.Build.Containers.targets(15,5): message : Property reassignment: $(_ContainerIsTargetingNet8TFM)="true" (previous value: "false") at C:\Program Files\dotnet\sdk\10.0.201\Containers\build\Microsoft.NET.Build.Containers.targets (15,5)
       Overriding target "ResolveFrameworkReferences" in project "C:\Program Files\dotnet\sdk\10.0.201\Microsoft.Common.CurrentVersion.targets" with target "ResolveFrameworkReferences" from project "C:\Program Files\dotnet\sdk\10.0.201\Sdks\Microsoft.NET.Sdk\targets\Microsoft.NET.Sdk.FrameworkReferenceResolution.targets".
       Overriding target "GenerateSupportedTargetFrameworkAlias" in project "C:\Program Files\dotnet\sdk\10.0.201\Microsoft.Common.CurrentVersion.targets" with target "GenerateSupportedTargetFrameworkAlias" from project "C:\Program Files\dotnet\sdk\10.0.201\Sdks\Microsoft.NET.Sdk\targets\Microsoft.NET.Sdk.targets".
       Overriding target "GetReferenceAssemblyPaths" in project "C:\Program Files\dotnet\sdk\10.0.201\Microsoft.Common.CurrentVersion.targets" with target "GetReferenceAssemblyPaths" from project "C:\Program Files\dotnet\sdk\10.0.201\Sdks\Microsoft.NET.Sdk\targets\Microsoft.NET.DisableStandardFrameworkResolution.targets".
       Overriding target "GetFrameworkPaths" in project "C:\Program Files\dotnet\sdk\10.0.201\Microsoft.Common.CurrentVersion.targets" with target "GetFrameworkPaths" from project "C:\Program Files\dotnet\sdk\10.0.201\Sdks\Microsoft.NET.Sdk\targets\Microsoft.NET.DisableStandardFrameworkResolution.targets".
       Overriding target "DesignerRuntimeImplementationProjectOutputGroup" in project "C:\Program Files\dotnet\sdk\10.0.201\Microsoft.Common.CurrentVersion.targets" with target "DesignerRuntimeImplementationProjectOutputGroup" from project "C:\Program Files\dotnet\sdk\10.0.201\Sdks\Microsoft.NET.Sdk\targets\Microsoft.NET.DesignerSupport.targets".
       Overriding target "Publish" in project "C:\Program Files\dotnet\sdk\10.0.201\Microsoft.Common.CurrentVersion.targets" with target "Publish" from project "C:\Program Files\dotnet\sdk\10.0.201\Sdks\Microsoft.NET.Sdk\targets\Microsoft.NET.Publish.targets".
       Overriding target "ResolveReadyToRunCompilers" in project "C:\Program Files\dotnet\sdk\10.0.201\Sdks\Microsoft.NET.Sdk\targets\Microsoft.NET.CrossGen.targets" with target "ResolveReadyToRunCompilers" from project "C:\Program Files\dotnet\sdk\10.0.201\Sdks\Microsoft.NET.Sdk\targets\Microsoft.NET.Publish.targets".
       Overriding target "GetCopyToPublishDirectoryItems" in project "C:\Program Files\dotnet\sdk\10.0.201\Microsoft.Common.CurrentVersion.targets" with target "GetCopyToPublishDirectoryItems" from project "C:\Program Files\dotnet\sdk\10.0.201\Sdks\Microsoft.NET.Sdk\targets\Microsoft.NET.Publish.targets".
       Overriding target "Run" in project "C:\Program Files\dotnet\sdk\10.0.201\Microsoft.Common.CurrentVersion.targets" with target "Run" from project "C:\Program Files\dotnet\sdk\10.0.201\Sdks\Microsoft.NET.Sdk\targets\Microsoft.NET.Sdk.targets".
   1:3>Project "C:\Users\chuck\scratch\ETL-SQL\src\ETL-SQL.Engine\ETL-SQL.Engine.csproj" (1:3) is building "C:\Users\chuck\scratch\ETL-SQL\src\ETL-SQL.Core\ETL-SQL.Core.csproj" (2) on node 1 (_GenerateRestoreProjectPathWalk target(s)).
     2>Target "_GenerateRestoreProjectPathItemsPerFramework" in file "C:\Program Files\dotnet\sdk\10.0.201\NuGet.targets" from project "C:\Users\chuck\scratch\ETL-SQL\src\ETL-SQL.Core\ETL-SQL.Core.csproj" (target "_GenerateRestoreProjectPathItemsCurrentProject" depends on it):
     2>Task "ConvertToAbsolutePath"
       Done executing task "ConvertToAbsolutePath".
     2>Done building target "_GenerateRestoreProjectPathItemsPerFramework" in project "ETL-SQL.Core.csproj".
     2>Target "_GenerateRestoreProjectPathItemsCurrentProject" in file "C:\Program Files\dotnet\sdk\10.0.201\NuGet.targets" from project "C:\Users\chuck\scratch\ETL-SQL\src\ETL-SQL.Core\ETL-SQL.Core.csproj" (target "_GenerateRestoreProjectPathItems" depends on it):
     2>Done building target "_GenerateRestoreProjectPathItemsCurrentProject" in project "ETL-SQL.Core.csproj".
     2>Target "_GenerateRestoreProjectPathItems" in file "C:\Program Files\dotnet\sdk\10.0.201\NuGet.targets" from project "C:\Users\chuck\scratch\ETL-SQL\src\ETL-SQL.Core\ETL-SQL.Core.csproj" (target "_GenerateRestoreProjectPathWalk" depends on it):
       Task "RemoveDuplicates"
       Done executing task "RemoveDuplicates".
     2>Done building target "_GenerateRestoreProjectPathItems" in project "ETL-SQL.Core.csproj".
     2>Target "_GenerateRestoreProjectPathWalk" in file "C:\Program Files\dotnet\sdk\10.0.201\NuGet.targets" from project "C:\Users\chuck\scratch\ETL-SQL\src\ETL-SQL.Core\ETL-SQL.Core.csproj" (entry point):
       Task "MSBuild"
       Done executing task "MSBuild".
       Task "RemoveDuplicates"
       Done executing task "RemoveDuplicates".
     2>Done building target "_GenerateRestoreProjectPathWalk" in project "ETL-SQL.Core.csproj".
     2>Done Building Project "C:\Users\chuck\scratch\ETL-SQL\src\ETL-SQL.Core\ETL-SQL.Core.csproj" (_GenerateRestoreProjectPathWalk target(s)).
   1:3>Done executing task "MSBuild".
       Task "RemoveDuplicates"
       Done executing task "RemoveDuplicates".
   1:3>Done building target "_GenerateRestoreProjectPathWalk" in project "ETL-SQL.Engine.csproj".
   1:3>Done Building Project "C:\Users\chuck\scratch\ETL-SQL\src\ETL-SQL.Engine\ETL-SQL.Engine.csproj" (_GenerateRestoreProjectPathWalk target(s)).
     1>Done executing task "MSBuild".
       Task "RemoveDuplicates"
       Done executing task "RemoveDuplicates".
       Task "MSBuild"
         Global Properties:
           ExcludeRestorePackageImports=true
     1>Project "C:\Users\chuck\scratch\ETL-SQL\src\ETL-SQL.Engine\ETL-SQL.Engine.csproj" (1) is building "C:\Users\chuck\scratch\ETL-SQL\src\ETL-SQL.Engine\ETL-SQL.Engine.csproj" (1:4) on node 1 (_IsProjectRestoreSupported target(s)).
   1:4>Target "_IsProjectRestoreSupported" skipped. Previously built successfully.
   1:4>Done Building Project "C:\Users\chuck\scratch\ETL-SQL\src\ETL-SQL.Engine\ETL-SQL.Engine.csproj" (_IsProjectRestoreSupported target(s)).
     1>Project "C:\Users\chuck\scratch\ETL-SQL\src\ETL-SQL.Engine\ETL-SQL.Engine.csproj" (1) is building "C:\Users\chuck\scratch\ETL-SQL\src\ETL-SQL.Core\ETL-SQL.Core.csproj" (2:2) on node 1 (_IsProjectRestoreSupported target(s)).
   2:2>Target "_IsProjectRestoreSupported" in file "C:\Program Files\dotnet\sdk\10.0.201\NuGet.targets" from project "C:\Users\chuck\scratch\ETL-SQL\src\ETL-SQL.Core\ETL-SQL.Core.csproj" (entry point):
   2:2>Done building target "_IsProjectRestoreSupported" in project "ETL-SQL.Core.csproj".
   2:2>Done Building Project "C:\Users\chuck\scratch\ETL-SQL\src\ETL-SQL.Core\ETL-SQL.Core.csproj" (_IsProjectRestoreSupported target(s)).
     1>Done executing task "MSBuild".
     1>Done building target "_GetAllRestoreProjectPathItems" in project "ETL-SQL.Engine.csproj".
     1>Target "_GenerateRestoreGraph" in file "C:\Program Files\dotnet\sdk\10.0.201\NuGet.targets" from project "C:\Users\chuck\scratch\ETL-SQL\src\ETL-SQL.Engine\ETL-SQL.Engine.csproj" (target "Restore" depends on it):
       Using "Message" task from assembly "Microsoft.Build.Tasks.Core, Version=15.1.0.0, Culture=neutral, PublicKeyToken=b03f5f7f11d50a3a".
       Task "Message"
         Generating dg file
       Done executing task "Message".
       Task "Message"
         C:\Users\chuck\scratch\ETL-SQL\src\ETL-SQL.Core\ETL-SQL.Core.csproj
       Done executing task "Message".
       Task "Message"
         C:\Users\chuck\scratch\ETL-SQL\src\ETL-SQL.Engine\ETL-SQL.Engine.csproj
       Done executing task "Message".
       Task "MSBuild"
         Global Properties:
           ExcludeRestorePackageImports=true
     1>Project "C:\Users\chuck\scratch\ETL-SQL\src\ETL-SQL.Engine\ETL-SQL.Engine.csproj" (1) is building "C:\Users\chuck\scratch\ETL-SQL\src\ETL-SQL.Core\ETL-SQL.Core.csproj" (2:3) on node 1 (_GenerateRestoreGraphProjectEntry target(s)).
   2:3>Target "_CheckForUnsupportedNETCoreVersion" in file "C:\Program Files\dotnet\sdk\10.0.201\Sdks\Microsoft.NET.Sdk\targets\Microsoft.NET.TargetFrameworkInference.targets" from project "C:\Users\chuck\scratch\ETL-SQL\src\ETL-SQL.Core\ETL-SQL.Core.csproj" (target "CollectPackageReferences" depends on it):
   2:3>Done building target "_CheckForUnsupportedNETCoreVersion" in project "ETL-SQL.Core.csproj".
   2:3>Target "_CheckForUnsupportedCppNETCoreVersion" in file "C:\Program Files\dotnet\sdk\10.0.201\Sdks\Microsoft.NET.Sdk\targets\Microsoft.NET.TargetFrameworkInference.targets" from project "C:\Users\chuck\scratch\ETL-SQL\src\ETL-SQL.Core\ETL-SQL.Core.csproj" (target "CollectPackageReferences" depends on it):
   2:3>Done building target "_CheckForUnsupportedCppNETCoreVersion" in project "ETL-SQL.Core.csproj".
   2:3>Target "UpdateAspNetToFrameworkReference" in file "C:\Program Files\dotnet\sdk\10.0.201\Sdks\Microsoft.NET.Sdk\targets\Microsoft.NET.Sdk.DefaultItems.Shared.targets" from project "C:\Users\chuck\scratch\ETL-SQL\src\ETL-SQL.Core\ETL-SQL.Core.csproj" (target "ApplyImplicitVersions" depends on it):
       Using "CheckIfPackageReferenceShouldBeFrameworkReference" task from assembly "C:\Program Files\dotnet\sdk\10.0.201\Sdks\Microsoft.NET.Sdk\targets\..\tools\net10.0\Microsoft.NET.Build.Tasks.dll".
       Task "CheckIfPackageReferenceShouldBeFrameworkReference"
       Done executing task "CheckIfPackageReferenceShouldBeFrameworkReference".
       Task "CheckIfPackageReferenceShouldBeFrameworkReference"
       Done executing task "CheckIfPackageReferenceShouldBeFrameworkReference".
   2:3>Done building target "UpdateAspNetToFrameworkReference" in project "ETL-SQL.Core.csproj".
   2:3>Target "CheckForImplicitPackageReferenceOverrides" in file "C:\Program Files\dotnet\sdk\10.0.201\Sdks\Microsoft.NET.Sdk\targets\Microsoft.NET.Sdk.DefaultItems.Shared.targets" from project "C:\Users\chuck\scratch\ETL-SQL\src\ETL-SQL.Core\ETL-SQL.Core.csproj" (target "ApplyImplicitVersions" depends on it):
       Using "CheckForImplicitPackageReferenceOverrides" task from assembly "C:\Program Files\dotnet\sdk\10.0.201\Sdks\Microsoft.NET.Sdk\targets\..\tools\net10.0\Microsoft.NET.Build.Tasks.dll".
       Task "CheckForImplicitPackageReferenceOverrides"
       Done executing task "CheckForImplicitPackageReferenceOverrides".
   2:3>Done building target "CheckForImplicitPackageReferenceOverrides" in project "ETL-SQL.Core.csproj".
   2:3>Target "ApplyImplicitVersions" in file "C:\Program Files\dotnet\sdk\10.0.201\Sdks\Microsoft.NET.Sdk\targets\Microsoft.NET.Sdk.DefaultItems.Shared.targets" from project "C:\Users\chuck\scratch\ETL-SQL\src\ETL-SQL.Core\ETL-SQL.Core.csproj" (target "CollectPackageReferences" depends on it):
       Using "ApplyImplicitVersions" task from assembly "C:\Program Files\dotnet\sdk\10.0.201\Sdks\Microsoft.NET.Sdk\targets\..\tools\net10.0\Microsoft.NET.Build.Tasks.dll".
       Task "ApplyImplicitVersions"
       Done executing task "ApplyImplicitVersions".
   2:3>Done building target "ApplyImplicitVersions" in project "ETL-SQL.Core.csproj".
       Target "CheckForImplicitPackageReferenceOverrides" skipped. Previously built successfully.
   2:3>Target "_CheckForLanguageAndFeatureCombinationSupport" in file "C:\Program Files\dotnet\sdk\10.0.201\Sdks\Microsoft.NET.Sdk\targets\Microsoft.NET.RuntimeIdentifierInference.targets" from project "C:\Users\chuck\scratch\ETL-SQL\src\ETL-SQL.Core\ETL-SQL.Core.csproj" (target "ProcessFrameworkReferences" depends on it):
   2:3>Done building target "_CheckForLanguageAndFeatureCombinationSupport" in project "ETL-SQL.Core.csproj".
   2:3>Target "_ComputeToolPackInputsToProcessFrameworkReferences" in file "C:\Program Files\dotnet\sdk\10.0.201\Sdks\Microsoft.NET.Sdk\targets\Microsoft.NET.Publish.targets" from project "C:\Users\chuck\scratch\ETL-SQL\src\ETL-SQL.Core\ETL-SQL.Core.csproj" (target "ProcessFrameworkReferences" depends on it):
   2:3>Done building target "_ComputeToolPackInputsToProcessFrameworkReferences" in project "ETL-SQL.Core.csproj".
   2:3>Target "ProcessFrameworkReferences" in file "C:\Program Files\dotnet\sdk\10.0.201\Sdks\Microsoft.NET.Sdk\targets\Microsoft.NET.Sdk.FrameworkReferenceResolution.targets" from project "C:\Users\chuck\scratch\ETL-SQL\src\ETL-SQL.Core\ETL-SQL.Core.csproj" (target "CollectPackageReferences" depends on it):
       Using "CheckForDuplicateFrameworkReferences" task from assembly "C:\Program Files\dotnet\sdk\10.0.201\Sdks\Microsoft.NET.Sdk\targets\..\tools\net10.0\Microsoft.NET.Build.Tasks.dll".
       Task "CheckForDuplicateFrameworkReferences"
       Done executing task "CheckForDuplicateFrameworkReferences".
       Using "ProcessFrameworkReferences" task from assembly "C:\Program Files\dotnet\sdk\10.0.201\Sdks\Microsoft.NET.Sdk\targets\..\tools\net10.0\Microsoft.NET.Build.Tasks.dll".
       Task "ProcessFrameworkReferences"
         Found 1 known framework references for target framework .NETCoreApp
         Found 5 known runtime packs for target framework .NETCoreApp
         Selected Microsoft.NETCore.App with RIDs 'linux-arm;linux-arm64;linux-musl-arm64;linux-musl-x64;linux-x64;osx-x64;tizen.4.0.0-armel;tizen.5.0.0-armel;win-arm64;win-x64;win-x86;linux-musl-arm;osx-arm64;linux-s390x;linux-loongarch64;linux-bionic-arm;linux-bionic-arm64;linux-bionic-x64;linux-bionic-x86;linux-ppc64le;freebsd-x64;freebsd-arm64;linux-riscv64;linux-musl-riscv64;linux-musl-loongarch64;android-arm64;android-x64'
         Selected targeting pack 'Microsoft.NETCore.App@10.0.5'
         Added runtime framework 'Microsoft.NETCore.App@10.0.0'
         Selected Microsoft.WindowsDesktop.App with RIDs 'win-x64;win-x86;win-arm64'
         Selected targeting pack 'Microsoft.WindowsDesktop.App@10.0.5'
         Added runtime framework 'Microsoft.WindowsDesktop.App@10.0.0'
         Selected Microsoft.WindowsDesktop.App with RIDs 'win-x64;win-x86;win-arm64'
         Selected targeting pack 'Microsoft.WindowsDesktop.App.WPF@10.0.5'
         Added runtime framework 'Microsoft.WindowsDesktop.App@10.0.0'
         Selected Microsoft.WindowsDesktop.App with RIDs 'win-x64;win-x86;win-arm64'
         Selected targeting pack 'Microsoft.WindowsDesktop.App.WindowsForms@10.0.5'
         Added runtime framework 'Microsoft.WindowsDesktop.App@10.0.0'
         Selected Microsoft.AspNetCore.App with RIDs 'win-x64;win-x86;osx-x64;linux-musl-x64;linux-musl-arm64;linux-x64;linux-arm;linux-arm64;linux-musl-arm;win-arm64;osx-arm64;linux-s390x;linux-loongarch64;linux-ppc64le;freebsd-x64;freebsd-arm64;linux-riscv64;linux-musl-riscv64;linux-loongarch64;linux-musl-loongarch64'
         Selected targeting pack 'Microsoft.AspNetCore.App@10.0.5'
         Added runtime framework 'Microsoft.AspNetCore.App@10.0.0'
       Done executing task "ProcessFrameworkReferences".
       Using "ResolveAppHosts" task from assembly "C:\Program Files\dotnet\sdk\10.0.201\Sdks\Microsoft.NET.Sdk\targets\..\tools\net10.0\Microsoft.NET.Build.Tasks.dll".
       Task "ResolveAppHosts"
       Done executing task "ResolveAppHosts".
   2:3>Done building target "ProcessFrameworkReferences" in project "ETL-SQL.Core.csproj".
   2:3>Target "_CheckForObsoleteDotNetCliToolReferences" in file "C:\Program Files\dotnet\sdk\10.0.201\Sdks\Microsoft.NET.Sdk\targets\Microsoft.NET.ObsoleteReferences.targets" from project "C:\Users\chuck\scratch\ETL-SQL\src\ETL-SQL.Core\ETL-SQL.Core.csproj" (target "CollectPackageReferences" depends on it):
   2:3>Done building target "_CheckForObsoleteDotNetCliToolReferences" in project "ETL-SQL.Core.csproj".
   2:3>Target "CollectPackageReferences" in file "C:\Program Files\dotnet\sdk\10.0.201\NuGet.targets" from project "C:\Users\chuck\scratch\ETL-SQL\src\ETL-SQL.Core\ETL-SQL.Core.csproj" (target "_GetRestoreProjectStyle" depends on it):
       Using "CheckForDuplicateNuGetItemsTask" task from assembly "C:\Program Files\dotnet\sdk\10.0.201\NuGet.Build.Tasks.dll".
       Task "CheckForDuplicateNuGetItemsTask"
       Done executing task "CheckForDuplicateNuGetItemsTask".
   2:3>Done building target "CollectPackageReferences" in project "ETL-SQL.Core.csproj".
   2:3>Target "_GetRestoreProjectStyle" in file "C:\Program Files\dotnet\sdk\10.0.201\NuGet.targets" from project "C:\Users\chuck\scratch\ETL-SQL\src\ETL-SQL.Core\ETL-SQL.Core.csproj" (target "_GenerateRestoreSpecs" depends on it):
       Using "GetRestoreProjectStyleTask" task from assembly "C:\Program Files\dotnet\sdk\10.0.201\NuGet.Build.Tasks.dll".
       Task "GetRestoreProjectStyleTask"
       Done executing task "GetRestoreProjectStyleTask".
   2:3>Done building target "_GetRestoreProjectStyle" in project "ETL-SQL.Core.csproj".
   2:3>Target "_GenerateRestoreSpecs" in file "C:\Program Files\dotnet\sdk\10.0.201\NuGet.targets" from project "C:\Users\chuck\scratch\ETL-SQL\src\ETL-SQL.Core\ETL-SQL.Core.csproj" (target "_GenerateRestoreGraphProjectEntry" depends on it):
       Task "Message"
         Restore entry point C:\Users\chuck\scratch\ETL-SQL\src\ETL-SQL.Core\ETL-SQL.Core.csproj
       Done executing task "Message".
   2:3>Done building target "_GenerateRestoreSpecs" in project "ETL-SQL.Core.csproj".
   2:3>Target "_GetRestoreSettingsOverrides" in file "C:\Program Files\dotnet\sdk\10.0.201\NuGet.targets" from project "C:\Users\chuck\scratch\ETL-SQL\src\ETL-SQL.Core\ETL-SQL.Core.csproj" (target "_GetRestoreSettings" depends on it):
   2:3>Done building target "_GetRestoreSettingsOverrides" in project "ETL-SQL.Core.csproj".
   2:3>Target "_GetRestoreSettingsPerFramework" in file "C:\Program Files\dotnet\sdk\10.0.201\NuGet.targets" from project "C:\Users\chuck\scratch\ETL-SQL\src\ETL-SQL.Core\ETL-SQL.Core.csproj" (target "_GetRestoreSettingsCurrentProject" depends on it):
   2:3>Done building target "_GetRestoreSettingsPerFramework" in project "ETL-SQL.Core.csproj".
   2:3>Target "_GetRestoreSettingsCurrentProject" in file "C:\Program Files\dotnet\sdk\10.0.201\NuGet.targets" from project "C:\Users\chuck\scratch\ETL-SQL\src\ETL-SQL.Core\ETL-SQL.Core.csproj" (target "_GetRestoreSettings" depends on it):
   2:3>Done building target "_GetRestoreSettingsCurrentProject" in project "ETL-SQL.Core.csproj".
   2:3>Target "_GetRestoreSettings" in file "C:\Program Files\dotnet\sdk\10.0.201\NuGet.targets" from project "C:\Users\chuck\scratch\ETL-SQL\src\ETL-SQL.Core\ETL-SQL.Core.csproj" (target "_GenerateDotnetCliToolReferenceSpecs" depends on it):
       Using "GetRestoreSettingsTask" task from assembly "C:\Program Files\dotnet\sdk\10.0.201\NuGet.Build.Tasks.dll".
       Task "GetRestoreSettingsTask"
         Assembly loaded during TaskRun (NuGet.Build.Tasks.GetRestoreSettingsTask): NuGet.Configuration, Version=7.3.0.0, Culture=neutral, PublicKeyToken=31bf3856ad364e35 (location: C:\Program Files\dotnet\sdk\10.0.201\NuGet.Configuration.dll, MVID: e1329410-6bb7-4430-b257-0731eafa2c17, AssemblyLoadContext: MSBuild plugin C:\Program Files\dotnet\sdk\10.0.201\NuGet.Build.Tasks.dll)
       Done executing task "GetRestoreSettingsTask".
   2:3>Done building target "_GetRestoreSettings" in project "ETL-SQL.Core.csproj".
   2:3>Target "_GenerateDotnetCliToolReferenceSpecs" in file "C:\Program Files\dotnet\sdk\10.0.201\NuGet.targets" from project "C:\Users\chuck\scratch\ETL-SQL\src\ETL-SQL.Core\ETL-SQL.Core.csproj" (target "_GenerateRestoreGraphProjectEntry" depends on it):
       Using "GetRestoreDotnetCliToolsTask" task from assembly "C:\Program Files\dotnet\sdk\10.0.201\NuGet.Build.Tasks.dll".
       Task "GetRestoreDotnetCliToolsTask"
       Done executing task "GetRestoreDotnetCliToolsTask".
   2:3>Done building target "_GenerateDotnetCliToolReferenceSpecs" in project "ETL-SQL.Core.csproj".
   2:3>Target "_GenerateRestoreGraphProjectEntry" in file "C:\Program Files\dotnet\sdk\10.0.201\NuGet.targets" from project "C:\Users\chuck\scratch\ETL-SQL\src\ETL-SQL.Core\ETL-SQL.Core.csproj" (entry point):
   2:3>Done building target "_GenerateRestoreGraphProjectEntry" in project "ETL-SQL.Core.csproj".
   2:3>Done Building Project "C:\Users\chuck\scratch\ETL-SQL\src\ETL-SQL.Core\ETL-SQL.Core.csproj" (_GenerateRestoreGraphProjectEntry target(s)).
     1>Project "C:\Users\chuck\scratch\ETL-SQL\src\ETL-SQL.Engine\ETL-SQL.Engine.csproj" (1) is building "C:\Users\chuck\scratch\ETL-SQL\src\ETL-SQL.Engine\ETL-SQL.Engine.csproj" (1:5) on node 1 (_GenerateRestoreGraphProjectEntry target(s)).
   1:5>Target "_CheckForUnsupportedNETCoreVersion" in file "C:\Program Files\dotnet\sdk\10.0.201\Sdks\Microsoft.NET.Sdk\targets\Microsoft.NET.TargetFrameworkInference.targets" from project "C:\Users\chuck\scratch\ETL-SQL\src\ETL-SQL.Engine\ETL-SQL.Engine.csproj" (target "CollectPackageReferences" depends on it):
   1:5>Done building target "_CheckForUnsupportedNETCoreVersion" in project "ETL-SQL.Engine.csproj".
   1:5>Target "_CheckForUnsupportedCppNETCoreVersion" in file "C:\Program Files\dotnet\sdk\10.0.201\Sdks\Microsoft.NET.Sdk\targets\Microsoft.NET.TargetFrameworkInference.targets" from project "C:\Users\chuck\scratch\ETL-SQL\src\ETL-SQL.Engine\ETL-SQL.Engine.csproj" (target "CollectPackageReferences" depends on it):
   1:5>Done building target "_CheckForUnsupportedCppNETCoreVersion" in project "ETL-SQL.Engine.csproj".
   1:5>Target "UpdateAspNetToFrameworkReference" in file "C:\Program Files\dotnet\sdk\10.0.201\Sdks\Microsoft.NET.Sdk\targets\Microsoft.NET.Sdk.DefaultItems.Shared.targets" from project "C:\Users\chuck\scratch\ETL-SQL\src\ETL-SQL.Engine\ETL-SQL.Engine.csproj" (target "ApplyImplicitVersions" depends on it):
       Using "CheckIfPackageReferenceShouldBeFrameworkReference" task from assembly "C:\Program Files\dotnet\sdk\10.0.201\Sdks\Microsoft.NET.Sdk\targets\..\tools\net10.0\Microsoft.NET.Build.Tasks.dll".
       Task "CheckIfPackageReferenceShouldBeFrameworkReference"
       Done executing task "CheckIfPackageReferenceShouldBeFrameworkReference".
       Task "CheckIfPackageReferenceShouldBeFrameworkReference"
       Done executing task "CheckIfPackageReferenceShouldBeFrameworkReference".
   1:5>Done building target "UpdateAspNetToFrameworkReference" in project "ETL-SQL.Engine.csproj".
   1:5>Target "CheckForImplicitPackageReferenceOverrides" in file "C:\Program Files\dotnet\sdk\10.0.201\Sdks\Microsoft.NET.Sdk\targets\Microsoft.NET.Sdk.DefaultItems.Shared.targets" from project "C:\Users\chuck\scratch\ETL-SQL\src\ETL-SQL.Engine\ETL-SQL.Engine.csproj" (target "ApplyImplicitVersions" depends on it):
       Using "CheckForImplicitPackageReferenceOverrides" task from assembly "C:\Program Files\dotnet\sdk\10.0.201\Sdks\Microsoft.NET.Sdk\targets\..\tools\net10.0\Microsoft.NET.Build.Tasks.dll".
       Task "CheckForImplicitPackageReferenceOverrides"
       Done executing task "CheckForImplicitPackageReferenceOverrides".
   1:5>Done building target "CheckForImplicitPackageReferenceOverrides" in project "ETL-SQL.Engine.csproj".
   1:5>Target "ApplyImplicitVersions" in file "C:\Program Files\dotnet\sdk\10.0.201\Sdks\Microsoft.NET.Sdk\targets\Microsoft.NET.Sdk.DefaultItems.Shared.targets" from project "C:\Users\chuck\scratch\ETL-SQL\src\ETL-SQL.Engine\ETL-SQL.Engine.csproj" (target "CollectPackageReferences" depends on it):
       Using "ApplyImplicitVersions" task from assembly "C:\Program Files\dotnet\sdk\10.0.201\Sdks\Microsoft.NET.Sdk\targets\..\tools\net10.0\Microsoft.NET.Build.Tasks.dll".
       Task "ApplyImplicitVersions"
       Done executing task "ApplyImplicitVersions".
   1:5>Done building target "ApplyImplicitVersions" in project "ETL-SQL.Engine.csproj".
       Target "CheckForImplicitPackageReferenceOverrides" skipped. Previously built successfully.
   1:5>Target "_CheckForLanguageAndFeatureCombinationSupport" in file "C:\Program Files\dotnet\sdk\10.0.201\Sdks\Microsoft.NET.Sdk\targets\Microsoft.NET.RuntimeIdentifierInference.targets" from project "C:\Users\chuck\scratch\ETL-SQL\src\ETL-SQL.Engine\ETL-SQL.Engine.csproj" (target "ProcessFrameworkReferences" depends on it):
   1:5>Done building target "_CheckForLanguageAndFeatureCombinationSupport" in project "ETL-SQL.Engine.csproj".
   1:5>Target "_ComputeToolPackInputsToProcessFrameworkReferences" in file "C:\Program Files\dotnet\sdk\10.0.201\Sdks\Microsoft.NET.Sdk\targets\Microsoft.NET.Publish.targets" from project "C:\Users\chuck\scratch\ETL-SQL\src\ETL-SQL.Engine\ETL-SQL.Engine.csproj" (target "ProcessFrameworkReferences" depends on it):
   1:5>Done building target "_ComputeToolPackInputsToProcessFrameworkReferences" in project "ETL-SQL.Engine.csproj".
   1:5>Target "ProcessFrameworkReferences" in file "C:\Program Files\dotnet\sdk\10.0.201\Sdks\Microsoft.NET.Sdk\targets\Microsoft.NET.Sdk.FrameworkReferenceResolution.targets" from project "C:\Users\chuck\scratch\ETL-SQL\src\ETL-SQL.Engine\ETL-SQL.Engine.csproj" (target "CollectPackageReferences" depends on it):
       Using "CheckForDuplicateFrameworkReferences" task from assembly "C:\Program Files\dotnet\sdk\10.0.201\Sdks\Microsoft.NET.Sdk\targets\..\tools\net10.0\Microsoft.NET.Build.Tasks.dll".
       Task "CheckForDuplicateFrameworkReferences"
       Done executing task "CheckForDuplicateFrameworkReferences".
       Using "ProcessFrameworkReferences" task from assembly "C:\Program Files\dotnet\sdk\10.0.201\Sdks\Microsoft.NET.Sdk\targets\..\tools\net10.0\Microsoft.NET.Build.Tasks.dll".
       Task "ProcessFrameworkReferences"
         Found 1 known framework references for target framework .NETCoreApp
         Found 5 known runtime packs for target framework .NETCoreApp
         Selected Microsoft.NETCore.App with RIDs 'linux-arm;linux-arm64;linux-musl-arm64;linux-musl-x64;linux-x64;osx-x64;tizen.4.0.0-armel;tizen.5.0.0-armel;win-arm64;win-x64;win-x86;linux-musl-arm;osx-arm64;linux-s390x;linux-loongarch64;linux-bionic-arm;linux-bionic-arm64;linux-bionic-x64;linux-bionic-x86;linux-ppc64le;freebsd-x64;freebsd-arm64;linux-riscv64;linux-musl-riscv64;linux-musl-loongarch64;android-arm64;android-x64'
         Selected targeting pack 'Microsoft.NETCore.App@10.0.5'
         Added runtime framework 'Microsoft.NETCore.App@10.0.0'
         Selected Microsoft.WindowsDesktop.App with RIDs 'win-x64;win-x86;win-arm64'
         Selected targeting pack 'Microsoft.WindowsDesktop.App@10.0.5'
         Added runtime framework 'Microsoft.WindowsDesktop.App@10.0.0'
         Selected Microsoft.WindowsDesktop.App with RIDs 'win-x64;win-x86;win-arm64'
         Selected targeting pack 'Microsoft.WindowsDesktop.App.WPF@10.0.5'
         Added runtime framework 'Microsoft.WindowsDesktop.App@10.0.0'
         Selected Microsoft.WindowsDesktop.App with RIDs 'win-x64;win-x86;win-arm64'
         Selected targeting pack 'Microsoft.WindowsDesktop.App.WindowsForms@10.0.5'
         Added runtime framework 'Microsoft.WindowsDesktop.App@10.0.0'
         Selected Microsoft.AspNetCore.App with RIDs 'win-x64;win-x86;osx-x64;linux-musl-x64;linux-musl-arm64;linux-x64;linux-arm;linux-arm64;linux-musl-arm;win-arm64;osx-arm64;linux-s390x;linux-loongarch64;linux-ppc64le;freebsd-x64;freebsd-arm64;linux-riscv64;linux-musl-riscv64;linux-loongarch64;linux-musl-loongarch64'
         Selected targeting pack 'Microsoft.AspNetCore.App@10.0.5'
         Added runtime framework 'Microsoft.AspNetCore.App@10.0.0'
       Done executing task "ProcessFrameworkReferences".
       Using "ResolveAppHosts" task from assembly "C:\Program Files\dotnet\sdk\10.0.201\Sdks\Microsoft.NET.Sdk\targets\..\tools\net10.0\Microsoft.NET.Build.Tasks.dll".
       Task "ResolveAppHosts"
       Done executing task "ResolveAppHosts".
   1:5>Done building target "ProcessFrameworkReferences" in project "ETL-SQL.Engine.csproj".
   1:5>Target "_CheckForObsoleteDotNetCliToolReferences" in file "C:\Program Files\dotnet\sdk\10.0.201\Sdks\Microsoft.NET.Sdk\targets\Microsoft.NET.ObsoleteReferences.targets" from project "C:\Users\chuck\scratch\ETL-SQL\src\ETL-SQL.Engine\ETL-SQL.Engine.csproj" (target "CollectPackageReferences" depends on it):
   1:5>Done building target "_CheckForObsoleteDotNetCliToolReferences" in project "ETL-SQL.Engine.csproj".
   1:5>Target "CollectPackageReferences" in file "C:\Program Files\dotnet\sdk\10.0.201\NuGet.targets" from project "C:\Users\chuck\scratch\ETL-SQL\src\ETL-SQL.Engine\ETL-SQL.Engine.csproj" (target "_GetRestoreProjectStyle" depends on it):
       Using "CheckForDuplicateNuGetItemsTask" task from assembly "C:\Program Files\dotnet\sdk\10.0.201\NuGet.Build.Tasks.dll".
       Task "CheckForDuplicateNuGetItemsTask"
       Done executing task "CheckForDuplicateNuGetItemsTask".
   1:5>Done building target "CollectPackageReferences" in project "ETL-SQL.Engine.csproj".
   1:5>Target "_GetRestoreProjectStyle" in file "C:\Program Files\dotnet\sdk\10.0.201\NuGet.targets" from project "C:\Users\chuck\scratch\ETL-SQL\src\ETL-SQL.Engine\ETL-SQL.Engine.csproj" (target "_GenerateRestoreSpecs" depends on it):
       Using "GetRestoreProjectStyleTask" task from assembly "C:\Program Files\dotnet\sdk\10.0.201\NuGet.Build.Tasks.dll".
       Task "GetRestoreProjectStyleTask"
       Done executing task "GetRestoreProjectStyleTask".
   1:5>Done building target "_GetRestoreProjectStyle" in project "ETL-SQL.Engine.csproj".
   1:5>Target "_GenerateRestoreSpecs" in file "C:\Program Files\dotnet\sdk\10.0.201\NuGet.targets" from project "C:\Users\chuck\scratch\ETL-SQL\src\ETL-SQL.Engine\ETL-SQL.Engine.csproj" (target "_GenerateRestoreGraphProjectEntry" depends on it):
       Task "Message"
         Restore entry point C:\Users\chuck\scratch\ETL-SQL\src\ETL-SQL.Engine\ETL-SQL.Engine.csproj
       Done executing task "Message".
   1:5>Done building target "_GenerateRestoreSpecs" in project "ETL-SQL.Engine.csproj".
   1:5>Target "_GetRestoreSettingsOverrides" in file "C:\Program Files\dotnet\sdk\10.0.201\NuGet.targets" from project "C:\Users\chuck\scratch\ETL-SQL\src\ETL-SQL.Engine\ETL-SQL.Engine.csproj" (target "_GetRestoreSettings" depends on it):
   1:5>Done building target "_GetRestoreSettingsOverrides" in project "ETL-SQL.Engine.csproj".
   1:5>Target "_GetRestoreSettingsPerFramework" in file "C:\Program Files\dotnet\sdk\10.0.201\NuGet.targets" from project "C:\Users\chuck\scratch\ETL-SQL\src\ETL-SQL.Engine\ETL-SQL.Engine.csproj" (target "_GetRestoreSettingsCurrentProject" depends on it):
   1:5>Done building target "_GetRestoreSettingsPerFramework" in project "ETL-SQL.Engine.csproj".
   1:5>Target "_GetRestoreSettingsCurrentProject" in file "C:\Program Files\dotnet\sdk\10.0.201\NuGet.targets" from project "C:\Users\chuck\scratch\ETL-SQL\src\ETL-SQL.Engine\ETL-SQL.Engine.csproj" (target "_GetRestoreSettings" depends on it):
   1:5>Done building target "_GetRestoreSettingsCurrentProject" in project "ETL-SQL.Engine.csproj".
   1:5>Target "_GetRestoreSettings" in file "C:\Program Files\dotnet\sdk\10.0.201\NuGet.targets" from project "C:\Users\chuck\scratch\ETL-SQL\src\ETL-SQL.Engine\ETL-SQL.Engine.csproj" (target "_GenerateDotnetCliToolReferenceSpecs" depends on it):
       Using "GetRestoreSettingsTask" task from assembly "C:\Program Files\dotnet\sdk\10.0.201\NuGet.Build.Tasks.dll".
       Task "GetRestoreSettingsTask"
       Done executing task "GetRestoreSettingsTask".
   1:5>Done building target "_GetRestoreSettings" in project "ETL-SQL.Engine.csproj".
   1:5>Target "_GenerateDotnetCliToolReferenceSpecs" in file "C:\Program Files\dotnet\sdk\10.0.201\NuGet.targets" from project "C:\Users\chuck\scratch\ETL-SQL\src\ETL-SQL.Engine\ETL-SQL.Engine.csproj" (target "_GenerateRestoreGraphProjectEntry" depends on it):
       Using "GetRestoreDotnetCliToolsTask" task from assembly "C:\Program Files\dotnet\sdk\10.0.201\NuGet.Build.Tasks.dll".
       Task "GetRestoreDotnetCliToolsTask"
       Done executing task "GetRestoreDotnetCliToolsTask".
   1:5>Done building target "_GenerateDotnetCliToolReferenceSpecs" in project "ETL-SQL.Engine.csproj".
   1:5>Target "_GenerateRestoreGraphProjectEntry" in file "C:\Program Files\dotnet\sdk\10.0.201\NuGet.targets" from project "C:\Users\chuck\scratch\ETL-SQL\src\ETL-SQL.Engine\ETL-SQL.Engine.csproj" (entry point):
   1:5>Done building target "_GenerateRestoreGraphProjectEntry" in project "ETL-SQL.Engine.csproj".
   1:5>Done Building Project "C:\Users\chuck\scratch\ETL-SQL\src\ETL-SQL.Engine\ETL-SQL.Engine.csproj" (_GenerateRestoreGraphProjectEntry target(s)).
     1>Done executing task "MSBuild".
       Task "MSBuild"
         Global Properties:
           ExcludeRestorePackageImports=true
     1>Project "C:\Users\chuck\scratch\ETL-SQL\src\ETL-SQL.Engine\ETL-SQL.Engine.csproj" (1) is building "C:\Users\chuck\scratch\ETL-SQL\src\ETL-SQL.Core\ETL-SQL.Core.csproj" (2:4) on node 1 (_GenerateProjectRestoreGraph target(s)).
   2:4>Target "_GetRestoreProjectStyle" skipped. Previously built successfully.
       Target "_GetRestoreProjectStyle" skipped. Previously built successfully.
       Target "_GetRestoreProjectStyle" skipped. Previously built successfully.
   2:4>Target "_GetRestoreTargetFrameworkOverride" in file "C:\Program Files\dotnet\sdk\10.0.201\NuGet.targets" from project "C:\Users\chuck\scratch\ETL-SQL\src\ETL-SQL.Core\ETL-SQL.Core.csproj" (target "_GetRestoreTargetFrameworksOutput" depends on it):
   2:4>Done building target "_GetRestoreTargetFrameworkOverride" in project "ETL-SQL.Core.csproj".
   2:4>Target "_GetRestoreTargetFrameworksOutput" in file "C:\Program Files\dotnet\sdk\10.0.201\NuGet.targets" from project "C:\Users\chuck\scratch\ETL-SQL\src\ETL-SQL.Core\ETL-SQL.Core.csproj" (target "_GenerateRestoreProjectSpec" depends on it):
       Using "GetProjectTargetFrameworksTask" task from assembly "C:\Program Files\dotnet\sdk\10.0.201\NuGet.Build.Tasks.dll".
       Task "GetProjectTargetFrameworksTask"
       Done executing task "GetProjectTargetFrameworksTask".
   2:4>Done building target "_GetRestoreTargetFrameworksOutput" in project "ETL-SQL.Core.csproj".
       Target "_GetRestoreSettings" skipped. Previously built successfully.
   2:4>Target "_GenerateRestoreProjectSpec" in file "C:\Program Files\dotnet\sdk\10.0.201\NuGet.targets" from project "C:\Users\chuck\scratch\ETL-SQL\src\ETL-SQL.Core\ETL-SQL.Core.csproj" (target "_GenerateProjectRestoreGraph" depends on it):
       Task "ConvertToAbsolutePath"
       Done executing task "ConvertToAbsolutePath".
   2:4>Done building target "_GenerateRestoreProjectSpec" in project "ETL-SQL.Core.csproj".
       Target "_GetRestoreProjectStyle" skipped. Previously built successfully.
       Target "CollectPackageReferences" skipped. Previously built successfully.
   2:4>Target "CollectPackageDownloads" in file "C:\Program Files\dotnet\sdk\10.0.201\NuGet.targets" from project "C:\Users\chuck\scratch\ETL-SQL\src\ETL-SQL.Core\ETL-SQL.Core.csproj" (target "_CollectRestoreInputs" depends on it):
       Task "CheckForDuplicateNuGetItemsTask"
       Done executing task "CheckForDuplicateNuGetItemsTask".
   2:4>Done building target "CollectPackageDownloads" in project "ETL-SQL.Core.csproj".
   2:4>Target "CollectFrameworkReferences" in file "C:\Program Files\dotnet\sdk\10.0.201\NuGet.targets" from project "C:\Users\chuck\scratch\ETL-SQL\src\ETL-SQL.Core\ETL-SQL.Core.csproj" (target "_CollectRestoreInputs" depends on it):
   2:4>Done building target "CollectFrameworkReferences" in project "ETL-SQL.Core.csproj".
   2:4>Target "CollectCentralPackageVersions" in file "C:\Program Files\dotnet\sdk\10.0.201\NuGet.targets" from project "C:\Users\chuck\scratch\ETL-SQL\src\ETL-SQL.Core\ETL-SQL.Core.csproj" (target "_CollectRestoreInputs" depends on it):
       Task "CheckForDuplicateNuGetItemsTask"
       Done executing task "CheckForDuplicateNuGetItemsTask".
   2:4>Done building target "CollectCentralPackageVersions" in project "ETL-SQL.Core.csproj".
   2:4>Target "CollectNuGetAuditSuppressions" in file "C:\Program Files\dotnet\sdk\10.0.201\NuGet.targets" from project "C:\Users\chuck\scratch\ETL-SQL\src\ETL-SQL.Core\ETL-SQL.Core.csproj" (target "_CollectRestoreInputs" depends on it):
       Task "CheckForDuplicateNuGetItemsTask"
       Done executing task "CheckForDuplicateNuGetItemsTask".
   2:4>Done building target "CollectNuGetAuditSuppressions" in project "ETL-SQL.Core.csproj".
       Target "ProcessFrameworkReferences" skipped. Previously built successfully.
   2:4>Target "AddPrunePackageReferences" in file "C:\Program Files\dotnet\sdk\10.0.201\Sdks\Microsoft.NET.Sdk\targets\Microsoft.NET.Sdk.FrameworkReferenceResolution.targets" from project "C:\Users\chuck\scratch\ETL-SQL\src\ETL-SQL.Core\ETL-SQL.Core.csproj" (target "CollectPrunePackageReferences" depends on it):
       Using "GetPackagesToPrune" task from assembly "C:\Program Files\dotnet\sdk\10.0.201\Sdks\Microsoft.NET.Sdk\targets\..\tools\net10.0\Microsoft.NET.Build.Tasks.dll".
       Task "GetPackagesToPrune"
         Loading packages to prune for .NETCoreApp 10.0 Microsoft.NETCore.App
         Loading prune package data from PrunePackageData folder
         Failed to load prune package data from PrunePackageData folder, loading from targeting packs instead
         Looking for targeting packs in C:\Program Files\dotnet\packs\Microsoft.NETCore.App.Ref
         Pack directories found: C:\Program Files\dotnet\packs\Microsoft.NETCore.App.Ref\10.0.4
         C:\Program Files\dotnet\packs\Microsoft.NETCore.App.Ref\10.0.5
         Found package overrides file C:\Program Files\dotnet\packs\Microsoft.NETCore.App.Ref\10.0.5\data\PackageOverrides.txt
       Done executing task "GetPackagesToPrune".
   2:4>Done building target "AddPrunePackageReferences" in project "ETL-SQL.Core.csproj".
   2:4>Target "CollectPrunePackageReferences" in file "C:\Program Files\dotnet\sdk\10.0.201\NuGet.targets" from project "C:\Users\chuck\scratch\ETL-SQL\src\ETL-SQL.Core\ETL-SQL.Core.csproj" (target "_CollectRestoreInputs" depends on it):
       Task "CheckForDuplicateNuGetItemsTask"
       Done executing task "CheckForDuplicateNuGetItemsTask".
   2:4>Done building target "CollectPrunePackageReferences" in project "ETL-SQL.Core.csproj".
   2:4>Target "_CollectRestoreInputs" in file "C:\Program Files\dotnet\sdk\10.0.201\NuGet.targets" from project "C:\Users\chuck\scratch\ETL-SQL\src\ETL-SQL.Core\ETL-SQL.Core.csproj" (target "_GenerateProjectRestoreGraphPerFramework" depends on it):
   2:4>Done building target "_CollectRestoreInputs" in project "ETL-SQL.Core.csproj".
   2:4>Target "_GenerateProjectRestoreGraphPerFramework" in file "C:\Program Files\dotnet\sdk\10.0.201\NuGet.targets" from project "C:\Users\chuck\scratch\ETL-SQL\src\ETL-SQL.Core\ETL-SQL.Core.csproj" (target "_GenerateProjectRestoreGraphCurrentProject" depends on it):
       Using "GetRestoreProjectReferencesTask" task from assembly "C:\Program Files\dotnet\sdk\10.0.201\NuGet.Build.Tasks.dll".
       Task "GetRestoreProjectReferencesTask"
       Done executing task "GetRestoreProjectReferencesTask".
       Using "GetRestorePackageReferencesTask" task from assembly "C:\Program Files\dotnet\sdk\10.0.201\NuGet.Build.Tasks.dll".
       Task "GetRestorePackageReferencesTask"
       Done executing task "GetRestorePackageReferencesTask".
       Using "GetRestorePackageDownloadsTask" task from assembly "C:\Program Files\dotnet\sdk\10.0.201\NuGet.Build.Tasks.dll".
       Task "GetRestorePackageDownloadsTask"
       Done executing task "GetRestorePackageDownloadsTask".
       Using "GetRestoreFrameworkReferencesTask" task from assembly "C:\Program Files\dotnet\sdk\10.0.201\NuGet.Build.Tasks.dll".
       Task "GetRestoreFrameworkReferencesTask"
       Done executing task "GetRestoreFrameworkReferencesTask".
       Using "GetRestoreNuGetAuditSuppressionsTask" task from assembly "C:\Program Files\dotnet\sdk\10.0.201\NuGet.Build.Tasks.dll".
       Task "GetRestoreNuGetAuditSuppressionsTask"
       Done executing task "GetRestoreNuGetAuditSuppressionsTask".
       Using "GetRestorePrunePackageReferencesTask" task from assembly "C:\Program Files\dotnet\sdk\10.0.201\NuGet.Build.Tasks.dll".
       Task "GetRestorePrunePackageReferencesTask"
       Done executing task "GetRestorePrunePackageReferencesTask".
   2:4>Done building target "_GenerateProjectRestoreGraphPerFramework" in project "ETL-SQL.Core.csproj".
   2:4>Target "_GenerateProjectRestoreGraphCurrentProject" in file "C:\Program Files\dotnet\sdk\10.0.201\NuGet.targets" from project "C:\Users\chuck\scratch\ETL-SQL\src\ETL-SQL.Core\ETL-SQL.Core.csproj" (target "_GenerateRestoreDependencies" depends on it):
   2:4>Done building target "_GenerateProjectRestoreGraphCurrentProject" in project "ETL-SQL.Core.csproj".
   2:4>Target "_GenerateRestoreDependencies" in file "C:\Program Files\dotnet\sdk\10.0.201\NuGet.targets" from project "C:\Users\chuck\scratch\ETL-SQL\src\ETL-SQL.Core\ETL-SQL.Core.csproj" (target "_GenerateProjectRestoreGraph" depends on it):
   2:4>Done building target "_GenerateRestoreDependencies" in project "ETL-SQL.Core.csproj".
   2:4>Target "_GenerateProjectRestoreGraph" in file "C:\Program Files\dotnet\sdk\10.0.201\NuGet.targets" from project "C:\Users\chuck\scratch\ETL-SQL\src\ETL-SQL.Core\ETL-SQL.Core.csproj" (entry point):
   2:4>Done building target "_GenerateProjectRestoreGraph" in project "ETL-SQL.Core.csproj".
   2:4>Done Building Project "C:\Users\chuck\scratch\ETL-SQL\src\ETL-SQL.Core\ETL-SQL.Core.csproj" (_GenerateProjectRestoreGraph target(s)).
     1>Project "C:\Users\chuck\scratch\ETL-SQL\src\ETL-SQL.Engine\ETL-SQL.Engine.csproj" (1) is building "C:\Users\chuck\scratch\ETL-SQL\src\ETL-SQL.Engine\ETL-SQL.Engine.csproj" (1:6) on node 1 (_GenerateProjectRestoreGraph target(s)).
   1:6>Target "_GetRestoreProjectStyle" skipped. Previously built successfully.
       Target "_GetRestoreProjectStyle" skipped. Previously built successfully.
       Target "_GetRestoreProjectStyle" skipped. Previously built successfully.
   1:6>Target "_GetRestoreTargetFrameworkOverride" in file "C:\Program Files\dotnet\sdk\10.0.201\NuGet.targets" from project "C:\Users\chuck\scratch\ETL-SQL\src\ETL-SQL.Engine\ETL-SQL.Engine.csproj" (target "_GetRestoreTargetFrameworksOutput" depends on it):
   1:6>Done building target "_GetRestoreTargetFrameworkOverride" in project "ETL-SQL.Engine.csproj".
   1:6>Target "_GetRestoreTargetFrameworksOutput" in file "C:\Program Files\dotnet\sdk\10.0.201\NuGet.targets" from project "C:\Users\chuck\scratch\ETL-SQL\src\ETL-SQL.Engine\ETL-SQL.Engine.csproj" (target "_GenerateRestoreProjectSpec" depends on it):
       Using "GetProjectTargetFrameworksTask" task from assembly "C:\Program Files\dotnet\sdk\10.0.201\NuGet.Build.Tasks.dll".
       Task "GetProjectTargetFrameworksTask"
       Done executing task "GetProjectTargetFrameworksTask".
   1:6>Done building target "_GetRestoreTargetFrameworksOutput" in project "ETL-SQL.Engine.csproj".
       Target "_GetRestoreSettings" skipped. Previously built successfully.
   1:6>Target "_GenerateRestoreProjectSpec" in file "C:\Program Files\dotnet\sdk\10.0.201\NuGet.targets" from project "C:\Users\chuck\scratch\ETL-SQL\src\ETL-SQL.Engine\ETL-SQL.Engine.csproj" (target "_GenerateProjectRestoreGraph" depends on it):
       Task "ConvertToAbsolutePath"
       Done executing task "ConvertToAbsolutePath".
   1:6>Done building target "_GenerateRestoreProjectSpec" in project "ETL-SQL.Engine.csproj".
       Target "_GetRestoreProjectStyle" skipped. Previously built successfully.
       Target "CollectPackageReferences" skipped. Previously built successfully.
   1:6>Target "CollectPackageDownloads" in file "C:\Program Files\dotnet\sdk\10.0.201\NuGet.targets" from project "C:\Users\chuck\scratch\ETL-SQL\src\ETL-SQL.Engine\ETL-SQL.Engine.csproj" (target "_CollectRestoreInputs" depends on it):
       Task "CheckForDuplicateNuGetItemsTask"
       Done executing task "CheckForDuplicateNuGetItemsTask".
   1:6>Done building target "CollectPackageDownloads" in project "ETL-SQL.Engine.csproj".
   1:6>Target "CollectFrameworkReferences" in file "C:\Program Files\dotnet\sdk\10.0.201\NuGet.targets" from project "C:\Users\chuck\scratch\ETL-SQL\src\ETL-SQL.Engine\ETL-SQL.Engine.csproj" (target "_CollectRestoreInputs" depends on it):
   1:6>Done building target "CollectFrameworkReferences" in project "ETL-SQL.Engine.csproj".
   1:6>Target "CollectCentralPackageVersions" in file "C:\Program Files\dotnet\sdk\10.0.201\NuGet.targets" from project "C:\Users\chuck\scratch\ETL-SQL\src\ETL-SQL.Engine\ETL-SQL.Engine.csproj" (target "_CollectRestoreInputs" depends on it):
       Task "CheckForDuplicateNuGetItemsTask"
       Done executing task "CheckForDuplicateNuGetItemsTask".
   1:6>Done building target "CollectCentralPackageVersions" in project "ETL-SQL.Engine.csproj".
   1:6>Target "CollectNuGetAuditSuppressions" in file "C:\Program Files\dotnet\sdk\10.0.201\NuGet.targets" from project "C:\Users\chuck\scratch\ETL-SQL\src\ETL-SQL.Engine\ETL-SQL.Engine.csproj" (target "_CollectRestoreInputs" depends on it):
       Task "CheckForDuplicateNuGetItemsTask"
       Done executing task "CheckForDuplicateNuGetItemsTask".
   1:6>Done building target "CollectNuGetAuditSuppressions" in project "ETL-SQL.Engine.csproj".
       Target "ProcessFrameworkReferences" skipped. Previously built successfully.
   1:6>Target "AddPrunePackageReferences" in file "C:\Program Files\dotnet\sdk\10.0.201\Sdks\Microsoft.NET.Sdk\targets\Microsoft.NET.Sdk.FrameworkReferenceResolution.targets" from project "C:\Users\chuck\scratch\ETL-SQL\src\ETL-SQL.Engine\ETL-SQL.Engine.csproj" (target "CollectPrunePackageReferences" depends on it):
       Using "GetPackagesToPrune" task from assembly "C:\Program Files\dotnet\sdk\10.0.201\Sdks\Microsoft.NET.Sdk\targets\..\tools\net10.0\Microsoft.NET.Build.Tasks.dll".
       Task "GetPackagesToPrune"
       Done executing task "GetPackagesToPrune".
   1:6>Done building target "AddPrunePackageReferences" in project "ETL-SQL.Engine.csproj".
   1:6>Target "CollectPrunePackageReferences" in file "C:\Program Files\dotnet\sdk\10.0.201\NuGet.targets" from project "C:\Users\chuck\scratch\ETL-SQL\src\ETL-SQL.Engine\ETL-SQL.Engine.csproj" (target "_CollectRestoreInputs" depends on it):
       Task "CheckForDuplicateNuGetItemsTask"
       Done executing task "CheckForDuplicateNuGetItemsTask".
   1:6>Done building target "CollectPrunePackageReferences" in project "ETL-SQL.Engine.csproj".
   1:6>Target "_CollectRestoreInputs" in file "C:\Program Files\dotnet\sdk\10.0.201\NuGet.targets" from project "C:\Users\chuck\scratch\ETL-SQL\src\ETL-SQL.Engine\ETL-SQL.Engine.csproj" (target "_GenerateProjectRestoreGraphPerFramework" depends on it):
   1:6>Done building target "_CollectRestoreInputs" in project "ETL-SQL.Engine.csproj".
   1:6>Target "_GenerateProjectRestoreGraphPerFramework" in file "C:\Program Files\dotnet\sdk\10.0.201\NuGet.targets" from project "C:\Users\chuck\scratch\ETL-SQL\src\ETL-SQL.Engine\ETL-SQL.Engine.csproj" (target "_GenerateProjectRestoreGraphCurrentProject" depends on it):
       Using "GetRestoreProjectReferencesTask" task from assembly "C:\Program Files\dotnet\sdk\10.0.201\NuGet.Build.Tasks.dll".
       Task "GetRestoreProjectReferencesTask"
       Done executing task "GetRestoreProjectReferencesTask".
       Using "GetRestorePackageReferencesTask" task from assembly "C:\Program Files\dotnet\sdk\10.0.201\NuGet.Build.Tasks.dll".
       Task "GetRestorePackageReferencesTask"
       Done executing task "GetRestorePackageReferencesTask".
       Using "GetRestorePackageDownloadsTask" task from assembly "C:\Program Files\dotnet\sdk\10.0.201\NuGet.Build.Tasks.dll".
       Task "GetRestorePackageDownloadsTask"
       Done executing task "GetRestorePackageDownloadsTask".
       Using "GetRestoreFrameworkReferencesTask" task from assembly "C:\Program Files\dotnet\sdk\10.0.201\NuGet.Build.Tasks.dll".
       Task "GetRestoreFrameworkReferencesTask"
       Done executing task "GetRestoreFrameworkReferencesTask".
       Using "GetRestoreNuGetAuditSuppressionsTask" task from assembly "C:\Program Files\dotnet\sdk\10.0.201\NuGet.Build.Tasks.dll".
       Task "GetRestoreNuGetAuditSuppressionsTask"
       Done executing task "GetRestoreNuGetAuditSuppressionsTask".
       Using "GetRestorePrunePackageReferencesTask" task from assembly "C:\Program Files\dotnet\sdk\10.0.201\NuGet.Build.Tasks.dll".
       Task "GetRestorePrunePackageReferencesTask"
       Done executing task "GetRestorePrunePackageReferencesTask".
   1:6>Done building target "_GenerateProjectRestoreGraphPerFramework" in project "ETL-SQL.Engine.csproj".
   1:6>Target "_GenerateProjectRestoreGraphCurrentProject" in file "C:\Program Files\dotnet\sdk\10.0.201\NuGet.targets" from project "C:\Users\chuck\scratch\ETL-SQL\src\ETL-SQL.Engine\ETL-SQL.Engine.csproj" (target "_GenerateRestoreDependencies" depends on it):
   1:6>Done building target "_GenerateProjectRestoreGraphCurrentProject" in project "ETL-SQL.Engine.csproj".
   1:6>Target "_GenerateRestoreDependencies" in file "C:\Program Files\dotnet\sdk\10.0.201\NuGet.targets" from project "C:\Users\chuck\scratch\ETL-SQL\src\ETL-SQL.Engine\ETL-SQL.Engine.csproj" (target "_GenerateProjectRestoreGraph" depends on it):
   1:6>Done building target "_GenerateRestoreDependencies" in project "ETL-SQL.Engine.csproj".
   1:6>Target "_GenerateProjectRestoreGraph" in file "C:\Program Files\dotnet\sdk\10.0.201\NuGet.targets" from project "C:\Users\chuck\scratch\ETL-SQL\src\ETL-SQL.Engine\ETL-SQL.Engine.csproj" (entry point):
   1:6>Done building target "_GenerateProjectRestoreGraph" in project "ETL-SQL.Engine.csproj".
   1:6>Done Building Project "C:\Users\chuck\scratch\ETL-SQL\src\ETL-SQL.Engine\ETL-SQL.Engine.csproj" (_GenerateProjectRestoreGraph target(s)).
     1>Done executing task "MSBuild".
     1>Done building target "_GenerateRestoreGraph" in project "ETL-SQL.Engine.csproj".
     1>Target "_CollectTargetFrameworkForTelemetry" in file "C:\Program Files\dotnet\sdk\10.0.201\Sdks\Microsoft.NET.Sdk\targets\Microsoft.NET.TargetFrameworkInference.targets" from project "C:\Users\chuck\scratch\ETL-SQL\src\ETL-SQL.Engine\ETL-SQL.Engine.csproj" (target "Restore" depends on it):
       Using "AllowEmptyTelemetry" task from assembly "C:\Program Files\dotnet\sdk\10.0.201\Sdks\Microsoft.NET.Sdk\targets\..\tools\net10.0\Microsoft.NET.Build.Tasks.dll".
       Task "AllowEmptyTelemetry"
       Done executing task "AllowEmptyTelemetry".
     1>Done building target "_CollectTargetFrameworkForTelemetry" in project "ETL-SQL.Engine.csproj".
     1>Target "_CheckForUnsupportedNETCoreVersion" in file "C:\Program Files\dotnet\sdk\10.0.201\Sdks\Microsoft.NET.Sdk\targets\Microsoft.NET.TargetFrameworkInference.targets" from project "C:\Users\chuck\scratch\ETL-SQL\src\ETL-SQL.Engine\ETL-SQL.Engine.csproj" (target "Restore" depends on it):
     1>Done building target "_CheckForUnsupportedNETCoreVersion" in project "ETL-SQL.Engine.csproj".
     1>Target "_CheckForUnsupportedCppNETCoreVersion" in file "C:\Program Files\dotnet\sdk\10.0.201\Sdks\Microsoft.NET.Sdk\targets\Microsoft.NET.TargetFrameworkInference.targets" from project "C:\Users\chuck\scratch\ETL-SQL\src\ETL-SQL.Engine\ETL-SQL.Engine.csproj" (target "Restore" depends on it):
     1>Done building target "_CheckForUnsupportedCppNETCoreVersion" in project "ETL-SQL.Engine.csproj".
     1>Target "Restore" in file "C:\Program Files\dotnet\sdk\10.0.201\NuGet.targets" from project "C:\Users\chuck\scratch\ETL-SQL\src\ETL-SQL.Engine\ETL-SQL.Engine.csproj" (entry point):
       Task "RemoveDuplicates"
       Done executing task "RemoveDuplicates".
       Using "RestoreTask" task from assembly "C:\Program Files\dotnet\sdk\10.0.201\NuGet.Build.Tasks.dll".
       Task "RestoreTask"
         Assembly loaded during TaskRun (NuGet.Build.Tasks.RestoreTask): NuGet.Packaging, Version=7.3.0.0, Culture=neutral, PublicKeyToken=31bf3856ad364e35 (location: C:\Program Files\dotnet\sdk\10.0.201\NuGet.Packaging.dll, MVID: 40014110-2cd3-4442-9a70-d9a3269d4026, AssemblyLoadContext: MSBuild plugin C:\Program Files\dotnet\sdk\10.0.201\NuGet.Build.Tasks.dll)
         Assembly loaded during TaskRun (NuGet.Build.Tasks.RestoreTask): NuGet.Versioning, Version=7.3.0.0, Culture=neutral, PublicKeyToken=31bf3856ad364e35 (location: C:\Program Files\dotnet\sdk\10.0.201\NuGet.Versioning.dll, MVID: 3a4ee61b-d7af-4b9d-8dba-b38c9b5e6570, AssemblyLoadContext: MSBuild plugin C:\Program Files\dotnet\sdk\10.0.201\NuGet.Build.Tasks.dll)
         Assembly loaded during TaskRun (NuGet.Build.Tasks.RestoreTask): NuGet.Frameworks, Version=7.3.0.0, Culture=neutral, PublicKeyToken=31bf3856ad364e35 (location: C:\Program Files\dotnet\sdk\10.0.201\NuGet.Frameworks.dll, MVID: d6a61154-f824-438f-bc4d-b42d8d809547, AssemblyLoadContext: MSBuild plugin C:\Program Files\dotnet\sdk\10.0.201\NuGet.Build.Tasks.dll)
         Assembly loaded during TaskRun (NuGet.Build.Tasks.RestoreTask): NuGet.LibraryModel, Version=7.3.0.0, Culture=neutral, PublicKeyToken=31bf3856ad364e35 (location: C:\Program Files\dotnet\sdk\10.0.201\NuGet.LibraryModel.dll, MVID: 3154c8a6-8773-48cc-9545-32dc232ab20b, AssemblyLoadContext: MSBuild plugin C:\Program Files\dotnet\sdk\10.0.201\NuGet.Build.Tasks.dll)
         Assembly loaded during TaskRun (NuGet.Build.Tasks.RestoreTask): NuGet.Protocol, Version=7.3.0.0, Culture=neutral, PublicKeyToken=31bf3856ad364e35 (location: C:\Program Files\dotnet\sdk\10.0.201\NuGet.Protocol.dll, MVID: e308bb6d-a7d2-4903-b251-0d94622853f1, AssemblyLoadContext: MSBuild plugin C:\Program Files\dotnet\sdk\10.0.201\NuGet.Build.Tasks.dll)
         Assembly loaded during TaskRun (NuGet.Build.Tasks.RestoreTask): NuGet.Credentials, Version=7.3.0.0, Culture=neutral, PublicKeyToken=31bf3856ad364e35 (location: C:\Program Files\dotnet\sdk\10.0.201\NuGet.Credentials.dll, MVID: 88bf7536-235c-4aca-87e8-e880a2735029, AssemblyLoadContext: MSBuild plugin C:\Program Files\dotnet\sdk\10.0.201\NuGet.Build.Tasks.dll)
         X.509 certificate chain validation will use the default trust store selected by .NET for code signing.
         X.509 certificate chain validation will use the default trust store selected by .NET for timestamping.
         Assembly loaded during TaskRun (NuGet.Build.Tasks.RestoreTask): NuGet.DependencyResolver.Core, Version=7.3.0.0, Culture=neutral, PublicKeyToken=31bf3856ad364e35 (location: C:\Program Files\dotnet\sdk\10.0.201\NuGet.DependencyResolver.Core.dll, MVID: 2ec6ff82-b469-4cf4-a5b2-e8eee535c2aa, AssemblyLoadContext: MSBuild plugin C:\Program Files\dotnet\sdk\10.0.201\NuGet.Build.Tasks.dll)
         Running restore with 24 concurrent jobs.
         Reading project file C:\Users\chuck\scratch\ETL-SQL\src\ETL-SQL.Core\ETL-SQL.Core.csproj.
         Reading project file C:\Users\chuck\scratch\ETL-SQL\src\ETL-SQL.Engine\ETL-SQL.Engine.csproj.
         Assembly loaded during TaskRun (NuGet.Build.Tasks.RestoreTask): Newtonsoft.Json, Version=13.0.0.0, Culture=neutral, PublicKeyToken=30ad4fe6b2a6aeed (location: C:\Program Files\dotnet\sdk\10.0.201\Newtonsoft.Json.dll, MVID: 7e62198b-eab2-4380-bbac-29171862d1d8, AssemblyLoadContext: MSBuild plugin C:\Program Files\dotnet\sdk\10.0.201\NuGet.Build.Tasks.dll)
         Assembly loaded during TaskRun (NuGet.Build.Tasks.RestoreTask): System.Runtime.Serialization.Primitives, Version=10.0.0.0, Culture=neutral, PublicKeyToken=b03f5f7f11d50a3a (location: C:\Program Files\dotnet\shared\Microsoft.NETCore.App\10.0.5\System.Runtime.Serialization.Primitives.dll, MVID: 195f5f35-38a6-4136-99c1-d683d42a9eb6, AssemblyLoadContext: Default)
         Assembly loaded during TaskRun (NuGet.Build.Tasks.RestoreTask): System.Runtime.Numerics, Version=10.0.0.0, Culture=neutral, PublicKeyToken=b03f5f7f11d50a3a (location: C:\Program Files\dotnet\shared\Microsoft.NETCore.App\10.0.5\System.Runtime.Numerics.dll, MVID: 38bb2ac1-4485-402a-8491-8df62123e407, AssemblyLoadContext: Default)
         Assembly loaded during TaskRun (NuGet.Build.Tasks.RestoreTask): System.Text.Encodings.Web, Version=10.0.0.0, Culture=neutral, PublicKeyToken=cc7b13ffcd2ddd51 (location: C:\Program Files\dotnet\shared\Microsoft.NETCore.App\10.0.5\System.Text.Encodings.Web.dll, MVID: 26d179d9-0f4d-48a0-b6a0-45bfd4d15bed, AssemblyLoadContext: Default)
         Assembly loaded during TaskRun (NuGet.Build.Tasks.RestoreTask): System.Reflection.Emit.Lightweight, Version=10.0.0.0, Culture=neutral, PublicKeyToken=b03f5f7f11d50a3a (location: C:\Program Files\dotnet\shared\Microsoft.NETCore.App\10.0.5\System.Reflection.Emit.Lightweight.dll, MVID: c885a805-552c-4ff5-98f3-d6ec946dc33d, AssemblyLoadContext: Default)
         Assembly loaded during TaskRun (NuGet.Build.Tasks.RestoreTask): System.Reflection.Primitives, Version=10.0.0.0, Culture=neutral, PublicKeyToken=b03f5f7f11d50a3a (location: C:\Program Files\dotnet\shared\Microsoft.NETCore.App\10.0.5\System.Reflection.Primitives.dll, MVID: d61875fb-392f-4c5f-8b60-ec550e21c202, AssemblyLoadContext: Default)
         Assembly loaded during TaskRun (NuGet.Build.Tasks.RestoreTask): System.Reflection.Emit.ILGeneration, Version=10.0.0.0, Culture=neutral, PublicKeyToken=b03f5f7f11d50a3a (location: C:\Program Files\dotnet\shared\Microsoft.NETCore.App\10.0.5\System.Reflection.Emit.ILGeneration.dll, MVID: 5aa51e31-93e8-4db9-8de5-9e187c3b9df5, AssemblyLoadContext: Default)
         The restore inputs for 'ETL-SQL.Core' have not changed. No further actions are required to complete the restore.
         The restore inputs for 'ETL-SQL.Engine' have not changed. No further actions are required to complete the restore.
         Committing restore...
         Committing restore...
         Assets file has not changed. Skipping assets file writing. Path: C:\Users\chuck\scratch\ETL-SQL\src\ETL-SQL.Engine\obj\project.assets.json
         Assets file has not changed. Skipping assets file writing. Path: C:\Users\chuck\scratch\ETL-SQL\src\ETL-SQL.Core\obj\project.assets.json
         No-Op restore. The cache will not be updated. Path: C:\Users\chuck\scratch\ETL-SQL\src\ETL-SQL.Engine\obj\project.nuget.cache
         No-Op restore. The cache will not be updated. Path: C:\Users\chuck\scratch\ETL-SQL\src\ETL-SQL.Core\obj\project.nuget.cache
         Restored C:\Users\chuck\scratch\ETL-SQL\src\ETL-SQL.Engine\ETL-SQL.Engine.csproj (in 36 ms).
         Restored C:\Users\chuck\scratch\ETL-SQL\src\ETL-SQL.Core\ETL-SQL.Core.csproj (in 36 ms).
         
         NuGet Config files used:
             C:\Users\chuck\AppData\Roaming\NuGet\NuGet.Config
         
         Feeds used:
             https://api.nuget.org/v3/index.json
         All projects are up-to-date for restore.
       Done executing task "RestoreTask".
     1>Done building target "Restore" in project "ETL-SQL.Engine.csproj".
     1>Done Building Project "C:\Users\chuck\scratch\ETL-SQL\src\ETL-SQL.Engine\ETL-SQL.Engine.csproj" (Restore target(s)).
     0>The SDK "Microsoft.NET.Sdk" was successfully resolved by the "DefaultSdkResolver" resolver to location "C:\Program Files\dotnet\sdk\10.0.201\Sdks\Microsoft.NET.Sdk\Sdk" and version "".
       C:\Program Files\dotnet\sdk\10.0.201\Sdks\Microsoft.NET.Sdk\Sdk\Sdk.props(49,11): message : Property 'MSBuildExtensionsPath' with value 'C:\Program Files\dotnet\sdk\10.0.201\' expanded from the environment.
       C:\Program Files\dotnet\sdk\10.0.201\Current\Microsoft.Common.props(60,5): message : Property reassignment: $(MSBuildProjectExtensionsPath)="C:\Users\chuck\scratch\ETL-SQL\src\ETL-SQL.Engine\obj\" (previous value: "obj\") at C:\Program Files\dotnet\sdk\10.0.201\Current\Microsoft.Common.props (60,5)
       C:\Users\chuck\scratch\ETL-SQL\src\ETL-SQL.Engine\obj\ETL-SQL.Engine.csproj.nuget.g.props(7,5): message : Property 'USERPROFILE' with value 'C:\Users\chuck' expanded from the environment.
       C:\Program Files\dotnet\sdk\10.0.201\Current\Microsoft.Common.props(84,119): message : Property 'MSBuildUserExtensionsPath' with value 'C:\Users\chuck\AppData\Local\Microsoft\MSBuild' expanded from the environment.
       C:\Program Files\dotnet\sdk\10.0.201\Sdks\Microsoft.NET.Sdk\targets\Microsoft.NET.Sdk.props(90,5): message : Property reassignment: $(AssemblySearchPaths)="{CandidateAssemblyFiles};{HintPathFromItem}" (previous value: "{CandidateAssemblyFiles}") at C:\Program Files\dotnet\sdk\10.0.201\Sdks\Microsoft.NET.Sdk\targets\Microsoft.NET.Sdk.props (90,5)
       C:\Program Files\dotnet\sdk\10.0.201\Sdks\Microsoft.NET.Sdk\targets\Microsoft.NET.Sdk.props(91,5): message : Property reassignment: $(AssemblySearchPaths)="{CandidateAssemblyFiles};{HintPathFromItem};{TargetFrameworkDirectory}" (previous value: "{CandidateAssemblyFiles};{HintPathFromItem}") at C:\Program Files\dotnet\sdk\10.0.201\Sdks\Microsoft.NET.Sdk\targets\Microsoft.NET.Sdk.props (91,5)
       C:\Program Files\dotnet\sdk\10.0.201\Sdks\Microsoft.NET.Sdk\targets\Microsoft.NET.Sdk.props(92,5): message : Property reassignment: $(AssemblySearchPaths)="{CandidateAssemblyFiles};{HintPathFromItem};{TargetFrameworkDirectory};{RawFileName}" (previous value: "{CandidateAssemblyFiles};{HintPathFromItem};{TargetFrameworkDirectory}") at C:\Program Files\dotnet\sdk\10.0.201\Sdks\Microsoft.NET.Sdk\targets\Microsoft.NET.Sdk.props (92,5)
       The "DefaultSdkResolver" resolver attempted to resolve the SDK "Microsoft.NET.SDK.WorkloadAutoImportPropsLocator".
       Warnings: null
       Errors: MSB4276: The default SDK resolver failed to resolve SDK "Microsoft.NET.SDK.WorkloadAutoImportPropsLocator" because directory "C:\Program Files\dotnet\sdk\10.0.201\Sdks\Microsoft.NET.SDK.WorkloadAutoImportPropsLocator\Sdk" did not exist.
       The SDK "Microsoft.NET.SDK.WorkloadAutoImportPropsLocator" was successfully resolved by the "Microsoft.DotNet.MSBuildWorkloadSdkResolver" resolver to location "null" and version "null".
       C:\Users\chuck\scratch\ETL-SQL\src\ETL-SQL.Engine\ETL-SQL.Engine.csproj(7,6): message : Property reassignment: $(RootNamespace)="ETL_SQL.Engine" (previous value: "ETL-SQL.Engine") at C:\Users\chuck\scratch\ETL-SQL\src\ETL-SQL.Engine\ETL-SQL.Engine.csproj (7,6)
       C:\Program Files\dotnet\sdk\10.0.201\Sdks\Microsoft.NET.Sdk\targets\Microsoft.NET.Sdk.ImportPublishProfile.targets(28,5): message : Property reassignment: $(PublishProfileImported)="false" (previous value: "true") at C:\Program Files\dotnet\sdk\10.0.201\Sdks\Microsoft.NET.Sdk\targets\Microsoft.NET.Sdk.ImportPublishProfile.targets (28,5)
       C:\Program Files\dotnet\sdk\10.0.201\Sdks\Microsoft.NET.Sdk\targets\Microsoft.NET.TargetFrameworkInference.targets(81,5): message : Property reassignment: $(TargetPlatformVersion)="" (previous value: "0.0") at C:\Program Files\dotnet\sdk\10.0.201\Sdks\Microsoft.NET.Sdk\targets\Microsoft.NET.TargetFrameworkInference.targets (81,5)
       C:\Program Files\dotnet\sdk\10.0.201\Sdks\Microsoft.NET.Sdk\targets\Microsoft.NET.DefaultOutputPaths.targets(127,5): message : Property reassignment: $(DefaultItemExcludes)=";bin\Debug\/**;obj\Debug\/**" (previous value: ";bin\Debug\/**") at C:\Program Files\dotnet\sdk\10.0.201\Sdks\Microsoft.NET.Sdk\targets\Microsoft.NET.DefaultOutputPaths.targets (127,5)
       C:\Program Files\dotnet\sdk\10.0.201\Sdks\Microsoft.NET.Sdk\targets\Microsoft.NET.DefaultOutputPaths.targets(142,5): message : Property reassignment: $(OutputPath)="bin\Debug\net10.0\" (previous value: "bin\Debug\") at C:\Program Files\dotnet\sdk\10.0.201\Sdks\Microsoft.NET.Sdk\targets\Microsoft.NET.DefaultOutputPaths.targets (142,5)
       C:\Program Files\dotnet\sdk\10.0.201\Sdks\Microsoft.NET.Sdk\targets\Microsoft.NET.DefaultOutputPaths.targets(147,5): message : Property reassignment: $(IntermediateOutputPath)="obj\Debug\net10.0\" (previous value: "obj\Debug\") at C:\Program Files\dotnet\sdk\10.0.201\Sdks\Microsoft.NET.Sdk\targets\Microsoft.NET.DefaultOutputPaths.targets (147,5)
       The "DefaultSdkResolver" resolver attempted to resolve the SDK "Microsoft.NET.SDK.WorkloadManifestTargetsLocator".
       Warnings: null
       Errors: MSB4276: The default SDK resolver failed to resolve SDK "Microsoft.NET.SDK.WorkloadManifestTargetsLocator" because directory "C:\Program Files\dotnet\sdk\10.0.201\Sdks\Microsoft.NET.SDK.WorkloadManifestTargetsLocator\Sdk" did not exist.
       The SDK "Microsoft.NET.SDK.WorkloadManifestTargetsLocator" was successfully resolved by the "Microsoft.DotNet.MSBuildWorkloadSdkResolver" resolver to location "C:\Program Files\dotnet\sdk-manifests\10.0.100\microsoft.net.sdk.android\36.1.2" and version "null".
       C:\Program Files\dotnet\sdk\10.0.201\Sdks\Microsoft.NET.Sdk\targets\Microsoft.NET.Sdk.BeforeCommon.targets(379,5): message : Property reassignment: $(RoslynTargetsPath)="C:\Program Files\dotnet\sdk\10.0.201\Sdks\Microsoft.NET.Sdk\targets\..\..\..\Roslyn" (previous value: "C:\Program Files\dotnet\sdk\10.0.201\Roslyn") at C:\Program Files\dotnet\sdk\10.0.201\Sdks\Microsoft.NET.Sdk\targets\Microsoft.NET.Sdk.BeforeCommon.targets (379,5)
       C:\Program Files\dotnet\sdk\10.0.201\Roslyn\Microsoft.Managed.Core.targets(6,5): message : Property reassignment: $(_BuildTasksDirectory)="C:\Program Files\dotnet\sdk\10.0.201\Sdks\Microsoft.NET.Sdk\targets\..\..\..\Roslyn\" (previous value: "C:\Program Files\dotnet\sdk\10.0.201\Roslyn\") at C:\Program Files\dotnet\sdk\10.0.201\Roslyn\Microsoft.Managed.Core.targets (6,5)
       C:\Program Files\dotnet\sdk\10.0.201\Roslyn\Microsoft.CSharp.Core.targets(205,5): message : Property reassignment: $(CommandLineArgsForDesignTimeEvaluation)="-langversion:14.0 -define:TRACE" (previous value: "-langversion:14.0") at C:\Program Files\dotnet\sdk\10.0.201\Roslyn\Microsoft.CSharp.Core.targets (205,5)
       C:\Program Files\dotnet\sdk\10.0.201\Microsoft.Common.CurrentVersion.targets(175,5): message : Property reassignment: $(_DebugSymbolsProduced)="true" (previous value: "false") at C:\Program Files\dotnet\sdk\10.0.201\Microsoft.Common.CurrentVersion.targets (175,5)
       C:\Program Files\dotnet\sdk\10.0.201\Microsoft.Common.CurrentVersion.targets(185,5): message : Property reassignment: $(_DocumentationFileProduced)="false" (previous value: "true") at C:\Program Files\dotnet\sdk\10.0.201\Microsoft.Common.CurrentVersion.targets (185,5)
       C:\Program Files\dotnet\sdk\10.0.201\Microsoft.Common.CurrentVersion.targets(392,5): message : Property reassignment: $(MSBuildCopyMarkerName)="ETL-SQL..573EBC9D" (previous value: "ETL-SQL.Engine.csproj") at C:\Program Files\dotnet\sdk\10.0.201\Microsoft.Common.CurrentVersion.targets (392,5)
       C:\Program Files\dotnet\sdk\10.0.201\Microsoft.Common.CurrentVersion.targets(393,5): message : Property reassignment: $(MSBuildCopyMarkerName)="ETL-SQL..573EBC9D.Up2Date" (previous value: "ETL-SQL..573EBC9D") at C:\Program Files\dotnet\sdk\10.0.201\Microsoft.Common.CurrentVersion.targets (393,5)
       C:\Program Files\dotnet\sdk\10.0.201\Microsoft.Common.CurrentVersion.targets(541,5): message : Property reassignment: $(ProcessorArchitecture)="msil" (previous value: "") at C:\Program Files\dotnet\sdk\10.0.201\Microsoft.Common.CurrentVersion.targets (541,5)
       C:\Program Files\dotnet\sdk\10.0.201\Microsoft.Common.CurrentVersion.targets(580,5): message : Property reassignment: $(DelaySign)="" (previous value: "false") at C:\Program Files\dotnet\sdk\10.0.201\Microsoft.Common.CurrentVersion.targets (580,5)
       C:\Program Files\dotnet\sdk\10.0.201\Microsoft.Common.CurrentVersion.targets(2620,5): message : Property 'LOCALAPPDATA' with value 'C:\Users\chuck\AppData\Local' expanded from the environment.
       C:\Program Files\dotnet\sdk\10.0.201\Microsoft.Common.CurrentVersion.targets(3948,5): message : Property reassignment: $(_SGenGenerateSerializationAssembliesConfig)="Auto" (previous value: "") at C:\Program Files\dotnet\sdk\10.0.201\Microsoft.Common.CurrentVersion.targets (3948,5)
       C:\Program Files\dotnet\sdk\10.0.201\Microsoft.Common.CurrentVersion.targets(3949,5): message : Property reassignment: $(_SGenGenerateSerializationAssembliesConfig)="Off" (previous value: "Auto") at C:\Program Files\dotnet\sdk\10.0.201\Microsoft.Common.CurrentVersion.targets (3949,5)
       C:\Program Files\dotnet\sdk\10.0.201\Microsoft.Common.CurrentVersion.targets(5160,5): message : Property reassignment: $(_TargetsThatPrepareProjectReferences)="
       C:\Program Files\dotnet\sdk\10.0.201\Microsoft.Common.CurrentVersion.targets(5160,5): message :       AssignProjectConfiguration;
       C:\Program Files\dotnet\sdk\10.0.201\Microsoft.Common.CurrentVersion.targets(5160,5): message :       _SplitProjectReferencesByFileExistence
       C:\Program Files\dotnet\sdk\10.0.201\Microsoft.Common.CurrentVersion.targets(5160,5): message :     " (previous value: "_SplitProjectReferencesByFileExistence") at C:\Program Files\dotnet\sdk\10.0.201\Microsoft.Common.CurrentVersion.targets (5160,5)
       C:\Program Files\dotnet\sdk\10.0.201\Microsoft.Common.CurrentVersion.targets(6973,5): message : Property 'MSBuildExtensionsPath32' with value 'C:\Program Files\dotnet\sdk\10.0.201' expanded from the environment.
       The "NuGetInteractive" property is a global property, and cannot be modified.
       C:\Program Files\dotnet\sdk\10.0.201\Sdks\Microsoft.NET.Sdk\targets\Microsoft.PackageDependencyResolution.targets(29,5): message : Property reassignment: $(ProjectAssetsCacheFile)="C:\Users\chuck\scratch\ETL-SQL\src\ETL-SQL.Engine\obj\Debug\net10.0\ETL-SQL.Engine.assets.cache" (previous value: "obj\Debug\net10.0\ETL-SQL.Engine.assets.cache") at C:\Program Files\dotnet\sdk\10.0.201\Sdks\Microsoft.NET.Sdk\targets\Microsoft.PackageDependencyResolution.targets (29,5)
       C:\Program Files\dotnet\sdk\10.0.201\Sdks\Microsoft.NET.Sdk\targets\Microsoft.PackageDependencyResolution.targets(80,5): message : Property reassignment: $(ResolveAssemblyReferencesDependsOn)="
       C:\Program Files\dotnet\sdk\10.0.201\Sdks\Microsoft.NET.Sdk\targets\Microsoft.PackageDependencyResolution.targets(80,5): message :       
       C:\Program Files\dotnet\sdk\10.0.201\Sdks\Microsoft.NET.Sdk\targets\Microsoft.PackageDependencyResolution.targets(80,5): message :       ResolveProjectReferences;
       C:\Program Files\dotnet\sdk\10.0.201\Sdks\Microsoft.NET.Sdk\targets\Microsoft.PackageDependencyResolution.targets(80,5): message :       FindInvalidProjectReferences;
       C:\Program Files\dotnet\sdk\10.0.201\Sdks\Microsoft.NET.Sdk\targets\Microsoft.PackageDependencyResolution.targets(80,5): message :       GetFrameworkPaths;
       C:\Program Files\dotnet\sdk\10.0.201\Sdks\Microsoft.NET.Sdk\targets\Microsoft.PackageDependencyResolution.targets(80,5): message :       GetReferenceAssemblyPaths;
       C:\Program Files\dotnet\sdk\10.0.201\Sdks\Microsoft.NET.Sdk\targets\Microsoft.PackageDependencyResolution.targets(80,5): message :       PrepareForBuild;
       C:\Program Files\dotnet\sdk\10.0.201\Sdks\Microsoft.NET.Sdk\targets\Microsoft.PackageDependencyResolution.targets(80,5): message :       ResolveSDKReferences;
       C:\Program Files\dotnet\sdk\10.0.201\Sdks\Microsoft.NET.Sdk\targets\Microsoft.PackageDependencyResolution.targets(80,5): message :       ExpandSDKReferences;
       C:\Program Files\dotnet\sdk\10.0.201\Sdks\Microsoft.NET.Sdk\targets\Microsoft.PackageDependencyResolution.targets(80,5): message :     ;
       C:\Program Files\dotnet\sdk\10.0.201\Sdks\Microsoft.NET.Sdk\targets\Microsoft.PackageDependencyResolution.targets(80,5): message :       ResolvePackageDependenciesForBuild;
       C:\Program Files\dotnet\sdk\10.0.201\Sdks\Microsoft.NET.Sdk\targets\Microsoft.PackageDependencyResolution.targets(80,5): message :       _HandlePackageFileConflicts;
       C:\Program Files\dotnet\sdk\10.0.201\Sdks\Microsoft.NET.Sdk\targets\Microsoft.PackageDependencyResolution.targets(80,5): message :     " (previous value: "
       C:\Program Files\dotnet\sdk\10.0.201\Sdks\Microsoft.NET.Sdk\targets\Microsoft.PackageDependencyResolution.targets(80,5): message :       ResolveProjectReferences;
       C:\Program Files\dotnet\sdk\10.0.201\Sdks\Microsoft.NET.Sdk\targets\Microsoft.PackageDependencyResolution.targets(80,5): message :       FindInvalidProjectReferences;
       C:\Program Files\dotnet\sdk\10.0.201\Sdks\Microsoft.NET.Sdk\targets\Microsoft.PackageDependencyResolution.targets(80,5): message :       GetFrameworkPaths;
       C:\Program Files\dotnet\sdk\10.0.201\Sdks\Microsoft.NET.Sdk\targets\Microsoft.PackageDependencyResolution.targets(80,5): message :       GetReferenceAssemblyPaths;
       C:\Program Files\dotnet\sdk\10.0.201\Sdks\Microsoft.NET.Sdk\targets\Microsoft.PackageDependencyResolution.targets(80,5): message :       PrepareForBuild;
       C:\Program Files\dotnet\sdk\10.0.201\Sdks\Microsoft.NET.Sdk\targets\Microsoft.PackageDependencyResolution.targets(80,5): message :       ResolveSDKReferences;
       C:\Program Files\dotnet\sdk\10.0.201\Sdks\Microsoft.NET.Sdk\targets\Microsoft.PackageDependencyResolution.targets(80,5): message :       ExpandSDKReferences;
       C:\Program Files\dotnet\sdk\10.0.201\Sdks\Microsoft.NET.Sdk\targets\Microsoft.PackageDependencyResolution.targets(80,5): message :     ") at C:\Program Files\dotnet\sdk\10.0.201\Sdks\Microsoft.NET.Sdk\targets\Microsoft.PackageDependencyResolution.targets (80,5)
       C:\Program Files\dotnet\sdk\10.0.201\Sdks\Microsoft.NET.Sdk\targets\Microsoft.PackageDependencyResolution.targets(86,5): message : Property reassignment: $(PrepareResourcesDependsOn)="
       C:\Program Files\dotnet\sdk\10.0.201\Sdks\Microsoft.NET.Sdk\targets\Microsoft.PackageDependencyResolution.targets(86,5): message :       ResolvePackageDependenciesForBuild;
       C:\Program Files\dotnet\sdk\10.0.201\Sdks\Microsoft.NET.Sdk\targets\Microsoft.PackageDependencyResolution.targets(86,5): message :       _HandlePackageFileConflicts;
       C:\Program Files\dotnet\sdk\10.0.201\Sdks\Microsoft.NET.Sdk\targets\Microsoft.PackageDependencyResolution.targets(86,5): message :       
       C:\Program Files\dotnet\sdk\10.0.201\Sdks\Microsoft.NET.Sdk\targets\Microsoft.PackageDependencyResolution.targets(86,5): message :       ;
       C:\Program Files\dotnet\sdk\10.0.201\Sdks\Microsoft.NET.Sdk\targets\Microsoft.PackageDependencyResolution.targets(86,5): message :       PrepareResourceNames;
       C:\Program Files\dotnet\sdk\10.0.201\Sdks\Microsoft.NET.Sdk\targets\Microsoft.PackageDependencyResolution.targets(86,5): message :       ResGen;
       C:\Program Files\dotnet\sdk\10.0.201\Sdks\Microsoft.NET.Sdk\targets\Microsoft.PackageDependencyResolution.targets(86,5): message :       CompileLicxFiles
       C:\Program Files\dotnet\sdk\10.0.201\Sdks\Microsoft.NET.Sdk\targets\Microsoft.PackageDependencyResolution.targets(86,5): message :     
       C:\Program Files\dotnet\sdk\10.0.201\Sdks\Microsoft.NET.Sdk\targets\Microsoft.PackageDependencyResolution.targets(86,5): message :     " (previous value: "
       C:\Program Files\dotnet\sdk\10.0.201\Sdks\Microsoft.NET.Sdk\targets\Microsoft.PackageDependencyResolution.targets(86,5): message :       ;
       C:\Program Files\dotnet\sdk\10.0.201\Sdks\Microsoft.NET.Sdk\targets\Microsoft.PackageDependencyResolution.targets(86,5): message :       PrepareResourceNames;
       C:\Program Files\dotnet\sdk\10.0.201\Sdks\Microsoft.NET.Sdk\targets\Microsoft.PackageDependencyResolution.targets(86,5): message :       ResGen;
       C:\Program Files\dotnet\sdk\10.0.201\Sdks\Microsoft.NET.Sdk\targets\Microsoft.PackageDependencyResolution.targets(86,5): message :       CompileLicxFiles
       C:\Program Files\dotnet\sdk\10.0.201\Sdks\Microsoft.NET.Sdk\targets\Microsoft.PackageDependencyResolution.targets(86,5): message :     ") at C:\Program Files\dotnet\sdk\10.0.201\Sdks\Microsoft.NET.Sdk\targets\Microsoft.PackageDependencyResolution.targets (86,5)
       C:\Program Files\dotnet\sdk\10.0.201\Sdks\Microsoft.NET.Sdk\targets\Microsoft.NET.Sdk.DefaultItems.targets(35,5): message : Property reassignment: $(DefaultItemExcludes)=";bin\Debug\/**;obj\Debug\/**;bin\/**" (previous value: ";bin\Debug\/**;obj\Debug\/**") at C:\Program Files\dotnet\sdk\10.0.201\Sdks\Microsoft.NET.Sdk\targets\Microsoft.NET.Sdk.DefaultItems.targets (35,5)
       C:\Program Files\dotnet\sdk\10.0.201\Sdks\Microsoft.NET.Sdk\targets\Microsoft.NET.Sdk.DefaultItems.targets(37,5): message : Property reassignment: $(DefaultItemExcludes)=";bin\Debug\/**;obj\Debug\/**;bin\/**;obj\/**" (previous value: ";bin\Debug\/**;obj\Debug\/**;bin\/**") at C:\Program Files\dotnet\sdk\10.0.201\Sdks\Microsoft.NET.Sdk\targets\Microsoft.NET.Sdk.DefaultItems.targets (37,5)
       C:\Program Files\dotnet\sdk\10.0.201\Sdks\Microsoft.NET.Sdk\targets\Microsoft.NET.Sdk.DefaultItems.targets(41,5): message : Property reassignment: $(DefaultItemExcludes)=";bin\Debug\/**;obj\Debug\/**;bin\/**;obj\/**;bin\Debug\net10.0\publish\/**" (previous value: ";bin\Debug\/**;obj\Debug\/**;bin\/**;obj\/**") at C:\Program Files\dotnet\sdk\10.0.201\Sdks\Microsoft.NET.Sdk\targets\Microsoft.NET.Sdk.DefaultItems.targets (41,5)
       C:\Program Files\dotnet\sdk\10.0.201\Sdks\Microsoft.NET.Sdk\targets\Microsoft.NET.Sdk.DefaultItems.targets(44,5): message : Property reassignment: $(DefaultItemExcludes)=";bin\Debug\/**;obj\Debug\/**;bin\/**;obj\/**;bin\Debug\net10.0\publish\/**;**/*.user" (previous value: ";bin\Debug\/**;obj\Debug\/**;bin\/**;obj\/**;bin\Debug\net10.0\publish\/**") at C:\Program Files\dotnet\sdk\10.0.201\Sdks\Microsoft.NET.Sdk\targets\Microsoft.NET.Sdk.DefaultItems.targets (44,5)
       C:\Program Files\dotnet\sdk\10.0.201\Sdks\Microsoft.NET.Sdk\targets\Microsoft.NET.Sdk.DefaultItems.targets(45,5): message : Property reassignment: $(DefaultItemExcludes)=";bin\Debug\/**;obj\Debug\/**;bin\/**;obj\/**;bin\Debug\net10.0\publish\/**;**/*.user;**/*.*proj" (previous value: ";bin\Debug\/**;obj\Debug\/**;bin\/**;obj\/**;bin\Debug\net10.0\publish\/**;**/*.user") at C:\Program Files\dotnet\sdk\10.0.201\Sdks\Microsoft.NET.Sdk\targets\Microsoft.NET.Sdk.DefaultItems.targets (45,5)
       C:\Program Files\dotnet\sdk\10.0.201\Sdks\Microsoft.NET.Sdk\targets\Microsoft.NET.Sdk.DefaultItems.targets(46,5): message : Property reassignment: $(DefaultItemExcludes)=";bin\Debug\/**;obj\Debug\/**;bin\/**;obj\/**;bin\Debug\net10.0\publish\/**;**/*.user;**/*.*proj;**/*.sln" (previous value: ";bin\Debug\/**;obj\Debug\/**;bin\/**;obj\/**;bin\Debug\net10.0\publish\/**;**/*.user;**/*.*proj") at C:\Program Files\dotnet\sdk\10.0.201\Sdks\Microsoft.NET.Sdk\targets\Microsoft.NET.Sdk.DefaultItems.targets (46,5)
       C:\Program Files\dotnet\sdk\10.0.201\Sdks\Microsoft.NET.Sdk\targets\Microsoft.NET.Sdk.DefaultItems.targets(47,5): message : Property reassignment: $(DefaultItemExcludes)=";bin\Debug\/**;obj\Debug\/**;bin\/**;obj\/**;bin\Debug\net10.0\publish\/**;**/*.user;**/*.*proj;**/*.sln;**/*.slnx" (previous value: ";bin\Debug\/**;obj\Debug\/**;bin\/**;obj\/**;bin\Debug\net10.0\publish\/**;**/*.user;**/*.*proj;**/*.sln") at C:\Program Files\dotnet\sdk\10.0.201\Sdks\Microsoft.NET.Sdk\targets\Microsoft.NET.Sdk.DefaultItems.targets (47,5)
       C:\Program Files\dotnet\sdk\10.0.201\Sdks\Microsoft.NET.Sdk\targets\Microsoft.NET.Sdk.DefaultItems.targets(48,5): message : Property reassignment: $(DefaultItemExcludes)=";bin\Debug\/**;obj\Debug\/**;bin\/**;obj\/**;bin\Debug\net10.0\publish\/**;**/*.user;**/*.*proj;**/*.sln;**/*.slnx;**/*.vssscc" (previous value: ";bin\Debug\/**;obj\Debug\/**;bin\/**;obj\/**;bin\Debug\net10.0\publish\/**;**/*.user;**/*.*proj;**/*.sln;**/*.slnx") at C:\Program Files\dotnet\sdk\10.0.201\Sdks\Microsoft.NET.Sdk\targets\Microsoft.NET.Sdk.DefaultItems.targets (48,5)
       C:\Program Files\dotnet\sdk\10.0.201\Sdks\Microsoft.NET.Sdk\targets\Microsoft.NET.Sdk.DefaultItems.targets(49,5): message : Property reassignment: $(DefaultItemExcludes)=";bin\Debug\/**;obj\Debug\/**;bin\/**;obj\/**;bin\Debug\net10.0\publish\/**;**/*.user;**/*.*proj;**/*.sln;**/*.slnx;**/*.vssscc;**/.DS_Store" (previous value: ";bin\Debug\/**;obj\Debug\/**;bin\/**;obj\/**;bin\Debug\net10.0\publish\/**;**/*.user;**/*.*proj;**/*.sln;**/*.slnx;**/*.vssscc") at C:\Program Files\dotnet\sdk\10.0.201\Sdks\Microsoft.NET.Sdk\targets\Microsoft.NET.Sdk.DefaultItems.targets (49,5)
       C:\Program Files\dotnet\sdk\10.0.201\Sdks\Microsoft.NET.Sdk\targets\Microsoft.NET.Sdk.FrameworkReferenceResolution.targets(14,5): message : Property reassignment: $(ResolveAssemblyReferencesDependsOn)="
       C:\Program Files\dotnet\sdk\10.0.201\Sdks\Microsoft.NET.Sdk\targets\Microsoft.NET.Sdk.FrameworkReferenceResolution.targets(14,5): message :       
       C:\Program Files\dotnet\sdk\10.0.201\Sdks\Microsoft.NET.Sdk\targets\Microsoft.NET.Sdk.FrameworkReferenceResolution.targets(14,5): message :       
       C:\Program Files\dotnet\sdk\10.0.201\Sdks\Microsoft.NET.Sdk\targets\Microsoft.NET.Sdk.FrameworkReferenceResolution.targets(14,5): message :       ResolveProjectReferences;
       C:\Program Files\dotnet\sdk\10.0.201\Sdks\Microsoft.NET.Sdk\targets\Microsoft.NET.Sdk.FrameworkReferenceResolution.targets(14,5): message :       FindInvalidProjectReferences;
       C:\Program Files\dotnet\sdk\10.0.201\Sdks\Microsoft.NET.Sdk\targets\Microsoft.NET.Sdk.FrameworkReferenceResolution.targets(14,5): message :       GetFrameworkPaths;
       C:\Program Files\dotnet\sdk\10.0.201\Sdks\Microsoft.NET.Sdk\targets\Microsoft.NET.Sdk.FrameworkReferenceResolution.targets(14,5): message :       GetReferenceAssemblyPaths;
       C:\Program Files\dotnet\sdk\10.0.201\Sdks\Microsoft.NET.Sdk\targets\Microsoft.NET.Sdk.FrameworkReferenceResolution.targets(14,5): message :       PrepareForBuild;
       C:\Program Files\dotnet\sdk\10.0.201\Sdks\Microsoft.NET.Sdk\targets\Microsoft.NET.Sdk.FrameworkReferenceResolution.targets(14,5): message :       ResolveSDKReferences;
       C:\Program Files\dotnet\sdk\10.0.201\Sdks\Microsoft.NET.Sdk\targets\Microsoft.NET.Sdk.FrameworkReferenceResolution.targets(14,5): message :       ExpandSDKReferences;
       C:\Program Files\dotnet\sdk\10.0.201\Sdks\Microsoft.NET.Sdk\targets\Microsoft.NET.Sdk.FrameworkReferenceResolution.targets(14,5): message :     ;
       C:\Program Files\dotnet\sdk\10.0.201\Sdks\Microsoft.NET.Sdk\targets\Microsoft.NET.Sdk.FrameworkReferenceResolution.targets(14,5): message :       ResolvePackageDependenciesForBuild;
       C:\Program Files\dotnet\sdk\10.0.201\Sdks\Microsoft.NET.Sdk\targets\Microsoft.NET.Sdk.FrameworkReferenceResolution.targets(14,5): message :       _HandlePackageFileConflicts;
       C:\Program Files\dotnet\sdk\10.0.201\Sdks\Microsoft.NET.Sdk\targets\Microsoft.NET.Sdk.FrameworkReferenceResolution.targets(14,5): message :     ;
       C:\Program Files\dotnet\sdk\10.0.201\Sdks\Microsoft.NET.Sdk\targets\Microsoft.NET.Sdk.FrameworkReferenceResolution.targets(14,5): message :       ResolveTargetingPackAssets;
       C:\Program Files\dotnet\sdk\10.0.201\Sdks\Microsoft.NET.Sdk\targets\Microsoft.NET.Sdk.FrameworkReferenceResolution.targets(14,5): message :     " (previous value: "
       C:\Program Files\dotnet\sdk\10.0.201\Sdks\Microsoft.NET.Sdk\targets\Microsoft.NET.Sdk.FrameworkReferenceResolution.targets(14,5): message :       
       C:\Program Files\dotnet\sdk\10.0.201\Sdks\Microsoft.NET.Sdk\targets\Microsoft.NET.Sdk.FrameworkReferenceResolution.targets(14,5): message :       ResolveProjectReferences;
       C:\Program Files\dotnet\sdk\10.0.201\Sdks\Microsoft.NET.Sdk\targets\Microsoft.NET.Sdk.FrameworkReferenceResolution.targets(14,5): message :       FindInvalidProjectReferences;
       C:\Program Files\dotnet\sdk\10.0.201\Sdks\Microsoft.NET.Sdk\targets\Microsoft.NET.Sdk.FrameworkReferenceResolution.targets(14,5): message :       GetFrameworkPaths;
       C:\Program Files\dotnet\sdk\10.0.201\Sdks\Microsoft.NET.Sdk\targets\Microsoft.NET.Sdk.FrameworkReferenceResolution.targets(14,5): message :       GetReferenceAssemblyPaths;
       C:\Program Files\dotnet\sdk\10.0.201\Sdks\Microsoft.NET.Sdk\targets\Microsoft.NET.Sdk.FrameworkReferenceResolution.targets(14,5): message :       PrepareForBuild;
       C:\Program Files\dotnet\sdk\10.0.201\Sdks\Microsoft.NET.Sdk\targets\Microsoft.NET.Sdk.FrameworkReferenceResolution.targets(14,5): message :       ResolveSDKReferences;
       C:\Program Files\dotnet\sdk\10.0.201\Sdks\Microsoft.NET.Sdk\targets\Microsoft.NET.Sdk.FrameworkReferenceResolution.targets(14,5): message :       ExpandSDKReferences;
       C:\Program Files\dotnet\sdk\10.0.201\Sdks\Microsoft.NET.Sdk\targets\Microsoft.NET.Sdk.FrameworkReferenceResolution.targets(14,5): message :     ;
       C:\Program Files\dotnet\sdk\10.0.201\Sdks\Microsoft.NET.Sdk\targets\Microsoft.NET.Sdk.FrameworkReferenceResolution.targets(14,5): message :       ResolvePackageDependenciesForBuild;
       C:\Program Files\dotnet\sdk\10.0.201\Sdks\Microsoft.NET.Sdk\targets\Microsoft.NET.Sdk.FrameworkReferenceResolution.targets(14,5): message :       _HandlePackageFileConflicts;
       C:\Program Files\dotnet\sdk\10.0.201\Sdks\Microsoft.NET.Sdk\targets\Microsoft.NET.Sdk.FrameworkReferenceResolution.targets(14,5): message :     ") at C:\Program Files\dotnet\sdk\10.0.201\Sdks\Microsoft.NET.Sdk\targets\Microsoft.NET.Sdk.FrameworkReferenceResolution.targets (14,5)
       C:\Program Files\dotnet\sdk\10.0.201\Sdks\Microsoft.NET.Sdk\targets\Microsoft.NET.Sdk.targets(44,5): message : Property reassignment: $(_GenerateRuntimeConfigurationPropertyInputsCache)="C:\Users\chuck\scratch\ETL-SQL\src\ETL-SQL.Engine\obj\Debug\net10.0\ETL-SQL.Engine.genruntimeconfig.cache" (previous value: "obj\Debug\net10.0\ETL-SQL.Engine.genruntimeconfig.cache") at C:\Program Files\dotnet\sdk\10.0.201\Sdks\Microsoft.NET.Sdk\targets\Microsoft.NET.Sdk.targets (44,5)
       C:\Program Files\dotnet\sdk\10.0.201\Sdks\Microsoft.NET.Sdk\targets\Microsoft.NET.Sdk.targets(46,5): message : Property reassignment: $(_GeneratePublishDependencyFilePropertyInputsCache)="C:\Users\chuck\scratch\ETL-SQL\src\ETL-SQL.Engine\obj\Debug\net10.0\ETL-SQL.Engine.genpublishdeps.cache" (previous value: "obj\Debug\net10.0\ETL-SQL.Engine.genpublishdeps.cache") at C:\Program Files\dotnet\sdk\10.0.201\Sdks\Microsoft.NET.Sdk\targets\Microsoft.NET.Sdk.targets (46,5)
       C:\Program Files\dotnet\sdk\10.0.201\Sdks\Microsoft.NET.Sdk\targets\Microsoft.NET.Sdk.targets(48,5): message : Property reassignment: $(_GenerateSingleFileBundlePropertyInputsCache)="C:\Users\chuck\scratch\ETL-SQL\src\ETL-SQL.Engine\obj\Debug\net10.0\ETL-SQL.Engine.genbundle.cache" (previous value: "obj\Debug\net10.0\ETL-SQL.Engine.genbundle.cache") at C:\Program Files\dotnet\sdk\10.0.201\Sdks\Microsoft.NET.Sdk\targets\Microsoft.NET.Sdk.targets (48,5)
       C:\Program Files\dotnet\sdk\10.0.201\Sdks\Microsoft.NET.Sdk\targets\Microsoft.NET.Sdk.targets(81,5): message : Property reassignment: $(GenerateRuntimeConfigDevFile)="false" (previous value: "true") at C:\Program Files\dotnet\sdk\10.0.201\Sdks\Microsoft.NET.Sdk\targets\Microsoft.NET.Sdk.targets (81,5)
       C:\Program Files\dotnet\sdk\10.0.201\Sdks\Microsoft.NET.Sdk\targets\Microsoft.NET.Sdk.targets(98,5): message : Property reassignment: $(_DefaultUserProfileRuntimeStorePath)="C:\Users\chuck" (previous value: "") at C:\Program Files\dotnet\sdk\10.0.201\Sdks\Microsoft.NET.Sdk\targets\Microsoft.NET.Sdk.targets (98,5)
       C:\Program Files\dotnet\sdk\10.0.201\Sdks\Microsoft.NET.Sdk\targets\Microsoft.NET.Sdk.targets(99,5): message : Property reassignment: $(_DefaultUserProfileRuntimeStorePath)="C:\Users\chuck\.dotnet\store" (previous value: "C:\Users\chuck") at C:\Program Files\dotnet\sdk\10.0.201\Sdks\Microsoft.NET.Sdk\targets\Microsoft.NET.Sdk.targets (99,5)
       C:\Program Files\dotnet\sdk\10.0.201\Sdks\Microsoft.NET.Sdk\targets\Microsoft.NET.Sdk.targets(144,5): message : Property reassignment: $(AvailablePlatforms)="Any CPU,x86,x64,ARM32" (previous value: "Any CPU,x86,x64") at C:\Program Files\dotnet\sdk\10.0.201\Sdks\Microsoft.NET.Sdk\targets\Microsoft.NET.Sdk.targets (144,5)
       C:\Program Files\dotnet\sdk\10.0.201\Sdks\Microsoft.NET.Sdk\targets\Microsoft.NET.Sdk.targets(148,5): message : Property reassignment: $(AvailablePlatforms)="Any CPU,x86,x64,ARM32,ARM64" (previous value: "Any CPU,x86,x64,ARM32") at C:\Program Files\dotnet\sdk\10.0.201\Sdks\Microsoft.NET.Sdk\targets\Microsoft.NET.Sdk.targets (148,5)
       C:\Program Files\dotnet\sdk\10.0.201\Sdks\Microsoft.NET.Sdk\targets\Microsoft.NET.Sdk.targets(204,5): message : Property reassignment: $(CoreBuildDependsOn)="
       C:\Program Files\dotnet\sdk\10.0.201\Sdks\Microsoft.NET.Sdk\targets\Microsoft.NET.Sdk.targets(204,5): message :       _CheckForBuildWithNoBuild;
       C:\Program Files\dotnet\sdk\10.0.201\Sdks\Microsoft.NET.Sdk\targets\Microsoft.NET.Sdk.targets(204,5): message :       
       C:\Program Files\dotnet\sdk\10.0.201\Sdks\Microsoft.NET.Sdk\targets\Microsoft.NET.Sdk.targets(204,5): message :       BuildOnlySettings;
       C:\Program Files\dotnet\sdk\10.0.201\Sdks\Microsoft.NET.Sdk\targets\Microsoft.NET.Sdk.targets(204,5): message :       PrepareForBuild;
       C:\Program Files\dotnet\sdk\10.0.201\Sdks\Microsoft.NET.Sdk\targets\Microsoft.NET.Sdk.targets(204,5): message :       PreBuildEvent;
       C:\Program Files\dotnet\sdk\10.0.201\Sdks\Microsoft.NET.Sdk\targets\Microsoft.NET.Sdk.targets(204,5): message :       ResolveReferences;
       C:\Program Files\dotnet\sdk\10.0.201\Sdks\Microsoft.NET.Sdk\targets\Microsoft.NET.Sdk.targets(204,5): message :       PrepareResources;
       C:\Program Files\dotnet\sdk\10.0.201\Sdks\Microsoft.NET.Sdk\targets\Microsoft.NET.Sdk.targets(204,5): message :       ResolveKeySource;
       C:\Program Files\dotnet\sdk\10.0.201\Sdks\Microsoft.NET.Sdk\targets\Microsoft.NET.Sdk.targets(204,5): message :       Compile;
       C:\Program Files\dotnet\sdk\10.0.201\Sdks\Microsoft.NET.Sdk\targets\Microsoft.NET.Sdk.targets(204,5): message :       ExportWindowsMDFile;
       C:\Program Files\dotnet\sdk\10.0.201\Sdks\Microsoft.NET.Sdk\targets\Microsoft.NET.Sdk.targets(204,5): message :       UnmanagedUnregistration;
       C:\Program Files\dotnet\sdk\10.0.201\Sdks\Microsoft.NET.Sdk\targets\Microsoft.NET.Sdk.targets(204,5): message :       GenerateSerializationAssemblies;
       C:\Program Files\dotnet\sdk\10.0.201\Sdks\Microsoft.NET.Sdk\targets\Microsoft.NET.Sdk.targets(204,5): message :       CreateSatelliteAssemblies;
       C:\Program Files\dotnet\sdk\10.0.201\Sdks\Microsoft.NET.Sdk\targets\Microsoft.NET.Sdk.targets(204,5): message :       GenerateManifests;
       C:\Program Files\dotnet\sdk\10.0.201\Sdks\Microsoft.NET.Sdk\targets\Microsoft.NET.Sdk.targets(204,5): message :       GetTargetPath;
       C:\Program Files\dotnet\sdk\10.0.201\Sdks\Microsoft.NET.Sdk\targets\Microsoft.NET.Sdk.targets(204,5): message :       PrepareForRun;
       C:\Program Files\dotnet\sdk\10.0.201\Sdks\Microsoft.NET.Sdk\targets\Microsoft.NET.Sdk.targets(204,5): message :       UnmanagedRegistration;
       C:\Program Files\dotnet\sdk\10.0.201\Sdks\Microsoft.NET.Sdk\targets\Microsoft.NET.Sdk.targets(204,5): message :       IncrementalClean;
       C:\Program Files\dotnet\sdk\10.0.201\Sdks\Microsoft.NET.Sdk\targets\Microsoft.NET.Sdk.targets(204,5): message :       PostBuildEvent
       C:\Program Files\dotnet\sdk\10.0.201\Sdks\Microsoft.NET.Sdk\targets\Microsoft.NET.Sdk.targets(204,5): message :     ;
       C:\Program Files\dotnet\sdk\10.0.201\Sdks\Microsoft.NET.Sdk\targets\Microsoft.NET.Sdk.targets(204,5): message :       GenerateBuildDependencyFile;
       C:\Program Files\dotnet\sdk\10.0.201\Sdks\Microsoft.NET.Sdk\targets\Microsoft.NET.Sdk.targets(204,5): message :       GenerateBuildRuntimeConfigurationFiles
       C:\Program Files\dotnet\sdk\10.0.201\Sdks\Microsoft.NET.Sdk\targets\Microsoft.NET.Sdk.targets(204,5): message :     " (previous value: "
       C:\Program Files\dotnet\sdk\10.0.201\Sdks\Microsoft.NET.Sdk\targets\Microsoft.NET.Sdk.targets(204,5): message :       BuildOnlySettings;
       C:\Program Files\dotnet\sdk\10.0.201\Sdks\Microsoft.NET.Sdk\targets\Microsoft.NET.Sdk.targets(204,5): message :       PrepareForBuild;
       C:\Program Files\dotnet\sdk\10.0.201\Sdks\Microsoft.NET.Sdk\targets\Microsoft.NET.Sdk.targets(204,5): message :       PreBuildEvent;
       C:\Program Files\dotnet\sdk\10.0.201\Sdks\Microsoft.NET.Sdk\targets\Microsoft.NET.Sdk.targets(204,5): message :       ResolveReferences;
       C:\Program Files\dotnet\sdk\10.0.201\Sdks\Microsoft.NET.Sdk\targets\Microsoft.NET.Sdk.targets(204,5): message :       PrepareResources;
       C:\Program Files\dotnet\sdk\10.0.201\Sdks\Microsoft.NET.Sdk\targets\Microsoft.NET.Sdk.targets(204,5): message :       ResolveKeySource;
       C:\Program Files\dotnet\sdk\10.0.201\Sdks\Microsoft.NET.Sdk\targets\Microsoft.NET.Sdk.targets(204,5): message :       Compile;
       C:\Program Files\dotnet\sdk\10.0.201\Sdks\Microsoft.NET.Sdk\targets\Microsoft.NET.Sdk.targets(204,5): message :       ExportWindowsMDFile;
       C:\Program Files\dotnet\sdk\10.0.201\Sdks\Microsoft.NET.Sdk\targets\Microsoft.NET.Sdk.targets(204,5): message :       UnmanagedUnregistration;
       C:\Program Files\dotnet\sdk\10.0.201\Sdks\Microsoft.NET.Sdk\targets\Microsoft.NET.Sdk.targets(204,5): message :       GenerateSerializationAssemblies;
       C:\Program Files\dotnet\sdk\10.0.201\Sdks\Microsoft.NET.Sdk\targets\Microsoft.NET.Sdk.targets(204,5): message :       CreateSatelliteAssemblies;
       C:\Program Files\dotnet\sdk\10.0.201\Sdks\Microsoft.NET.Sdk\targets\Microsoft.NET.Sdk.targets(204,5): message :       GenerateManifests;
       C:\Program Files\dotnet\sdk\10.0.201\Sdks\Microsoft.NET.Sdk\targets\Microsoft.NET.Sdk.targets(204,5): message :       GetTargetPath;
       C:\Program Files\dotnet\sdk\10.0.201\Sdks\Microsoft.NET.Sdk\targets\Microsoft.NET.Sdk.targets(204,5): message :       PrepareForRun;
       C:\Program Files\dotnet\sdk\10.0.201\Sdks\Microsoft.NET.Sdk\targets\Microsoft.NET.Sdk.targets(204,5): message :       UnmanagedRegistration;
       C:\Program Files\dotnet\sdk\10.0.201\Sdks\Microsoft.NET.Sdk\targets\Microsoft.NET.Sdk.targets(204,5): message :       IncrementalClean;
       C:\Program Files\dotnet\sdk\10.0.201\Sdks\Microsoft.NET.Sdk\targets\Microsoft.NET.Sdk.targets(204,5): message :       PostBuildEvent
       C:\Program Files\dotnet\sdk\10.0.201\Sdks\Microsoft.NET.Sdk\targets\Microsoft.NET.Sdk.targets(204,5): message :     ") at C:\Program Files\dotnet\sdk\10.0.201\Sdks\Microsoft.NET.Sdk\targets\Microsoft.NET.Sdk.targets (204,5)
       C:\Program Files\dotnet\sdk\10.0.201\Sdks\Microsoft.NET.Sdk\targets\Microsoft.NET.Sdk.targets(213,5): message : Property reassignment: $(CoreCleanDependsOn)="
       C:\Program Files\dotnet\sdk\10.0.201\Sdks\Microsoft.NET.Sdk\targets\Microsoft.NET.Sdk.targets(213,5): message :       _SdkBeforeClean;
       C:\Program Files\dotnet\sdk\10.0.201\Sdks\Microsoft.NET.Sdk\targets\Microsoft.NET.Sdk.targets(213,5): message :       
       C:\Program Files\dotnet\sdk\10.0.201\Sdks\Microsoft.NET.Sdk\targets\Microsoft.NET.Sdk.targets(213,5): message :     " (previous value: "") at C:\Program Files\dotnet\sdk\10.0.201\Sdks\Microsoft.NET.Sdk\targets\Microsoft.NET.Sdk.targets (213,5)
       C:\Program Files\dotnet\sdk\10.0.201\Sdks\Microsoft.NET.Sdk\targets\Microsoft.NET.Sdk.targets(220,5): message : Property reassignment: $(RebuildDependsOn)="
       C:\Program Files\dotnet\sdk\10.0.201\Sdks\Microsoft.NET.Sdk\targets\Microsoft.NET.Sdk.targets(220,5): message :       _SdkBeforeRebuild;
       C:\Program Files\dotnet\sdk\10.0.201\Sdks\Microsoft.NET.Sdk\targets\Microsoft.NET.Sdk.targets(220,5): message :       
       C:\Program Files\dotnet\sdk\10.0.201\Sdks\Microsoft.NET.Sdk\targets\Microsoft.NET.Sdk.targets(220,5): message :       BeforeRebuild;
       C:\Program Files\dotnet\sdk\10.0.201\Sdks\Microsoft.NET.Sdk\targets\Microsoft.NET.Sdk.targets(220,5): message :       Clean;
       C:\Program Files\dotnet\sdk\10.0.201\Sdks\Microsoft.NET.Sdk\targets\Microsoft.NET.Sdk.targets(220,5): message :       Build;
       C:\Program Files\dotnet\sdk\10.0.201\Sdks\Microsoft.NET.Sdk\targets\Microsoft.NET.Sdk.targets(220,5): message :       AfterRebuild;
       C:\Program Files\dotnet\sdk\10.0.201\Sdks\Microsoft.NET.Sdk\targets\Microsoft.NET.Sdk.targets(220,5): message :     
       C:\Program Files\dotnet\sdk\10.0.201\Sdks\Microsoft.NET.Sdk\targets\Microsoft.NET.Sdk.targets(220,5): message :     " (previous value: "
       C:\Program Files\dotnet\sdk\10.0.201\Sdks\Microsoft.NET.Sdk\targets\Microsoft.NET.Sdk.targets(220,5): message :       BeforeRebuild;
       C:\Program Files\dotnet\sdk\10.0.201\Sdks\Microsoft.NET.Sdk\targets\Microsoft.NET.Sdk.targets(220,5): message :       Clean;
       C:\Program Files\dotnet\sdk\10.0.201\Sdks\Microsoft.NET.Sdk\targets\Microsoft.NET.Sdk.targets(220,5): message :       Build;
       C:\Program Files\dotnet\sdk\10.0.201\Sdks\Microsoft.NET.Sdk\targets\Microsoft.NET.Sdk.targets(220,5): message :       AfterRebuild;
       C:\Program Files\dotnet\sdk\10.0.201\Sdks\Microsoft.NET.Sdk\targets\Microsoft.NET.Sdk.targets(220,5): message :     ") at C:\Program Files\dotnet\sdk\10.0.201\Sdks\Microsoft.NET.Sdk\targets\Microsoft.NET.Sdk.targets (220,5)
       C:\Program Files\dotnet\sdk\10.0.201\Sdks\Microsoft.NET.Sdk\targets\Microsoft.NET.Sdk.targets(799,5): message : Property reassignment: $(CompileDependsOn)="
       C:\Program Files\dotnet\sdk\10.0.201\Sdks\Microsoft.NET.Sdk\targets\Microsoft.NET.Sdk.targets(799,5): message :       
       C:\Program Files\dotnet\sdk\10.0.201\Sdks\Microsoft.NET.Sdk\targets\Microsoft.NET.Sdk.targets(799,5): message :       ResolveReferences;
       C:\Program Files\dotnet\sdk\10.0.201\Sdks\Microsoft.NET.Sdk\targets\Microsoft.NET.Sdk.targets(799,5): message :       ResolveKeySource;
       C:\Program Files\dotnet\sdk\10.0.201\Sdks\Microsoft.NET.Sdk\targets\Microsoft.NET.Sdk.targets(799,5): message :       SetWin32ManifestProperties;
       C:\Program Files\dotnet\sdk\10.0.201\Sdks\Microsoft.NET.Sdk\targets\Microsoft.NET.Sdk.targets(799,5): message :       _SetPreferNativeArm64Win32ManifestProperties;
       C:\Program Files\dotnet\sdk\10.0.201\Sdks\Microsoft.NET.Sdk\targets\Microsoft.NET.Sdk.targets(799,5): message :       FindReferenceAssembliesForReferences;
       C:\Program Files\dotnet\sdk\10.0.201\Sdks\Microsoft.NET.Sdk\targets\Microsoft.NET.Sdk.targets(799,5): message :       _GenerateCompileInputs;
       C:\Program Files\dotnet\sdk\10.0.201\Sdks\Microsoft.NET.Sdk\targets\Microsoft.NET.Sdk.targets(799,5): message :       BeforeCompile;
       C:\Program Files\dotnet\sdk\10.0.201\Sdks\Microsoft.NET.Sdk\targets\Microsoft.NET.Sdk.targets(799,5): message :       _TimeStampBeforeCompile;
       C:\Program Files\dotnet\sdk\10.0.201\Sdks\Microsoft.NET.Sdk\targets\Microsoft.NET.Sdk.targets(799,5): message :       _GenerateCompileDependencyCache;
       C:\Program Files\dotnet\sdk\10.0.201\Sdks\Microsoft.NET.Sdk\targets\Microsoft.NET.Sdk.targets(799,5): message :       CoreCompile;
       C:\Program Files\dotnet\sdk\10.0.201\Sdks\Microsoft.NET.Sdk\targets\Microsoft.NET.Sdk.targets(799,5): message :       _TimeStampAfterCompile;
       C:\Program Files\dotnet\sdk\10.0.201\Sdks\Microsoft.NET.Sdk\targets\Microsoft.NET.Sdk.targets(799,5): message :       AfterCompile;
       C:\Program Files\dotnet\sdk\10.0.201\Sdks\Microsoft.NET.Sdk\targets\Microsoft.NET.Sdk.targets(799,5): message :     ;
       C:\Program Files\dotnet\sdk\10.0.201\Sdks\Microsoft.NET.Sdk\targets\Microsoft.NET.Sdk.targets(799,5): message :       _CreateAppHost;
       C:\Program Files\dotnet\sdk\10.0.201\Sdks\Microsoft.NET.Sdk\targets\Microsoft.NET.Sdk.targets(799,5): message :       _CreateComHost;
       C:\Program Files\dotnet\sdk\10.0.201\Sdks\Microsoft.NET.Sdk\targets\Microsoft.NET.Sdk.targets(799,5): message :       _GetIjwHostPaths;
       C:\Program Files\dotnet\sdk\10.0.201\Sdks\Microsoft.NET.Sdk\targets\Microsoft.NET.Sdk.targets(799,5): message :     " (previous value: "
       C:\Program Files\dotnet\sdk\10.0.201\Sdks\Microsoft.NET.Sdk\targets\Microsoft.NET.Sdk.targets(799,5): message :       ResolveReferences;
       C:\Program Files\dotnet\sdk\10.0.201\Sdks\Microsoft.NET.Sdk\targets\Microsoft.NET.Sdk.targets(799,5): message :       ResolveKeySource;
       C:\Program Files\dotnet\sdk\10.0.201\Sdks\Microsoft.NET.Sdk\targets\Microsoft.NET.Sdk.targets(799,5): message :       SetWin32ManifestProperties;
       C:\Program Files\dotnet\sdk\10.0.201\Sdks\Microsoft.NET.Sdk\targets\Microsoft.NET.Sdk.targets(799,5): message :       _SetPreferNativeArm64Win32ManifestProperties;
       C:\Program Files\dotnet\sdk\10.0.201\Sdks\Microsoft.NET.Sdk\targets\Microsoft.NET.Sdk.targets(799,5): message :       FindReferenceAssembliesForReferences;
       C:\Program Files\dotnet\sdk\10.0.201\Sdks\Microsoft.NET.Sdk\targets\Microsoft.NET.Sdk.targets(799,5): message :       _GenerateCompileInputs;
       C:\Program Files\dotnet\sdk\10.0.201\Sdks\Microsoft.NET.Sdk\targets\Microsoft.NET.Sdk.targets(799,5): message :       BeforeCompile;
       C:\Program Files\dotnet\sdk\10.0.201\Sdks\Microsoft.NET.Sdk\targets\Microsoft.NET.Sdk.targets(799,5): message :       _TimeStampBeforeCompile;
       C:\Program Files\dotnet\sdk\10.0.201\Sdks\Microsoft.NET.Sdk\targets\Microsoft.NET.Sdk.targets(799,5): message :       _GenerateCompileDependencyCache;
       C:\Program Files\dotnet\sdk\10.0.201\Sdks\Microsoft.NET.Sdk\targets\Microsoft.NET.Sdk.targets(799,5): message :       CoreCompile;
       C:\Program Files\dotnet\sdk\10.0.201\Sdks\Microsoft.NET.Sdk\targets\Microsoft.NET.Sdk.targets(799,5): message :       _TimeStampAfterCompile;
       C:\Program Files\dotnet\sdk\10.0.201\Sdks\Microsoft.NET.Sdk\targets\Microsoft.NET.Sdk.targets(799,5): message :       AfterCompile;
       C:\Program Files\dotnet\sdk\10.0.201\Sdks\Microsoft.NET.Sdk\targets\Microsoft.NET.Sdk.targets(799,5): message :     ") at C:\Program Files\dotnet\sdk\10.0.201\Sdks\Microsoft.NET.Sdk\targets\Microsoft.NET.Sdk.targets (799,5)
       C:\Program Files\dotnet\sdk\10.0.201\Sdks\Microsoft.NET.Sdk\targets\Microsoft.NET.Sdk.targets(1131,5): message : Property reassignment: $(CreateSatelliteAssembliesDependsOn)="
       C:\Program Files\dotnet\sdk\10.0.201\Sdks\Microsoft.NET.Sdk\targets\Microsoft.NET.Sdk.targets(1131,5): message :       
       C:\Program Files\dotnet\sdk\10.0.201\Sdks\Microsoft.NET.Sdk\targets\Microsoft.NET.Sdk.targets(1131,5): message :       ;
       C:\Program Files\dotnet\sdk\10.0.201\Sdks\Microsoft.NET.Sdk\targets\Microsoft.NET.Sdk.targets(1131,5): message :       _GenerateSatelliteAssemblyInputs;
       C:\Program Files\dotnet\sdk\10.0.201\Sdks\Microsoft.NET.Sdk\targets\Microsoft.NET.Sdk.targets(1131,5): message :       ComputeIntermediateSatelliteAssemblies;
       C:\Program Files\dotnet\sdk\10.0.201\Sdks\Microsoft.NET.Sdk\targets\Microsoft.NET.Sdk.targets(1131,5): message :       GenerateSatelliteAssemblies
       C:\Program Files\dotnet\sdk\10.0.201\Sdks\Microsoft.NET.Sdk\targets\Microsoft.NET.Sdk.targets(1131,5): message :     ;
       C:\Program Files\dotnet\sdk\10.0.201\Sdks\Microsoft.NET.Sdk\targets\Microsoft.NET.Sdk.targets(1131,5): message :       CoreGenerateSatelliteAssemblies
       C:\Program Files\dotnet\sdk\10.0.201\Sdks\Microsoft.NET.Sdk\targets\Microsoft.NET.Sdk.targets(1131,5): message :     " (previous value: "
       C:\Program Files\dotnet\sdk\10.0.201\Sdks\Microsoft.NET.Sdk\targets\Microsoft.NET.Sdk.targets(1131,5): message :       ;
       C:\Program Files\dotnet\sdk\10.0.201\Sdks\Microsoft.NET.Sdk\targets\Microsoft.NET.Sdk.targets(1131,5): message :       _GenerateSatelliteAssemblyInputs;
       C:\Program Files\dotnet\sdk\10.0.201\Sdks\Microsoft.NET.Sdk\targets\Microsoft.NET.Sdk.targets(1131,5): message :       ComputeIntermediateSatelliteAssemblies;
       C:\Program Files\dotnet\sdk\10.0.201\Sdks\Microsoft.NET.Sdk\targets\Microsoft.NET.Sdk.targets(1131,5): message :       GenerateSatelliteAssemblies
       C:\Program Files\dotnet\sdk\10.0.201\Sdks\Microsoft.NET.Sdk\targets\Microsoft.NET.Sdk.targets(1131,5): message :     ") at C:\Program Files\dotnet\sdk\10.0.201\Sdks\Microsoft.NET.Sdk\targets\Microsoft.NET.Sdk.targets (1131,5)
       C:\Program Files\dotnet\sdk\10.0.201\Sdks\Microsoft.SourceLink.GitLab\build\Microsoft.SourceLink.GitLab.targets(12,5): message : Property reassignment: $(SourceLinkUrlInitializerTargets)=";_InitializeGitHubSourceLinkUrl;_InitializeGitLabSourceLinkUrl" (previous value: ";_InitializeGitHubSourceLinkUrl") at C:\Program Files\dotnet\sdk\10.0.201\Sdks\Microsoft.SourceLink.GitLab\build\Microsoft.SourceLink.GitLab.targets (12,5)
       C:\Program Files\dotnet\sdk\10.0.201\Sdks\Microsoft.SourceLink.GitLab\build\Microsoft.SourceLink.GitLab.targets(13,5): message : Property reassignment: $(SourceControlManagerUrlTranslationTargets)=";TranslateGitHubUrlsInSourceControlInformation;TranslateGitLabUrlsInSourceControlInformation" (previous value: ";TranslateGitHubUrlsInSourceControlInformation") at C:\Program Files\dotnet\sdk\10.0.201\Sdks\Microsoft.SourceLink.GitLab\build\Microsoft.SourceLink.GitLab.targets (13,5)
       C:\Program Files\dotnet\sdk\10.0.201\Sdks\Microsoft.SourceLink.AzureRepos.Git\build\Microsoft.SourceLink.AzureRepos.Git.targets(12,5): message : Property reassignment: $(SourceLinkUrlInitializerTargets)=";_InitializeGitHubSourceLinkUrl;_InitializeGitLabSourceLinkUrl;_InitializeAzureReposGitSourceLinkUrl" (previous value: ";_InitializeGitHubSourceLinkUrl;_InitializeGitLabSourceLinkUrl") at C:\Program Files\dotnet\sdk\10.0.201\Sdks\Microsoft.SourceLink.AzureRepos.Git\build\Microsoft.SourceLink.AzureRepos.Git.targets (12,5)
       C:\Program Files\dotnet\sdk\10.0.201\Sdks\Microsoft.SourceLink.AzureRepos.Git\build\Microsoft.SourceLink.AzureRepos.Git.targets(13,5): message : Property reassignment: $(SourceControlManagerUrlTranslationTargets)=";TranslateGitHubUrlsInSourceControlInformation;TranslateGitLabUrlsInSourceControlInformation;TranslateAzureReposGitUrlsInSourceControlInformation" (previous value: ";TranslateGitHubUrlsInSourceControlInformation;TranslateGitLabUrlsInSourceControlInformation") at C:\Program Files\dotnet\sdk\10.0.201\Sdks\Microsoft.SourceLink.AzureRepos.Git\build\Microsoft.SourceLink.AzureRepos.Git.targets (13,5)
       C:\Program Files\dotnet\sdk\10.0.201\Sdks\Microsoft.SourceLink.Bitbucket.Git\build\Microsoft.SourceLink.Bitbucket.Git.targets(12,5): message : Property reassignment: $(SourceLinkUrlInitializerTargets)=";_InitializeGitHubSourceLinkUrl;_InitializeGitLabSourceLinkUrl;_InitializeAzureReposGitSourceLinkUrl;_InitializeBitbucketGitSourceLinkUrl" (previous value: ";_InitializeGitHubSourceLinkUrl;_InitializeGitLabSourceLinkUrl;_InitializeAzureReposGitSourceLinkUrl") at C:\Program Files\dotnet\sdk\10.0.201\Sdks\Microsoft.SourceLink.Bitbucket.Git\build\Microsoft.SourceLink.Bitbucket.Git.targets (12,5)
       C:\Program Files\dotnet\sdk\10.0.201\Sdks\Microsoft.SourceLink.Bitbucket.Git\build\Microsoft.SourceLink.Bitbucket.Git.targets(13,5): message : Property reassignment: $(SourceControlManagerUrlTranslationTargets)=";TranslateGitHubUrlsInSourceControlInformation;TranslateGitLabUrlsInSourceControlInformation;TranslateAzureReposGitUrlsInSourceControlInformation;TranslateBitbucketGitUrlsInSourceControlInformation" (previous value: ";TranslateGitHubUrlsInSourceControlInformation;TranslateGitLabUrlsInSourceControlInformation;TranslateAzureReposGitUrlsInSourceControlInformation") at C:\Program Files\dotnet\sdk\10.0.201\Sdks\Microsoft.SourceLink.Bitbucket.Git\build\Microsoft.SourceLink.Bitbucket.Git.targets (13,5)
       C:\Program Files\dotnet\sdk\10.0.201\Sdks\Microsoft.NET.Sdk\targets\Microsoft.NET.DesignerSupport.targets(21,5): message : Property reassignment: $(DesignerRuntimeImplementationProjectOutputGroupDependsOn)="
       C:\Program Files\dotnet\sdk\10.0.201\Sdks\Microsoft.NET.Sdk\targets\Microsoft.NET.DesignerSupport.targets(21,5): message :       
       C:\Program Files\dotnet\sdk\10.0.201\Sdks\Microsoft.NET.Sdk\targets\Microsoft.NET.DesignerSupport.targets(21,5): message :       ;
       C:\Program Files\dotnet\sdk\10.0.201\Sdks\Microsoft.NET.Sdk\targets\Microsoft.NET.DesignerSupport.targets(21,5): message :       
       C:\Program Files\dotnet\sdk\10.0.201\Sdks\Microsoft.NET.Sdk\targets\Microsoft.NET.DesignerSupport.targets(21,5): message :       ;
       C:\Program Files\dotnet\sdk\10.0.201\Sdks\Microsoft.NET.Sdk\targets\Microsoft.NET.DesignerSupport.targets(21,5): message :       BuildOnlySettings;
       C:\Program Files\dotnet\sdk\10.0.201\Sdks\Microsoft.NET.Sdk\targets\Microsoft.NET.DesignerSupport.targets(21,5): message :       PrepareForBuild;
       C:\Program Files\dotnet\sdk\10.0.201\Sdks\Microsoft.NET.Sdk\targets\Microsoft.NET.DesignerSupport.targets(21,5): message :       AssignTargetPaths;
       C:\Program Files\dotnet\sdk\10.0.201\Sdks\Microsoft.NET.Sdk\targets\Microsoft.NET.DesignerSupport.targets(21,5): message :       ResolveReferences
       C:\Program Files\dotnet\sdk\10.0.201\Sdks\Microsoft.NET.Sdk\targets\Microsoft.NET.DesignerSupport.targets(21,5): message :     
       C:\Program Files\dotnet\sdk\10.0.201\Sdks\Microsoft.NET.Sdk\targets\Microsoft.NET.DesignerSupport.targets(21,5): message :     ;
       C:\Program Files\dotnet\sdk\10.0.201\Sdks\Microsoft.NET.Sdk\targets\Microsoft.NET.DesignerSupport.targets(21,5): message :       _GenerateDesignerDepsFile;
       C:\Program Files\dotnet\sdk\10.0.201\Sdks\Microsoft.NET.Sdk\targets\Microsoft.NET.DesignerSupport.targets(21,5): message :       _GenerateDesignerRuntimeConfigFile;
       C:\Program Files\dotnet\sdk\10.0.201\Sdks\Microsoft.NET.Sdk\targets\Microsoft.NET.DesignerSupport.targets(21,5): message :       GetCopyToOutputDirectoryItems;
       C:\Program Files\dotnet\sdk\10.0.201\Sdks\Microsoft.NET.Sdk\targets\Microsoft.NET.DesignerSupport.targets(21,5): message :       _GatherDesignerShadowCopyFiles;
       C:\Program Files\dotnet\sdk\10.0.201\Sdks\Microsoft.NET.Sdk\targets\Microsoft.NET.DesignerSupport.targets(21,5): message :     " (previous value: "
       C:\Program Files\dotnet\sdk\10.0.201\Sdks\Microsoft.NET.Sdk\targets\Microsoft.NET.DesignerSupport.targets(21,5): message :       ;
       C:\Program Files\dotnet\sdk\10.0.201\Sdks\Microsoft.NET.Sdk\targets\Microsoft.NET.DesignerSupport.targets(21,5): message :       
       C:\Program Files\dotnet\sdk\10.0.201\Sdks\Microsoft.NET.Sdk\targets\Microsoft.NET.DesignerSupport.targets(21,5): message :       ;
       C:\Program Files\dotnet\sdk\10.0.201\Sdks\Microsoft.NET.Sdk\targets\Microsoft.NET.DesignerSupport.targets(21,5): message :       BuildOnlySettings;
       C:\Program Files\dotnet\sdk\10.0.201\Sdks\Microsoft.NET.Sdk\targets\Microsoft.NET.DesignerSupport.targets(21,5): message :       PrepareForBuild;
       C:\Program Files\dotnet\sdk\10.0.201\Sdks\Microsoft.NET.Sdk\targets\Microsoft.NET.DesignerSupport.targets(21,5): message :       AssignTargetPaths;
       C:\Program Files\dotnet\sdk\10.0.201\Sdks\Microsoft.NET.Sdk\targets\Microsoft.NET.DesignerSupport.targets(21,5): message :       ResolveReferences
       C:\Program Files\dotnet\sdk\10.0.201\Sdks\Microsoft.NET.Sdk\targets\Microsoft.NET.DesignerSupport.targets(21,5): message :     
       C:\Program Files\dotnet\sdk\10.0.201\Sdks\Microsoft.NET.Sdk\targets\Microsoft.NET.DesignerSupport.targets(21,5): message :     ") at C:\Program Files\dotnet\sdk\10.0.201\Sdks\Microsoft.NET.Sdk\targets\Microsoft.NET.DesignerSupport.targets (21,5)
       C:\Program Files\dotnet\sdk\10.0.201\Sdks\Microsoft.NET.Sdk\targets\Microsoft.NET.Sdk.CSharp.targets(31,5): message : Property reassignment: $(DefineConstants)="TRACE;DEBUG" (previous value: "TRACE") at C:\Program Files\dotnet\sdk\10.0.201\Sdks\Microsoft.NET.Sdk\targets\Microsoft.NET.Sdk.CSharp.targets (31,5)
       C:\Program Files\dotnet\sdk\10.0.201\Sdks\Microsoft.NET.Sdk\targets\Microsoft.NET.Sdk.CSharp.targets(45,5): message : Property reassignment: $(WarningsAsErrors)=";NU1605;SYSLIB0011" (previous value: ";NU1605") at C:\Program Files\dotnet\sdk\10.0.201\Sdks\Microsoft.NET.Sdk\targets\Microsoft.NET.Sdk.CSharp.targets (45,5)
       C:\Program Files\dotnet\sdk\10.0.201\NuGet.Build.Tasks.Pack.targets(34,5): message : Property reassignment: $(PackageDescription)="Package Description" (previous value: "") at C:\Program Files\dotnet\sdk\10.0.201\NuGet.Build.Tasks.Pack.targets (34,5)
       C:\Program Files\dotnet\sdk\10.0.201\NuGet.Build.Tasks.Pack.targets(59,5): message : Property reassignment: $(GenerateNuspecDependsOn)="Build;_LoadPackInputItems; _GetTargetFrameworksOutput; _WalkEachTargetPerFramework; _GetPackageFiles; " (previous value: "_LoadPackInputItems; _GetTargetFrameworksOutput; _WalkEachTargetPerFramework; _GetPackageFiles; ") at C:\Program Files\dotnet\sdk\10.0.201\NuGet.Build.Tasks.Pack.targets (59,5)
       C:\Program Files\dotnet\sdk\10.0.201\Sdks\Microsoft.NET.Sdk\Sdk\Sdk.targets(59,5): message : Property reassignment: $(_IsNotSetContainersTargetsDir)="true" (previous value: "false") at C:\Program Files\dotnet\sdk\10.0.201\Sdks\Microsoft.NET.Sdk\Sdk\Sdk.targets (59,5)
       C:\Program Files\dotnet\sdk\10.0.201\Containers\build\Microsoft.NET.Build.Containers.targets(5,5): message : Property reassignment: $(_IsSDKContainerAllowedVersion)="true" (previous value: "false") at C:\Program Files\dotnet\sdk\10.0.201\Containers\build\Microsoft.NET.Build.Containers.targets (5,5)
       C:\Program Files\dotnet\sdk\10.0.201\Containers\build\Microsoft.NET.Build.Containers.targets(15,5): message : Property reassignment: $(_ContainerIsTargetingNet8TFM)="true" (previous value: "false") at C:\Program Files\dotnet\sdk\10.0.201\Containers\build\Microsoft.NET.Build.Containers.targets (15,5)
       Overriding target "ResolveFrameworkReferences" in project "C:\Program Files\dotnet\sdk\10.0.201\Microsoft.Common.CurrentVersion.targets" with target "ResolveFrameworkReferences" from project "C:\Program Files\dotnet\sdk\10.0.201\Sdks\Microsoft.NET.Sdk\targets\Microsoft.NET.Sdk.FrameworkReferenceResolution.targets".
       Overriding target "GenerateSupportedTargetFrameworkAlias" in project "C:\Program Files\dotnet\sdk\10.0.201\Microsoft.Common.CurrentVersion.targets" with target "GenerateSupportedTargetFrameworkAlias" from project "C:\Program Files\dotnet\sdk\10.0.201\Sdks\Microsoft.NET.Sdk\targets\Microsoft.NET.Sdk.targets".
       Overriding target "GetReferenceAssemblyPaths" in project "C:\Program Files\dotnet\sdk\10.0.201\Microsoft.Common.CurrentVersion.targets" with target "GetReferenceAssemblyPaths" from project "C:\Program Files\dotnet\sdk\10.0.201\Sdks\Microsoft.NET.Sdk\targets\Microsoft.NET.DisableStandardFrameworkResolution.targets".
       Overriding target "GetFrameworkPaths" in project "C:\Program Files\dotnet\sdk\10.0.201\Microsoft.Common.CurrentVersion.targets" with target "GetFrameworkPaths" from project "C:\Program Files\dotnet\sdk\10.0.201\Sdks\Microsoft.NET.Sdk\targets\Microsoft.NET.DisableStandardFrameworkResolution.targets".
       Overriding target "DesignerRuntimeImplementationProjectOutputGroup" in project "C:\Program Files\dotnet\sdk\10.0.201\Microsoft.Common.CurrentVersion.targets" with target "DesignerRuntimeImplementationProjectOutputGroup" from project "C:\Program Files\dotnet\sdk\10.0.201\Sdks\Microsoft.NET.Sdk\targets\Microsoft.NET.DesignerSupport.targets".
       Overriding target "Publish" in project "C:\Program Files\dotnet\sdk\10.0.201\Microsoft.Common.CurrentVersion.targets" with target "Publish" from project "C:\Program Files\dotnet\sdk\10.0.201\Sdks\Microsoft.NET.Sdk\targets\Microsoft.NET.Publish.targets".
       Overriding target "ResolveReadyToRunCompilers" in project "C:\Program Files\dotnet\sdk\10.0.201\Sdks\Microsoft.NET.Sdk\targets\Microsoft.NET.CrossGen.targets" with target "ResolveReadyToRunCompilers" from project "C:\Program Files\dotnet\sdk\10.0.201\Sdks\Microsoft.NET.Sdk\targets\Microsoft.NET.Publish.targets".
       Overriding target "GetCopyToPublishDirectoryItems" in project "C:\Program Files\dotnet\sdk\10.0.201\Microsoft.Common.CurrentVersion.targets" with target "GetCopyToPublishDirectoryItems" from project "C:\Program Files\dotnet\sdk\10.0.201\Sdks\Microsoft.NET.Sdk\targets\Microsoft.NET.Publish.targets".
       Overriding target "Run" in project "C:\Program Files\dotnet\sdk\10.0.201\Microsoft.Common.CurrentVersion.targets" with target "Run" from project "C:\Program Files\dotnet\sdk\10.0.201\Sdks\Microsoft.NET.Sdk\targets\Microsoft.NET.Sdk.targets".
       The target "ResolveNuGetPackageAssets" listed in an AfterTargets attribute at "C:\Users\chuck\.nuget\packages\microsoft.extensions.logging.abstractions\10.0.0-preview.1.25080.5\buildTransitive\net8.0\Microsoft.Extensions.Logging.Abstractions.targets (11,11)" does not exist in the project, and will be ignored.
       The target "ResolveNuGetPackageAssets" listed in an AfterTargets attribute at "C:\Users\chuck\.nuget\packages\microsoft.extensions.logging.abstractions\10.0.0-preview.1.25080.5\buildTransitive\net8.0\Microsoft.Extensions.Logging.Abstractions.targets (23,11)" does not exist in the project, and will be ignored.
       The target "ResolveNuGetPackageAssets" listed in an AfterTargets attribute at "C:\Users\chuck\.nuget\packages\microsoft.extensions.options\10.0.0-preview.1.25080.5\buildTransitive\net8.0\Microsoft.Extensions.Options.targets (11,11)" does not exist in the project, and will be ignored.
       The target "ResolveNuGetPackageAssets" listed in an AfterTargets attribute at "C:\Users\chuck\.nuget\packages\microsoft.extensions.options\10.0.0-preview.1.25080.5\buildTransitive\net8.0\Microsoft.Extensions.Options.targets (23,11)" does not exist in the project, and will be ignored.
   1:7>Project "C:\Users\chuck\scratch\ETL-SQL\src\ETL-SQL.Engine\ETL-SQL.Engine.csproj" on node 1 (default targets).
   1:7>Target "_CollectTargetFrameworkForTelemetry" in file "C:\Program Files\dotnet\sdk\10.0.201\Sdks\Microsoft.NET.Sdk\targets\Microsoft.NET.TargetFrameworkInference.targets" from project "C:\Users\chuck\scratch\ETL-SQL\src\ETL-SQL.Engine\ETL-SQL.Engine.csproj" (target "_CheckForInvalidConfigurationAndPlatform" depends on it):
   1:7>Using "AllowEmptyTelemetry" task from assembly "C:\Program Files\dotnet\sdk\10.0.201\Sdks\Microsoft.NET.Sdk\targets\..\tools\net10.0\Microsoft.NET.Build.Tasks.dll".
       Task "AllowEmptyTelemetry"
       Done executing task "AllowEmptyTelemetry".
   1:7>Done building target "_CollectTargetFrameworkForTelemetry" in project "ETL-SQL.Engine.csproj".
   1:7>Target "_CheckForUnsupportedNETCoreVersion" in file "C:\Program Files\dotnet\sdk\10.0.201\Sdks\Microsoft.NET.Sdk\targets\Microsoft.NET.TargetFrameworkInference.targets" from project "C:\Users\chuck\scratch\ETL-SQL\src\ETL-SQL.Engine\ETL-SQL.Engine.csproj" (target "_CheckForInvalidConfigurationAndPlatform" depends on it):
   1:7>Done building target "_CheckForUnsupportedNETCoreVersion" in project "ETL-SQL.Engine.csproj".
   1:7>Target "_CheckForUnsupportedCppNETCoreVersion" in file "C:\Program Files\dotnet\sdk\10.0.201\Sdks\Microsoft.NET.Sdk\targets\Microsoft.NET.TargetFrameworkInference.targets" from project "C:\Users\chuck\scratch\ETL-SQL\src\ETL-SQL.Engine\ETL-SQL.Engine.csproj" (target "_CheckForInvalidConfigurationAndPlatform" depends on it):
   1:7>Done building target "_CheckForUnsupportedCppNETCoreVersion" in project "ETL-SQL.Engine.csproj".
   1:7>Target "_CheckForUnsupportedArtifactsPath" in file "C:\Program Files\dotnet\sdk\10.0.201\Sdks\Microsoft.NET.Sdk\targets\Microsoft.NET.DefaultOutputPaths.targets" from project "C:\Users\chuck\scratch\ETL-SQL\src\ETL-SQL.Engine\ETL-SQL.Engine.csproj" (target "_CheckForInvalidConfigurationAndPlatform" depends on it):
   1:7>Done building target "_CheckForUnsupportedArtifactsPath" in project "ETL-SQL.Engine.csproj".
   1:7>Target "_CheckForUnsupportedHostingUsage" in file "C:\Program Files\dotnet\sdk\10.0.201\Sdks\Microsoft.NET.Sdk\targets\Microsoft.NET.RuntimeIdentifierInference.targets" from project "C:\Users\chuck\scratch\ETL-SQL\src\ETL-SQL.Engine\ETL-SQL.Engine.csproj" (target "_CheckForInvalidConfigurationAndPlatform" depends on it):
   1:7>Done building target "_CheckForUnsupportedHostingUsage" in project "ETL-SQL.Engine.csproj".
   1:7>Target "_CheckAndUnsetUnsupportedPrefer32Bit" in file "C:\Program Files\dotnet\sdk\10.0.201\Sdks\Microsoft.NET.Sdk\targets\Microsoft.NET.RuntimeIdentifierInference.targets" from project "C:\Users\chuck\scratch\ETL-SQL\src\ETL-SQL.Engine\ETL-SQL.Engine.csproj" (target "_CheckForInvalidConfigurationAndPlatform" depends on it):
   1:7>Done building target "_CheckAndUnsetUnsupportedPrefer32Bit" in project "ETL-SQL.Engine.csproj".
   1:7>Target "_CheckForLanguageAndFeatureCombinationSupport" in file "C:\Program Files\dotnet\sdk\10.0.201\Sdks\Microsoft.NET.Sdk\targets\Microsoft.NET.RuntimeIdentifierInference.targets" from project "C:\Users\chuck\scratch\ETL-SQL\src\ETL-SQL.Engine\ETL-SQL.Engine.csproj" (target "_CheckForInvalidConfigurationAndPlatform" depends on it):
   1:7>Done building target "_CheckForLanguageAndFeatureCombinationSupport" in project "ETL-SQL.Engine.csproj".
   1:7>Target "UpdateAspNetToFrameworkReference" in file "C:\Program Files\dotnet\sdk\10.0.201\Sdks\Microsoft.NET.Sdk\targets\Microsoft.NET.Sdk.DefaultItems.Shared.targets" from project "C:\Users\chuck\scratch\ETL-SQL\src\ETL-SQL.Engine\ETL-SQL.Engine.csproj" (target "ApplyImplicitVersions" depends on it):
       Using "CheckIfPackageReferenceShouldBeFrameworkReference" task from assembly "C:\Program Files\dotnet\sdk\10.0.201\Sdks\Microsoft.NET.Sdk\targets\..\tools\net10.0\Microsoft.NET.Build.Tasks.dll".
       Task "CheckIfPackageReferenceShouldBeFrameworkReference"
       Done executing task "CheckIfPackageReferenceShouldBeFrameworkReference".
       Task "CheckIfPackageReferenceShouldBeFrameworkReference"
       Done executing task "CheckIfPackageReferenceShouldBeFrameworkReference".
   1:7>Done building target "UpdateAspNetToFrameworkReference" in project "ETL-SQL.Engine.csproj".
   1:7>Target "CheckForImplicitPackageReferenceOverrides" in file "C:\Program Files\dotnet\sdk\10.0.201\Sdks\Microsoft.NET.Sdk\targets\Microsoft.NET.Sdk.DefaultItems.Shared.targets" from project "C:\Users\chuck\scratch\ETL-SQL\src\ETL-SQL.Engine\ETL-SQL.Engine.csproj" (target "ApplyImplicitVersions" depends on it):
       Using "CheckForImplicitPackageReferenceOverrides" task from assembly "C:\Program Files\dotnet\sdk\10.0.201\Sdks\Microsoft.NET.Sdk\targets\..\tools\net10.0\Microsoft.NET.Build.Tasks.dll".
       Task "CheckForImplicitPackageReferenceOverrides"
       Done executing task "CheckForImplicitPackageReferenceOverrides".
   1:7>Done building target "CheckForImplicitPackageReferenceOverrides" in project "ETL-SQL.Engine.csproj".
   1:7>Target "ApplyImplicitVersions" in file "C:\Program Files\dotnet\sdk\10.0.201\Sdks\Microsoft.NET.Sdk\targets\Microsoft.NET.Sdk.DefaultItems.Shared.targets" from project "C:\Users\chuck\scratch\ETL-SQL\src\ETL-SQL.Engine\ETL-SQL.Engine.csproj" (target "CollectPackageReferences" depends on it):
       Using "ApplyImplicitVersions" task from assembly "C:\Program Files\dotnet\sdk\10.0.201\Sdks\Microsoft.NET.Sdk\targets\..\tools\net10.0\Microsoft.NET.Build.Tasks.dll".
       Task "ApplyImplicitVersions"
       Done executing task "ApplyImplicitVersions".
   1:7>Done building target "ApplyImplicitVersions" in project "ETL-SQL.Engine.csproj".
       Target "CheckForImplicitPackageReferenceOverrides" skipped. Previously built successfully.
   1:7>Target "_ComputeToolPackInputsToProcessFrameworkReferences" in file "C:\Program Files\dotnet\sdk\10.0.201\Sdks\Microsoft.NET.Sdk\targets\Microsoft.NET.Publish.targets" from project "C:\Users\chuck\scratch\ETL-SQL\src\ETL-SQL.Engine\ETL-SQL.Engine.csproj" (target "ProcessFrameworkReferences" depends on it):
   1:7>Done building target "_ComputeToolPackInputsToProcessFrameworkReferences" in project "ETL-SQL.Engine.csproj".
   1:7>Target "ProcessFrameworkReferences" in file "C:\Program Files\dotnet\sdk\10.0.201\Sdks\Microsoft.NET.Sdk\targets\Microsoft.NET.Sdk.FrameworkReferenceResolution.targets" from project "C:\Users\chuck\scratch\ETL-SQL\src\ETL-SQL.Engine\ETL-SQL.Engine.csproj" (target "CollectPackageReferences" depends on it):
       Using "CheckForDuplicateFrameworkReferences" task from assembly "C:\Program Files\dotnet\sdk\10.0.201\Sdks\Microsoft.NET.Sdk\targets\..\tools\net10.0\Microsoft.NET.Build.Tasks.dll".
       Task "CheckForDuplicateFrameworkReferences"
       Done executing task "CheckForDuplicateFrameworkReferences".
       Using "ProcessFrameworkReferences" task from assembly "C:\Program Files\dotnet\sdk\10.0.201\Sdks\Microsoft.NET.Sdk\targets\..\tools\net10.0\Microsoft.NET.Build.Tasks.dll".
       Task "ProcessFrameworkReferences"
         Found 1 known framework references for target framework .NETCoreApp
         Found 5 known runtime packs for target framework .NETCoreApp
         Selected Microsoft.NETCore.App with RIDs 'linux-arm;linux-arm64;linux-musl-arm64;linux-musl-x64;linux-x64;osx-x64;tizen.4.0.0-armel;tizen.5.0.0-armel;win-arm64;win-x64;win-x86;linux-musl-arm;osx-arm64;linux-s390x;linux-loongarch64;linux-bionic-arm;linux-bionic-arm64;linux-bionic-x64;linux-bionic-x86;linux-ppc64le;freebsd-x64;freebsd-arm64;linux-riscv64;linux-musl-riscv64;linux-musl-loongarch64;android-arm64;android-x64'
         Selected targeting pack 'Microsoft.NETCore.App@10.0.5'
         Added runtime framework 'Microsoft.NETCore.App@10.0.0'
         Selected Microsoft.WindowsDesktop.App with RIDs 'win-x64;win-x86;win-arm64'
         Selected targeting pack 'Microsoft.WindowsDesktop.App@10.0.5'
         Added runtime framework 'Microsoft.WindowsDesktop.App@10.0.0'
         Selected Microsoft.WindowsDesktop.App with RIDs 'win-x64;win-x86;win-arm64'
         Selected targeting pack 'Microsoft.WindowsDesktop.App.WPF@10.0.5'
         Added runtime framework 'Microsoft.WindowsDesktop.App@10.0.0'
         Selected Microsoft.WindowsDesktop.App with RIDs 'win-x64;win-x86;win-arm64'
         Selected targeting pack 'Microsoft.WindowsDesktop.App.WindowsForms@10.0.5'
         Added runtime framework 'Microsoft.WindowsDesktop.App@10.0.0'
         Selected Microsoft.AspNetCore.App with RIDs 'win-x64;win-x86;osx-x64;linux-musl-x64;linux-musl-arm64;linux-x64;linux-arm;linux-arm64;linux-musl-arm;win-arm64;osx-arm64;linux-s390x;linux-loongarch64;linux-ppc64le;freebsd-x64;freebsd-arm64;linux-riscv64;linux-musl-riscv64;linux-loongarch64;linux-musl-loongarch64'
         Selected targeting pack 'Microsoft.AspNetCore.App@10.0.5'
         Added runtime framework 'Microsoft.AspNetCore.App@10.0.0'
       Done executing task "ProcessFrameworkReferences".
       Using "ResolveAppHosts" task from assembly "C:\Program Files\dotnet\sdk\10.0.201\Sdks\Microsoft.NET.Sdk\targets\..\tools\net10.0\Microsoft.NET.Build.Tasks.dll".
       Task "ResolveAppHosts"
       Done executing task "ResolveAppHosts".
   1:7>Done building target "ProcessFrameworkReferences" in project "ETL-SQL.Engine.csproj".
   1:7>Target "_CheckForObsoleteDotNetCliToolReferences" in file "C:\Program Files\dotnet\sdk\10.0.201\Sdks\Microsoft.NET.Sdk\targets\Microsoft.NET.ObsoleteReferences.targets" from project "C:\Users\chuck\scratch\ETL-SQL\src\ETL-SQL.Engine\ETL-SQL.Engine.csproj" (target "CollectPackageReferences" depends on it):
   1:7>Done building target "_CheckForObsoleteDotNetCliToolReferences" in project "ETL-SQL.Engine.csproj".
   1:7>Target "CollectPackageReferences" in file "C:\Program Files\dotnet\sdk\10.0.201\NuGet.targets" from project "C:\Users\chuck\scratch\ETL-SQL\src\ETL-SQL.Engine\ETL-SQL.Engine.csproj" (target "_GetRestoreProjectStyle" depends on it):
       Using "CheckForDuplicateNuGetItemsTask" task from assembly "C:\Program Files\dotnet\sdk\10.0.201\NuGet.Build.Tasks.dll".
       Task "CheckForDuplicateNuGetItemsTask"
       Done executing task "CheckForDuplicateNuGetItemsTask".
   1:7>Done building target "CollectPackageReferences" in project "ETL-SQL.Engine.csproj".
   1:7>Target "_GetRestoreProjectStyle" in file "C:\Program Files\dotnet\sdk\10.0.201\NuGet.targets" from project "C:\Users\chuck\scratch\ETL-SQL\src\ETL-SQL.Engine\ETL-SQL.Engine.csproj" (target "EnableIntermediateOutputPathMismatchWarning" depends on it):
       Using "GetRestoreProjectStyleTask" task from assembly "C:\Program Files\dotnet\sdk\10.0.201\NuGet.Build.Tasks.dll".
       Task "GetRestoreProjectStyleTask"
       Done executing task "GetRestoreProjectStyleTask".
   1:7>Done building target "_GetRestoreProjectStyle" in project "ETL-SQL.Engine.csproj".
   1:7>Target "EnableIntermediateOutputPathMismatchWarning" in file "C:\Program Files\dotnet\sdk\10.0.201\NuGet.targets" from project "C:\Users\chuck\scratch\ETL-SQL\src\ETL-SQL.Engine\ETL-SQL.Engine.csproj" (target "_CheckForInvalidConfigurationAndPlatform" depends on it):
   1:7>Done building target "EnableIntermediateOutputPathMismatchWarning" in project "ETL-SQL.Engine.csproj".
       Target "ApplyImplicitVersions" skipped. Previously built successfully.
       Target "CheckForImplicitPackageReferenceOverrides" skipped. Previously built successfully.
   1:7>Target "CheckForDuplicateItems" in file "C:\Program Files\dotnet\sdk\10.0.201\Sdks\Microsoft.NET.Sdk\targets\Microsoft.NET.Sdk.DefaultItems.Shared.targets" from project "C:\Users\chuck\scratch\ETL-SQL\src\ETL-SQL.Engine\ETL-SQL.Engine.csproj" (target "_CheckForInvalidConfigurationAndPlatform" depends on it):
       Using "CheckForDuplicateItems" task from assembly "C:\Program Files\dotnet\sdk\10.0.201\Sdks\Microsoft.NET.Sdk\targets\..\tools\net10.0\Microsoft.NET.Build.Tasks.dll".
       Task "CheckForDuplicateItems"
       Done executing task "CheckForDuplicateItems".
       Task "CheckForDuplicateItems"
       Done executing task "CheckForDuplicateItems".
       Task "CheckForDuplicateItems"
       Done executing task "CheckForDuplicateItems".
   1:7>Done building target "CheckForDuplicateItems" in project "ETL-SQL.Engine.csproj".
       Target "ProcessFrameworkReferences" skipped. Previously built successfully.
   1:7>Target "_CheckForInvalidConfigurationAndPlatform" in file "C:\Program Files\dotnet\sdk\10.0.201\Microsoft.Common.CurrentVersion.targets" from project "C:\Users\chuck\scratch\ETL-SQL\src\ETL-SQL.Engine\ETL-SQL.Engine.csproj" (target "BeforeBuild" depends on it):
       Task "Message"
         Configuration=Debug
       Done executing task "Message".
       Task "Message"
         Platform=AnyCPU
       Done executing task "Message".
   1:7>Done building target "_CheckForInvalidConfigurationAndPlatform" in project "ETL-SQL.Engine.csproj".
   1:7>Target "ValidateCommandLineProperties" in file "C:\Program Files\dotnet\sdk\10.0.201\Sdks\Microsoft.NET.Sdk\targets\Microsoft.NET.Sdk.targets" from project "C:\Users\chuck\scratch\ETL-SQL\src\ETL-SQL.Engine\ETL-SQL.Engine.csproj" (target "BeforeBuild" depends on it):
   1:7>Done building target "ValidateCommandLineProperties" in project "ETL-SQL.Engine.csproj".
   1:7>Target "BeforeBuild" in file "C:\Program Files\dotnet\sdk\10.0.201\Microsoft.Common.CurrentVersion.targets" from project "C:\Users\chuck\scratch\ETL-SQL\src\ETL-SQL.Engine\ETL-SQL.Engine.csproj" (target "Build" depends on it):
   1:7>Done building target "BeforeBuild" in project "ETL-SQL.Engine.csproj".
   1:7>Target "BuildOnlySettings" in file "C:\Program Files\dotnet\sdk\10.0.201\Microsoft.Common.CurrentVersion.targets" from project "C:\Users\chuck\scratch\ETL-SQL\src\ETL-SQL.Engine\ETL-SQL.Engine.csproj" (target "CoreBuild" depends on it):
       C:\Program Files\dotnet\sdk\10.0.201\Microsoft.Common.CurrentVersion.targets(1168,7): message : Property reassignment: $(BuildingProject)="true" (previous value: "false") at C:\Program Files\dotnet\sdk\10.0.201\Microsoft.Common.CurrentVersion.targets (1168,7) [C:\Users\chuck\scratch\ETL-SQL\src\ETL-SQL.Engine\ETL-SQL.Engine.csproj]
   1:7>Done building target "BuildOnlySettings" in project "ETL-SQL.Engine.csproj".
   1:7>Target "GetFrameworkPaths" in file "C:\Program Files\dotnet\sdk\10.0.201\Sdks\Microsoft.NET.Sdk\targets\Microsoft.NET.DisableStandardFrameworkResolution.targets" from project "C:\Users\chuck\scratch\ETL-SQL\src\ETL-SQL.Engine\ETL-SQL.Engine.csproj" (target "PrepareForBuild" depends on it):
   1:7>Done building target "GetFrameworkPaths" in project "ETL-SQL.Engine.csproj".
   1:7>Target "GetReferenceAssemblyPaths" in file "C:\Program Files\dotnet\sdk\10.0.201\Sdks\Microsoft.NET.Sdk\targets\Microsoft.NET.DisableStandardFrameworkResolution.targets" from project "C:\Users\chuck\scratch\ETL-SQL\src\ETL-SQL.Engine\ETL-SQL.Engine.csproj" (target "PrepareForBuild" depends on it):
   1:7>Done building target "GetReferenceAssemblyPaths" in project "ETL-SQL.Engine.csproj".
   1:7>Target "PrepareForBuild" in file "C:\Program Files\dotnet\sdk\10.0.201\Microsoft.Common.CurrentVersion.targets" from project "C:\Users\chuck\scratch\ETL-SQL\src\ETL-SQL.Engine\ETL-SQL.Engine.csproj" (target "CoreBuild" depends on it):
       Using "FindAppConfigFile" task from assembly "Microsoft.Build.Tasks.Core, Version=15.1.0.0, Culture=neutral, PublicKeyToken=b03f5f7f11d50a3a".
       Task "FindAppConfigFile"
       Done executing task "FindAppConfigFile".
       Using "MakeDir" task from assembly "Microsoft.Build.Tasks.Core, Version=15.1.0.0, Culture=neutral, PublicKeyToken=b03f5f7f11d50a3a".
       Task "MakeDir"
       Done executing task "MakeDir".
   1:7>Done building target "PrepareForBuild" in project "ETL-SQL.Engine.csproj".
   1:7>Target "GenerateTargetFrameworkDefineConstants" in file "C:\Program Files\dotnet\sdk\10.0.201\Sdks\Microsoft.NET.Sdk\targets\Microsoft.NET.Sdk.BeforeCommon.targets" from project "C:\Users\chuck\scratch\ETL-SQL\src\ETL-SQL.Engine\ETL-SQL.Engine.csproj" (target "AddImplicitDefineConstants" depends on it):
   1:7>Done building target "GenerateTargetFrameworkDefineConstants" in project "ETL-SQL.Engine.csproj".
   1:7>Target "GenerateNETCompatibleDefineConstants" in file "C:\Program Files\dotnet\sdk\10.0.201\Sdks\Microsoft.NET.Sdk\targets\Microsoft.NET.Sdk.BeforeCommon.targets" from project "C:\Users\chuck\scratch\ETL-SQL\src\ETL-SQL.Engine\ETL-SQL.Engine.csproj" (target "AddImplicitDefineConstants" depends on it):
   1:7>Done building target "GenerateNETCompatibleDefineConstants" in project "ETL-SQL.Engine.csproj".
   1:7>Target "AddImplicitDefineConstants" in file "C:\Program Files\dotnet\sdk\10.0.201\Sdks\Microsoft.NET.Sdk\targets\Microsoft.NET.Sdk.BeforeCommon.targets" from project "C:\Users\chuck\scratch\ETL-SQL\src\ETL-SQL.Engine\ETL-SQL.Engine.csproj" (target "CoreBuild" depends on it):
       C:\Program Files\dotnet\sdk\10.0.201\Sdks\Microsoft.NET.Sdk\targets\Microsoft.NET.Sdk.BeforeCommon.targets(295,7): message : Property reassignment: $(DefineConstants)="TRACE;DEBUG;NET;NET10_0;NETCOREAPP;NET5_0_OR_GREATER;NET6_0_OR_GREATER;NET7_0_OR_GREATER;NET8_0_OR_GREATER;NET9_0_OR_GREATER;NET10_0_OR_GREATER;NETCOREAPP1_0_OR_GREATER;NETCOREAPP1_1_OR_GREATER;NETCOREAPP2_0_OR_GREATER;NETCOREAPP2_1_OR_GREATER;NETCOREAPP2_2_OR_GREATER;NETCOREAPP3_0_OR_GREATER;NETCOREAPP3_1_OR_GREATER" (previous value: "TRACE;DEBUG") at C:\Program Files\dotnet\sdk\10.0.201\Sdks\Microsoft.NET.Sdk\targets\Microsoft.NET.Sdk.BeforeCommon.targets (295,7) [C:\Users\chuck\scratch\ETL-SQL\src\ETL-SQL.Engine\ETL-SQL.Engine.csproj]
   1:7>Done building target "AddImplicitDefineConstants" in project "ETL-SQL.Engine.csproj".
   1:7>Target "GenerateGlobalUsings" in file "C:\Program Files\dotnet\sdk\10.0.201\Sdks\Microsoft.NET.Sdk\targets\Microsoft.NET.GenerateGlobalUsings.targets" from project "C:\Users\chuck\scratch\ETL-SQL\src\ETL-SQL.Engine\ETL-SQL.Engine.csproj" (target "CoreBuild" depends on it):
       Using "GenerateGlobalUsings" task from assembly "C:\Program Files\dotnet\sdk\10.0.201\Sdks\Microsoft.NET.Sdk\targets\..\tools\net10.0\Microsoft.NET.Build.Tasks.dll".
       Task "GenerateGlobalUsings"
       Done executing task "GenerateGlobalUsings".
       Using "WriteLinesToFile" task from assembly "Microsoft.Build.Tasks.Core, Version=15.1.0.0, Culture=neutral, PublicKeyToken=b03f5f7f11d50a3a".
       Task "WriteLinesToFile"
         Skipping write to file "C:\Users\chuck\scratch\ETL-SQL\src\ETL-SQL.Engine\obj\Debug\net10.0\ETL-SQL.Engine.GlobalUsings.g.cs" because content would not change.
       Done executing task "WriteLinesToFile".
   1:7>Done building target "GenerateGlobalUsings" in project "ETL-SQL.Engine.csproj".
   1:7>Target "BeforeResolveReferences" in file "C:\Program Files\dotnet\sdk\10.0.201\Microsoft.Common.CurrentVersion.targets" from project "C:\Users\chuck\scratch\ETL-SQL\src\ETL-SQL.Engine\ETL-SQL.Engine.csproj" (target "ResolveReferences" depends on it):
   1:7>Done building target "BeforeResolveReferences" in project "ETL-SQL.Engine.csproj".
   1:7>Target "IgnoreJavaScriptOutputAssembly" in file "C:\Program Files\dotnet\sdk\10.0.201\Microsoft.Common.CurrentVersion.targets" from project "C:\Users\chuck\scratch\ETL-SQL\src\ETL-SQL.Engine\ETL-SQL.Engine.csproj" (target "AssignProjectConfiguration" depends on it):
   1:7>Done building target "IgnoreJavaScriptOutputAssembly" in project "ETL-SQL.Engine.csproj".
       Target "ProcessFrameworkReferences" skipped. Previously built successfully.
   1:7>Target "_DefaultMicrosoftNETPlatformLibrary" in file "C:\Program Files\dotnet\sdk\10.0.201\Sdks\Microsoft.NET.Sdk\targets\Microsoft.NET.Sdk.Shared.targets" from project "C:\Users\chuck\scratch\ETL-SQL\src\ETL-SQL.Engine\ETL-SQL.Engine.csproj" (target "ResolvePackageAssets" depends on it):
   1:7>Done building target "_DefaultMicrosoftNETPlatformLibrary" in project "ETL-SQL.Engine.csproj".
   1:7>Target "_ComputePackageReferencePublish" in file "C:\Program Files\dotnet\sdk\10.0.201\Sdks\Microsoft.NET.Sdk\targets\Microsoft.NET.Sdk.Shared.targets" from project "C:\Users\chuck\scratch\ETL-SQL\src\ETL-SQL.Engine\ETL-SQL.Engine.csproj" (target "ResolvePackageAssets" depends on it):
   1:7>Done building target "_ComputePackageReferencePublish" in project "ETL-SQL.Engine.csproj".
   1:7>Target "ResolvePackageAssets" in file "C:\Program Files\dotnet\sdk\10.0.201\Sdks\Microsoft.NET.Sdk\targets\Microsoft.PackageDependencyResolution.targets" from project "C:\Users\chuck\scratch\ETL-SQL\src\ETL-SQL.Engine\ETL-SQL.Engine.csproj" (target "ResolveLockFileReferences" depends on it):
       Using "ResolvePackageAssets" task from assembly "C:\Program Files\dotnet\sdk\10.0.201\Sdks\Microsoft.NET.Sdk\targets\..\tools\net10.0\Microsoft.NET.Build.Tasks.dll".
       Task "ResolvePackageAssets"
       Done executing task "ResolvePackageAssets".
   1:7>Done building target "ResolvePackageAssets" in project "ETL-SQL.Engine.csproj".
   1:7>Target "ResolveLockFileReferences" in file "C:\Program Files\dotnet\sdk\10.0.201\Sdks\Microsoft.NET.Sdk\targets\Microsoft.PackageDependencyResolution.targets" from project "C:\Users\chuck\scratch\ETL-SQL\src\ETL-SQL.Engine\ETL-SQL.Engine.csproj" (target "ResolvePackageDependenciesForBuild" depends on it):
       Using "JoinItems" task from assembly "C:\Program Files\dotnet\sdk\10.0.201\Sdks\Microsoft.NET.Sdk\targets\..\tools\net10.0\Microsoft.NET.Build.Tasks.dll".
       Task "JoinItems"
       Done executing task "JoinItems".
   1:7>Done building target "ResolveLockFileReferences" in project "ETL-SQL.Engine.csproj".
       Target "ResolvePackageAssets" skipped. Previously built successfully.
   1:7>Target "ResolveLockFileAnalyzers" in file "C:\Program Files\dotnet\sdk\10.0.201\Sdks\Microsoft.NET.Sdk\targets\Microsoft.PackageDependencyResolution.targets" from project "C:\Users\chuck\scratch\ETL-SQL\src\ETL-SQL.Engine\ETL-SQL.Engine.csproj" (target "ResolvePackageDependenciesForBuild" depends on it):
   1:7>Done building target "ResolveLockFileAnalyzers" in project "ETL-SQL.Engine.csproj".
       Target "ResolvePackageAssets" skipped. Previously built successfully.
   1:7>Target "ResolveLockFileCopyLocalFiles" in file "C:\Program Files\dotnet\sdk\10.0.201\Sdks\Microsoft.NET.Sdk\targets\Microsoft.PackageDependencyResolution.targets" from project "C:\Users\chuck\scratch\ETL-SQL\src\ETL-SQL.Engine\ETL-SQL.Engine.csproj" (target "ResolvePackageDependenciesForBuild" depends on it):
   1:7>Done building target "ResolveLockFileCopyLocalFiles" in project "ETL-SQL.Engine.csproj".
       Target "ResolvePackageAssets" skipped. Previously built successfully.
   1:7>Target "IncludeTransitiveProjectReferences" in file "C:\Program Files\dotnet\sdk\10.0.201\Sdks\Microsoft.NET.Sdk\targets\Microsoft.PackageDependencyResolution.targets" from project "C:\Users\chuck\scratch\ETL-SQL\src\ETL-SQL.Engine\ETL-SQL.Engine.csproj" (target "ResolvePackageDependenciesForBuild" depends on it):
   1:7>Done building target "IncludeTransitiveProjectReferences" in project "ETL-SQL.Engine.csproj".
   1:7>Target "ResolvePackageDependenciesForBuild" in file "C:\Program Files\dotnet\sdk\10.0.201\Sdks\Microsoft.NET.Sdk\targets\Microsoft.PackageDependencyResolution.targets" from project "C:\Users\chuck\scratch\ETL-SQL\src\ETL-SQL.Engine\ETL-SQL.Engine.csproj" (target "AssignProjectConfiguration" depends on it):
   1:7>Done building target "ResolvePackageDependenciesForBuild" in project "ETL-SQL.Engine.csproj".
   1:7>Target "AssignProjectConfiguration" in file "C:\Program Files\dotnet\sdk\10.0.201\Microsoft.Common.CurrentVersion.targets" from project "C:\Users\chuck\scratch\ETL-SQL\src\ETL-SQL.Engine\ETL-SQL.Engine.csproj" (target "ResolveReferences" depends on it):
       Using "AssignProjectConfiguration" task from assembly "Microsoft.Build.Tasks.Core, Version=15.1.0.0, Culture=neutral, PublicKeyToken=b03f5f7f11d50a3a".
       Task "AssignProjectConfiguration"
         Project reference "..\ETL-SQL.Core\ETL-SQL.Core.csproj" has not been resolved.
       Done executing task "AssignProjectConfiguration".
   1:7>Done building target "AssignProjectConfiguration" in project "ETL-SQL.Engine.csproj".
       Target "AssignProjectConfiguration" skipped. Previously built successfully.
   1:7>Target "_SplitProjectReferencesByFileExistence" in file "C:\Program Files\dotnet\sdk\10.0.201\Microsoft.Common.CurrentVersion.targets" from project "C:\Users\chuck\scratch\ETL-SQL\src\ETL-SQL.Engine\ETL-SQL.Engine.csproj" (target "PrepareProjectReferences" depends on it):
   1:7>Done building target "_SplitProjectReferencesByFileExistence" in project "ETL-SQL.Engine.csproj".
   1:7>Target "_AddOutputPathToGlobalPropertiesToRemove" in file "C:\Program Files\dotnet\sdk\10.0.201\Microsoft.Common.CurrentVersion.targets" from project "C:\Users\chuck\scratch\ETL-SQL\src\ETL-SQL.Engine\ETL-SQL.Engine.csproj" (target "_GetProjectReferenceTargetFrameworkProperties" depends on it):
   1:7>Done building target "_AddOutputPathToGlobalPropertiesToRemove" in project "ETL-SQL.Engine.csproj".
   1:7>Target "_GetProjectReferenceTargetFrameworkProperties" in file "C:\Program Files\dotnet\sdk\10.0.201\Microsoft.Common.CurrentVersion.targets" from project "C:\Users\chuck\scratch\ETL-SQL\src\ETL-SQL.Engine\ETL-SQL.Engine.csproj" (target "PrepareProjectReferences" depends on it):
       Task "MSBuild"
         Removing Properties:
           TargetFramework
           RuntimeIdentifier
           SelfContained
     0>C:\Program Files\dotnet\sdk\10.0.201\Sdks\Microsoft.NET.Sdk\Sdk\Sdk.props(49,11): message : Property 'MSBuildExtensionsPath' with value 'C:\Program Files\dotnet\sdk\10.0.201\' expanded from the environment.
       C:\Program Files\dotnet\sdk\10.0.201\Current\Microsoft.Common.props(60,5): message : Property reassignment: $(MSBuildProjectExtensionsPath)="C:\Users\chuck\scratch\ETL-SQL\src\ETL-SQL.Core\obj\" (previous value: "obj\") at C:\Program Files\dotnet\sdk\10.0.201\Current\Microsoft.Common.props (60,5)
       C:\Users\chuck\scratch\ETL-SQL\src\ETL-SQL.Core\obj\ETL-SQL.Core.csproj.nuget.g.props(7,5): message : Property 'USERPROFILE' with value 'C:\Users\chuck' expanded from the environment.
       C:\Program Files\dotnet\sdk\10.0.201\Current\Microsoft.Common.props(84,119): message : Property 'MSBuildUserExtensionsPath' with value 'C:\Users\chuck\AppData\Local\Microsoft\MSBuild' expanded from the environment.
       C:\Program Files\dotnet\sdk\10.0.201\Sdks\Microsoft.NET.Sdk\targets\Microsoft.NET.Sdk.props(90,5): message : Property reassignment: $(AssemblySearchPaths)="{CandidateAssemblyFiles};{HintPathFromItem}" (previous value: "{CandidateAssemblyFiles}") at C:\Program Files\dotnet\sdk\10.0.201\Sdks\Microsoft.NET.Sdk\targets\Microsoft.NET.Sdk.props (90,5)
       C:\Program Files\dotnet\sdk\10.0.201\Sdks\Microsoft.NET.Sdk\targets\Microsoft.NET.Sdk.props(91,5): message : Property reassignment: $(AssemblySearchPaths)="{CandidateAssemblyFiles};{HintPathFromItem};{TargetFrameworkDirectory}" (previous value: "{CandidateAssemblyFiles};{HintPathFromItem}") at C:\Program Files\dotnet\sdk\10.0.201\Sdks\Microsoft.NET.Sdk\targets\Microsoft.NET.Sdk.props (91,5)
       C:\Program Files\dotnet\sdk\10.0.201\Sdks\Microsoft.NET.Sdk\targets\Microsoft.NET.Sdk.props(92,5): message : Property reassignment: $(AssemblySearchPaths)="{CandidateAssemblyFiles};{HintPathFromItem};{TargetFrameworkDirectory};{RawFileName}" (previous value: "{CandidateAssemblyFiles};{HintPathFromItem};{TargetFrameworkDirectory}") at C:\Program Files\dotnet\sdk\10.0.201\Sdks\Microsoft.NET.Sdk\targets\Microsoft.NET.Sdk.props (92,5)
       C:\Users\chuck\scratch\ETL-SQL\src\ETL-SQL.Core\ETL-SQL.Core.csproj(7,5): message : Property reassignment: $(RootNamespace)="ETL_SQL.Core" (previous value: "ETL-SQL.Core") at C:\Users\chuck\scratch\ETL-SQL\src\ETL-SQL.Core\ETL-SQL.Core.csproj (7,5)
       C:\Program Files\dotnet\sdk\10.0.201\Sdks\Microsoft.NET.Sdk\targets\Microsoft.NET.Sdk.ImportPublishProfile.targets(28,5): message : Property reassignment: $(PublishProfileImported)="false" (previous value: "true") at C:\Program Files\dotnet\sdk\10.0.201\Sdks\Microsoft.NET.Sdk\targets\Microsoft.NET.Sdk.ImportPublishProfile.targets (28,5)
       C:\Program Files\dotnet\sdk\10.0.201\Sdks\Microsoft.NET.Sdk\targets\Microsoft.NET.TargetFrameworkInference.targets(81,5): message : Property reassignment: $(TargetPlatformVersion)="" (previous value: "0.0") at C:\Program Files\dotnet\sdk\10.0.201\Sdks\Microsoft.NET.Sdk\targets\Microsoft.NET.TargetFrameworkInference.targets (81,5)
       C:\Program Files\dotnet\sdk\10.0.201\Sdks\Microsoft.NET.Sdk\targets\Microsoft.NET.DefaultOutputPaths.targets(127,5): message : Property reassignment: $(DefaultItemExcludes)=";bin\Debug\/**;obj\Debug\/**" (previous value: ";bin\Debug\/**") at C:\Program Files\dotnet\sdk\10.0.201\Sdks\Microsoft.NET.Sdk\targets\Microsoft.NET.DefaultOutputPaths.targets (127,5)
       C:\Program Files\dotnet\sdk\10.0.201\Sdks\Microsoft.NET.Sdk\targets\Microsoft.NET.DefaultOutputPaths.targets(142,5): message : Property reassignment: $(OutputPath)="bin\Debug\net10.0\" (previous value: "bin\Debug\") at C:\Program Files\dotnet\sdk\10.0.201\Sdks\Microsoft.NET.Sdk\targets\Microsoft.NET.DefaultOutputPaths.targets (142,5)
       C:\Program Files\dotnet\sdk\10.0.201\Sdks\Microsoft.NET.Sdk\targets\Microsoft.NET.DefaultOutputPaths.targets(147,5): message : Property reassignment: $(IntermediateOutputPath)="obj\Debug\net10.0\" (previous value: "obj\Debug\") at C:\Program Files\dotnet\sdk\10.0.201\Sdks\Microsoft.NET.Sdk\targets\Microsoft.NET.DefaultOutputPaths.targets (147,5)
       C:\Program Files\dotnet\sdk\10.0.201\Sdks\Microsoft.NET.Sdk\targets\Microsoft.NET.Sdk.BeforeCommon.targets(379,5): message : Property reassignment: $(RoslynTargetsPath)="C:\Program Files\dotnet\sdk\10.0.201\Sdks\Microsoft.NET.Sdk\targets\..\..\..\Roslyn" (previous value: "C:\Program Files\dotnet\sdk\10.0.201\Roslyn") at C:\Program Files\dotnet\sdk\10.0.201\Sdks\Microsoft.NET.Sdk\targets\Microsoft.NET.Sdk.BeforeCommon.targets (379,5)
       C:\Program Files\dotnet\sdk\10.0.201\Roslyn\Microsoft.Managed.Core.targets(6,5): message : Property reassignment: $(_BuildTasksDirectory)="C:\Program Files\dotnet\sdk\10.0.201\Sdks\Microsoft.NET.Sdk\targets\..\..\..\Roslyn\" (previous value: "C:\Program Files\dotnet\sdk\10.0.201\Roslyn\") at C:\Program Files\dotnet\sdk\10.0.201\Roslyn\Microsoft.Managed.Core.targets (6,5)
       C:\Program Files\dotnet\sdk\10.0.201\Roslyn\Microsoft.CSharp.Core.targets(205,5): message : Property reassignment: $(CommandLineArgsForDesignTimeEvaluation)="-langversion:14.0 -define:TRACE" (previous value: "-langversion:14.0") at C:\Program Files\dotnet\sdk\10.0.201\Roslyn\Microsoft.CSharp.Core.targets (205,5)
       C:\Program Files\dotnet\sdk\10.0.201\Microsoft.Common.CurrentVersion.targets(175,5): message : Property reassignment: $(_DebugSymbolsProduced)="true" (previous value: "false") at C:\Program Files\dotnet\sdk\10.0.201\Microsoft.Common.CurrentVersion.targets (175,5)
       C:\Program Files\dotnet\sdk\10.0.201\Microsoft.Common.CurrentVersion.targets(185,5): message : Property reassignment: $(_DocumentationFileProduced)="false" (previous value: "true") at C:\Program Files\dotnet\sdk\10.0.201\Microsoft.Common.CurrentVersion.targets (185,5)
       C:\Program Files\dotnet\sdk\10.0.201\Microsoft.Common.CurrentVersion.targets(392,5): message : Property reassignment: $(MSBuildCopyMarkerName)="ETL-SQL..1BB1E47C" (previous value: "ETL-SQL.Core.csproj") at C:\Program Files\dotnet\sdk\10.0.201\Microsoft.Common.CurrentVersion.targets (392,5)
       C:\Program Files\dotnet\sdk\10.0.201\Microsoft.Common.CurrentVersion.targets(393,5): message : Property reassignment: $(MSBuildCopyMarkerName)="ETL-SQL..1BB1E47C.Up2Date" (previous value: "ETL-SQL..1BB1E47C") at C:\Program Files\dotnet\sdk\10.0.201\Microsoft.Common.CurrentVersion.targets (393,5)
       C:\Program Files\dotnet\sdk\10.0.201\Microsoft.Common.CurrentVersion.targets(541,5): message : Property reassignment: $(ProcessorArchitecture)="msil" (previous value: "") at C:\Program Files\dotnet\sdk\10.0.201\Microsoft.Common.CurrentVersion.targets (541,5)
       C:\Program Files\dotnet\sdk\10.0.201\Microsoft.Common.CurrentVersion.targets(580,5): message : Property reassignment: $(DelaySign)="" (previous value: "false") at C:\Program Files\dotnet\sdk\10.0.201\Microsoft.Common.CurrentVersion.targets (580,5)
       C:\Program Files\dotnet\sdk\10.0.201\Microsoft.Common.CurrentVersion.targets(2620,5): message : Property 'LOCALAPPDATA' with value 'C:\Users\chuck\AppData\Local' expanded from the environment.
       C:\Program Files\dotnet\sdk\10.0.201\Microsoft.Common.CurrentVersion.targets(3948,5): message : Property reassignment: $(_SGenGenerateSerializationAssembliesConfig)="Auto" (previous value: "") at C:\Program Files\dotnet\sdk\10.0.201\Microsoft.Common.CurrentVersion.targets (3948,5)
       C:\Program Files\dotnet\sdk\10.0.201\Microsoft.Common.CurrentVersion.targets(3949,5): message : Property reassignment: $(_SGenGenerateSerializationAssembliesConfig)="Off" (previous value: "Auto") at C:\Program Files\dotnet\sdk\10.0.201\Microsoft.Common.CurrentVersion.targets (3949,5)
       C:\Program Files\dotnet\sdk\10.0.201\Microsoft.Common.CurrentVersion.targets(5160,5): message : Property reassignment: $(_TargetsThatPrepareProjectReferences)="
       C:\Program Files\dotnet\sdk\10.0.201\Microsoft.Common.CurrentVersion.targets(5160,5): message :       AssignProjectConfiguration;
       C:\Program Files\dotnet\sdk\10.0.201\Microsoft.Common.CurrentVersion.targets(5160,5): message :       _SplitProjectReferencesByFileExistence
       C:\Program Files\dotnet\sdk\10.0.201\Microsoft.Common.CurrentVersion.targets(5160,5): message :     " (previous value: "_SplitProjectReferencesByFileExistence") at C:\Program Files\dotnet\sdk\10.0.201\Microsoft.Common.CurrentVersion.targets (5160,5)
       C:\Program Files\dotnet\sdk\10.0.201\Microsoft.Common.CurrentVersion.targets(6973,5): message : Property 'MSBuildExtensionsPath32' with value 'C:\Program Files\dotnet\sdk\10.0.201' expanded from the environment.
       The "NuGetInteractive" property is a global property, and cannot be modified.
       C:\Program Files\dotnet\sdk\10.0.201\Sdks\Microsoft.NET.Sdk\targets\Microsoft.PackageDependencyResolution.targets(29,5): message : Property reassignment: $(ProjectAssetsCacheFile)="C:\Users\chuck\scratch\ETL-SQL\src\ETL-SQL.Core\obj\Debug\net10.0\ETL-SQL.Core.assets.cache" (previous value: "obj\Debug\net10.0\ETL-SQL.Core.assets.cache") at C:\Program Files\dotnet\sdk\10.0.201\Sdks\Microsoft.NET.Sdk\targets\Microsoft.PackageDependencyResolution.targets (29,5)
       C:\Program Files\dotnet\sdk\10.0.201\Sdks\Microsoft.NET.Sdk\targets\Microsoft.PackageDependencyResolution.targets(80,5): message : Property reassignment: $(ResolveAssemblyReferencesDependsOn)="
       C:\Program Files\dotnet\sdk\10.0.201\Sdks\Microsoft.NET.Sdk\targets\Microsoft.PackageDependencyResolution.targets(80,5): message :       
       C:\Program Files\dotnet\sdk\10.0.201\Sdks\Microsoft.NET.Sdk\targets\Microsoft.PackageDependencyResolution.targets(80,5): message :       ResolveProjectReferences;
       C:\Program Files\dotnet\sdk\10.0.201\Sdks\Microsoft.NET.Sdk\targets\Microsoft.PackageDependencyResolution.targets(80,5): message :       FindInvalidProjectReferences;
       C:\Program Files\dotnet\sdk\10.0.201\Sdks\Microsoft.NET.Sdk\targets\Microsoft.PackageDependencyResolution.targets(80,5): message :       GetFrameworkPaths;
       C:\Program Files\dotnet\sdk\10.0.201\Sdks\Microsoft.NET.Sdk\targets\Microsoft.PackageDependencyResolution.targets(80,5): message :       GetReferenceAssemblyPaths;
       C:\Program Files\dotnet\sdk\10.0.201\Sdks\Microsoft.NET.Sdk\targets\Microsoft.PackageDependencyResolution.targets(80,5): message :       PrepareForBuild;
       C:\Program Files\dotnet\sdk\10.0.201\Sdks\Microsoft.NET.Sdk\targets\Microsoft.PackageDependencyResolution.targets(80,5): message :       ResolveSDKReferences;
       C:\Program Files\dotnet\sdk\10.0.201\Sdks\Microsoft.NET.Sdk\targets\Microsoft.PackageDependencyResolution.targets(80,5): message :       ExpandSDKReferences;
       C:\Program Files\dotnet\sdk\10.0.201\Sdks\Microsoft.NET.Sdk\targets\Microsoft.PackageDependencyResolution.targets(80,5): message :     ;
       C:\Program Files\dotnet\sdk\10.0.201\Sdks\Microsoft.NET.Sdk\targets\Microsoft.PackageDependencyResolution.targets(80,5): message :       ResolvePackageDependenciesForBuild;
       C:\Program Files\dotnet\sdk\10.0.201\Sdks\Microsoft.NET.Sdk\targets\Microsoft.PackageDependencyResolution.targets(80,5): message :       _HandlePackageFileConflicts;
       C:\Program Files\dotnet\sdk\10.0.201\Sdks\Microsoft.NET.Sdk\targets\Microsoft.PackageDependencyResolution.targets(80,5): message :     " (previous value: "
       C:\Program Files\dotnet\sdk\10.0.201\Sdks\Microsoft.NET.Sdk\targets\Microsoft.PackageDependencyResolution.targets(80,5): message :       ResolveProjectReferences;
       C:\Program Files\dotnet\sdk\10.0.201\Sdks\Microsoft.NET.Sdk\targets\Microsoft.PackageDependencyResolution.targets(80,5): message :       FindInvalidProjectReferences;
       C:\Program Files\dotnet\sdk\10.0.201\Sdks\Microsoft.NET.Sdk\targets\Microsoft.PackageDependencyResolution.targets(80,5): message :       GetFrameworkPaths;
       C:\Program Files\dotnet\sdk\10.0.201\Sdks\Microsoft.NET.Sdk\targets\Microsoft.PackageDependencyResolution.targets(80,5): message :       GetReferenceAssemblyPaths;
       C:\Program Files\dotnet\sdk\10.0.201\Sdks\Microsoft.NET.Sdk\targets\Microsoft.PackageDependencyResolution.targets(80,5): message :       PrepareForBuild;
       C:\Program Files\dotnet\sdk\10.0.201\Sdks\Microsoft.NET.Sdk\targets\Microsoft.PackageDependencyResolution.targets(80,5): message :       ResolveSDKReferences;
       C:\Program Files\dotnet\sdk\10.0.201\Sdks\Microsoft.NET.Sdk\targets\Microsoft.PackageDependencyResolution.targets(80,5): message :       ExpandSDKReferences;
       C:\Program Files\dotnet\sdk\10.0.201\Sdks\Microsoft.NET.Sdk\targets\Microsoft.PackageDependencyResolution.targets(80,5): message :     ") at C:\Program Files\dotnet\sdk\10.0.201\Sdks\Microsoft.NET.Sdk\targets\Microsoft.PackageDependencyResolution.targets (80,5)
       C:\Program Files\dotnet\sdk\10.0.201\Sdks\Microsoft.NET.Sdk\targets\Microsoft.PackageDependencyResolution.targets(86,5): message : Property reassignment: $(PrepareResourcesDependsOn)="
       C:\Program Files\dotnet\sdk\10.0.201\Sdks\Microsoft.NET.Sdk\targets\Microsoft.PackageDependencyResolution.targets(86,5): message :       ResolvePackageDependenciesForBuild;
       C:\Program Files\dotnet\sdk\10.0.201\Sdks\Microsoft.NET.Sdk\targets\Microsoft.PackageDependencyResolution.targets(86,5): message :       _HandlePackageFileConflicts;
       C:\Program Files\dotnet\sdk\10.0.201\Sdks\Microsoft.NET.Sdk\targets\Microsoft.PackageDependencyResolution.targets(86,5): message :       
       C:\Program Files\dotnet\sdk\10.0.201\Sdks\Microsoft.NET.Sdk\targets\Microsoft.PackageDependencyResolution.targets(86,5): message :       ;
       C:\Program Files\dotnet\sdk\10.0.201\Sdks\Microsoft.NET.Sdk\targets\Microsoft.PackageDependencyResolution.targets(86,5): message :       PrepareResourceNames;
       C:\Program Files\dotnet\sdk\10.0.201\Sdks\Microsoft.NET.Sdk\targets\Microsoft.PackageDependencyResolution.targets(86,5): message :       ResGen;
       C:\Program Files\dotnet\sdk\10.0.201\Sdks\Microsoft.NET.Sdk\targets\Microsoft.PackageDependencyResolution.targets(86,5): message :       CompileLicxFiles
       C:\Program Files\dotnet\sdk\10.0.201\Sdks\Microsoft.NET.Sdk\targets\Microsoft.PackageDependencyResolution.targets(86,5): message :     
       C:\Program Files\dotnet\sdk\10.0.201\Sdks\Microsoft.NET.Sdk\targets\Microsoft.PackageDependencyResolution.targets(86,5): message :     " (previous value: "
       C:\Program Files\dotnet\sdk\10.0.201\Sdks\Microsoft.NET.Sdk\targets\Microsoft.PackageDependencyResolution.targets(86,5): message :       ;
       C:\Program Files\dotnet\sdk\10.0.201\Sdks\Microsoft.NET.Sdk\targets\Microsoft.PackageDependencyResolution.targets(86,5): message :       PrepareResourceNames;
       C:\Program Files\dotnet\sdk\10.0.201\Sdks\Microsoft.NET.Sdk\targets\Microsoft.PackageDependencyResolution.targets(86,5): message :       ResGen;
       C:\Program Files\dotnet\sdk\10.0.201\Sdks\Microsoft.NET.Sdk\targets\Microsoft.PackageDependencyResolution.targets(86,5): message :       CompileLicxFiles
       C:\Program Files\dotnet\sdk\10.0.201\Sdks\Microsoft.NET.Sdk\targets\Microsoft.PackageDependencyResolution.targets(86,5): message :     ") at C:\Program Files\dotnet\sdk\10.0.201\Sdks\Microsoft.NET.Sdk\targets\Microsoft.PackageDependencyResolution.targets (86,5)
       C:\Program Files\dotnet\sdk\10.0.201\Sdks\Microsoft.NET.Sdk\targets\Microsoft.NET.Sdk.DefaultItems.targets(35,5): message : Property reassignment: $(DefaultItemExcludes)=";bin\Debug\/**;obj\Debug\/**;bin\/**" (previous value: ";bin\Debug\/**;obj\Debug\/**") at C:\Program Files\dotnet\sdk\10.0.201\Sdks\Microsoft.NET.Sdk\targets\Microsoft.NET.Sdk.DefaultItems.targets (35,5)
       C:\Program Files\dotnet\sdk\10.0.201\Sdks\Microsoft.NET.Sdk\targets\Microsoft.NET.Sdk.DefaultItems.targets(37,5): message : Property reassignment: $(DefaultItemExcludes)=";bin\Debug\/**;obj\Debug\/**;bin\/**;obj\/**" (previous value: ";bin\Debug\/**;obj\Debug\/**;bin\/**") at C:\Program Files\dotnet\sdk\10.0.201\Sdks\Microsoft.NET.Sdk\targets\Microsoft.NET.Sdk.DefaultItems.targets (37,5)
       C:\Program Files\dotnet\sdk\10.0.201\Sdks\Microsoft.NET.Sdk\targets\Microsoft.NET.Sdk.DefaultItems.targets(41,5): message : Property reassignment: $(DefaultItemExcludes)=";bin\Debug\/**;obj\Debug\/**;bin\/**;obj\/**;bin\Debug\net10.0\publish\/**" (previous value: ";bin\Debug\/**;obj\Debug\/**;bin\/**;obj\/**") at C:\Program Files\dotnet\sdk\10.0.201\Sdks\Microsoft.NET.Sdk\targets\Microsoft.NET.Sdk.DefaultItems.targets (41,5)
       C:\Program Files\dotnet\sdk\10.0.201\Sdks\Microsoft.NET.Sdk\targets\Microsoft.NET.Sdk.DefaultItems.targets(44,5): message : Property reassignment: $(DefaultItemExcludes)=";bin\Debug\/**;obj\Debug\/**;bin\/**;obj\/**;bin\Debug\net10.0\publish\/**;**/*.user" (previous value: ";bin\Debug\/**;obj\Debug\/**;bin\/**;obj\/**;bin\Debug\net10.0\publish\/**") at C:\Program Files\dotnet\sdk\10.0.201\Sdks\Microsoft.NET.Sdk\targets\Microsoft.NET.Sdk.DefaultItems.targets (44,5)
       C:\Program Files\dotnet\sdk\10.0.201\Sdks\Microsoft.NET.Sdk\targets\Microsoft.NET.Sdk.DefaultItems.targets(45,5): message : Property reassignment: $(DefaultItemExcludes)=";bin\Debug\/**;obj\Debug\/**;bin\/**;obj\/**;bin\Debug\net10.0\publish\/**;**/*.user;**/*.*proj" (previous value: ";bin\Debug\/**;obj\Debug\/**;bin\/**;obj\/**;bin\Debug\net10.0\publish\/**;**/*.user") at C:\Program Files\dotnet\sdk\10.0.201\Sdks\Microsoft.NET.Sdk\targets\Microsoft.NET.Sdk.DefaultItems.targets (45,5)
       C:\Program Files\dotnet\sdk\10.0.201\Sdks\Microsoft.NET.Sdk\targets\Microsoft.NET.Sdk.DefaultItems.targets(46,5): message : Property reassignment: $(DefaultItemExcludes)=";bin\Debug\/**;obj\Debug\/**;bin\/**;obj\/**;bin\Debug\net10.0\publish\/**;**/*.user;**/*.*proj;**/*.sln" (previous value: ";bin\Debug\/**;obj\Debug\/**;bin\/**;obj\/**;bin\Debug\net10.0\publish\/**;**/*.user;**/*.*proj") at C:\Program Files\dotnet\sdk\10.0.201\Sdks\Microsoft.NET.Sdk\targets\Microsoft.NET.Sdk.DefaultItems.targets (46,5)
       C:\Program Files\dotnet\sdk\10.0.201\Sdks\Microsoft.NET.Sdk\targets\Microsoft.NET.Sdk.DefaultItems.targets(47,5): message : Property reassignment: $(DefaultItemExcludes)=";bin\Debug\/**;obj\Debug\/**;bin\/**;obj\/**;bin\Debug\net10.0\publish\/**;**/*.user;**/*.*proj;**/*.sln;**/*.slnx" (previous value: ";bin\Debug\/**;obj\Debug\/**;bin\/**;obj\/**;bin\Debug\net10.0\publish\/**;**/*.user;**/*.*proj;**/*.sln") at C:\Program Files\dotnet\sdk\10.0.201\Sdks\Microsoft.NET.Sdk\targets\Microsoft.NET.Sdk.DefaultItems.targets (47,5)
       C:\Program Files\dotnet\sdk\10.0.201\Sdks\Microsoft.NET.Sdk\targets\Microsoft.NET.Sdk.DefaultItems.targets(48,5): message : Property reassignment: $(DefaultItemExcludes)=";bin\Debug\/**;obj\Debug\/**;bin\/**;obj\/**;bin\Debug\net10.0\publish\/**;**/*.user;**/*.*proj;**/*.sln;**/*.slnx;**/*.vssscc" (previous value: ";bin\Debug\/**;obj\Debug\/**;bin\/**;obj\/**;bin\Debug\net10.0\publish\/**;**/*.user;**/*.*proj;**/*.sln;**/*.slnx") at C:\Program Files\dotnet\sdk\10.0.201\Sdks\Microsoft.NET.Sdk\targets\Microsoft.NET.Sdk.DefaultItems.targets (48,5)
       C:\Program Files\dotnet\sdk\10.0.201\Sdks\Microsoft.NET.Sdk\targets\Microsoft.NET.Sdk.DefaultItems.targets(49,5): message : Property reassignment: $(DefaultItemExcludes)=";bin\Debug\/**;obj\Debug\/**;bin\/**;obj\/**;bin\Debug\net10.0\publish\/**;**/*.user;**/*.*proj;**/*.sln;**/*.slnx;**/*.vssscc;**/.DS_Store" (previous value: ";bin\Debug\/**;obj\Debug\/**;bin\/**;obj\/**;bin\Debug\net10.0\publish\/**;**/*.user;**/*.*proj;**/*.sln;**/*.slnx;**/*.vssscc") at C:\Program Files\dotnet\sdk\10.0.201\Sdks\Microsoft.NET.Sdk\targets\Microsoft.NET.Sdk.DefaultItems.targets (49,5)
       C:\Program Files\dotnet\sdk\10.0.201\Sdks\Microsoft.NET.Sdk\targets\Microsoft.NET.Sdk.FrameworkReferenceResolution.targets(14,5): message : Property reassignment: $(ResolveAssemblyReferencesDependsOn)="
       C:\Program Files\dotnet\sdk\10.0.201\Sdks\Microsoft.NET.Sdk\targets\Microsoft.NET.Sdk.FrameworkReferenceResolution.targets(14,5): message :       
       C:\Program Files\dotnet\sdk\10.0.201\Sdks\Microsoft.NET.Sdk\targets\Microsoft.NET.Sdk.FrameworkReferenceResolution.targets(14,5): message :       
       C:\Program Files\dotnet\sdk\10.0.201\Sdks\Microsoft.NET.Sdk\targets\Microsoft.NET.Sdk.FrameworkReferenceResolution.targets(14,5): message :       ResolveProjectReferences;
       C:\Program Files\dotnet\sdk\10.0.201\Sdks\Microsoft.NET.Sdk\targets\Microsoft.NET.Sdk.FrameworkReferenceResolution.targets(14,5): message :       FindInvalidProjectReferences;
       C:\Program Files\dotnet\sdk\10.0.201\Sdks\Microsoft.NET.Sdk\targets\Microsoft.NET.Sdk.FrameworkReferenceResolution.targets(14,5): message :       GetFrameworkPaths;
       C:\Program Files\dotnet\sdk\10.0.201\Sdks\Microsoft.NET.Sdk\targets\Microsoft.NET.Sdk.FrameworkReferenceResolution.targets(14,5): message :       GetReferenceAssemblyPaths;
       C:\Program Files\dotnet\sdk\10.0.201\Sdks\Microsoft.NET.Sdk\targets\Microsoft.NET.Sdk.FrameworkReferenceResolution.targets(14,5): message :       PrepareForBuild;
       C:\Program Files\dotnet\sdk\10.0.201\Sdks\Microsoft.NET.Sdk\targets\Microsoft.NET.Sdk.FrameworkReferenceResolution.targets(14,5): message :       ResolveSDKReferences;
       C:\Program Files\dotnet\sdk\10.0.201\Sdks\Microsoft.NET.Sdk\targets\Microsoft.NET.Sdk.FrameworkReferenceResolution.targets(14,5): message :       ExpandSDKReferences;
       C:\Program Files\dotnet\sdk\10.0.201\Sdks\Microsoft.NET.Sdk\targets\Microsoft.NET.Sdk.FrameworkReferenceResolution.targets(14,5): message :     ;
       C:\Program Files\dotnet\sdk\10.0.201\Sdks\Microsoft.NET.Sdk\targets\Microsoft.NET.Sdk.FrameworkReferenceResolution.targets(14,5): message :       ResolvePackageDependenciesForBuild;
       C:\Program Files\dotnet\sdk\10.0.201\Sdks\Microsoft.NET.Sdk\targets\Microsoft.NET.Sdk.FrameworkReferenceResolution.targets(14,5): message :       _HandlePackageFileConflicts;
       C:\Program Files\dotnet\sdk\10.0.201\Sdks\Microsoft.NET.Sdk\targets\Microsoft.NET.Sdk.FrameworkReferenceResolution.targets(14,5): message :     ;
       C:\Program Files\dotnet\sdk\10.0.201\Sdks\Microsoft.NET.Sdk\targets\Microsoft.NET.Sdk.FrameworkReferenceResolution.targets(14,5): message :       ResolveTargetingPackAssets;
       C:\Program Files\dotnet\sdk\10.0.201\Sdks\Microsoft.NET.Sdk\targets\Microsoft.NET.Sdk.FrameworkReferenceResolution.targets(14,5): message :     " (previous value: "
       C:\Program Files\dotnet\sdk\10.0.201\Sdks\Microsoft.NET.Sdk\targets\Microsoft.NET.Sdk.FrameworkReferenceResolution.targets(14,5): message :       
       C:\Program Files\dotnet\sdk\10.0.201\Sdks\Microsoft.NET.Sdk\targets\Microsoft.NET.Sdk.FrameworkReferenceResolution.targets(14,5): message :       ResolveProjectReferences;
       C:\Program Files\dotnet\sdk\10.0.201\Sdks\Microsoft.NET.Sdk\targets\Microsoft.NET.Sdk.FrameworkReferenceResolution.targets(14,5): message :       FindInvalidProjectReferences;
       C:\Program Files\dotnet\sdk\10.0.201\Sdks\Microsoft.NET.Sdk\targets\Microsoft.NET.Sdk.FrameworkReferenceResolution.targets(14,5): message :       GetFrameworkPaths;
       C:\Program Files\dotnet\sdk\10.0.201\Sdks\Microsoft.NET.Sdk\targets\Microsoft.NET.Sdk.FrameworkReferenceResolution.targets(14,5): message :       GetReferenceAssemblyPaths;
       C:\Program Files\dotnet\sdk\10.0.201\Sdks\Microsoft.NET.Sdk\targets\Microsoft.NET.Sdk.FrameworkReferenceResolution.targets(14,5): message :       PrepareForBuild;
       C:\Program Files\dotnet\sdk\10.0.201\Sdks\Microsoft.NET.Sdk\targets\Microsoft.NET.Sdk.FrameworkReferenceResolution.targets(14,5): message :       ResolveSDKReferences;
       C:\Program Files\dotnet\sdk\10.0.201\Sdks\Microsoft.NET.Sdk\targets\Microsoft.NET.Sdk.FrameworkReferenceResolution.targets(14,5): message :       ExpandSDKReferences;
       C:\Program Files\dotnet\sdk\10.0.201\Sdks\Microsoft.NET.Sdk\targets\Microsoft.NET.Sdk.FrameworkReferenceResolution.targets(14,5): message :     ;
       C:\Program Files\dotnet\sdk\10.0.201\Sdks\Microsoft.NET.Sdk\targets\Microsoft.NET.Sdk.FrameworkReferenceResolution.targets(14,5): message :       ResolvePackageDependenciesForBuild;
       C:\Program Files\dotnet\sdk\10.0.201\Sdks\Microsoft.NET.Sdk\targets\Microsoft.NET.Sdk.FrameworkReferenceResolution.targets(14,5): message :       _HandlePackageFileConflicts;
       C:\Program Files\dotnet\sdk\10.0.201\Sdks\Microsoft.NET.Sdk\targets\Microsoft.NET.Sdk.FrameworkReferenceResolution.targets(14,5): message :     ") at C:\Program Files\dotnet\sdk\10.0.201\Sdks\Microsoft.NET.Sdk\targets\Microsoft.NET.Sdk.FrameworkReferenceResolution.targets (14,5)
       C:\Program Files\dotnet\sdk\10.0.201\Sdks\Microsoft.NET.Sdk\targets\Microsoft.NET.Sdk.targets(44,5): message : Property reassignment: $(_GenerateRuntimeConfigurationPropertyInputsCache)="C:\Users\chuck\scratch\ETL-SQL\src\ETL-SQL.Core\obj\Debug\net10.0\ETL-SQL.Core.genruntimeconfig.cache" (previous value: "obj\Debug\net10.0\ETL-SQL.Core.genruntimeconfig.cache") at C:\Program Files\dotnet\sdk\10.0.201\Sdks\Microsoft.NET.Sdk\targets\Microsoft.NET.Sdk.targets (44,5)
       C:\Program Files\dotnet\sdk\10.0.201\Sdks\Microsoft.NET.Sdk\targets\Microsoft.NET.Sdk.targets(46,5): message : Property reassignment: $(_GeneratePublishDependencyFilePropertyInputsCache)="C:\Users\chuck\scratch\ETL-SQL\src\ETL-SQL.Core\obj\Debug\net10.0\ETL-SQL.Core.genpublishdeps.cache" (previous value: "obj\Debug\net10.0\ETL-SQL.Core.genpublishdeps.cache") at C:\Program Files\dotnet\sdk\10.0.201\Sdks\Microsoft.NET.Sdk\targets\Microsoft.NET.Sdk.targets (46,5)
       C:\Program Files\dotnet\sdk\10.0.201\Sdks\Microsoft.NET.Sdk\targets\Microsoft.NET.Sdk.targets(48,5): message : Property reassignment: $(_GenerateSingleFileBundlePropertyInputsCache)="C:\Users\chuck\scratch\ETL-SQL\src\ETL-SQL.Core\obj\Debug\net10.0\ETL-SQL.Core.genbundle.cache" (previous value: "obj\Debug\net10.0\ETL-SQL.Core.genbundle.cache") at C:\Program Files\dotnet\sdk\10.0.201\Sdks\Microsoft.NET.Sdk\targets\Microsoft.NET.Sdk.targets (48,5)
       C:\Program Files\dotnet\sdk\10.0.201\Sdks\Microsoft.NET.Sdk\targets\Microsoft.NET.Sdk.targets(81,5): message : Property reassignment: $(GenerateRuntimeConfigDevFile)="false" (previous value: "true") at C:\Program Files\dotnet\sdk\10.0.201\Sdks\Microsoft.NET.Sdk\targets\Microsoft.NET.Sdk.targets (81,5)
       C:\Program Files\dotnet\sdk\10.0.201\Sdks\Microsoft.NET.Sdk\targets\Microsoft.NET.Sdk.targets(98,5): message : Property reassignment: $(_DefaultUserProfileRuntimeStorePath)="C:\Users\chuck" (previous value: "") at C:\Program Files\dotnet\sdk\10.0.201\Sdks\Microsoft.NET.Sdk\targets\Microsoft.NET.Sdk.targets (98,5)
       C:\Program Files\dotnet\sdk\10.0.201\Sdks\Microsoft.NET.Sdk\targets\Microsoft.NET.Sdk.targets(99,5): message : Property reassignment: $(_DefaultUserProfileRuntimeStorePath)="C:\Users\chuck\.dotnet\store" (previous value: "C:\Users\chuck") at C:\Program Files\dotnet\sdk\10.0.201\Sdks\Microsoft.NET.Sdk\targets\Microsoft.NET.Sdk.targets (99,5)
       C:\Program Files\dotnet\sdk\10.0.201\Sdks\Microsoft.NET.Sdk\targets\Microsoft.NET.Sdk.targets(144,5): message : Property reassignment: $(AvailablePlatforms)="Any CPU,x86,x64,ARM32" (previous value: "Any CPU,x86,x64") at C:\Program Files\dotnet\sdk\10.0.201\Sdks\Microsoft.NET.Sdk\targets\Microsoft.NET.Sdk.targets (144,5)
       C:\Program Files\dotnet\sdk\10.0.201\Sdks\Microsoft.NET.Sdk\targets\Microsoft.NET.Sdk.targets(148,5): message : Property reassignment: $(AvailablePlatforms)="Any CPU,x86,x64,ARM32,ARM64" (previous value: "Any CPU,x86,x64,ARM32") at C:\Program Files\dotnet\sdk\10.0.201\Sdks\Microsoft.NET.Sdk\targets\Microsoft.NET.Sdk.targets (148,5)
       C:\Program Files\dotnet\sdk\10.0.201\Sdks\Microsoft.NET.Sdk\targets\Microsoft.NET.Sdk.targets(204,5): message : Property reassignment: $(CoreBuildDependsOn)="
       C:\Program Files\dotnet\sdk\10.0.201\Sdks\Microsoft.NET.Sdk\targets\Microsoft.NET.Sdk.targets(204,5): message :       _CheckForBuildWithNoBuild;
       C:\Program Files\dotnet\sdk\10.0.201\Sdks\Microsoft.NET.Sdk\targets\Microsoft.NET.Sdk.targets(204,5): message :       
       C:\Program Files\dotnet\sdk\10.0.201\Sdks\Microsoft.NET.Sdk\targets\Microsoft.NET.Sdk.targets(204,5): message :       BuildOnlySettings;
       C:\Program Files\dotnet\sdk\10.0.201\Sdks\Microsoft.NET.Sdk\targets\Microsoft.NET.Sdk.targets(204,5): message :       PrepareForBuild;
       C:\Program Files\dotnet\sdk\10.0.201\Sdks\Microsoft.NET.Sdk\targets\Microsoft.NET.Sdk.targets(204,5): message :       PreBuildEvent;
       C:\Program Files\dotnet\sdk\10.0.201\Sdks\Microsoft.NET.Sdk\targets\Microsoft.NET.Sdk.targets(204,5): message :       ResolveReferences;
       C:\Program Files\dotnet\sdk\10.0.201\Sdks\Microsoft.NET.Sdk\targets\Microsoft.NET.Sdk.targets(204,5): message :       PrepareResources;
       C:\Program Files\dotnet\sdk\10.0.201\Sdks\Microsoft.NET.Sdk\targets\Microsoft.NET.Sdk.targets(204,5): message :       ResolveKeySource;
       C:\Program Files\dotnet\sdk\10.0.201\Sdks\Microsoft.NET.Sdk\targets\Microsoft.NET.Sdk.targets(204,5): message :       Compile;
       C:\Program Files\dotnet\sdk\10.0.201\Sdks\Microsoft.NET.Sdk\targets\Microsoft.NET.Sdk.targets(204,5): message :       ExportWindowsMDFile;
       C:\Program Files\dotnet\sdk\10.0.201\Sdks\Microsoft.NET.Sdk\targets\Microsoft.NET.Sdk.targets(204,5): message :       UnmanagedUnregistration;
       C:\Program Files\dotnet\sdk\10.0.201\Sdks\Microsoft.NET.Sdk\targets\Microsoft.NET.Sdk.targets(204,5): message :       GenerateSerializationAssemblies;
       C:\Program Files\dotnet\sdk\10.0.201\Sdks\Microsoft.NET.Sdk\targets\Microsoft.NET.Sdk.targets(204,5): message :       CreateSatelliteAssemblies;
       C:\Program Files\dotnet\sdk\10.0.201\Sdks\Microsoft.NET.Sdk\targets\Microsoft.NET.Sdk.targets(204,5): message :       GenerateManifests;
       C:\Program Files\dotnet\sdk\10.0.201\Sdks\Microsoft.NET.Sdk\targets\Microsoft.NET.Sdk.targets(204,5): message :       GetTargetPath;
       C:\Program Files\dotnet\sdk\10.0.201\Sdks\Microsoft.NET.Sdk\targets\Microsoft.NET.Sdk.targets(204,5): message :       PrepareForRun;
       C:\Program Files\dotnet\sdk\10.0.201\Sdks\Microsoft.NET.Sdk\targets\Microsoft.NET.Sdk.targets(204,5): message :       UnmanagedRegistration;
       C:\Program Files\dotnet\sdk\10.0.201\Sdks\Microsoft.NET.Sdk\targets\Microsoft.NET.Sdk.targets(204,5): message :       IncrementalClean;
       C:\Program Files\dotnet\sdk\10.0.201\Sdks\Microsoft.NET.Sdk\targets\Microsoft.NET.Sdk.targets(204,5): message :       PostBuildEvent
       C:\Program Files\dotnet\sdk\10.0.201\Sdks\Microsoft.NET.Sdk\targets\Microsoft.NET.Sdk.targets(204,5): message :     ;
       C:\Program Files\dotnet\sdk\10.0.201\Sdks\Microsoft.NET.Sdk\targets\Microsoft.NET.Sdk.targets(204,5): message :       GenerateBuildDependencyFile;
       C:\Program Files\dotnet\sdk\10.0.201\Sdks\Microsoft.NET.Sdk\targets\Microsoft.NET.Sdk.targets(204,5): message :       GenerateBuildRuntimeConfigurationFiles
       C:\Program Files\dotnet\sdk\10.0.201\Sdks\Microsoft.NET.Sdk\targets\Microsoft.NET.Sdk.targets(204,5): message :     " (previous value: "
       C:\Program Files\dotnet\sdk\10.0.201\Sdks\Microsoft.NET.Sdk\targets\Microsoft.NET.Sdk.targets(204,5): message :       BuildOnlySettings;
       C:\Program Files\dotnet\sdk\10.0.201\Sdks\Microsoft.NET.Sdk\targets\Microsoft.NET.Sdk.targets(204,5): message :       PrepareForBuild;
       C:\Program Files\dotnet\sdk\10.0.201\Sdks\Microsoft.NET.Sdk\targets\Microsoft.NET.Sdk.targets(204,5): message :       PreBuildEvent;
       C:\Program Files\dotnet\sdk\10.0.201\Sdks\Microsoft.NET.Sdk\targets\Microsoft.NET.Sdk.targets(204,5): message :       ResolveReferences;
       C:\Program Files\dotnet\sdk\10.0.201\Sdks\Microsoft.NET.Sdk\targets\Microsoft.NET.Sdk.targets(204,5): message :       PrepareResources;
       C:\Program Files\dotnet\sdk\10.0.201\Sdks\Microsoft.NET.Sdk\targets\Microsoft.NET.Sdk.targets(204,5): message :       ResolveKeySource;
       C:\Program Files\dotnet\sdk\10.0.201\Sdks\Microsoft.NET.Sdk\targets\Microsoft.NET.Sdk.targets(204,5): message :       Compile;
       C:\Program Files\dotnet\sdk\10.0.201\Sdks\Microsoft.NET.Sdk\targets\Microsoft.NET.Sdk.targets(204,5): message :       ExportWindowsMDFile;
       C:\Program Files\dotnet\sdk\10.0.201\Sdks\Microsoft.NET.Sdk\targets\Microsoft.NET.Sdk.targets(204,5): message :       UnmanagedUnregistration;
       C:\Program Files\dotnet\sdk\10.0.201\Sdks\Microsoft.NET.Sdk\targets\Microsoft.NET.Sdk.targets(204,5): message :       GenerateSerializationAssemblies;
       C:\Program Files\dotnet\sdk\10.0.201\Sdks\Microsoft.NET.Sdk\targets\Microsoft.NET.Sdk.targets(204,5): message :       CreateSatelliteAssemblies;
       C:\Program Files\dotnet\sdk\10.0.201\Sdks\Microsoft.NET.Sdk\targets\Microsoft.NET.Sdk.targets(204,5): message :       GenerateManifests;
       C:\Program Files\dotnet\sdk\10.0.201\Sdks\Microsoft.NET.Sdk\targets\Microsoft.NET.Sdk.targets(204,5): message :       GetTargetPath;
       C:\Program Files\dotnet\sdk\10.0.201\Sdks\Microsoft.NET.Sdk\targets\Microsoft.NET.Sdk.targets(204,5): message :       PrepareForRun;
       C:\Program Files\dotnet\sdk\10.0.201\Sdks\Microsoft.NET.Sdk\targets\Microsoft.NET.Sdk.targets(204,5): message :       UnmanagedRegistration;
       C:\Program Files\dotnet\sdk\10.0.201\Sdks\Microsoft.NET.Sdk\targets\Microsoft.NET.Sdk.targets(204,5): message :       IncrementalClean;
       C:\Program Files\dotnet\sdk\10.0.201\Sdks\Microsoft.NET.Sdk\targets\Microsoft.NET.Sdk.targets(204,5): message :       PostBuildEvent
       C:\Program Files\dotnet\sdk\10.0.201\Sdks\Microsoft.NET.Sdk\targets\Microsoft.NET.Sdk.targets(204,5): message :     ") at C:\Program Files\dotnet\sdk\10.0.201\Sdks\Microsoft.NET.Sdk\targets\Microsoft.NET.Sdk.targets (204,5)
       C:\Program Files\dotnet\sdk\10.0.201\Sdks\Microsoft.NET.Sdk\targets\Microsoft.NET.Sdk.targets(213,5): message : Property reassignment: $(CoreCleanDependsOn)="
       C:\Program Files\dotnet\sdk\10.0.201\Sdks\Microsoft.NET.Sdk\targets\Microsoft.NET.Sdk.targets(213,5): message :       _SdkBeforeClean;
       C:\Program Files\dotnet\sdk\10.0.201\Sdks\Microsoft.NET.Sdk\targets\Microsoft.NET.Sdk.targets(213,5): message :       
       C:\Program Files\dotnet\sdk\10.0.201\Sdks\Microsoft.NET.Sdk\targets\Microsoft.NET.Sdk.targets(213,5): message :     " (previous value: "") at C:\Program Files\dotnet\sdk\10.0.201\Sdks\Microsoft.NET.Sdk\targets\Microsoft.NET.Sdk.targets (213,5)
       C:\Program Files\dotnet\sdk\10.0.201\Sdks\Microsoft.NET.Sdk\targets\Microsoft.NET.Sdk.targets(220,5): message : Property reassignment: $(RebuildDependsOn)="
       C:\Program Files\dotnet\sdk\10.0.201\Sdks\Microsoft.NET.Sdk\targets\Microsoft.NET.Sdk.targets(220,5): message :       _SdkBeforeRebuild;
       C:\Program Files\dotnet\sdk\10.0.201\Sdks\Microsoft.NET.Sdk\targets\Microsoft.NET.Sdk.targets(220,5): message :       
       C:\Program Files\dotnet\sdk\10.0.201\Sdks\Microsoft.NET.Sdk\targets\Microsoft.NET.Sdk.targets(220,5): message :       BeforeRebuild;
       C:\Program Files\dotnet\sdk\10.0.201\Sdks\Microsoft.NET.Sdk\targets\Microsoft.NET.Sdk.targets(220,5): message :       Clean;
       C:\Program Files\dotnet\sdk\10.0.201\Sdks\Microsoft.NET.Sdk\targets\Microsoft.NET.Sdk.targets(220,5): message :       Build;
       C:\Program Files\dotnet\sdk\10.0.201\Sdks\Microsoft.NET.Sdk\targets\Microsoft.NET.Sdk.targets(220,5): message :       AfterRebuild;
       C:\Program Files\dotnet\sdk\10.0.201\Sdks\Microsoft.NET.Sdk\targets\Microsoft.NET.Sdk.targets(220,5): message :     
       C:\Program Files\dotnet\sdk\10.0.201\Sdks\Microsoft.NET.Sdk\targets\Microsoft.NET.Sdk.targets(220,5): message :     " (previous value: "
       C:\Program Files\dotnet\sdk\10.0.201\Sdks\Microsoft.NET.Sdk\targets\Microsoft.NET.Sdk.targets(220,5): message :       BeforeRebuild;
       C:\Program Files\dotnet\sdk\10.0.201\Sdks\Microsoft.NET.Sdk\targets\Microsoft.NET.Sdk.targets(220,5): message :       Clean;
       C:\Program Files\dotnet\sdk\10.0.201\Sdks\Microsoft.NET.Sdk\targets\Microsoft.NET.Sdk.targets(220,5): message :       Build;
       C:\Program Files\dotnet\sdk\10.0.201\Sdks\Microsoft.NET.Sdk\targets\Microsoft.NET.Sdk.targets(220,5): message :       AfterRebuild;
       C:\Program Files\dotnet\sdk\10.0.201\Sdks\Microsoft.NET.Sdk\targets\Microsoft.NET.Sdk.targets(220,5): message :     ") at C:\Program Files\dotnet\sdk\10.0.201\Sdks\Microsoft.NET.Sdk\targets\Microsoft.NET.Sdk.targets (220,5)
       C:\Program Files\dotnet\sdk\10.0.201\Sdks\Microsoft.NET.Sdk\targets\Microsoft.NET.Sdk.targets(799,5): message : Property reassignment: $(CompileDependsOn)="
       C:\Program Files\dotnet\sdk\10.0.201\Sdks\Microsoft.NET.Sdk\targets\Microsoft.NET.Sdk.targets(799,5): message :       
       C:\Program Files\dotnet\sdk\10.0.201\Sdks\Microsoft.NET.Sdk\targets\Microsoft.NET.Sdk.targets(799,5): message :       ResolveReferences;
       C:\Program Files\dotnet\sdk\10.0.201\Sdks\Microsoft.NET.Sdk\targets\Microsoft.NET.Sdk.targets(799,5): message :       ResolveKeySource;
       C:\Program Files\dotnet\sdk\10.0.201\Sdks\Microsoft.NET.Sdk\targets\Microsoft.NET.Sdk.targets(799,5): message :       SetWin32ManifestProperties;
       C:\Program Files\dotnet\sdk\10.0.201\Sdks\Microsoft.NET.Sdk\targets\Microsoft.NET.Sdk.targets(799,5): message :       _SetPreferNativeArm64Win32ManifestProperties;
       C:\Program Files\dotnet\sdk\10.0.201\Sdks\Microsoft.NET.Sdk\targets\Microsoft.NET.Sdk.targets(799,5): message :       FindReferenceAssembliesForReferences;
       C:\Program Files\dotnet\sdk\10.0.201\Sdks\Microsoft.NET.Sdk\targets\Microsoft.NET.Sdk.targets(799,5): message :       _GenerateCompileInputs;
       C:\Program Files\dotnet\sdk\10.0.201\Sdks\Microsoft.NET.Sdk\targets\Microsoft.NET.Sdk.targets(799,5): message :       BeforeCompile;
       C:\Program Files\dotnet\sdk\10.0.201\Sdks\Microsoft.NET.Sdk\targets\Microsoft.NET.Sdk.targets(799,5): message :       _TimeStampBeforeCompile;
       C:\Program Files\dotnet\sdk\10.0.201\Sdks\Microsoft.NET.Sdk\targets\Microsoft.NET.Sdk.targets(799,5): message :       _GenerateCompileDependencyCache;
       C:\Program Files\dotnet\sdk\10.0.201\Sdks\Microsoft.NET.Sdk\targets\Microsoft.NET.Sdk.targets(799,5): message :       CoreCompile;
       C:\Program Files\dotnet\sdk\10.0.201\Sdks\Microsoft.NET.Sdk\targets\Microsoft.NET.Sdk.targets(799,5): message :       _TimeStampAfterCompile;
       C:\Program Files\dotnet\sdk\10.0.201\Sdks\Microsoft.NET.Sdk\targets\Microsoft.NET.Sdk.targets(799,5): message :       AfterCompile;
       C:\Program Files\dotnet\sdk\10.0.201\Sdks\Microsoft.NET.Sdk\targets\Microsoft.NET.Sdk.targets(799,5): message :     ;
       C:\Program Files\dotnet\sdk\10.0.201\Sdks\Microsoft.NET.Sdk\targets\Microsoft.NET.Sdk.targets(799,5): message :       _CreateAppHost;
       C:\Program Files\dotnet\sdk\10.0.201\Sdks\Microsoft.NET.Sdk\targets\Microsoft.NET.Sdk.targets(799,5): message :       _CreateComHost;
       C:\Program Files\dotnet\sdk\10.0.201\Sdks\Microsoft.NET.Sdk\targets\Microsoft.NET.Sdk.targets(799,5): message :       _GetIjwHostPaths;
       C:\Program Files\dotnet\sdk\10.0.201\Sdks\Microsoft.NET.Sdk\targets\Microsoft.NET.Sdk.targets(799,5): message :     " (previous value: "
       C:\Program Files\dotnet\sdk\10.0.201\Sdks\Microsoft.NET.Sdk\targets\Microsoft.NET.Sdk.targets(799,5): message :       ResolveReferences;
       C:\Program Files\dotnet\sdk\10.0.201\Sdks\Microsoft.NET.Sdk\targets\Microsoft.NET.Sdk.targets(799,5): message :       ResolveKeySource;
       C:\Program Files\dotnet\sdk\10.0.201\Sdks\Microsoft.NET.Sdk\targets\Microsoft.NET.Sdk.targets(799,5): message :       SetWin32ManifestProperties;
       C:\Program Files\dotnet\sdk\10.0.201\Sdks\Microsoft.NET.Sdk\targets\Microsoft.NET.Sdk.targets(799,5): message :       _SetPreferNativeArm64Win32ManifestProperties;
       C:\Program Files\dotnet\sdk\10.0.201\Sdks\Microsoft.NET.Sdk\targets\Microsoft.NET.Sdk.targets(799,5): message :       FindReferenceAssembliesForReferences;
       C:\Program Files\dotnet\sdk\10.0.201\Sdks\Microsoft.NET.Sdk\targets\Microsoft.NET.Sdk.targets(799,5): message :       _GenerateCompileInputs;
       C:\Program Files\dotnet\sdk\10.0.201\Sdks\Microsoft.NET.Sdk\targets\Microsoft.NET.Sdk.targets(799,5): message :       BeforeCompile;
       C:\Program Files\dotnet\sdk\10.0.201\Sdks\Microsoft.NET.Sdk\targets\Microsoft.NET.Sdk.targets(799,5): message :       _TimeStampBeforeCompile;
       C:\Program Files\dotnet\sdk\10.0.201\Sdks\Microsoft.NET.Sdk\targets\Microsoft.NET.Sdk.targets(799,5): message :       _GenerateCompileDependencyCache;
       C:\Program Files\dotnet\sdk\10.0.201\Sdks\Microsoft.NET.Sdk\targets\Microsoft.NET.Sdk.targets(799,5): message :       CoreCompile;
       C:\Program Files\dotnet\sdk\10.0.201\Sdks\Microsoft.NET.Sdk\targets\Microsoft.NET.Sdk.targets(799,5): message :       _TimeStampAfterCompile;
       C:\Program Files\dotnet\sdk\10.0.201\Sdks\Microsoft.NET.Sdk\targets\Microsoft.NET.Sdk.targets(799,5): message :       AfterCompile;
       C:\Program Files\dotnet\sdk\10.0.201\Sdks\Microsoft.NET.Sdk\targets\Microsoft.NET.Sdk.targets(799,5): message :     ") at C:\Program Files\dotnet\sdk\10.0.201\Sdks\Microsoft.NET.Sdk\targets\Microsoft.NET.Sdk.targets (799,5)
       C:\Program Files\dotnet\sdk\10.0.201\Sdks\Microsoft.NET.Sdk\targets\Microsoft.NET.Sdk.targets(1131,5): message : Property reassignment: $(CreateSatelliteAssembliesDependsOn)="
       C:\Program Files\dotnet\sdk\10.0.201\Sdks\Microsoft.NET.Sdk\targets\Microsoft.NET.Sdk.targets(1131,5): message :       
       C:\Program Files\dotnet\sdk\10.0.201\Sdks\Microsoft.NET.Sdk\targets\Microsoft.NET.Sdk.targets(1131,5): message :       ;
       C:\Program Files\dotnet\sdk\10.0.201\Sdks\Microsoft.NET.Sdk\targets\Microsoft.NET.Sdk.targets(1131,5): message :       _GenerateSatelliteAssemblyInputs;
       C:\Program Files\dotnet\sdk\10.0.201\Sdks\Microsoft.NET.Sdk\targets\Microsoft.NET.Sdk.targets(1131,5): message :       ComputeIntermediateSatelliteAssemblies;
       C:\Program Files\dotnet\sdk\10.0.201\Sdks\Microsoft.NET.Sdk\targets\Microsoft.NET.Sdk.targets(1131,5): message :       GenerateSatelliteAssemblies
       C:\Program Files\dotnet\sdk\10.0.201\Sdks\Microsoft.NET.Sdk\targets\Microsoft.NET.Sdk.targets(1131,5): message :     ;
       C:\Program Files\dotnet\sdk\10.0.201\Sdks\Microsoft.NET.Sdk\targets\Microsoft.NET.Sdk.targets(1131,5): message :       CoreGenerateSatelliteAssemblies
       C:\Program Files\dotnet\sdk\10.0.201\Sdks\Microsoft.NET.Sdk\targets\Microsoft.NET.Sdk.targets(1131,5): message :     " (previous value: "
       C:\Program Files\dotnet\sdk\10.0.201\Sdks\Microsoft.NET.Sdk\targets\Microsoft.NET.Sdk.targets(1131,5): message :       ;
       C:\Program Files\dotnet\sdk\10.0.201\Sdks\Microsoft.NET.Sdk\targets\Microsoft.NET.Sdk.targets(1131,5): message :       _GenerateSatelliteAssemblyInputs;
       C:\Program Files\dotnet\sdk\10.0.201\Sdks\Microsoft.NET.Sdk\targets\Microsoft.NET.Sdk.targets(1131,5): message :       ComputeIntermediateSatelliteAssemblies;
       C:\Program Files\dotnet\sdk\10.0.201\Sdks\Microsoft.NET.Sdk\targets\Microsoft.NET.Sdk.targets(1131,5): message :       GenerateSatelliteAssemblies
       C:\Program Files\dotnet\sdk\10.0.201\Sdks\Microsoft.NET.Sdk\targets\Microsoft.NET.Sdk.targets(1131,5): message :     ") at C:\Program Files\dotnet\sdk\10.0.201\Sdks\Microsoft.NET.Sdk\targets\Microsoft.NET.Sdk.targets (1131,5)
       C:\Program Files\dotnet\sdk\10.0.201\Sdks\Microsoft.SourceLink.GitLab\build\Microsoft.SourceLink.GitLab.targets(12,5): message : Property reassignment: $(SourceLinkUrlInitializerTargets)=";_InitializeGitHubSourceLinkUrl;_InitializeGitLabSourceLinkUrl" (previous value: ";_InitializeGitHubSourceLinkUrl") at C:\Program Files\dotnet\sdk\10.0.201\Sdks\Microsoft.SourceLink.GitLab\build\Microsoft.SourceLink.GitLab.targets (12,5)
       C:\Program Files\dotnet\sdk\10.0.201\Sdks\Microsoft.SourceLink.GitLab\build\Microsoft.SourceLink.GitLab.targets(13,5): message : Property reassignment: $(SourceControlManagerUrlTranslationTargets)=";TranslateGitHubUrlsInSourceControlInformation;TranslateGitLabUrlsInSourceControlInformation" (previous value: ";TranslateGitHubUrlsInSourceControlInformation") at C:\Program Files\dotnet\sdk\10.0.201\Sdks\Microsoft.SourceLink.GitLab\build\Microsoft.SourceLink.GitLab.targets (13,5)
       C:\Program Files\dotnet\sdk\10.0.201\Sdks\Microsoft.SourceLink.AzureRepos.Git\build\Microsoft.SourceLink.AzureRepos.Git.targets(12,5): message : Property reassignment: $(SourceLinkUrlInitializerTargets)=";_InitializeGitHubSourceLinkUrl;_InitializeGitLabSourceLinkUrl;_InitializeAzureReposGitSourceLinkUrl" (previous value: ";_InitializeGitHubSourceLinkUrl;_InitializeGitLabSourceLinkUrl") at C:\Program Files\dotnet\sdk\10.0.201\Sdks\Microsoft.SourceLink.AzureRepos.Git\build\Microsoft.SourceLink.AzureRepos.Git.targets (12,5)
       C:\Program Files\dotnet\sdk\10.0.201\Sdks\Microsoft.SourceLink.AzureRepos.Git\build\Microsoft.SourceLink.AzureRepos.Git.targets(13,5): message : Property reassignment: $(SourceControlManagerUrlTranslationTargets)=";TranslateGitHubUrlsInSourceControlInformation;TranslateGitLabUrlsInSourceControlInformation;TranslateAzureReposGitUrlsInSourceControlInformation" (previous value: ";TranslateGitHubUrlsInSourceControlInformation;TranslateGitLabUrlsInSourceControlInformation") at C:\Program Files\dotnet\sdk\10.0.201\Sdks\Microsoft.SourceLink.AzureRepos.Git\build\Microsoft.SourceLink.AzureRepos.Git.targets (13,5)
       C:\Program Files\dotnet\sdk\10.0.201\Sdks\Microsoft.SourceLink.Bitbucket.Git\build\Microsoft.SourceLink.Bitbucket.Git.targets(12,5): message : Property reassignment: $(SourceLinkUrlInitializerTargets)=";_InitializeGitHubSourceLinkUrl;_InitializeGitLabSourceLinkUrl;_InitializeAzureReposGitSourceLinkUrl;_InitializeBitbucketGitSourceLinkUrl" (previous value: ";_InitializeGitHubSourceLinkUrl;_InitializeGitLabSourceLinkUrl;_InitializeAzureReposGitSourceLinkUrl") at C:\Program Files\dotnet\sdk\10.0.201\Sdks\Microsoft.SourceLink.Bitbucket.Git\build\Microsoft.SourceLink.Bitbucket.Git.targets (12,5)
       C:\Program Files\dotnet\sdk\10.0.201\Sdks\Microsoft.SourceLink.Bitbucket.Git\build\Microsoft.SourceLink.Bitbucket.Git.targets(13,5): message : Property reassignment: $(SourceControlManagerUrlTranslationTargets)=";TranslateGitHubUrlsInSourceControlInformation;TranslateGitLabUrlsInSourceControlInformation;TranslateAzureReposGitUrlsInSourceControlInformation;TranslateBitbucketGitUrlsInSourceControlInformation" (previous value: ";TranslateGitHubUrlsInSourceControlInformation;TranslateGitLabUrlsInSourceControlInformation;TranslateAzureReposGitUrlsInSourceControlInformation") at C:\Program Files\dotnet\sdk\10.0.201\Sdks\Microsoft.SourceLink.Bitbucket.Git\build\Microsoft.SourceLink.Bitbucket.Git.targets (13,5)
       C:\Program Files\dotnet\sdk\10.0.201\Sdks\Microsoft.NET.Sdk\targets\Microsoft.NET.DesignerSupport.targets(21,5): message : Property reassignment: $(DesignerRuntimeImplementationProjectOutputGroupDependsOn)="
       C:\Program Files\dotnet\sdk\10.0.201\Sdks\Microsoft.NET.Sdk\targets\Microsoft.NET.DesignerSupport.targets(21,5): message :       
       C:\Program Files\dotnet\sdk\10.0.201\Sdks\Microsoft.NET.Sdk\targets\Microsoft.NET.DesignerSupport.targets(21,5): message :       ;
       C:\Program Files\dotnet\sdk\10.0.201\Sdks\Microsoft.NET.Sdk\targets\Microsoft.NET.DesignerSupport.targets(21,5): message :       
       C:\Program Files\dotnet\sdk\10.0.201\Sdks\Microsoft.NET.Sdk\targets\Microsoft.NET.DesignerSupport.targets(21,5): message :       ;
       C:\Program Files\dotnet\sdk\10.0.201\Sdks\Microsoft.NET.Sdk\targets\Microsoft.NET.DesignerSupport.targets(21,5): message :       BuildOnlySettings;
       C:\Program Files\dotnet\sdk\10.0.201\Sdks\Microsoft.NET.Sdk\targets\Microsoft.NET.DesignerSupport.targets(21,5): message :       PrepareForBuild;
       C:\Program Files\dotnet\sdk\10.0.201\Sdks\Microsoft.NET.Sdk\targets\Microsoft.NET.DesignerSupport.targets(21,5): message :       AssignTargetPaths;
       C:\Program Files\dotnet\sdk\10.0.201\Sdks\Microsoft.NET.Sdk\targets\Microsoft.NET.DesignerSupport.targets(21,5): message :       ResolveReferences
       C:\Program Files\dotnet\sdk\10.0.201\Sdks\Microsoft.NET.Sdk\targets\Microsoft.NET.DesignerSupport.targets(21,5): message :     
       C:\Program Files\dotnet\sdk\10.0.201\Sdks\Microsoft.NET.Sdk\targets\Microsoft.NET.DesignerSupport.targets(21,5): message :     ;
       C:\Program Files\dotnet\sdk\10.0.201\Sdks\Microsoft.NET.Sdk\targets\Microsoft.NET.DesignerSupport.targets(21,5): message :       _GenerateDesignerDepsFile;
       C:\Program Files\dotnet\sdk\10.0.201\Sdks\Microsoft.NET.Sdk\targets\Microsoft.NET.DesignerSupport.targets(21,5): message :       _GenerateDesignerRuntimeConfigFile;
       C:\Program Files\dotnet\sdk\10.0.201\Sdks\Microsoft.NET.Sdk\targets\Microsoft.NET.DesignerSupport.targets(21,5): message :       GetCopyToOutputDirectoryItems;
       C:\Program Files\dotnet\sdk\10.0.201\Sdks\Microsoft.NET.Sdk\targets\Microsoft.NET.DesignerSupport.targets(21,5): message :       _GatherDesignerShadowCopyFiles;
       C:\Program Files\dotnet\sdk\10.0.201\Sdks\Microsoft.NET.Sdk\targets\Microsoft.NET.DesignerSupport.targets(21,5): message :     " (previous value: "
       C:\Program Files\dotnet\sdk\10.0.201\Sdks\Microsoft.NET.Sdk\targets\Microsoft.NET.DesignerSupport.targets(21,5): message :       ;
       C:\Program Files\dotnet\sdk\10.0.201\Sdks\Microsoft.NET.Sdk\targets\Microsoft.NET.DesignerSupport.targets(21,5): message :       
       C:\Program Files\dotnet\sdk\10.0.201\Sdks\Microsoft.NET.Sdk\targets\Microsoft.NET.DesignerSupport.targets(21,5): message :       ;
       C:\Program Files\dotnet\sdk\10.0.201\Sdks\Microsoft.NET.Sdk\targets\Microsoft.NET.DesignerSupport.targets(21,5): message :       BuildOnlySettings;
       C:\Program Files\dotnet\sdk\10.0.201\Sdks\Microsoft.NET.Sdk\targets\Microsoft.NET.DesignerSupport.targets(21,5): message :       PrepareForBuild;
       C:\Program Files\dotnet\sdk\10.0.201\Sdks\Microsoft.NET.Sdk\targets\Microsoft.NET.DesignerSupport.targets(21,5): message :       AssignTargetPaths;
       C:\Program Files\dotnet\sdk\10.0.201\Sdks\Microsoft.NET.Sdk\targets\Microsoft.NET.DesignerSupport.targets(21,5): message :       ResolveReferences
       C:\Program Files\dotnet\sdk\10.0.201\Sdks\Microsoft.NET.Sdk\targets\Microsoft.NET.DesignerSupport.targets(21,5): message :     
       C:\Program Files\dotnet\sdk\10.0.201\Sdks\Microsoft.NET.Sdk\targets\Microsoft.NET.DesignerSupport.targets(21,5): message :     ") at C:\Program Files\dotnet\sdk\10.0.201\Sdks\Microsoft.NET.Sdk\targets\Microsoft.NET.DesignerSupport.targets (21,5)
       C:\Program Files\dotnet\sdk\10.0.201\Sdks\Microsoft.NET.Sdk\targets\Microsoft.NET.Sdk.CSharp.targets(31,5): message : Property reassignment: $(DefineConstants)="TRACE;DEBUG" (previous value: "TRACE") at C:\Program Files\dotnet\sdk\10.0.201\Sdks\Microsoft.NET.Sdk\targets\Microsoft.NET.Sdk.CSharp.targets (31,5)
       C:\Program Files\dotnet\sdk\10.0.201\Sdks\Microsoft.NET.Sdk\targets\Microsoft.NET.Sdk.CSharp.targets(45,5): message : Property reassignment: $(WarningsAsErrors)=";NU1605;SYSLIB0011" (previous value: ";NU1605") at C:\Program Files\dotnet\sdk\10.0.201\Sdks\Microsoft.NET.Sdk\targets\Microsoft.NET.Sdk.CSharp.targets (45,5)
       C:\Program Files\dotnet\sdk\10.0.201\NuGet.Build.Tasks.Pack.targets(34,5): message : Property reassignment: $(PackageDescription)="Package Description" (previous value: "") at C:\Program Files\dotnet\sdk\10.0.201\NuGet.Build.Tasks.Pack.targets (34,5)
       C:\Program Files\dotnet\sdk\10.0.201\NuGet.Build.Tasks.Pack.targets(59,5): message : Property reassignment: $(GenerateNuspecDependsOn)="Build;_LoadPackInputItems; _GetTargetFrameworksOutput; _WalkEachTargetPerFramework; _GetPackageFiles; " (previous value: "_LoadPackInputItems; _GetTargetFrameworksOutput; _WalkEachTargetPerFramework; _GetPackageFiles; ") at C:\Program Files\dotnet\sdk\10.0.201\NuGet.Build.Tasks.Pack.targets (59,5)
       C:\Program Files\dotnet\sdk\10.0.201\Sdks\Microsoft.NET.Sdk\Sdk\Sdk.targets(59,5): message : Property reassignment: $(_IsNotSetContainersTargetsDir)="true" (previous value: "false") at C:\Program Files\dotnet\sdk\10.0.201\Sdks\Microsoft.NET.Sdk\Sdk\Sdk.targets (59,5)
       C:\Program Files\dotnet\sdk\10.0.201\Containers\build\Microsoft.NET.Build.Containers.targets(5,5): message : Property reassignment: $(_IsSDKContainerAllowedVersion)="true" (previous value: "false") at C:\Program Files\dotnet\sdk\10.0.201\Containers\build\Microsoft.NET.Build.Containers.targets (5,5)
       C:\Program Files\dotnet\sdk\10.0.201\Containers\build\Microsoft.NET.Build.Containers.targets(15,5): message : Property reassignment: $(_ContainerIsTargetingNet8TFM)="true" (previous value: "false") at C:\Program Files\dotnet\sdk\10.0.201\Containers\build\Microsoft.NET.Build.Containers.targets (15,5)
       Overriding target "ResolveFrameworkReferences" in project "C:\Program Files\dotnet\sdk\10.0.201\Microsoft.Common.CurrentVersion.targets" with target "ResolveFrameworkReferences" from project "C:\Program Files\dotnet\sdk\10.0.201\Sdks\Microsoft.NET.Sdk\targets\Microsoft.NET.Sdk.FrameworkReferenceResolution.targets".
       Overriding target "GenerateSupportedTargetFrameworkAlias" in project "C:\Program Files\dotnet\sdk\10.0.201\Microsoft.Common.CurrentVersion.targets" with target "GenerateSupportedTargetFrameworkAlias" from project "C:\Program Files\dotnet\sdk\10.0.201\Sdks\Microsoft.NET.Sdk\targets\Microsoft.NET.Sdk.targets".
       Overriding target "GetReferenceAssemblyPaths" in project "C:\Program Files\dotnet\sdk\10.0.201\Microsoft.Common.CurrentVersion.targets" with target "GetReferenceAssemblyPaths" from project "C:\Program Files\dotnet\sdk\10.0.201\Sdks\Microsoft.NET.Sdk\targets\Microsoft.NET.DisableStandardFrameworkResolution.targets".
       Overriding target "GetFrameworkPaths" in project "C:\Program Files\dotnet\sdk\10.0.201\Microsoft.Common.CurrentVersion.targets" with target "GetFrameworkPaths" from project "C:\Program Files\dotnet\sdk\10.0.201\Sdks\Microsoft.NET.Sdk\targets\Microsoft.NET.DisableStandardFrameworkResolution.targets".
       Overriding target "DesignerRuntimeImplementationProjectOutputGroup" in project "C:\Program Files\dotnet\sdk\10.0.201\Microsoft.Common.CurrentVersion.targets" with target "DesignerRuntimeImplementationProjectOutputGroup" from project "C:\Program Files\dotnet\sdk\10.0.201\Sdks\Microsoft.NET.Sdk\targets\Microsoft.NET.DesignerSupport.targets".
       Overriding target "Publish" in project "C:\Program Files\dotnet\sdk\10.0.201\Microsoft.Common.CurrentVersion.targets" with target "Publish" from project "C:\Program Files\dotnet\sdk\10.0.201\Sdks\Microsoft.NET.Sdk\targets\Microsoft.NET.Publish.targets".
       Overriding target "ResolveReadyToRunCompilers" in project "C:\Program Files\dotnet\sdk\10.0.201\Sdks\Microsoft.NET.Sdk\targets\Microsoft.NET.CrossGen.targets" with target "ResolveReadyToRunCompilers" from project "C:\Program Files\dotnet\sdk\10.0.201\Sdks\Microsoft.NET.Sdk\targets\Microsoft.NET.Publish.targets".
       Overriding target "GetCopyToPublishDirectoryItems" in project "C:\Program Files\dotnet\sdk\10.0.201\Microsoft.Common.CurrentVersion.targets" with target "GetCopyToPublishDirectoryItems" from project "C:\Program Files\dotnet\sdk\10.0.201\Sdks\Microsoft.NET.Sdk\targets\Microsoft.NET.Publish.targets".
       Overriding target "Run" in project "C:\Program Files\dotnet\sdk\10.0.201\Microsoft.Common.CurrentVersion.targets" with target "Run" from project "C:\Program Files\dotnet\sdk\10.0.201\Sdks\Microsoft.NET.Sdk\targets\Microsoft.NET.Sdk.targets".
       The target "ResolveNuGetPackageAssets" listed in an AfterTargets attribute at "C:\Users\chuck\.nuget\packages\microsoft.extensions.logging.abstractions\10.0.0-preview.1.25080.5\buildTransitive\net8.0\Microsoft.Extensions.Logging.Abstractions.targets (11,11)" does not exist in the project, and will be ignored.
       The target "ResolveNuGetPackageAssets" listed in an AfterTargets attribute at "C:\Users\chuck\.nuget\packages\microsoft.extensions.logging.abstractions\10.0.0-preview.1.25080.5\buildTransitive\net8.0\Microsoft.Extensions.Logging.Abstractions.targets (23,11)" does not exist in the project, and will be ignored.
       The target "ResolveNuGetPackageAssets" listed in an AfterTargets attribute at "C:\Users\chuck\.nuget\packages\microsoft.extensions.options\10.0.0-preview.1.25080.5\buildTransitive\net8.0\Microsoft.Extensions.Options.targets (11,11)" does not exist in the project, and will be ignored.
       The target "ResolveNuGetPackageAssets" listed in an AfterTargets attribute at "C:\Users\chuck\.nuget\packages\microsoft.extensions.options\10.0.0-preview.1.25080.5\buildTransitive\net8.0\Microsoft.Extensions.Options.targets (23,11)" does not exist in the project, and will be ignored.
   1:7>Project "C:\Users\chuck\scratch\ETL-SQL\src\ETL-SQL.Engine\ETL-SQL.Engine.csproj" (1:7) is building "C:\Users\chuck\scratch\ETL-SQL\src\ETL-SQL.Core\ETL-SQL.Core.csproj" (2:5) on node 1 (GetTargetFrameworks target(s)).
   2:5>Target "_CalculateIsVSTestTestProject" in file "C:\Program Files\dotnet\sdk\10.0.201\Sdks\Microsoft.NET.Sdk\targets\Microsoft.NET.Sdk.targets" from project "C:\Users\chuck\scratch\ETL-SQL\src\ETL-SQL.Core\ETL-SQL.Core.csproj" (target "GetTargetFrameworksWithPlatformForSingleTargetFramework" depends on it):
   2:5>Done building target "_CalculateIsVSTestTestProject" in project "ETL-SQL.Core.csproj".
   2:5>Target "GetTargetFrameworksWithPlatformForSingleTargetFramework" in file "C:\Program Files\dotnet\sdk\10.0.201\Microsoft.Common.CurrentVersion.targets" from project "C:\Users\chuck\scratch\ETL-SQL\src\ETL-SQL.Core\ETL-SQL.Core.csproj" (target "GetTargetFrameworks" depends on it):
       Using "CombineTargetFrameworkInfoProperties" task from assembly "Microsoft.Build.Tasks.Core, Version=15.1.0.0, Culture=neutral, PublicKeyToken=b03f5f7f11d50a3a".
       Task "CombineTargetFrameworkInfoProperties"
       Done executing task "CombineTargetFrameworkInfoProperties".
   2:5>Done building target "GetTargetFrameworksWithPlatformForSingleTargetFramework" in project "ETL-SQL.Core.csproj".
   2:5>Target "GetTargetFrameworks" in file "C:\Program Files\dotnet\sdk\10.0.201\Microsoft.Common.CurrentVersion.targets" from project "C:\Users\chuck\scratch\ETL-SQL\src\ETL-SQL.Core\ETL-SQL.Core.csproj" (entry point):
       Using "CombineXmlElements" task from assembly "Microsoft.Build.Tasks.Core, Version=15.1.0.0, Culture=neutral, PublicKeyToken=b03f5f7f11d50a3a".
       Task "CombineXmlElements"
       Done executing task "CombineXmlElements".
   2:5>Done building target "GetTargetFrameworks" in project "ETL-SQL.Core.csproj".
   2:5>Done Building Project "C:\Users\chuck\scratch\ETL-SQL\src\ETL-SQL.Core\ETL-SQL.Core.csproj" (GetTargetFrameworks target(s)).
   1:7>Done executing task "MSBuild".
       Using "GetReferenceNearestTargetFrameworkTask" task from assembly "C:\Program Files\dotnet\sdk\10.0.201\NuGet.Build.Tasks.dll".
       Task "GetReferenceNearestTargetFrameworkTask"
       Done executing task "GetReferenceNearestTargetFrameworkTask".
       Using "SetRidAgnosticValueForProjects" task from assembly "Microsoft.Build.Tasks.Core, Version=15.1.0.0, Culture=neutral, PublicKeyToken=b03f5f7f11d50a3a".
       Task "SetRidAgnosticValueForProjects"
       Done executing task "SetRidAgnosticValueForProjects".
   1:7>Done building target "_GetProjectReferenceTargetFrameworkProperties" in project "ETL-SQL.Engine.csproj".
   1:7>Target "_CalculateIsVSTestTestProject" in file "C:\Program Files\dotnet\sdk\10.0.201\Sdks\Microsoft.NET.Sdk\targets\Microsoft.NET.Sdk.targets" from project "C:\Users\chuck\scratch\ETL-SQL\src\ETL-SQL.Engine\ETL-SQL.Engine.csproj" (target "ValidateExecutableReferences" depends on it):
   1:7>Done building target "_CalculateIsVSTestTestProject" in project "ETL-SQL.Engine.csproj".
   1:7>Target "ValidateExecutableReferences" in file "C:\Program Files\dotnet\sdk\10.0.201\Sdks\Microsoft.NET.Sdk\targets\Microsoft.NET.Sdk.targets" from project "C:\Users\chuck\scratch\ETL-SQL\src\ETL-SQL.Engine\ETL-SQL.Engine.csproj" (target "PrepareProjectReferences" depends on it):
       Using "ValidateExecutableReferences" task from assembly "C:\Program Files\dotnet\sdk\10.0.201\Sdks\Microsoft.NET.Sdk\targets\..\tools\net10.0\Microsoft.NET.Build.Tasks.dll".
       Task "ValidateExecutableReferences"
       Done executing task "ValidateExecutableReferences".
   1:7>Done building target "ValidateExecutableReferences" in project "ETL-SQL.Engine.csproj".
   1:7>Target "PrepareProjectReferences" in file "C:\Program Files\dotnet\sdk\10.0.201\Microsoft.Common.CurrentVersion.targets" from project "C:\Users\chuck\scratch\ETL-SQL\src\ETL-SQL.Engine\ETL-SQL.Engine.csproj" (target "ResolveProjectReferences" depends on it):
   1:7>Done building target "PrepareProjectReferences" in project "ETL-SQL.Engine.csproj".
   1:7>Target "ResolveProjectReferences" in file "C:\Program Files\dotnet\sdk\10.0.201\Microsoft.Common.CurrentVersion.targets" from project "C:\Users\chuck\scratch\ETL-SQL\src\ETL-SQL.Engine\ETL-SQL.Engine.csproj" (target "ResolveReferences" depends on it):
       Task "MSBuild"
         Removing Properties for project "..\ETL-SQL.Core\ETL-SQL.Core.csproj":
           TargetFramework
           RuntimeIdentifier
           SelfContained
   1:7>Project "C:\Users\chuck\scratch\ETL-SQL\src\ETL-SQL.Engine\ETL-SQL.Engine.csproj" (1:7) is building "C:\Users\chuck\scratch\ETL-SQL\src\ETL-SQL.Core\ETL-SQL.Core.csproj" (2:6) on node 1 (default targets).
   2:6>Target "_CollectTargetFrameworkForTelemetry" in file "C:\Program Files\dotnet\sdk\10.0.201\Sdks\Microsoft.NET.Sdk\targets\Microsoft.NET.TargetFrameworkInference.targets" from project "C:\Users\chuck\scratch\ETL-SQL\src\ETL-SQL.Core\ETL-SQL.Core.csproj" (target "_CheckForInvalidConfigurationAndPlatform" depends on it):
   2:6>Using "AllowEmptyTelemetry" task from assembly "C:\Program Files\dotnet\sdk\10.0.201\Sdks\Microsoft.NET.Sdk\targets\..\tools\net10.0\Microsoft.NET.Build.Tasks.dll".
       Task "AllowEmptyTelemetry"
       Done executing task "AllowEmptyTelemetry".
   2:6>Done building target "_CollectTargetFrameworkForTelemetry" in project "ETL-SQL.Core.csproj".
   2:6>Target "_CheckForUnsupportedNETCoreVersion" in file "C:\Program Files\dotnet\sdk\10.0.201\Sdks\Microsoft.NET.Sdk\targets\Microsoft.NET.TargetFrameworkInference.targets" from project "C:\Users\chuck\scratch\ETL-SQL\src\ETL-SQL.Core\ETL-SQL.Core.csproj" (target "_CheckForInvalidConfigurationAndPlatform" depends on it):
   2:6>Done building target "_CheckForUnsupportedNETCoreVersion" in project "ETL-SQL.Core.csproj".
   2:6>Target "_CheckForUnsupportedCppNETCoreVersion" in file "C:\Program Files\dotnet\sdk\10.0.201\Sdks\Microsoft.NET.Sdk\targets\Microsoft.NET.TargetFrameworkInference.targets" from project "C:\Users\chuck\scratch\ETL-SQL\src\ETL-SQL.Core\ETL-SQL.Core.csproj" (target "_CheckForInvalidConfigurationAndPlatform" depends on it):
   2:6>Done building target "_CheckForUnsupportedCppNETCoreVersion" in project "ETL-SQL.Core.csproj".
   2:6>Target "_CheckForUnsupportedArtifactsPath" in file "C:\Program Files\dotnet\sdk\10.0.201\Sdks\Microsoft.NET.Sdk\targets\Microsoft.NET.DefaultOutputPaths.targets" from project "C:\Users\chuck\scratch\ETL-SQL\src\ETL-SQL.Core\ETL-SQL.Core.csproj" (target "_CheckForInvalidConfigurationAndPlatform" depends on it):
   2:6>Done building target "_CheckForUnsupportedArtifactsPath" in project "ETL-SQL.Core.csproj".
   2:6>Target "_CheckForUnsupportedHostingUsage" in file "C:\Program Files\dotnet\sdk\10.0.201\Sdks\Microsoft.NET.Sdk\targets\Microsoft.NET.RuntimeIdentifierInference.targets" from project "C:\Users\chuck\scratch\ETL-SQL\src\ETL-SQL.Core\ETL-SQL.Core.csproj" (target "_CheckForInvalidConfigurationAndPlatform" depends on it):
   2:6>Done building target "_CheckForUnsupportedHostingUsage" in project "ETL-SQL.Core.csproj".
   2:6>Target "_CheckAndUnsetUnsupportedPrefer32Bit" in file "C:\Program Files\dotnet\sdk\10.0.201\Sdks\Microsoft.NET.Sdk\targets\Microsoft.NET.RuntimeIdentifierInference.targets" from project "C:\Users\chuck\scratch\ETL-SQL\src\ETL-SQL.Core\ETL-SQL.Core.csproj" (target "_CheckForInvalidConfigurationAndPlatform" depends on it):
   2:6>Done building target "_CheckAndUnsetUnsupportedPrefer32Bit" in project "ETL-SQL.Core.csproj".
   2:6>Target "_CheckForLanguageAndFeatureCombinationSupport" in file "C:\Program Files\dotnet\sdk\10.0.201\Sdks\Microsoft.NET.Sdk\targets\Microsoft.NET.RuntimeIdentifierInference.targets" from project "C:\Users\chuck\scratch\ETL-SQL\src\ETL-SQL.Core\ETL-SQL.Core.csproj" (target "_CheckForInvalidConfigurationAndPlatform" depends on it):
   2:6>Done building target "_CheckForLanguageAndFeatureCombinationSupport" in project "ETL-SQL.Core.csproj".
   2:6>Target "UpdateAspNetToFrameworkReference" in file "C:\Program Files\dotnet\sdk\10.0.201\Sdks\Microsoft.NET.Sdk\targets\Microsoft.NET.Sdk.DefaultItems.Shared.targets" from project "C:\Users\chuck\scratch\ETL-SQL\src\ETL-SQL.Core\ETL-SQL.Core.csproj" (target "ApplyImplicitVersions" depends on it):
       Using "CheckIfPackageReferenceShouldBeFrameworkReference" task from assembly "C:\Program Files\dotnet\sdk\10.0.201\Sdks\Microsoft.NET.Sdk\targets\..\tools\net10.0\Microsoft.NET.Build.Tasks.dll".
       Task "CheckIfPackageReferenceShouldBeFrameworkReference"
       Done executing task "CheckIfPackageReferenceShouldBeFrameworkReference".
       Task "CheckIfPackageReferenceShouldBeFrameworkReference"
       Done executing task "CheckIfPackageReferenceShouldBeFrameworkReference".
   2:6>Done building target "UpdateAspNetToFrameworkReference" in project "ETL-SQL.Core.csproj".
   2:6>Target "CheckForImplicitPackageReferenceOverrides" in file "C:\Program Files\dotnet\sdk\10.0.201\Sdks\Microsoft.NET.Sdk\targets\Microsoft.NET.Sdk.DefaultItems.Shared.targets" from project "C:\Users\chuck\scratch\ETL-SQL\src\ETL-SQL.Core\ETL-SQL.Core.csproj" (target "ApplyImplicitVersions" depends on it):
       Using "CheckForImplicitPackageReferenceOverrides" task from assembly "C:\Program Files\dotnet\sdk\10.0.201\Sdks\Microsoft.NET.Sdk\targets\..\tools\net10.0\Microsoft.NET.Build.Tasks.dll".
       Task "CheckForImplicitPackageReferenceOverrides"
       Done executing task "CheckForImplicitPackageReferenceOverrides".
   2:6>Done building target "CheckForImplicitPackageReferenceOverrides" in project "ETL-SQL.Core.csproj".
   2:6>Target "ApplyImplicitVersions" in file "C:\Program Files\dotnet\sdk\10.0.201\Sdks\Microsoft.NET.Sdk\targets\Microsoft.NET.Sdk.DefaultItems.Shared.targets" from project "C:\Users\chuck\scratch\ETL-SQL\src\ETL-SQL.Core\ETL-SQL.Core.csproj" (target "CollectPackageReferences" depends on it):
       Using "ApplyImplicitVersions" task from assembly "C:\Program Files\dotnet\sdk\10.0.201\Sdks\Microsoft.NET.Sdk\targets\..\tools\net10.0\Microsoft.NET.Build.Tasks.dll".
       Task "ApplyImplicitVersions"
       Done executing task "ApplyImplicitVersions".
   2:6>Done building target "ApplyImplicitVersions" in project "ETL-SQL.Core.csproj".
       Target "CheckForImplicitPackageReferenceOverrides" skipped. Previously built successfully.
   2:6>Target "_ComputeToolPackInputsToProcessFrameworkReferences" in file "C:\Program Files\dotnet\sdk\10.0.201\Sdks\Microsoft.NET.Sdk\targets\Microsoft.NET.Publish.targets" from project "C:\Users\chuck\scratch\ETL-SQL\src\ETL-SQL.Core\ETL-SQL.Core.csproj" (target "ProcessFrameworkReferences" depends on it):
   2:6>Done building target "_ComputeToolPackInputsToProcessFrameworkReferences" in project "ETL-SQL.Core.csproj".
   2:6>Target "ProcessFrameworkReferences" in file "C:\Program Files\dotnet\sdk\10.0.201\Sdks\Microsoft.NET.Sdk\targets\Microsoft.NET.Sdk.FrameworkReferenceResolution.targets" from project "C:\Users\chuck\scratch\ETL-SQL\src\ETL-SQL.Core\ETL-SQL.Core.csproj" (target "CollectPackageReferences" depends on it):
       Using "CheckForDuplicateFrameworkReferences" task from assembly "C:\Program Files\dotnet\sdk\10.0.201\Sdks\Microsoft.NET.Sdk\targets\..\tools\net10.0\Microsoft.NET.Build.Tasks.dll".
       Task "CheckForDuplicateFrameworkReferences"
       Done executing task "CheckForDuplicateFrameworkReferences".
       Using "ProcessFrameworkReferences" task from assembly "C:\Program Files\dotnet\sdk\10.0.201\Sdks\Microsoft.NET.Sdk\targets\..\tools\net10.0\Microsoft.NET.Build.Tasks.dll".
       Task "ProcessFrameworkReferences"
         Found 1 known framework references for target framework .NETCoreApp
         Found 5 known runtime packs for target framework .NETCoreApp
         Selected Microsoft.NETCore.App with RIDs 'linux-arm;linux-arm64;linux-musl-arm64;linux-musl-x64;linux-x64;osx-x64;tizen.4.0.0-armel;tizen.5.0.0-armel;win-arm64;win-x64;win-x86;linux-musl-arm;osx-arm64;linux-s390x;linux-loongarch64;linux-bionic-arm;linux-bionic-arm64;linux-bionic-x64;linux-bionic-x86;linux-ppc64le;freebsd-x64;freebsd-arm64;linux-riscv64;linux-musl-riscv64;linux-musl-loongarch64;android-arm64;android-x64'
         Selected targeting pack 'Microsoft.NETCore.App@10.0.5'
         Added runtime framework 'Microsoft.NETCore.App@10.0.0'
         Selected Microsoft.WindowsDesktop.App with RIDs 'win-x64;win-x86;win-arm64'
         Selected targeting pack 'Microsoft.WindowsDesktop.App@10.0.5'
         Added runtime framework 'Microsoft.WindowsDesktop.App@10.0.0'
         Selected Microsoft.WindowsDesktop.App with RIDs 'win-x64;win-x86;win-arm64'
         Selected targeting pack 'Microsoft.WindowsDesktop.App.WPF@10.0.5'
         Added runtime framework 'Microsoft.WindowsDesktop.App@10.0.0'
         Selected Microsoft.WindowsDesktop.App with RIDs 'win-x64;win-x86;win-arm64'
         Selected targeting pack 'Microsoft.WindowsDesktop.App.WindowsForms@10.0.5'
         Added runtime framework 'Microsoft.WindowsDesktop.App@10.0.0'
         Selected Microsoft.AspNetCore.App with RIDs 'win-x64;win-x86;osx-x64;linux-musl-x64;linux-musl-arm64;linux-x64;linux-arm;linux-arm64;linux-musl-arm;win-arm64;osx-arm64;linux-s390x;linux-loongarch64;linux-ppc64le;freebsd-x64;freebsd-arm64;linux-riscv64;linux-musl-riscv64;linux-loongarch64;linux-musl-loongarch64'
         Selected targeting pack 'Microsoft.AspNetCore.App@10.0.5'
         Added runtime framework 'Microsoft.AspNetCore.App@10.0.0'
       Done executing task "ProcessFrameworkReferences".
       Using "ResolveAppHosts" task from assembly "C:\Program Files\dotnet\sdk\10.0.201\Sdks\Microsoft.NET.Sdk\targets\..\tools\net10.0\Microsoft.NET.Build.Tasks.dll".
       Task "ResolveAppHosts"
       Done executing task "ResolveAppHosts".
   2:6>Done building target "ProcessFrameworkReferences" in project "ETL-SQL.Core.csproj".
   2:6>Target "_CheckForObsoleteDotNetCliToolReferences" in file "C:\Program Files\dotnet\sdk\10.0.201\Sdks\Microsoft.NET.Sdk\targets\Microsoft.NET.ObsoleteReferences.targets" from project "C:\Users\chuck\scratch\ETL-SQL\src\ETL-SQL.Core\ETL-SQL.Core.csproj" (target "CollectPackageReferences" depends on it):
   2:6>Done building target "_CheckForObsoleteDotNetCliToolReferences" in project "ETL-SQL.Core.csproj".
   2:6>Target "CollectPackageReferences" in file "C:\Program Files\dotnet\sdk\10.0.201\NuGet.targets" from project "C:\Users\chuck\scratch\ETL-SQL\src\ETL-SQL.Core\ETL-SQL.Core.csproj" (target "_GetRestoreProjectStyle" depends on it):
       Using "CheckForDuplicateNuGetItemsTask" task from assembly "C:\Program Files\dotnet\sdk\10.0.201\NuGet.Build.Tasks.dll".
       Task "CheckForDuplicateNuGetItemsTask"
       Done executing task "CheckForDuplicateNuGetItemsTask".
   2:6>Done building target "CollectPackageReferences" in project "ETL-SQL.Core.csproj".
   2:6>Target "_GetRestoreProjectStyle" in file "C:\Program Files\dotnet\sdk\10.0.201\NuGet.targets" from project "C:\Users\chuck\scratch\ETL-SQL\src\ETL-SQL.Core\ETL-SQL.Core.csproj" (target "EnableIntermediateOutputPathMismatchWarning" depends on it):
       Using "GetRestoreProjectStyleTask" task from assembly "C:\Program Files\dotnet\sdk\10.0.201\NuGet.Build.Tasks.dll".
       Task "GetRestoreProjectStyleTask"
       Done executing task "GetRestoreProjectStyleTask".
   2:6>Done building target "_GetRestoreProjectStyle" in project "ETL-SQL.Core.csproj".
   2:6>Target "EnableIntermediateOutputPathMismatchWarning" in file "C:\Program Files\dotnet\sdk\10.0.201\NuGet.targets" from project "C:\Users\chuck\scratch\ETL-SQL\src\ETL-SQL.Core\ETL-SQL.Core.csproj" (target "_CheckForInvalidConfigurationAndPlatform" depends on it):
   2:6>Done building target "EnableIntermediateOutputPathMismatchWarning" in project "ETL-SQL.Core.csproj".
       Target "ApplyImplicitVersions" skipped. Previously built successfully.
       Target "CheckForImplicitPackageReferenceOverrides" skipped. Previously built successfully.
   2:6>Target "CheckForDuplicateItems" in file "C:\Program Files\dotnet\sdk\10.0.201\Sdks\Microsoft.NET.Sdk\targets\Microsoft.NET.Sdk.DefaultItems.Shared.targets" from project "C:\Users\chuck\scratch\ETL-SQL\src\ETL-SQL.Core\ETL-SQL.Core.csproj" (target "_CheckForInvalidConfigurationAndPlatform" depends on it):
       Using "CheckForDuplicateItems" task from assembly "C:\Program Files\dotnet\sdk\10.0.201\Sdks\Microsoft.NET.Sdk\targets\..\tools\net10.0\Microsoft.NET.Build.Tasks.dll".
       Task "CheckForDuplicateItems"
       Done executing task "CheckForDuplicateItems".
       Task "CheckForDuplicateItems"
       Done executing task "CheckForDuplicateItems".
       Task "CheckForDuplicateItems"
       Done executing task "CheckForDuplicateItems".
   2:6>Done building target "CheckForDuplicateItems" in project "ETL-SQL.Core.csproj".
       Target "ProcessFrameworkReferences" skipped. Previously built successfully.
   2:6>Target "_CheckForInvalidConfigurationAndPlatform" in file "C:\Program Files\dotnet\sdk\10.0.201\Microsoft.Common.CurrentVersion.targets" from project "C:\Users\chuck\scratch\ETL-SQL\src\ETL-SQL.Core\ETL-SQL.Core.csproj" (target "BeforeBuild" depends on it):
       Task "Message"
         Configuration=Debug
       Done executing task "Message".
       Task "Message"
         Platform=AnyCPU
       Done executing task "Message".
   2:6>Done building target "_CheckForInvalidConfigurationAndPlatform" in project "ETL-SQL.Core.csproj".
   2:6>Target "ValidateCommandLineProperties" in file "C:\Program Files\dotnet\sdk\10.0.201\Sdks\Microsoft.NET.Sdk\targets\Microsoft.NET.Sdk.targets" from project "C:\Users\chuck\scratch\ETL-SQL\src\ETL-SQL.Core\ETL-SQL.Core.csproj" (target "BeforeBuild" depends on it):
   2:6>Done building target "ValidateCommandLineProperties" in project "ETL-SQL.Core.csproj".
   2:6>Target "BeforeBuild" in file "C:\Program Files\dotnet\sdk\10.0.201\Microsoft.Common.CurrentVersion.targets" from project "C:\Users\chuck\scratch\ETL-SQL\src\ETL-SQL.Core\ETL-SQL.Core.csproj" (target "Build" depends on it):
   2:6>Done building target "BeforeBuild" in project "ETL-SQL.Core.csproj".
   2:6>Target "BuildOnlySettings" in file "C:\Program Files\dotnet\sdk\10.0.201\Microsoft.Common.CurrentVersion.targets" from project "C:\Users\chuck\scratch\ETL-SQL\src\ETL-SQL.Core\ETL-SQL.Core.csproj" (target "CoreBuild" depends on it):
       C:\Program Files\dotnet\sdk\10.0.201\Microsoft.Common.CurrentVersion.targets(1168,7): message : Property reassignment: $(BuildingProject)="true" (previous value: "false") at C:\Program Files\dotnet\sdk\10.0.201\Microsoft.Common.CurrentVersion.targets (1168,7) [C:\Users\chuck\scratch\ETL-SQL\src\ETL-SQL.Core\ETL-SQL.Core.csproj]
   2:6>Done building target "BuildOnlySettings" in project "ETL-SQL.Core.csproj".
   2:6>Target "GetFrameworkPaths" in file "C:\Program Files\dotnet\sdk\10.0.201\Sdks\Microsoft.NET.Sdk\targets\Microsoft.NET.DisableStandardFrameworkResolution.targets" from project "C:\Users\chuck\scratch\ETL-SQL\src\ETL-SQL.Core\ETL-SQL.Core.csproj" (target "PrepareForBuild" depends on it):
   2:6>Done building target "GetFrameworkPaths" in project "ETL-SQL.Core.csproj".
   2:6>Target "GetReferenceAssemblyPaths" in file "C:\Program Files\dotnet\sdk\10.0.201\Sdks\Microsoft.NET.Sdk\targets\Microsoft.NET.DisableStandardFrameworkResolution.targets" from project "C:\Users\chuck\scratch\ETL-SQL\src\ETL-SQL.Core\ETL-SQL.Core.csproj" (target "PrepareForBuild" depends on it):
   2:6>Done building target "GetReferenceAssemblyPaths" in project "ETL-SQL.Core.csproj".
   2:6>Target "PrepareForBuild" in file "C:\Program Files\dotnet\sdk\10.0.201\Microsoft.Common.CurrentVersion.targets" from project "C:\Users\chuck\scratch\ETL-SQL\src\ETL-SQL.Core\ETL-SQL.Core.csproj" (target "CoreBuild" depends on it):
       Task "FindAppConfigFile"
       Done executing task "FindAppConfigFile".
       Task "MakeDir"
       Done executing task "MakeDir".
   2:6>Done building target "PrepareForBuild" in project "ETL-SQL.Core.csproj".
   2:6>Target "GenerateTargetFrameworkDefineConstants" in file "C:\Program Files\dotnet\sdk\10.0.201\Sdks\Microsoft.NET.Sdk\targets\Microsoft.NET.Sdk.BeforeCommon.targets" from project "C:\Users\chuck\scratch\ETL-SQL\src\ETL-SQL.Core\ETL-SQL.Core.csproj" (target "AddImplicitDefineConstants" depends on it):
   2:6>Done building target "GenerateTargetFrameworkDefineConstants" in project "ETL-SQL.Core.csproj".
   2:6>Target "GenerateNETCompatibleDefineConstants" in file "C:\Program Files\dotnet\sdk\10.0.201\Sdks\Microsoft.NET.Sdk\targets\Microsoft.NET.Sdk.BeforeCommon.targets" from project "C:\Users\chuck\scratch\ETL-SQL\src\ETL-SQL.Core\ETL-SQL.Core.csproj" (target "AddImplicitDefineConstants" depends on it):
   2:6>Done building target "GenerateNETCompatibleDefineConstants" in project "ETL-SQL.Core.csproj".
   2:6>Target "AddImplicitDefineConstants" in file "C:\Program Files\dotnet\sdk\10.0.201\Sdks\Microsoft.NET.Sdk\targets\Microsoft.NET.Sdk.BeforeCommon.targets" from project "C:\Users\chuck\scratch\ETL-SQL\src\ETL-SQL.Core\ETL-SQL.Core.csproj" (target "CoreBuild" depends on it):
       C:\Program Files\dotnet\sdk\10.0.201\Sdks\Microsoft.NET.Sdk\targets\Microsoft.NET.Sdk.BeforeCommon.targets(295,7): message : Property reassignment: $(DefineConstants)="TRACE;DEBUG;NET;NET10_0;NETCOREAPP;NET5_0_OR_GREATER;NET6_0_OR_GREATER;NET7_0_OR_GREATER;NET8_0_OR_GREATER;NET9_0_OR_GREATER;NET10_0_OR_GREATER;NETCOREAPP1_0_OR_GREATER;NETCOREAPP1_1_OR_GREATER;NETCOREAPP2_0_OR_GREATER;NETCOREAPP2_1_OR_GREATER;NETCOREAPP2_2_OR_GREATER;NETCOREAPP3_0_OR_GREATER;NETCOREAPP3_1_OR_GREATER" (previous value: "TRACE;DEBUG") at C:\Program Files\dotnet\sdk\10.0.201\Sdks\Microsoft.NET.Sdk\targets\Microsoft.NET.Sdk.BeforeCommon.targets (295,7) [C:\Users\chuck\scratch\ETL-SQL\src\ETL-SQL.Core\ETL-SQL.Core.csproj]
   2:6>Done building target "AddImplicitDefineConstants" in project "ETL-SQL.Core.csproj".
   2:6>Target "GenerateGlobalUsings" in file "C:\Program Files\dotnet\sdk\10.0.201\Sdks\Microsoft.NET.Sdk\targets\Microsoft.NET.GenerateGlobalUsings.targets" from project "C:\Users\chuck\scratch\ETL-SQL\src\ETL-SQL.Core\ETL-SQL.Core.csproj" (target "CoreBuild" depends on it):
       Using "GenerateGlobalUsings" task from assembly "C:\Program Files\dotnet\sdk\10.0.201\Sdks\Microsoft.NET.Sdk\targets\..\tools\net10.0\Microsoft.NET.Build.Tasks.dll".
       Task "GenerateGlobalUsings"
       Done executing task "GenerateGlobalUsings".
       Task "WriteLinesToFile"
         Skipping write to file "C:\Users\chuck\scratch\ETL-SQL\src\ETL-SQL.Core\obj\Debug\net10.0\ETL-SQL.Core.GlobalUsings.g.cs" because content would not change.
       Done executing task "WriteLinesToFile".
   2:6>Done building target "GenerateGlobalUsings" in project "ETL-SQL.Core.csproj".
   2:6>Target "BeforeResolveReferences" in file "C:\Program Files\dotnet\sdk\10.0.201\Microsoft.Common.CurrentVersion.targets" from project "C:\Users\chuck\scratch\ETL-SQL\src\ETL-SQL.Core\ETL-SQL.Core.csproj" (target "ResolveReferences" depends on it):
   2:6>Done building target "BeforeResolveReferences" in project "ETL-SQL.Core.csproj".
   2:6>Target "IgnoreJavaScriptOutputAssembly" in file "C:\Program Files\dotnet\sdk\10.0.201\Microsoft.Common.CurrentVersion.targets" from project "C:\Users\chuck\scratch\ETL-SQL\src\ETL-SQL.Core\ETL-SQL.Core.csproj" (target "AssignProjectConfiguration" depends on it):
   2:6>Done building target "IgnoreJavaScriptOutputAssembly" in project "ETL-SQL.Core.csproj".
       Target "ProcessFrameworkReferences" skipped. Previously built successfully.
   2:6>Target "_DefaultMicrosoftNETPlatformLibrary" in file "C:\Program Files\dotnet\sdk\10.0.201\Sdks\Microsoft.NET.Sdk\targets\Microsoft.NET.Sdk.Shared.targets" from project "C:\Users\chuck\scratch\ETL-SQL\src\ETL-SQL.Core\ETL-SQL.Core.csproj" (target "ResolvePackageAssets" depends on it):
   2:6>Done building target "_DefaultMicrosoftNETPlatformLibrary" in project "ETL-SQL.Core.csproj".
   2:6>Target "_ComputePackageReferencePublish" in file "C:\Program Files\dotnet\sdk\10.0.201\Sdks\Microsoft.NET.Sdk\targets\Microsoft.NET.Sdk.Shared.targets" from project "C:\Users\chuck\scratch\ETL-SQL\src\ETL-SQL.Core\ETL-SQL.Core.csproj" (target "ResolvePackageAssets" depends on it):
   2:6>Done building target "_ComputePackageReferencePublish" in project "ETL-SQL.Core.csproj".
   2:6>Target "ResolvePackageAssets" in file "C:\Program Files\dotnet\sdk\10.0.201\Sdks\Microsoft.NET.Sdk\targets\Microsoft.PackageDependencyResolution.targets" from project "C:\Users\chuck\scratch\ETL-SQL\src\ETL-SQL.Core\ETL-SQL.Core.csproj" (target "ResolveLockFileReferences" depends on it):
       Using "ResolvePackageAssets" task from assembly "C:\Program Files\dotnet\sdk\10.0.201\Sdks\Microsoft.NET.Sdk\targets\..\tools\net10.0\Microsoft.NET.Build.Tasks.dll".
       Task "ResolvePackageAssets"
       Done executing task "ResolvePackageAssets".
   2:6>Done building target "ResolvePackageAssets" in project "ETL-SQL.Core.csproj".
   2:6>Target "ResolveLockFileReferences" in file "C:\Program Files\dotnet\sdk\10.0.201\Sdks\Microsoft.NET.Sdk\targets\Microsoft.PackageDependencyResolution.targets" from project "C:\Users\chuck\scratch\ETL-SQL\src\ETL-SQL.Core\ETL-SQL.Core.csproj" (target "ResolvePackageDependenciesForBuild" depends on it):
       Using "JoinItems" task from assembly "C:\Program Files\dotnet\sdk\10.0.201\Sdks\Microsoft.NET.Sdk\targets\..\tools\net10.0\Microsoft.NET.Build.Tasks.dll".
       Task "JoinItems"
       Done executing task "JoinItems".
   2:6>Done building target "ResolveLockFileReferences" in project "ETL-SQL.Core.csproj".
       Target "ResolvePackageAssets" skipped. Previously built successfully.
   2:6>Target "ResolveLockFileAnalyzers" in file "C:\Program Files\dotnet\sdk\10.0.201\Sdks\Microsoft.NET.Sdk\targets\Microsoft.PackageDependencyResolution.targets" from project "C:\Users\chuck\scratch\ETL-SQL\src\ETL-SQL.Core\ETL-SQL.Core.csproj" (target "ResolvePackageDependenciesForBuild" depends on it):
   2:6>Done building target "ResolveLockFileAnalyzers" in project "ETL-SQL.Core.csproj".
       Target "ResolvePackageAssets" skipped. Previously built successfully.
   2:6>Target "ResolveLockFileCopyLocalFiles" in file "C:\Program Files\dotnet\sdk\10.0.201\Sdks\Microsoft.NET.Sdk\targets\Microsoft.PackageDependencyResolution.targets" from project "C:\Users\chuck\scratch\ETL-SQL\src\ETL-SQL.Core\ETL-SQL.Core.csproj" (target "ResolvePackageDependenciesForBuild" depends on it):
   2:6>Done building target "ResolveLockFileCopyLocalFiles" in project "ETL-SQL.Core.csproj".
       Target "ResolvePackageAssets" skipped. Previously built successfully.
   2:6>Target "IncludeTransitiveProjectReferences" in file "C:\Program Files\dotnet\sdk\10.0.201\Sdks\Microsoft.NET.Sdk\targets\Microsoft.PackageDependencyResolution.targets" from project "C:\Users\chuck\scratch\ETL-SQL\src\ETL-SQL.Core\ETL-SQL.Core.csproj" (target "ResolvePackageDependenciesForBuild" depends on it):
   2:6>Done building target "IncludeTransitiveProjectReferences" in project "ETL-SQL.Core.csproj".
   2:6>Target "ResolvePackageDependenciesForBuild" in file "C:\Program Files\dotnet\sdk\10.0.201\Sdks\Microsoft.NET.Sdk\targets\Microsoft.PackageDependencyResolution.targets" from project "C:\Users\chuck\scratch\ETL-SQL\src\ETL-SQL.Core\ETL-SQL.Core.csproj" (target "AssignProjectConfiguration" depends on it):
   2:6>Done building target "ResolvePackageDependenciesForBuild" in project "ETL-SQL.Core.csproj".
   2:6>Target "_SplitProjectReferencesByFileExistence" in file "C:\Program Files\dotnet\sdk\10.0.201\Microsoft.Common.CurrentVersion.targets" from project "C:\Users\chuck\scratch\ETL-SQL\src\ETL-SQL.Core\ETL-SQL.Core.csproj" (target "PrepareProjectReferences" depends on it):
   2:6>Done building target "_SplitProjectReferencesByFileExistence" in project "ETL-SQL.Core.csproj".
   2:6>Target "_AddOutputPathToGlobalPropertiesToRemove" in file "C:\Program Files\dotnet\sdk\10.0.201\Microsoft.Common.CurrentVersion.targets" from project "C:\Users\chuck\scratch\ETL-SQL\src\ETL-SQL.Core\ETL-SQL.Core.csproj" (target "_GetProjectReferenceTargetFrameworkProperties" depends on it):
   2:6>Done building target "_AddOutputPathToGlobalPropertiesToRemove" in project "ETL-SQL.Core.csproj".
   2:6>Target "_GetProjectReferenceTargetFrameworkProperties" in file "C:\Program Files\dotnet\sdk\10.0.201\Microsoft.Common.CurrentVersion.targets" from project "C:\Users\chuck\scratch\ETL-SQL\src\ETL-SQL.Core\ETL-SQL.Core.csproj" (target "PrepareProjectReferences" depends on it):
       Task "MSBuild"
       Done executing task "MSBuild".
       Task "SetRidAgnosticValueForProjects"
       Done executing task "SetRidAgnosticValueForProjects".
   2:6>Done building target "_GetProjectReferenceTargetFrameworkProperties" in project "ETL-SQL.Core.csproj".
       Target "_CalculateIsVSTestTestProject" skipped. Previously built successfully.
   2:6>Target "ValidateExecutableReferences" in file "C:\Program Files\dotnet\sdk\10.0.201\Sdks\Microsoft.NET.Sdk\targets\Microsoft.NET.Sdk.targets" from project "C:\Users\chuck\scratch\ETL-SQL\src\ETL-SQL.Core\ETL-SQL.Core.csproj" (target "PrepareProjectReferences" depends on it):
       Using "ValidateExecutableReferences" task from assembly "C:\Program Files\dotnet\sdk\10.0.201\Sdks\Microsoft.NET.Sdk\targets\..\tools\net10.0\Microsoft.NET.Build.Tasks.dll".
       Task "ValidateExecutableReferences"
       Done executing task "ValidateExecutableReferences".
   2:6>Done building target "ValidateExecutableReferences" in project "ETL-SQL.Core.csproj".
   2:6>Target "PrepareProjectReferences" in file "C:\Program Files\dotnet\sdk\10.0.201\Microsoft.Common.CurrentVersion.targets" from project "C:\Users\chuck\scratch\ETL-SQL\src\ETL-SQL.Core\ETL-SQL.Core.csproj" (target "ResolveProjectReferences" depends on it):
   2:6>Done building target "PrepareProjectReferences" in project "ETL-SQL.Core.csproj".
   2:6>Target "ResolveProjectReferences" in file "C:\Program Files\dotnet\sdk\10.0.201\Microsoft.Common.CurrentVersion.targets" from project "C:\Users\chuck\scratch\ETL-SQL\src\ETL-SQL.Core\ETL-SQL.Core.csproj" (target "ResolveReferences" depends on it):
   2:6>Done building target "ResolveProjectReferences" in project "ETL-SQL.Core.csproj".
       Target "ResolveProjectReferences" skipped. Previously built successfully.
       Target "GetFrameworkPaths" skipped. Previously built successfully.
       Target "GetReferenceAssemblyPaths" skipped. Previously built successfully.
       Target "PrepareForBuild" skipped. Previously built successfully.
   2:6>Target "ResolveSDKReferences" in file "C:\Program Files\dotnet\sdk\10.0.201\Microsoft.Common.CurrentVersion.targets" from project "C:\Users\chuck\scratch\ETL-SQL\src\ETL-SQL.Core\ETL-SQL.Core.csproj" (target "ResolveAssemblyReferences" depends on it):
   2:6>Done building target "ResolveSDKReferences" in project "ETL-SQL.Core.csproj".
       Target "ResolveSDKReferences" skipped. Previously built successfully.
   2:6>Target "ExpandSDKReferences" in file "C:\Program Files\dotnet\sdk\10.0.201\Microsoft.Common.CurrentVersion.targets" from project "C:\Users\chuck\scratch\ETL-SQL\src\ETL-SQL.Core\ETL-SQL.Core.csproj" (target "ResolveAssemblyReferences" depends on it):
   2:6>Done building target "ExpandSDKReferences" in project "ETL-SQL.Core.csproj".
       Target "ResolvePackageDependenciesForBuild" skipped. Previously built successfully.
       Target "GetFrameworkPaths" skipped. Previously built successfully.
       Target "GetReferenceAssemblyPaths" skipped. Previously built successfully.
       Target "ProcessFrameworkReferences" skipped. Previously built successfully.
       Target "ResolvePackageAssets" skipped. Previously built successfully.
   2:6>Target "ResolveFrameworkReferences" in file "C:\Program Files\dotnet\sdk\10.0.201\Sdks\Microsoft.NET.Sdk\targets\Microsoft.NET.Sdk.FrameworkReferenceResolution.targets" from project "C:\Users\chuck\scratch\ETL-SQL\src\ETL-SQL.Core\ETL-SQL.Core.csproj" (target "ResolveTargetingPackAssets" depends on it):
       Using "GetPackageDirectory" task from assembly "C:\Program Files\dotnet\sdk\10.0.201\Sdks\Microsoft.NET.Sdk\targets\..\tools\net10.0\Microsoft.NET.Build.Tasks.dll".
       Task "GetPackageDirectory"
       Done executing task "GetPackageDirectory".
       Task "GetPackageDirectory"
       Done executing task "GetPackageDirectory".
       Task "GetPackageDirectory"
       Done executing task "GetPackageDirectory".
       Task "GetPackageDirectory"
       Done executing task "GetPackageDirectory".
       Task "GetPackageDirectory"
       Done executing task "GetPackageDirectory".
       Task "GetPackageDirectory"
       Done executing task "GetPackageDirectory".
       Task "GetPackageDirectory"
       Done executing task "GetPackageDirectory".
       Task "GetPackageDirectory"
       Done executing task "GetPackageDirectory".
       Task "GetPackageDirectory"
       Done executing task "GetPackageDirectory".
       Task "GetPackageDirectory"
       Done executing task "GetPackageDirectory".
       Using "ResolveFrameworkReferences" task from assembly "C:\Program Files\dotnet\sdk\10.0.201\Sdks\Microsoft.NET.Sdk\targets\..\tools\net10.0\Microsoft.NET.Build.Tasks.dll".
       Task "ResolveFrameworkReferences"
       Done executing task "ResolveFrameworkReferences".
   2:6>Done building target "ResolveFrameworkReferences" in project "ETL-SQL.Core.csproj".
   2:6>Target "ResolveTargetingPackAssets" in file "C:\Program Files\dotnet\sdk\10.0.201\Sdks\Microsoft.NET.Sdk\targets\Microsoft.NET.Sdk.FrameworkReferenceResolution.targets" from project "C:\Users\chuck\scratch\ETL-SQL\src\ETL-SQL.Core\ETL-SQL.Core.csproj" (target "_HandlePackageFileConflicts" depends on it):
       Using "ResolveTargetingPackAssets" task from assembly "C:\Program Files\dotnet\sdk\10.0.201\Sdks\Microsoft.NET.Sdk\targets\..\tools\net10.0\Microsoft.NET.Build.Tasks.dll".
       Task "ResolveTargetingPackAssets"
       Done executing task "ResolveTargetingPackAssets".
   2:6>Done building target "ResolveTargetingPackAssets" in project "ETL-SQL.Core.csproj".
   2:6>Target "ResolveOffByDefaultAnalyzers" in file "C:\Program Files\dotnet\sdk\10.0.201\Sdks\Microsoft.NET.Sdk\targets\Microsoft.NET.Sdk.FrameworkReferenceResolution.targets" from project "C:\Users\chuck\scratch\ETL-SQL\src\ETL-SQL.Core\ETL-SQL.Core.csproj" (target "_HandlePackageFileConflicts" depends on it):
   2:6>Done building target "ResolveOffByDefaultAnalyzers" in project "ETL-SQL.Core.csproj".
   2:6>Target "_HandlePackageFileConflicts" in file "C:\Program Files\dotnet\sdk\10.0.201\Sdks\Microsoft.NET.Sdk\targets\Microsoft.NET.ConflictResolution.targets" from project "C:\Users\chuck\scratch\ETL-SQL\src\ETL-SQL.Core\ETL-SQL.Core.csproj" (target "ResolveAssemblyReferences" depends on it):
       Using "ResolvePackageFileConflicts" task from assembly "C:\Program Files\dotnet\sdk\10.0.201\Sdks\Microsoft.NET.Sdk\targets\..\tools\net10.0\Microsoft.NET.Build.Tasks.dll".
       Task "ResolvePackageFileConflicts"
         Encountered conflict between 'Platform:mscorlib.dll' and 'Platform:mscorlib.dll'. Could not determine winner due to equal file and assembly versions.
         Encountered conflict between 'Platform:Microsoft.VisualBasic.dll' and 'Platform:Microsoft.VisualBasic.dll'. Could not determine winner due to equal file and assembly versions.
         Encountered conflict between 'Platform:System.dll' and 'Platform:System.dll'. Could not determine winner due to equal file and assembly versions.
         Encountered conflict between 'Platform:System.ComponentModel.DataAnnotations.dll' and 'Platform:System.ComponentModel.DataAnnotations.dll'. Could not determine winner due to equal file and assembly versions.
         Encountered conflict between 'Platform:System.Configuration.dll' and 'Platform:System.Configuration.dll'. Could not determine winner due to equal file and assembly versions.
         Encountered conflict between 'Platform:System.Core.dll' and 'Platform:System.Core.dll'. Could not determine winner due to equal file and assembly versions.
         Encountered conflict between 'Platform:System.Data.dll' and 'Platform:System.Data.dll'. Could not determine winner due to equal file and assembly versions.
         Encountered conflict between 'Platform:System.Drawing.dll' and 'Platform:System.Drawing.dll'. Could not determine winner due to equal file and assembly versions.
         Encountered conflict between 'Platform:System.IO.Compression.FileSystem.dll' and 'Platform:System.IO.Compression.FileSystem.dll'. Could not determine winner due to equal file and assembly versions.
         Encountered conflict between 'Platform:System.Net.dll' and 'Platform:System.Net.dll'. Could not determine winner due to equal file and assembly versions.
         Encountered conflict between 'Platform:System.Numerics.dll' and 'Platform:System.Numerics.dll'. Could not determine winner due to equal file and assembly versions.
         Encountered conflict between 'Platform:System.Runtime.Serialization.dll' and 'Platform:System.Runtime.Serialization.dll'. Could not determine winner due to equal file and assembly versions.
         Encountered conflict between 'Platform:System.Security.dll' and 'Platform:System.Security.dll'. Could not determine winner due to equal file and assembly versions.
         Encountered conflict between 'Platform:System.ServiceProcess.dll' and 'Platform:System.ServiceProcess.dll'. Could not determine winner due to equal file and assembly versions.
         Encountered conflict between 'Platform:System.ServiceModel.Web.dll' and 'Platform:System.ServiceModel.Web.dll'. Could not determine winner due to equal file and assembly versions.
         Encountered conflict between 'Platform:System.Transactions.dll' and 'Platform:System.Transactions.dll'. Could not determine winner due to equal file and assembly versions.
         Encountered conflict between 'Platform:System.Web.dll' and 'Platform:System.Web.dll'. Could not determine winner due to equal file and assembly versions.
         Encountered conflict between 'Platform:System.Windows.dll' and 'Platform:System.Windows.dll'. Could not determine winner due to equal file and assembly versions.
         Encountered conflict between 'Platform:System.Xml.dll' and 'Platform:System.Xml.dll'. Could not determine winner due to equal file and assembly versions.
         Encountered conflict between 'Platform:System.Xml.Serialization.dll' and 'Platform:System.Xml.Serialization.dll'. Could not determine winner due to equal file and assembly versions.
         Encountered conflict between 'Platform:System.Xml.Linq.dll' and 'Platform:System.Xml.Linq.dll'. Could not determine winner due to equal file and assembly versions.
         Encountered conflict between 'Platform:WindowsBase.dll' and 'Platform:WindowsBase.dll'. Could not determine winner due to equal file and assembly versions.
         Encountered conflict between 'Platform:netstandard.dll' and 'Platform:netstandard.dll'. Could not determine winner due to equal file and assembly versions.
         Encountered conflict between 'Platform:System.Private.CoreLib.dll' and 'Platform:System.Private.CoreLib.dll'. Could not determine winner due to equal file and assembly versions.
         Encountered conflict between 'Platform:System.Private.DataContractSerialization.dll' and 'Platform:System.Private.DataContractSerialization.dll'. Could not determine winner due to equal file and assembly versions.
         Encountered conflict between 'Platform:System.Private.Uri.dll' and 'Platform:System.Private.Uri.dll'. Could not determine winner due to equal file and assembly versions.
         Encountered conflict between 'Platform:System.Private.Xml.dll' and 'Platform:System.Private.Xml.dll'. Could not determine winner due to equal file and assembly versions.
         Encountered conflict between 'Platform:System.Private.Xml.Linq.dll' and 'Platform:System.Private.Xml.Linq.dll'. Could not determine winner due to equal file and assembly versions.
         Encountered conflict between 'Platform:mscordaccore_amd64_amd64_10.0.526.15411.dll' and 'Platform:mscordaccore_amd64_amd64_10.0.526.15411.dll'. Could not determine winner due to equal file and assembly versions.
       Done executing task "ResolvePackageFileConflicts".
   2:6>Done building target "_HandlePackageFileConflicts" in project "ETL-SQL.Core.csproj".
       Target "ResolveTargetingPackAssets" skipped. Previously built successfully.
   2:6>Target "ResolveAssemblyReferences" in file "C:\Program Files\dotnet\sdk\10.0.201\Microsoft.Common.CurrentVersion.targets" from project "C:\Users\chuck\scratch\ETL-SQL\src\ETL-SQL.Core\ETL-SQL.Core.csproj" (target "ResolveReferences" depends on it):
       Using "ResolveAssemblyReference" task from assembly "Microsoft.Build.Tasks.Core, Version=15.1.0.0, Culture=neutral, PublicKeyToken=b03f5f7f11d50a3a".
       Task "ResolveAssemblyReference"
         TargetFrameworkMoniker:
             .NETCoreApp,Version=v10.0
         TargetFrameworkMonikerDisplayName:
             .NET 10.0
         TargetedRuntimeVersion:
             
         Assemblies:
             C:\Users\chuck\.nuget\packages\bouncycastle.cryptography\2.6.2\lib\net6.0\BouncyCastle.Cryptography.dll
                 Private = 'false'
                 HintPath = 'C:\Users\chuck\.nuget\packages\bouncycastle.cryptography\2.6.2\lib\net6.0\BouncyCastle.Cryptography.dll'
             C:\Users\chuck\.nuget\packages\docker.dotnet.enhanced\3.131.1\lib\net10.0\Docker.DotNet.dll
                 Private = 'false'
                 HintPath = 'C:\Users\chuck\.nuget\packages\docker.dotnet.enhanced\3.131.1\lib\net10.0\Docker.DotNet.dll'
             C:\Users\chuck\.nuget\packages\docker.dotnet.enhanced.x509\3.131.1\lib\net10.0\Docker.DotNet.X509.dll
                 Private = 'false'
                 HintPath = 'C:\Users\chuck\.nuget\packages\docker.dotnet.enhanced.x509\3.131.1\lib\net10.0\Docker.DotNet.X509.dll'
             C:\Users\chuck\.nuget\packages\microsoft.data.sqlite.core\9.0.2\lib\net8.0\Microsoft.Data.Sqlite.dll
                 Private = 'false'
                 HintPath = 'C:\Users\chuck\.nuget\packages\microsoft.data.sqlite.core\9.0.2\lib\net8.0\Microsoft.Data.Sqlite.dll'
             C:\Users\chuck\.nuget\packages\microsoft.extensions.dependencyinjection\10.0.5\lib\net10.0\Microsoft.Extensions.DependencyInjection.dll
                 Private = 'false'
                 HintPath = 'C:\Users\chuck\.nuget\packages\microsoft.extensions.dependencyinjection\10.0.5\lib\net10.0\Microsoft.Extensions.DependencyInjection.dll'
             C:\Users\chuck\.nuget\packages\microsoft.extensions.dependencyinjection.abstractions\10.0.5\lib\net10.0\Microsoft.Extensions.DependencyInjection.Abstractions.dll
                 Private = 'false'
                 HintPath = 'C:\Users\chuck\.nuget\packages\microsoft.extensions.dependencyinjection.abstractions\10.0.5\lib\net10.0\Microsoft.Extensions.DependencyInjection.Abstractions.dll'
             C:\Users\chuck\.nuget\packages\microsoft.extensions.logging\10.0.0-preview.1.25080.5\lib\net10.0\Microsoft.Extensions.Logging.dll
                 Private = 'false'
                 HintPath = 'C:\Users\chuck\.nuget\packages\microsoft.extensions.logging\10.0.0-preview.1.25080.5\lib\net10.0\Microsoft.Extensions.Logging.dll'
             C:\Users\chuck\.nuget\packages\microsoft.extensions.logging.abstractions\10.0.0-preview.1.25080.5\lib\net10.0\Microsoft.Extensions.Logging.Abstractions.dll
                 Private = 'false'
                 HintPath = 'C:\Users\chuck\.nuget\packages\microsoft.extensions.logging.abstractions\10.0.0-preview.1.25080.5\lib\net10.0\Microsoft.Extensions.Logging.Abstractions.dll'
             C:\Users\chuck\.nuget\packages\microsoft.extensions.options\10.0.0-preview.1.25080.5\lib\net10.0\Microsoft.Extensions.Options.dll
                 Private = 'false'
                 HintPath = 'C:\Users\chuck\.nuget\packages\microsoft.extensions.options\10.0.0-preview.1.25080.5\lib\net10.0\Microsoft.Extensions.Options.dll'
             C:\Users\chuck\.nuget\packages\microsoft.extensions.primitives\10.0.0-preview.1.25080.5\lib\net10.0\Microsoft.Extensions.Primitives.dll
                 Private = 'false'
                 HintPath = 'C:\Users\chuck\.nuget\packages\microsoft.extensions.primitives\10.0.0-preview.1.25080.5\lib\net10.0\Microsoft.Extensions.Primitives.dll'
             C:\Users\chuck\.nuget\packages\serilog\4.2.0\lib\net9.0\Serilog.dll
                 Private = 'false'
                 HintPath = 'C:\Users\chuck\.nuget\packages\serilog\4.2.0\lib\net9.0\Serilog.dll'
             C:\Users\chuck\.nuget\packages\serilog.extensions.logging\9.0.1\lib\net9.0\Serilog.Extensions.Logging.dll
                 Private = 'false'
                 HintPath = 'C:\Users\chuck\.nuget\packages\serilog.extensions.logging\9.0.1\lib\net9.0\Serilog.Extensions.Logging.dll'
             C:\Users\chuck\.nuget\packages\serilog.sinks.file\6.0.0\lib\net8.0\Serilog.Sinks.File.dll
                 Private = 'false'
                 HintPath = 'C:\Users\chuck\.nuget\packages\serilog.sinks.file\6.0.0\lib\net8.0\Serilog.Sinks.File.dll'
             C:\Users\chuck\.nuget\packages\sharpziplib\1.4.2\lib\net6.0\ICSharpCode.SharpZipLib.dll
                 Private = 'false'
                 HintPath = 'C:\Users\chuck\.nuget\packages\sharpziplib\1.4.2\lib\net6.0\ICSharpCode.SharpZipLib.dll'
             C:\Users\chuck\.nuget\packages\sqlitepclraw.bundle_e_sqlite3\2.1.10\lib\netstandard2.0\SQLitePCLRaw.batteries_v2.dll
                 Private = 'false'
                 HintPath = 'C:\Users\chuck\.nuget\packages\sqlitepclraw.bundle_e_sqlite3\2.1.10\lib\netstandard2.0\SQLitePCLRaw.batteries_v2.dll'
             C:\Users\chuck\.nuget\packages\sqlitepclraw.core\2.1.10\lib\netstandard2.0\SQLitePCLRaw.core.dll
                 Private = 'false'
                 HintPath = 'C:\Users\chuck\.nuget\packages\sqlitepclraw.core\2.1.10\lib\netstandard2.0\SQLitePCLRaw.core.dll'
             C:\Users\chuck\.nuget\packages\sqlitepclraw.provider.e_sqlite3\2.1.10\lib\net6.0\SQLitePCLRaw.provider.e_sqlite3.dll
                 Private = 'false'
                 HintPath = 'C:\Users\chuck\.nuget\packages\sqlitepclraw.provider.e_sqlite3\2.1.10\lib\net6.0\SQLitePCLRaw.provider.e_sqlite3.dll'
             C:\Users\chuck\.nuget\packages\ssh.net\2025.1.0\lib\net9.0\Renci.SshNet.dll
                 Private = 'false'
                 HintPath = 'C:\Users\chuck\.nuget\packages\ssh.net\2025.1.0\lib\net9.0\Renci.SshNet.dll'
             C:\Users\chuck\.nuget\packages\system.interactive.async\7.0.0\ref\net10.0\System.Interactive.Async.dll
                 Private = 'false'
                 HintPath = 'C:\Users\chuck\.nuget\packages\system.interactive.async\7.0.0\ref\net10.0\System.Interactive.Async.dll'
             C:\Users\chuck\.nuget\packages\system.linq.async\7.0.0\ref\net10.0\System.Linq.Async.dll
                 Private = 'false'
                 HintPath = 'C:\Users\chuck\.nuget\packages\system.linq.async\7.0.0\ref\net10.0\System.Linq.Async.dll'
             C:\Users\chuck\.nuget\packages\testcontainers\4.11.0\lib\net10.0\Testcontainers.dll
                 Private = 'false'
                 HintPath = 'C:\Users\chuck\.nuget\packages\testcontainers\4.11.0\lib\net10.0\Testcontainers.dll'
             C:\Users\chuck\.nuget\packages\testcontainers.mssql\4.11.0\lib\net10.0\Testcontainers.MsSql.dll
                 Private = 'false'
                 HintPath = 'C:\Users\chuck\.nuget\packages\testcontainers.mssql\4.11.0\lib\net10.0\Testcontainers.MsSql.dll'
             C:\Users\chuck\.nuget\packages\testcontainers.oracle\4.11.0\lib\net10.0\Testcontainers.Oracle.dll
                 Private = 'false'
                 HintPath = 'C:\Users\chuck\.nuget\packages\testcontainers.oracle\4.11.0\lib\net10.0\Testcontainers.Oracle.dll'
             C:\Users\chuck\.nuget\packages\testcontainers.postgresql\4.11.0\lib\net10.0\Testcontainers.PostgreSql.dll
                 Private = 'false'
                 HintPath = 'C:\Users\chuck\.nuget\packages\testcontainers.postgresql\4.11.0\lib\net10.0\Testcontainers.PostgreSql.dll'
             C:\Program Files\dotnet\packs\Microsoft.NETCore.App.Ref\10.0.5\ref/net10.0/Microsoft.CSharp.dll
                 Private = 'false'
             C:\Program Files\dotnet\packs\Microsoft.NETCore.App.Ref\10.0.5\ref/net10.0/Microsoft.VisualBasic.Core.dll
                 Private = 'false'
             C:\Program Files\dotnet\packs\Microsoft.NETCore.App.Ref\10.0.5\ref/net10.0/Microsoft.VisualBasic.dll
                 Private = 'false'
             C:\Program Files\dotnet\packs\Microsoft.NETCore.App.Ref\10.0.5\ref/net10.0/Microsoft.Win32.Primitives.dll
                 Private = 'false'
             C:\Program Files\dotnet\packs\Microsoft.NETCore.App.Ref\10.0.5\ref/net10.0/Microsoft.Win32.Registry.dll
                 Private = 'false'
             C:\Program Files\dotnet\packs\Microsoft.NETCore.App.Ref\10.0.5\ref/net10.0/System.AppContext.dll
                 Private = 'false'
             C:\Program Files\dotnet\packs\Microsoft.NETCore.App.Ref\10.0.5\ref/net10.0/System.Buffers.dll
                 Private = 'false'
             C:\Program Files\dotnet\packs\Microsoft.NETCore.App.Ref\10.0.5\ref/net10.0/System.Collections.Concurrent.dll
                 Private = 'false'
             C:\Program Files\dotnet\packs\Microsoft.NETCore.App.Ref\10.0.5\ref/net10.0/System.Collections.Immutable.dll
                 Private = 'false'
             C:\Program Files\dotnet\packs\Microsoft.NETCore.App.Ref\10.0.5\ref/net10.0/System.Collections.NonGeneric.dll
                 Private = 'false'
             C:\Program Files\dotnet\packs\Microsoft.NETCore.App.Ref\10.0.5\ref/net10.0/System.Collections.Specialized.dll
                 Private = 'false'
             C:\Program Files\dotnet\packs\Microsoft.NETCore.App.Ref\10.0.5\ref/net10.0/System.Collections.dll
                 Private = 'false'
             C:\Program Files\dotnet\packs\Microsoft.NETCore.App.Ref\10.0.5\ref/net10.0/System.ComponentModel.Annotations.dll
                 Private = 'false'
             C:\Program Files\dotnet\packs\Microsoft.NETCore.App.Ref\10.0.5\ref/net10.0/System.ComponentModel.DataAnnotations.dll
                 Private = 'false'
             C:\Program Files\dotnet\packs\Microsoft.NETCore.App.Ref\10.0.5\ref/net10.0/System.ComponentModel.EventBasedAsync.dll
                 Private = 'false'
             C:\Program Files\dotnet\packs\Microsoft.NETCore.App.Ref\10.0.5\ref/net10.0/System.ComponentModel.Primitives.dll
                 Private = 'false'
             C:\Program Files\dotnet\packs\Microsoft.NETCore.App.Ref\10.0.5\ref/net10.0/System.ComponentModel.TypeConverter.dll
                 Private = 'false'
             C:\Program Files\dotnet\packs\Microsoft.NETCore.App.Ref\10.0.5\ref/net10.0/System.ComponentModel.dll
                 Private = 'false'
             C:\Program Files\dotnet\packs\Microsoft.NETCore.App.Ref\10.0.5\ref/net10.0/System.Configuration.dll
                 Private = 'false'
             C:\Program Files\dotnet\packs\Microsoft.NETCore.App.Ref\10.0.5\ref/net10.0/System.Console.dll
                 Private = 'false'
             C:\Program Files\dotnet\packs\Microsoft.NETCore.App.Ref\10.0.5\ref/net10.0/System.Core.dll
                 Private = 'false'
             C:\Program Files\dotnet\packs\Microsoft.NETCore.App.Ref\10.0.5\ref/net10.0/System.Data.Common.dll
                 Private = 'false'
             C:\Program Files\dotnet\packs\Microsoft.NETCore.App.Ref\10.0.5\ref/net10.0/System.Data.DataSetExtensions.dll
                 Private = 'false'
             C:\Program Files\dotnet\packs\Microsoft.NETCore.App.Ref\10.0.5\ref/net10.0/System.Data.dll
                 Private = 'false'
             C:\Program Files\dotnet\packs\Microsoft.NETCore.App.Ref\10.0.5\ref/net10.0/System.Diagnostics.Contracts.dll
                 Private = 'false'
             C:\Program Files\dotnet\packs\Microsoft.NETCore.App.Ref\10.0.5\ref/net10.0/System.Diagnostics.Debug.dll
                 Private = 'false'
             C:\Program Files\dotnet\packs\Microsoft.NETCore.App.Ref\10.0.5\ref/net10.0/System.Diagnostics.DiagnosticSource.dll
                 Private = 'false'
             C:\Program Files\dotnet\packs\Microsoft.NETCore.App.Ref\10.0.5\ref/net10.0/System.Diagnostics.FileVersionInfo.dll
                 Private = 'false'
             C:\Program Files\dotnet\packs\Microsoft.NETCore.App.Ref\10.0.5\ref/net10.0/System.Diagnostics.Process.dll
                 Private = 'false'
             C:\Program Files\dotnet\packs\Microsoft.NETCore.App.Ref\10.0.5\ref/net10.0/System.Diagnostics.StackTrace.dll
                 Private = 'false'
             C:\Program Files\dotnet\packs\Microsoft.NETCore.App.Ref\10.0.5\ref/net10.0/System.Diagnostics.TextWriterTraceListener.dll
                 Private = 'false'
             C:\Program Files\dotnet\packs\Microsoft.NETCore.App.Ref\10.0.5\ref/net10.0/System.Diagnostics.Tools.dll
                 Private = 'false'
             C:\Program Files\dotnet\packs\Microsoft.NETCore.App.Ref\10.0.5\ref/net10.0/System.Diagnostics.TraceSource.dll
                 Private = 'false'
             C:\Program Files\dotnet\packs\Microsoft.NETCore.App.Ref\10.0.5\ref/net10.0/System.Diagnostics.Tracing.dll
                 Private = 'false'
             C:\Program Files\dotnet\packs\Microsoft.NETCore.App.Ref\10.0.5\ref/net10.0/System.Drawing.Primitives.dll
                 Private = 'false'
             C:\Program Files\dotnet\packs\Microsoft.NETCore.App.Ref\10.0.5\ref/net10.0/System.Drawing.dll
                 Private = 'false'
             C:\Program Files\dotnet\packs\Microsoft.NETCore.App.Ref\10.0.5\ref/net10.0/System.Dynamic.Runtime.dll
                 Private = 'false'
             C:\Program Files\dotnet\packs\Microsoft.NETCore.App.Ref\10.0.5\ref/net10.0/System.Formats.Asn1.dll
                 Private = 'false'
             C:\Program Files\dotnet\packs\Microsoft.NETCore.App.Ref\10.0.5\ref/net10.0/System.Formats.Tar.dll
                 Private = 'false'
             C:\Program Files\dotnet\packs\Microsoft.NETCore.App.Ref\10.0.5\ref/net10.0/System.Globalization.Calendars.dll
                 Private = 'false'
             C:\Program Files\dotnet\packs\Microsoft.NETCore.App.Ref\10.0.5\ref/net10.0/System.Globalization.Extensions.dll
                 Private = 'false'
             C:\Program Files\dotnet\packs\Microsoft.NETCore.App.Ref\10.0.5\ref/net10.0/System.Globalization.dll
                 Private = 'false'
             C:\Program Files\dotnet\packs\Microsoft.NETCore.App.Ref\10.0.5\ref/net10.0/System.IO.Compression.Brotli.dll
                 Private = 'false'
             C:\Program Files\dotnet\packs\Microsoft.NETCore.App.Ref\10.0.5\ref/net10.0/System.IO.Compression.FileSystem.dll
                 Private = 'false'
             C:\Program Files\dotnet\packs\Microsoft.NETCore.App.Ref\10.0.5\ref/net10.0/System.IO.Compression.ZipFile.dll
                 Private = 'false'
             C:\Program Files\dotnet\packs\Microsoft.NETCore.App.Ref\10.0.5\ref/net10.0/System.IO.Compression.dll
                 Private = 'false'
             C:\Program Files\dotnet\packs\Microsoft.NETCore.App.Ref\10.0.5\ref/net10.0/System.IO.FileSystem.AccessControl.dll
                 Private = 'false'
             C:\Program Files\dotnet\packs\Microsoft.NETCore.App.Ref\10.0.5\ref/net10.0/System.IO.FileSystem.DriveInfo.dll
                 Private = 'false'
             C:\Program Files\dotnet\packs\Microsoft.NETCore.App.Ref\10.0.5\ref/net10.0/System.IO.FileSystem.Primitives.dll
                 Private = 'false'
             C:\Program Files\dotnet\packs\Microsoft.NETCore.App.Ref\10.0.5\ref/net10.0/System.IO.FileSystem.Watcher.dll
                 Private = 'false'
             C:\Program Files\dotnet\packs\Microsoft.NETCore.App.Ref\10.0.5\ref/net10.0/System.IO.FileSystem.dll
                 Private = 'false'
             C:\Program Files\dotnet\packs\Microsoft.NETCore.App.Ref\10.0.5\ref/net10.0/System.IO.IsolatedStorage.dll
                 Private = 'false'
             C:\Program Files\dotnet\packs\Microsoft.NETCore.App.Ref\10.0.5\ref/net10.0/System.IO.MemoryMappedFiles.dll
                 Private = 'false'
             C:\Program Files\dotnet\packs\Microsoft.NETCore.App.Ref\10.0.5\ref/net10.0/System.IO.Pipelines.dll
                 Private = 'false'
             C:\Program Files\dotnet\packs\Microsoft.NETCore.App.Ref\10.0.5\ref/net10.0/System.IO.Pipes.AccessControl.dll
                 Private = 'false'
             C:\Program Files\dotnet\packs\Microsoft.NETCore.App.Ref\10.0.5\ref/net10.0/System.IO.Pipes.dll
                 Private = 'false'
             C:\Program Files\dotnet\packs\Microsoft.NETCore.App.Ref\10.0.5\ref/net10.0/System.IO.UnmanagedMemoryStream.dll
                 Private = 'false'
             C:\Program Files\dotnet\packs\Microsoft.NETCore.App.Ref\10.0.5\ref/net10.0/System.IO.dll
                 Private = 'false'
             C:\Program Files\dotnet\packs\Microsoft.NETCore.App.Ref\10.0.5\ref/net10.0/System.Linq.AsyncEnumerable.dll
                 Private = 'false'
             C:\Program Files\dotnet\packs\Microsoft.NETCore.App.Ref\10.0.5\ref/net10.0/System.Linq.Expressions.dll
                 Private = 'false'
             C:\Program Files\dotnet\packs\Microsoft.NETCore.App.Ref\10.0.5\ref/net10.0/System.Linq.Parallel.dll
                 Private = 'false'
             C:\Program Files\dotnet\packs\Microsoft.NETCore.App.Ref\10.0.5\ref/net10.0/System.Linq.Queryable.dll
                 Private = 'false'
             C:\Program Files\dotnet\packs\Microsoft.NETCore.App.Ref\10.0.5\ref/net10.0/System.Linq.dll
                 Private = 'false'
             C:\Program Files\dotnet\packs\Microsoft.NETCore.App.Ref\10.0.5\ref/net10.0/System.Memory.dll
                 Private = 'false'
             C:\Program Files\dotnet\packs\Microsoft.NETCore.App.Ref\10.0.5\ref/net10.0/System.Net.Http.Json.dll
                 Private = 'false'
             C:\Program Files\dotnet\packs\Microsoft.NETCore.App.Ref\10.0.5\ref/net10.0/System.Net.Http.dll
                 Private = 'false'
             C:\Program Files\dotnet\packs\Microsoft.NETCore.App.Ref\10.0.5\ref/net10.0/System.Net.HttpListener.dll
                 Private = 'false'
             C:\Program Files\dotnet\packs\Microsoft.NETCore.App.Ref\10.0.5\ref/net10.0/System.Net.Mail.dll
                 Private = 'false'
             C:\Program Files\dotnet\packs\Microsoft.NETCore.App.Ref\10.0.5\ref/net10.0/System.Net.NameResolution.dll
                 Private = 'false'
             C:\Program Files\dotnet\packs\Microsoft.NETCore.App.Ref\10.0.5\ref/net10.0/System.Net.NetworkInformation.dll
                 Private = 'false'
             C:\Program Files\dotnet\packs\Microsoft.NETCore.App.Ref\10.0.5\ref/net10.0/System.Net.Ping.dll
                 Private = 'false'
             C:\Program Files\dotnet\packs\Microsoft.NETCore.App.Ref\10.0.5\ref/net10.0/System.Net.Primitives.dll
                 Private = 'false'
             C:\Program Files\dotnet\packs\Microsoft.NETCore.App.Ref\10.0.5\ref/net10.0/System.Net.Quic.dll
                 Private = 'false'
             C:\Program Files\dotnet\packs\Microsoft.NETCore.App.Ref\10.0.5\ref/net10.0/System.Net.Requests.dll
                 Private = 'false'
             C:\Program Files\dotnet\packs\Microsoft.NETCore.App.Ref\10.0.5\ref/net10.0/System.Net.Security.dll
                 Private = 'false'
             C:\Program Files\dotnet\packs\Microsoft.NETCore.App.Ref\10.0.5\ref/net10.0/System.Net.ServerSentEvents.dll
                 Private = 'false'
             C:\Program Files\dotnet\packs\Microsoft.NETCore.App.Ref\10.0.5\ref/net10.0/System.Net.ServicePoint.dll
                 Private = 'false'
             C:\Program Files\dotnet\packs\Microsoft.NETCore.App.Ref\10.0.5\ref/net10.0/System.Net.Sockets.dll
                 Private = 'false'
             C:\Program Files\dotnet\packs\Microsoft.NETCore.App.Ref\10.0.5\ref/net10.0/System.Net.WebClient.dll
                 Private = 'false'
             C:\Program Files\dotnet\packs\Microsoft.NETCore.App.Ref\10.0.5\ref/net10.0/System.Net.WebHeaderCollection.dll
                 Private = 'false'
             C:\Program Files\dotnet\packs\Microsoft.NETCore.App.Ref\10.0.5\ref/net10.0/System.Net.WebProxy.dll
                 Private = 'false'
             C:\Program Files\dotnet\packs\Microsoft.NETCore.App.Ref\10.0.5\ref/net10.0/System.Net.WebSockets.Client.dll
                 Private = 'false'
             C:\Program Files\dotnet\packs\Microsoft.NETCore.App.Ref\10.0.5\ref/net10.0/System.Net.WebSockets.dll
                 Private = 'false'
             C:\Program Files\dotnet\packs\Microsoft.NETCore.App.Ref\10.0.5\ref/net10.0/System.Net.dll
                 Private = 'false'
             C:\Program Files\dotnet\packs\Microsoft.NETCore.App.Ref\10.0.5\ref/net10.0/System.Numerics.Vectors.dll
                 Private = 'false'
             C:\Program Files\dotnet\packs\Microsoft.NETCore.App.Ref\10.0.5\ref/net10.0/System.Numerics.dll
                 Private = 'false'
             C:\Program Files\dotnet\packs\Microsoft.NETCore.App.Ref\10.0.5\ref/net10.0/System.ObjectModel.dll
                 Private = 'false'
             C:\Program Files\dotnet\packs\Microsoft.NETCore.App.Ref\10.0.5\ref/net10.0/System.Reflection.DispatchProxy.dll
                 Private = 'false'
             C:\Program Files\dotnet\packs\Microsoft.NETCore.App.Ref\10.0.5\ref/net10.0/System.Reflection.Emit.ILGeneration.dll
                 Private = 'false'
             C:\Program Files\dotnet\packs\Microsoft.NETCore.App.Ref\10.0.5\ref/net10.0/System.Reflection.Emit.Lightweight.dll
                 Private = 'false'
             C:\Program Files\dotnet\packs\Microsoft.NETCore.App.Ref\10.0.5\ref/net10.0/System.Reflection.Emit.dll
                 Private = 'false'
             C:\Program Files\dotnet\packs\Microsoft.NETCore.App.Ref\10.0.5\ref/net10.0/System.Reflection.Extensions.dll
                 Private = 'false'
             C:\Program Files\dotnet\packs\Microsoft.NETCore.App.Ref\10.0.5\ref/net10.0/System.Reflection.Metadata.dll
                 Private = 'false'
             C:\Program Files\dotnet\packs\Microsoft.NETCore.App.Ref\10.0.5\ref/net10.0/System.Reflection.Primitives.dll
                 Private = 'false'
             C:\Program Files\dotnet\packs\Microsoft.NETCore.App.Ref\10.0.5\ref/net10.0/System.Reflection.TypeExtensions.dll
                 Private = 'false'
             C:\Program Files\dotnet\packs\Microsoft.NETCore.App.Ref\10.0.5\ref/net10.0/System.Reflection.dll
                 Private = 'false'
             C:\Program Files\dotnet\packs\Microsoft.NETCore.App.Ref\10.0.5\ref/net10.0/System.Resources.Reader.dll
                 Private = 'false'
             C:\Program Files\dotnet\packs\Microsoft.NETCore.App.Ref\10.0.5\ref/net10.0/System.Resources.ResourceManager.dll
                 Private = 'false'
             C:\Program Files\dotnet\packs\Microsoft.NETCore.App.Ref\10.0.5\ref/net10.0/System.Resources.Writer.dll
                 Private = 'false'
             C:\Program Files\dotnet\packs\Microsoft.NETCore.App.Ref\10.0.5\ref/net10.0/System.Runtime.CompilerServices.Unsafe.dll
                 Private = 'false'
             C:\Program Files\dotnet\packs\Microsoft.NETCore.App.Ref\10.0.5\ref/net10.0/System.Runtime.CompilerServices.VisualC.dll
                 Private = 'false'
             C:\Program Files\dotnet\packs\Microsoft.NETCore.App.Ref\10.0.5\ref/net10.0/System.Runtime.Extensions.dll
                 Private = 'false'
             C:\Program Files\dotnet\packs\Microsoft.NETCore.App.Ref\10.0.5\ref/net10.0/System.Runtime.Handles.dll
                 Private = 'false'
             C:\Program Files\dotnet\packs\Microsoft.NETCore.App.Ref\10.0.5\ref/net10.0/System.Runtime.InteropServices.JavaScript.dll
                 Private = 'false'
             C:\Program Files\dotnet\packs\Microsoft.NETCore.App.Ref\10.0.5\ref/net10.0/System.Runtime.InteropServices.RuntimeInformation.dll
                 Private = 'false'
             C:\Program Files\dotnet\packs\Microsoft.NETCore.App.Ref\10.0.5\ref/net10.0/System.Runtime.InteropServices.dll
                 Private = 'false'
             C:\Program Files\dotnet\packs\Microsoft.NETCore.App.Ref\10.0.5\ref/net10.0/System.Runtime.Intrinsics.dll
                 Private = 'false'
             C:\Program Files\dotnet\packs\Microsoft.NETCore.App.Ref\10.0.5\ref/net10.0/System.Runtime.Loader.dll
                 Private = 'false'
             C:\Program Files\dotnet\packs\Microsoft.NETCore.App.Ref\10.0.5\ref/net10.0/System.Runtime.Numerics.dll
                 Private = 'false'
             C:\Program Files\dotnet\packs\Microsoft.NETCore.App.Ref\10.0.5\ref/net10.0/System.Runtime.Serialization.Formatters.dll
                 Private = 'false'
             C:\Program Files\dotnet\packs\Microsoft.NETCore.App.Ref\10.0.5\ref/net10.0/System.Runtime.Serialization.Json.dll
                 Private = 'false'
             C:\Program Files\dotnet\packs\Microsoft.NETCore.App.Ref\10.0.5\ref/net10.0/System.Runtime.Serialization.Primitives.dll
                 Private = 'false'
             C:\Program Files\dotnet\packs\Microsoft.NETCore.App.Ref\10.0.5\ref/net10.0/System.Runtime.Serialization.Xml.dll
                 Private = 'false'
             C:\Program Files\dotnet\packs\Microsoft.NETCore.App.Ref\10.0.5\ref/net10.0/System.Runtime.Serialization.dll
                 Private = 'false'
             C:\Program Files\dotnet\packs\Microsoft.NETCore.App.Ref\10.0.5\ref/net10.0/System.Runtime.dll
                 Private = 'false'
             C:\Program Files\dotnet\packs\Microsoft.NETCore.App.Ref\10.0.5\ref/net10.0/System.Security.AccessControl.dll
                 Private = 'false'
             C:\Program Files\dotnet\packs\Microsoft.NETCore.App.Ref\10.0.5\ref/net10.0/System.Security.Claims.dll
                 Private = 'false'
             C:\Program Files\dotnet\packs\Microsoft.NETCore.App.Ref\10.0.5\ref/net10.0/System.Security.Cryptography.Algorithms.dll
                 Private = 'false'
             C:\Program Files\dotnet\packs\Microsoft.NETCore.App.Ref\10.0.5\ref/net10.0/System.Security.Cryptography.Cng.dll
                 Private = 'false'
             C:\Program Files\dotnet\packs\Microsoft.NETCore.App.Ref\10.0.5\ref/net10.0/System.Security.Cryptography.Csp.dll
                 Private = 'false'
             C:\Program Files\dotnet\packs\Microsoft.NETCore.App.Ref\10.0.5\ref/net10.0/System.Security.Cryptography.Encoding.dll
                 Private = 'false'
             C:\Program Files\dotnet\packs\Microsoft.NETCore.App.Ref\10.0.5\ref/net10.0/System.Security.Cryptography.OpenSsl.dll
                 Private = 'false'
             C:\Program Files\dotnet\packs\Microsoft.NETCore.App.Ref\10.0.5\ref/net10.0/System.Security.Cryptography.Primitives.dll
                 Private = 'false'
             C:\Program Files\dotnet\packs\Microsoft.NETCore.App.Ref\10.0.5\ref/net10.0/System.Security.Cryptography.X509Certificates.dll
                 Private = 'false'
             C:\Program Files\dotnet\packs\Microsoft.NETCore.App.Ref\10.0.5\ref/net10.0/System.Security.Cryptography.dll
                 Private = 'false'
             C:\Program Files\dotnet\packs\Microsoft.NETCore.App.Ref\10.0.5\ref/net10.0/System.Security.Principal.Windows.dll
                 Private = 'false'
             C:\Program Files\dotnet\packs\Microsoft.NETCore.App.Ref\10.0.5\ref/net10.0/System.Security.Principal.dll
                 Private = 'false'
             C:\Program Files\dotnet\packs\Microsoft.NETCore.App.Ref\10.0.5\ref/net10.0/System.Security.SecureString.dll
                 Private = 'false'
             C:\Program Files\dotnet\packs\Microsoft.NETCore.App.Ref\10.0.5\ref/net10.0/System.Security.dll
                 Private = 'false'
             C:\Program Files\dotnet\packs\Microsoft.NETCore.App.Ref\10.0.5\ref/net10.0/System.ServiceModel.Web.dll
                 Private = 'false'
             C:\Program Files\dotnet\packs\Microsoft.NETCore.App.Ref\10.0.5\ref/net10.0/System.ServiceProcess.dll
                 Private = 'false'
             C:\Program Files\dotnet\packs\Microsoft.NETCore.App.Ref\10.0.5\ref/net10.0/System.Text.Encoding.CodePages.dll
                 Private = 'false'
             C:\Program Files\dotnet\packs\Microsoft.NETCore.App.Ref\10.0.5\ref/net10.0/System.Text.Encoding.Extensions.dll
                 Private = 'false'
             C:\Program Files\dotnet\packs\Microsoft.NETCore.App.Ref\10.0.5\ref/net10.0/System.Text.Encoding.dll
                 Private = 'false'
             C:\Program Files\dotnet\packs\Microsoft.NETCore.App.Ref\10.0.5\ref/net10.0/System.Text.Encodings.Web.dll
                 Private = 'false'
             C:\Program Files\dotnet\packs\Microsoft.NETCore.App.Ref\10.0.5\ref/net10.0/System.Text.Json.dll
                 Private = 'false'
             C:\Program Files\dotnet\packs\Microsoft.NETCore.App.Ref\10.0.5\ref/net10.0/System.Text.RegularExpressions.dll
                 Private = 'false'
             C:\Program Files\dotnet\packs\Microsoft.NETCore.App.Ref\10.0.5\ref/net10.0/System.Threading.AccessControl.dll
                 Private = 'false'
             C:\Program Files\dotnet\packs\Microsoft.NETCore.App.Ref\10.0.5\ref/net10.0/System.Threading.Channels.dll
                 Private = 'false'
             C:\Program Files\dotnet\packs\Microsoft.NETCore.App.Ref\10.0.5\ref/net10.0/System.Threading.Overlapped.dll
                 Private = 'false'
             C:\Program Files\dotnet\packs\Microsoft.NETCore.App.Ref\10.0.5\ref/net10.0/System.Threading.Tasks.Dataflow.dll
                 Private = 'false'
             C:\Program Files\dotnet\packs\Microsoft.NETCore.App.Ref\10.0.5\ref/net10.0/System.Threading.Tasks.Extensions.dll
                 Private = 'false'
             C:\Program Files\dotnet\packs\Microsoft.NETCore.App.Ref\10.0.5\ref/net10.0/System.Threading.Tasks.Parallel.dll
                 Private = 'false'
             C:\Program Files\dotnet\packs\Microsoft.NETCore.App.Ref\10.0.5\ref/net10.0/System.Threading.Tasks.dll
                 Private = 'false'
             C:\Program Files\dotnet\packs\Microsoft.NETCore.App.Ref\10.0.5\ref/net10.0/System.Threading.Thread.dll
                 Private = 'false'
             C:\Program Files\dotnet\packs\Microsoft.NETCore.App.Ref\10.0.5\ref/net10.0/System.Threading.ThreadPool.dll
                 Private = 'false'
             C:\Program Files\dotnet\packs\Microsoft.NETCore.App.Ref\10.0.5\ref/net10.0/System.Threading.Timer.dll
                 Private = 'false'
             C:\Program Files\dotnet\packs\Microsoft.NETCore.App.Ref\10.0.5\ref/net10.0/System.Threading.dll
                 Private = 'false'
             C:\Program Files\dotnet\packs\Microsoft.NETCore.App.Ref\10.0.5\ref/net10.0/System.Transactions.Local.dll
                 Private = 'false'
             C:\Program Files\dotnet\packs\Microsoft.NETCore.App.Ref\10.0.5\ref/net10.0/System.Transactions.dll
                 Private = 'false'
             C:\Program Files\dotnet\packs\Microsoft.NETCore.App.Ref\10.0.5\ref/net10.0/System.ValueTuple.dll
                 Private = 'false'
             C:\Program Files\dotnet\packs\Microsoft.NETCore.App.Ref\10.0.5\ref/net10.0/System.Web.HttpUtility.dll
                 Private = 'false'
             C:\Program Files\dotnet\packs\Microsoft.NETCore.App.Ref\10.0.5\ref/net10.0/System.Web.dll
                 Private = 'false'
             C:\Program Files\dotnet\packs\Microsoft.NETCore.App.Ref\10.0.5\ref/net10.0/System.Windows.dll
                 Private = 'false'
             C:\Program Files\dotnet\packs\Microsoft.NETCore.App.Ref\10.0.5\ref/net10.0/System.Xml.Linq.dll
                 Private = 'false'
             C:\Program Files\dotnet\packs\Microsoft.NETCore.App.Ref\10.0.5\ref/net10.0/System.Xml.ReaderWriter.dll
                 Private = 'false'
             C:\Program Files\dotnet\packs\Microsoft.NETCore.App.Ref\10.0.5\ref/net10.0/System.Xml.Serialization.dll
                 Private = 'false'
             C:\Program Files\dotnet\packs\Microsoft.NETCore.App.Ref\10.0.5\ref/net10.0/System.Xml.XDocument.dll
                 Private = 'false'
             C:\Program Files\dotnet\packs\Microsoft.NETCore.App.Ref\10.0.5\ref/net10.0/System.Xml.XPath.XDocument.dll
                 Private = 'false'
             C:\Program Files\dotnet\packs\Microsoft.NETCore.App.Ref\10.0.5\ref/net10.0/System.Xml.XPath.dll
                 Private = 'false'
             C:\Program Files\dotnet\packs\Microsoft.NETCore.App.Ref\10.0.5\ref/net10.0/System.Xml.XmlDocument.dll
                 Private = 'false'
             C:\Program Files\dotnet\packs\Microsoft.NETCore.App.Ref\10.0.5\ref/net10.0/System.Xml.XmlSerializer.dll
                 Private = 'false'
             C:\Program Files\dotnet\packs\Microsoft.NETCore.App.Ref\10.0.5\ref/net10.0/System.Xml.dll
                 Private = 'false'
             C:\Program Files\dotnet\packs\Microsoft.NETCore.App.Ref\10.0.5\ref/net10.0/System.dll
                 Private = 'false'
             C:\Program Files\dotnet\packs\Microsoft.NETCore.App.Ref\10.0.5\ref/net10.0/WindowsBase.dll
                 Private = 'false'
             C:\Program Files\dotnet\packs\Microsoft.NETCore.App.Ref\10.0.5\ref/net10.0/mscorlib.dll
                 Private = 'false'
             C:\Program Files\dotnet\packs\Microsoft.NETCore.App.Ref\10.0.5\ref/net10.0/netstandard.dll
                 Private = 'false'
         AssemblyFiles:
         CandidateAssemblyFiles:
         TargetFrameworkDirectories:
             
         NonCultureResourceDirectories:
             
         InstalledAssemblyTables:
         IgnoreInstalledAssemblyTable:
             False
         SearchPaths:
             {CandidateAssemblyFiles}
             {HintPathFromItem}
             {TargetFrameworkDirectory}
             {RawFileName}
         AllowedAssemblyExtensions:
             .winmd
             .dll
             .exe
         AllowedRelatedFileExtensions:
             .pdb
             .xml
             .pri
             .dll.config
             .exe.config
         AppConfigFile:
             
         AutoUnify:
             True
         EnableCustomCulture:
             False
         EnableCustomCulture:
             False
         CopyLocalDependenciesWhenParentReferenceInGac:
             True
         FindDependencies:
             True
         TargetProcessorArchitecture:
             msil
         StateFile:
             obj\Debug\net10.0\ETL-SQL.Core.csproj.AssemblyReference.cache
         InstalledAssemblySubsetTables:
         IgnoreInstalledAssemblySubsetTable:
             False
         TargetFrameworkSubsets:
         FullTargetFrameworkSubsetNames:
             Full
         ProfileName:
             
         FullFrameworkFolders:
         LatestTargetFrameworkDirectories:
         ProfileTablesLocation:
         Primary reference "BouncyCastle.Cryptography, Version=2.0.0.0, Culture=neutral, PublicKeyToken=072edcf4a5328938".
             Resolved file path is "C:\Users\chuck\.nuget\packages\bouncycastle.cryptography\2.6.2\lib\net6.0\BouncyCastle.Cryptography.dll".
             Reference found at search path location "{HintPathFromItem}".
             This reference is not "CopyLocal" because at least one source item had "Private" set to "false" and no source items had "Private" set to "true".
         Primary reference "Docker.DotNet, Version=3.131.0.0, Culture=neutral, PublicKeyToken=e628c633e2cf4146".
             Resolved file path is "C:\Users\chuck\.nuget\packages\docker.dotnet.enhanced\3.131.1\lib\net10.0\Docker.DotNet.dll".
             Reference found at search path location "{HintPathFromItem}".
             This reference is not "CopyLocal" because at least one source item had "Private" set to "false" and no source items had "Private" set to "true".
         Primary reference "Docker.DotNet.X509, Version=3.131.0.0, Culture=neutral, PublicKeyToken=e628c633e2cf4146".
             Resolved file path is "C:\Users\chuck\.nuget\packages\docker.dotnet.enhanced.x509\3.131.1\lib\net10.0\Docker.DotNet.X509.dll".
             Reference found at search path location "{HintPathFromItem}".
             This reference is not "CopyLocal" because at least one source item had "Private" set to "false" and no source items had "Private" set to "true".
         Primary reference "Microsoft.Data.Sqlite, Version=9.0.2.0, Culture=neutral, PublicKeyToken=adb9793829ddae60".
             Resolved file path is "C:\Users\chuck\.nuget\packages\microsoft.data.sqlite.core\9.0.2\lib\net8.0\Microsoft.Data.Sqlite.dll".
             Reference found at search path location "{HintPathFromItem}".
             This reference is not "CopyLocal" because at least one source item had "Private" set to "false" and no source items had "Private" set to "true".
         Primary reference "Microsoft.Extensions.DependencyInjection, Version=10.0.0.0, Culture=neutral, PublicKeyToken=adb9793829ddae60".
             Resolved file path is "C:\Users\chuck\.nuget\packages\microsoft.extensions.dependencyinjection\10.0.5\lib\net10.0\Microsoft.Extensions.DependencyInjection.dll".
             Reference found at search path location "{HintPathFromItem}".
             This reference is not "CopyLocal" because at least one source item had "Private" set to "false" and no source items had "Private" set to "true".
         Primary reference "Microsoft.Extensions.DependencyInjection.Abstractions, Version=10.0.0.0, Culture=neutral, PublicKeyToken=adb9793829ddae60".
             Resolved file path is "C:\Users\chuck\.nuget\packages\microsoft.extensions.dependencyinjection.abstractions\10.0.5\lib\net10.0\Microsoft.Extensions.DependencyInjection.Abstractions.dll".
             Reference found at search path location "{HintPathFromItem}".
             This reference is not "CopyLocal" because at least one source item had "Private" set to "false" and no source items had "Private" set to "true".
         Primary reference "Microsoft.Extensions.Logging, Version=10.0.0.0, Culture=neutral, PublicKeyToken=adb9793829ddae60".
             Resolved file path is "C:\Users\chuck\.nuget\packages\microsoft.extensions.logging\10.0.0-preview.1.25080.5\lib\net10.0\Microsoft.Extensions.Logging.dll".
             Reference found at search path location "{HintPathFromItem}".
             This reference is not "CopyLocal" because at least one source item had "Private" set to "false" and no source items had "Private" set to "true".
         Primary reference "Microsoft.Extensions.Logging.Abstractions, Version=10.0.0.0, Culture=neutral, PublicKeyToken=adb9793829ddae60".
             Resolved file path is "C:\Users\chuck\.nuget\packages\microsoft.extensions.logging.abstractions\10.0.0-preview.1.25080.5\lib\net10.0\Microsoft.Extensions.Logging.Abstractions.dll".
             Reference found at search path location "{HintPathFromItem}".
             This reference is not "CopyLocal" because at least one source item had "Private" set to "false" and no source items had "Private" set to "true".
         Primary reference "Microsoft.Extensions.Options, Version=10.0.0.0, Culture=neutral, PublicKeyToken=adb9793829ddae60".
             Resolved file path is "C:\Users\chuck\.nuget\packages\microsoft.extensions.options\10.0.0-preview.1.25080.5\lib\net10.0\Microsoft.Extensions.Options.dll".
             Reference found at search path location "{HintPathFromItem}".
             This reference is not "CopyLocal" because at least one source item had "Private" set to "false" and no source items had "Private" set to "true".
         Primary reference "Microsoft.Extensions.Primitives, Version=10.0.0.0, Culture=neutral, PublicKeyToken=adb9793829ddae60".
             Resolved file path is "C:\Users\chuck\.nuget\packages\microsoft.extensions.primitives\10.0.0-preview.1.25080.5\lib\net10.0\Microsoft.Extensions.Primitives.dll".
             Reference found at search path location "{HintPathFromItem}".
             This reference is not "CopyLocal" because at least one source item had "Private" set to "false" and no source items had "Private" set to "true".
         Primary reference "Serilog, Version=4.2.0.0, Culture=neutral, PublicKeyToken=24c2f752a8e58a10".
             Resolved file path is "C:\Users\chuck\.nuget\packages\serilog\4.2.0\lib\net9.0\Serilog.dll".
             Reference found at search path location "{HintPathFromItem}".
             This reference is not "CopyLocal" because at least one source item had "Private" set to "false" and no source items had "Private" set to "true".
         Primary reference "Serilog.Extensions.Logging, Version=9.0.1.0, Culture=neutral, PublicKeyToken=24c2f752a8e58a10".
             Resolved file path is "C:\Users\chuck\.nuget\packages\serilog.extensions.logging\9.0.1\lib\net9.0\Serilog.Extensions.Logging.dll".
             Reference found at search path location "{HintPathFromItem}".
             This reference is not "CopyLocal" because at least one source item had "Private" set to "false" and no source items had "Private" set to "true".
         Primary reference "Serilog.Sinks.File, Version=6.0.0.0, Culture=neutral, PublicKeyToken=24c2f752a8e58a10".
             Resolved file path is "C:\Users\chuck\.nuget\packages\serilog.sinks.file\6.0.0\lib\net8.0\Serilog.Sinks.File.dll".
             Reference found at search path location "{HintPathFromItem}".
             This reference is not "CopyLocal" because at least one source item had "Private" set to "false" and no source items had "Private" set to "true".
         Primary reference "ICSharpCode.SharpZipLib, Version=1.4.2.13, Culture=neutral, PublicKeyToken=1b03e6acf1164f73".
             Resolved file path is "C:\Users\chuck\.nuget\packages\sharpziplib\1.4.2\lib\net6.0\ICSharpCode.SharpZipLib.dll".
             Reference found at search path location "{HintPathFromItem}".
             This reference is not "CopyLocal" because at least one source item had "Private" set to "false" and no source items had "Private" set to "true".
         Primary reference "SQLitePCLRaw.batteries_v2, Version=2.1.10.2445, Culture=neutral, PublicKeyToken=8226ea5df37bcae9".
             Resolved file path is "C:\Users\chuck\.nuget\packages\sqlitepclraw.bundle_e_sqlite3\2.1.10\lib\netstandard2.0\SQLitePCLRaw.batteries_v2.dll".
             Reference found at search path location "{HintPathFromItem}".
             This reference is not "CopyLocal" because at least one source item had "Private" set to "false" and no source items had "Private" set to "true".
         Primary reference "SQLitePCLRaw.core, Version=2.1.10.2445, Culture=neutral, PublicKeyToken=1488e028ca7ab535".
             Resolved file path is "C:\Users\chuck\.nuget\packages\sqlitepclraw.core\2.1.10\lib\netstandard2.0\SQLitePCLRaw.core.dll".
             Reference found at search path location "{HintPathFromItem}".
             This reference is not "CopyLocal" because at least one source item had "Private" set to "false" and no source items had "Private" set to "true".
         Primary reference "SQLitePCLRaw.provider.e_sqlite3, Version=2.1.10.2445, Culture=neutral, PublicKeyToken=9c301db686d0bd12".
             Resolved file path is "C:\Users\chuck\.nuget\packages\sqlitepclraw.provider.e_sqlite3\2.1.10\lib\net6.0\SQLitePCLRaw.provider.e_sqlite3.dll".
             Reference found at search path location "{HintPathFromItem}".
             This reference is not "CopyLocal" because at least one source item had "Private" set to "false" and no source items had "Private" set to "true".
         Primary reference "Renci.SshNet, Version=2025.1.0.1, Culture=neutral, PublicKeyToken=1cee9f8bde3db106".
             Resolved file path is "C:\Users\chuck\.nuget\packages\ssh.net\2025.1.0\lib\net9.0\Renci.SshNet.dll".
             Reference found at search path location "{HintPathFromItem}".
             This reference is not "CopyLocal" because at least one source item had "Private" set to "false" and no source items had "Private" set to "true".
         Primary reference "System.Interactive.Async, Version=7.0.0.0, Culture=neutral, PublicKeyToken=94bc3704cddfc263".
             Resolved file path is "C:\Users\chuck\.nuget\packages\system.interactive.async\7.0.0\ref\net10.0\System.Interactive.Async.dll".
             Reference found at search path location "{HintPathFromItem}".
             This reference is not "CopyLocal" because at least one source item had "Private" set to "false" and no source items had "Private" set to "true".
         Primary reference "System.Linq.Async, Version=7.0.0.0, Culture=neutral, PublicKeyToken=94bc3704cddfc263".
             Resolved file path is "C:\Users\chuck\.nuget\packages\system.linq.async\7.0.0\ref\net10.0\System.Linq.Async.dll".
             Reference found at search path location "{HintPathFromItem}".
             This reference is not "CopyLocal" because at least one source item had "Private" set to "false" and no source items had "Private" set to "true".
         Primary reference "Testcontainers, Version=4.11.0.0, Culture=neutral, PublicKeyToken=e4b565b6322a8e33".
             Resolved file path is "C:\Users\chuck\.nuget\packages\testcontainers\4.11.0\lib\net10.0\Testcontainers.dll".
             Reference found at search path location "{HintPathFromItem}".
             This reference is not "CopyLocal" because at least one source item had "Private" set to "false" and no source items had "Private" set to "true".
         Primary reference "Testcontainers.MsSql, Version=4.11.0.0, Culture=neutral, PublicKeyToken=e4b565b6322a8e33".
             Resolved file path is "C:\Users\chuck\.nuget\packages\testcontainers.mssql\4.11.0\lib\net10.0\Testcontainers.MsSql.dll".
             Reference found at search path location "{HintPathFromItem}".
             This reference is not "CopyLocal" because at least one source item had "Private" set to "false" and no source items had "Private" set to "true".
         Primary reference "Testcontainers.Oracle, Version=4.11.0.0, Culture=neutral, PublicKeyToken=e4b565b6322a8e33".
             Resolved file path is "C:\Users\chuck\.nuget\packages\testcontainers.oracle\4.11.0\lib\net10.0\Testcontainers.Oracle.dll".
             Reference found at search path location "{HintPathFromItem}".
             This reference is not "CopyLocal" because at least one source item had "Private" set to "false" and no source items had "Private" set to "true".
         Primary reference "Testcontainers.PostgreSql, Version=4.11.0.0, Culture=neutral, PublicKeyToken=e4b565b6322a8e33".
             Resolved file path is "C:\Users\chuck\.nuget\packages\testcontainers.postgresql\4.11.0\lib\net10.0\Testcontainers.PostgreSql.dll".
             Reference found at search path location "{HintPathFromItem}".
             This reference is not "CopyLocal" because at least one source item had "Private" set to "false" and no source items had "Private" set to "true".
         Primary reference "Microsoft.CSharp, Version=10.0.0.0, Culture=neutral, PublicKeyToken=b03f5f7f11d50a3a".
             Resolved file path is "C:\Program Files\dotnet\packs\Microsoft.NETCore.App.Ref\10.0.5\ref\net10.0\Microsoft.CSharp.dll".
             Reference found at search path location "{RawFileName}".
             This reference is not "CopyLocal" because at least one source item had "Private" set to "false" and no source items had "Private" set to "true".
         Primary reference "Microsoft.VisualBasic.Core, Version=15.0.0.0, Culture=neutral, PublicKeyToken=b03f5f7f11d50a3a".
             Resolved file path is "C:\Program Files\dotnet\packs\Microsoft.NETCore.App.Ref\10.0.5\ref\net10.0\Microsoft.VisualBasic.Core.dll".
             Reference found at search path location "{RawFileName}".
             This reference is not "CopyLocal" because at least one source item had "Private" set to "false" and no source items had "Private" set to "true".
         Primary reference "Microsoft.VisualBasic, Version=10.0.0.0, Culture=neutral, PublicKeyToken=b03f5f7f11d50a3a".
             Resolved file path is "C:\Program Files\dotnet\packs\Microsoft.NETCore.App.Ref\10.0.5\ref\net10.0\Microsoft.VisualBasic.dll".
             Reference found at search path location "{RawFileName}".
             This reference is not "CopyLocal" because at least one source item had "Private" set to "false" and no source items had "Private" set to "true".
         Primary reference "Microsoft.Win32.Primitives, Version=10.0.0.0, Culture=neutral, PublicKeyToken=b03f5f7f11d50a3a".
             Resolved file path is "C:\Program Files\dotnet\packs\Microsoft.NETCore.App.Ref\10.0.5\ref\net10.0\Microsoft.Win32.Primitives.dll".
             Reference found at search path location "{RawFileName}".
             This reference is not "CopyLocal" because at least one source item had "Private" set to "false" and no source items had "Private" set to "true".
         Primary reference "Microsoft.Win32.Registry, Version=10.0.0.0, Culture=neutral, PublicKeyToken=b03f5f7f11d50a3a".
             Resolved file path is "C:\Program Files\dotnet\packs\Microsoft.NETCore.App.Ref\10.0.5\ref\net10.0\Microsoft.Win32.Registry.dll".
             Reference found at search path location "{RawFileName}".
             This reference is not "CopyLocal" because at least one source item had "Private" set to "false" and no source items had "Private" set to "true".
         Primary reference "System.AppContext, Version=10.0.0.0, Culture=neutral, PublicKeyToken=b03f5f7f11d50a3a".
             Resolved file path is "C:\Program Files\dotnet\packs\Microsoft.NETCore.App.Ref\10.0.5\ref\net10.0\System.AppContext.dll".
             Reference found at search path location "{RawFileName}".
             This reference is not "CopyLocal" because at least one source item had "Private" set to "false" and no source items had "Private" set to "true".
         Primary reference "System.Buffers, Version=10.0.0.0, Culture=neutral, PublicKeyToken=cc7b13ffcd2ddd51".
             Resolved file path is "C:\Program Files\dotnet\packs\Microsoft.NETCore.App.Ref\10.0.5\ref\net10.0\System.Buffers.dll".
             Reference found at search path location "{RawFileName}".
             This reference is not "CopyLocal" because at least one source item had "Private" set to "false" and no source items had "Private" set to "true".
         Primary reference "System.Collections.Concurrent, Version=10.0.0.0, Culture=neutral, PublicKeyToken=b03f5f7f11d50a3a".
             Resolved file path is "C:\Program Files\dotnet\packs\Microsoft.NETCore.App.Ref\10.0.5\ref\net10.0\System.Collections.Concurrent.dll".
             Reference found at search path location "{RawFileName}".
             This reference is not "CopyLocal" because at least one source item had "Private" set to "false" and no source items had "Private" set to "true".
         Primary reference "System.Collections.Immutable, Version=10.0.0.0, Culture=neutral, PublicKeyToken=b03f5f7f11d50a3a".
             Resolved file path is "C:\Program Files\dotnet\packs\Microsoft.NETCore.App.Ref\10.0.5\ref\net10.0\System.Collections.Immutable.dll".
             Reference found at search path location "{RawFileName}".
             This reference is not "CopyLocal" because at least one source item had "Private" set to "false" and no source items had "Private" set to "true".
         Primary reference "System.Collections.NonGeneric, Version=10.0.0.0, Culture=neutral, PublicKeyToken=b03f5f7f11d50a3a".
             Resolved file path is "C:\Program Files\dotnet\packs\Microsoft.NETCore.App.Ref\10.0.5\ref\net10.0\System.Collections.NonGeneric.dll".
             Reference found at search path location "{RawFileName}".
             This reference is not "CopyLocal" because at least one source item had "Private" set to "false" and no source items had "Private" set to "true".
         Primary reference "System.Collections.Specialized, Version=10.0.0.0, Culture=neutral, PublicKeyToken=b03f5f7f11d50a3a".
             Resolved file path is "C:\Program Files\dotnet\packs\Microsoft.NETCore.App.Ref\10.0.5\ref\net10.0\System.Collections.Specialized.dll".
             Reference found at search path location "{RawFileName}".
             This reference is not "CopyLocal" because at least one source item had "Private" set to "false" and no source items had "Private" set to "true".
         Primary reference "System.Collections, Version=10.0.0.0, Culture=neutral, PublicKeyToken=b03f5f7f11d50a3a".
             Resolved file path is "C:\Program Files\dotnet\packs\Microsoft.NETCore.App.Ref\10.0.5\ref\net10.0\System.Collections.dll".
             Reference found at search path location "{RawFileName}".
             This reference is not "CopyLocal" because at least one source item had "Private" set to "false" and no source items had "Private" set to "true".
         Primary reference "System.ComponentModel.Annotations, Version=10.0.0.0, Culture=neutral, PublicKeyToken=b03f5f7f11d50a3a".
             Resolved file path is "C:\Program Files\dotnet\packs\Microsoft.NETCore.App.Ref\10.0.5\ref\net10.0\System.ComponentModel.Annotations.dll".
             Reference found at search path location "{RawFileName}".
             This reference is not "CopyLocal" because at least one source item had "Private" set to "false" and no source items had "Private" set to "true".
         Primary reference "System.ComponentModel.DataAnnotations, Version=4.0.0.0, Culture=neutral, PublicKeyToken=31bf3856ad364e35".
             Resolved file path is "C:\Program Files\dotnet\packs\Microsoft.NETCore.App.Ref\10.0.5\ref\net10.0\System.ComponentModel.DataAnnotations.dll".
             Reference found at search path location "{RawFileName}".
             This reference is not "CopyLocal" because at least one source item had "Private" set to "false" and no source items had "Private" set to "true".
         Primary reference "System.ComponentModel.EventBasedAsync, Version=10.0.0.0, Culture=neutral, PublicKeyToken=b03f5f7f11d50a3a".
             Resolved file path is "C:\Program Files\dotnet\packs\Microsoft.NETCore.App.Ref\10.0.5\ref\net10.0\System.ComponentModel.EventBasedAsync.dll".
             Reference found at search path location "{RawFileName}".
             This reference is not "CopyLocal" because at least one source item had "Private" set to "false" and no source items had "Private" set to "true".
         Primary reference "System.ComponentModel.Primitives, Version=10.0.0.0, Culture=neutral, PublicKeyToken=b03f5f7f11d50a3a".
             Resolved file path is "C:\Program Files\dotnet\packs\Microsoft.NETCore.App.Ref\10.0.5\ref\net10.0\System.ComponentModel.Primitives.dll".
             Reference found at search path location "{RawFileName}".
             This reference is not "CopyLocal" because at least one source item had "Private" set to "false" and no source items had "Private" set to "true".
         Primary reference "System.ComponentModel.TypeConverter, Version=10.0.0.0, Culture=neutral, PublicKeyToken=b03f5f7f11d50a3a".
             Resolved file path is "C:\Program Files\dotnet\packs\Microsoft.NETCore.App.Ref\10.0.5\ref\net10.0\System.ComponentModel.TypeConverter.dll".
             Reference found at search path location "{RawFileName}".
             This reference is not "CopyLocal" because at least one source item had "Private" set to "false" and no source items had "Private" set to "true".
         Primary reference "System.ComponentModel, Version=10.0.0.0, Culture=neutral, PublicKeyToken=b03f5f7f11d50a3a".
             Resolved file path is "C:\Program Files\dotnet\packs\Microsoft.NETCore.App.Ref\10.0.5\ref\net10.0\System.ComponentModel.dll".
             Reference found at search path location "{RawFileName}".
             This reference is not "CopyLocal" because at least one source item had "Private" set to "false" and no source items had "Private" set to "true".
         Primary reference "System.Configuration, Version=4.0.0.0, Culture=neutral, PublicKeyToken=b03f5f7f11d50a3a".
             Resolved file path is "C:\Program Files\dotnet\packs\Microsoft.NETCore.App.Ref\10.0.5\ref\net10.0\System.Configuration.dll".
             Reference found at search path location "{RawFileName}".
             This reference is not "CopyLocal" because at least one source item had "Private" set to "false" and no source items had "Private" set to "true".
         Primary reference "System.Console, Version=10.0.0.0, Culture=neutral, PublicKeyToken=b03f5f7f11d50a3a".
             Resolved file path is "C:\Program Files\dotnet\packs\Microsoft.NETCore.App.Ref\10.0.5\ref\net10.0\System.Console.dll".
             Reference found at search path location "{RawFileName}".
             This reference is not "CopyLocal" because at least one source item had "Private" set to "false" and no source items had "Private" set to "true".
         Primary reference "System.Core, Version=4.0.0.0, Culture=neutral, PublicKeyToken=b77a5c561934e089".
             Resolved file path is "C:\Program Files\dotnet\packs\Microsoft.NETCore.App.Ref\10.0.5\ref\net10.0\System.Core.dll".
             Reference found at search path location "{RawFileName}".
             This reference is not "CopyLocal" because at least one source item had "Private" set to "false" and no source items had "Private" set to "true".
         Primary reference "System.Data.Common, Version=10.0.0.0, Culture=neutral, PublicKeyToken=b03f5f7f11d50a3a".
             Resolved file path is "C:\Program Files\dotnet\packs\Microsoft.NETCore.App.Ref\10.0.5\ref\net10.0\System.Data.Common.dll".
             Reference found at search path location "{RawFileName}".
             This reference is not "CopyLocal" because at least one source item had "Private" set to "false" and no source items had "Private" set to "true".
         Primary reference "System.Data.DataSetExtensions, Version=10.0.0.0, Culture=neutral, PublicKeyToken=b77a5c561934e089".
             Resolved file path is "C:\Program Files\dotnet\packs\Microsoft.NETCore.App.Ref\10.0.5\ref\net10.0\System.Data.DataSetExtensions.dll".
             Reference found at search path location "{RawFileName}".
             This reference is not "CopyLocal" because at least one source item had "Private" set to "false" and no source items had "Private" set to "true".
         Primary reference "System.Data, Version=4.0.0.0, Culture=neutral, PublicKeyToken=b77a5c561934e089".
             Resolved file path is "C:\Program Files\dotnet\packs\Microsoft.NETCore.App.Ref\10.0.5\ref\net10.0\System.Data.dll".
             Reference found at search path location "{RawFileName}".
             This reference is not "CopyLocal" because at least one source item had "Private" set to "false" and no source items had "Private" set to "true".
         Primary reference "System.Diagnostics.Contracts, Version=10.0.0.0, Culture=neutral, PublicKeyToken=b03f5f7f11d50a3a".
             Resolved file path is "C:\Program Files\dotnet\packs\Microsoft.NETCore.App.Ref\10.0.5\ref\net10.0\System.Diagnostics.Contracts.dll".
             Reference found at search path location "{RawFileName}".
             This reference is not "CopyLocal" because at least one source item had "Private" set to "false" and no source items had "Private" set to "true".
         Primary reference "System.Diagnostics.Debug, Version=10.0.0.0, Culture=neutral, PublicKeyToken=b03f5f7f11d50a3a".
             Resolved file path is "C:\Program Files\dotnet\packs\Microsoft.NETCore.App.Ref\10.0.5\ref\net10.0\System.Diagnostics.Debug.dll".
             Reference found at search path location "{RawFileName}".
             This reference is not "CopyLocal" because at least one source item had "Private" set to "false" and no source items had "Private" set to "true".
         Primary reference "System.Diagnostics.DiagnosticSource, Version=10.0.0.0, Culture=neutral, PublicKeyToken=cc7b13ffcd2ddd51".
             Resolved file path is "C:\Program Files\dotnet\packs\Microsoft.NETCore.App.Ref\10.0.5\ref\net10.0\System.Diagnostics.DiagnosticSource.dll".
             Reference found at search path location "{RawFileName}".
             This reference is not "CopyLocal" because at least one source item had "Private" set to "false" and no source items had "Private" set to "true".
         Primary reference "System.Diagnostics.FileVersionInfo, Version=10.0.0.0, Culture=neutral, PublicKeyToken=b03f5f7f11d50a3a".
             Resolved file path is "C:\Program Files\dotnet\packs\Microsoft.NETCore.App.Ref\10.0.5\ref\net10.0\System.Diagnostics.FileVersionInfo.dll".
             Reference found at search path location "{RawFileName}".
             This reference is not "CopyLocal" because at least one source item had "Private" set to "false" and no source items had "Private" set to "true".
         Primary reference "System.Diagnostics.Process, Version=10.0.0.0, Culture=neutral, PublicKeyToken=b03f5f7f11d50a3a".
             Resolved file path is "C:\Program Files\dotnet\packs\Microsoft.NETCore.App.Ref\10.0.5\ref\net10.0\System.Diagnostics.Process.dll".
             Reference found at search path location "{RawFileName}".
             This reference is not "CopyLocal" because at least one source item had "Private" set to "false" and no source items had "Private" set to "true".
         Primary reference "System.Diagnostics.StackTrace, Version=10.0.0.0, Culture=neutral, PublicKeyToken=b03f5f7f11d50a3a".
             Resolved file path is "C:\Program Files\dotnet\packs\Microsoft.NETCore.App.Ref\10.0.5\ref\net10.0\System.Diagnostics.StackTrace.dll".
             Reference found at search path location "{RawFileName}".
             This reference is not "CopyLocal" because at least one source item had "Private" set to "false" and no source items had "Private" set to "true".
         Primary reference "System.Diagnostics.TextWriterTraceListener, Version=10.0.0.0, Culture=neutral, PublicKeyToken=b03f5f7f11d50a3a".
             Resolved file path is "C:\Program Files\dotnet\packs\Microsoft.NETCore.App.Ref\10.0.5\ref\net10.0\System.Diagnostics.TextWriterTraceListener.dll".
             Reference found at search path location "{RawFileName}".
             This reference is not "CopyLocal" because at least one source item had "Private" set to "false" and no source items had "Private" set to "true".
         Primary reference "System.Diagnostics.Tools, Version=10.0.0.0, Culture=neutral, PublicKeyToken=b03f5f7f11d50a3a".
             Resolved file path is "C:\Program Files\dotnet\packs\Microsoft.NETCore.App.Ref\10.0.5\ref\net10.0\System.Diagnostics.Tools.dll".
             Reference found at search path location "{RawFileName}".
             This reference is not "CopyLocal" because at least one source item had "Private" set to "false" and no source items had "Private" set to "true".
         Primary reference "System.Diagnostics.TraceSource, Version=10.0.0.0, Culture=neutral, PublicKeyToken=b03f5f7f11d50a3a".
             Resolved file path is "C:\Program Files\dotnet\packs\Microsoft.NETCore.App.Ref\10.0.5\ref\net10.0\System.Diagnostics.TraceSource.dll".
             Reference found at search path location "{RawFileName}".
             This reference is not "CopyLocal" because at least one source item had "Private" set to "false" and no source items had "Private" set to "true".
         Primary reference "System.Diagnostics.Tracing, Version=10.0.0.0, Culture=neutral, PublicKeyToken=b03f5f7f11d50a3a".
             Resolved file path is "C:\Program Files\dotnet\packs\Microsoft.NETCore.App.Ref\10.0.5\ref\net10.0\System.Diagnostics.Tracing.dll".
             Reference found at search path location "{RawFileName}".
             This reference is not "CopyLocal" because at least one source item had "Private" set to "false" and no source items had "Private" set to "true".
         Primary reference "System.Drawing.Primitives, Version=10.0.0.0, Culture=neutral, PublicKeyToken=b03f5f7f11d50a3a".
             Resolved file path is "C:\Program Files\dotnet\packs\Microsoft.NETCore.App.Ref\10.0.5\ref\net10.0\System.Drawing.Primitives.dll".
             Reference found at search path location "{RawFileName}".
             This reference is not "CopyLocal" because at least one source item had "Private" set to "false" and no source items had "Private" set to "true".
         Primary reference "System.Drawing, Version=4.0.0.0, Culture=neutral, PublicKeyToken=b03f5f7f11d50a3a".
             Resolved file path is "C:\Program Files\dotnet\packs\Microsoft.NETCore.App.Ref\10.0.5\ref\net10.0\System.Drawing.dll".
             Reference found at search path location "{RawFileName}".
             This reference is not "CopyLocal" because at least one source item had "Private" set to "false" and no source items had "Private" set to "true".
         Primary reference "System.Dynamic.Runtime, Version=10.0.0.0, Culture=neutral, PublicKeyToken=b03f5f7f11d50a3a".
             Resolved file path is "C:\Program Files\dotnet\packs\Microsoft.NETCore.App.Ref\10.0.5\ref\net10.0\System.Dynamic.Runtime.dll".
             Reference found at search path location "{RawFileName}".
             This reference is not "CopyLocal" because at least one source item had "Private" set to "false" and no source items had "Private" set to "true".
         Primary reference "System.Formats.Asn1, Version=10.0.0.0, Culture=neutral, PublicKeyToken=cc7b13ffcd2ddd51".
             Resolved file path is "C:\Program Files\dotnet\packs\Microsoft.NETCore.App.Ref\10.0.5\ref\net10.0\System.Formats.Asn1.dll".
             Reference found at search path location "{RawFileName}".
             This reference is not "CopyLocal" because at least one source item had "Private" set to "false" and no source items had "Private" set to "true".
         Primary reference "System.Formats.Tar, Version=10.0.0.0, Culture=neutral, PublicKeyToken=cc7b13ffcd2ddd51".
             Resolved file path is "C:\Program Files\dotnet\packs\Microsoft.NETCore.App.Ref\10.0.5\ref\net10.0\System.Formats.Tar.dll".
             Reference found at search path location "{RawFileName}".
             This reference is not "CopyLocal" because at least one source item had "Private" set to "false" and no source items had "Private" set to "true".
         Primary reference "System.Globalization.Calendars, Version=10.0.0.0, Culture=neutral, PublicKeyToken=b03f5f7f11d50a3a".
             Resolved file path is "C:\Program Files\dotnet\packs\Microsoft.NETCore.App.Ref\10.0.5\ref\net10.0\System.Globalization.Calendars.dll".
             Reference found at search path location "{RawFileName}".
             This reference is not "CopyLocal" because at least one source item had "Private" set to "false" and no source items had "Private" set to "true".
         Primary reference "System.Globalization.Extensions, Version=10.0.0.0, Culture=neutral, PublicKeyToken=b03f5f7f11d50a3a".
             Resolved file path is "C:\Program Files\dotnet\packs\Microsoft.NETCore.App.Ref\10.0.5\ref\net10.0\System.Globalization.Extensions.dll".
             Reference found at search path location "{RawFileName}".
             This reference is not "CopyLocal" because at least one source item had "Private" set to "false" and no source items had "Private" set to "true".
         Primary reference "System.Globalization, Version=10.0.0.0, Culture=neutral, PublicKeyToken=b03f5f7f11d50a3a".
             Resolved file path is "C:\Program Files\dotnet\packs\Microsoft.NETCore.App.Ref\10.0.5\ref\net10.0\System.Globalization.dll".
             Reference found at search path location "{RawFileName}".
             This reference is not "CopyLocal" because at least one source item had "Private" set to "false" and no source items had "Private" set to "true".
         Primary reference "System.IO.Compression.Brotli, Version=10.0.0.0, Culture=neutral, PublicKeyToken=b77a5c561934e089".
             Resolved file path is "C:\Program Files\dotnet\packs\Microsoft.NETCore.App.Ref\10.0.5\ref\net10.0\System.IO.Compression.Brotli.dll".
             Reference found at search path location "{RawFileName}".
             This reference is not "CopyLocal" because at least one source item had "Private" set to "false" and no source items had "Private" set to "true".
         Primary reference "System.IO.Compression.FileSystem, Version=4.0.0.0, Culture=neutral, PublicKeyToken=b77a5c561934e089".
             Resolved file path is "C:\Program Files\dotnet\packs\Microsoft.NETCore.App.Ref\10.0.5\ref\net10.0\System.IO.Compression.FileSystem.dll".
             Reference found at search path location "{RawFileName}".
             This reference is not "CopyLocal" because at least one source item had "Private" set to "false" and no source items had "Private" set to "true".
         Primary reference "System.IO.Compression.ZipFile, Version=10.0.0.0, Culture=neutral, PublicKeyToken=b77a5c561934e089".
             Resolved file path is "C:\Program Files\dotnet\packs\Microsoft.NETCore.App.Ref\10.0.5\ref\net10.0\System.IO.Compression.ZipFile.dll".
             Reference found at search path location "{RawFileName}".
             This reference is not "CopyLocal" because at least one source item had "Private" set to "false" and no source items had "Private" set to "true".
         Primary reference "System.IO.Compression, Version=10.0.0.0, Culture=neutral, PublicKeyToken=b77a5c561934e089".
             Resolved file path is "C:\Program Files\dotnet\packs\Microsoft.NETCore.App.Ref\10.0.5\ref\net10.0\System.IO.Compression.dll".
             Reference found at search path location "{RawFileName}".
             This reference is not "CopyLocal" because at least one source item had "Private" set to "false" and no source items had "Private" set to "true".
         Primary reference "System.IO.FileSystem.AccessControl, Version=10.0.0.0, Culture=neutral, PublicKeyToken=b03f5f7f11d50a3a".
             Resolved file path is "C:\Program Files\dotnet\packs\Microsoft.NETCore.App.Ref\10.0.5\ref\net10.0\System.IO.FileSystem.AccessControl.dll".
             Reference found at search path location "{RawFileName}".
             This reference is not "CopyLocal" because at least one source item had "Private" set to "false" and no source items had "Private" set to "true".
         Primary reference "System.IO.FileSystem.DriveInfo, Version=10.0.0.0, Culture=neutral, PublicKeyToken=b03f5f7f11d50a3a".
             Resolved file path is "C:\Program Files\dotnet\packs\Microsoft.NETCore.App.Ref\10.0.5\ref\net10.0\System.IO.FileSystem.DriveInfo.dll".
             Reference found at search path location "{RawFileName}".
             This reference is not "CopyLocal" because at least one source item had "Private" set to "false" and no source items had "Private" set to "true".
         Primary reference "System.IO.FileSystem.Primitives, Version=10.0.0.0, Culture=neutral, PublicKeyToken=b03f5f7f11d50a3a".
             Resolved file path is "C:\Program Files\dotnet\packs\Microsoft.NETCore.App.Ref\10.0.5\ref\net10.0\System.IO.FileSystem.Primitives.dll".
             Reference found at search path location "{RawFileName}".
             This reference is not "CopyLocal" because at least one source item had "Private" set to "false" and no source items had "Private" set to "true".
         Primary reference "System.IO.FileSystem.Watcher, Version=10.0.0.0, Culture=neutral, PublicKeyToken=b03f5f7f11d50a3a".
             Resolved file path is "C:\Program Files\dotnet\packs\Microsoft.NETCore.App.Ref\10.0.5\ref\net10.0\System.IO.FileSystem.Watcher.dll".
             Reference found at search path location "{RawFileName}".
             This reference is not "CopyLocal" because at least one source item had "Private" set to "false" and no source items had "Private" set to "true".
         Primary reference "System.IO.FileSystem, Version=10.0.0.0, Culture=neutral, PublicKeyToken=b03f5f7f11d50a3a".
             Resolved file path is "C:\Program Files\dotnet\packs\Microsoft.NETCore.App.Ref\10.0.5\ref\net10.0\System.IO.FileSystem.dll".
             Reference found at search path location "{RawFileName}".
             This reference is not "CopyLocal" because at least one source item had "Private" set to "false" and no source items had "Private" set to "true".
         Primary reference "System.IO.IsolatedStorage, Version=10.0.0.0, Culture=neutral, PublicKeyToken=b03f5f7f11d50a3a".
             Resolved file path is "C:\Program Files\dotnet\packs\Microsoft.NETCore.App.Ref\10.0.5\ref\net10.0\System.IO.IsolatedStorage.dll".
             Reference found at search path location "{RawFileName}".
             This reference is not "CopyLocal" because at least one source item had "Private" set to "false" and no source items had "Private" set to "true".
         Primary reference "System.IO.MemoryMappedFiles, Version=10.0.0.0, Culture=neutral, PublicKeyToken=b03f5f7f11d50a3a".
             Resolved file path is "C:\Program Files\dotnet\packs\Microsoft.NETCore.App.Ref\10.0.5\ref\net10.0\System.IO.MemoryMappedFiles.dll".
             Reference found at search path location "{RawFileName}".
             This reference is not "CopyLocal" because at least one source item had "Private" set to "false" and no source items had "Private" set to "true".
         Primary reference "System.IO.Pipelines, Version=10.0.0.0, Culture=neutral, PublicKeyToken=cc7b13ffcd2ddd51".
             Resolved file path is "C:\Program Files\dotnet\packs\Microsoft.NETCore.App.Ref\10.0.5\ref\net10.0\System.IO.Pipelines.dll".
             Reference found at search path location "{RawFileName}".
             This reference is not "CopyLocal" because at least one source item had "Private" set to "false" and no source items had "Private" set to "true".
         Primary reference "System.IO.Pipes.AccessControl, Version=10.0.0.0, Culture=neutral, PublicKeyToken=b03f5f7f11d50a3a".
             Resolved file path is "C:\Program Files\dotnet\packs\Microsoft.NETCore.App.Ref\10.0.5\ref\net10.0\System.IO.Pipes.AccessControl.dll".
             Reference found at search path location "{RawFileName}".
             This reference is not "CopyLocal" because at least one source item had "Private" set to "false" and no source items had "Private" set to "true".
         Primary reference "System.IO.Pipes, Version=10.0.0.0, Culture=neutral, PublicKeyToken=b03f5f7f11d50a3a".
             Resolved file path is "C:\Program Files\dotnet\packs\Microsoft.NETCore.App.Ref\10.0.5\ref\net10.0\System.IO.Pipes.dll".
             Reference found at search path location "{RawFileName}".
             This reference is not "CopyLocal" because at least one source item had "Private" set to "false" and no source items had "Private" set to "true".
         Primary reference "System.IO.UnmanagedMemoryStream, Version=10.0.0.0, Culture=neutral, PublicKeyToken=b03f5f7f11d50a3a".
             Resolved file path is "C:\Program Files\dotnet\packs\Microsoft.NETCore.App.Ref\10.0.5\ref\net10.0\System.IO.UnmanagedMemoryStream.dll".
             Reference found at search path location "{RawFileName}".
             This reference is not "CopyLocal" because at least one source item had "Private" set to "false" and no source items had "Private" set to "true".
         Primary reference "System.IO, Version=10.0.0.0, Culture=neutral, PublicKeyToken=b03f5f7f11d50a3a".
             Resolved file path is "C:\Program Files\dotnet\packs\Microsoft.NETCore.App.Ref\10.0.5\ref\net10.0\System.IO.dll".
             Reference found at search path location "{RawFileName}".
             This reference is not "CopyLocal" because at least one source item had "Private" set to "false" and no source items had "Private" set to "true".
         Primary reference "System.Linq.AsyncEnumerable, Version=10.0.0.0, Culture=neutral, PublicKeyToken=b03f5f7f11d50a3a".
             Resolved file path is "C:\Program Files\dotnet\packs\Microsoft.NETCore.App.Ref\10.0.5\ref\net10.0\System.Linq.AsyncEnumerable.dll".
             Reference found at search path location "{RawFileName}".
             This reference is not "CopyLocal" because at least one source item had "Private" set to "false" and no source items had "Private" set to "true".
         Primary reference "System.Linq.Expressions, Version=10.0.0.0, Culture=neutral, PublicKeyToken=b03f5f7f11d50a3a".
             Resolved file path is "C:\Program Files\dotnet\packs\Microsoft.NETCore.App.Ref\10.0.5\ref\net10.0\System.Linq.Expressions.dll".
             Reference found at search path location "{RawFileName}".
             This reference is not "CopyLocal" because at least one source item had "Private" set to "false" and no source items had "Private" set to "true".
         Primary reference "System.Linq.Parallel, Version=10.0.0.0, Culture=neutral, PublicKeyToken=b03f5f7f11d50a3a".
             Resolved file path is "C:\Program Files\dotnet\packs\Microsoft.NETCore.App.Ref\10.0.5\ref\net10.0\System.Linq.Parallel.dll".
             Reference found at search path location "{RawFileName}".
             This reference is not "CopyLocal" because at least one source item had "Private" set to "false" and no source items had "Private" set to "true".
         Primary reference "System.Linq.Queryable, Version=10.0.0.0, Culture=neutral, PublicKeyToken=b03f5f7f11d50a3a".
             Resolved file path is "C:\Program Files\dotnet\packs\Microsoft.NETCore.App.Ref\10.0.5\ref\net10.0\System.Linq.Queryable.dll".
             Reference found at search path location "{RawFileName}".
             This reference is not "CopyLocal" because at least one source item had "Private" set to "false" and no source items had "Private" set to "true".
         Primary reference "System.Linq, Version=10.0.0.0, Culture=neutral, PublicKeyToken=b03f5f7f11d50a3a".
             Resolved file path is "C:\Program Files\dotnet\packs\Microsoft.NETCore.App.Ref\10.0.5\ref\net10.0\System.Linq.dll".
             Reference found at search path location "{RawFileName}".
             This reference is not "CopyLocal" because at least one source item had "Private" set to "false" and no source items had "Private" set to "true".
         Primary reference "System.Memory, Version=10.0.0.0, Culture=neutral, PublicKeyToken=cc7b13ffcd2ddd51".
             Resolved file path is "C:\Program Files\dotnet\packs\Microsoft.NETCore.App.Ref\10.0.5\ref\net10.0\System.Memory.dll".
             Reference found at search path location "{RawFileName}".
             This reference is not "CopyLocal" because at least one source item had "Private" set to "false" and no source items had "Private" set to "true".
         Primary reference "System.Net.Http.Json, Version=10.0.0.0, Culture=neutral, PublicKeyToken=cc7b13ffcd2ddd51".
             Resolved file path is "C:\Program Files\dotnet\packs\Microsoft.NETCore.App.Ref\10.0.5\ref\net10.0\System.Net.Http.Json.dll".
             Reference found at search path location "{RawFileName}".
             This reference is not "CopyLocal" because at least one source item had "Private" set to "false" and no source items had "Private" set to "true".
         Primary reference "System.Net.Http, Version=10.0.0.0, Culture=neutral, PublicKeyToken=b03f5f7f11d50a3a".
             Resolved file path is "C:\Program Files\dotnet\packs\Microsoft.NETCore.App.Ref\10.0.5\ref\net10.0\System.Net.Http.dll".
             Reference found at search path location "{RawFileName}".
             This reference is not "CopyLocal" because at least one source item had "Private" set to "false" and no source items had "Private" set to "true".
         Primary reference "System.Net.HttpListener, Version=10.0.0.0, Culture=neutral, PublicKeyToken=cc7b13ffcd2ddd51".
             Resolved file path is "C:\Program Files\dotnet\packs\Microsoft.NETCore.App.Ref\10.0.5\ref\net10.0\System.Net.HttpListener.dll".
             Reference found at search path location "{RawFileName}".
             This reference is not "CopyLocal" because at least one source item had "Private" set to "false" and no source items had "Private" set to "true".
         Primary reference "System.Net.Mail, Version=10.0.0.0, Culture=neutral, PublicKeyToken=cc7b13ffcd2ddd51".
             Resolved file path is "C:\Program Files\dotnet\packs\Microsoft.NETCore.App.Ref\10.0.5\ref\net10.0\System.Net.Mail.dll".
             Reference found at search path location "{RawFileName}".
             This reference is not "CopyLocal" because at least one source item had "Private" set to "false" and no source items had "Private" set to "true".
         Primary reference "System.Net.NameResolution, Version=10.0.0.0, Culture=neutral, PublicKeyToken=b03f5f7f11d50a3a".
             Resolved file path is "C:\Program Files\dotnet\packs\Microsoft.NETCore.App.Ref\10.0.5\ref\net10.0\System.Net.NameResolution.dll".
             Reference found at search path location "{RawFileName}".
             This reference is not "CopyLocal" because at least one source item had "Private" set to "false" and no source items had "Private" set to "true".
         Primary reference "System.Net.NetworkInformation, Version=10.0.0.0, Culture=neutral, PublicKeyToken=b03f5f7f11d50a3a".
             Resolved file path is "C:\Program Files\dotnet\packs\Microsoft.NETCore.App.Ref\10.0.5\ref\net10.0\System.Net.NetworkInformation.dll".
             Reference found at search path location "{RawFileName}".
             This reference is not "CopyLocal" because at least one source item had "Private" set to "false" and no source items had "Private" set to "true".
         Primary reference "System.Net.Ping, Version=10.0.0.0, Culture=neutral, PublicKeyToken=b03f5f7f11d50a3a".
             Resolved file path is "C:\Program Files\dotnet\packs\Microsoft.NETCore.App.Ref\10.0.5\ref\net10.0\System.Net.Ping.dll".
             Reference found at search path location "{RawFileName}".
             This reference is not "CopyLocal" because at least one source item had "Private" set to "false" and no source items had "Private" set to "true".
         Primary reference "System.Net.Primitives, Version=10.0.0.0, Culture=neutral, PublicKeyToken=b03f5f7f11d50a3a".
             Resolved file path is "C:\Program Files\dotnet\packs\Microsoft.NETCore.App.Ref\10.0.5\ref\net10.0\System.Net.Primitives.dll".
             Reference found at search path location "{RawFileName}".
             This reference is not "CopyLocal" because at least one source item had "Private" set to "false" and no source items had "Private" set to "true".
         Primary reference "System.Net.Quic, Version=10.0.0.0, Culture=neutral, PublicKeyToken=b03f5f7f11d50a3a".
             Resolved file path is "C:\Program Files\dotnet\packs\Microsoft.NETCore.App.Ref\10.0.5\ref\net10.0\System.Net.Quic.dll".
             Reference found at search path location "{RawFileName}".
             This reference is not "CopyLocal" because at least one source item had "Private" set to "false" and no source items had "Private" set to "true".
         Primary reference "System.Net.Requests, Version=10.0.0.0, Culture=neutral, PublicKeyToken=b03f5f7f11d50a3a".
             Resolved file path is "C:\Program Files\dotnet\packs\Microsoft.NETCore.App.Ref\10.0.5\ref\net10.0\System.Net.Requests.dll".
             Reference found at search path location "{RawFileName}".
             This reference is not "CopyLocal" because at least one source item had "Private" set to "false" and no source items had "Private" set to "true".
         Primary reference "System.Net.Security, Version=10.0.0.0, Culture=neutral, PublicKeyToken=b03f5f7f11d50a3a".
             Resolved file path is "C:\Program Files\dotnet\packs\Microsoft.NETCore.App.Ref\10.0.5\ref\net10.0\System.Net.Security.dll".
             Reference found at search path location "{RawFileName}".
             This reference is not "CopyLocal" because at least one source item had "Private" set to "false" and no source items had "Private" set to "true".
         Primary reference "System.Net.ServerSentEvents, Version=10.0.0.0, Culture=neutral, PublicKeyToken=cc7b13ffcd2ddd51".
             Resolved file path is "C:\Program Files\dotnet\packs\Microsoft.NETCore.App.Ref\10.0.5\ref\net10.0\System.Net.ServerSentEvents.dll".
             Reference found at search path location "{RawFileName}".
             This reference is not "CopyLocal" because at least one source item had "Private" set to "false" and no source items had "Private" set to "true".
         Primary reference "System.Net.ServicePoint, Version=10.0.0.0, Culture=neutral, PublicKeyToken=cc7b13ffcd2ddd51".
             Resolved file path is "C:\Program Files\dotnet\packs\Microsoft.NETCore.App.Ref\10.0.5\ref\net10.0\System.Net.ServicePoint.dll".
             Reference found at search path location "{RawFileName}".
             This reference is not "CopyLocal" because at least one source item had "Private" set to "false" and no source items had "Private" set to "true".
         Primary reference "System.Net.Sockets, Version=10.0.0.0, Culture=neutral, PublicKeyToken=b03f5f7f11d50a3a".
             Resolved file path is "C:\Program Files\dotnet\packs\Microsoft.NETCore.App.Ref\10.0.5\ref\net10.0\System.Net.Sockets.dll".
             Reference found at search path location "{RawFileName}".
             This reference is not "CopyLocal" because at least one source item had "Private" set to "false" and no source items had "Private" set to "true".
         Primary reference "System.Net.WebClient, Version=10.0.0.0, Culture=neutral, PublicKeyToken=cc7b13ffcd2ddd51".
             Resolved file path is "C:\Program Files\dotnet\packs\Microsoft.NETCore.App.Ref\10.0.5\ref\net10.0\System.Net.WebClient.dll".
             Reference found at search path location "{RawFileName}".
             This reference is not "CopyLocal" because at least one source item had "Private" set to "false" and no source items had "Private" set to "true".
         Primary reference "System.Net.WebHeaderCollection, Version=10.0.0.0, Culture=neutral, PublicKeyToken=b03f5f7f11d50a3a".
             Resolved file path is "C:\Program Files\dotnet\packs\Microsoft.NETCore.App.Ref\10.0.5\ref\net10.0\System.Net.WebHeaderCollection.dll".
             Reference found at search path location "{RawFileName}".
             This reference is not "CopyLocal" because at least one source item had "Private" set to "false" and no source items had "Private" set to "true".
         Primary reference "System.Net.WebProxy, Version=10.0.0.0, Culture=neutral, PublicKeyToken=cc7b13ffcd2ddd51".
             Resolved file path is "C:\Program Files\dotnet\packs\Microsoft.NETCore.App.Ref\10.0.5\ref\net10.0\System.Net.WebProxy.dll".
             Reference found at search path location "{RawFileName}".
             This reference is not "CopyLocal" because at least one source item had "Private" set to "false" and no source items had "Private" set to "true".
         Primary reference "System.Net.WebSockets.Client, Version=10.0.0.0, Culture=neutral, PublicKeyToken=b03f5f7f11d50a3a".
             Resolved file path is "C:\Program Files\dotnet\packs\Microsoft.NETCore.App.Ref\10.0.5\ref\net10.0\System.Net.WebSockets.Client.dll".
             Reference found at search path location "{RawFileName}".
             This reference is not "CopyLocal" because at least one source item had "Private" set to "false" and no source items had "Private" set to "true".
         Primary reference "System.Net.WebSockets, Version=10.0.0.0, Culture=neutral, PublicKeyToken=b03f5f7f11d50a3a".
             Resolved file path is "C:\Program Files\dotnet\packs\Microsoft.NETCore.App.Ref\10.0.5\ref\net10.0\System.Net.WebSockets.dll".
             Reference found at search path location "{RawFileName}".
             This reference is not "CopyLocal" because at least one source item had "Private" set to "false" and no source items had "Private" set to "true".
         Primary reference "System.Net, Version=4.0.0.0, Culture=neutral, PublicKeyToken=b03f5f7f11d50a3a".
             Resolved file path is "C:\Program Files\dotnet\packs\Microsoft.NETCore.App.Ref\10.0.5\ref\net10.0\System.Net.dll".
             Reference found at search path location "{RawFileName}".
             This reference is not "CopyLocal" because at least one source item had "Private" set to "false" and no source items had "Private" set to "true".
         Primary reference "System.Numerics.Vectors, Version=10.0.0.0, Culture=neutral, PublicKeyToken=b03f5f7f11d50a3a".
             Resolved file path is "C:\Program Files\dotnet\packs\Microsoft.NETCore.App.Ref\10.0.5\ref\net10.0\System.Numerics.Vectors.dll".
             Reference found at search path location "{RawFileName}".
             This reference is not "CopyLocal" because at least one source item had "Private" set to "false" and no source items had "Private" set to "true".
         Primary reference "System.Numerics, Version=4.0.0.0, Culture=neutral, PublicKeyToken=b77a5c561934e089".
             Resolved file path is "C:\Program Files\dotnet\packs\Microsoft.NETCore.App.Ref\10.0.5\ref\net10.0\System.Numerics.dll".
             Reference found at search path location "{RawFileName}".
             This reference is not "CopyLocal" because at least one source item had "Private" set to "false" and no source items had "Private" set to "true".
         Primary reference "System.ObjectModel, Version=10.0.0.0, Culture=neutral, PublicKeyToken=b03f5f7f11d50a3a".
             Resolved file path is "C:\Program Files\dotnet\packs\Microsoft.NETCore.App.Ref\10.0.5\ref\net10.0\System.ObjectModel.dll".
             Reference found at search path location "{RawFileName}".
             This reference is not "CopyLocal" because at least one source item had "Private" set to "false" and no source items had "Private" set to "true".
         Primary reference "System.Reflection.DispatchProxy, Version=10.0.0.0, Culture=neutral, PublicKeyToken=b03f5f7f11d50a3a".
             Resolved file path is "C:\Program Files\dotnet\packs\Microsoft.NETCore.App.Ref\10.0.5\ref\net10.0\System.Reflection.DispatchProxy.dll".
             Reference found at search path location "{RawFileName}".
             This reference is not "CopyLocal" because at least one source item had "Private" set to "false" and no source items had "Private" set to "true".
         Primary reference "System.Reflection.Emit.ILGeneration, Version=10.0.0.0, Culture=neutral, PublicKeyToken=b03f5f7f11d50a3a".
             Resolved file path is "C:\Program Files\dotnet\packs\Microsoft.NETCore.App.Ref\10.0.5\ref\net10.0\System.Reflection.Emit.ILGeneration.dll".
             Reference found at search path location "{RawFileName}".
             This reference is not "CopyLocal" because at least one source item had "Private" set to "false" and no source items had "Private" set to "true".
         Primary reference "System.Reflection.Emit.Lightweight, Version=10.0.0.0, Culture=neutral, PublicKeyToken=b03f5f7f11d50a3a".
             Resolved file path is "C:\Program Files\dotnet\packs\Microsoft.NETCore.App.Ref\10.0.5\ref\net10.0\System.Reflection.Emit.Lightweight.dll".
             Reference found at search path location "{RawFileName}".
             This reference is not "CopyLocal" because at least one source item had "Private" set to "false" and no source items had "Private" set to "true".
         Primary reference "System.Reflection.Emit, Version=10.0.0.0, Culture=neutral, PublicKeyToken=b03f5f7f11d50a3a".
             Resolved file path is "C:\Program Files\dotnet\packs\Microsoft.NETCore.App.Ref\10.0.5\ref\net10.0\System.Reflection.Emit.dll".
             Reference found at search path location "{RawFileName}".
             This reference is not "CopyLocal" because at least one source item had "Private" set to "false" and no source items had "Private" set to "true".
         Primary reference "System.Reflection.Extensions, Version=10.0.0.0, Culture=neutral, PublicKeyToken=b03f5f7f11d50a3a".
             Resolved file path is "C:\Program Files\dotnet\packs\Microsoft.NETCore.App.Ref\10.0.5\ref\net10.0\System.Reflection.Extensions.dll".
             Reference found at search path location "{RawFileName}".
             This reference is not "CopyLocal" because at least one source item had "Private" set to "false" and no source items had "Private" set to "true".
         Primary reference "System.Reflection.Metadata, Version=10.0.0.0, Culture=neutral, PublicKeyToken=b03f5f7f11d50a3a".
             Resolved file path is "C:\Program Files\dotnet\packs\Microsoft.NETCore.App.Ref\10.0.5\ref\net10.0\System.Reflection.Metadata.dll".
             Reference found at search path location "{RawFileName}".
             This reference is not "CopyLocal" because at least one source item had "Private" set to "false" and no source items had "Private" set to "true".
         Primary reference "System.Reflection.Primitives, Version=10.0.0.0, Culture=neutral, PublicKeyToken=b03f5f7f11d50a3a".
             Resolved file path is "C:\Program Files\dotnet\packs\Microsoft.NETCore.App.Ref\10.0.5\ref\net10.0\System.Reflection.Primitives.dll".
             Reference found at search path location "{RawFileName}".
             This reference is not "CopyLocal" because at least one source item had "Private" set to "false" and no source items had "Private" set to "true".
         Primary reference "System.Reflection.TypeExtensions, Version=10.0.0.0, Culture=neutral, PublicKeyToken=b03f5f7f11d50a3a".
             Resolved file path is "C:\Program Files\dotnet\packs\Microsoft.NETCore.App.Ref\10.0.5\ref\net10.0\System.Reflection.TypeExtensions.dll".
             Reference found at search path location "{RawFileName}".
             This reference is not "CopyLocal" because at least one source item had "Private" set to "false" and no source items had "Private" set to "true".
         Primary reference "System.Reflection, Version=10.0.0.0, Culture=neutral, PublicKeyToken=b03f5f7f11d50a3a".
             Resolved file path is "C:\Program Files\dotnet\packs\Microsoft.NETCore.App.Ref\10.0.5\ref\net10.0\System.Reflection.dll".
             Reference found at search path location "{RawFileName}".
             This reference is not "CopyLocal" because at least one source item had "Private" set to "false" and no source items had "Private" set to "true".
         Primary reference "System.Resources.Reader, Version=10.0.0.0, Culture=neutral, PublicKeyToken=b03f5f7f11d50a3a".
             Resolved file path is "C:\Program Files\dotnet\packs\Microsoft.NETCore.App.Ref\10.0.5\ref\net10.0\System.Resources.Reader.dll".
             Reference found at search path location "{RawFileName}".
             This reference is not "CopyLocal" because at least one source item had "Private" set to "false" and no source items had "Private" set to "true".
         Primary reference "System.Resources.ResourceManager, Version=10.0.0.0, Culture=neutral, PublicKeyToken=b03f5f7f11d50a3a".
             Resolved file path is "C:\Program Files\dotnet\packs\Microsoft.NETCore.App.Ref\10.0.5\ref\net10.0\System.Resources.ResourceManager.dll".
             Reference found at search path location "{RawFileName}".
             This reference is not "CopyLocal" because at least one source item had "Private" set to "false" and no source items had "Private" set to "true".
         Primary reference "System.Resources.Writer, Version=10.0.0.0, Culture=neutral, PublicKeyToken=b03f5f7f11d50a3a".
             Resolved file path is "C:\Program Files\dotnet\packs\Microsoft.NETCore.App.Ref\10.0.5\ref\net10.0\System.Resources.Writer.dll".
             Reference found at search path location "{RawFileName}".
             This reference is not "CopyLocal" because at least one source item had "Private" set to "false" and no source items had "Private" set to "true".
         Primary reference "System.Runtime.CompilerServices.Unsafe, Version=10.0.0.0, Culture=neutral, PublicKeyToken=b03f5f7f11d50a3a".
             Resolved file path is "C:\Program Files\dotnet\packs\Microsoft.NETCore.App.Ref\10.0.5\ref\net10.0\System.Runtime.CompilerServices.Unsafe.dll".
             Reference found at search path location "{RawFileName}".
             This reference is not "CopyLocal" because at least one source item had "Private" set to "false" and no source items had "Private" set to "true".
         Primary reference "System.Runtime.CompilerServices.VisualC, Version=10.0.0.0, Culture=neutral, PublicKeyToken=b03f5f7f11d50a3a".
             Resolved file path is "C:\Program Files\dotnet\packs\Microsoft.NETCore.App.Ref\10.0.5\ref\net10.0\System.Runtime.CompilerServices.VisualC.dll".
             Reference found at search path location "{RawFileName}".
             This reference is not "CopyLocal" because at least one source item had "Private" set to "false" and no source items had "Private" set to "true".
         Primary reference "System.Runtime.Extensions, Version=10.0.0.0, Culture=neutral, PublicKeyToken=b03f5f7f11d50a3a".
             Resolved file path is "C:\Program Files\dotnet\packs\Microsoft.NETCore.App.Ref\10.0.5\ref\net10.0\System.Runtime.Extensions.dll".
             Reference found at search path location "{RawFileName}".
             This reference is not "CopyLocal" because at least one source item had "Private" set to "false" and no source items had "Private" set to "true".
         Primary reference "System.Runtime.Handles, Version=10.0.0.0, Culture=neutral, PublicKeyToken=b03f5f7f11d50a3a".
             Resolved file path is "C:\Program Files\dotnet\packs\Microsoft.NETCore.App.Ref\10.0.5\ref\net10.0\System.Runtime.Handles.dll".
             Reference found at search path location "{RawFileName}".
             This reference is not "CopyLocal" because at least one source item had "Private" set to "false" and no source items had "Private" set to "true".
         Primary reference "System.Runtime.InteropServices.JavaScript, Version=10.0.0.0, Culture=neutral, PublicKeyToken=b03f5f7f11d50a3a".
             Resolved file path is "C:\Program Files\dotnet\packs\Microsoft.NETCore.App.Ref\10.0.5\ref\net10.0\System.Runtime.InteropServices.JavaScript.dll".
             Reference found at search path location "{RawFileName}".
             This reference is not "CopyLocal" because at least one source item had "Private" set to "false" and no source items had "Private" set to "true".
         Primary reference "System.Runtime.InteropServices.RuntimeInformation, Version=10.0.0.0, Culture=neutral, PublicKeyToken=b03f5f7f11d50a3a".
             Resolved file path is "C:\Program Files\dotnet\packs\Microsoft.NETCore.App.Ref\10.0.5\ref\net10.0\System.Runtime.InteropServices.RuntimeInformation.dll".
             Reference found at search path location "{RawFileName}".
             This reference is not "CopyLocal" because at least one source item had "Private" set to "false" and no source items had "Private" set to "true".
         Primary reference "System.Runtime.InteropServices, Version=10.0.0.0, Culture=neutral, PublicKeyToken=b03f5f7f11d50a3a".
             Resolved file path is "C:\Program Files\dotnet\packs\Microsoft.NETCore.App.Ref\10.0.5\ref\net10.0\System.Runtime.InteropServices.dll".
             Reference found at search path location "{RawFileName}".
             This reference is not "CopyLocal" because at least one source item had "Private" set to "false" and no source items had "Private" set to "true".
         Primary reference "System.Runtime.Intrinsics, Version=10.0.0.0, Culture=neutral, PublicKeyToken=cc7b13ffcd2ddd51".
             Resolved file path is "C:\Program Files\dotnet\packs\Microsoft.NETCore.App.Ref\10.0.5\ref\net10.0\System.Runtime.Intrinsics.dll".
             Reference found at search path location "{RawFileName}".
             This reference is not "CopyLocal" because at least one source item had "Private" set to "false" and no source items had "Private" set to "true".
         Primary reference "System.Runtime.Loader, Version=10.0.0.0, Culture=neutral, PublicKeyToken=b03f5f7f11d50a3a".
             Resolved file path is "C:\Program Files\dotnet\packs\Microsoft.NETCore.App.Ref\10.0.5\ref\net10.0\System.Runtime.Loader.dll".
             Reference found at search path location "{RawFileName}".
             This reference is not "CopyLocal" because at least one source item had "Private" set to "false" and no source items had "Private" set to "true".
         Primary reference "System.Runtime.Numerics, Version=10.0.0.0, Culture=neutral, PublicKeyToken=b03f5f7f11d50a3a".
             Resolved file path is "C:\Program Files\dotnet\packs\Microsoft.NETCore.App.Ref\10.0.5\ref\net10.0\System.Runtime.Numerics.dll".
             Reference found at search path location "{RawFileName}".
             This reference is not "CopyLocal" because at least one source item had "Private" set to "false" and no source items had "Private" set to "true".
         Primary reference "System.Runtime.Serialization.Formatters, Version=8.1.0.0, Culture=neutral, PublicKeyToken=b03f5f7f11d50a3a".
             Resolved file path is "C:\Program Files\dotnet\packs\Microsoft.NETCore.App.Ref\10.0.5\ref\net10.0\System.Runtime.Serialization.Formatters.dll".
             Reference found at search path location "{RawFileName}".
             This reference is not "CopyLocal" because at least one source item had "Private" set to "false" and no source items had "Private" set to "true".
         Primary reference "System.Runtime.Serialization.Json, Version=10.0.0.0, Culture=neutral, PublicKeyToken=b03f5f7f11d50a3a".
             Resolved file path is "C:\Program Files\dotnet\packs\Microsoft.NETCore.App.Ref\10.0.5\ref\net10.0\System.Runtime.Serialization.Json.dll".
             Reference found at search path location "{RawFileName}".
             This reference is not "CopyLocal" because at least one source item had "Private" set to "false" and no source items had "Private" set to "true".
         Primary reference "System.Runtime.Serialization.Primitives, Version=10.0.0.0, Culture=neutral, PublicKeyToken=b03f5f7f11d50a3a".
             Resolved file path is "C:\Program Files\dotnet\packs\Microsoft.NETCore.App.Ref\10.0.5\ref\net10.0\System.Runtime.Serialization.Primitives.dll".
             Reference found at search path location "{RawFileName}".
             This reference is not "CopyLocal" because at least one source item had "Private" set to "false" and no source items had "Private" set to "true".
         Primary reference "System.Runtime.Serialization.Xml, Version=10.0.0.0, Culture=neutral, PublicKeyToken=b03f5f7f11d50a3a".
             Resolved file path is "C:\Program Files\dotnet\packs\Microsoft.NETCore.App.Ref\10.0.5\ref\net10.0\System.Runtime.Serialization.Xml.dll".
             Reference found at search path location "{RawFileName}".
             This reference is not "CopyLocal" because at least one source item had "Private" set to "false" and no source items had "Private" set to "true".
         Primary reference "System.Runtime.Serialization, Version=4.0.0.0, Culture=neutral, PublicKeyToken=b77a5c561934e089".
             Resolved file path is "C:\Program Files\dotnet\packs\Microsoft.NETCore.App.Ref\10.0.5\ref\net10.0\System.Runtime.Serialization.dll".
             Reference found at search path location "{RawFileName}".
             This reference is not "CopyLocal" because at least one source item had "Private" set to "false" and no source items had "Private" set to "true".
         Primary reference "System.Runtime, Version=10.0.0.0, Culture=neutral, PublicKeyToken=b03f5f7f11d50a3a".
             Resolved file path is "C:\Program Files\dotnet\packs\Microsoft.NETCore.App.Ref\10.0.5\ref\net10.0\System.Runtime.dll".
             Reference found at search path location "{RawFileName}".
             This reference is not "CopyLocal" because at least one source item had "Private" set to "false" and no source items had "Private" set to "true".
         Primary reference "System.Security.AccessControl, Version=10.0.0.0, Culture=neutral, PublicKeyToken=b03f5f7f11d50a3a".
             Resolved file path is "C:\Program Files\dotnet\packs\Microsoft.NETCore.App.Ref\10.0.5\ref\net10.0\System.Security.AccessControl.dll".
             Reference found at search path location "{RawFileName}".
             This reference is not "CopyLocal" because at least one source item had "Private" set to "false" and no source items had "Private" set to "true".
         Primary reference "System.Security.Claims, Version=10.0.0.0, Culture=neutral, PublicKeyToken=b03f5f7f11d50a3a".
             Resolved file path is "C:\Program Files\dotnet\packs\Microsoft.NETCore.App.Ref\10.0.5\ref\net10.0\System.Security.Claims.dll".
             Reference found at search path location "{RawFileName}".
             This reference is not "CopyLocal" because at least one source item had "Private" set to "false" and no source items had "Private" set to "true".
         Primary reference "System.Security.Cryptography.Algorithms, Version=10.0.0.0, Culture=neutral, PublicKeyToken=b03f5f7f11d50a3a".
             Resolved file path is "C:\Program Files\dotnet\packs\Microsoft.NETCore.App.Ref\10.0.5\ref\net10.0\System.Security.Cryptography.Algorithms.dll".
             Reference found at search path location "{RawFileName}".
             This reference is not "CopyLocal" because at least one source item had "Private" set to "false" and no source items had "Private" set to "true".
         Primary reference "System.Security.Cryptography.Cng, Version=10.0.0.0, Culture=neutral, PublicKeyToken=b03f5f7f11d50a3a".
             Resolved file path is "C:\Program Files\dotnet\packs\Microsoft.NETCore.App.Ref\10.0.5\ref\net10.0\System.Security.Cryptography.Cng.dll".
             Reference found at search path location "{RawFileName}".
             This reference is not "CopyLocal" because at least one source item had "Private" set to "false" and no source items had "Private" set to "true".
         Primary reference "System.Security.Cryptography.Csp, Version=10.0.0.0, Culture=neutral, PublicKeyToken=b03f5f7f11d50a3a".
             Resolved file path is "C:\Program Files\dotnet\packs\Microsoft.NETCore.App.Ref\10.0.5\ref\net10.0\System.Security.Cryptography.Csp.dll".
             Reference found at search path location "{RawFileName}".
             This reference is not "CopyLocal" because at least one source item had "Private" set to "false" and no source items had "Private" set to "true".
         Primary reference "System.Security.Cryptography.Encoding, Version=10.0.0.0, Culture=neutral, PublicKeyToken=b03f5f7f11d50a3a".
             Resolved file path is "C:\Program Files\dotnet\packs\Microsoft.NETCore.App.Ref\10.0.5\ref\net10.0\System.Security.Cryptography.Encoding.dll".
             Reference found at search path location "{RawFileName}".
             This reference is not "CopyLocal" because at least one source item had "Private" set to "false" and no source items had "Private" set to "true".
         Primary reference "System.Security.Cryptography.OpenSsl, Version=10.0.0.0, Culture=neutral, PublicKeyToken=b03f5f7f11d50a3a".
             Resolved file path is "C:\Program Files\dotnet\packs\Microsoft.NETCore.App.Ref\10.0.5\ref\net10.0\System.Security.Cryptography.OpenSsl.dll".
             Reference found at search path location "{RawFileName}".
             This reference is not "CopyLocal" because at least one source item had "Private" set to "false" and no source items had "Private" set to "true".
         Primary reference "System.Security.Cryptography.Primitives, Version=10.0.0.0, Culture=neutral, PublicKeyToken=b03f5f7f11d50a3a".
             Resolved file path is "C:\Program Files\dotnet\packs\Microsoft.NETCore.App.Ref\10.0.5\ref\net10.0\System.Security.Cryptography.Primitives.dll".
             Reference found at search path location "{RawFileName}".
             This reference is not "CopyLocal" because at least one source item had "Private" set to "false" and no source items had "Private" set to "true".
         Primary reference "System.Security.Cryptography.X509Certificates, Version=10.0.0.0, Culture=neutral, PublicKeyToken=b03f5f7f11d50a3a".
             Resolved file path is "C:\Program Files\dotnet\packs\Microsoft.NETCore.App.Ref\10.0.5\ref\net10.0\System.Security.Cryptography.X509Certificates.dll".
             Reference found at search path location "{RawFileName}".
             This reference is not "CopyLocal" because at least one source item had "Private" set to "false" and no source items had "Private" set to "true".
         Primary reference "System.Security.Cryptography, Version=10.0.0.0, Culture=neutral, PublicKeyToken=b03f5f7f11d50a3a".
             Resolved file path is "C:\Program Files\dotnet\packs\Microsoft.NETCore.App.Ref\10.0.5\ref\net10.0\System.Security.Cryptography.dll".
             Reference found at search path location "{RawFileName}".
             This reference is not "CopyLocal" because at least one source item had "Private" set to "false" and no source items had "Private" set to "true".
         Primary reference "System.Security.Principal.Windows, Version=10.0.0.0, Culture=neutral, PublicKeyToken=b03f5f7f11d50a3a".
             Resolved file path is "C:\Program Files\dotnet\packs\Microsoft.NETCore.App.Ref\10.0.5\ref\net10.0\System.Security.Principal.Windows.dll".
             Reference found at search path location "{RawFileName}".
             This reference is not "CopyLocal" because at least one source item had "Private" set to "false" and no source items had "Private" set to "true".
         Primary reference "System.Security.Principal, Version=10.0.0.0, Culture=neutral, PublicKeyToken=b03f5f7f11d50a3a".
             Resolved file path is "C:\Program Files\dotnet\packs\Microsoft.NETCore.App.Ref\10.0.5\ref\net10.0\System.Security.Principal.dll".
             Reference found at search path location "{RawFileName}".
             This reference is not "CopyLocal" because at least one source item had "Private" set to "false" and no source items had "Private" set to "true".
         Primary reference "System.Security.SecureString, Version=10.0.0.0, Culture=neutral, PublicKeyToken=b03f5f7f11d50a3a".
             Resolved file path is "C:\Program Files\dotnet\packs\Microsoft.NETCore.App.Ref\10.0.5\ref\net10.0\System.Security.SecureString.dll".
             Reference found at search path location "{RawFileName}".
             This reference is not "CopyLocal" because at least one source item had "Private" set to "false" and no source items had "Private" set to "true".
         Primary reference "System.Security, Version=4.0.0.0, Culture=neutral, PublicKeyToken=b03f5f7f11d50a3a".
             Resolved file path is "C:\Program Files\dotnet\packs\Microsoft.NETCore.App.Ref\10.0.5\ref\net10.0\System.Security.dll".
             Reference found at search path location "{RawFileName}".
             This reference is not "CopyLocal" because at least one source item had "Private" set to "false" and no source items had "Private" set to "true".
         Primary reference "System.ServiceModel.Web, Version=4.0.0.0, Culture=neutral, PublicKeyToken=31bf3856ad364e35".
             Resolved file path is "C:\Program Files\dotnet\packs\Microsoft.NETCore.App.Ref\10.0.5\ref\net10.0\System.ServiceModel.Web.dll".
             Reference found at search path location "{RawFileName}".
             This reference is not "CopyLocal" because at least one source item had "Private" set to "false" and no source items had "Private" set to "true".
         Primary reference "System.ServiceProcess, Version=4.0.0.0, Culture=neutral, PublicKeyToken=b03f5f7f11d50a3a".
             Resolved file path is "C:\Program Files\dotnet\packs\Microsoft.NETCore.App.Ref\10.0.5\ref\net10.0\System.ServiceProcess.dll".
             Reference found at search path location "{RawFileName}".
             This reference is not "CopyLocal" because at least one source item had "Private" set to "false" and no source items had "Private" set to "true".
         Primary reference "System.Text.Encoding.CodePages, Version=10.0.0.0, Culture=neutral, PublicKeyToken=b03f5f7f11d50a3a".
             Resolved file path is "C:\Program Files\dotnet\packs\Microsoft.NETCore.App.Ref\10.0.5\ref\net10.0\System.Text.Encoding.CodePages.dll".
             Reference found at search path location "{RawFileName}".
             This reference is not "CopyLocal" because at least one source item had "Private" set to "false" and no source items had "Private" set to "true".
         Primary reference "System.Text.Encoding.Extensions, Version=10.0.0.0, Culture=neutral, PublicKeyToken=b03f5f7f11d50a3a".
             Resolved file path is "C:\Program Files\dotnet\packs\Microsoft.NETCore.App.Ref\10.0.5\ref\net10.0\System.Text.Encoding.Extensions.dll".
             Reference found at search path location "{RawFileName}".
             This reference is not "CopyLocal" because at least one source item had "Private" set to "false" and no source items had "Private" set to "true".
         Primary reference "System.Text.Encoding, Version=10.0.0.0, Culture=neutral, PublicKeyToken=b03f5f7f11d50a3a".
             Resolved file path is "C:\Program Files\dotnet\packs\Microsoft.NETCore.App.Ref\10.0.5\ref\net10.0\System.Text.Encoding.dll".
             Reference found at search path location "{RawFileName}".
             This reference is not "CopyLocal" because at least one source item had "Private" set to "false" and no source items had "Private" set to "true".
         Primary reference "System.Text.Encodings.Web, Version=10.0.0.0, Culture=neutral, PublicKeyToken=cc7b13ffcd2ddd51".
             Resolved file path is "C:\Program Files\dotnet\packs\Microsoft.NETCore.App.Ref\10.0.5\ref\net10.0\System.Text.Encodings.Web.dll".
             Reference found at search path location "{RawFileName}".
             This reference is not "CopyLocal" because at least one source item had "Private" set to "false" and no source items had "Private" set to "true".
         Primary reference "System.Text.Json, Version=10.0.0.0, Culture=neutral, PublicKeyToken=cc7b13ffcd2ddd51".
             Resolved file path is "C:\Program Files\dotnet\packs\Microsoft.NETCore.App.Ref\10.0.5\ref\net10.0\System.Text.Json.dll".
             Reference found at search path location "{RawFileName}".
             This reference is not "CopyLocal" because at least one source item had "Private" set to "false" and no source items had "Private" set to "true".
         Primary reference "System.Text.RegularExpressions, Version=10.0.0.0, Culture=neutral, PublicKeyToken=b03f5f7f11d50a3a".
             Resolved file path is "C:\Program Files\dotnet\packs\Microsoft.NETCore.App.Ref\10.0.5\ref\net10.0\System.Text.RegularExpressions.dll".
             Reference found at search path location "{RawFileName}".
             This reference is not "CopyLocal" because at least one source item had "Private" set to "false" and no source items had "Private" set to "true".
         Primary reference "System.Threading.AccessControl, Version=10.0.0.0, Culture=neutral, PublicKeyToken=b03f5f7f11d50a3a".
             Resolved file path is "C:\Program Files\dotnet\packs\Microsoft.NETCore.App.Ref\10.0.5\ref\net10.0\System.Threading.AccessControl.dll".
             Reference found at search path location "{RawFileName}".
             This reference is not "CopyLocal" because at least one source item had "Private" set to "false" and no source items had "Private" set to "true".
         Primary reference "System.Threading.Channels, Version=10.0.0.0, Culture=neutral, PublicKeyToken=cc7b13ffcd2ddd51".
             Resolved file path is "C:\Program Files\dotnet\packs\Microsoft.NETCore.App.Ref\10.0.5\ref\net10.0\System.Threading.Channels.dll".
             Reference found at search path location "{RawFileName}".
             This reference is not "CopyLocal" because at least one source item had "Private" set to "false" and no source items had "Private" set to "true".
         Primary reference "System.Threading.Overlapped, Version=10.0.0.0, Culture=neutral, PublicKeyToken=b03f5f7f11d50a3a".
             Resolved file path is "C:\Program Files\dotnet\packs\Microsoft.NETCore.App.Ref\10.0.5\ref\net10.0\System.Threading.Overlapped.dll".
             Reference found at search path location "{RawFileName}".
             This reference is not "CopyLocal" because at least one source item had "Private" set to "false" and no source items had "Private" set to "true".
         Primary reference "System.Threading.Tasks.Dataflow, Version=10.0.0.0, Culture=neutral, PublicKeyToken=b03f5f7f11d50a3a".
             Resolved file path is "C:\Program Files\dotnet\packs\Microsoft.NETCore.App.Ref\10.0.5\ref\net10.0\System.Threading.Tasks.Dataflow.dll".
             Reference found at search path location "{RawFileName}".
             This reference is not "CopyLocal" because at least one source item had "Private" set to "false" and no source items had "Private" set to "true".
         Primary reference "System.Threading.Tasks.Extensions, Version=10.0.0.0, Culture=neutral, PublicKeyToken=cc7b13ffcd2ddd51".
             Resolved file path is "C:\Program Files\dotnet\packs\Microsoft.NETCore.App.Ref\10.0.5\ref\net10.0\System.Threading.Tasks.Extensions.dll".
             Reference found at search path location "{RawFileName}".
             This reference is not "CopyLocal" because at least one source item had "Private" set to "false" and no source items had "Private" set to "true".
         Primary reference "System.Threading.Tasks.Parallel, Version=10.0.0.0, Culture=neutral, PublicKeyToken=b03f5f7f11d50a3a".
             Resolved file path is "C:\Program Files\dotnet\packs\Microsoft.NETCore.App.Ref\10.0.5\ref\net10.0\System.Threading.Tasks.Parallel.dll".
             Reference found at search path location "{RawFileName}".
             This reference is not "CopyLocal" because at least one source item had "Private" set to "false" and no source items had "Private" set to "true".
         Primary reference "System.Threading.Tasks, Version=10.0.0.0, Culture=neutral, PublicKeyToken=b03f5f7f11d50a3a".
             Resolved file path is "C:\Program Files\dotnet\packs\Microsoft.NETCore.App.Ref\10.0.5\ref\net10.0\System.Threading.Tasks.dll".
             Reference found at search path location "{RawFileName}".
             This reference is not "CopyLocal" because at least one source item had "Private" set to "false" and no source items had "Private" set to "true".
         Primary reference "System.Threading.Thread, Version=10.0.0.0, Culture=neutral, PublicKeyToken=b03f5f7f11d50a3a".
             Resolved file path is "C:\Program Files\dotnet\packs\Microsoft.NETCore.App.Ref\10.0.5\ref\net10.0\System.Threading.Thread.dll".
             Reference found at search path location "{RawFileName}".
             This reference is not "CopyLocal" because at least one source item had "Private" set to "false" and no source items had "Private" set to "true".
         Primary reference "System.Threading.ThreadPool, Version=10.0.0.0, Culture=neutral, PublicKeyToken=b03f5f7f11d50a3a".
             Resolved file path is "C:\Program Files\dotnet\packs\Microsoft.NETCore.App.Ref\10.0.5\ref\net10.0\System.Threading.ThreadPool.dll".
             Reference found at search path location "{RawFileName}".
             This reference is not "CopyLocal" because at least one source item had "Private" set to "false" and no source items had "Private" set to "true".
         Primary reference "System.Threading.Timer, Version=10.0.0.0, Culture=neutral, PublicKeyToken=b03f5f7f11d50a3a".
             Resolved file path is "C:\Program Files\dotnet\packs\Microsoft.NETCore.App.Ref\10.0.5\ref\net10.0\System.Threading.Timer.dll".
             Reference found at search path location "{RawFileName}".
             This reference is not "CopyLocal" because at least one source item had "Private" set to "false" and no source items had "Private" set to "true".
         Primary reference "System.Threading, Version=10.0.0.0, Culture=neutral, PublicKeyToken=b03f5f7f11d50a3a".
             Resolved file path is "C:\Program Files\dotnet\packs\Microsoft.NETCore.App.Ref\10.0.5\ref\net10.0\System.Threading.dll".
             Reference found at search path location "{RawFileName}".
             This reference is not "CopyLocal" because at least one source item had "Private" set to "false" and no source items had "Private" set to "true".
         Primary reference "System.Transactions.Local, Version=10.0.0.0, Culture=neutral, PublicKeyToken=cc7b13ffcd2ddd51".
             Resolved file path is "C:\Program Files\dotnet\packs\Microsoft.NETCore.App.Ref\10.0.5\ref\net10.0\System.Transactions.Local.dll".
             Reference found at search path location "{RawFileName}".
             This reference is not "CopyLocal" because at least one source item had "Private" set to "false" and no source items had "Private" set to "true".
         Primary reference "System.Transactions, Version=4.0.0.0, Culture=neutral, PublicKeyToken=b77a5c561934e089".
             Resolved file path is "C:\Program Files\dotnet\packs\Microsoft.NETCore.App.Ref\10.0.5\ref\net10.0\System.Transactions.dll".
             Reference found at search path location "{RawFileName}".
             This reference is not "CopyLocal" because at least one source item had "Private" set to "false" and no source items had "Private" set to "true".
         Primary reference "System.ValueTuple, Version=10.0.0.0, Culture=neutral, PublicKeyToken=cc7b13ffcd2ddd51".
             Resolved file path is "C:\Program Files\dotnet\packs\Microsoft.NETCore.App.Ref\10.0.5\ref\net10.0\System.ValueTuple.dll".
             Reference found at search path location "{RawFileName}".
             This reference is not "CopyLocal" because at least one source item had "Private" set to "false" and no source items had "Private" set to "true".
         Primary reference "System.Web.HttpUtility, Version=10.0.0.0, Culture=neutral, PublicKeyToken=cc7b13ffcd2ddd51".
             Resolved file path is "C:\Program Files\dotnet\packs\Microsoft.NETCore.App.Ref\10.0.5\ref\net10.0\System.Web.HttpUtility.dll".
             Reference found at search path location "{RawFileName}".
             This reference is not "CopyLocal" because at least one source item had "Private" set to "false" and no source items had "Private" set to "true".
         Primary reference "System.Web, Version=4.0.0.0, Culture=neutral, PublicKeyToken=b03f5f7f11d50a3a".
             Resolved file path is "C:\Program Files\dotnet\packs\Microsoft.NETCore.App.Ref\10.0.5\ref\net10.0\System.Web.dll".
             Reference found at search path location "{RawFileName}".
             This reference is not "CopyLocal" because at least one source item had "Private" set to "false" and no source items had "Private" set to "true".
         Primary reference "System.Windows, Version=4.0.0.0, Culture=neutral, PublicKeyToken=b03f5f7f11d50a3a".
             Resolved file path is "C:\Program Files\dotnet\packs\Microsoft.NETCore.App.Ref\10.0.5\ref\net10.0\System.Windows.dll".
             Reference found at search path location "{RawFileName}".
             This reference is not "CopyLocal" because at least one source item had "Private" set to "false" and no source items had "Private" set to "true".
         Primary reference "System.Xml.Linq, Version=4.0.0.0, Culture=neutral, PublicKeyToken=b77a5c561934e089".
             Resolved file path is "C:\Program Files\dotnet\packs\Microsoft.NETCore.App.Ref\10.0.5\ref\net10.0\System.Xml.Linq.dll".
             Reference found at search path location "{RawFileName}".
             This reference is not "CopyLocal" because at least one source item had "Private" set to "false" and no source items had "Private" set to "true".
         Primary reference "System.Xml.ReaderWriter, Version=10.0.0.0, Culture=neutral, PublicKeyToken=b03f5f7f11d50a3a".
             Resolved file path is "C:\Program Files\dotnet\packs\Microsoft.NETCore.App.Ref\10.0.5\ref\net10.0\System.Xml.ReaderWriter.dll".
             Reference found at search path location "{RawFileName}".
             This reference is not "CopyLocal" because at least one source item had "Private" set to "false" and no source items had "Private" set to "true".
         Primary reference "System.Xml.Serialization, Version=4.0.0.0, Culture=neutral, PublicKeyToken=b77a5c561934e089".
             Resolved file path is "C:\Program Files\dotnet\packs\Microsoft.NETCore.App.Ref\10.0.5\ref\net10.0\System.Xml.Serialization.dll".
             Reference found at search path location "{RawFileName}".
             This reference is not "CopyLocal" because at least one source item had "Private" set to "false" and no source items had "Private" set to "true".
         Primary reference "System.Xml.XDocument, Version=10.0.0.0, Culture=neutral, PublicKeyToken=b03f5f7f11d50a3a".
             Resolved file path is "C:\Program Files\dotnet\packs\Microsoft.NETCore.App.Ref\10.0.5\ref\net10.0\System.Xml.XDocument.dll".
             Reference found at search path location "{RawFileName}".
             This reference is not "CopyLocal" because at least one source item had "Private" set to "false" and no source items had "Private" set to "true".
         Primary reference "System.Xml.XPath.XDocument, Version=10.0.0.0, Culture=neutral, PublicKeyToken=b03f5f7f11d50a3a".
             Resolved file path is "C:\Program Files\dotnet\packs\Microsoft.NETCore.App.Ref\10.0.5\ref\net10.0\System.Xml.XPath.XDocument.dll".
             Reference found at search path location "{RawFileName}".
             This reference is not "CopyLocal" because at least one source item had "Private" set to "false" and no source items had "Private" set to "true".
         Primary reference "System.Xml.XPath, Version=10.0.0.0, Culture=neutral, PublicKeyToken=b03f5f7f11d50a3a".
             Resolved file path is "C:\Program Files\dotnet\packs\Microsoft.NETCore.App.Ref\10.0.5\ref\net10.0\System.Xml.XPath.dll".
             Reference found at search path location "{RawFileName}".
             This reference is not "CopyLocal" because at least one source item had "Private" set to "false" and no source items had "Private" set to "true".
         Primary reference "System.Xml.XmlDocument, Version=10.0.0.0, Culture=neutral, PublicKeyToken=b03f5f7f11d50a3a".
             Resolved file path is "C:\Program Files\dotnet\packs\Microsoft.NETCore.App.Ref\10.0.5\ref\net10.0\System.Xml.XmlDocument.dll".
             Reference found at search path location "{RawFileName}".
             This reference is not "CopyLocal" because at least one source item had "Private" set to "false" and no source items had "Private" set to "true".
         Primary reference "System.Xml.XmlSerializer, Version=10.0.0.0, Culture=neutral, PublicKeyToken=b03f5f7f11d50a3a".
             Resolved file path is "C:\Program Files\dotnet\packs\Microsoft.NETCore.App.Ref\10.0.5\ref\net10.0\System.Xml.XmlSerializer.dll".
             Reference found at search path location "{RawFileName}".
             This reference is not "CopyLocal" because at least one source item had "Private" set to "false" and no source items had "Private" set to "true".
         Primary reference "System.Xml, Version=4.0.0.0, Culture=neutral, PublicKeyToken=b77a5c561934e089".
             Resolved file path is "C:\Program Files\dotnet\packs\Microsoft.NETCore.App.Ref\10.0.5\ref\net10.0\System.Xml.dll".
             Reference found at search path location "{RawFileName}".
             This reference is not "CopyLocal" because at least one source item had "Private" set to "false" and no source items had "Private" set to "true".
         Primary reference "System, Version=4.0.0.0, Culture=neutral, PublicKeyToken=b77a5c561934e089".
             Resolved file path is "C:\Program Files\dotnet\packs\Microsoft.NETCore.App.Ref\10.0.5\ref\net10.0\System.dll".
             Reference found at search path location "{RawFileName}".
             This reference is not "CopyLocal" because at least one source item had "Private" set to "false" and no source items had "Private" set to "true".
         Primary reference "WindowsBase, Version=4.0.0.0, Culture=neutral, PublicKeyToken=31bf3856ad364e35".
             Resolved file path is "C:\Program Files\dotnet\packs\Microsoft.NETCore.App.Ref\10.0.5\ref\net10.0\WindowsBase.dll".
             Reference found at search path location "{RawFileName}".
             This reference is not "CopyLocal" because at least one source item had "Private" set to "false" and no source items had "Private" set to "true".
         Primary reference "mscorlib, Version=4.0.0.0, Culture=neutral, PublicKeyToken=b77a5c561934e089".
             Resolved file path is "C:\Program Files\dotnet\packs\Microsoft.NETCore.App.Ref\10.0.5\ref\net10.0\mscorlib.dll".
             Reference found at search path location "{RawFileName}".
             This reference is not "CopyLocal" because at least one source item had "Private" set to "false" and no source items had "Private" set to "true".
         Primary reference "netstandard, Version=2.1.0.0, Culture=neutral, PublicKeyToken=cc7b13ffcd2ddd51".
             Resolved file path is "C:\Program Files\dotnet\packs\Microsoft.NETCore.App.Ref\10.0.5\ref\net10.0\netstandard.dll".
             Reference found at search path location "{RawFileName}".
             This reference is not "CopyLocal" because at least one source item had "Private" set to "false" and no source items had "Private" set to "true".
       Done executing task "ResolveAssemblyReference".
   2:6>Done building target "ResolveAssemblyReferences" in project "ETL-SQL.Core.csproj".
   2:6>Target "AfterResolveReferences" in file "C:\Program Files\dotnet\sdk\10.0.201\Microsoft.Common.CurrentVersion.targets" from project "C:\Users\chuck\scratch\ETL-SQL\src\ETL-SQL.Core\ETL-SQL.Core.csproj" (target "ResolveReferences" depends on it):
   2:6>Done building target "AfterResolveReferences" in project "ETL-SQL.Core.csproj".
   2:6>Target "ResolveReferences" in file "C:\Program Files\dotnet\sdk\10.0.201\Microsoft.Common.CurrentVersion.targets" from project "C:\Users\chuck\scratch\ETL-SQL\src\ETL-SQL.Core\ETL-SQL.Core.csproj" (target "_BlockWinMDsOnUnsupportedTFMs" depends on it):
   2:6>Done building target "ResolveReferences" in project "ETL-SQL.Core.csproj".
   2:6>Target "_BlockWinMDsOnUnsupportedTFMs" in file "C:\Program Files\dotnet\sdk\10.0.201\Sdks\Microsoft.NET.Sdk\targets\Microsoft.NET.Sdk.targets" from project "C:\Users\chuck\scratch\ETL-SQL\src\ETL-SQL.Core\ETL-SQL.Core.csproj" (target "CoreBuild" depends on it):
       Using "CheckForUnsupportedWinMDReferences" task from assembly "C:\Program Files\dotnet\sdk\10.0.201\Sdks\Microsoft.NET.Sdk\targets\..\tools\net10.0\Microsoft.NET.Build.Tasks.dll".
       Task "CheckForUnsupportedWinMDReferences"
       Done executing task "CheckForUnsupportedWinMDReferences".
   2:6>Done building target "_BlockWinMDsOnUnsupportedTFMs" in project "ETL-SQL.Core.csproj".
       Target "ResolveReferences" skipped. Previously built successfully.
       Target "ResolvePackageDependenciesForBuild" skipped. Previously built successfully.
       Target "_HandlePackageFileConflicts" skipped. Previously built successfully.
   2:6>Target "CopyAdditionalFiles" in file "C:\Program Files\dotnet\sdk\10.0.201\Roslyn\Microsoft.Managed.Core.targets" from project "C:\Users\chuck\scratch\ETL-SQL\src\ETL-SQL.Core\ETL-SQL.Core.csproj" (target "AssignTargetPaths" depends on it):
   2:6>Done building target "CopyAdditionalFiles" in project "ETL-SQL.Core.csproj".
   2:6>Target "_ComputeNETCoreBuildOutputFiles" in file "C:\Program Files\dotnet\sdk\10.0.201\Sdks\Microsoft.NET.Sdk\targets\Microsoft.NET.Sdk.targets" from project "C:\Users\chuck\scratch\ETL-SQL\src\ETL-SQL.Core\ETL-SQL.Core.csproj" (target "AssignTargetPaths" depends on it):
   2:6>Done building target "_ComputeNETCoreBuildOutputFiles" in project "ETL-SQL.Core.csproj".
   2:6>Target "AssignTargetPaths" in file "C:\Program Files\dotnet\sdk\10.0.201\Microsoft.Common.CurrentVersion.targets" from project "C:\Users\chuck\scratch\ETL-SQL\src\ETL-SQL.Core\ETL-SQL.Core.csproj" (target "PrepareResourceNames" depends on it):
       Using "AssignTargetPath" task from assembly "Microsoft.Build.Tasks.Core, Version=15.1.0.0, Culture=neutral, PublicKeyToken=b03f5f7f11d50a3a".
       Task "AssignTargetPath"
       Done executing task "AssignTargetPath".
       Task "AssignTargetPath"
       Done executing task "AssignTargetPath".
       Task "AssignTargetPath"
       Done executing task "AssignTargetPath".
       Task "AssignTargetPath"
       Done executing task "AssignTargetPath".
   2:6>Done building target "AssignTargetPaths" in project "ETL-SQL.Core.csproj".
   2:6>Target "_IncludeContentItemsWithOnlyPublishMetadata" in file "C:\Program Files\dotnet\sdk\10.0.201\Sdks\Microsoft.NET.Sdk\targets\Microsoft.NET.Publish.targets" from project "C:\Users\chuck\scratch\ETL-SQL\src\ETL-SQL.Core\ETL-SQL.Core.csproj" (target "PrepareResourceNames" depends on it):
   2:6>Done building target "_IncludeContentItemsWithOnlyPublishMetadata" in project "ETL-SQL.Core.csproj".
       Target "AssignTargetPaths" skipped. Previously built successfully.
   2:6>Target "SplitResourcesByCulture" in file "C:\Program Files\dotnet\sdk\10.0.201\Microsoft.Common.CurrentVersion.targets" from project "C:\Users\chuck\scratch\ETL-SQL\src\ETL-SQL.Core\ETL-SQL.Core.csproj" (target "PrepareResourceNames" depends on it):
       Using "AssignCulture" task from assembly "Microsoft.Build.Tasks.Core, Version=15.1.0.0, Culture=neutral, PublicKeyToken=b03f5f7f11d50a3a".
       Task "AssignCulture"
       Done executing task "AssignCulture".
   2:6>Done building target "SplitResourcesByCulture" in project "ETL-SQL.Core.csproj".
   2:6>Target "CreateCustomManifestResourceNames" in file "C:\Program Files\dotnet\sdk\10.0.201\Microsoft.Common.CurrentVersion.targets" from project "C:\Users\chuck\scratch\ETL-SQL\src\ETL-SQL.Core\ETL-SQL.Core.csproj" (target "PrepareResourceNames" depends on it):
   2:6>Done building target "CreateCustomManifestResourceNames" in project "ETL-SQL.Core.csproj".
   2:6>Target "PrepareResourceNames" in file "C:\Program Files\dotnet\sdk\10.0.201\Microsoft.Common.CurrentVersion.targets" from project "C:\Users\chuck\scratch\ETL-SQL\src\ETL-SQL.Core\ETL-SQL.Core.csproj" (target "PrepareResources" depends on it):
   2:6>Done building target "PrepareResourceNames" in project "ETL-SQL.Core.csproj".
       Target "ResolveAssemblyReferences" skipped. Previously built successfully.
       Target "SplitResourcesByCulture" skipped. Previously built successfully.
   2:6>Target "BeforeResGen" in file "C:\Program Files\dotnet\sdk\10.0.201\Microsoft.Common.CurrentVersion.targets" from project "C:\Users\chuck\scratch\ETL-SQL\src\ETL-SQL.Core\ETL-SQL.Core.csproj" (target "ResGen" depends on it):
   2:6>Done building target "BeforeResGen" in project "ETL-SQL.Core.csproj".
       Target "ResolveReferences" skipped. Previously built successfully.
   2:6>Target "FindReferenceAssembliesForReferences" in file "C:\Program Files\dotnet\sdk\10.0.201\Microsoft.Common.CurrentVersion.targets" from project "C:\Users\chuck\scratch\ETL-SQL\src\ETL-SQL.Core\ETL-SQL.Core.csproj" (target "CoreResGen" depends on it):
   2:6>Done building target "FindReferenceAssembliesForReferences" in project "ETL-SQL.Core.csproj".
   2:6>Target "CoreResGen" in file "C:\Program Files\dotnet\sdk\10.0.201\Microsoft.Common.CurrentVersion.targets" from project "C:\Users\chuck\scratch\ETL-SQL\src\ETL-SQL.Core\ETL-SQL.Core.csproj" (target "ResGen" depends on it):
   2:6>Done building target "CoreResGen" in project "ETL-SQL.Core.csproj".
   2:6>Target "AfterResGen" in file "C:\Program Files\dotnet\sdk\10.0.201\Microsoft.Common.CurrentVersion.targets" from project "C:\Users\chuck\scratch\ETL-SQL\src\ETL-SQL.Core\ETL-SQL.Core.csproj" (target "ResGen" depends on it):
   2:6>Done building target "AfterResGen" in project "ETL-SQL.Core.csproj".
   2:6>Target "ResGen" in file "C:\Program Files\dotnet\sdk\10.0.201\Microsoft.Common.CurrentVersion.targets" from project "C:\Users\chuck\scratch\ETL-SQL\src\ETL-SQL.Core\ETL-SQL.Core.csproj" (target "PrepareResources" depends on it):
   2:6>Done building target "ResGen" in project "ETL-SQL.Core.csproj".
   2:6>Target "PrepareResources" in file "C:\Program Files\dotnet\sdk\10.0.201\Microsoft.Common.CurrentVersion.targets" from project "C:\Users\chuck\scratch\ETL-SQL\src\ETL-SQL.Core\ETL-SQL.Core.csproj" (target "CoreBuild" depends on it):
   2:6>Done building target "PrepareResources" in project "ETL-SQL.Core.csproj".
       Target "ResolveReferences" skipped. Previously built successfully.
   2:6>Target "_SetEmbeddedWin32ManifestProperties" in file "C:\Program Files\dotnet\sdk\10.0.201\Microsoft.Common.CurrentVersion.targets" from project "C:\Users\chuck\scratch\ETL-SQL\src\ETL-SQL.Core\ETL-SQL.Core.csproj" (target "SetWin32ManifestProperties" depends on it):
       Using "GetFrameworkPath" task from assembly "Microsoft.Build.Tasks.Core, Version=15.1.0.0, Culture=neutral, PublicKeyToken=b03f5f7f11d50a3a".
       Task "GetFrameworkPath"
       Done executing task "GetFrameworkPath".
   2:6>Done building target "_SetEmbeddedWin32ManifestProperties" in project "ETL-SQL.Core.csproj".
   2:6>Target "SetWin32ManifestProperties" in file "C:\Program Files\dotnet\sdk\10.0.201\Microsoft.Common.CurrentVersion.targets" from project "C:\Users\chuck\scratch\ETL-SQL\src\ETL-SQL.Core\ETL-SQL.Core.csproj" (target "Compile" depends on it):
   2:6>Done building target "SetWin32ManifestProperties" in project "ETL-SQL.Core.csproj".
       Target "FindReferenceAssembliesForReferences" skipped. Previously built successfully.
   2:6>Target "_GenerateCompileInputs" in file "C:\Program Files\dotnet\sdk\10.0.201\Microsoft.Common.CurrentVersion.targets" from project "C:\Users\chuck\scratch\ETL-SQL\src\ETL-SQL.Core\ETL-SQL.Core.csproj" (target "Compile" depends on it):
   2:6>Done building target "_GenerateCompileInputs" in project "ETL-SQL.Core.csproj".
       Target "PrepareForBuild" skipped. Previously built successfully.
   2:6>Target "GenerateMSBuildEditorConfigFileShouldRun" in file "C:\Program Files\dotnet\sdk\10.0.201\Roslyn\Microsoft.Managed.Core.targets" from project "C:\Users\chuck\scratch\ETL-SQL\src\ETL-SQL.Core\ETL-SQL.Core.csproj" (target "GenerateMSBuildEditorConfigFile" depends on it):
   2:6>Done building target "GenerateMSBuildEditorConfigFileShouldRun" in project "ETL-SQL.Core.csproj".
   2:6>Target "AddGlobalAnalyzerConfigForPackage_MicrosoftCodeAnalysisCSharpCodeStyle" in file "C:\Program Files\dotnet\sdk\10.0.201\Sdks\Microsoft.NET.Sdk\codestyle\cs\build\Microsoft.CodeAnalysis.CSharp.CodeStyle.targets" from project "C:\Users\chuck\scratch\ETL-SQL\src\ETL-SQL.Core\ETL-SQL.Core.csproj" (target "GenerateMSBuildEditorConfigFileCore" depends on it):
   2:6>Done building target "AddGlobalAnalyzerConfigForPackage_MicrosoftCodeAnalysisCSharpCodeStyle" in project "ETL-SQL.Core.csproj".
   2:6>Target "GenerateMSBuildEditorConfigFileCore" in file "C:\Program Files\dotnet\sdk\10.0.201\Roslyn\Microsoft.Managed.Core.targets" from project "C:\Users\chuck\scratch\ETL-SQL\src\ETL-SQL.Core\ETL-SQL.Core.csproj" (target "GenerateMSBuildEditorConfigFile" depends on it):
       Building target "GenerateMSBuildEditorConfigFileCore" completely.
       No input files were specified.
       Using "GenerateMSBuildEditorConfig" task from assembly "C:\Program Files\dotnet\sdk\10.0.201\Sdks\Microsoft.NET.Sdk\targets\..\..\..\Roslyn\Microsoft.Build.Tasks.CodeAnalysis.dll".
       Task "GenerateMSBuildEditorConfig"
       Done executing task "GenerateMSBuildEditorConfig".
   2:6>Done building target "GenerateMSBuildEditorConfigFileCore" in project "ETL-SQL.Core.csproj".
   2:6>Target "GenerateMSBuildEditorConfigFile" in file "C:\Program Files\dotnet\sdk\10.0.201\Roslyn\Microsoft.Managed.Core.targets" from project "C:\Users\chuck\scratch\ETL-SQL\src\ETL-SQL.Core\ETL-SQL.Core.csproj" (target "BeforeCompile" depends on it):
   2:6>Done building target "GenerateMSBuildEditorConfigFile" in project "ETL-SQL.Core.csproj".
       Target "PrepareForBuild" skipped. Previously built successfully.
       Target "GetReferenceAssemblyPaths" skipped. Previously built successfully.
   2:6>Target "_SetTargetFrameworkMonikerAttribute" in file "C:\Program Files\dotnet\sdk\10.0.201\Microsoft.CSharp.CurrentVersion.targets" from project "C:\Users\chuck\scratch\ETL-SQL\src\ETL-SQL.Core\ETL-SQL.Core.csproj" (target "GenerateTargetFrameworkMonikerAttribute" depends on it):
   2:6>Done building target "_SetTargetFrameworkMonikerAttribute" in project "ETL-SQL.Core.csproj".
   2:6>Target "GenerateTargetFrameworkMonikerAttribute" in file "C:\Program Files\dotnet\sdk\10.0.201\Microsoft.Common.CurrentVersion.targets" from project "C:\Users\chuck\scratch\ETL-SQL\src\ETL-SQL.Core\ETL-SQL.Core.csproj" (target "BeforeCompile" depends on it):
       Skipping target "GenerateTargetFrameworkMonikerAttribute" because all output files are up-to-date with respect to the input files.
       Input files: C:\Program Files\dotnet\sdk\10.0.201\Microsoft.Common.targets
       Output files: obj\Debug\net10.0\.NETCoreApp,Version=v10.0.AssemblyAttributes.cs
   2:6>Done building target "GenerateTargetFrameworkMonikerAttribute" in project "ETL-SQL.Core.csproj".
       Target "PrepareForBuild" skipped. Previously built successfully.
   2:6>Target "GetAssemblyVersion" in file "C:\Program Files\dotnet\sdk\10.0.201\Sdks\Microsoft.NET.Sdk\targets\Microsoft.NET.GenerateAssemblyInfo.targets" from project "C:\Users\chuck\scratch\ETL-SQL\src\ETL-SQL.Core\ETL-SQL.Core.csproj" (target "GetAssemblyAttributes" depends on it):
       Using "GetAssemblyVersion" task from assembly "C:\Program Files\dotnet\sdk\10.0.201\Sdks\Microsoft.NET.Sdk\targets\..\tools\net10.0\Microsoft.NET.Build.Tasks.dll".
       Task "GetAssemblyVersion"
       Done executing task "GetAssemblyVersion".
   2:6>Done building target "GetAssemblyVersion" in project "ETL-SQL.Core.csproj".
   2:6>Target "InitializeSourceControlInformationFromSourceControlManager" in file "C:\Program Files\dotnet\sdk\10.0.201\Sdks\Microsoft.Build.Tasks.Git\build\Microsoft.Build.Tasks.Git.targets" from project "C:\Users\chuck\scratch\ETL-SQL\src\ETL-SQL.Core\ETL-SQL.Core.csproj" (target "_InitializeSourceControlInformationFromSourceControlManager" depends on it):
       Using "Microsoft.Build.Tasks.Git.LocateRepository" task from assembly "C:\Program Files\dotnet\sdk\10.0.201\Sdks\Microsoft.Build.Tasks.Git\build\..\tools\net\Microsoft.Build.Tasks.Git.dll".
       Task "Microsoft.Build.Tasks.Git.LocateRepository"
         SourceLink: Repository instance not found in cache: '*:C:\Users\chuck\scratch\ETL-SQL\.git'
       Done executing task "Microsoft.Build.Tasks.Git.LocateRepository".
   2:6>Done building target "InitializeSourceControlInformationFromSourceControlManager" in project "ETL-SQL.Core.csproj".
   2:6>Target "_SourceLinkHasSingleProvider" in file "C:\Program Files\dotnet\sdk\10.0.201\Sdks\Microsoft.SourceLink.Common\build\InitializeSourceControlInformation.targets" from project "C:\Users\chuck\scratch\ETL-SQL\src\ETL-SQL.Core\ETL-SQL.Core.csproj" (target "_InitializeSourceControlInformationFromSourceControlManager" depends on it):
       Assembly loaded during TaskRun: Microsoft.SourceLink.Common, Version=10.0.14.15422, Culture=neutral, PublicKeyToken=31bf3856ad364e35 (location: C:\Program Files\dotnet\sdk\10.0.201\Sdks\Microsoft.SourceLink.Common\tools\net\Microsoft.SourceLink.Common.dll, MVID: e3454684-5cc4-4993-9f77-674f4a1f4ee7, AssemblyLoadContext: MSBuild plugin C:\Program Files\dotnet\sdk\10.0.201\Sdks\Microsoft.SourceLink.Common\tools\net\Microsoft.SourceLink.Common.dll)
       Using "Microsoft.SourceLink.Common.SourceLinkHasSingleProvider" task from assembly "C:\Program Files\dotnet\sdk\10.0.201\Sdks\Microsoft.SourceLink.Common\build\..\tools\net\Microsoft.SourceLink.Common.dll".
       Task "Microsoft.SourceLink.Common.SourceLinkHasSingleProvider"
       Done executing task "Microsoft.SourceLink.Common.SourceLinkHasSingleProvider".
   2:6>Done building target "_SourceLinkHasSingleProvider" in project "ETL-SQL.Core.csproj".
   2:6>Target "TranslateGitHubUrlsInSourceControlInformation" in file "C:\Program Files\dotnet\sdk\10.0.201\Sdks\Microsoft.SourceLink.GitHub\build\Microsoft.SourceLink.GitHub.targets" from project "C:\Users\chuck\scratch\ETL-SQL\src\ETL-SQL.Core\ETL-SQL.Core.csproj" (target "_InitializeSourceControlInformationFromSourceControlManager" depends on it):
       Assembly loaded during TaskRun: Microsoft.SourceLink.GitHub, Version=10.0.14.15422, Culture=neutral, PublicKeyToken=31bf3856ad364e35 (location: C:\Program Files\dotnet\sdk\10.0.201\Sdks\Microsoft.SourceLink.GitHub\tools\net\Microsoft.SourceLink.GitHub.dll, MVID: e56478be-6202-4181-b068-05ee28f733a2, AssemblyLoadContext: MSBuild plugin C:\Program Files\dotnet\sdk\10.0.201\Sdks\Microsoft.SourceLink.GitHub\tools\net\Microsoft.SourceLink.GitHub.dll)
       Using "Microsoft.SourceLink.GitHub.TranslateRepositoryUrls" task from assembly "C:\Program Files\dotnet\sdk\10.0.201\Sdks\Microsoft.SourceLink.GitHub\build\..\tools\net\Microsoft.SourceLink.GitHub.dll".
       Task "Microsoft.SourceLink.GitHub.TranslateRepositoryUrls"
       Done executing task "Microsoft.SourceLink.GitHub.TranslateRepositoryUrls".
   2:6>Done building target "TranslateGitHubUrlsInSourceControlInformation" in project "ETL-SQL.Core.csproj".
   2:6>Target "TranslateGitLabUrlsInSourceControlInformation" in file "C:\Program Files\dotnet\sdk\10.0.201\Sdks\Microsoft.SourceLink.GitLab\build\Microsoft.SourceLink.GitLab.targets" from project "C:\Users\chuck\scratch\ETL-SQL\src\ETL-SQL.Core\ETL-SQL.Core.csproj" (target "_InitializeSourceControlInformationFromSourceControlManager" depends on it):
       Assembly loaded during TaskRun: Microsoft.SourceLink.GitLab, Version=10.0.14.15422, Culture=neutral, PublicKeyToken=31bf3856ad364e35 (location: C:\Program Files\dotnet\sdk\10.0.201\Sdks\Microsoft.SourceLink.GitLab\tools\net\Microsoft.SourceLink.GitLab.dll, MVID: f500b36f-8921-4642-a4f7-cbf4c7547d7e, AssemblyLoadContext: MSBuild plugin C:\Program Files\dotnet\sdk\10.0.201\Sdks\Microsoft.SourceLink.GitLab\tools\net\Microsoft.SourceLink.GitLab.dll)
       Using "Microsoft.SourceLink.GitLab.TranslateRepositoryUrls" task from assembly "C:\Program Files\dotnet\sdk\10.0.201\Sdks\Microsoft.SourceLink.GitLab\build\..\tools\net\Microsoft.SourceLink.GitLab.dll".
       Task "Microsoft.SourceLink.GitLab.TranslateRepositoryUrls"
       Done executing task "Microsoft.SourceLink.GitLab.TranslateRepositoryUrls".
   2:6>Done building target "TranslateGitLabUrlsInSourceControlInformation" in project "ETL-SQL.Core.csproj".
   2:6>Target "TranslateAzureReposGitUrlsInSourceControlInformation" in file "C:\Program Files\dotnet\sdk\10.0.201\Sdks\Microsoft.SourceLink.AzureRepos.Git\build\Microsoft.SourceLink.AzureRepos.Git.targets" from project "C:\Users\chuck\scratch\ETL-SQL\src\ETL-SQL.Core\ETL-SQL.Core.csproj" (target "_InitializeSourceControlInformationFromSourceControlManager" depends on it):
       Assembly loaded during TaskRun: Microsoft.SourceLink.AzureRepos.Git, Version=10.0.14.15422, Culture=neutral, PublicKeyToken=31bf3856ad364e35 (location: C:\Program Files\dotnet\sdk\10.0.201\Sdks\Microsoft.SourceLink.AzureRepos.Git\tools\net\Microsoft.SourceLink.AzureRepos.Git.dll, MVID: b7bfb942-3515-4789-b721-1d03e1b0ab44, AssemblyLoadContext: MSBuild plugin C:\Program Files\dotnet\sdk\10.0.201\Sdks\Microsoft.SourceLink.AzureRepos.Git\tools\net\Microsoft.SourceLink.AzureRepos.Git.dll)
       Using "Microsoft.SourceLink.AzureRepos.Git.TranslateRepositoryUrls" task from assembly "C:\Program Files\dotnet\sdk\10.0.201\Sdks\Microsoft.SourceLink.AzureRepos.Git\build\..\tools\net\Microsoft.SourceLink.AzureRepos.Git.dll".
       Task "Microsoft.SourceLink.AzureRepos.Git.TranslateRepositoryUrls"
       Done executing task "Microsoft.SourceLink.AzureRepos.Git.TranslateRepositoryUrls".
   2:6>Done building target "TranslateAzureReposGitUrlsInSourceControlInformation" in project "ETL-SQL.Core.csproj".
   2:6>Target "TranslateBitbucketGitUrlsInSourceControlInformation" in file "C:\Program Files\dotnet\sdk\10.0.201\Sdks\Microsoft.SourceLink.Bitbucket.Git\build\Microsoft.SourceLink.Bitbucket.Git.targets" from project "C:\Users\chuck\scratch\ETL-SQL\src\ETL-SQL.Core\ETL-SQL.Core.csproj" (target "_InitializeSourceControlInformationFromSourceControlManager" depends on it):
       Assembly loaded during TaskRun: Microsoft.SourceLink.Bitbucket.Git, Version=10.0.14.15422, Culture=neutral, PublicKeyToken=31bf3856ad364e35 (location: C:\Program Files\dotnet\sdk\10.0.201\Sdks\Microsoft.SourceLink.Bitbucket.Git\tools\net\Microsoft.SourceLink.Bitbucket.Git.dll, MVID: 96b2f055-e0bc-4242-93e1-9f41fb8e2ede, AssemblyLoadContext: MSBuild plugin C:\Program Files\dotnet\sdk\10.0.201\Sdks\Microsoft.SourceLink.Bitbucket.Git\tools\net\Microsoft.SourceLink.Bitbucket.Git.dll)
       Using "Microsoft.SourceLink.Bitbucket.Git.TranslateRepositoryUrls" task from assembly "C:\Program Files\dotnet\sdk\10.0.201\Sdks\Microsoft.SourceLink.Bitbucket.Git\build\..\tools\net\Microsoft.SourceLink.Bitbucket.Git.dll".
       Task "Microsoft.SourceLink.Bitbucket.Git.TranslateRepositoryUrls"
       Done executing task "Microsoft.SourceLink.Bitbucket.Git.TranslateRepositoryUrls".
   2:6>Done building target "TranslateBitbucketGitUrlsInSourceControlInformation" in project "ETL-SQL.Core.csproj".
   2:6>Target "SourceControlManagerPublishTranslatedUrls" in file "C:\Program Files\dotnet\sdk\10.0.201\Sdks\Microsoft.SourceLink.Common\build\InitializeSourceControlInformation.targets" from project "C:\Users\chuck\scratch\ETL-SQL\src\ETL-SQL.Core\ETL-SQL.Core.csproj" (target "_InitializeSourceControlInformationFromSourceControlManager" depends on it):
   2:6>Done building target "SourceControlManagerPublishTranslatedUrls" in project "ETL-SQL.Core.csproj".
   2:6>Target "_InitializeSourceControlInformationFromSourceControlManager" in file "C:\Program Files\dotnet\sdk\10.0.201\Sdks\Microsoft.SourceLink.Common\build\InitializeSourceControlInformation.targets" from project "C:\Users\chuck\scratch\ETL-SQL\src\ETL-SQL.Core\ETL-SQL.Core.csproj" (target "InitializeSourceControlInformation" depends on it):
   2:6>Done building target "_InitializeSourceControlInformationFromSourceControlManager" in project "ETL-SQL.Core.csproj".
   2:6>Target "InitializeSourceControlInformation" in file "C:\Program Files\dotnet\sdk\10.0.201\Microsoft.Common.CurrentVersion.targets" from project "C:\Users\chuck\scratch\ETL-SQL\src\ETL-SQL.Core\ETL-SQL.Core.csproj" (target "GetAssemblyAttributes" depends on it):
   2:6>Done building target "InitializeSourceControlInformation" in project "ETL-SQL.Core.csproj".
       Target "GetAssemblyVersion" skipped. Previously built successfully.
       Target "InitializeSourceControlInformation" skipped. Previously built successfully.
   2:6>Target "AddSourceRevisionToInformationalVersion" in file "C:\Program Files\dotnet\sdk\10.0.201\Sdks\Microsoft.NET.Sdk\targets\Microsoft.NET.GenerateAssemblyInfo.targets" from project "C:\Users\chuck\scratch\ETL-SQL\src\ETL-SQL.Core\ETL-SQL.Core.csproj" (target "GetAssemblyAttributes" depends on it):
       C:\Program Files\dotnet\sdk\10.0.201\Sdks\Microsoft.NET.Sdk\targets\Microsoft.NET.GenerateAssemblyInfo.targets(70,7): message : Property reassignment: $(InformationalVersion)="1.0.0+26f5b2d9f32c74b186ba7dbd8a255ae3bb283720" (previous value: "1.0.0") at C:\Program Files\dotnet\sdk\10.0.201\Sdks\Microsoft.NET.Sdk\targets\Microsoft.NET.GenerateAssemblyInfo.targets (70,7) [C:\Users\chuck\scratch\ETL-SQL\src\ETL-SQL.Core\ETL-SQL.Core.csproj]
   2:6>Done building target "AddSourceRevisionToInformationalVersion" in project "ETL-SQL.Core.csproj".
   2:6>Target "GetAssemblyAttributes" in file "C:\Program Files\dotnet\sdk\10.0.201\Sdks\Microsoft.NET.Sdk\targets\Microsoft.NET.GenerateAssemblyInfo.targets" from project "C:\Users\chuck\scratch\ETL-SQL\src\ETL-SQL.Core\ETL-SQL.Core.csproj" (target "CreateGeneratedAssemblyInfoInputsCacheFile" depends on it):
   2:6>Done building target "GetAssemblyAttributes" in project "ETL-SQL.Core.csproj".
   2:6>Target "CreateGeneratedAssemblyInfoInputsCacheFile" in file "C:\Program Files\dotnet\sdk\10.0.201\Sdks\Microsoft.NET.Sdk\targets\Microsoft.NET.GenerateAssemblyInfo.targets" from project "C:\Users\chuck\scratch\ETL-SQL\src\ETL-SQL.Core\ETL-SQL.Core.csproj" (target "CoreGenerateAssemblyInfo" depends on it):
       Using "Hash" task from assembly "Microsoft.Build.Tasks.Core, Version=15.1.0.0, Culture=neutral, PublicKeyToken=b03f5f7f11d50a3a".
       Task "Hash"
       Done executing task "Hash".
       Task "WriteLinesToFile"
         Skipping write to file "C:\Users\chuck\scratch\ETL-SQL\src\ETL-SQL.Core\obj\Debug\net10.0\ETL-SQL.Core.AssemblyInfoInputs.cache" because content would not change.
       Done executing task "WriteLinesToFile".
   2:6>Done building target "CreateGeneratedAssemblyInfoInputsCacheFile" in project "ETL-SQL.Core.csproj".
   2:6>Target "CoreGenerateAssemblyInfo" in file "C:\Program Files\dotnet\sdk\10.0.201\Sdks\Microsoft.NET.Sdk\targets\Microsoft.NET.GenerateAssemblyInfo.targets" from project "C:\Users\chuck\scratch\ETL-SQL\src\ETL-SQL.Core\ETL-SQL.Core.csproj" (target "GenerateAssemblyInfo" depends on it):
       Skipping target "CoreGenerateAssemblyInfo" because all output files are up-to-date with respect to the input files.
       Input files: obj\Debug\net10.0\ETL-SQL.Core.AssemblyInfoInputs.cache
       Output files: obj\Debug\net10.0\ETL-SQL.Core.AssemblyInfo.cs
   2:6>Done building target "CoreGenerateAssemblyInfo" in project "ETL-SQL.Core.csproj".
   2:6>Target "GenerateAssemblyInfo" in file "C:\Program Files\dotnet\sdk\10.0.201\Sdks\Microsoft.NET.Sdk\targets\Microsoft.NET.GenerateAssemblyInfo.targets" from project "C:\Users\chuck\scratch\ETL-SQL\src\ETL-SQL.Core\ETL-SQL.Core.csproj" (target "BeforeCompile" depends on it):
   2:6>Done building target "GenerateAssemblyInfo" in project "ETL-SQL.Core.csproj".
   2:6>Target "BeforeCompile" in file "C:\Program Files\dotnet\sdk\10.0.201\Microsoft.Common.CurrentVersion.targets" from project "C:\Users\chuck\scratch\ETL-SQL\src\ETL-SQL.Core\ETL-SQL.Core.csproj" (target "Compile" depends on it):
   2:6>Done building target "BeforeCompile" in project "ETL-SQL.Core.csproj".
       Target "ResolveAssemblyReferences" skipped. Previously built successfully.
       Target "_GenerateCompileInputs" skipped. Previously built successfully.
   2:6>Target "_GenerateCompileDependencyCache" in file "C:\Program Files\dotnet\sdk\10.0.201\Microsoft.Common.CurrentVersion.targets" from project "C:\Users\chuck\scratch\ETL-SQL\src\ETL-SQL.Core\ETL-SQL.Core.csproj" (target "Compile" depends on it):
       Task "Hash"
       Done executing task "Hash".
       Task "WriteLinesToFile"
         Skipping write to file "C:\Users\chuck\scratch\ETL-SQL\src\ETL-SQL.Core\obj\Debug\net10.0\ETL-SQL.Core.csproj.CoreCompileInputs.cache" because content would not change.
       Done executing task "WriteLinesToFile".
   2:6>Done building target "_GenerateCompileDependencyCache" in project "ETL-SQL.Core.csproj".
   2:6>Target "_BeforeVBCSCoreCompile" in file "C:\Program Files\dotnet\sdk\10.0.201\Roslyn\Microsoft.Managed.Core.targets" from project "C:\Users\chuck\scratch\ETL-SQL\src\ETL-SQL.Core\ETL-SQL.Core.csproj" (target "CoreCompile" depends on it):
   2:6>Done building target "_BeforeVBCSCoreCompile" in project "ETL-SQL.Core.csproj".
   2:6>Target "_ComputeSkipAnalyzers" in file "C:\Program Files\dotnet\sdk\10.0.201\Roslyn\Microsoft.Managed.Core.targets" from project "C:\Users\chuck\scratch\ETL-SQL\src\ETL-SQL.Core\ETL-SQL.Core.csproj" (target "CoreCompile" depends on it):
   2:6>Done building target "_ComputeSkipAnalyzers" in project "ETL-SQL.Core.csproj".
       Target "BeforeCompile" skipped. Previously built successfully.
       Target "InitializeSourceControlInformationFromSourceControlManager" skipped. Previously built successfully.
   2:6>Target "SetEmbeddedFilesFromSourceControlManagerUntrackedFiles" in file "C:\Program Files\dotnet\sdk\10.0.201\Sdks\Microsoft.Build.Tasks.Git\build\Microsoft.Build.Tasks.Git.targets" from project "C:\Users\chuck\scratch\ETL-SQL\src\ETL-SQL.Core\ETL-SQL.Core.csproj" (target "_SetEmbeddedFilesFromSourceControlManagerUntrackedFiles" depends on it):
       Using "Microsoft.Build.Tasks.Git.GetUntrackedFiles" task from assembly "C:\Program Files\dotnet\sdk\10.0.201\Sdks\Microsoft.Build.Tasks.Git\build\..\tools\net\Microsoft.Build.Tasks.Git.dll".
       Task "Microsoft.Build.Tasks.Git.GetUntrackedFiles"
         SourceLink: Reusing cached git repository information.
       Done executing task "Microsoft.Build.Tasks.Git.GetUntrackedFiles".
   2:6>Done building target "SetEmbeddedFilesFromSourceControlManagerUntrackedFiles" in project "ETL-SQL.Core.csproj".
   2:6>Target "_SetEmbeddedFilesFromSourceControlManagerUntrackedFiles" in file "C:\Program Files\dotnet\sdk\10.0.201\Sdks\Microsoft.SourceLink.Common\build\Microsoft.SourceLink.Common.targets" from project "C:\Users\chuck\scratch\ETL-SQL\src\ETL-SQL.Core\ETL-SQL.Core.csproj" (target "CoreCompile" depends on it):
   2:6>Done building target "_SetEmbeddedFilesFromSourceControlManagerUntrackedFiles" in project "ETL-SQL.Core.csproj".
       Target "InitializeSourceControlInformation" skipped. Previously built successfully.
   2:6>Target "_SetSourceLinkFilePath" in file "C:\Program Files\dotnet\sdk\10.0.201\Sdks\Microsoft.SourceLink.Common\build\Microsoft.SourceLink.Common.targets" from project "C:\Users\chuck\scratch\ETL-SQL\src\ETL-SQL.Core\ETL-SQL.Core.csproj" (target "_GenerateSourceLinkFile" depends on it):
   2:6>Done building target "_SetSourceLinkFilePath" in project "ETL-SQL.Core.csproj".
       Target "InitializeSourceControlInformation" skipped. Previously built successfully.
   2:6>Target "_InitializeSourceRootMappedPathsFromSourceControl" in file "C:\Program Files\dotnet\sdk\10.0.201\Roslyn\Microsoft.Managed.Core.targets" from project "C:\Users\chuck\scratch\ETL-SQL\src\ETL-SQL.Core\ETL-SQL.Core.csproj" (target "InitializeSourceRootMappedPaths" depends on it):
   2:6>Done building target "_InitializeSourceRootMappedPathsFromSourceControl" in project "ETL-SQL.Core.csproj".
   2:6>Target "InitializeSourceRootMappedPaths" in file "C:\Program Files\dotnet\sdk\10.0.201\Roslyn\Microsoft.Managed.Core.targets" from project "C:\Users\chuck\scratch\ETL-SQL\src\ETL-SQL.Core\ETL-SQL.Core.csproj" (target "_InitializeSourceRootMappedPathsOpt" depends on it):
       Using "Microsoft.CodeAnalysis.BuildTasks.MapSourceRoots" task from assembly "C:\Program Files\dotnet\sdk\10.0.201\Sdks\Microsoft.NET.Sdk\targets\..\..\..\Roslyn\Microsoft.Build.Tasks.CodeAnalysis.dll".
       Task "Microsoft.CodeAnalysis.BuildTasks.MapSourceRoots"
       Done executing task "Microsoft.CodeAnalysis.BuildTasks.MapSourceRoots".
   2:6>Done building target "InitializeSourceRootMappedPaths" in project "ETL-SQL.Core.csproj".
   2:6>Target "_InitializeSourceRootMappedPathsOpt" in file "C:\Program Files\dotnet\sdk\10.0.201\Sdks\Microsoft.SourceLink.Common\build\Microsoft.SourceLink.Common.targets" from project "C:\Users\chuck\scratch\ETL-SQL\src\ETL-SQL.Core\ETL-SQL.Core.csproj" (target "_GenerateSourceLinkFile" depends on it):
   2:6>Done building target "_InitializeSourceRootMappedPathsOpt" in project "ETL-SQL.Core.csproj".
   2:6>Target "_InitializeGitHubSourceLinkUrl" in file "C:\Program Files\dotnet\sdk\10.0.201\Sdks\Microsoft.SourceLink.GitHub\build\Microsoft.SourceLink.GitHub.targets" from project "C:\Users\chuck\scratch\ETL-SQL\src\ETL-SQL.Core\ETL-SQL.Core.csproj" (target "_GenerateSourceLinkFile" depends on it):
       Building target "_InitializeGitHubSourceLinkUrl" completely.
       No input files were specified.
       Using "Microsoft.SourceLink.GitHub.GetSourceLinkUrl" task from assembly "C:\Program Files\dotnet\sdk\10.0.201\Sdks\Microsoft.SourceLink.GitHub\build\..\tools\net\Microsoft.SourceLink.GitHub.dll".
       Task "Microsoft.SourceLink.GitHub.GetSourceLinkUrl"
       Done executing task "Microsoft.SourceLink.GitHub.GetSourceLinkUrl".
   2:6>Done building target "_InitializeGitHubSourceLinkUrl" in project "ETL-SQL.Core.csproj".
   2:6>Target "_InitializeGitHubSourceLinkUrl" in file "C:\Program Files\dotnet\sdk\10.0.201\Sdks\Microsoft.SourceLink.GitHub\build\Microsoft.SourceLink.GitHub.targets" from project "C:\Users\chuck\scratch\ETL-SQL\src\ETL-SQL.Core\ETL-SQL.Core.csproj" (target "_GenerateSourceLinkFile" depends on it):
       Building target "_InitializeGitHubSourceLinkUrl" completely.
       No input files were specified.
       Task "Microsoft.SourceLink.GitHub.GetSourceLinkUrl"
       Done executing task "Microsoft.SourceLink.GitHub.GetSourceLinkUrl".
   2:6>Done building target "_InitializeGitHubSourceLinkUrl" in project "ETL-SQL.Core.csproj".
   2:6>Target "_InitializeGitLabSourceLinkUrl" in file "C:\Program Files\dotnet\sdk\10.0.201\Sdks\Microsoft.SourceLink.GitLab\build\Microsoft.SourceLink.GitLab.targets" from project "C:\Users\chuck\scratch\ETL-SQL\src\ETL-SQL.Core\ETL-SQL.Core.csproj" (target "_GenerateSourceLinkFile" depends on it):
       Building target "_InitializeGitLabSourceLinkUrl" completely.
       No input files were specified.
       Using "Microsoft.SourceLink.GitLab.GetSourceLinkUrl" task from assembly "C:\Program Files\dotnet\sdk\10.0.201\Sdks\Microsoft.SourceLink.GitLab\build\..\tools\net\Microsoft.SourceLink.GitLab.dll".
       Task "Microsoft.SourceLink.GitLab.GetSourceLinkUrl"
       C:\Program Files\dotnet\sdk\10.0.201\Sdks\Microsoft.SourceLink.GitLab\build\Microsoft.SourceLink.GitLab.targets(37,7): message : Property reassignment: $(_SourceLinkUrlToUpdate)="N/A" (previous value: "https://raw.githubusercontent.com/AmericanSuperstar/ETL-SQL/26f5b2d9f32c74b186ba7dbd8a255ae3bb283720/*") at C:\Program Files\dotnet\sdk\10.0.201\Sdks\Microsoft.SourceLink.GitLab\build\Microsoft.SourceLink.GitLab.targets (37,7) [C:\Users\chuck\scratch\ETL-SQL\src\ETL-SQL.Core\ETL-SQL.Core.csproj]
       Done executing task "Microsoft.SourceLink.GitLab.GetSourceLinkUrl".
   2:6>Done building target "_InitializeGitLabSourceLinkUrl" in project "ETL-SQL.Core.csproj".
   2:6>Target "_InitializeGitLabSourceLinkUrl" in file "C:\Program Files\dotnet\sdk\10.0.201\Sdks\Microsoft.SourceLink.GitLab\build\Microsoft.SourceLink.GitLab.targets" from project "C:\Users\chuck\scratch\ETL-SQL\src\ETL-SQL.Core\ETL-SQL.Core.csproj" (target "_GenerateSourceLinkFile" depends on it):
       Building target "_InitializeGitLabSourceLinkUrl" completely.
       No input files were specified.
       Task "Microsoft.SourceLink.GitLab.GetSourceLinkUrl"
       C:\Program Files\dotnet\sdk\10.0.201\Sdks\Microsoft.SourceLink.GitLab\build\Microsoft.SourceLink.GitLab.targets(37,7): message : Property reassignment: $(_SourceLinkUrlToUpdate)="N/A" (previous value: "https://raw.githubusercontent.com/AmericanSuperstar/ETL-SQL/26f5b2d9f32c74b186ba7dbd8a255ae3bb283720/*") at C:\Program Files\dotnet\sdk\10.0.201\Sdks\Microsoft.SourceLink.GitLab\build\Microsoft.SourceLink.GitLab.targets (37,7) [C:\Users\chuck\scratch\ETL-SQL\src\ETL-SQL.Core\ETL-SQL.Core.csproj]
       Done executing task "Microsoft.SourceLink.GitLab.GetSourceLinkUrl".
   2:6>Done building target "_InitializeGitLabSourceLinkUrl" in project "ETL-SQL.Core.csproj".
   2:6>Target "_InitializeAzureReposGitSourceLinkUrl" in file "C:\Program Files\dotnet\sdk\10.0.201\Sdks\Microsoft.SourceLink.AzureRepos.Git\build\Microsoft.SourceLink.AzureRepos.Git.targets" from project "C:\Users\chuck\scratch\ETL-SQL\src\ETL-SQL.Core\ETL-SQL.Core.csproj" (target "_GenerateSourceLinkFile" depends on it):
       Building target "_InitializeAzureReposGitSourceLinkUrl" completely.
       No input files were specified.
       Using "Microsoft.SourceLink.AzureRepos.Git.GetSourceLinkUrl" task from assembly "C:\Program Files\dotnet\sdk\10.0.201\Sdks\Microsoft.SourceLink.AzureRepos.Git\build\..\tools\net\Microsoft.SourceLink.AzureRepos.Git.dll".
       Task "Microsoft.SourceLink.AzureRepos.Git.GetSourceLinkUrl"
       Done executing task "Microsoft.SourceLink.AzureRepos.Git.GetSourceLinkUrl".
   2:6>Done building target "_InitializeAzureReposGitSourceLinkUrl" in project "ETL-SQL.Core.csproj".
   2:6>Target "_InitializeAzureReposGitSourceLinkUrl" in file "C:\Program Files\dotnet\sdk\10.0.201\Sdks\Microsoft.SourceLink.AzureRepos.Git\build\Microsoft.SourceLink.AzureRepos.Git.targets" from project "C:\Users\chuck\scratch\ETL-SQL\src\ETL-SQL.Core\ETL-SQL.Core.csproj" (target "_GenerateSourceLinkFile" depends on it):
       Building target "_InitializeAzureReposGitSourceLinkUrl" completely.
       No input files were specified.
       Task "Microsoft.SourceLink.AzureRepos.Git.GetSourceLinkUrl"
       Done executing task "Microsoft.SourceLink.AzureRepos.Git.GetSourceLinkUrl".
   2:6>Done building target "_InitializeAzureReposGitSourceLinkUrl" in project "ETL-SQL.Core.csproj".
   2:6>Target "_InitializeBitbucketGitSourceLinkUrl" in file "C:\Program Files\dotnet\sdk\10.0.201\Sdks\Microsoft.SourceLink.Bitbucket.Git\build\Microsoft.SourceLink.Bitbucket.Git.targets" from project "C:\Users\chuck\scratch\ETL-SQL\src\ETL-SQL.Core\ETL-SQL.Core.csproj" (target "_GenerateSourceLinkFile" depends on it):
       Building target "_InitializeBitbucketGitSourceLinkUrl" completely.
       No input files were specified.
       Using "Microsoft.SourceLink.Bitbucket.Git.GetSourceLinkUrl" task from assembly "C:\Program Files\dotnet\sdk\10.0.201\Sdks\Microsoft.SourceLink.Bitbucket.Git\build\..\tools\net\Microsoft.SourceLink.Bitbucket.Git.dll".
       Task "Microsoft.SourceLink.Bitbucket.Git.GetSourceLinkUrl"
       Done executing task "Microsoft.SourceLink.Bitbucket.Git.GetSourceLinkUrl".
   2:6>Done building target "_InitializeBitbucketGitSourceLinkUrl" in project "ETL-SQL.Core.csproj".
   2:6>Target "_InitializeBitbucketGitSourceLinkUrl" in file "C:\Program Files\dotnet\sdk\10.0.201\Sdks\Microsoft.SourceLink.Bitbucket.Git\build\Microsoft.SourceLink.Bitbucket.Git.targets" from project "C:\Users\chuck\scratch\ETL-SQL\src\ETL-SQL.Core\ETL-SQL.Core.csproj" (target "_GenerateSourceLinkFile" depends on it):
       Building target "_InitializeBitbucketGitSourceLinkUrl" completely.
       No input files were specified.
       Task "Microsoft.SourceLink.Bitbucket.Git.GetSourceLinkUrl"
       Done executing task "Microsoft.SourceLink.Bitbucket.Git.GetSourceLinkUrl".
   2:6>Done building target "_InitializeBitbucketGitSourceLinkUrl" in project "ETL-SQL.Core.csproj".
   2:6>Target "_GenerateSourceLinkFile" in file "C:\Program Files\dotnet\sdk\10.0.201\Sdks\Microsoft.SourceLink.Common\build\Microsoft.SourceLink.Common.targets" from project "C:\Users\chuck\scratch\ETL-SQL\src\ETL-SQL.Core\ETL-SQL.Core.csproj" (target "GenerateSourceLinkFile" depends on it):
       Building target "_GenerateSourceLinkFile" completely.
       No input files were specified.
       Using "Microsoft.SourceLink.Common.GenerateSourceLinkFile" task from assembly "C:\Program Files\dotnet\sdk\10.0.201\Sdks\Microsoft.SourceLink.Common\build\..\tools\net\Microsoft.SourceLink.Common.dll".
       Task "Microsoft.SourceLink.Common.GenerateSourceLinkFile"
         Source Link file 'obj\Debug\net10.0\ETL-SQL.Core.sourcelink.json' is up-to-date.
       Done executing task "Microsoft.SourceLink.Common.GenerateSourceLinkFile".
   2:6>Done building target "_GenerateSourceLinkFile" in project "ETL-SQL.Core.csproj".
   2:6>Target "GenerateSourceLinkFile" in file "C:\Program Files\dotnet\sdk\10.0.201\Sdks\Microsoft.SourceLink.Common\build\Microsoft.SourceLink.Common.targets" from project "C:\Users\chuck\scratch\ETL-SQL\src\ETL-SQL.Core\ETL-SQL.Core.csproj" (target "CoreCompile" depends on it):
   2:6>Done building target "GenerateSourceLinkFile" in project "ETL-SQL.Core.csproj".
   2:6>Target "AddGlobalAnalyzerConfigForPackage_MicrosoftCodeAnalysisNetAnalyzers" in file "C:\Program Files\dotnet\sdk\10.0.201\Sdks\Microsoft.NET.Sdk\analyzers\build\Microsoft.CodeAnalysis.NetAnalyzers.targets" from project "C:\Users\chuck\scratch\ETL-SQL\src\ETL-SQL.Core\ETL-SQL.Core.csproj" (target "CoreCompile" depends on it):
   2:6>Done building target "AddGlobalAnalyzerConfigForPackage_MicrosoftCodeAnalysisNetAnalyzers" in project "ETL-SQL.Core.csproj".
   2:6>Target "CoreCompile" in file "C:\Program Files\dotnet\sdk\10.0.201\Roslyn\Microsoft.CSharp.Core.targets" from project "C:\Users\chuck\scratch\ETL-SQL\src\ETL-SQL.Core\ETL-SQL.Core.csproj" (target "Compile" depends on it):
       Skipping target "CoreCompile" because all output files are up-to-date with respect to the input files.
       Input files: 
           Ast.cs
           Common\AsyncExtensions.cs
           Common\CryptoUtils.cs
           Common\Diagnostic.cs
           Common\Exceptions\ETLException.cs
           Common\LanguageMetadata.cs
           Common\Logger.cs
           Common\TempFileHelper.cs
           DataGenerator.cs
           Data\BinaryOperatorFactory.cs
           Data\CompoundKey.cs
           Data\DatabaseConnectors.cs
           Data\DataModel.cs
           Data\DataSources.cs
           Data\EvaluationUtils.cs
           Data\IJobHistoryStore.cs
           Data\IRemoteFileSystem.cs
           Data\TypeConverter.cs
           Data\VariableMetadata.cs
           DockerContainerManager.cs
           Formatting\SqlFormatter.cs
           Functions\IFunctionRegistry.cs
           IExecutionContext.cs
           IFileSystem.cs
           IMetadataManager.cs
           IStatementHandler.cs
           LineageAnalyzer.cs
           LineageGraphRenderer.cs
           LineageTracker.cs
           Linting\ILintContext.cs
           Linting\ILintRule.cs
           Linting\Linter.cs
           Linting\LintResult.cs
           Linting\Rules\AvoidSelectStarRule.cs
           Linting\Rules\BeginEndBalanceRule.cs
           Linting\Rules\DatabaseQualificationRule.cs
           Linting\Rules\DialectKeywordRule.cs
           Linting\Rules\SafeDeleteUpdateRule.cs
           Linting\Rules\SchemaValidationRule.cs
           Linting\Rules\UndeclaredVariableRule.cs
           Parser\AliasScanner.cs
           Parser\ExpressionParser.cs
           Parser\IParser.cs
           Parser\Lexer.cs
           Parser\Parser.cs
           Parser\StatementParser.cs
           Parser\Token.cs
           Parser\TokenType.cs
           Profiling.cs
           SecurityService.cs
           StatementSqlEqualityComparer.cs
           Statements\SetProfilingStatement.cs
           Statements\ShowProfileStatement.cs
           TestcontainersLogger.cs
           obj\Debug\net10.0\ETL-SQL.Core.GlobalUsings.g.cs
           obj\Debug\net10.0\.NETCoreApp,Version=v10.0.AssemblyAttributes.cs
           obj\Debug\net10.0\ETL-SQL.Core.AssemblyInfo.cs
           C:\Users\chuck\.nuget\packages\bouncycastle.cryptography\2.6.2\lib\net6.0\BouncyCastle.Cryptography.dll
           C:\Users\chuck\.nuget\packages\docker.dotnet.enhanced\3.131.1\lib\net10.0\Docker.DotNet.dll
           C:\Users\chuck\.nuget\packages\docker.dotnet.enhanced.x509\3.131.1\lib\net10.0\Docker.DotNet.X509.dll
           C:\Users\chuck\.nuget\packages\sharpziplib\1.4.2\lib\net6.0\ICSharpCode.SharpZipLib.dll
           C:\Program Files\dotnet\packs\Microsoft.NETCore.App.Ref\10.0.5\ref\net10.0\Microsoft.CSharp.dll
           C:\Users\chuck\.nuget\packages\microsoft.data.sqlite.core\9.0.2\lib\net8.0\Microsoft.Data.Sqlite.dll
           C:\Users\chuck\.nuget\packages\microsoft.extensions.dependencyinjection.abstractions\10.0.5\lib\net10.0\Microsoft.Extensions.DependencyInjection.Abstractions.dll
           C:\Users\chuck\.nuget\packages\microsoft.extensions.dependencyinjection\10.0.5\lib\net10.0\Microsoft.Extensions.DependencyInjection.dll
           C:\Users\chuck\.nuget\packages\microsoft.extensions.logging.abstractions\10.0.0-preview.1.25080.5\lib\net10.0\Microsoft.Extensions.Logging.Abstractions.dll
           C:\Users\chuck\.nuget\packages\microsoft.extensions.logging\10.0.0-preview.1.25080.5\lib\net10.0\Microsoft.Extensions.Logging.dll
           C:\Users\chuck\.nuget\packages\microsoft.extensions.options\10.0.0-preview.1.25080.5\lib\net10.0\Microsoft.Extensions.Options.dll
           C:\Users\chuck\.nuget\packages\microsoft.extensions.primitives\10.0.0-preview.1.25080.5\lib\net10.0\Microsoft.Extensions.Primitives.dll
           C:\Program Files\dotnet\packs\Microsoft.NETCore.App.Ref\10.0.5\ref\net10.0\Microsoft.VisualBasic.Core.dll
           C:\Program Files\dotnet\packs\Microsoft.NETCore.App.Ref\10.0.5\ref\net10.0\Microsoft.VisualBasic.dll
           C:\Program Files\dotnet\packs\Microsoft.NETCore.App.Ref\10.0.5\ref\net10.0\Microsoft.Win32.Primitives.dll
           C:\Program Files\dotnet\packs\Microsoft.NETCore.App.Ref\10.0.5\ref\net10.0\Microsoft.Win32.Registry.dll
           C:\Program Files\dotnet\packs\Microsoft.NETCore.App.Ref\10.0.5\ref\net10.0\mscorlib.dll
           C:\Program Files\dotnet\packs\Microsoft.NETCore.App.Ref\10.0.5\ref\net10.0\netstandard.dll
           C:\Users\chuck\.nuget\packages\ssh.net\2025.1.0\lib\net9.0\Renci.SshNet.dll
           C:\Users\chuck\.nuget\packages\serilog\4.2.0\lib\net9.0\Serilog.dll
           C:\Users\chuck\.nuget\packages\serilog.extensions.logging\9.0.1\lib\net9.0\Serilog.Extensions.Logging.dll
           C:\Users\chuck\.nuget\packages\serilog.sinks.file\6.0.0\lib\net8.0\Serilog.Sinks.File.dll
           C:\Users\chuck\.nuget\packages\sqlitepclraw.bundle_e_sqlite3\2.1.10\lib\netstandard2.0\SQLitePCLRaw.batteries_v2.dll
           C:\Users\chuck\.nuget\packages\sqlitepclraw.core\2.1.10\lib\netstandard2.0\SQLitePCLRaw.core.dll
           C:\Users\chuck\.nuget\packages\sqlitepclraw.provider.e_sqlite3\2.1.10\lib\net6.0\SQLitePCLRaw.provider.e_sqlite3.dll
           C:\Program Files\dotnet\packs\Microsoft.NETCore.App.Ref\10.0.5\ref\net10.0\System.AppContext.dll
           C:\Program Files\dotnet\packs\Microsoft.NETCore.App.Ref\10.0.5\ref\net10.0\System.Buffers.dll
           C:\Program Files\dotnet\packs\Microsoft.NETCore.App.Ref\10.0.5\ref\net10.0\System.Collections.Concurrent.dll
           C:\Program Files\dotnet\packs\Microsoft.NETCore.App.Ref\10.0.5\ref\net10.0\System.Collections.dll
           C:\Program Files\dotnet\packs\Microsoft.NETCore.App.Ref\10.0.5\ref\net10.0\System.Collections.Immutable.dll
           C:\Program Files\dotnet\packs\Microsoft.NETCore.App.Ref\10.0.5\ref\net10.0\System.Collections.NonGeneric.dll
           C:\Program Files\dotnet\packs\Microsoft.NETCore.App.Ref\10.0.5\ref\net10.0\System.Collections.Specialized.dll
           C:\Program Files\dotnet\packs\Microsoft.NETCore.App.Ref\10.0.5\ref\net10.0\System.ComponentModel.Annotations.dll
           C:\Program Files\dotnet\packs\Microsoft.NETCore.App.Ref\10.0.5\ref\net10.0\System.ComponentModel.DataAnnotations.dll
           C:\Program Files\dotnet\packs\Microsoft.NETCore.App.Ref\10.0.5\ref\net10.0\System.ComponentModel.dll
           C:\Program Files\dotnet\packs\Microsoft.NETCore.App.Ref\10.0.5\ref\net10.0\System.ComponentModel.EventBasedAsync.dll
           C:\Program Files\dotnet\packs\Microsoft.NETCore.App.Ref\10.0.5\ref\net10.0\System.ComponentModel.Primitives.dll
           C:\Program Files\dotnet\packs\Microsoft.NETCore.App.Ref\10.0.5\ref\net10.0\System.ComponentModel.TypeConverter.dll
           C:\Program Files\dotnet\packs\Microsoft.NETCore.App.Ref\10.0.5\ref\net10.0\System.Configuration.dll
           C:\Program Files\dotnet\packs\Microsoft.NETCore.App.Ref\10.0.5\ref\net10.0\System.Console.dll
           C:\Program Files\dotnet\packs\Microsoft.NETCore.App.Ref\10.0.5\ref\net10.0\System.Core.dll
           C:\Program Files\dotnet\packs\Microsoft.NETCore.App.Ref\10.0.5\ref\net10.0\System.Data.Common.dll
           C:\Program Files\dotnet\packs\Microsoft.NETCore.App.Ref\10.0.5\ref\net10.0\System.Data.DataSetExtensions.dll
           C:\Program Files\dotnet\packs\Microsoft.NETCore.App.Ref\10.0.5\ref\net10.0\System.Data.dll
           C:\Program Files\dotnet\packs\Microsoft.NETCore.App.Ref\10.0.5\ref\net10.0\System.Diagnostics.Contracts.dll
           C:\Program Files\dotnet\packs\Microsoft.NETCore.App.Ref\10.0.5\ref\net10.0\System.Diagnostics.Debug.dll
           C:\Program Files\dotnet\packs\Microsoft.NETCore.App.Ref\10.0.5\ref\net10.0\System.Diagnostics.DiagnosticSource.dll
           C:\Program Files\dotnet\packs\Microsoft.NETCore.App.Ref\10.0.5\ref\net10.0\System.Diagnostics.FileVersionInfo.dll
           C:\Program Files\dotnet\packs\Microsoft.NETCore.App.Ref\10.0.5\ref\net10.0\System.Diagnostics.Process.dll
           C:\Program Files\dotnet\packs\Microsoft.NETCore.App.Ref\10.0.5\ref\net10.0\System.Diagnostics.StackTrace.dll
           C:\Program Files\dotnet\packs\Microsoft.NETCore.App.Ref\10.0.5\ref\net10.0\System.Diagnostics.TextWriterTraceListener.dll
           C:\Program Files\dotnet\packs\Microsoft.NETCore.App.Ref\10.0.5\ref\net10.0\System.Diagnostics.Tools.dll
           C:\Program Files\dotnet\packs\Microsoft.NETCore.App.Ref\10.0.5\ref\net10.0\System.Diagnostics.TraceSource.dll
           C:\Program Files\dotnet\packs\Microsoft.NETCore.App.Ref\10.0.5\ref\net10.0\System.Diagnostics.Tracing.dll
           C:\Program Files\dotnet\packs\Microsoft.NETCore.App.Ref\10.0.5\ref\net10.0\System.dll
           C:\Program Files\dotnet\packs\Microsoft.NETCore.App.Ref\10.0.5\ref\net10.0\System.Drawing.dll
           C:\Program Files\dotnet\packs\Microsoft.NETCore.App.Ref\10.0.5\ref\net10.0\System.Drawing.Primitives.dll
           C:\Program Files\dotnet\packs\Microsoft.NETCore.App.Ref\10.0.5\ref\net10.0\System.Dynamic.Runtime.dll
           C:\Program Files\dotnet\packs\Microsoft.NETCore.App.Ref\10.0.5\ref\net10.0\System.Formats.Asn1.dll
           C:\Program Files\dotnet\packs\Microsoft.NETCore.App.Ref\10.0.5\ref\net10.0\System.Formats.Tar.dll
           C:\Program Files\dotnet\packs\Microsoft.NETCore.App.Ref\10.0.5\ref\net10.0\System.Globalization.Calendars.dll
           C:\Program Files\dotnet\packs\Microsoft.NETCore.App.Ref\10.0.5\ref\net10.0\System.Globalization.dll
           C:\Program Files\dotnet\packs\Microsoft.NETCore.App.Ref\10.0.5\ref\net10.0\System.Globalization.Extensions.dll
           C:\Users\chuck\.nuget\packages\system.interactive.async\7.0.0\ref\net10.0\System.Interactive.Async.dll
           C:\Program Files\dotnet\packs\Microsoft.NETCore.App.Ref\10.0.5\ref\net10.0\System.IO.Compression.Brotli.dll
           C:\Program Files\dotnet\packs\Microsoft.NETCore.App.Ref\10.0.5\ref\net10.0\System.IO.Compression.dll
           C:\Program Files\dotnet\packs\Microsoft.NETCore.App.Ref\10.0.5\ref\net10.0\System.IO.Compression.FileSystem.dll
           C:\Program Files\dotnet\packs\Microsoft.NETCore.App.Ref\10.0.5\ref\net10.0\System.IO.Compression.ZipFile.dll
           C:\Program Files\dotnet\packs\Microsoft.NETCore.App.Ref\10.0.5\ref\net10.0\System.IO.dll
           C:\Program Files\dotnet\packs\Microsoft.NETCore.App.Ref\10.0.5\ref\net10.0\System.IO.FileSystem.AccessControl.dll
           C:\Program Files\dotnet\packs\Microsoft.NETCore.App.Ref\10.0.5\ref\net10.0\System.IO.FileSystem.dll
           C:\Program Files\dotnet\packs\Microsoft.NETCore.App.Ref\10.0.5\ref\net10.0\System.IO.FileSystem.DriveInfo.dll
           C:\Program Files\dotnet\packs\Microsoft.NETCore.App.Ref\10.0.5\ref\net10.0\System.IO.FileSystem.Primitives.dll
           C:\Program Files\dotnet\packs\Microsoft.NETCore.App.Ref\10.0.5\ref\net10.0\System.IO.FileSystem.Watcher.dll
           C:\Program Files\dotnet\packs\Microsoft.NETCore.App.Ref\10.0.5\ref\net10.0\System.IO.IsolatedStorage.dll
           C:\Program Files\dotnet\packs\Microsoft.NETCore.App.Ref\10.0.5\ref\net10.0\System.IO.MemoryMappedFiles.dll
           C:\Program Files\dotnet\packs\Microsoft.NETCore.App.Ref\10.0.5\ref\net10.0\System.IO.Pipelines.dll
           C:\Program Files\dotnet\packs\Microsoft.NETCore.App.Ref\10.0.5\ref\net10.0\System.IO.Pipes.AccessControl.dll
           C:\Program Files\dotnet\packs\Microsoft.NETCore.App.Ref\10.0.5\ref\net10.0\System.IO.Pipes.dll
           C:\Program Files\dotnet\packs\Microsoft.NETCore.App.Ref\10.0.5\ref\net10.0\System.IO.UnmanagedMemoryStream.dll
           C:\Users\chuck\.nuget\packages\system.linq.async\7.0.0\ref\net10.0\System.Linq.Async.dll
           C:\Program Files\dotnet\packs\Microsoft.NETCore.App.Ref\10.0.5\ref\net10.0\System.Linq.AsyncEnumerable.dll
           C:\Program Files\dotnet\packs\Microsoft.NETCore.App.Ref\10.0.5\ref\net10.0\System.Linq.dll
           C:\Program Files\dotnet\packs\Microsoft.NETCore.App.Ref\10.0.5\ref\net10.0\System.Linq.Expressions.dll
           C:\Program Files\dotnet\packs\Microsoft.NETCore.App.Ref\10.0.5\ref\net10.0\System.Linq.Parallel.dll
           C:\Program Files\dotnet\packs\Microsoft.NETCore.App.Ref\10.0.5\ref\net10.0\System.Linq.Queryable.dll
           C:\Program Files\dotnet\packs\Microsoft.NETCore.App.Ref\10.0.5\ref\net10.0\System.Memory.dll
           C:\Program Files\dotnet\packs\Microsoft.NETCore.App.Ref\10.0.5\ref\net10.0\System.Net.dll
           C:\Program Files\dotnet\packs\Microsoft.NETCore.App.Ref\10.0.5\ref\net10.0\System.Net.Http.dll
           C:\Program Files\dotnet\packs\Microsoft.NETCore.App.Ref\10.0.5\ref\net10.0\System.Net.Http.Json.dll
           C:\Program Files\dotnet\packs\Microsoft.NETCore.App.Ref\10.0.5\ref\net10.0\System.Net.HttpListener.dll
           C:\Program Files\dotnet\packs\Microsoft.NETCore.App.Ref\10.0.5\ref\net10.0\System.Net.Mail.dll
           C:\Program Files\dotnet\packs\Microsoft.NETCore.App.Ref\10.0.5\ref\net10.0\System.Net.NameResolution.dll
           C:\Program Files\dotnet\packs\Microsoft.NETCore.App.Ref\10.0.5\ref\net10.0\System.Net.NetworkInformation.dll
           C:\Program Files\dotnet\packs\Microsoft.NETCore.App.Ref\10.0.5\ref\net10.0\System.Net.Ping.dll
           C:\Program Files\dotnet\packs\Microsoft.NETCore.App.Ref\10.0.5\ref\net10.0\System.Net.Primitives.dll
           C:\Program Files\dotnet\packs\Microsoft.NETCore.App.Ref\10.0.5\ref\net10.0\System.Net.Quic.dll
           C:\Program Files\dotnet\packs\Microsoft.NETCore.App.Ref\10.0.5\ref\net10.0\System.Net.Requests.dll
           C:\Program Files\dotnet\packs\Microsoft.NETCore.App.Ref\10.0.5\ref\net10.0\System.Net.Security.dll
           C:\Program Files\dotnet\packs\Microsoft.NETCore.App.Ref\10.0.5\ref\net10.0\System.Net.ServerSentEvents.dll
           C:\Program Files\dotnet\packs\Microsoft.NETCore.App.Ref\10.0.5\ref\net10.0\System.Net.ServicePoint.dll
           C:\Program Files\dotnet\packs\Microsoft.NETCore.App.Ref\10.0.5\ref\net10.0\System.Net.Sockets.dll
           C:\Program Files\dotnet\packs\Microsoft.NETCore.App.Ref\10.0.5\ref\net10.0\System.Net.WebClient.dll
           C:\Program Files\dotnet\packs\Microsoft.NETCore.App.Ref\10.0.5\ref\net10.0\System.Net.WebHeaderCollection.dll
           C:\Program Files\dotnet\packs\Microsoft.NETCore.App.Ref\10.0.5\ref\net10.0\System.Net.WebProxy.dll
           C:\Program Files\dotnet\packs\Microsoft.NETCore.App.Ref\10.0.5\ref\net10.0\System.Net.WebSockets.Client.dll
           C:\Program Files\dotnet\packs\Microsoft.NETCore.App.Ref\10.0.5\ref\net10.0\System.Net.WebSockets.dll
           C:\Program Files\dotnet\packs\Microsoft.NETCore.App.Ref\10.0.5\ref\net10.0\System.Numerics.dll
           C:\Program Files\dotnet\packs\Microsoft.NETCore.App.Ref\10.0.5\ref\net10.0\System.Numerics.Vectors.dll
           C:\Program Files\dotnet\packs\Microsoft.NETCore.App.Ref\10.0.5\ref\net10.0\System.ObjectModel.dll
           C:\Program Files\dotnet\packs\Microsoft.NETCore.App.Ref\10.0.5\ref\net10.0\System.Reflection.DispatchProxy.dll
           C:\Program Files\dotnet\packs\Microsoft.NETCore.App.Ref\10.0.5\ref\net10.0\System.Reflection.dll
           C:\Program Files\dotnet\packs\Microsoft.NETCore.App.Ref\10.0.5\ref\net10.0\System.Reflection.Emit.dll
           C:\Program Files\dotnet\packs\Microsoft.NETCore.App.Ref\10.0.5\ref\net10.0\System.Reflection.Emit.ILGeneration.dll
           C:\Program Files\dotnet\packs\Microsoft.NETCore.App.Ref\10.0.5\ref\net10.0\System.Reflection.Emit.Lightweight.dll
           C:\Program Files\dotnet\packs\Microsoft.NETCore.App.Ref\10.0.5\ref\net10.0\System.Reflection.Extensions.dll
           C:\Program Files\dotnet\packs\Microsoft.NETCore.App.Ref\10.0.5\ref\net10.0\System.Reflection.Metadata.dll
           C:\Program Files\dotnet\packs\Microsoft.NETCore.App.Ref\10.0.5\ref\net10.0\System.Reflection.Primitives.dll
           C:\Program Files\dotnet\packs\Microsoft.NETCore.App.Ref\10.0.5\ref\net10.0\System.Reflection.TypeExtensions.dll
           C:\Program Files\dotnet\packs\Microsoft.NETCore.App.Ref\10.0.5\ref\net10.0\System.Resources.Reader.dll
           C:\Program Files\dotnet\packs\Microsoft.NETCore.App.Ref\10.0.5\ref\net10.0\System.Resources.ResourceManager.dll
           C:\Program Files\dotnet\packs\Microsoft.NETCore.App.Ref\10.0.5\ref\net10.0\System.Resources.Writer.dll
           C:\Program Files\dotnet\packs\Microsoft.NETCore.App.Ref\10.0.5\ref\net10.0\System.Runtime.CompilerServices.Unsafe.dll
           C:\Program Files\dotnet\packs\Microsoft.NETCore.App.Ref\10.0.5\ref\net10.0\System.Runtime.CompilerServices.VisualC.dll
           C:\Program Files\dotnet\packs\Microsoft.NETCore.App.Ref\10.0.5\ref\net10.0\System.Runtime.dll
           C:\Program Files\dotnet\packs\Microsoft.NETCore.App.Ref\10.0.5\ref\net10.0\System.Runtime.Extensions.dll
           C:\Program Files\dotnet\packs\Microsoft.NETCore.App.Ref\10.0.5\ref\net10.0\System.Runtime.Handles.dll
           C:\Program Files\dotnet\packs\Microsoft.NETCore.App.Ref\10.0.5\ref\net10.0\System.Runtime.InteropServices.dll
           C:\Program Files\dotnet\packs\Microsoft.NETCore.App.Ref\10.0.5\ref\net10.0\System.Runtime.InteropServices.JavaScript.dll
           C:\Program Files\dotnet\packs\Microsoft.NETCore.App.Ref\10.0.5\ref\net10.0\System.Runtime.InteropServices.RuntimeInformation.dll
           C:\Program Files\dotnet\packs\Microsoft.NETCore.App.Ref\10.0.5\ref\net10.0\System.Runtime.Intrinsics.dll
           C:\Program Files\dotnet\packs\Microsoft.NETCore.App.Ref\10.0.5\ref\net10.0\System.Runtime.Loader.dll
           C:\Program Files\dotnet\packs\Microsoft.NETCore.App.Ref\10.0.5\ref\net10.0\System.Runtime.Numerics.dll
           C:\Program Files\dotnet\packs\Microsoft.NETCore.App.Ref\10.0.5\ref\net10.0\System.Runtime.Serialization.dll
           C:\Program Files\dotnet\packs\Microsoft.NETCore.App.Ref\10.0.5\ref\net10.0\System.Runtime.Serialization.Formatters.dll
           C:\Program Files\dotnet\packs\Microsoft.NETCore.App.Ref\10.0.5\ref\net10.0\System.Runtime.Serialization.Json.dll
           C:\Program Files\dotnet\packs\Microsoft.NETCore.App.Ref\10.0.5\ref\net10.0\System.Runtime.Serialization.Primitives.dll
           C:\Program Files\dotnet\packs\Microsoft.NETCore.App.Ref\10.0.5\ref\net10.0\System.Runtime.Serialization.Xml.dll
           C:\Program Files\dotnet\packs\Microsoft.NETCore.App.Ref\10.0.5\ref\net10.0\System.Security.AccessControl.dll
           C:\Program Files\dotnet\packs\Microsoft.NETCore.App.Ref\10.0.5\ref\net10.0\System.Security.Claims.dll
           C:\Program Files\dotnet\packs\Microsoft.NETCore.App.Ref\10.0.5\ref\net10.0\System.Security.Cryptography.Algorithms.dll
           C:\Program Files\dotnet\packs\Microsoft.NETCore.App.Ref\10.0.5\ref\net10.0\System.Security.Cryptography.Cng.dll
           C:\Program Files\dotnet\packs\Microsoft.NETCore.App.Ref\10.0.5\ref\net10.0\System.Security.Cryptography.Csp.dll
           C:\Program Files\dotnet\packs\Microsoft.NETCore.App.Ref\10.0.5\ref\net10.0\System.Security.Cryptography.dll
           C:\Program Files\dotnet\packs\Microsoft.NETCore.App.Ref\10.0.5\ref\net10.0\System.Security.Cryptography.Encoding.dll
           C:\Program Files\dotnet\packs\Microsoft.NETCore.App.Ref\10.0.5\ref\net10.0\System.Security.Cryptography.OpenSsl.dll
           C:\Program Files\dotnet\packs\Microsoft.NETCore.App.Ref\10.0.5\ref\net10.0\System.Security.Cryptography.Primitives.dll
           C:\Program Files\dotnet\packs\Microsoft.NETCore.App.Ref\10.0.5\ref\net10.0\System.Security.Cryptography.X509Certificates.dll
           C:\Program Files\dotnet\packs\Microsoft.NETCore.App.Ref\10.0.5\ref\net10.0\System.Security.dll
           C:\Program Files\dotnet\packs\Microsoft.NETCore.App.Ref\10.0.5\ref\net10.0\System.Security.Principal.dll
           C:\Program Files\dotnet\packs\Microsoft.NETCore.App.Ref\10.0.5\ref\net10.0\System.Security.Principal.Windows.dll
           C:\Program Files\dotnet\packs\Microsoft.NETCore.App.Ref\10.0.5\ref\net10.0\System.Security.SecureString.dll
           C:\Program Files\dotnet\packs\Microsoft.NETCore.App.Ref\10.0.5\ref\net10.0\System.ServiceModel.Web.dll
           C:\Program Files\dotnet\packs\Microsoft.NETCore.App.Ref\10.0.5\ref\net10.0\System.ServiceProcess.dll
           C:\Program Files\dotnet\packs\Microsoft.NETCore.App.Ref\10.0.5\ref\net10.0\System.Text.Encoding.CodePages.dll
           C:\Program Files\dotnet\packs\Microsoft.NETCore.App.Ref\10.0.5\ref\net10.0\System.Text.Encoding.dll
           C:\Program Files\dotnet\packs\Microsoft.NETCore.App.Ref\10.0.5\ref\net10.0\System.Text.Encoding.Extensions.dll
           C:\Program Files\dotnet\packs\Microsoft.NETCore.App.Ref\10.0.5\ref\net10.0\System.Text.Encodings.Web.dll
           C:\Program Files\dotnet\packs\Microsoft.NETCore.App.Ref\10.0.5\ref\net10.0\System.Text.Json.dll
           C:\Program Files\dotnet\packs\Microsoft.NETCore.App.Ref\10.0.5\ref\net10.0\System.Text.RegularExpressions.dll
           C:\Program Files\dotnet\packs\Microsoft.NETCore.App.Ref\10.0.5\ref\net10.0\System.Threading.AccessControl.dll
           C:\Program Files\dotnet\packs\Microsoft.NETCore.App.Ref\10.0.5\ref\net10.0\System.Threading.Channels.dll
           C:\Program Files\dotnet\packs\Microsoft.NETCore.App.Ref\10.0.5\ref\net10.0\System.Threading.dll
           C:\Program Files\dotnet\packs\Microsoft.NETCore.App.Ref\10.0.5\ref\net10.0\System.Threading.Overlapped.dll
           C:\Program Files\dotnet\packs\Microsoft.NETCore.App.Ref\10.0.5\ref\net10.0\System.Threading.Tasks.Dataflow.dll
           C:\Program Files\dotnet\packs\Microsoft.NETCore.App.Ref\10.0.5\ref\net10.0\System.Threading.Tasks.dll
           C:\Program Files\dotnet\packs\Microsoft.NETCore.App.Ref\10.0.5\ref\net10.0\System.Threading.Tasks.Extensions.dll
           C:\Program Files\dotnet\packs\Microsoft.NETCore.App.Ref\10.0.5\ref\net10.0\System.Threading.Tasks.Parallel.dll
           C:\Program Files\dotnet\packs\Microsoft.NETCore.App.Ref\10.0.5\ref\net10.0\System.Threading.Thread.dll
           C:\Program Files\dotnet\packs\Microsoft.NETCore.App.Ref\10.0.5\ref\net10.0\System.Threading.ThreadPool.dll
           C:\Program Files\dotnet\packs\Microsoft.NETCore.App.Ref\10.0.5\ref\net10.0\System.Threading.Timer.dll
           C:\Program Files\dotnet\packs\Microsoft.NETCore.App.Ref\10.0.5\ref\net10.0\System.Transactions.dll
           C:\Program Files\dotnet\packs\Microsoft.NETCore.App.Ref\10.0.5\ref\net10.0\System.Transactions.Local.dll
           C:\Program Files\dotnet\packs\Microsoft.NETCore.App.Ref\10.0.5\ref\net10.0\System.ValueTuple.dll
           C:\Program Files\dotnet\packs\Microsoft.NETCore.App.Ref\10.0.5\ref\net10.0\System.Web.dll
           C:\Program Files\dotnet\packs\Microsoft.NETCore.App.Ref\10.0.5\ref\net10.0\System.Web.HttpUtility.dll
           C:\Program Files\dotnet\packs\Microsoft.NETCore.App.Ref\10.0.5\ref\net10.0\System.Windows.dll
           C:\Program Files\dotnet\packs\Microsoft.NETCore.App.Ref\10.0.5\ref\net10.0\System.Xml.dll
           C:\Program Files\dotnet\packs\Microsoft.NETCore.App.Ref\10.0.5\ref\net10.0\System.Xml.Linq.dll
           C:\Program Files\dotnet\packs\Microsoft.NETCore.App.Ref\10.0.5\ref\net10.0\System.Xml.ReaderWriter.dll
           C:\Program Files\dotnet\packs\Microsoft.NETCore.App.Ref\10.0.5\ref\net10.0\System.Xml.Serialization.dll
           C:\Program Files\dotnet\packs\Microsoft.NETCore.App.Ref\10.0.5\ref\net10.0\System.Xml.XDocument.dll
           C:\Program Files\dotnet\packs\Microsoft.NETCore.App.Ref\10.0.5\ref\net10.0\System.Xml.XmlDocument.dll
           C:\Program Files\dotnet\packs\Microsoft.NETCore.App.Ref\10.0.5\ref\net10.0\System.Xml.XmlSerializer.dll
           C:\Program Files\dotnet\packs\Microsoft.NETCore.App.Ref\10.0.5\ref\net10.0\System.Xml.XPath.dll
           C:\Program Files\dotnet\packs\Microsoft.NETCore.App.Ref\10.0.5\ref\net10.0\System.Xml.XPath.XDocument.dll
           C:\Users\chuck\.nuget\packages\testcontainers\4.11.0\lib\net10.0\Testcontainers.dll
           C:\Users\chuck\.nuget\packages\testcontainers.mssql\4.11.0\lib\net10.0\Testcontainers.MsSql.dll
           C:\Users\chuck\.nuget\packages\testcontainers.oracle\4.11.0\lib\net10.0\Testcontainers.Oracle.dll
           C:\Users\chuck\.nuget\packages\testcontainers.postgresql\4.11.0\lib\net10.0\Testcontainers.PostgreSql.dll
           C:\Program Files\dotnet\packs\Microsoft.NETCore.App.Ref\10.0.5\ref\net10.0\WindowsBase.dll
           obj\Debug\net10.0\ETL-SQL.Core.csproj.CoreCompileInputs.cache
           C:\Program Files\dotnet\sdk\10.0.201\Sdks\Microsoft.NET.Sdk\targets\..\analyzers\Microsoft.CodeAnalysis.CSharp.NetAnalyzers.dll
           C:\Program Files\dotnet\sdk\10.0.201\Sdks\Microsoft.NET.Sdk\targets\..\analyzers\Microsoft.CodeAnalysis.NetAnalyzers.dll
           C:\Users\chuck\.nuget\packages\microsoft.extensions.logging.abstractions\10.0.0-preview.1.25080.5\analyzers\dotnet\roslyn4.4\cs\Microsoft.Extensions.Logging.Generators.dll
           C:\Users\chuck\.nuget\packages\microsoft.extensions.options\10.0.0-preview.1.25080.5\analyzers\dotnet\roslyn4.4\cs\Microsoft.Extensions.Options.SourceGeneration.dll
           C:\Program Files\dotnet\packs\Microsoft.NETCore.App.Ref\10.0.5\analyzers/dotnet/cs/Microsoft.Interop.ComInterfaceGenerator.dll
           C:\Program Files\dotnet\packs\Microsoft.NETCore.App.Ref\10.0.5\analyzers/dotnet/cs/Microsoft.Interop.JavaScript.JSImportGenerator.dll
           C:\Program Files\dotnet\packs\Microsoft.NETCore.App.Ref\10.0.5\analyzers/dotnet/cs/Microsoft.Interop.LibraryImportGenerator.dll
           C:\Program Files\dotnet\packs\Microsoft.NETCore.App.Ref\10.0.5\analyzers/dotnet/cs/Microsoft.Interop.SourceGeneration.dll
           C:\Program Files\dotnet\packs\Microsoft.NETCore.App.Ref\10.0.5\analyzers/dotnet/cs/System.Text.Json.SourceGeneration.dll
           C:\Program Files\dotnet\packs\Microsoft.NETCore.App.Ref\10.0.5\analyzers/dotnet/cs/System.Text.RegularExpressions.Generator.dll
           obj\Debug\net10.0\ETL-SQL.Core.GeneratedMSBuildEditorConfig.editorconfig
           C:\Program Files\dotnet\sdk\10.0.201\Sdks\Microsoft.NET.Sdk\analyzers\build\config\analysislevel_10_default.globalconfig
           C:\Users\chuck\scratch\ETL-SQL\src\ETL-SQL.Core\obj\ETL-SQL.Core.csproj.nuget.g.targets
           C:\Program Files\dotnet\sdk\10.0.201\Current\Microsoft.Common.targets\ImportAfter\Microsoft.TestPlatform.ImportAfter.targets
           obj\Debug\net10.0\ETL-SQL.Core.sourcelink.json
       Output files: 
           obj\Debug\net10.0\ETL-SQL.Core.dll
           obj\Debug\net10.0\refint\ETL-SQL.Core.dll
           obj\Debug\net10.0\ETL-SQL.Core.pdb
       C:\Program Files\dotnet\sdk\10.0.201\Roslyn\Microsoft.CSharp.Core.targets(66,7): message : Property reassignment: $(NoWarn)="1701;1702;1701;1702" (previous value: "1701;1702") at C:\Program Files\dotnet\sdk\10.0.201\Roslyn\Microsoft.CSharp.Core.targets (66,7) [C:\Users\chuck\scratch\ETL-SQL\src\ETL-SQL.Core\ETL-SQL.Core.csproj]
       C:\Program Files\dotnet\sdk\10.0.201\Roslyn\Microsoft.CSharp.Core.targets(76,7): message : Property reassignment: $(NoWarn)="1701;1702;1701;1702;8002" (previous value: "1701;1702") at C:\Program Files\dotnet\sdk\10.0.201\Roslyn\Microsoft.CSharp.Core.targets (76,7) [C:\Users\chuck\scratch\ETL-SQL\src\ETL-SQL.Core\ETL-SQL.Core.csproj]
   2:6>Done building target "CoreCompile" in project "ETL-SQL.Core.csproj".
   2:6>Target "AfterCompile" in file "C:\Program Files\dotnet\sdk\10.0.201\Microsoft.Common.CurrentVersion.targets" from project "C:\Users\chuck\scratch\ETL-SQL\src\ETL-SQL.Core\ETL-SQL.Core.csproj" (target "Compile" depends on it):
   2:6>Done building target "AfterCompile" in project "ETL-SQL.Core.csproj".
   2:6>Target "Compile" in file "C:\Program Files\dotnet\sdk\10.0.201\Microsoft.Common.CurrentVersion.targets" from project "C:\Users\chuck\scratch\ETL-SQL\src\ETL-SQL.Core\ETL-SQL.Core.csproj" (target "CoreBuild" depends on it):
   2:6>Done building target "Compile" in project "ETL-SQL.Core.csproj".
   2:6>Target "_GenerateSatelliteAssemblyInputs" in file "C:\Program Files\dotnet\sdk\10.0.201\Microsoft.Common.CurrentVersion.targets" from project "C:\Users\chuck\scratch\ETL-SQL\src\ETL-SQL.Core\ETL-SQL.Core.csproj" (target "CreateSatelliteAssemblies" depends on it):
   2:6>Done building target "_GenerateSatelliteAssemblyInputs" in project "ETL-SQL.Core.csproj".
   2:6>Target "CreateSatelliteAssemblies" in file "C:\Program Files\dotnet\sdk\10.0.201\Microsoft.Common.CurrentVersion.targets" from project "C:\Users\chuck\scratch\ETL-SQL\src\ETL-SQL.Core\ETL-SQL.Core.csproj" (target "CoreBuild" depends on it):
   2:6>Done building target "CreateSatelliteAssemblies" in project "ETL-SQL.Core.csproj".
   2:6>Target "GetTargetPathWithTargetPlatformMoniker" in file "C:\Program Files\dotnet\sdk\10.0.201\Microsoft.Common.CurrentVersion.targets" from project "C:\Users\chuck\scratch\ETL-SQL\src\ETL-SQL.Core\ETL-SQL.Core.csproj" (target "GetTargetPath" depends on it):
   2:6>Done building target "GetTargetPathWithTargetPlatformMoniker" in project "ETL-SQL.Core.csproj".
   2:6>Target "GetTargetPath" in file "C:\Program Files\dotnet\sdk\10.0.201\Microsoft.Common.CurrentVersion.targets" from project "C:\Users\chuck\scratch\ETL-SQL\src\ETL-SQL.Core\ETL-SQL.Core.csproj" (target "CoreBuild" depends on it):
   2:6>Done building target "GetTargetPath" in project "ETL-SQL.Core.csproj".
       Target "AssignTargetPaths" skipped. Previously built successfully.
       Target "_SplitProjectReferencesByFileExistence" skipped. Previously built successfully.
       Target "_GetProjectReferenceTargetFrameworkProperties" skipped. Previously built successfully.
   2:6>Target "_PopulateCommonStateForGetCopyToOutputDirectoryItems" in file "C:\Program Files\dotnet\sdk\10.0.201\Microsoft.Common.CurrentVersion.targets" from project "C:\Users\chuck\scratch\ETL-SQL\src\ETL-SQL.Core\ETL-SQL.Core.csproj" (target "GetCopyToOutputDirectoryItems" depends on it):
   2:6>Done building target "_PopulateCommonStateForGetCopyToOutputDirectoryItems" in project "ETL-SQL.Core.csproj".
   2:6>Target "GetCopyToOutputDirectoryItems" in file "C:\Program Files\dotnet\sdk\10.0.201\Microsoft.Common.CurrentVersion.targets" from project "C:\Users\chuck\scratch\ETL-SQL\src\ETL-SQL.Core\ETL-SQL.Core.csproj" (target "_CopySourceItemsToOutputDirectory" depends on it):
       Using "CallTarget" task from assembly "Microsoft.Build.Tasks.Core, Version=15.1.0.0, Culture=neutral, PublicKeyToken=b03f5f7f11d50a3a".
       Task "CallTarget"
       Target "_PopulateCommonStateForGetCopyToOutputDirectoryItems" skipped. Previously built successfully.
       Target "_AddOutputPathToGlobalPropertiesToRemove" skipped. Previously built successfully.
   2:6>Target "_GetCopyToOutputDirectoryItemsFromTransitiveProjectReferences" in file "C:\Program Files\dotnet\sdk\10.0.201\Microsoft.Common.CurrentVersion.targets" from project "C:\Users\chuck\scratch\ETL-SQL\src\ETL-SQL.Core\ETL-SQL.Core.csproj" (target "GetCopyToOutputDirectoryItems" depends on it):
       Task "AssignTargetPath"
       Done executing task "AssignTargetPath".
   2:6>Done building target "_GetCopyToOutputDirectoryItemsFromTransitiveProjectReferences" in project "ETL-SQL.Core.csproj".
       Done executing task "CallTarget".
       Task "CallTarget"
       Target "AssignTargetPaths" skipped. Previously built successfully.
       Target "_PopulateCommonStateForGetCopyToOutputDirectoryItems" skipped. Previously built successfully.
   2:6>Target "_GetCopyToOutputDirectoryItemsFromThisProject" in file "C:\Program Files\dotnet\sdk\10.0.201\Microsoft.Common.CurrentVersion.targets" from project "C:\Users\chuck\scratch\ETL-SQL\src\ETL-SQL.Core\ETL-SQL.Core.csproj" (target "GetCopyToOutputDirectoryItems" depends on it):
       Task "AssignTargetPath"
       Done executing task "AssignTargetPath".
   2:6>Done building target "_GetCopyToOutputDirectoryItemsFromThisProject" in project "ETL-SQL.Core.csproj".
       Done executing task "CallTarget".
   2:6>Done building target "GetCopyToOutputDirectoryItems" in project "ETL-SQL.Core.csproj".
   2:6>Target "_CopySourceItemsToOutputDirectory" in file "C:\Program Files\dotnet\sdk\10.0.201\Microsoft.Common.CurrentVersion.targets" from project "C:\Users\chuck\scratch\ETL-SQL\src\ETL-SQL.Core\ETL-SQL.Core.csproj" (target "CopyFilesToOutputDirectory" depends on it):
   2:6>Done building target "_CopySourceItemsToOutputDirectory" in project "ETL-SQL.Core.csproj".
   2:6>Target "_CheckForCompileOutputs" in file "C:\Program Files\dotnet\sdk\10.0.201\Microsoft.Common.CurrentVersion.targets" from project "C:\Users\chuck\scratch\ETL-SQL\src\ETL-SQL.Core\ETL-SQL.Core.csproj" (target "CopyFilesToOutputDirectory" depends on it):
   2:6>Done building target "_CheckForCompileOutputs" in project "ETL-SQL.Core.csproj".
       Target "_DefaultMicrosoftNETPlatformLibrary" skipped. Previously built successfully.
       Target "_HandlePackageFileConflicts" skipped. Previously built successfully.
       Target "ResolveAssemblyReferences" skipped. Previously built successfully.
   2:6>Target "_ComputeReferenceAssemblies" in file "C:\Program Files\dotnet\sdk\10.0.201\Sdks\Microsoft.NET.Sdk\targets\Microsoft.NET.Sdk.targets" from project "C:\Users\chuck\scratch\ETL-SQL\src\ETL-SQL.Core\ETL-SQL.Core.csproj" (target "GenerateBuildDependencyFile" depends on it):
   2:6>Done building target "_ComputeReferenceAssemblies" in project "ETL-SQL.Core.csproj".
   2:6>Target "_ComputeUserRuntimeAssemblies" in file "C:\Program Files\dotnet\sdk\10.0.201\Sdks\Microsoft.NET.Sdk\targets\Microsoft.NET.Sdk.targets" from project "C:\Users\chuck\scratch\ETL-SQL\src\ETL-SQL.Core\ETL-SQL.Core.csproj" (target "GenerateBuildDependencyFile" depends on it):
   2:6>Done building target "_ComputeUserRuntimeAssemblies" in project "ETL-SQL.Core.csproj".
       Target "_ComputePackageReferencePublish" skipped. Previously built successfully.
   2:6>Target "GenerateBuildDependencyFile" in file "C:\Program Files\dotnet\sdk\10.0.201\Sdks\Microsoft.NET.Sdk\targets\Microsoft.NET.Sdk.targets" from project "C:\Users\chuck\scratch\ETL-SQL\src\ETL-SQL.Core\ETL-SQL.Core.csproj" (target "CopyFilesToOutputDirectory" depends on it):
       Skipping target "GenerateBuildDependencyFile" because all output files are up-to-date with respect to the input files.
       Input files: 
           C:\Users\chuck\scratch\ETL-SQL\src\ETL-SQL.Core\obj\project.assets.json
           C:\Users\chuck\scratch\ETL-SQL\src\ETL-SQL.Core\obj\Debug\net10.0\ETL-SQL.Core.assets.cache
           C:\Users\chuck\scratch\ETL-SQL\src\ETL-SQL.Core\obj\ETL-SQL.Core.csproj.nuget.g.targets
           C:\Program Files\dotnet\sdk\10.0.201\Current\Microsoft.Common.targets\ImportAfter\Microsoft.TestPlatform.ImportAfter.targets
       Output files: C:\Users\chuck\scratch\ETL-SQL\src\ETL-SQL.Core\bin\Debug\net10.0\ETL-SQL.Core.deps.json
   2:6>Done building target "GenerateBuildDependencyFile" in project "ETL-SQL.Core.csproj".
   2:6>Target "CopyFilesToOutputDirectory" in file "C:\Program Files\dotnet\sdk\10.0.201\Microsoft.Common.CurrentVersion.targets" from project "C:\Users\chuck\scratch\ETL-SQL\src\ETL-SQL.Core\ETL-SQL.Core.csproj" (target "PrepareForRun" depends on it):
       Using "Copy" task from assembly "Microsoft.Build.Tasks.Core, Version=15.1.0.0, Culture=neutral, PublicKeyToken=b03f5f7f11d50a3a".
       Task "Copy"
         Did not copy from file "obj\Debug\net10.0\ETL-SQL.Core.dll" to file "bin\Debug\net10.0\ETL-SQL.Core.dll" because the "SkipUnchangedFiles" parameter was set to "true" in the project and the files' sizes and timestamps match.
       Done executing task "Copy".
       Using "CopyRefAssembly" task from assembly "C:\Program Files\dotnet\sdk\10.0.201\Sdks\Microsoft.NET.Sdk\targets\..\..\..\Roslyn\Microsoft.Build.Tasks.CodeAnalysis.dll".
       Task "CopyRefAssembly"
         Reference assembly "C:\Users\chuck\scratch\ETL-SQL\src\ETL-SQL.Core\obj\Debug\net10.0\ref\ETL-SQL.Core.dll" already has latest information. Leaving it untouched.
       Done executing task "CopyRefAssembly".
       Task "Message"
         ETL-SQL.Core -> C:\Users\chuck\scratch\ETL-SQL\src\ETL-SQL.Core\bin\Debug\net10.0\ETL-SQL.Core.dll
       Done executing task "Message".
       Task "Copy"
         Did not copy from file "obj\Debug\net10.0\ETL-SQL.Core.pdb" to file "bin\Debug\net10.0\ETL-SQL.Core.pdb" because the "SkipUnchangedFiles" parameter was set to "true" in the project and the files' sizes and timestamps match.
       Done executing task "Copy".
   2:6>Done building target "CopyFilesToOutputDirectory" in project "ETL-SQL.Core.csproj".
   2:6>Target "PrepareForRun" in file "C:\Program Files\dotnet\sdk\10.0.201\Microsoft.Common.CurrentVersion.targets" from project "C:\Users\chuck\scratch\ETL-SQL\src\ETL-SQL.Core\ETL-SQL.Core.csproj" (target "CoreBuild" depends on it):
   2:6>Done building target "PrepareForRun" in project "ETL-SQL.Core.csproj".
       Target "_CheckForCompileOutputs" skipped. Previously built successfully.
   2:6>Target "_CleanGetCurrentAndPriorFileWrites" in file "C:\Program Files\dotnet\sdk\10.0.201\Microsoft.Common.CurrentVersion.targets" from project "C:\Users\chuck\scratch\ETL-SQL\src\ETL-SQL.Core\ETL-SQL.Core.csproj" (target "IncrementalClean" depends on it):
       Using "ReadLinesFromFile" task from assembly "Microsoft.Build.Tasks.Core, Version=15.1.0.0, Culture=neutral, PublicKeyToken=b03f5f7f11d50a3a".
       Task "ReadLinesFromFile"
       Done executing task "ReadLinesFromFile".
       Task "ConvertToAbsolutePath"
       Done executing task "ConvertToAbsolutePath".
       Using "FindUnderPath" task from assembly "Microsoft.Build.Tasks.Core, Version=15.1.0.0, Culture=neutral, PublicKeyToken=b03f5f7f11d50a3a".
       Task "FindUnderPath"
         Comparison path is "C:\Users\chuck\scratch\ETL-SQL\src\ETL-SQL.Core".
       Done executing task "FindUnderPath".
       Task "FindUnderPath"
         Comparison path is "bin\Debug\net10.0\".
       Done executing task "FindUnderPath".
       Task "FindUnderPath"
         Comparison path is "obj\Debug\net10.0\".
       Done executing task "FindUnderPath".
       Task "RemoveDuplicates"
       Done executing task "RemoveDuplicates".
   2:6>Done building target "_CleanGetCurrentAndPriorFileWrites" in project "ETL-SQL.Core.csproj".
   2:6>Target "IncrementalClean" in file "C:\Program Files\dotnet\sdk\10.0.201\Microsoft.Common.CurrentVersion.targets" from project "C:\Users\chuck\scratch\ETL-SQL\src\ETL-SQL.Core\ETL-SQL.Core.csproj" (target "CoreBuild" depends on it):
       Task "FindUnderPath"
         Comparison path is "bin\Debug\net10.0\".
       Done executing task "FindUnderPath".
       Task "FindUnderPath"
         Comparison path is "obj\Debug\net10.0\".
       Done executing task "FindUnderPath".
       Using "Delete" task from assembly "Microsoft.Build.Tasks.Core, Version=15.1.0.0, Culture=neutral, PublicKeyToken=b03f5f7f11d50a3a".
       Task "Delete"
       Done executing task "Delete".
       Task "RemoveDuplicates"
       Done executing task "RemoveDuplicates".
   2:6>Done building target "IncrementalClean" in project "ETL-SQL.Core.csproj".
       Target "GenerateBuildDependencyFile" skipped. Previously built successfully.
   2:6>Target "CoreBuild" in file "C:\Program Files\dotnet\sdk\10.0.201\Microsoft.Common.CurrentVersion.targets" from project "C:\Users\chuck\scratch\ETL-SQL\src\ETL-SQL.Core\ETL-SQL.Core.csproj" (target "Build" depends on it):
   2:6>Done building target "CoreBuild" in project "ETL-SQL.Core.csproj".
   2:6>Target "AfterBuild" in file "C:\Program Files\dotnet\sdk\10.0.201\Microsoft.Common.CurrentVersion.targets" from project "C:\Users\chuck\scratch\ETL-SQL\src\ETL-SQL.Core\ETL-SQL.Core.csproj" (target "Build" depends on it):
   2:6>Done building target "AfterBuild" in project "ETL-SQL.Core.csproj".
       Target "_CheckForInvalidConfigurationAndPlatform" skipped. Previously built successfully.
       Target "_CheckForInvalidConfigurationAndPlatform" skipped. Previously built successfully.
   2:6>Target "Build" in file "C:\Program Files\dotnet\sdk\10.0.201\Microsoft.Common.CurrentVersion.targets" from project "C:\Users\chuck\scratch\ETL-SQL\src\ETL-SQL.Core\ETL-SQL.Core.csproj" (entry point):
   2:6>Done building target "Build" in project "ETL-SQL.Core.csproj".
   2:6>Target "_CheckContainersPackage" in file "C:\Program Files\dotnet\sdk\10.0.201\Containers\build\Microsoft.NET.Build.Containers.targets" from project "C:\Users\chuck\scratch\ETL-SQL\src\ETL-SQL.Core\ETL-SQL.Core.csproj" (entry point):
   2:6>Done building target "_CheckContainersPackage" in project "ETL-SQL.Core.csproj".
   2:6>Done Building Project "C:\Users\chuck\scratch\ETL-SQL\src\ETL-SQL.Core\ETL-SQL.Core.csproj" (default targets).
   1:7>Done executing task "MSBuild".
       Task "MSBuild"
         Removing Properties for project "..\ETL-SQL.Core\ETL-SQL.Core.csproj":
           TargetFramework
           RuntimeIdentifier
           SelfContained
   1:7>Project "C:\Users\chuck\scratch\ETL-SQL\src\ETL-SQL.Engine\ETL-SQL.Engine.csproj" (1:7) is building "C:\Users\chuck\scratch\ETL-SQL\src\ETL-SQL.Core\ETL-SQL.Core.csproj" (2:7) on node 1 (GetNativeManifest target(s)).
   2:7>Target "GetNativeManifest" in file "C:\Program Files\dotnet\sdk\10.0.201\Microsoft.Common.CurrentVersion.targets" from project "C:\Users\chuck\scratch\ETL-SQL\src\ETL-SQL.Core\ETL-SQL.Core.csproj" (entry point):
   2:7>Done building target "GetNativeManifest" in project "ETL-SQL.Core.csproj".
   2:7>Done Building Project "C:\Users\chuck\scratch\ETL-SQL\src\ETL-SQL.Core\ETL-SQL.Core.csproj" (GetNativeManifest target(s)).
   1:7>Done executing task "MSBuild".
   1:7>Done building target "ResolveProjectReferences" in project "ETL-SQL.Engine.csproj".
       Target "ResolveProjectReferences" skipped. Previously built successfully.
       Target "GetFrameworkPaths" skipped. Previously built successfully.
       Target "GetReferenceAssemblyPaths" skipped. Previously built successfully.
       Target "PrepareForBuild" skipped. Previously built successfully.
   1:7>Target "ResolveSDKReferences" in file "C:\Program Files\dotnet\sdk\10.0.201\Microsoft.Common.CurrentVersion.targets" from project "C:\Users\chuck\scratch\ETL-SQL\src\ETL-SQL.Engine\ETL-SQL.Engine.csproj" (target "ResolveAssemblyReferences" depends on it):
   1:7>Done building target "ResolveSDKReferences" in project "ETL-SQL.Engine.csproj".
       Target "ResolveSDKReferences" skipped. Previously built successfully.
   1:7>Target "ExpandSDKReferences" in file "C:\Program Files\dotnet\sdk\10.0.201\Microsoft.Common.CurrentVersion.targets" from project "C:\Users\chuck\scratch\ETL-SQL\src\ETL-SQL.Engine\ETL-SQL.Engine.csproj" (target "ResolveAssemblyReferences" depends on it):
   1:7>Done building target "ExpandSDKReferences" in project "ETL-SQL.Engine.csproj".
       Target "ResolvePackageDependenciesForBuild" skipped. Previously built successfully.
       Target "GetFrameworkPaths" skipped. Previously built successfully.
       Target "GetReferenceAssemblyPaths" skipped. Previously built successfully.
       Target "ProcessFrameworkReferences" skipped. Previously built successfully.
       Target "ResolvePackageAssets" skipped. Previously built successfully.
   1:7>Target "ResolveFrameworkReferences" in file "C:\Program Files\dotnet\sdk\10.0.201\Sdks\Microsoft.NET.Sdk\targets\Microsoft.NET.Sdk.FrameworkReferenceResolution.targets" from project "C:\Users\chuck\scratch\ETL-SQL\src\ETL-SQL.Engine\ETL-SQL.Engine.csproj" (target "ResolveTargetingPackAssets" depends on it):
       Using "GetPackageDirectory" task from assembly "C:\Program Files\dotnet\sdk\10.0.201\Sdks\Microsoft.NET.Sdk\targets\..\tools\net10.0\Microsoft.NET.Build.Tasks.dll".
       Task "GetPackageDirectory"
       Done executing task "GetPackageDirectory".
       Task "GetPackageDirectory"
       Done executing task "GetPackageDirectory".
       Task "GetPackageDirectory"
       Done executing task "GetPackageDirectory".
       Task "GetPackageDirectory"
       Done executing task "GetPackageDirectory".
       Task "GetPackageDirectory"
       Done executing task "GetPackageDirectory".
       Task "GetPackageDirectory"
       Done executing task "GetPackageDirectory".
       Task "GetPackageDirectory"
       Done executing task "GetPackageDirectory".
       Task "GetPackageDirectory"
       Done executing task "GetPackageDirectory".
       Task "GetPackageDirectory"
       Done executing task "GetPackageDirectory".
       Task "GetPackageDirectory"
       Done executing task "GetPackageDirectory".
       Using "ResolveFrameworkReferences" task from assembly "C:\Program Files\dotnet\sdk\10.0.201\Sdks\Microsoft.NET.Sdk\targets\..\tools\net10.0\Microsoft.NET.Build.Tasks.dll".
       Task "ResolveFrameworkReferences"
       Done executing task "ResolveFrameworkReferences".
   1:7>Done building target "ResolveFrameworkReferences" in project "ETL-SQL.Engine.csproj".
   1:7>Target "ResolveTargetingPackAssets" in file "C:\Program Files\dotnet\sdk\10.0.201\Sdks\Microsoft.NET.Sdk\targets\Microsoft.NET.Sdk.FrameworkReferenceResolution.targets" from project "C:\Users\chuck\scratch\ETL-SQL\src\ETL-SQL.Engine\ETL-SQL.Engine.csproj" (target "_HandlePackageFileConflicts" depends on it):
       Using "ResolveTargetingPackAssets" task from assembly "C:\Program Files\dotnet\sdk\10.0.201\Sdks\Microsoft.NET.Sdk\targets\..\tools\net10.0\Microsoft.NET.Build.Tasks.dll".
       Task "ResolveTargetingPackAssets"
       Done executing task "ResolveTargetingPackAssets".
   1:7>Done building target "ResolveTargetingPackAssets" in project "ETL-SQL.Engine.csproj".
   1:7>Target "ResolveOffByDefaultAnalyzers" in file "C:\Program Files\dotnet\sdk\10.0.201\Sdks\Microsoft.NET.Sdk\targets\Microsoft.NET.Sdk.FrameworkReferenceResolution.targets" from project "C:\Users\chuck\scratch\ETL-SQL\src\ETL-SQL.Engine\ETL-SQL.Engine.csproj" (target "_HandlePackageFileConflicts" depends on it):
   1:7>Done building target "ResolveOffByDefaultAnalyzers" in project "ETL-SQL.Engine.csproj".
   1:7>Target "_HandlePackageFileConflicts" in file "C:\Program Files\dotnet\sdk\10.0.201\Sdks\Microsoft.NET.Sdk\targets\Microsoft.NET.ConflictResolution.targets" from project "C:\Users\chuck\scratch\ETL-SQL\src\ETL-SQL.Engine\ETL-SQL.Engine.csproj" (target "ResolveAssemblyReferences" depends on it):
       Using "ResolvePackageFileConflicts" task from assembly "C:\Program Files\dotnet\sdk\10.0.201\Sdks\Microsoft.NET.Sdk\targets\..\tools\net10.0\Microsoft.NET.Build.Tasks.dll".
       Task "ResolvePackageFileConflicts"
         Encountered conflict between 'Platform:mscorlib.dll' and 'Platform:mscorlib.dll'. Could not determine winner due to equal file and assembly versions.
         Encountered conflict between 'Platform:Microsoft.VisualBasic.dll' and 'Platform:Microsoft.VisualBasic.dll'. Could not determine winner due to equal file and assembly versions.
         Encountered conflict between 'Platform:System.dll' and 'Platform:System.dll'. Could not determine winner due to equal file and assembly versions.
         Encountered conflict between 'Platform:System.ComponentModel.DataAnnotations.dll' and 'Platform:System.ComponentModel.DataAnnotations.dll'. Could not determine winner due to equal file and assembly versions.
         Encountered conflict between 'Platform:System.Configuration.dll' and 'Platform:System.Configuration.dll'. Could not determine winner due to equal file and assembly versions.
         Encountered conflict between 'Platform:System.Core.dll' and 'Platform:System.Core.dll'. Could not determine winner due to equal file and assembly versions.
         Encountered conflict between 'Platform:System.Data.dll' and 'Platform:System.Data.dll'. Could not determine winner due to equal file and assembly versions.
         Encountered conflict between 'Platform:System.Drawing.dll' and 'Platform:System.Drawing.dll'. Could not determine winner due to equal file and assembly versions.
         Encountered conflict between 'Platform:System.IO.Compression.FileSystem.dll' and 'Platform:System.IO.Compression.FileSystem.dll'. Could not determine winner due to equal file and assembly versions.
         Encountered conflict between 'Platform:System.Net.dll' and 'Platform:System.Net.dll'. Could not determine winner due to equal file and assembly versions.
         Encountered conflict between 'Platform:System.Numerics.dll' and 'Platform:System.Numerics.dll'. Could not determine winner due to equal file and assembly versions.
         Encountered conflict between 'Platform:System.Runtime.Serialization.dll' and 'Platform:System.Runtime.Serialization.dll'. Could not determine winner due to equal file and assembly versions.
         Encountered conflict between 'Platform:System.Security.dll' and 'Platform:System.Security.dll'. Could not determine winner due to equal file and assembly versions.
         Encountered conflict between 'Platform:System.ServiceProcess.dll' and 'Platform:System.ServiceProcess.dll'. Could not determine winner due to equal file and assembly versions.
         Encountered conflict between 'Platform:System.ServiceModel.Web.dll' and 'Platform:System.ServiceModel.Web.dll'. Could not determine winner due to equal file and assembly versions.
         Encountered conflict between 'Platform:System.Transactions.dll' and 'Platform:System.Transactions.dll'. Could not determine winner due to equal file and assembly versions.
         Encountered conflict between 'Platform:System.Web.dll' and 'Platform:System.Web.dll'. Could not determine winner due to equal file and assembly versions.
         Encountered conflict between 'Platform:System.Windows.dll' and 'Platform:System.Windows.dll'. Could not determine winner due to equal file and assembly versions.
         Encountered conflict between 'Platform:System.Xml.dll' and 'Platform:System.Xml.dll'. Could not determine winner due to equal file and assembly versions.
         Encountered conflict between 'Platform:System.Xml.Serialization.dll' and 'Platform:System.Xml.Serialization.dll'. Could not determine winner due to equal file and assembly versions.
         Encountered conflict between 'Platform:System.Xml.Linq.dll' and 'Platform:System.Xml.Linq.dll'. Could not determine winner due to equal file and assembly versions.
         Encountered conflict between 'Platform:WindowsBase.dll' and 'Platform:WindowsBase.dll'. Could not determine winner due to equal file and assembly versions.
         Encountered conflict between 'Platform:netstandard.dll' and 'Platform:netstandard.dll'. Could not determine winner due to equal file and assembly versions.
         Encountered conflict between 'Platform:System.Private.CoreLib.dll' and 'Platform:System.Private.CoreLib.dll'. Could not determine winner due to equal file and assembly versions.
         Encountered conflict between 'Platform:System.Private.DataContractSerialization.dll' and 'Platform:System.Private.DataContractSerialization.dll'. Could not determine winner due to equal file and assembly versions.
         Encountered conflict between 'Platform:System.Private.Uri.dll' and 'Platform:System.Private.Uri.dll'. Could not determine winner due to equal file and assembly versions.
         Encountered conflict between 'Platform:System.Private.Xml.dll' and 'Platform:System.Private.Xml.dll'. Could not determine winner due to equal file and assembly versions.
         Encountered conflict between 'Platform:System.Private.Xml.Linq.dll' and 'Platform:System.Private.Xml.Linq.dll'. Could not determine winner due to equal file and assembly versions.
         Encountered conflict between 'Platform:mscordaccore_amd64_amd64_10.0.526.15411.dll' and 'Platform:mscordaccore_amd64_amd64_10.0.526.15411.dll'. Could not determine winner due to equal file and assembly versions.
       Done executing task "ResolvePackageFileConflicts".
   1:7>Done building target "_HandlePackageFileConflicts" in project "ETL-SQL.Engine.csproj".
       Target "ResolveTargetingPackAssets" skipped. Previously built successfully.
   1:7>Target "ResolveAssemblyReferences" in file "C:\Program Files\dotnet\sdk\10.0.201\Microsoft.Common.CurrentVersion.targets" from project "C:\Users\chuck\scratch\ETL-SQL\src\ETL-SQL.Engine\ETL-SQL.Engine.csproj" (target "ResolveReferences" depends on it):
       Task "ResolveAssemblyReference"
         TargetFrameworkMoniker:
             .NETCoreApp,Version=v10.0
         TargetFrameworkMonikerDisplayName:
             .NET 10.0
         TargetedRuntimeVersion:
             
         Assemblies:
             C:\Users\chuck\.nuget\packages\bouncycastle.cryptography\2.6.2\lib\net6.0\BouncyCastle.Cryptography.dll
                 Private = 'false'
                 HintPath = 'C:\Users\chuck\.nuget\packages\bouncycastle.cryptography\2.6.2\lib\net6.0\BouncyCastle.Cryptography.dll'
             C:\Users\chuck\.nuget\packages\docker.dotnet.enhanced\3.131.1\lib\net10.0\Docker.DotNet.dll
                 Private = 'false'
                 HintPath = 'C:\Users\chuck\.nuget\packages\docker.dotnet.enhanced\3.131.1\lib\net10.0\Docker.DotNet.dll'
             C:\Users\chuck\.nuget\packages\docker.dotnet.enhanced.x509\3.131.1\lib\net10.0\Docker.DotNet.X509.dll
                 Private = 'false'
                 HintPath = 'C:\Users\chuck\.nuget\packages\docker.dotnet.enhanced.x509\3.131.1\lib\net10.0\Docker.DotNet.X509.dll'
             C:\Users\chuck\.nuget\packages\microsoft.data.sqlite.core\9.0.2\lib\net8.0\Microsoft.Data.Sqlite.dll
                 Private = 'false'
                 HintPath = 'C:\Users\chuck\.nuget\packages\microsoft.data.sqlite.core\9.0.2\lib\net8.0\Microsoft.Data.Sqlite.dll'
             C:\Users\chuck\.nuget\packages\microsoft.extensions.dependencyinjection\10.0.5\lib\net10.0\Microsoft.Extensions.DependencyInjection.dll
                 Private = 'false'
                 HintPath = 'C:\Users\chuck\.nuget\packages\microsoft.extensions.dependencyinjection\10.0.5\lib\net10.0\Microsoft.Extensions.DependencyInjection.dll'
             C:\Users\chuck\.nuget\packages\microsoft.extensions.dependencyinjection.abstractions\10.0.5\lib\net10.0\Microsoft.Extensions.DependencyInjection.Abstractions.dll
                 Private = 'false'
                 HintPath = 'C:\Users\chuck\.nuget\packages\microsoft.extensions.dependencyinjection.abstractions\10.0.5\lib\net10.0\Microsoft.Extensions.DependencyInjection.Abstractions.dll'
             C:\Users\chuck\.nuget\packages\microsoft.extensions.logging\10.0.0-preview.1.25080.5\lib\net10.0\Microsoft.Extensions.Logging.dll
                 Private = 'false'
                 HintPath = 'C:\Users\chuck\.nuget\packages\microsoft.extensions.logging\10.0.0-preview.1.25080.5\lib\net10.0\Microsoft.Extensions.Logging.dll'
             C:\Users\chuck\.nuget\packages\microsoft.extensions.logging.abstractions\10.0.0-preview.1.25080.5\lib\net10.0\Microsoft.Extensions.Logging.Abstractions.dll
                 Private = 'false'
                 HintPath = 'C:\Users\chuck\.nuget\packages\microsoft.extensions.logging.abstractions\10.0.0-preview.1.25080.5\lib\net10.0\Microsoft.Extensions.Logging.Abstractions.dll'
             C:\Users\chuck\.nuget\packages\microsoft.extensions.options\10.0.0-preview.1.25080.5\lib\net10.0\Microsoft.Extensions.Options.dll
                 Private = 'false'
                 HintPath = 'C:\Users\chuck\.nuget\packages\microsoft.extensions.options\10.0.0-preview.1.25080.5\lib\net10.0\Microsoft.Extensions.Options.dll'
             C:\Users\chuck\.nuget\packages\microsoft.extensions.primitives\10.0.0-preview.1.25080.5\lib\net10.0\Microsoft.Extensions.Primitives.dll
                 Private = 'false'
                 HintPath = 'C:\Users\chuck\.nuget\packages\microsoft.extensions.primitives\10.0.0-preview.1.25080.5\lib\net10.0\Microsoft.Extensions.Primitives.dll'
             C:\Users\chuck\.nuget\packages\serilog\4.2.0\lib\net9.0\Serilog.dll
                 Private = 'false'
                 HintPath = 'C:\Users\chuck\.nuget\packages\serilog\4.2.0\lib\net9.0\Serilog.dll'
             C:\Users\chuck\.nuget\packages\serilog.extensions.logging\9.0.1\lib\net9.0\Serilog.Extensions.Logging.dll
                 Private = 'false'
                 HintPath = 'C:\Users\chuck\.nuget\packages\serilog.extensions.logging\9.0.1\lib\net9.0\Serilog.Extensions.Logging.dll'
             C:\Users\chuck\.nuget\packages\serilog.sinks.file\6.0.0\lib\net8.0\Serilog.Sinks.File.dll
                 Private = 'false'
                 HintPath = 'C:\Users\chuck\.nuget\packages\serilog.sinks.file\6.0.0\lib\net8.0\Serilog.Sinks.File.dll'
             C:\Users\chuck\.nuget\packages\sharpziplib\1.4.2\lib\net6.0\ICSharpCode.SharpZipLib.dll
                 Private = 'false'
                 HintPath = 'C:\Users\chuck\.nuget\packages\sharpziplib\1.4.2\lib\net6.0\ICSharpCode.SharpZipLib.dll'
             C:\Users\chuck\.nuget\packages\spectre.console\0.54.0\lib\net10.0\Spectre.Console.dll
                 Private = 'false'
                 HintPath = 'C:\Users\chuck\.nuget\packages\spectre.console\0.54.0\lib\net10.0\Spectre.Console.dll'
             C:\Users\chuck\.nuget\packages\sqlitepclraw.bundle_e_sqlite3\2.1.10\lib\netstandard2.0\SQLitePCLRaw.batteries_v2.dll
                 Private = 'false'
                 HintPath = 'C:\Users\chuck\.nuget\packages\sqlitepclraw.bundle_e_sqlite3\2.1.10\lib\netstandard2.0\SQLitePCLRaw.batteries_v2.dll'
             C:\Users\chuck\.nuget\packages\sqlitepclraw.core\2.1.10\lib\netstandard2.0\SQLitePCLRaw.core.dll
                 Private = 'false'
                 HintPath = 'C:\Users\chuck\.nuget\packages\sqlitepclraw.core\2.1.10\lib\netstandard2.0\SQLitePCLRaw.core.dll'
             C:\Users\chuck\.nuget\packages\sqlitepclraw.provider.e_sqlite3\2.1.10\lib\net6.0\SQLitePCLRaw.provider.e_sqlite3.dll
                 Private = 'false'
                 HintPath = 'C:\Users\chuck\.nuget\packages\sqlitepclraw.provider.e_sqlite3\2.1.10\lib\net6.0\SQLitePCLRaw.provider.e_sqlite3.dll'
             C:\Users\chuck\.nuget\packages\ssh.net\2025.1.0\lib\net9.0\Renci.SshNet.dll
                 Private = 'false'
                 HintPath = 'C:\Users\chuck\.nuget\packages\ssh.net\2025.1.0\lib\net9.0\Renci.SshNet.dll'
             C:\Users\chuck\.nuget\packages\system.interactive.async\7.0.0\ref\net10.0\System.Interactive.Async.dll
                 Private = 'false'
                 HintPath = 'C:\Users\chuck\.nuget\packages\system.interactive.async\7.0.0\ref\net10.0\System.Interactive.Async.dll'
             C:\Users\chuck\.nuget\packages\system.linq.async\7.0.0\ref\net10.0\System.Linq.Async.dll
                 Private = 'false'
                 HintPath = 'C:\Users\chuck\.nuget\packages\system.linq.async\7.0.0\ref\net10.0\System.Linq.Async.dll'
             C:\Users\chuck\.nuget\packages\testcontainers\4.11.0\lib\net10.0\Testcontainers.dll
                 Private = 'false'
                 HintPath = 'C:\Users\chuck\.nuget\packages\testcontainers\4.11.0\lib\net10.0\Testcontainers.dll'
             C:\Users\chuck\.nuget\packages\testcontainers.mssql\4.11.0\lib\net10.0\Testcontainers.MsSql.dll
                 Private = 'false'
                 HintPath = 'C:\Users\chuck\.nuget\packages\testcontainers.mssql\4.11.0\lib\net10.0\Testcontainers.MsSql.dll'
             C:\Users\chuck\.nuget\packages\testcontainers.oracle\4.11.0\lib\net10.0\Testcontainers.Oracle.dll
                 Private = 'false'
                 HintPath = 'C:\Users\chuck\.nuget\packages\testcontainers.oracle\4.11.0\lib\net10.0\Testcontainers.Oracle.dll'
             C:\Users\chuck\.nuget\packages\testcontainers.postgresql\4.11.0\lib\net10.0\Testcontainers.PostgreSql.dll
                 Private = 'false'
                 HintPath = 'C:\Users\chuck\.nuget\packages\testcontainers.postgresql\4.11.0\lib\net10.0\Testcontainers.PostgreSql.dll'
             C:\Program Files\dotnet\packs\Microsoft.NETCore.App.Ref\10.0.5\ref/net10.0/Microsoft.CSharp.dll
                 Private = 'false'
             C:\Program Files\dotnet\packs\Microsoft.NETCore.App.Ref\10.0.5\ref/net10.0/Microsoft.VisualBasic.Core.dll
                 Private = 'false'
             C:\Program Files\dotnet\packs\Microsoft.NETCore.App.Ref\10.0.5\ref/net10.0/Microsoft.VisualBasic.dll
                 Private = 'false'
             C:\Program Files\dotnet\packs\Microsoft.NETCore.App.Ref\10.0.5\ref/net10.0/Microsoft.Win32.Primitives.dll
                 Private = 'false'
             C:\Program Files\dotnet\packs\Microsoft.NETCore.App.Ref\10.0.5\ref/net10.0/Microsoft.Win32.Registry.dll
                 Private = 'false'
             C:\Program Files\dotnet\packs\Microsoft.NETCore.App.Ref\10.0.5\ref/net10.0/System.AppContext.dll
                 Private = 'false'
             C:\Program Files\dotnet\packs\Microsoft.NETCore.App.Ref\10.0.5\ref/net10.0/System.Buffers.dll
                 Private = 'false'
             C:\Program Files\dotnet\packs\Microsoft.NETCore.App.Ref\10.0.5\ref/net10.0/System.Collections.Concurrent.dll
                 Private = 'false'
             C:\Program Files\dotnet\packs\Microsoft.NETCore.App.Ref\10.0.5\ref/net10.0/System.Collections.Immutable.dll
                 Private = 'false'
             C:\Program Files\dotnet\packs\Microsoft.NETCore.App.Ref\10.0.5\ref/net10.0/System.Collections.NonGeneric.dll
                 Private = 'false'
             C:\Program Files\dotnet\packs\Microsoft.NETCore.App.Ref\10.0.5\ref/net10.0/System.Collections.Specialized.dll
                 Private = 'false'
             C:\Program Files\dotnet\packs\Microsoft.NETCore.App.Ref\10.0.5\ref/net10.0/System.Collections.dll
                 Private = 'false'
             C:\Program Files\dotnet\packs\Microsoft.NETCore.App.Ref\10.0.5\ref/net10.0/System.ComponentModel.Annotations.dll
                 Private = 'false'
             C:\Program Files\dotnet\packs\Microsoft.NETCore.App.Ref\10.0.5\ref/net10.0/System.ComponentModel.DataAnnotations.dll
                 Private = 'false'
             C:\Program Files\dotnet\packs\Microsoft.NETCore.App.Ref\10.0.5\ref/net10.0/System.ComponentModel.EventBasedAsync.dll
                 Private = 'false'
             C:\Program Files\dotnet\packs\Microsoft.NETCore.App.Ref\10.0.5\ref/net10.0/System.ComponentModel.Primitives.dll
                 Private = 'false'
             C:\Program Files\dotnet\packs\Microsoft.NETCore.App.Ref\10.0.5\ref/net10.0/System.ComponentModel.TypeConverter.dll
                 Private = 'false'
             C:\Program Files\dotnet\packs\Microsoft.NETCore.App.Ref\10.0.5\ref/net10.0/System.ComponentModel.dll
                 Private = 'false'
             C:\Program Files\dotnet\packs\Microsoft.NETCore.App.Ref\10.0.5\ref/net10.0/System.Configuration.dll
                 Private = 'false'
             C:\Program Files\dotnet\packs\Microsoft.NETCore.App.Ref\10.0.5\ref/net10.0/System.Console.dll
                 Private = 'false'
             C:\Program Files\dotnet\packs\Microsoft.NETCore.App.Ref\10.0.5\ref/net10.0/System.Core.dll
                 Private = 'false'
             C:\Program Files\dotnet\packs\Microsoft.NETCore.App.Ref\10.0.5\ref/net10.0/System.Data.Common.dll
                 Private = 'false'
             C:\Program Files\dotnet\packs\Microsoft.NETCore.App.Ref\10.0.5\ref/net10.0/System.Data.DataSetExtensions.dll
                 Private = 'false'
             C:\Program Files\dotnet\packs\Microsoft.NETCore.App.Ref\10.0.5\ref/net10.0/System.Data.dll
                 Private = 'false'
             C:\Program Files\dotnet\packs\Microsoft.NETCore.App.Ref\10.0.5\ref/net10.0/System.Diagnostics.Contracts.dll
                 Private = 'false'
             C:\Program Files\dotnet\packs\Microsoft.NETCore.App.Ref\10.0.5\ref/net10.0/System.Diagnostics.Debug.dll
                 Private = 'false'
             C:\Program Files\dotnet\packs\Microsoft.NETCore.App.Ref\10.0.5\ref/net10.0/System.Diagnostics.DiagnosticSource.dll
                 Private = 'false'
             C:\Program Files\dotnet\packs\Microsoft.NETCore.App.Ref\10.0.5\ref/net10.0/System.Diagnostics.FileVersionInfo.dll
                 Private = 'false'
             C:\Program Files\dotnet\packs\Microsoft.NETCore.App.Ref\10.0.5\ref/net10.0/System.Diagnostics.Process.dll
                 Private = 'false'
             C:\Program Files\dotnet\packs\Microsoft.NETCore.App.Ref\10.0.5\ref/net10.0/System.Diagnostics.StackTrace.dll
                 Private = 'false'
             C:\Program Files\dotnet\packs\Microsoft.NETCore.App.Ref\10.0.5\ref/net10.0/System.Diagnostics.TextWriterTraceListener.dll
                 Private = 'false'
             C:\Program Files\dotnet\packs\Microsoft.NETCore.App.Ref\10.0.5\ref/net10.0/System.Diagnostics.Tools.dll
                 Private = 'false'
             C:\Program Files\dotnet\packs\Microsoft.NETCore.App.Ref\10.0.5\ref/net10.0/System.Diagnostics.TraceSource.dll
                 Private = 'false'
             C:\Program Files\dotnet\packs\Microsoft.NETCore.App.Ref\10.0.5\ref/net10.0/System.Diagnostics.Tracing.dll
                 Private = 'false'
             C:\Program Files\dotnet\packs\Microsoft.NETCore.App.Ref\10.0.5\ref/net10.0/System.Drawing.Primitives.dll
                 Private = 'false'
             C:\Program Files\dotnet\packs\Microsoft.NETCore.App.Ref\10.0.5\ref/net10.0/System.Drawing.dll
                 Private = 'false'
             C:\Program Files\dotnet\packs\Microsoft.NETCore.App.Ref\10.0.5\ref/net10.0/System.Dynamic.Runtime.dll
                 Private = 'false'
             C:\Program Files\dotnet\packs\Microsoft.NETCore.App.Ref\10.0.5\ref/net10.0/System.Formats.Asn1.dll
                 Private = 'false'
             C:\Program Files\dotnet\packs\Microsoft.NETCore.App.Ref\10.0.5\ref/net10.0/System.Formats.Tar.dll
                 Private = 'false'
             C:\Program Files\dotnet\packs\Microsoft.NETCore.App.Ref\10.0.5\ref/net10.0/System.Globalization.Calendars.dll
                 Private = 'false'
             C:\Program Files\dotnet\packs\Microsoft.NETCore.App.Ref\10.0.5\ref/net10.0/System.Globalization.Extensions.dll
                 Private = 'false'
             C:\Program Files\dotnet\packs\Microsoft.NETCore.App.Ref\10.0.5\ref/net10.0/System.Globalization.dll
                 Private = 'false'
             C:\Program Files\dotnet\packs\Microsoft.NETCore.App.Ref\10.0.5\ref/net10.0/System.IO.Compression.Brotli.dll
                 Private = 'false'
             C:\Program Files\dotnet\packs\Microsoft.NETCore.App.Ref\10.0.5\ref/net10.0/System.IO.Compression.FileSystem.dll
                 Private = 'false'
             C:\Program Files\dotnet\packs\Microsoft.NETCore.App.Ref\10.0.5\ref/net10.0/System.IO.Compression.ZipFile.dll
                 Private = 'false'
             C:\Program Files\dotnet\packs\Microsoft.NETCore.App.Ref\10.0.5\ref/net10.0/System.IO.Compression.dll
                 Private = 'false'
             C:\Program Files\dotnet\packs\Microsoft.NETCore.App.Ref\10.0.5\ref/net10.0/System.IO.FileSystem.AccessControl.dll
                 Private = 'false'
             C:\Program Files\dotnet\packs\Microsoft.NETCore.App.Ref\10.0.5\ref/net10.0/System.IO.FileSystem.DriveInfo.dll
                 Private = 'false'
             C:\Program Files\dotnet\packs\Microsoft.NETCore.App.Ref\10.0.5\ref/net10.0/System.IO.FileSystem.Primitives.dll
                 Private = 'false'
             C:\Program Files\dotnet\packs\Microsoft.NETCore.App.Ref\10.0.5\ref/net10.0/System.IO.FileSystem.Watcher.dll
                 Private = 'false'
             C:\Program Files\dotnet\packs\Microsoft.NETCore.App.Ref\10.0.5\ref/net10.0/System.IO.FileSystem.dll
                 Private = 'false'
             C:\Program Files\dotnet\packs\Microsoft.NETCore.App.Ref\10.0.5\ref/net10.0/System.IO.IsolatedStorage.dll
                 Private = 'false'
             C:\Program Files\dotnet\packs\Microsoft.NETCore.App.Ref\10.0.5\ref/net10.0/System.IO.MemoryMappedFiles.dll
                 Private = 'false'
             C:\Program Files\dotnet\packs\Microsoft.NETCore.App.Ref\10.0.5\ref/net10.0/System.IO.Pipelines.dll
                 Private = 'false'
             C:\Program Files\dotnet\packs\Microsoft.NETCore.App.Ref\10.0.5\ref/net10.0/System.IO.Pipes.AccessControl.dll
                 Private = 'false'
             C:\Program Files\dotnet\packs\Microsoft.NETCore.App.Ref\10.0.5\ref/net10.0/System.IO.Pipes.dll
                 Private = 'false'
             C:\Program Files\dotnet\packs\Microsoft.NETCore.App.Ref\10.0.5\ref/net10.0/System.IO.UnmanagedMemoryStream.dll
                 Private = 'false'
             C:\Program Files\dotnet\packs\Microsoft.NETCore.App.Ref\10.0.5\ref/net10.0/System.IO.dll
                 Private = 'false'
             C:\Program Files\dotnet\packs\Microsoft.NETCore.App.Ref\10.0.5\ref/net10.0/System.Linq.AsyncEnumerable.dll
                 Private = 'false'
             C:\Program Files\dotnet\packs\Microsoft.NETCore.App.Ref\10.0.5\ref/net10.0/System.Linq.Expressions.dll
                 Private = 'false'
             C:\Program Files\dotnet\packs\Microsoft.NETCore.App.Ref\10.0.5\ref/net10.0/System.Linq.Parallel.dll
                 Private = 'false'
             C:\Program Files\dotnet\packs\Microsoft.NETCore.App.Ref\10.0.5\ref/net10.0/System.Linq.Queryable.dll
                 Private = 'false'
             C:\Program Files\dotnet\packs\Microsoft.NETCore.App.Ref\10.0.5\ref/net10.0/System.Linq.dll
                 Private = 'false'
             C:\Program Files\dotnet\packs\Microsoft.NETCore.App.Ref\10.0.5\ref/net10.0/System.Memory.dll
                 Private = 'false'
             C:\Program Files\dotnet\packs\Microsoft.NETCore.App.Ref\10.0.5\ref/net10.0/System.Net.Http.Json.dll
                 Private = 'false'
             C:\Program Files\dotnet\packs\Microsoft.NETCore.App.Ref\10.0.5\ref/net10.0/System.Net.Http.dll
                 Private = 'false'
             C:\Program Files\dotnet\packs\Microsoft.NETCore.App.Ref\10.0.5\ref/net10.0/System.Net.HttpListener.dll
                 Private = 'false'
             C:\Program Files\dotnet\packs\Microsoft.NETCore.App.Ref\10.0.5\ref/net10.0/System.Net.Mail.dll
                 Private = 'false'
             C:\Program Files\dotnet\packs\Microsoft.NETCore.App.Ref\10.0.5\ref/net10.0/System.Net.NameResolution.dll
                 Private = 'false'
             C:\Program Files\dotnet\packs\Microsoft.NETCore.App.Ref\10.0.5\ref/net10.0/System.Net.NetworkInformation.dll
                 Private = 'false'
             C:\Program Files\dotnet\packs\Microsoft.NETCore.App.Ref\10.0.5\ref/net10.0/System.Net.Ping.dll
                 Private = 'false'
             C:\Program Files\dotnet\packs\Microsoft.NETCore.App.Ref\10.0.5\ref/net10.0/System.Net.Primitives.dll
                 Private = 'false'
             C:\Program Files\dotnet\packs\Microsoft.NETCore.App.Ref\10.0.5\ref/net10.0/System.Net.Quic.dll
                 Private = 'false'
             C:\Program Files\dotnet\packs\Microsoft.NETCore.App.Ref\10.0.5\ref/net10.0/System.Net.Requests.dll
                 Private = 'false'
             C:\Program Files\dotnet\packs\Microsoft.NETCore.App.Ref\10.0.5\ref/net10.0/System.Net.Security.dll
                 Private = 'false'
             C:\Program Files\dotnet\packs\Microsoft.NETCore.App.Ref\10.0.5\ref/net10.0/System.Net.ServerSentEvents.dll
                 Private = 'false'
             C:\Program Files\dotnet\packs\Microsoft.NETCore.App.Ref\10.0.5\ref/net10.0/System.Net.ServicePoint.dll
                 Private = 'false'
             C:\Program Files\dotnet\packs\Microsoft.NETCore.App.Ref\10.0.5\ref/net10.0/System.Net.Sockets.dll
                 Private = 'false'
             C:\Program Files\dotnet\packs\Microsoft.NETCore.App.Ref\10.0.5\ref/net10.0/System.Net.WebClient.dll
                 Private = 'false'
             C:\Program Files\dotnet\packs\Microsoft.NETCore.App.Ref\10.0.5\ref/net10.0/System.Net.WebHeaderCollection.dll
                 Private = 'false'
             C:\Program Files\dotnet\packs\Microsoft.NETCore.App.Ref\10.0.5\ref/net10.0/System.Net.WebProxy.dll
                 Private = 'false'
             C:\Program Files\dotnet\packs\Microsoft.NETCore.App.Ref\10.0.5\ref/net10.0/System.Net.WebSockets.Client.dll
                 Private = 'false'
             C:\Program Files\dotnet\packs\Microsoft.NETCore.App.Ref\10.0.5\ref/net10.0/System.Net.WebSockets.dll
                 Private = 'false'
             C:\Program Files\dotnet\packs\Microsoft.NETCore.App.Ref\10.0.5\ref/net10.0/System.Net.dll
                 Private = 'false'
             C:\Program Files\dotnet\packs\Microsoft.NETCore.App.Ref\10.0.5\ref/net10.0/System.Numerics.Vectors.dll
                 Private = 'false'
             C:\Program Files\dotnet\packs\Microsoft.NETCore.App.Ref\10.0.5\ref/net10.0/System.Numerics.dll
                 Private = 'false'
             C:\Program Files\dotnet\packs\Microsoft.NETCore.App.Ref\10.0.5\ref/net10.0/System.ObjectModel.dll
                 Private = 'false'
             C:\Program Files\dotnet\packs\Microsoft.NETCore.App.Ref\10.0.5\ref/net10.0/System.Reflection.DispatchProxy.dll
                 Private = 'false'
             C:\Program Files\dotnet\packs\Microsoft.NETCore.App.Ref\10.0.5\ref/net10.0/System.Reflection.Emit.ILGeneration.dll
                 Private = 'false'
             C:\Program Files\dotnet\packs\Microsoft.NETCore.App.Ref\10.0.5\ref/net10.0/System.Reflection.Emit.Lightweight.dll
                 Private = 'false'
             C:\Program Files\dotnet\packs\Microsoft.NETCore.App.Ref\10.0.5\ref/net10.0/System.Reflection.Emit.dll
                 Private = 'false'
             C:\Program Files\dotnet\packs\Microsoft.NETCore.App.Ref\10.0.5\ref/net10.0/System.Reflection.Extensions.dll
                 Private = 'false'
             C:\Program Files\dotnet\packs\Microsoft.NETCore.App.Ref\10.0.5\ref/net10.0/System.Reflection.Metadata.dll
                 Private = 'false'
             C:\Program Files\dotnet\packs\Microsoft.NETCore.App.Ref\10.0.5\ref/net10.0/System.Reflection.Primitives.dll
                 Private = 'false'
             C:\Program Files\dotnet\packs\Microsoft.NETCore.App.Ref\10.0.5\ref/net10.0/System.Reflection.TypeExtensions.dll
                 Private = 'false'
             C:\Program Files\dotnet\packs\Microsoft.NETCore.App.Ref\10.0.5\ref/net10.0/System.Reflection.dll
                 Private = 'false'
             C:\Program Files\dotnet\packs\Microsoft.NETCore.App.Ref\10.0.5\ref/net10.0/System.Resources.Reader.dll
                 Private = 'false'
             C:\Program Files\dotnet\packs\Microsoft.NETCore.App.Ref\10.0.5\ref/net10.0/System.Resources.ResourceManager.dll
                 Private = 'false'
             C:\Program Files\dotnet\packs\Microsoft.NETCore.App.Ref\10.0.5\ref/net10.0/System.Resources.Writer.dll
                 Private = 'false'
             C:\Program Files\dotnet\packs\Microsoft.NETCore.App.Ref\10.0.5\ref/net10.0/System.Runtime.CompilerServices.Unsafe.dll
                 Private = 'false'
             C:\Program Files\dotnet\packs\Microsoft.NETCore.App.Ref\10.0.5\ref/net10.0/System.Runtime.CompilerServices.VisualC.dll
                 Private = 'false'
             C:\Program Files\dotnet\packs\Microsoft.NETCore.App.Ref\10.0.5\ref/net10.0/System.Runtime.Extensions.dll
                 Private = 'false'
             C:\Program Files\dotnet\packs\Microsoft.NETCore.App.Ref\10.0.5\ref/net10.0/System.Runtime.Handles.dll
                 Private = 'false'
             C:\Program Files\dotnet\packs\Microsoft.NETCore.App.Ref\10.0.5\ref/net10.0/System.Runtime.InteropServices.JavaScript.dll
                 Private = 'false'
             C:\Program Files\dotnet\packs\Microsoft.NETCore.App.Ref\10.0.5\ref/net10.0/System.Runtime.InteropServices.RuntimeInformation.dll
                 Private = 'false'
             C:\Program Files\dotnet\packs\Microsoft.NETCore.App.Ref\10.0.5\ref/net10.0/System.Runtime.InteropServices.dll
                 Private = 'false'
             C:\Program Files\dotnet\packs\Microsoft.NETCore.App.Ref\10.0.5\ref/net10.0/System.Runtime.Intrinsics.dll
                 Private = 'false'
             C:\Program Files\dotnet\packs\Microsoft.NETCore.App.Ref\10.0.5\ref/net10.0/System.Runtime.Loader.dll
                 Private = 'false'
             C:\Program Files\dotnet\packs\Microsoft.NETCore.App.Ref\10.0.5\ref/net10.0/System.Runtime.Numerics.dll
                 Private = 'false'
             C:\Program Files\dotnet\packs\Microsoft.NETCore.App.Ref\10.0.5\ref/net10.0/System.Runtime.Serialization.Formatters.dll
                 Private = 'false'
             C:\Program Files\dotnet\packs\Microsoft.NETCore.App.Ref\10.0.5\ref/net10.0/System.Runtime.Serialization.Json.dll
                 Private = 'false'
             C:\Program Files\dotnet\packs\Microsoft.NETCore.App.Ref\10.0.5\ref/net10.0/System.Runtime.Serialization.Primitives.dll
                 Private = 'false'
             C:\Program Files\dotnet\packs\Microsoft.NETCore.App.Ref\10.0.5\ref/net10.0/System.Runtime.Serialization.Xml.dll
                 Private = 'false'
             C:\Program Files\dotnet\packs\Microsoft.NETCore.App.Ref\10.0.5\ref/net10.0/System.Runtime.Serialization.dll
                 Private = 'false'
             C:\Program Files\dotnet\packs\Microsoft.NETCore.App.Ref\10.0.5\ref/net10.0/System.Runtime.dll
                 Private = 'false'
             C:\Program Files\dotnet\packs\Microsoft.NETCore.App.Ref\10.0.5\ref/net10.0/System.Security.AccessControl.dll
                 Private = 'false'
             C:\Program Files\dotnet\packs\Microsoft.NETCore.App.Ref\10.0.5\ref/net10.0/System.Security.Claims.dll
                 Private = 'false'
             C:\Program Files\dotnet\packs\Microsoft.NETCore.App.Ref\10.0.5\ref/net10.0/System.Security.Cryptography.Algorithms.dll
                 Private = 'false'
             C:\Program Files\dotnet\packs\Microsoft.NETCore.App.Ref\10.0.5\ref/net10.0/System.Security.Cryptography.Cng.dll
                 Private = 'false'
             C:\Program Files\dotnet\packs\Microsoft.NETCore.App.Ref\10.0.5\ref/net10.0/System.Security.Cryptography.Csp.dll
                 Private = 'false'
             C:\Program Files\dotnet\packs\Microsoft.NETCore.App.Ref\10.0.5\ref/net10.0/System.Security.Cryptography.Encoding.dll
                 Private = 'false'
             C:\Program Files\dotnet\packs\Microsoft.NETCore.App.Ref\10.0.5\ref/net10.0/System.Security.Cryptography.OpenSsl.dll
                 Private = 'false'
             C:\Program Files\dotnet\packs\Microsoft.NETCore.App.Ref\10.0.5\ref/net10.0/System.Security.Cryptography.Primitives.dll
                 Private = 'false'
             C:\Program Files\dotnet\packs\Microsoft.NETCore.App.Ref\10.0.5\ref/net10.0/System.Security.Cryptography.X509Certificates.dll
                 Private = 'false'
             C:\Program Files\dotnet\packs\Microsoft.NETCore.App.Ref\10.0.5\ref/net10.0/System.Security.Cryptography.dll
                 Private = 'false'
             C:\Program Files\dotnet\packs\Microsoft.NETCore.App.Ref\10.0.5\ref/net10.0/System.Security.Principal.Windows.dll
                 Private = 'false'
             C:\Program Files\dotnet\packs\Microsoft.NETCore.App.Ref\10.0.5\ref/net10.0/System.Security.Principal.dll
                 Private = 'false'
             C:\Program Files\dotnet\packs\Microsoft.NETCore.App.Ref\10.0.5\ref/net10.0/System.Security.SecureString.dll
                 Private = 'false'
             C:\Program Files\dotnet\packs\Microsoft.NETCore.App.Ref\10.0.5\ref/net10.0/System.Security.dll
                 Private = 'false'
             C:\Program Files\dotnet\packs\Microsoft.NETCore.App.Ref\10.0.5\ref/net10.0/System.ServiceModel.Web.dll
                 Private = 'false'
             C:\Program Files\dotnet\packs\Microsoft.NETCore.App.Ref\10.0.5\ref/net10.0/System.ServiceProcess.dll
                 Private = 'false'
             C:\Program Files\dotnet\packs\Microsoft.NETCore.App.Ref\10.0.5\ref/net10.0/System.Text.Encoding.CodePages.dll
                 Private = 'false'
             C:\Program Files\dotnet\packs\Microsoft.NETCore.App.Ref\10.0.5\ref/net10.0/System.Text.Encoding.Extensions.dll
                 Private = 'false'
             C:\Program Files\dotnet\packs\Microsoft.NETCore.App.Ref\10.0.5\ref/net10.0/System.Text.Encoding.dll
                 Private = 'false'
             C:\Program Files\dotnet\packs\Microsoft.NETCore.App.Ref\10.0.5\ref/net10.0/System.Text.Encodings.Web.dll
                 Private = 'false'
             C:\Program Files\dotnet\packs\Microsoft.NETCore.App.Ref\10.0.5\ref/net10.0/System.Text.Json.dll
                 Private = 'false'
             C:\Program Files\dotnet\packs\Microsoft.NETCore.App.Ref\10.0.5\ref/net10.0/System.Text.RegularExpressions.dll
                 Private = 'false'
             C:\Program Files\dotnet\packs\Microsoft.NETCore.App.Ref\10.0.5\ref/net10.0/System.Threading.AccessControl.dll
                 Private = 'false'
             C:\Program Files\dotnet\packs\Microsoft.NETCore.App.Ref\10.0.5\ref/net10.0/System.Threading.Channels.dll
                 Private = 'false'
             C:\Program Files\dotnet\packs\Microsoft.NETCore.App.Ref\10.0.5\ref/net10.0/System.Threading.Overlapped.dll
                 Private = 'false'
             C:\Program Files\dotnet\packs\Microsoft.NETCore.App.Ref\10.0.5\ref/net10.0/System.Threading.Tasks.Dataflow.dll
                 Private = 'false'
             C:\Program Files\dotnet\packs\Microsoft.NETCore.App.Ref\10.0.5\ref/net10.0/System.Threading.Tasks.Extensions.dll
                 Private = 'false'
             C:\Program Files\dotnet\packs\Microsoft.NETCore.App.Ref\10.0.5\ref/net10.0/System.Threading.Tasks.Parallel.dll
                 Private = 'false'
             C:\Program Files\dotnet\packs\Microsoft.NETCore.App.Ref\10.0.5\ref/net10.0/System.Threading.Tasks.dll
                 Private = 'false'
             C:\Program Files\dotnet\packs\Microsoft.NETCore.App.Ref\10.0.5\ref/net10.0/System.Threading.Thread.dll
                 Private = 'false'
             C:\Program Files\dotnet\packs\Microsoft.NETCore.App.Ref\10.0.5\ref/net10.0/System.Threading.ThreadPool.dll
                 Private = 'false'
             C:\Program Files\dotnet\packs\Microsoft.NETCore.App.Ref\10.0.5\ref/net10.0/System.Threading.Timer.dll
                 Private = 'false'
             C:\Program Files\dotnet\packs\Microsoft.NETCore.App.Ref\10.0.5\ref/net10.0/System.Threading.dll
                 Private = 'false'
             C:\Program Files\dotnet\packs\Microsoft.NETCore.App.Ref\10.0.5\ref/net10.0/System.Transactions.Local.dll
                 Private = 'false'
             C:\Program Files\dotnet\packs\Microsoft.NETCore.App.Ref\10.0.5\ref/net10.0/System.Transactions.dll
                 Private = 'false'
             C:\Program Files\dotnet\packs\Microsoft.NETCore.App.Ref\10.0.5\ref/net10.0/System.ValueTuple.dll
                 Private = 'false'
             C:\Program Files\dotnet\packs\Microsoft.NETCore.App.Ref\10.0.5\ref/net10.0/System.Web.HttpUtility.dll
                 Private = 'false'
             C:\Program Files\dotnet\packs\Microsoft.NETCore.App.Ref\10.0.5\ref/net10.0/System.Web.dll
                 Private = 'false'
             C:\Program Files\dotnet\packs\Microsoft.NETCore.App.Ref\10.0.5\ref/net10.0/System.Windows.dll
                 Private = 'false'
             C:\Program Files\dotnet\packs\Microsoft.NETCore.App.Ref\10.0.5\ref/net10.0/System.Xml.Linq.dll
                 Private = 'false'
             C:\Program Files\dotnet\packs\Microsoft.NETCore.App.Ref\10.0.5\ref/net10.0/System.Xml.ReaderWriter.dll
                 Private = 'false'
             C:\Program Files\dotnet\packs\Microsoft.NETCore.App.Ref\10.0.5\ref/net10.0/System.Xml.Serialization.dll
                 Private = 'false'
             C:\Program Files\dotnet\packs\Microsoft.NETCore.App.Ref\10.0.5\ref/net10.0/System.Xml.XDocument.dll
                 Private = 'false'
             C:\Program Files\dotnet\packs\Microsoft.NETCore.App.Ref\10.0.5\ref/net10.0/System.Xml.XPath.XDocument.dll
                 Private = 'false'
             C:\Program Files\dotnet\packs\Microsoft.NETCore.App.Ref\10.0.5\ref/net10.0/System.Xml.XPath.dll
                 Private = 'false'
             C:\Program Files\dotnet\packs\Microsoft.NETCore.App.Ref\10.0.5\ref/net10.0/System.Xml.XmlDocument.dll
                 Private = 'false'
             C:\Program Files\dotnet\packs\Microsoft.NETCore.App.Ref\10.0.5\ref/net10.0/System.Xml.XmlSerializer.dll
                 Private = 'false'
             C:\Program Files\dotnet\packs\Microsoft.NETCore.App.Ref\10.0.5\ref/net10.0/System.Xml.dll
                 Private = 'false'
             C:\Program Files\dotnet\packs\Microsoft.NETCore.App.Ref\10.0.5\ref/net10.0/System.dll
                 Private = 'false'
             C:\Program Files\dotnet\packs\Microsoft.NETCore.App.Ref\10.0.5\ref/net10.0/WindowsBase.dll
                 Private = 'false'
             C:\Program Files\dotnet\packs\Microsoft.NETCore.App.Ref\10.0.5\ref/net10.0/mscorlib.dll
                 Private = 'false'
             C:\Program Files\dotnet\packs\Microsoft.NETCore.App.Ref\10.0.5\ref/net10.0/netstandard.dll
                 Private = 'false'
         AssemblyFiles:
             C:\Users\chuck\scratch\ETL-SQL\src\ETL-SQL.Core\bin\Debug\net10.0\ETL-SQL.Core.dll
         CandidateAssemblyFiles:
         TargetFrameworkDirectories:
             
         NonCultureResourceDirectories:
             
         InstalledAssemblyTables:
         IgnoreInstalledAssemblyTable:
             False
         SearchPaths:
             {CandidateAssemblyFiles}
             {HintPathFromItem}
             {TargetFrameworkDirectory}
             {RawFileName}
         AllowedAssemblyExtensions:
             .winmd
             .dll
             .exe
         AllowedRelatedFileExtensions:
             .pdb
             .xml
             .pri
             .dll.config
             .exe.config
         AppConfigFile:
             
         AutoUnify:
             True
         EnableCustomCulture:
             False
         EnableCustomCulture:
             False
         CopyLocalDependenciesWhenParentReferenceInGac:
             True
         FindDependencies:
             True
         TargetProcessorArchitecture:
             msil
         StateFile:
             obj\Debug\net10.0\ETL-SQL.Engine.csproj.AssemblyReference.cache
         InstalledAssemblySubsetTables:
         IgnoreInstalledAssemblySubsetTable:
             False
         TargetFrameworkSubsets:
         FullTargetFrameworkSubsetNames:
             Full
         ProfileName:
             
         FullFrameworkFolders:
         LatestTargetFrameworkDirectories:
         ProfileTablesLocation:
         Primary reference "ETL-SQL.Core, Version=1.0.0.0, Culture=neutral, PublicKeyToken=null".
             Resolved file path is "C:\Users\chuck\scratch\ETL-SQL\src\ETL-SQL.Core\bin\Debug\net10.0\ETL-SQL.Core.dll".
             Reference found at search path location "C:\Users\chuck\scratch\ETL-SQL\src\ETL-SQL.Core\bin\Debug\net10.0\ETL-SQL.Core.dll".
             Found related file "C:\Users\chuck\scratch\ETL-SQL\src\ETL-SQL.Core\bin\Debug\net10.0\ETL-SQL.Core.pdb".
         Primary reference "BouncyCastle.Cryptography, Version=2.0.0.0, Culture=neutral, PublicKeyToken=072edcf4a5328938".
             Resolved file path is "C:\Users\chuck\.nuget\packages\bouncycastle.cryptography\2.6.2\lib\net6.0\BouncyCastle.Cryptography.dll".
             Reference found at search path location "{HintPathFromItem}".
             This reference is not "CopyLocal" because at least one source item had "Private" set to "false" and no source items had "Private" set to "true".
         Primary reference "Docker.DotNet, Version=3.131.0.0, Culture=neutral, PublicKeyToken=e628c633e2cf4146".
             Resolved file path is "C:\Users\chuck\.nuget\packages\docker.dotnet.enhanced\3.131.1\lib\net10.0\Docker.DotNet.dll".
             Reference found at search path location "{HintPathFromItem}".
             This reference is not "CopyLocal" because at least one source item had "Private" set to "false" and no source items had "Private" set to "true".
         Primary reference "Docker.DotNet.X509, Version=3.131.0.0, Culture=neutral, PublicKeyToken=e628c633e2cf4146".
             Resolved file path is "C:\Users\chuck\.nuget\packages\docker.dotnet.enhanced.x509\3.131.1\lib\net10.0\Docker.DotNet.X509.dll".
             Reference found at search path location "{HintPathFromItem}".
             This reference is not "CopyLocal" because at least one source item had "Private" set to "false" and no source items had "Private" set to "true".
         Primary reference "Microsoft.Data.Sqlite, Version=9.0.2.0, Culture=neutral, PublicKeyToken=adb9793829ddae60".
             Resolved file path is "C:\Users\chuck\.nuget\packages\microsoft.data.sqlite.core\9.0.2\lib\net8.0\Microsoft.Data.Sqlite.dll".
             Reference found at search path location "{HintPathFromItem}".
             This reference is not "CopyLocal" because at least one source item had "Private" set to "false" and no source items had "Private" set to "true".
         Primary reference "Microsoft.Extensions.DependencyInjection, Version=10.0.0.0, Culture=neutral, PublicKeyToken=adb9793829ddae60".
             Resolved file path is "C:\Users\chuck\.nuget\packages\microsoft.extensions.dependencyinjection\10.0.5\lib\net10.0\Microsoft.Extensions.DependencyInjection.dll".
             Reference found at search path location "{HintPathFromItem}".
             This reference is not "CopyLocal" because at least one source item had "Private" set to "false" and no source items had "Private" set to "true".
         Primary reference "Microsoft.Extensions.DependencyInjection.Abstractions, Version=10.0.0.0, Culture=neutral, PublicKeyToken=adb9793829ddae60".
             Resolved file path is "C:\Users\chuck\.nuget\packages\microsoft.extensions.dependencyinjection.abstractions\10.0.5\lib\net10.0\Microsoft.Extensions.DependencyInjection.Abstractions.dll".
             Reference found at search path location "{HintPathFromItem}".
             This reference is not "CopyLocal" because at least one source item had "Private" set to "false" and no source items had "Private" set to "true".
         Primary reference "Microsoft.Extensions.Logging, Version=10.0.0.0, Culture=neutral, PublicKeyToken=adb9793829ddae60".
             Resolved file path is "C:\Users\chuck\.nuget\packages\microsoft.extensions.logging\10.0.0-preview.1.25080.5\lib\net10.0\Microsoft.Extensions.Logging.dll".
             Reference found at search path location "{HintPathFromItem}".
             This reference is not "CopyLocal" because at least one source item had "Private" set to "false" and no source items had "Private" set to "true".
         Primary reference "Microsoft.Extensions.Logging.Abstractions, Version=10.0.0.0, Culture=neutral, PublicKeyToken=adb9793829ddae60".
             Resolved file path is "C:\Users\chuck\.nuget\packages\microsoft.extensions.logging.abstractions\10.0.0-preview.1.25080.5\lib\net10.0\Microsoft.Extensions.Logging.Abstractions.dll".
             Reference found at search path location "{HintPathFromItem}".
             This reference is not "CopyLocal" because at least one source item had "Private" set to "false" and no source items had "Private" set to "true".
         Primary reference "Microsoft.Extensions.Options, Version=10.0.0.0, Culture=neutral, PublicKeyToken=adb9793829ddae60".
             Resolved file path is "C:\Users\chuck\.nuget\packages\microsoft.extensions.options\10.0.0-preview.1.25080.5\lib\net10.0\Microsoft.Extensions.Options.dll".
             Reference found at search path location "{HintPathFromItem}".
             This reference is not "CopyLocal" because at least one source item had "Private" set to "false" and no source items had "Private" set to "true".
         Primary reference "Microsoft.Extensions.Primitives, Version=10.0.0.0, Culture=neutral, PublicKeyToken=adb9793829ddae60".
             Resolved file path is "C:\Users\chuck\.nuget\packages\microsoft.extensions.primitives\10.0.0-preview.1.25080.5\lib\net10.0\Microsoft.Extensions.Primitives.dll".
             Reference found at search path location "{HintPathFromItem}".
             This reference is not "CopyLocal" because at least one source item had "Private" set to "false" and no source items had "Private" set to "true".
         Primary reference "Serilog, Version=4.2.0.0, Culture=neutral, PublicKeyToken=24c2f752a8e58a10".
             Resolved file path is "C:\Users\chuck\.nuget\packages\serilog\4.2.0\lib\net9.0\Serilog.dll".
             Reference found at search path location "{HintPathFromItem}".
             This reference is not "CopyLocal" because at least one source item had "Private" set to "false" and no source items had "Private" set to "true".
         Primary reference "Serilog.Extensions.Logging, Version=9.0.1.0, Culture=neutral, PublicKeyToken=24c2f752a8e58a10".
             Resolved file path is "C:\Users\chuck\.nuget\packages\serilog.extensions.logging\9.0.1\lib\net9.0\Serilog.Extensions.Logging.dll".
             Reference found at search path location "{HintPathFromItem}".
             This reference is not "CopyLocal" because at least one source item had "Private" set to "false" and no source items had "Private" set to "true".
         Primary reference "Serilog.Sinks.File, Version=6.0.0.0, Culture=neutral, PublicKeyToken=24c2f752a8e58a10".
             Resolved file path is "C:\Users\chuck\.nuget\packages\serilog.sinks.file\6.0.0\lib\net8.0\Serilog.Sinks.File.dll".
             Reference found at search path location "{HintPathFromItem}".
             This reference is not "CopyLocal" because at least one source item had "Private" set to "false" and no source items had "Private" set to "true".
         Primary reference "ICSharpCode.SharpZipLib, Version=1.4.2.13, Culture=neutral, PublicKeyToken=1b03e6acf1164f73".
             Resolved file path is "C:\Users\chuck\.nuget\packages\sharpziplib\1.4.2\lib\net6.0\ICSharpCode.SharpZipLib.dll".
             Reference found at search path location "{HintPathFromItem}".
             This reference is not "CopyLocal" because at least one source item had "Private" set to "false" and no source items had "Private" set to "true".
         Primary reference "Spectre.Console, Version=0.0.0.0, Culture=neutral, PublicKeyToken=170fe27f8af98a30".
             Resolved file path is "C:\Users\chuck\.nuget\packages\spectre.console\0.54.0\lib\net10.0\Spectre.Console.dll".
             Reference found at search path location "{HintPathFromItem}".
             This reference is not "CopyLocal" because at least one source item had "Private" set to "false" and no source items had "Private" set to "true".
         Primary reference "SQLitePCLRaw.batteries_v2, Version=2.1.10.2445, Culture=neutral, PublicKeyToken=8226ea5df37bcae9".
             Resolved file path is "C:\Users\chuck\.nuget\packages\sqlitepclraw.bundle_e_sqlite3\2.1.10\lib\netstandard2.0\SQLitePCLRaw.batteries_v2.dll".
             Reference found at search path location "{HintPathFromItem}".
             This reference is not "CopyLocal" because at least one source item had "Private" set to "false" and no source items had "Private" set to "true".
         Primary reference "SQLitePCLRaw.core, Version=2.1.10.2445, Culture=neutral, PublicKeyToken=1488e028ca7ab535".
             Resolved file path is "C:\Users\chuck\.nuget\packages\sqlitepclraw.core\2.1.10\lib\netstandard2.0\SQLitePCLRaw.core.dll".
             Reference found at search path location "{HintPathFromItem}".
             This reference is not "CopyLocal" because at least one source item had "Private" set to "false" and no source items had "Private" set to "true".
         Primary reference "SQLitePCLRaw.provider.e_sqlite3, Version=2.1.10.2445, Culture=neutral, PublicKeyToken=9c301db686d0bd12".
             Resolved file path is "C:\Users\chuck\.nuget\packages\sqlitepclraw.provider.e_sqlite3\2.1.10\lib\net6.0\SQLitePCLRaw.provider.e_sqlite3.dll".
             Reference found at search path location "{HintPathFromItem}".
             This reference is not "CopyLocal" because at least one source item had "Private" set to "false" and no source items had "Private" set to "true".
         Primary reference "Renci.SshNet, Version=2025.1.0.1, Culture=neutral, PublicKeyToken=1cee9f8bde3db106".
             Resolved file path is "C:\Users\chuck\.nuget\packages\ssh.net\2025.1.0\lib\net9.0\Renci.SshNet.dll".
             Reference found at search path location "{HintPathFromItem}".
             This reference is not "CopyLocal" because at least one source item had "Private" set to "false" and no source items had "Private" set to "true".
         Primary reference "System.Interactive.Async, Version=7.0.0.0, Culture=neutral, PublicKeyToken=94bc3704cddfc263".
             Resolved file path is "C:\Users\chuck\.nuget\packages\system.interactive.async\7.0.0\ref\net10.0\System.Interactive.Async.dll".
             Reference found at search path location "{HintPathFromItem}".
             This reference is not "CopyLocal" because at least one source item had "Private" set to "false" and no source items had "Private" set to "true".
         Primary reference "System.Linq.Async, Version=7.0.0.0, Culture=neutral, PublicKeyToken=94bc3704cddfc263".
             Resolved file path is "C:\Users\chuck\.nuget\packages\system.linq.async\7.0.0\ref\net10.0\System.Linq.Async.dll".
             Reference found at search path location "{HintPathFromItem}".
             This reference is not "CopyLocal" because at least one source item had "Private" set to "false" and no source items had "Private" set to "true".
         Primary reference "Testcontainers, Version=4.11.0.0, Culture=neutral, PublicKeyToken=e4b565b6322a8e33".
             Resolved file path is "C:\Users\chuck\.nuget\packages\testcontainers\4.11.0\lib\net10.0\Testcontainers.dll".
             Reference found at search path location "{HintPathFromItem}".
             This reference is not "CopyLocal" because at least one source item had "Private" set to "false" and no source items had "Private" set to "true".
         Primary reference "Testcontainers.MsSql, Version=4.11.0.0, Culture=neutral, PublicKeyToken=e4b565b6322a8e33".
             Resolved file path is "C:\Users\chuck\.nuget\packages\testcontainers.mssql\4.11.0\lib\net10.0\Testcontainers.MsSql.dll".
             Reference found at search path location "{HintPathFromItem}".
             This reference is not "CopyLocal" because at least one source item had "Private" set to "false" and no source items had "Private" set to "true".
         Primary reference "Testcontainers.Oracle, Version=4.11.0.0, Culture=neutral, PublicKeyToken=e4b565b6322a8e33".
             Resolved file path is "C:\Users\chuck\.nuget\packages\testcontainers.oracle\4.11.0\lib\net10.0\Testcontainers.Oracle.dll".
             Reference found at search path location "{HintPathFromItem}".
             This reference is not "CopyLocal" because at least one source item had "Private" set to "false" and no source items had "Private" set to "true".
         Primary reference "Testcontainers.PostgreSql, Version=4.11.0.0, Culture=neutral, PublicKeyToken=e4b565b6322a8e33".
             Resolved file path is "C:\Users\chuck\.nuget\packages\testcontainers.postgresql\4.11.0\lib\net10.0\Testcontainers.PostgreSql.dll".
             Reference found at search path location "{HintPathFromItem}".
             This reference is not "CopyLocal" because at least one source item had "Private" set to "false" and no source items had "Private" set to "true".
         Primary reference "Microsoft.CSharp, Version=10.0.0.0, Culture=neutral, PublicKeyToken=b03f5f7f11d50a3a".
             Resolved file path is "C:\Program Files\dotnet\packs\Microsoft.NETCore.App.Ref\10.0.5\ref\net10.0\Microsoft.CSharp.dll".
             Reference found at search path location "{RawFileName}".
             This reference is not "CopyLocal" because at least one source item had "Private" set to "false" and no source items had "Private" set to "true".
         Primary reference "Microsoft.VisualBasic.Core, Version=15.0.0.0, Culture=neutral, PublicKeyToken=b03f5f7f11d50a3a".
             Resolved file path is "C:\Program Files\dotnet\packs\Microsoft.NETCore.App.Ref\10.0.5\ref\net10.0\Microsoft.VisualBasic.Core.dll".
             Reference found at search path location "{RawFileName}".
             This reference is not "CopyLocal" because at least one source item had "Private" set to "false" and no source items had "Private" set to "true".
         Primary reference "Microsoft.VisualBasic, Version=10.0.0.0, Culture=neutral, PublicKeyToken=b03f5f7f11d50a3a".
             Resolved file path is "C:\Program Files\dotnet\packs\Microsoft.NETCore.App.Ref\10.0.5\ref\net10.0\Microsoft.VisualBasic.dll".
             Reference found at search path location "{RawFileName}".
             This reference is not "CopyLocal" because at least one source item had "Private" set to "false" and no source items had "Private" set to "true".
         Primary reference "Microsoft.Win32.Primitives, Version=10.0.0.0, Culture=neutral, PublicKeyToken=b03f5f7f11d50a3a".
             Resolved file path is "C:\Program Files\dotnet\packs\Microsoft.NETCore.App.Ref\10.0.5\ref\net10.0\Microsoft.Win32.Primitives.dll".
             Reference found at search path location "{RawFileName}".
             This reference is not "CopyLocal" because at least one source item had "Private" set to "false" and no source items had "Private" set to "true".
         Primary reference "Microsoft.Win32.Registry, Version=10.0.0.0, Culture=neutral, PublicKeyToken=b03f5f7f11d50a3a".
             Resolved file path is "C:\Program Files\dotnet\packs\Microsoft.NETCore.App.Ref\10.0.5\ref\net10.0\Microsoft.Win32.Registry.dll".
             Reference found at search path location "{RawFileName}".
             This reference is not "CopyLocal" because at least one source item had "Private" set to "false" and no source items had "Private" set to "true".
         Primary reference "System.AppContext, Version=10.0.0.0, Culture=neutral, PublicKeyToken=b03f5f7f11d50a3a".
             Resolved file path is "C:\Program Files\dotnet\packs\Microsoft.NETCore.App.Ref\10.0.5\ref\net10.0\System.AppContext.dll".
             Reference found at search path location "{RawFileName}".
             This reference is not "CopyLocal" because at least one source item had "Private" set to "false" and no source items had "Private" set to "true".
         Primary reference "System.Buffers, Version=10.0.0.0, Culture=neutral, PublicKeyToken=cc7b13ffcd2ddd51".
             Resolved file path is "C:\Program Files\dotnet\packs\Microsoft.NETCore.App.Ref\10.0.5\ref\net10.0\System.Buffers.dll".
             Reference found at search path location "{RawFileName}".
             This reference is not "CopyLocal" because at least one source item had "Private" set to "false" and no source items had "Private" set to "true".
         Primary reference "System.Collections.Concurrent, Version=10.0.0.0, Culture=neutral, PublicKeyToken=b03f5f7f11d50a3a".
             Resolved file path is "C:\Program Files\dotnet\packs\Microsoft.NETCore.App.Ref\10.0.5\ref\net10.0\System.Collections.Concurrent.dll".
             Reference found at search path location "{RawFileName}".
             This reference is not "CopyLocal" because at least one source item had "Private" set to "false" and no source items had "Private" set to "true".
         Primary reference "System.Collections.Immutable, Version=10.0.0.0, Culture=neutral, PublicKeyToken=b03f5f7f11d50a3a".
             Resolved file path is "C:\Program Files\dotnet\packs\Microsoft.NETCore.App.Ref\10.0.5\ref\net10.0\System.Collections.Immutable.dll".
             Reference found at search path location "{RawFileName}".
             This reference is not "CopyLocal" because at least one source item had "Private" set to "false" and no source items had "Private" set to "true".
         Primary reference "System.Collections.NonGeneric, Version=10.0.0.0, Culture=neutral, PublicKeyToken=b03f5f7f11d50a3a".
             Resolved file path is "C:\Program Files\dotnet\packs\Microsoft.NETCore.App.Ref\10.0.5\ref\net10.0\System.Collections.NonGeneric.dll".
             Reference found at search path location "{RawFileName}".
             This reference is not "CopyLocal" because at least one source item had "Private" set to "false" and no source items had "Private" set to "true".
         Primary reference "System.Collections.Specialized, Version=10.0.0.0, Culture=neutral, PublicKeyToken=b03f5f7f11d50a3a".
             Resolved file path is "C:\Program Files\dotnet\packs\Microsoft.NETCore.App.Ref\10.0.5\ref\net10.0\System.Collections.Specialized.dll".
             Reference found at search path location "{RawFileName}".
             This reference is not "CopyLocal" because at least one source item had "Private" set to "false" and no source items had "Private" set to "true".
         Primary reference "System.Collections, Version=10.0.0.0, Culture=neutral, PublicKeyToken=b03f5f7f11d50a3a".
             Resolved file path is "C:\Program Files\dotnet\packs\Microsoft.NETCore.App.Ref\10.0.5\ref\net10.0\System.Collections.dll".
             Reference found at search path location "{RawFileName}".
             This reference is not "CopyLocal" because at least one source item had "Private" set to "false" and no source items had "Private" set to "true".
         Primary reference "System.ComponentModel.Annotations, Version=10.0.0.0, Culture=neutral, PublicKeyToken=b03f5f7f11d50a3a".
             Resolved file path is "C:\Program Files\dotnet\packs\Microsoft.NETCore.App.Ref\10.0.5\ref\net10.0\System.ComponentModel.Annotations.dll".
             Reference found at search path location "{RawFileName}".
             This reference is not "CopyLocal" because at least one source item had "Private" set to "false" and no source items had "Private" set to "true".
         Primary reference "System.ComponentModel.DataAnnotations, Version=4.0.0.0, Culture=neutral, PublicKeyToken=31bf3856ad364e35".
             Resolved file path is "C:\Program Files\dotnet\packs\Microsoft.NETCore.App.Ref\10.0.5\ref\net10.0\System.ComponentModel.DataAnnotations.dll".
             Reference found at search path location "{RawFileName}".
             This reference is not "CopyLocal" because at least one source item had "Private" set to "false" and no source items had "Private" set to "true".
         Primary reference "System.ComponentModel.EventBasedAsync, Version=10.0.0.0, Culture=neutral, PublicKeyToken=b03f5f7f11d50a3a".
             Resolved file path is "C:\Program Files\dotnet\packs\Microsoft.NETCore.App.Ref\10.0.5\ref\net10.0\System.ComponentModel.EventBasedAsync.dll".
             Reference found at search path location "{RawFileName}".
             This reference is not "CopyLocal" because at least one source item had "Private" set to "false" and no source items had "Private" set to "true".
         Primary reference "System.ComponentModel.Primitives, Version=10.0.0.0, Culture=neutral, PublicKeyToken=b03f5f7f11d50a3a".
             Resolved file path is "C:\Program Files\dotnet\packs\Microsoft.NETCore.App.Ref\10.0.5\ref\net10.0\System.ComponentModel.Primitives.dll".
             Reference found at search path location "{RawFileName}".
             This reference is not "CopyLocal" because at least one source item had "Private" set to "false" and no source items had "Private" set to "true".
         Primary reference "System.ComponentModel.TypeConverter, Version=10.0.0.0, Culture=neutral, PublicKeyToken=b03f5f7f11d50a3a".
             Resolved file path is "C:\Program Files\dotnet\packs\Microsoft.NETCore.App.Ref\10.0.5\ref\net10.0\System.ComponentModel.TypeConverter.dll".
             Reference found at search path location "{RawFileName}".
             This reference is not "CopyLocal" because at least one source item had "Private" set to "false" and no source items had "Private" set to "true".
         Primary reference "System.ComponentModel, Version=10.0.0.0, Culture=neutral, PublicKeyToken=b03f5f7f11d50a3a".
             Resolved file path is "C:\Program Files\dotnet\packs\Microsoft.NETCore.App.Ref\10.0.5\ref\net10.0\System.ComponentModel.dll".
             Reference found at search path location "{RawFileName}".
             This reference is not "CopyLocal" because at least one source item had "Private" set to "false" and no source items had "Private" set to "true".
         Primary reference "System.Configuration, Version=4.0.0.0, Culture=neutral, PublicKeyToken=b03f5f7f11d50a3a".
             Resolved file path is "C:\Program Files\dotnet\packs\Microsoft.NETCore.App.Ref\10.0.5\ref\net10.0\System.Configuration.dll".
             Reference found at search path location "{RawFileName}".
             This reference is not "CopyLocal" because at least one source item had "Private" set to "false" and no source items had "Private" set to "true".
         Primary reference "System.Console, Version=10.0.0.0, Culture=neutral, PublicKeyToken=b03f5f7f11d50a3a".
             Resolved file path is "C:\Program Files\dotnet\packs\Microsoft.NETCore.App.Ref\10.0.5\ref\net10.0\System.Console.dll".
             Reference found at search path location "{RawFileName}".
             This reference is not "CopyLocal" because at least one source item had "Private" set to "false" and no source items had "Private" set to "true".
         Primary reference "System.Core, Version=4.0.0.0, Culture=neutral, PublicKeyToken=b77a5c561934e089".
             Resolved file path is "C:\Program Files\dotnet\packs\Microsoft.NETCore.App.Ref\10.0.5\ref\net10.0\System.Core.dll".
             Reference found at search path location "{RawFileName}".
             This reference is not "CopyLocal" because at least one source item had "Private" set to "false" and no source items had "Private" set to "true".
         Primary reference "System.Data.Common, Version=10.0.0.0, Culture=neutral, PublicKeyToken=b03f5f7f11d50a3a".
             Resolved file path is "C:\Program Files\dotnet\packs\Microsoft.NETCore.App.Ref\10.0.5\ref\net10.0\System.Data.Common.dll".
             Reference found at search path location "{RawFileName}".
             This reference is not "CopyLocal" because at least one source item had "Private" set to "false" and no source items had "Private" set to "true".
         Primary reference "System.Data.DataSetExtensions, Version=10.0.0.0, Culture=neutral, PublicKeyToken=b77a5c561934e089".
             Resolved file path is "C:\Program Files\dotnet\packs\Microsoft.NETCore.App.Ref\10.0.5\ref\net10.0\System.Data.DataSetExtensions.dll".
             Reference found at search path location "{RawFileName}".
             This reference is not "CopyLocal" because at least one source item had "Private" set to "false" and no source items had "Private" set to "true".
         Primary reference "System.Data, Version=4.0.0.0, Culture=neutral, PublicKeyToken=b77a5c561934e089".
             Resolved file path is "C:\Program Files\dotnet\packs\Microsoft.NETCore.App.Ref\10.0.5\ref\net10.0\System.Data.dll".
             Reference found at search path location "{RawFileName}".
             This reference is not "CopyLocal" because at least one source item had "Private" set to "false" and no source items had "Private" set to "true".
         Primary reference "System.Diagnostics.Contracts, Version=10.0.0.0, Culture=neutral, PublicKeyToken=b03f5f7f11d50a3a".
             Resolved file path is "C:\Program Files\dotnet\packs\Microsoft.NETCore.App.Ref\10.0.5\ref\net10.0\System.Diagnostics.Contracts.dll".
             Reference found at search path location "{RawFileName}".
             This reference is not "CopyLocal" because at least one source item had "Private" set to "false" and no source items had "Private" set to "true".
         Primary reference "System.Diagnostics.Debug, Version=10.0.0.0, Culture=neutral, PublicKeyToken=b03f5f7f11d50a3a".
             Resolved file path is "C:\Program Files\dotnet\packs\Microsoft.NETCore.App.Ref\10.0.5\ref\net10.0\System.Diagnostics.Debug.dll".
             Reference found at search path location "{RawFileName}".
             This reference is not "CopyLocal" because at least one source item had "Private" set to "false" and no source items had "Private" set to "true".
         Primary reference "System.Diagnostics.DiagnosticSource, Version=10.0.0.0, Culture=neutral, PublicKeyToken=cc7b13ffcd2ddd51".
             Resolved file path is "C:\Program Files\dotnet\packs\Microsoft.NETCore.App.Ref\10.0.5\ref\net10.0\System.Diagnostics.DiagnosticSource.dll".
             Reference found at search path location "{RawFileName}".
             This reference is not "CopyLocal" because at least one source item had "Private" set to "false" and no source items had "Private" set to "true".
         Primary reference "System.Diagnostics.FileVersionInfo, Version=10.0.0.0, Culture=neutral, PublicKeyToken=b03f5f7f11d50a3a".
             Resolved file path is "C:\Program Files\dotnet\packs\Microsoft.NETCore.App.Ref\10.0.5\ref\net10.0\System.Diagnostics.FileVersionInfo.dll".
             Reference found at search path location "{RawFileName}".
             This reference is not "CopyLocal" because at least one source item had "Private" set to "false" and no source items had "Private" set to "true".
         Primary reference "System.Diagnostics.Process, Version=10.0.0.0, Culture=neutral, PublicKeyToken=b03f5f7f11d50a3a".
             Resolved file path is "C:\Program Files\dotnet\packs\Microsoft.NETCore.App.Ref\10.0.5\ref\net10.0\System.Diagnostics.Process.dll".
             Reference found at search path location "{RawFileName}".
             This reference is not "CopyLocal" because at least one source item had "Private" set to "false" and no source items had "Private" set to "true".
         Primary reference "System.Diagnostics.StackTrace, Version=10.0.0.0, Culture=neutral, PublicKeyToken=b03f5f7f11d50a3a".
             Resolved file path is "C:\Program Files\dotnet\packs\Microsoft.NETCore.App.Ref\10.0.5\ref\net10.0\System.Diagnostics.StackTrace.dll".
             Reference found at search path location "{RawFileName}".
             This reference is not "CopyLocal" because at least one source item had "Private" set to "false" and no source items had "Private" set to "true".
         Primary reference "System.Diagnostics.TextWriterTraceListener, Version=10.0.0.0, Culture=neutral, PublicKeyToken=b03f5f7f11d50a3a".
             Resolved file path is "C:\Program Files\dotnet\packs\Microsoft.NETCore.App.Ref\10.0.5\ref\net10.0\System.Diagnostics.TextWriterTraceListener.dll".
             Reference found at search path location "{RawFileName}".
             This reference is not "CopyLocal" because at least one source item had "Private" set to "false" and no source items had "Private" set to "true".
         Primary reference "System.Diagnostics.Tools, Version=10.0.0.0, Culture=neutral, PublicKeyToken=b03f5f7f11d50a3a".
             Resolved file path is "C:\Program Files\dotnet\packs\Microsoft.NETCore.App.Ref\10.0.5\ref\net10.0\System.Diagnostics.Tools.dll".
             Reference found at search path location "{RawFileName}".
             This reference is not "CopyLocal" because at least one source item had "Private" set to "false" and no source items had "Private" set to "true".
         Primary reference "System.Diagnostics.TraceSource, Version=10.0.0.0, Culture=neutral, PublicKeyToken=b03f5f7f11d50a3a".
             Resolved file path is "C:\Program Files\dotnet\packs\Microsoft.NETCore.App.Ref\10.0.5\ref\net10.0\System.Diagnostics.TraceSource.dll".
             Reference found at search path location "{RawFileName}".
             This reference is not "CopyLocal" because at least one source item had "Private" set to "false" and no source items had "Private" set to "true".
         Primary reference "System.Diagnostics.Tracing, Version=10.0.0.0, Culture=neutral, PublicKeyToken=b03f5f7f11d50a3a".
             Resolved file path is "C:\Program Files\dotnet\packs\Microsoft.NETCore.App.Ref\10.0.5\ref\net10.0\System.Diagnostics.Tracing.dll".
             Reference found at search path location "{RawFileName}".
             This reference is not "CopyLocal" because at least one source item had "Private" set to "false" and no source items had "Private" set to "true".
         Primary reference "System.Drawing.Primitives, Version=10.0.0.0, Culture=neutral, PublicKeyToken=b03f5f7f11d50a3a".
             Resolved file path is "C:\Program Files\dotnet\packs\Microsoft.NETCore.App.Ref\10.0.5\ref\net10.0\System.Drawing.Primitives.dll".
             Reference found at search path location "{RawFileName}".
             This reference is not "CopyLocal" because at least one source item had "Private" set to "false" and no source items had "Private" set to "true".
         Primary reference "System.Drawing, Version=4.0.0.0, Culture=neutral, PublicKeyToken=b03f5f7f11d50a3a".
             Resolved file path is "C:\Program Files\dotnet\packs\Microsoft.NETCore.App.Ref\10.0.5\ref\net10.0\System.Drawing.dll".
             Reference found at search path location "{RawFileName}".
             This reference is not "CopyLocal" because at least one source item had "Private" set to "false" and no source items had "Private" set to "true".
         Primary reference "System.Dynamic.Runtime, Version=10.0.0.0, Culture=neutral, PublicKeyToken=b03f5f7f11d50a3a".
             Resolved file path is "C:\Program Files\dotnet\packs\Microsoft.NETCore.App.Ref\10.0.5\ref\net10.0\System.Dynamic.Runtime.dll".
             Reference found at search path location "{RawFileName}".
             This reference is not "CopyLocal" because at least one source item had "Private" set to "false" and no source items had "Private" set to "true".
         Primary reference "System.Formats.Asn1, Version=10.0.0.0, Culture=neutral, PublicKeyToken=cc7b13ffcd2ddd51".
             Resolved file path is "C:\Program Files\dotnet\packs\Microsoft.NETCore.App.Ref\10.0.5\ref\net10.0\System.Formats.Asn1.dll".
             Reference found at search path location "{RawFileName}".
             This reference is not "CopyLocal" because at least one source item had "Private" set to "false" and no source items had "Private" set to "true".
         Primary reference "System.Formats.Tar, Version=10.0.0.0, Culture=neutral, PublicKeyToken=cc7b13ffcd2ddd51".
             Resolved file path is "C:\Program Files\dotnet\packs\Microsoft.NETCore.App.Ref\10.0.5\ref\net10.0\System.Formats.Tar.dll".
             Reference found at search path location "{RawFileName}".
             This reference is not "CopyLocal" because at least one source item had "Private" set to "false" and no source items had "Private" set to "true".
         Primary reference "System.Globalization.Calendars, Version=10.0.0.0, Culture=neutral, PublicKeyToken=b03f5f7f11d50a3a".
             Resolved file path is "C:\Program Files\dotnet\packs\Microsoft.NETCore.App.Ref\10.0.5\ref\net10.0\System.Globalization.Calendars.dll".
             Reference found at search path location "{RawFileName}".
             This reference is not "CopyLocal" because at least one source item had "Private" set to "false" and no source items had "Private" set to "true".
         Primary reference "System.Globalization.Extensions, Version=10.0.0.0, Culture=neutral, PublicKeyToken=b03f5f7f11d50a3a".
             Resolved file path is "C:\Program Files\dotnet\packs\Microsoft.NETCore.App.Ref\10.0.5\ref\net10.0\System.Globalization.Extensions.dll".
             Reference found at search path location "{RawFileName}".
             This reference is not "CopyLocal" because at least one source item had "Private" set to "false" and no source items had "Private" set to "true".
         Primary reference "System.Globalization, Version=10.0.0.0, Culture=neutral, PublicKeyToken=b03f5f7f11d50a3a".
             Resolved file path is "C:\Program Files\dotnet\packs\Microsoft.NETCore.App.Ref\10.0.5\ref\net10.0\System.Globalization.dll".
             Reference found at search path location "{RawFileName}".
             This reference is not "CopyLocal" because at least one source item had "Private" set to "false" and no source items had "Private" set to "true".
         Primary reference "System.IO.Compression.Brotli, Version=10.0.0.0, Culture=neutral, PublicKeyToken=b77a5c561934e089".
             Resolved file path is "C:\Program Files\dotnet\packs\Microsoft.NETCore.App.Ref\10.0.5\ref\net10.0\System.IO.Compression.Brotli.dll".
             Reference found at search path location "{RawFileName}".
             This reference is not "CopyLocal" because at least one source item had "Private" set to "false" and no source items had "Private" set to "true".
         Primary reference "System.IO.Compression.FileSystem, Version=4.0.0.0, Culture=neutral, PublicKeyToken=b77a5c561934e089".
             Resolved file path is "C:\Program Files\dotnet\packs\Microsoft.NETCore.App.Ref\10.0.5\ref\net10.0\System.IO.Compression.FileSystem.dll".
             Reference found at search path location "{RawFileName}".
             This reference is not "CopyLocal" because at least one source item had "Private" set to "false" and no source items had "Private" set to "true".
         Primary reference "System.IO.Compression.ZipFile, Version=10.0.0.0, Culture=neutral, PublicKeyToken=b77a5c561934e089".
             Resolved file path is "C:\Program Files\dotnet\packs\Microsoft.NETCore.App.Ref\10.0.5\ref\net10.0\System.IO.Compression.ZipFile.dll".
             Reference found at search path location "{RawFileName}".
             This reference is not "CopyLocal" because at least one source item had "Private" set to "false" and no source items had "Private" set to "true".
         Primary reference "System.IO.Compression, Version=10.0.0.0, Culture=neutral, PublicKeyToken=b77a5c561934e089".
             Resolved file path is "C:\Program Files\dotnet\packs\Microsoft.NETCore.App.Ref\10.0.5\ref\net10.0\System.IO.Compression.dll".
             Reference found at search path location "{RawFileName}".
             This reference is not "CopyLocal" because at least one source item had "Private" set to "false" and no source items had "Private" set to "true".
         Primary reference "System.IO.FileSystem.AccessControl, Version=10.0.0.0, Culture=neutral, PublicKeyToken=b03f5f7f11d50a3a".
             Resolved file path is "C:\Program Files\dotnet\packs\Microsoft.NETCore.App.Ref\10.0.5\ref\net10.0\System.IO.FileSystem.AccessControl.dll".
             Reference found at search path location "{RawFileName}".
             This reference is not "CopyLocal" because at least one source item had "Private" set to "false" and no source items had "Private" set to "true".
         Primary reference "System.IO.FileSystem.DriveInfo, Version=10.0.0.0, Culture=neutral, PublicKeyToken=b03f5f7f11d50a3a".
             Resolved file path is "C:\Program Files\dotnet\packs\Microsoft.NETCore.App.Ref\10.0.5\ref\net10.0\System.IO.FileSystem.DriveInfo.dll".
             Reference found at search path location "{RawFileName}".
             This reference is not "CopyLocal" because at least one source item had "Private" set to "false" and no source items had "Private" set to "true".
         Primary reference "System.IO.FileSystem.Primitives, Version=10.0.0.0, Culture=neutral, PublicKeyToken=b03f5f7f11d50a3a".
             Resolved file path is "C:\Program Files\dotnet\packs\Microsoft.NETCore.App.Ref\10.0.5\ref\net10.0\System.IO.FileSystem.Primitives.dll".
             Reference found at search path location "{RawFileName}".
             This reference is not "CopyLocal" because at least one source item had "Private" set to "false" and no source items had "Private" set to "true".
         Primary reference "System.IO.FileSystem.Watcher, Version=10.0.0.0, Culture=neutral, PublicKeyToken=b03f5f7f11d50a3a".
             Resolved file path is "C:\Program Files\dotnet\packs\Microsoft.NETCore.App.Ref\10.0.5\ref\net10.0\System.IO.FileSystem.Watcher.dll".
             Reference found at search path location "{RawFileName}".
             This reference is not "CopyLocal" because at least one source item had "Private" set to "false" and no source items had "Private" set to "true".
         Primary reference "System.IO.FileSystem, Version=10.0.0.0, Culture=neutral, PublicKeyToken=b03f5f7f11d50a3a".
             Resolved file path is "C:\Program Files\dotnet\packs\Microsoft.NETCore.App.Ref\10.0.5\ref\net10.0\System.IO.FileSystem.dll".
             Reference found at search path location "{RawFileName}".
             This reference is not "CopyLocal" because at least one source item had "Private" set to "false" and no source items had "Private" set to "true".
         Primary reference "System.IO.IsolatedStorage, Version=10.0.0.0, Culture=neutral, PublicKeyToken=b03f5f7f11d50a3a".
             Resolved file path is "C:\Program Files\dotnet\packs\Microsoft.NETCore.App.Ref\10.0.5\ref\net10.0\System.IO.IsolatedStorage.dll".
             Reference found at search path location "{RawFileName}".
             This reference is not "CopyLocal" because at least one source item had "Private" set to "false" and no source items had "Private" set to "true".
         Primary reference "System.IO.MemoryMappedFiles, Version=10.0.0.0, Culture=neutral, PublicKeyToken=b03f5f7f11d50a3a".
             Resolved file path is "C:\Program Files\dotnet\packs\Microsoft.NETCore.App.Ref\10.0.5\ref\net10.0\System.IO.MemoryMappedFiles.dll".
             Reference found at search path location "{RawFileName}".
             This reference is not "CopyLocal" because at least one source item had "Private" set to "false" and no source items had "Private" set to "true".
         Primary reference "System.IO.Pipelines, Version=10.0.0.0, Culture=neutral, PublicKeyToken=cc7b13ffcd2ddd51".
             Resolved file path is "C:\Program Files\dotnet\packs\Microsoft.NETCore.App.Ref\10.0.5\ref\net10.0\System.IO.Pipelines.dll".
             Reference found at search path location "{RawFileName}".
             This reference is not "CopyLocal" because at least one source item had "Private" set to "false" and no source items had "Private" set to "true".
         Primary reference "System.IO.Pipes.AccessControl, Version=10.0.0.0, Culture=neutral, PublicKeyToken=b03f5f7f11d50a3a".
             Resolved file path is "C:\Program Files\dotnet\packs\Microsoft.NETCore.App.Ref\10.0.5\ref\net10.0\System.IO.Pipes.AccessControl.dll".
             Reference found at search path location "{RawFileName}".
             This reference is not "CopyLocal" because at least one source item had "Private" set to "false" and no source items had "Private" set to "true".
         Primary reference "System.IO.Pipes, Version=10.0.0.0, Culture=neutral, PublicKeyToken=b03f5f7f11d50a3a".
             Resolved file path is "C:\Program Files\dotnet\packs\Microsoft.NETCore.App.Ref\10.0.5\ref\net10.0\System.IO.Pipes.dll".
             Reference found at search path location "{RawFileName}".
             This reference is not "CopyLocal" because at least one source item had "Private" set to "false" and no source items had "Private" set to "true".
         Primary reference "System.IO.UnmanagedMemoryStream, Version=10.0.0.0, Culture=neutral, PublicKeyToken=b03f5f7f11d50a3a".
             Resolved file path is "C:\Program Files\dotnet\packs\Microsoft.NETCore.App.Ref\10.0.5\ref\net10.0\System.IO.UnmanagedMemoryStream.dll".
             Reference found at search path location "{RawFileName}".
             This reference is not "CopyLocal" because at least one source item had "Private" set to "false" and no source items had "Private" set to "true".
         Primary reference "System.IO, Version=10.0.0.0, Culture=neutral, PublicKeyToken=b03f5f7f11d50a3a".
             Resolved file path is "C:\Program Files\dotnet\packs\Microsoft.NETCore.App.Ref\10.0.5\ref\net10.0\System.IO.dll".
             Reference found at search path location "{RawFileName}".
             This reference is not "CopyLocal" because at least one source item had "Private" set to "false" and no source items had "Private" set to "true".
         Primary reference "System.Linq.AsyncEnumerable, Version=10.0.0.0, Culture=neutral, PublicKeyToken=b03f5f7f11d50a3a".
             Resolved file path is "C:\Program Files\dotnet\packs\Microsoft.NETCore.App.Ref\10.0.5\ref\net10.0\System.Linq.AsyncEnumerable.dll".
             Reference found at search path location "{RawFileName}".
             This reference is not "CopyLocal" because at least one source item had "Private" set to "false" and no source items had "Private" set to "true".
         Primary reference "System.Linq.Expressions, Version=10.0.0.0, Culture=neutral, PublicKeyToken=b03f5f7f11d50a3a".
             Resolved file path is "C:\Program Files\dotnet\packs\Microsoft.NETCore.App.Ref\10.0.5\ref\net10.0\System.Linq.Expressions.dll".
             Reference found at search path location "{RawFileName}".
             This reference is not "CopyLocal" because at least one source item had "Private" set to "false" and no source items had "Private" set to "true".
         Primary reference "System.Linq.Parallel, Version=10.0.0.0, Culture=neutral, PublicKeyToken=b03f5f7f11d50a3a".
             Resolved file path is "C:\Program Files\dotnet\packs\Microsoft.NETCore.App.Ref\10.0.5\ref\net10.0\System.Linq.Parallel.dll".
             Reference found at search path location "{RawFileName}".
             This reference is not "CopyLocal" because at least one source item had "Private" set to "false" and no source items had "Private" set to "true".
         Primary reference "System.Linq.Queryable, Version=10.0.0.0, Culture=neutral, PublicKeyToken=b03f5f7f11d50a3a".
             Resolved file path is "C:\Program Files\dotnet\packs\Microsoft.NETCore.App.Ref\10.0.5\ref\net10.0\System.Linq.Queryable.dll".
             Reference found at search path location "{RawFileName}".
             This reference is not "CopyLocal" because at least one source item had "Private" set to "false" and no source items had "Private" set to "true".
         Primary reference "System.Linq, Version=10.0.0.0, Culture=neutral, PublicKeyToken=b03f5f7f11d50a3a".
             Resolved file path is "C:\Program Files\dotnet\packs\Microsoft.NETCore.App.Ref\10.0.5\ref\net10.0\System.Linq.dll".
             Reference found at search path location "{RawFileName}".
             This reference is not "CopyLocal" because at least one source item had "Private" set to "false" and no source items had "Private" set to "true".
         Primary reference "System.Memory, Version=10.0.0.0, Culture=neutral, PublicKeyToken=cc7b13ffcd2ddd51".
             Resolved file path is "C:\Program Files\dotnet\packs\Microsoft.NETCore.App.Ref\10.0.5\ref\net10.0\System.Memory.dll".
             Reference found at search path location "{RawFileName}".
             This reference is not "CopyLocal" because at least one source item had "Private" set to "false" and no source items had "Private" set to "true".
         Primary reference "System.Net.Http.Json, Version=10.0.0.0, Culture=neutral, PublicKeyToken=cc7b13ffcd2ddd51".
             Resolved file path is "C:\Program Files\dotnet\packs\Microsoft.NETCore.App.Ref\10.0.5\ref\net10.0\System.Net.Http.Json.dll".
             Reference found at search path location "{RawFileName}".
             This reference is not "CopyLocal" because at least one source item had "Private" set to "false" and no source items had "Private" set to "true".
         Primary reference "System.Net.Http, Version=10.0.0.0, Culture=neutral, PublicKeyToken=b03f5f7f11d50a3a".
             Resolved file path is "C:\Program Files\dotnet\packs\Microsoft.NETCore.App.Ref\10.0.5\ref\net10.0\System.Net.Http.dll".
             Reference found at search path location "{RawFileName}".
             This reference is not "CopyLocal" because at least one source item had "Private" set to "false" and no source items had "Private" set to "true".
         Primary reference "System.Net.HttpListener, Version=10.0.0.0, Culture=neutral, PublicKeyToken=cc7b13ffcd2ddd51".
             Resolved file path is "C:\Program Files\dotnet\packs\Microsoft.NETCore.App.Ref\10.0.5\ref\net10.0\System.Net.HttpListener.dll".
             Reference found at search path location "{RawFileName}".
             This reference is not "CopyLocal" because at least one source item had "Private" set to "false" and no source items had "Private" set to "true".
         Primary reference "System.Net.Mail, Version=10.0.0.0, Culture=neutral, PublicKeyToken=cc7b13ffcd2ddd51".
             Resolved file path is "C:\Program Files\dotnet\packs\Microsoft.NETCore.App.Ref\10.0.5\ref\net10.0\System.Net.Mail.dll".
             Reference found at search path location "{RawFileName}".
             This reference is not "CopyLocal" because at least one source item had "Private" set to "false" and no source items had "Private" set to "true".
         Primary reference "System.Net.NameResolution, Version=10.0.0.0, Culture=neutral, PublicKeyToken=b03f5f7f11d50a3a".
             Resolved file path is "C:\Program Files\dotnet\packs\Microsoft.NETCore.App.Ref\10.0.5\ref\net10.0\System.Net.NameResolution.dll".
             Reference found at search path location "{RawFileName}".
             This reference is not "CopyLocal" because at least one source item had "Private" set to "false" and no source items had "Private" set to "true".
         Primary reference "System.Net.NetworkInformation, Version=10.0.0.0, Culture=neutral, PublicKeyToken=b03f5f7f11d50a3a".
             Resolved file path is "C:\Program Files\dotnet\packs\Microsoft.NETCore.App.Ref\10.0.5\ref\net10.0\System.Net.NetworkInformation.dll".
             Reference found at search path location "{RawFileName}".
             This reference is not "CopyLocal" because at least one source item had "Private" set to "false" and no source items had "Private" set to "true".
         Primary reference "System.Net.Ping, Version=10.0.0.0, Culture=neutral, PublicKeyToken=b03f5f7f11d50a3a".
             Resolved file path is "C:\Program Files\dotnet\packs\Microsoft.NETCore.App.Ref\10.0.5\ref\net10.0\System.Net.Ping.dll".
             Reference found at search path location "{RawFileName}".
             This reference is not "CopyLocal" because at least one source item had "Private" set to "false" and no source items had "Private" set to "true".
         Primary reference "System.Net.Primitives, Version=10.0.0.0, Culture=neutral, PublicKeyToken=b03f5f7f11d50a3a".
             Resolved file path is "C:\Program Files\dotnet\packs\Microsoft.NETCore.App.Ref\10.0.5\ref\net10.0\System.Net.Primitives.dll".
             Reference found at search path location "{RawFileName}".
             This reference is not "CopyLocal" because at least one source item had "Private" set to "false" and no source items had "Private" set to "true".
         Primary reference "System.Net.Quic, Version=10.0.0.0, Culture=neutral, PublicKeyToken=b03f5f7f11d50a3a".
             Resolved file path is "C:\Program Files\dotnet\packs\Microsoft.NETCore.App.Ref\10.0.5\ref\net10.0\System.Net.Quic.dll".
             Reference found at search path location "{RawFileName}".
             This reference is not "CopyLocal" because at least one source item had "Private" set to "false" and no source items had "Private" set to "true".
         Primary reference "System.Net.Requests, Version=10.0.0.0, Culture=neutral, PublicKeyToken=b03f5f7f11d50a3a".
             Resolved file path is "C:\Program Files\dotnet\packs\Microsoft.NETCore.App.Ref\10.0.5\ref\net10.0\System.Net.Requests.dll".
             Reference found at search path location "{RawFileName}".
             This reference is not "CopyLocal" because at least one source item had "Private" set to "false" and no source items had "Private" set to "true".
         Primary reference "System.Net.Security, Version=10.0.0.0, Culture=neutral, PublicKeyToken=b03f5f7f11d50a3a".
             Resolved file path is "C:\Program Files\dotnet\packs\Microsoft.NETCore.App.Ref\10.0.5\ref\net10.0\System.Net.Security.dll".
             Reference found at search path location "{RawFileName}".
             This reference is not "CopyLocal" because at least one source item had "Private" set to "false" and no source items had "Private" set to "true".
         Primary reference "System.Net.ServerSentEvents, Version=10.0.0.0, Culture=neutral, PublicKeyToken=cc7b13ffcd2ddd51".
             Resolved file path is "C:\Program Files\dotnet\packs\Microsoft.NETCore.App.Ref\10.0.5\ref\net10.0\System.Net.ServerSentEvents.dll".
             Reference found at search path location "{RawFileName}".
             This reference is not "CopyLocal" because at least one source item had "Private" set to "false" and no source items had "Private" set to "true".
         Primary reference "System.Net.ServicePoint, Version=10.0.0.0, Culture=neutral, PublicKeyToken=cc7b13ffcd2ddd51".
             Resolved file path is "C:\Program Files\dotnet\packs\Microsoft.NETCore.App.Ref\10.0.5\ref\net10.0\System.Net.ServicePoint.dll".
             Reference found at search path location "{RawFileName}".
             This reference is not "CopyLocal" because at least one source item had "Private" set to "false" and no source items had "Private" set to "true".
         Primary reference "System.Net.Sockets, Version=10.0.0.0, Culture=neutral, PublicKeyToken=b03f5f7f11d50a3a".
             Resolved file path is "C:\Program Files\dotnet\packs\Microsoft.NETCore.App.Ref\10.0.5\ref\net10.0\System.Net.Sockets.dll".
             Reference found at search path location "{RawFileName}".
             This reference is not "CopyLocal" because at least one source item had "Private" set to "false" and no source items had "Private" set to "true".
         Primary reference "System.Net.WebClient, Version=10.0.0.0, Culture=neutral, PublicKeyToken=cc7b13ffcd2ddd51".
             Resolved file path is "C:\Program Files\dotnet\packs\Microsoft.NETCore.App.Ref\10.0.5\ref\net10.0\System.Net.WebClient.dll".
             Reference found at search path location "{RawFileName}".
             This reference is not "CopyLocal" because at least one source item had "Private" set to "false" and no source items had "Private" set to "true".
         Primary reference "System.Net.WebHeaderCollection, Version=10.0.0.0, Culture=neutral, PublicKeyToken=b03f5f7f11d50a3a".
             Resolved file path is "C:\Program Files\dotnet\packs\Microsoft.NETCore.App.Ref\10.0.5\ref\net10.0\System.Net.WebHeaderCollection.dll".
             Reference found at search path location "{RawFileName}".
             This reference is not "CopyLocal" because at least one source item had "Private" set to "false" and no source items had "Private" set to "true".
         Primary reference "System.Net.WebProxy, Version=10.0.0.0, Culture=neutral, PublicKeyToken=cc7b13ffcd2ddd51".
             Resolved file path is "C:\Program Files\dotnet\packs\Microsoft.NETCore.App.Ref\10.0.5\ref\net10.0\System.Net.WebProxy.dll".
             Reference found at search path location "{RawFileName}".
             This reference is not "CopyLocal" because at least one source item had "Private" set to "false" and no source items had "Private" set to "true".
         Primary reference "System.Net.WebSockets.Client, Version=10.0.0.0, Culture=neutral, PublicKeyToken=b03f5f7f11d50a3a".
             Resolved file path is "C:\Program Files\dotnet\packs\Microsoft.NETCore.App.Ref\10.0.5\ref\net10.0\System.Net.WebSockets.Client.dll".
             Reference found at search path location "{RawFileName}".
             This reference is not "CopyLocal" because at least one source item had "Private" set to "false" and no source items had "Private" set to "true".
         Primary reference "System.Net.WebSockets, Version=10.0.0.0, Culture=neutral, PublicKeyToken=b03f5f7f11d50a3a".
             Resolved file path is "C:\Program Files\dotnet\packs\Microsoft.NETCore.App.Ref\10.0.5\ref\net10.0\System.Net.WebSockets.dll".
             Reference found at search path location "{RawFileName}".
             This reference is not "CopyLocal" because at least one source item had "Private" set to "false" and no source items had "Private" set to "true".
         Primary reference "System.Net, Version=4.0.0.0, Culture=neutral, PublicKeyToken=b03f5f7f11d50a3a".
             Resolved file path is "C:\Program Files\dotnet\packs\Microsoft.NETCore.App.Ref\10.0.5\ref\net10.0\System.Net.dll".
             Reference found at search path location "{RawFileName}".
             This reference is not "CopyLocal" because at least one source item had "Private" set to "false" and no source items had "Private" set to "true".
         Primary reference "System.Numerics.Vectors, Version=10.0.0.0, Culture=neutral, PublicKeyToken=b03f5f7f11d50a3a".
             Resolved file path is "C:\Program Files\dotnet\packs\Microsoft.NETCore.App.Ref\10.0.5\ref\net10.0\System.Numerics.Vectors.dll".
             Reference found at search path location "{RawFileName}".
             This reference is not "CopyLocal" because at least one source item had "Private" set to "false" and no source items had "Private" set to "true".
         Primary reference "System.Numerics, Version=4.0.0.0, Culture=neutral, PublicKeyToken=b77a5c561934e089".
             Resolved file path is "C:\Program Files\dotnet\packs\Microsoft.NETCore.App.Ref\10.0.5\ref\net10.0\System.Numerics.dll".
             Reference found at search path location "{RawFileName}".
             This reference is not "CopyLocal" because at least one source item had "Private" set to "false" and no source items had "Private" set to "true".
         Primary reference "System.ObjectModel, Version=10.0.0.0, Culture=neutral, PublicKeyToken=b03f5f7f11d50a3a".
             Resolved file path is "C:\Program Files\dotnet\packs\Microsoft.NETCore.App.Ref\10.0.5\ref\net10.0\System.ObjectModel.dll".
             Reference found at search path location "{RawFileName}".
             This reference is not "CopyLocal" because at least one source item had "Private" set to "false" and no source items had "Private" set to "true".
         Primary reference "System.Reflection.DispatchProxy, Version=10.0.0.0, Culture=neutral, PublicKeyToken=b03f5f7f11d50a3a".
             Resolved file path is "C:\Program Files\dotnet\packs\Microsoft.NETCore.App.Ref\10.0.5\ref\net10.0\System.Reflection.DispatchProxy.dll".
             Reference found at search path location "{RawFileName}".
             This reference is not "CopyLocal" because at least one source item had "Private" set to "false" and no source items had "Private" set to "true".
         Primary reference "System.Reflection.Emit.ILGeneration, Version=10.0.0.0, Culture=neutral, PublicKeyToken=b03f5f7f11d50a3a".
             Resolved file path is "C:\Program Files\dotnet\packs\Microsoft.NETCore.App.Ref\10.0.5\ref\net10.0\System.Reflection.Emit.ILGeneration.dll".
             Reference found at search path location "{RawFileName}".
             This reference is not "CopyLocal" because at least one source item had "Private" set to "false" and no source items had "Private" set to "true".
         Primary reference "System.Reflection.Emit.Lightweight, Version=10.0.0.0, Culture=neutral, PublicKeyToken=b03f5f7f11d50a3a".
             Resolved file path is "C:\Program Files\dotnet\packs\Microsoft.NETCore.App.Ref\10.0.5\ref\net10.0\System.Reflection.Emit.Lightweight.dll".
             Reference found at search path location "{RawFileName}".
             This reference is not "CopyLocal" because at least one source item had "Private" set to "false" and no source items had "Private" set to "true".
         Primary reference "System.Reflection.Emit, Version=10.0.0.0, Culture=neutral, PublicKeyToken=b03f5f7f11d50a3a".
             Resolved file path is "C:\Program Files\dotnet\packs\Microsoft.NETCore.App.Ref\10.0.5\ref\net10.0\System.Reflection.Emit.dll".
             Reference found at search path location "{RawFileName}".
             This reference is not "CopyLocal" because at least one source item had "Private" set to "false" and no source items had "Private" set to "true".
         Primary reference "System.Reflection.Extensions, Version=10.0.0.0, Culture=neutral, PublicKeyToken=b03f5f7f11d50a3a".
             Resolved file path is "C:\Program Files\dotnet\packs\Microsoft.NETCore.App.Ref\10.0.5\ref\net10.0\System.Reflection.Extensions.dll".
             Reference found at search path location "{RawFileName}".
             This reference is not "CopyLocal" because at least one source item had "Private" set to "false" and no source items had "Private" set to "true".
         Primary reference "System.Reflection.Metadata, Version=10.0.0.0, Culture=neutral, PublicKeyToken=b03f5f7f11d50a3a".
             Resolved file path is "C:\Program Files\dotnet\packs\Microsoft.NETCore.App.Ref\10.0.5\ref\net10.0\System.Reflection.Metadata.dll".
             Reference found at search path location "{RawFileName}".
             This reference is not "CopyLocal" because at least one source item had "Private" set to "false" and no source items had "Private" set to "true".
         Primary reference "System.Reflection.Primitives, Version=10.0.0.0, Culture=neutral, PublicKeyToken=b03f5f7f11d50a3a".
             Resolved file path is "C:\Program Files\dotnet\packs\Microsoft.NETCore.App.Ref\10.0.5\ref\net10.0\System.Reflection.Primitives.dll".
             Reference found at search path location "{RawFileName}".
             This reference is not "CopyLocal" because at least one source item had "Private" set to "false" and no source items had "Private" set to "true".
         Primary reference "System.Reflection.TypeExtensions, Version=10.0.0.0, Culture=neutral, PublicKeyToken=b03f5f7f11d50a3a".
             Resolved file path is "C:\Program Files\dotnet\packs\Microsoft.NETCore.App.Ref\10.0.5\ref\net10.0\System.Reflection.TypeExtensions.dll".
             Reference found at search path location "{RawFileName}".
             This reference is not "CopyLocal" because at least one source item had "Private" set to "false" and no source items had "Private" set to "true".
         Primary reference "System.Reflection, Version=10.0.0.0, Culture=neutral, PublicKeyToken=b03f5f7f11d50a3a".
             Resolved file path is "C:\Program Files\dotnet\packs\Microsoft.NETCore.App.Ref\10.0.5\ref\net10.0\System.Reflection.dll".
             Reference found at search path location "{RawFileName}".
             This reference is not "CopyLocal" because at least one source item had "Private" set to "false" and no source items had "Private" set to "true".
         Primary reference "System.Resources.Reader, Version=10.0.0.0, Culture=neutral, PublicKeyToken=b03f5f7f11d50a3a".
             Resolved file path is "C:\Program Files\dotnet\packs\Microsoft.NETCore.App.Ref\10.0.5\ref\net10.0\System.Resources.Reader.dll".
             Reference found at search path location "{RawFileName}".
             This reference is not "CopyLocal" because at least one source item had "Private" set to "false" and no source items had "Private" set to "true".
         Primary reference "System.Resources.ResourceManager, Version=10.0.0.0, Culture=neutral, PublicKeyToken=b03f5f7f11d50a3a".
             Resolved file path is "C:\Program Files\dotnet\packs\Microsoft.NETCore.App.Ref\10.0.5\ref\net10.0\System.Resources.ResourceManager.dll".
             Reference found at search path location "{RawFileName}".
             This reference is not "CopyLocal" because at least one source item had "Private" set to "false" and no source items had "Private" set to "true".
         Primary reference "System.Resources.Writer, Version=10.0.0.0, Culture=neutral, PublicKeyToken=b03f5f7f11d50a3a".
             Resolved file path is "C:\Program Files\dotnet\packs\Microsoft.NETCore.App.Ref\10.0.5\ref\net10.0\System.Resources.Writer.dll".
             Reference found at search path location "{RawFileName}".
             This reference is not "CopyLocal" because at least one source item had "Private" set to "false" and no source items had "Private" set to "true".
         Primary reference "System.Runtime.CompilerServices.Unsafe, Version=10.0.0.0, Culture=neutral, PublicKeyToken=b03f5f7f11d50a3a".
             Resolved file path is "C:\Program Files\dotnet\packs\Microsoft.NETCore.App.Ref\10.0.5\ref\net10.0\System.Runtime.CompilerServices.Unsafe.dll".
             Reference found at search path location "{RawFileName}".
             This reference is not "CopyLocal" because at least one source item had "Private" set to "false" and no source items had "Private" set to "true".
         Primary reference "System.Runtime.CompilerServices.VisualC, Version=10.0.0.0, Culture=neutral, PublicKeyToken=b03f5f7f11d50a3a".
             Resolved file path is "C:\Program Files\dotnet\packs\Microsoft.NETCore.App.Ref\10.0.5\ref\net10.0\System.Runtime.CompilerServices.VisualC.dll".
             Reference found at search path location "{RawFileName}".
             This reference is not "CopyLocal" because at least one source item had "Private" set to "false" and no source items had "Private" set to "true".
         Primary reference "System.Runtime.Extensions, Version=10.0.0.0, Culture=neutral, PublicKeyToken=b03f5f7f11d50a3a".
             Resolved file path is "C:\Program Files\dotnet\packs\Microsoft.NETCore.App.Ref\10.0.5\ref\net10.0\System.Runtime.Extensions.dll".
             Reference found at search path location "{RawFileName}".
             This reference is not "CopyLocal" because at least one source item had "Private" set to "false" and no source items had "Private" set to "true".
         Primary reference "System.Runtime.Handles, Version=10.0.0.0, Culture=neutral, PublicKeyToken=b03f5f7f11d50a3a".
             Resolved file path is "C:\Program Files\dotnet\packs\Microsoft.NETCore.App.Ref\10.0.5\ref\net10.0\System.Runtime.Handles.dll".
             Reference found at search path location "{RawFileName}".
             This reference is not "CopyLocal" because at least one source item had "Private" set to "false" and no source items had "Private" set to "true".
         Primary reference "System.Runtime.InteropServices.JavaScript, Version=10.0.0.0, Culture=neutral, PublicKeyToken=b03f5f7f11d50a3a".
             Resolved file path is "C:\Program Files\dotnet\packs\Microsoft.NETCore.App.Ref\10.0.5\ref\net10.0\System.Runtime.InteropServices.JavaScript.dll".
             Reference found at search path location "{RawFileName}".
             This reference is not "CopyLocal" because at least one source item had "Private" set to "false" and no source items had "Private" set to "true".
         Primary reference "System.Runtime.InteropServices.RuntimeInformation, Version=10.0.0.0, Culture=neutral, PublicKeyToken=b03f5f7f11d50a3a".
             Resolved file path is "C:\Program Files\dotnet\packs\Microsoft.NETCore.App.Ref\10.0.5\ref\net10.0\System.Runtime.InteropServices.RuntimeInformation.dll".
             Reference found at search path location "{RawFileName}".
             This reference is not "CopyLocal" because at least one source item had "Private" set to "false" and no source items had "Private" set to "true".
         Primary reference "System.Runtime.InteropServices, Version=10.0.0.0, Culture=neutral, PublicKeyToken=b03f5f7f11d50a3a".
             Resolved file path is "C:\Program Files\dotnet\packs\Microsoft.NETCore.App.Ref\10.0.5\ref\net10.0\System.Runtime.InteropServices.dll".
             Reference found at search path location "{RawFileName}".
             This reference is not "CopyLocal" because at least one source item had "Private" set to "false" and no source items had "Private" set to "true".
         Primary reference "System.Runtime.Intrinsics, Version=10.0.0.0, Culture=neutral, PublicKeyToken=cc7b13ffcd2ddd51".
             Resolved file path is "C:\Program Files\dotnet\packs\Microsoft.NETCore.App.Ref\10.0.5\ref\net10.0\System.Runtime.Intrinsics.dll".
             Reference found at search path location "{RawFileName}".
             This reference is not "CopyLocal" because at least one source item had "Private" set to "false" and no source items had "Private" set to "true".
         Primary reference "System.Runtime.Loader, Version=10.0.0.0, Culture=neutral, PublicKeyToken=b03f5f7f11d50a3a".
             Resolved file path is "C:\Program Files\dotnet\packs\Microsoft.NETCore.App.Ref\10.0.5\ref\net10.0\System.Runtime.Loader.dll".
             Reference found at search path location "{RawFileName}".
             This reference is not "CopyLocal" because at least one source item had "Private" set to "false" and no source items had "Private" set to "true".
         Primary reference "System.Runtime.Numerics, Version=10.0.0.0, Culture=neutral, PublicKeyToken=b03f5f7f11d50a3a".
             Resolved file path is "C:\Program Files\dotnet\packs\Microsoft.NETCore.App.Ref\10.0.5\ref\net10.0\System.Runtime.Numerics.dll".
             Reference found at search path location "{RawFileName}".
             This reference is not "CopyLocal" because at least one source item had "Private" set to "false" and no source items had "Private" set to "true".
         Primary reference "System.Runtime.Serialization.Formatters, Version=8.1.0.0, Culture=neutral, PublicKeyToken=b03f5f7f11d50a3a".
             Resolved file path is "C:\Program Files\dotnet\packs\Microsoft.NETCore.App.Ref\10.0.5\ref\net10.0\System.Runtime.Serialization.Formatters.dll".
             Reference found at search path location "{RawFileName}".
             This reference is not "CopyLocal" because at least one source item had "Private" set to "false" and no source items had "Private" set to "true".
         Primary reference "System.Runtime.Serialization.Json, Version=10.0.0.0, Culture=neutral, PublicKeyToken=b03f5f7f11d50a3a".
             Resolved file path is "C:\Program Files\dotnet\packs\Microsoft.NETCore.App.Ref\10.0.5\ref\net10.0\System.Runtime.Serialization.Json.dll".
             Reference found at search path location "{RawFileName}".
             This reference is not "CopyLocal" because at least one source item had "Private" set to "false" and no source items had "Private" set to "true".
         Primary reference "System.Runtime.Serialization.Primitives, Version=10.0.0.0, Culture=neutral, PublicKeyToken=b03f5f7f11d50a3a".
             Resolved file path is "C:\Program Files\dotnet\packs\Microsoft.NETCore.App.Ref\10.0.5\ref\net10.0\System.Runtime.Serialization.Primitives.dll".
             Reference found at search path location "{RawFileName}".
             This reference is not "CopyLocal" because at least one source item had "Private" set to "false" and no source items had "Private" set to "true".
         Primary reference "System.Runtime.Serialization.Xml, Version=10.0.0.0, Culture=neutral, PublicKeyToken=b03f5f7f11d50a3a".
             Resolved file path is "C:\Program Files\dotnet\packs\Microsoft.NETCore.App.Ref\10.0.5\ref\net10.0\System.Runtime.Serialization.Xml.dll".
             Reference found at search path location "{RawFileName}".
             This reference is not "CopyLocal" because at least one source item had "Private" set to "false" and no source items had "Private" set to "true".
         Primary reference "System.Runtime.Serialization, Version=4.0.0.0, Culture=neutral, PublicKeyToken=b77a5c561934e089".
             Resolved file path is "C:\Program Files\dotnet\packs\Microsoft.NETCore.App.Ref\10.0.5\ref\net10.0\System.Runtime.Serialization.dll".
             Reference found at search path location "{RawFileName}".
             This reference is not "CopyLocal" because at least one source item had "Private" set to "false" and no source items had "Private" set to "true".
         Primary reference "System.Runtime, Version=10.0.0.0, Culture=neutral, PublicKeyToken=b03f5f7f11d50a3a".
             Resolved file path is "C:\Program Files\dotnet\packs\Microsoft.NETCore.App.Ref\10.0.5\ref\net10.0\System.Runtime.dll".
             Reference found at search path location "{RawFileName}".
             This reference is not "CopyLocal" because at least one source item had "Private" set to "false" and no source items had "Private" set to "true".
         Primary reference "System.Security.AccessControl, Version=10.0.0.0, Culture=neutral, PublicKeyToken=b03f5f7f11d50a3a".
             Resolved file path is "C:\Program Files\dotnet\packs\Microsoft.NETCore.App.Ref\10.0.5\ref\net10.0\System.Security.AccessControl.dll".
             Reference found at search path location "{RawFileName}".
             This reference is not "CopyLocal" because at least one source item had "Private" set to "false" and no source items had "Private" set to "true".
         Primary reference "System.Security.Claims, Version=10.0.0.0, Culture=neutral, PublicKeyToken=b03f5f7f11d50a3a".
             Resolved file path is "C:\Program Files\dotnet\packs\Microsoft.NETCore.App.Ref\10.0.5\ref\net10.0\System.Security.Claims.dll".
             Reference found at search path location "{RawFileName}".
             This reference is not "CopyLocal" because at least one source item had "Private" set to "false" and no source items had "Private" set to "true".
         Primary reference "System.Security.Cryptography.Algorithms, Version=10.0.0.0, Culture=neutral, PublicKeyToken=b03f5f7f11d50a3a".
             Resolved file path is "C:\Program Files\dotnet\packs\Microsoft.NETCore.App.Ref\10.0.5\ref\net10.0\System.Security.Cryptography.Algorithms.dll".
             Reference found at search path location "{RawFileName}".
             This reference is not "CopyLocal" because at least one source item had "Private" set to "false" and no source items had "Private" set to "true".
         Primary reference "System.Security.Cryptography.Cng, Version=10.0.0.0, Culture=neutral, PublicKeyToken=b03f5f7f11d50a3a".
             Resolved file path is "C:\Program Files\dotnet\packs\Microsoft.NETCore.App.Ref\10.0.5\ref\net10.0\System.Security.Cryptography.Cng.dll".
             Reference found at search path location "{RawFileName}".
             This reference is not "CopyLocal" because at least one source item had "Private" set to "false" and no source items had "Private" set to "true".
         Primary reference "System.Security.Cryptography.Csp, Version=10.0.0.0, Culture=neutral, PublicKeyToken=b03f5f7f11d50a3a".
             Resolved file path is "C:\Program Files\dotnet\packs\Microsoft.NETCore.App.Ref\10.0.5\ref\net10.0\System.Security.Cryptography.Csp.dll".
             Reference found at search path location "{RawFileName}".
             This reference is not "CopyLocal" because at least one source item had "Private" set to "false" and no source items had "Private" set to "true".
         Primary reference "System.Security.Cryptography.Encoding, Version=10.0.0.0, Culture=neutral, PublicKeyToken=b03f5f7f11d50a3a".
             Resolved file path is "C:\Program Files\dotnet\packs\Microsoft.NETCore.App.Ref\10.0.5\ref\net10.0\System.Security.Cryptography.Encoding.dll".
             Reference found at search path location "{RawFileName}".
             This reference is not "CopyLocal" because at least one source item had "Private" set to "false" and no source items had "Private" set to "true".
         Primary reference "System.Security.Cryptography.OpenSsl, Version=10.0.0.0, Culture=neutral, PublicKeyToken=b03f5f7f11d50a3a".
             Resolved file path is "C:\Program Files\dotnet\packs\Microsoft.NETCore.App.Ref\10.0.5\ref\net10.0\System.Security.Cryptography.OpenSsl.dll".
             Reference found at search path location "{RawFileName}".
             This reference is not "CopyLocal" because at least one source item had "Private" set to "false" and no source items had "Private" set to "true".
         Primary reference "System.Security.Cryptography.Primitives, Version=10.0.0.0, Culture=neutral, PublicKeyToken=b03f5f7f11d50a3a".
             Resolved file path is "C:\Program Files\dotnet\packs\Microsoft.NETCore.App.Ref\10.0.5\ref\net10.0\System.Security.Cryptography.Primitives.dll".
             Reference found at search path location "{RawFileName}".
             This reference is not "CopyLocal" because at least one source item had "Private" set to "false" and no source items had "Private" set to "true".
         Primary reference "System.Security.Cryptography.X509Certificates, Version=10.0.0.0, Culture=neutral, PublicKeyToken=b03f5f7f11d50a3a".
             Resolved file path is "C:\Program Files\dotnet\packs\Microsoft.NETCore.App.Ref\10.0.5\ref\net10.0\System.Security.Cryptography.X509Certificates.dll".
             Reference found at search path location "{RawFileName}".
             This reference is not "CopyLocal" because at least one source item had "Private" set to "false" and no source items had "Private" set to "true".
         Primary reference "System.Security.Cryptography, Version=10.0.0.0, Culture=neutral, PublicKeyToken=b03f5f7f11d50a3a".
             Resolved file path is "C:\Program Files\dotnet\packs\Microsoft.NETCore.App.Ref\10.0.5\ref\net10.0\System.Security.Cryptography.dll".
             Reference found at search path location "{RawFileName}".
             This reference is not "CopyLocal" because at least one source item had "Private" set to "false" and no source items had "Private" set to "true".
         Primary reference "System.Security.Principal.Windows, Version=10.0.0.0, Culture=neutral, PublicKeyToken=b03f5f7f11d50a3a".
             Resolved file path is "C:\Program Files\dotnet\packs\Microsoft.NETCore.App.Ref\10.0.5\ref\net10.0\System.Security.Principal.Windows.dll".
             Reference found at search path location "{RawFileName}".
             This reference is not "CopyLocal" because at least one source item had "Private" set to "false" and no source items had "Private" set to "true".
         Primary reference "System.Security.Principal, Version=10.0.0.0, Culture=neutral, PublicKeyToken=b03f5f7f11d50a3a".
             Resolved file path is "C:\Program Files\dotnet\packs\Microsoft.NETCore.App.Ref\10.0.5\ref\net10.0\System.Security.Principal.dll".
             Reference found at search path location "{RawFileName}".
             This reference is not "CopyLocal" because at least one source item had "Private" set to "false" and no source items had "Private" set to "true".
         Primary reference "System.Security.SecureString, Version=10.0.0.0, Culture=neutral, PublicKeyToken=b03f5f7f11d50a3a".
             Resolved file path is "C:\Program Files\dotnet\packs\Microsoft.NETCore.App.Ref\10.0.5\ref\net10.0\System.Security.SecureString.dll".
             Reference found at search path location "{RawFileName}".
             This reference is not "CopyLocal" because at least one source item had "Private" set to "false" and no source items had "Private" set to "true".
         Primary reference "System.Security, Version=4.0.0.0, Culture=neutral, PublicKeyToken=b03f5f7f11d50a3a".
             Resolved file path is "C:\Program Files\dotnet\packs\Microsoft.NETCore.App.Ref\10.0.5\ref\net10.0\System.Security.dll".
             Reference found at search path location "{RawFileName}".
             This reference is not "CopyLocal" because at least one source item had "Private" set to "false" and no source items had "Private" set to "true".
         Primary reference "System.ServiceModel.Web, Version=4.0.0.0, Culture=neutral, PublicKeyToken=31bf3856ad364e35".
             Resolved file path is "C:\Program Files\dotnet\packs\Microsoft.NETCore.App.Ref\10.0.5\ref\net10.0\System.ServiceModel.Web.dll".
             Reference found at search path location "{RawFileName}".
             This reference is not "CopyLocal" because at least one source item had "Private" set to "false" and no source items had "Private" set to "true".
         Primary reference "System.ServiceProcess, Version=4.0.0.0, Culture=neutral, PublicKeyToken=b03f5f7f11d50a3a".
             Resolved file path is "C:\Program Files\dotnet\packs\Microsoft.NETCore.App.Ref\10.0.5\ref\net10.0\System.ServiceProcess.dll".
             Reference found at search path location "{RawFileName}".
             This reference is not "CopyLocal" because at least one source item had "Private" set to "false" and no source items had "Private" set to "true".
         Primary reference "System.Text.Encoding.CodePages, Version=10.0.0.0, Culture=neutral, PublicKeyToken=b03f5f7f11d50a3a".
             Resolved file path is "C:\Program Files\dotnet\packs\Microsoft.NETCore.App.Ref\10.0.5\ref\net10.0\System.Text.Encoding.CodePages.dll".
             Reference found at search path location "{RawFileName}".
             This reference is not "CopyLocal" because at least one source item had "Private" set to "false" and no source items had "Private" set to "true".
         Primary reference "System.Text.Encoding.Extensions, Version=10.0.0.0, Culture=neutral, PublicKeyToken=b03f5f7f11d50a3a".
             Resolved file path is "C:\Program Files\dotnet\packs\Microsoft.NETCore.App.Ref\10.0.5\ref\net10.0\System.Text.Encoding.Extensions.dll".
             Reference found at search path location "{RawFileName}".
             This reference is not "CopyLocal" because at least one source item had "Private" set to "false" and no source items had "Private" set to "true".
         Primary reference "System.Text.Encoding, Version=10.0.0.0, Culture=neutral, PublicKeyToken=b03f5f7f11d50a3a".
             Resolved file path is "C:\Program Files\dotnet\packs\Microsoft.NETCore.App.Ref\10.0.5\ref\net10.0\System.Text.Encoding.dll".
             Reference found at search path location "{RawFileName}".
             This reference is not "CopyLocal" because at least one source item had "Private" set to "false" and no source items had "Private" set to "true".
         Primary reference "System.Text.Encodings.Web, Version=10.0.0.0, Culture=neutral, PublicKeyToken=cc7b13ffcd2ddd51".
             Resolved file path is "C:\Program Files\dotnet\packs\Microsoft.NETCore.App.Ref\10.0.5\ref\net10.0\System.Text.Encodings.Web.dll".
             Reference found at search path location "{RawFileName}".
             This reference is not "CopyLocal" because at least one source item had "Private" set to "false" and no source items had "Private" set to "true".
         Primary reference "System.Text.Json, Version=10.0.0.0, Culture=neutral, PublicKeyToken=cc7b13ffcd2ddd51".
             Resolved file path is "C:\Program Files\dotnet\packs\Microsoft.NETCore.App.Ref\10.0.5\ref\net10.0\System.Text.Json.dll".
             Reference found at search path location "{RawFileName}".
             This reference is not "CopyLocal" because at least one source item had "Private" set to "false" and no source items had "Private" set to "true".
         Primary reference "System.Text.RegularExpressions, Version=10.0.0.0, Culture=neutral, PublicKeyToken=b03f5f7f11d50a3a".
             Resolved file path is "C:\Program Files\dotnet\packs\Microsoft.NETCore.App.Ref\10.0.5\ref\net10.0\System.Text.RegularExpressions.dll".
             Reference found at search path location "{RawFileName}".
             This reference is not "CopyLocal" because at least one source item had "Private" set to "false" and no source items had "Private" set to "true".
         Primary reference "System.Threading.AccessControl, Version=10.0.0.0, Culture=neutral, PublicKeyToken=b03f5f7f11d50a3a".
             Resolved file path is "C:\Program Files\dotnet\packs\Microsoft.NETCore.App.Ref\10.0.5\ref\net10.0\System.Threading.AccessControl.dll".
             Reference found at search path location "{RawFileName}".
             This reference is not "CopyLocal" because at least one source item had "Private" set to "false" and no source items had "Private" set to "true".
         Primary reference "System.Threading.Channels, Version=10.0.0.0, Culture=neutral, PublicKeyToken=cc7b13ffcd2ddd51".
             Resolved file path is "C:\Program Files\dotnet\packs\Microsoft.NETCore.App.Ref\10.0.5\ref\net10.0\System.Threading.Channels.dll".
             Reference found at search path location "{RawFileName}".
             This reference is not "CopyLocal" because at least one source item had "Private" set to "false" and no source items had "Private" set to "true".
         Primary reference "System.Threading.Overlapped, Version=10.0.0.0, Culture=neutral, PublicKeyToken=b03f5f7f11d50a3a".
             Resolved file path is "C:\Program Files\dotnet\packs\Microsoft.NETCore.App.Ref\10.0.5\ref\net10.0\System.Threading.Overlapped.dll".
             Reference found at search path location "{RawFileName}".
             This reference is not "CopyLocal" because at least one source item had "Private" set to "false" and no source items had "Private" set to "true".
         Primary reference "System.Threading.Tasks.Dataflow, Version=10.0.0.0, Culture=neutral, PublicKeyToken=b03f5f7f11d50a3a".
             Resolved file path is "C:\Program Files\dotnet\packs\Microsoft.NETCore.App.Ref\10.0.5\ref\net10.0\System.Threading.Tasks.Dataflow.dll".
             Reference found at search path location "{RawFileName}".
             This reference is not "CopyLocal" because at least one source item had "Private" set to "false" and no source items had "Private" set to "true".
         Primary reference "System.Threading.Tasks.Extensions, Version=10.0.0.0, Culture=neutral, PublicKeyToken=cc7b13ffcd2ddd51".
             Resolved file path is "C:\Program Files\dotnet\packs\Microsoft.NETCore.App.Ref\10.0.5\ref\net10.0\System.Threading.Tasks.Extensions.dll".
             Reference found at search path location "{RawFileName}".
             This reference is not "CopyLocal" because at least one source item had "Private" set to "false" and no source items had "Private" set to "true".
         Primary reference "System.Threading.Tasks.Parallel, Version=10.0.0.0, Culture=neutral, PublicKeyToken=b03f5f7f11d50a3a".
             Resolved file path is "C:\Program Files\dotnet\packs\Microsoft.NETCore.App.Ref\10.0.5\ref\net10.0\System.Threading.Tasks.Parallel.dll".
             Reference found at search path location "{RawFileName}".
             This reference is not "CopyLocal" because at least one source item had "Private" set to "false" and no source items had "Private" set to "true".
         Primary reference "System.Threading.Tasks, Version=10.0.0.0, Culture=neutral, PublicKeyToken=b03f5f7f11d50a3a".
             Resolved file path is "C:\Program Files\dotnet\packs\Microsoft.NETCore.App.Ref\10.0.5\ref\net10.0\System.Threading.Tasks.dll".
             Reference found at search path location "{RawFileName}".
             This reference is not "CopyLocal" because at least one source item had "Private" set to "false" and no source items had "Private" set to "true".
         Primary reference "System.Threading.Thread, Version=10.0.0.0, Culture=neutral, PublicKeyToken=b03f5f7f11d50a3a".
             Resolved file path is "C:\Program Files\dotnet\packs\Microsoft.NETCore.App.Ref\10.0.5\ref\net10.0\System.Threading.Thread.dll".
             Reference found at search path location "{RawFileName}".
             This reference is not "CopyLocal" because at least one source item had "Private" set to "false" and no source items had "Private" set to "true".
         Primary reference "System.Threading.ThreadPool, Version=10.0.0.0, Culture=neutral, PublicKeyToken=b03f5f7f11d50a3a".
             Resolved file path is "C:\Program Files\dotnet\packs\Microsoft.NETCore.App.Ref\10.0.5\ref\net10.0\System.Threading.ThreadPool.dll".
             Reference found at search path location "{RawFileName}".
             This reference is not "CopyLocal" because at least one source item had "Private" set to "false" and no source items had "Private" set to "true".
         Primary reference "System.Threading.Timer, Version=10.0.0.0, Culture=neutral, PublicKeyToken=b03f5f7f11d50a3a".
             Resolved file path is "C:\Program Files\dotnet\packs\Microsoft.NETCore.App.Ref\10.0.5\ref\net10.0\System.Threading.Timer.dll".
             Reference found at search path location "{RawFileName}".
             This reference is not "CopyLocal" because at least one source item had "Private" set to "false" and no source items had "Private" set to "true".
         Primary reference "System.Threading, Version=10.0.0.0, Culture=neutral, PublicKeyToken=b03f5f7f11d50a3a".
             Resolved file path is "C:\Program Files\dotnet\packs\Microsoft.NETCore.App.Ref\10.0.5\ref\net10.0\System.Threading.dll".
             Reference found at search path location "{RawFileName}".
             This reference is not "CopyLocal" because at least one source item had "Private" set to "false" and no source items had "Private" set to "true".
         Primary reference "System.Transactions.Local, Version=10.0.0.0, Culture=neutral, PublicKeyToken=cc7b13ffcd2ddd51".
             Resolved file path is "C:\Program Files\dotnet\packs\Microsoft.NETCore.App.Ref\10.0.5\ref\net10.0\System.Transactions.Local.dll".
             Reference found at search path location "{RawFileName}".
             This reference is not "CopyLocal" because at least one source item had "Private" set to "false" and no source items had "Private" set to "true".
         Primary reference "System.Transactions, Version=4.0.0.0, Culture=neutral, PublicKeyToken=b77a5c561934e089".
             Resolved file path is "C:\Program Files\dotnet\packs\Microsoft.NETCore.App.Ref\10.0.5\ref\net10.0\System.Transactions.dll".
             Reference found at search path location "{RawFileName}".
             This reference is not "CopyLocal" because at least one source item had "Private" set to "false" and no source items had "Private" set to "true".
         Primary reference "System.ValueTuple, Version=10.0.0.0, Culture=neutral, PublicKeyToken=cc7b13ffcd2ddd51".
             Resolved file path is "C:\Program Files\dotnet\packs\Microsoft.NETCore.App.Ref\10.0.5\ref\net10.0\System.ValueTuple.dll".
             Reference found at search path location "{RawFileName}".
             This reference is not "CopyLocal" because at least one source item had "Private" set to "false" and no source items had "Private" set to "true".
         Primary reference "System.Web.HttpUtility, Version=10.0.0.0, Culture=neutral, PublicKeyToken=cc7b13ffcd2ddd51".
             Resolved file path is "C:\Program Files\dotnet\packs\Microsoft.NETCore.App.Ref\10.0.5\ref\net10.0\System.Web.HttpUtility.dll".
             Reference found at search path location "{RawFileName}".
             This reference is not "CopyLocal" because at least one source item had "Private" set to "false" and no source items had "Private" set to "true".
         Primary reference "System.Web, Version=4.0.0.0, Culture=neutral, PublicKeyToken=b03f5f7f11d50a3a".
             Resolved file path is "C:\Program Files\dotnet\packs\Microsoft.NETCore.App.Ref\10.0.5\ref\net10.0\System.Web.dll".
             Reference found at search path location "{RawFileName}".
             This reference is not "CopyLocal" because at least one source item had "Private" set to "false" and no source items had "Private" set to "true".
         Primary reference "System.Windows, Version=4.0.0.0, Culture=neutral, PublicKeyToken=b03f5f7f11d50a3a".
             Resolved file path is "C:\Program Files\dotnet\packs\Microsoft.NETCore.App.Ref\10.0.5\ref\net10.0\System.Windows.dll".
             Reference found at search path location "{RawFileName}".
             This reference is not "CopyLocal" because at least one source item had "Private" set to "false" and no source items had "Private" set to "true".
         Primary reference "System.Xml.Linq, Version=4.0.0.0, Culture=neutral, PublicKeyToken=b77a5c561934e089".
             Resolved file path is "C:\Program Files\dotnet\packs\Microsoft.NETCore.App.Ref\10.0.5\ref\net10.0\System.Xml.Linq.dll".
             Reference found at search path location "{RawFileName}".
             This reference is not "CopyLocal" because at least one source item had "Private" set to "false" and no source items had "Private" set to "true".
         Primary reference "System.Xml.ReaderWriter, Version=10.0.0.0, Culture=neutral, PublicKeyToken=b03f5f7f11d50a3a".
             Resolved file path is "C:\Program Files\dotnet\packs\Microsoft.NETCore.App.Ref\10.0.5\ref\net10.0\System.Xml.ReaderWriter.dll".
             Reference found at search path location "{RawFileName}".
             This reference is not "CopyLocal" because at least one source item had "Private" set to "false" and no source items had "Private" set to "true".
         Primary reference "System.Xml.Serialization, Version=4.0.0.0, Culture=neutral, PublicKeyToken=b77a5c561934e089".
             Resolved file path is "C:\Program Files\dotnet\packs\Microsoft.NETCore.App.Ref\10.0.5\ref\net10.0\System.Xml.Serialization.dll".
             Reference found at search path location "{RawFileName}".
             This reference is not "CopyLocal" because at least one source item had "Private" set to "false" and no source items had "Private" set to "true".
         Primary reference "System.Xml.XDocument, Version=10.0.0.0, Culture=neutral, PublicKeyToken=b03f5f7f11d50a3a".
             Resolved file path is "C:\Program Files\dotnet\packs\Microsoft.NETCore.App.Ref\10.0.5\ref\net10.0\System.Xml.XDocument.dll".
             Reference found at search path location "{RawFileName}".
             This reference is not "CopyLocal" because at least one source item had "Private" set to "false" and no source items had "Private" set to "true".
         Primary reference "System.Xml.XPath.XDocument, Version=10.0.0.0, Culture=neutral, PublicKeyToken=b03f5f7f11d50a3a".
             Resolved file path is "C:\Program Files\dotnet\packs\Microsoft.NETCore.App.Ref\10.0.5\ref\net10.0\System.Xml.XPath.XDocument.dll".
             Reference found at search path location "{RawFileName}".
             This reference is not "CopyLocal" because at least one source item had "Private" set to "false" and no source items had "Private" set to "true".
         Primary reference "System.Xml.XPath, Version=10.0.0.0, Culture=neutral, PublicKeyToken=b03f5f7f11d50a3a".
             Resolved file path is "C:\Program Files\dotnet\packs\Microsoft.NETCore.App.Ref\10.0.5\ref\net10.0\System.Xml.XPath.dll".
             Reference found at search path location "{RawFileName}".
             This reference is not "CopyLocal" because at least one source item had "Private" set to "false" and no source items had "Private" set to "true".
         Primary reference "System.Xml.XmlDocument, Version=10.0.0.0, Culture=neutral, PublicKeyToken=b03f5f7f11d50a3a".
             Resolved file path is "C:\Program Files\dotnet\packs\Microsoft.NETCore.App.Ref\10.0.5\ref\net10.0\System.Xml.XmlDocument.dll".
             Reference found at search path location "{RawFileName}".
             This reference is not "CopyLocal" because at least one source item had "Private" set to "false" and no source items had "Private" set to "true".
         Primary reference "System.Xml.XmlSerializer, Version=10.0.0.0, Culture=neutral, PublicKeyToken=b03f5f7f11d50a3a".
             Resolved file path is "C:\Program Files\dotnet\packs\Microsoft.NETCore.App.Ref\10.0.5\ref\net10.0\System.Xml.XmlSerializer.dll".
             Reference found at search path location "{RawFileName}".
             This reference is not "CopyLocal" because at least one source item had "Private" set to "false" and no source items had "Private" set to "true".
         Primary reference "System.Xml, Version=4.0.0.0, Culture=neutral, PublicKeyToken=b77a5c561934e089".
             Resolved file path is "C:\Program Files\dotnet\packs\Microsoft.NETCore.App.Ref\10.0.5\ref\net10.0\System.Xml.dll".
             Reference found at search path location "{RawFileName}".
             This reference is not "CopyLocal" because at least one source item had "Private" set to "false" and no source items had "Private" set to "true".
         Primary reference "System, Version=4.0.0.0, Culture=neutral, PublicKeyToken=b77a5c561934e089".
             Resolved file path is "C:\Program Files\dotnet\packs\Microsoft.NETCore.App.Ref\10.0.5\ref\net10.0\System.dll".
             Reference found at search path location "{RawFileName}".
             This reference is not "CopyLocal" because at least one source item had "Private" set to "false" and no source items had "Private" set to "true".
         Primary reference "WindowsBase, Version=4.0.0.0, Culture=neutral, PublicKeyToken=31bf3856ad364e35".
             Resolved file path is "C:\Program Files\dotnet\packs\Microsoft.NETCore.App.Ref\10.0.5\ref\net10.0\WindowsBase.dll".
             Reference found at search path location "{RawFileName}".
             This reference is not "CopyLocal" because at least one source item had "Private" set to "false" and no source items had "Private" set to "true".
         Primary reference "mscorlib, Version=4.0.0.0, Culture=neutral, PublicKeyToken=b77a5c561934e089".
             Resolved file path is "C:\Program Files\dotnet\packs\Microsoft.NETCore.App.Ref\10.0.5\ref\net10.0\mscorlib.dll".
             Reference found at search path location "{RawFileName}".
             This reference is not "CopyLocal" because at least one source item had "Private" set to "false" and no source items had "Private" set to "true".
         Primary reference "netstandard, Version=2.1.0.0, Culture=neutral, PublicKeyToken=cc7b13ffcd2ddd51".
             Resolved file path is "C:\Program Files\dotnet\packs\Microsoft.NETCore.App.Ref\10.0.5\ref\net10.0\netstandard.dll".
             Reference found at search path location "{RawFileName}".
             This reference is not "CopyLocal" because at least one source item had "Private" set to "false" and no source items had "Private" set to "true".
       Done executing task "ResolveAssemblyReference".
   1:7>Done building target "ResolveAssemblyReferences" in project "ETL-SQL.Engine.csproj".
   1:7>Target "AfterResolveReferences" in file "C:\Program Files\dotnet\sdk\10.0.201\Microsoft.Common.CurrentVersion.targets" from project "C:\Users\chuck\scratch\ETL-SQL\src\ETL-SQL.Engine\ETL-SQL.Engine.csproj" (target "ResolveReferences" depends on it):
   1:7>Done building target "AfterResolveReferences" in project "ETL-SQL.Engine.csproj".
   1:7>Target "ResolveReferences" in file "C:\Program Files\dotnet\sdk\10.0.201\Microsoft.Common.CurrentVersion.targets" from project "C:\Users\chuck\scratch\ETL-SQL\src\ETL-SQL.Engine\ETL-SQL.Engine.csproj" (target "_BlockWinMDsOnUnsupportedTFMs" depends on it):
   1:7>Done building target "ResolveReferences" in project "ETL-SQL.Engine.csproj".
   1:7>Target "_BlockWinMDsOnUnsupportedTFMs" in file "C:\Program Files\dotnet\sdk\10.0.201\Sdks\Microsoft.NET.Sdk\targets\Microsoft.NET.Sdk.targets" from project "C:\Users\chuck\scratch\ETL-SQL\src\ETL-SQL.Engine\ETL-SQL.Engine.csproj" (target "CoreBuild" depends on it):
       Using "CheckForUnsupportedWinMDReferences" task from assembly "C:\Program Files\dotnet\sdk\10.0.201\Sdks\Microsoft.NET.Sdk\targets\..\tools\net10.0\Microsoft.NET.Build.Tasks.dll".
       Task "CheckForUnsupportedWinMDReferences"
       Done executing task "CheckForUnsupportedWinMDReferences".
   1:7>Done building target "_BlockWinMDsOnUnsupportedTFMs" in project "ETL-SQL.Engine.csproj".
       Target "ResolveReferences" skipped. Previously built successfully.
       Target "ResolvePackageDependenciesForBuild" skipped. Previously built successfully.
       Target "_HandlePackageFileConflicts" skipped. Previously built successfully.
   1:7>Target "CopyAdditionalFiles" in file "C:\Program Files\dotnet\sdk\10.0.201\Roslyn\Microsoft.Managed.Core.targets" from project "C:\Users\chuck\scratch\ETL-SQL\src\ETL-SQL.Engine\ETL-SQL.Engine.csproj" (target "AssignTargetPaths" depends on it):
   1:7>Done building target "CopyAdditionalFiles" in project "ETL-SQL.Engine.csproj".
   1:7>Target "_ComputeNETCoreBuildOutputFiles" in file "C:\Program Files\dotnet\sdk\10.0.201\Sdks\Microsoft.NET.Sdk\targets\Microsoft.NET.Sdk.targets" from project "C:\Users\chuck\scratch\ETL-SQL\src\ETL-SQL.Engine\ETL-SQL.Engine.csproj" (target "AssignTargetPaths" depends on it):
   1:7>Done building target "_ComputeNETCoreBuildOutputFiles" in project "ETL-SQL.Engine.csproj".
   1:7>Target "AssignTargetPaths" in file "C:\Program Files\dotnet\sdk\10.0.201\Microsoft.Common.CurrentVersion.targets" from project "C:\Users\chuck\scratch\ETL-SQL\src\ETL-SQL.Engine\ETL-SQL.Engine.csproj" (target "PrepareResourceNames" depends on it):
       Task "AssignTargetPath"
       Done executing task "AssignTargetPath".
       Task "AssignTargetPath"
       Done executing task "AssignTargetPath".
       Task "AssignTargetPath"
       Done executing task "AssignTargetPath".
       Task "AssignTargetPath"
       Done executing task "AssignTargetPath".
   1:7>Done building target "AssignTargetPaths" in project "ETL-SQL.Engine.csproj".
   1:7>Target "_IncludeContentItemsWithOnlyPublishMetadata" in file "C:\Program Files\dotnet\sdk\10.0.201\Sdks\Microsoft.NET.Sdk\targets\Microsoft.NET.Publish.targets" from project "C:\Users\chuck\scratch\ETL-SQL\src\ETL-SQL.Engine\ETL-SQL.Engine.csproj" (target "PrepareResourceNames" depends on it):
   1:7>Done building target "_IncludeContentItemsWithOnlyPublishMetadata" in project "ETL-SQL.Engine.csproj".
       Target "AssignTargetPaths" skipped. Previously built successfully.
   1:7>Target "SplitResourcesByCulture" in file "C:\Program Files\dotnet\sdk\10.0.201\Microsoft.Common.CurrentVersion.targets" from project "C:\Users\chuck\scratch\ETL-SQL\src\ETL-SQL.Engine\ETL-SQL.Engine.csproj" (target "PrepareResourceNames" depends on it):
       Task "AssignCulture"
       Done executing task "AssignCulture".
   1:7>Done building target "SplitResourcesByCulture" in project "ETL-SQL.Engine.csproj".
   1:7>Target "CreateCustomManifestResourceNames" in file "C:\Program Files\dotnet\sdk\10.0.201\Microsoft.Common.CurrentVersion.targets" from project "C:\Users\chuck\scratch\ETL-SQL\src\ETL-SQL.Engine\ETL-SQL.Engine.csproj" (target "PrepareResourceNames" depends on it):
   1:7>Done building target "CreateCustomManifestResourceNames" in project "ETL-SQL.Engine.csproj".
   1:7>Target "PrepareResourceNames" in file "C:\Program Files\dotnet\sdk\10.0.201\Microsoft.Common.CurrentVersion.targets" from project "C:\Users\chuck\scratch\ETL-SQL\src\ETL-SQL.Engine\ETL-SQL.Engine.csproj" (target "PrepareResources" depends on it):
   1:7>Done building target "PrepareResourceNames" in project "ETL-SQL.Engine.csproj".
       Target "ResolveAssemblyReferences" skipped. Previously built successfully.
       Target "SplitResourcesByCulture" skipped. Previously built successfully.
   1:7>Target "BeforeResGen" in file "C:\Program Files\dotnet\sdk\10.0.201\Microsoft.Common.CurrentVersion.targets" from project "C:\Users\chuck\scratch\ETL-SQL\src\ETL-SQL.Engine\ETL-SQL.Engine.csproj" (target "ResGen" depends on it):
   1:7>Done building target "BeforeResGen" in project "ETL-SQL.Engine.csproj".
       Target "ResolveReferences" skipped. Previously built successfully.
   1:7>Target "FindReferenceAssembliesForReferences" in file "C:\Program Files\dotnet\sdk\10.0.201\Microsoft.Common.CurrentVersion.targets" from project "C:\Users\chuck\scratch\ETL-SQL\src\ETL-SQL.Engine\ETL-SQL.Engine.csproj" (target "CoreResGen" depends on it):
   1:7>Done building target "FindReferenceAssembliesForReferences" in project "ETL-SQL.Engine.csproj".
   1:7>Target "CoreResGen" in file "C:\Program Files\dotnet\sdk\10.0.201\Microsoft.Common.CurrentVersion.targets" from project "C:\Users\chuck\scratch\ETL-SQL\src\ETL-SQL.Engine\ETL-SQL.Engine.csproj" (target "ResGen" depends on it):
   1:7>Done building target "CoreResGen" in project "ETL-SQL.Engine.csproj".
   1:7>Target "AfterResGen" in file "C:\Program Files\dotnet\sdk\10.0.201\Microsoft.Common.CurrentVersion.targets" from project "C:\Users\chuck\scratch\ETL-SQL\src\ETL-SQL.Engine\ETL-SQL.Engine.csproj" (target "ResGen" depends on it):
   1:7>Done building target "AfterResGen" in project "ETL-SQL.Engine.csproj".
   1:7>Target "ResGen" in file "C:\Program Files\dotnet\sdk\10.0.201\Microsoft.Common.CurrentVersion.targets" from project "C:\Users\chuck\scratch\ETL-SQL\src\ETL-SQL.Engine\ETL-SQL.Engine.csproj" (target "PrepareResources" depends on it):
   1:7>Done building target "ResGen" in project "ETL-SQL.Engine.csproj".
   1:7>Target "PrepareResources" in file "C:\Program Files\dotnet\sdk\10.0.201\Microsoft.Common.CurrentVersion.targets" from project "C:\Users\chuck\scratch\ETL-SQL\src\ETL-SQL.Engine\ETL-SQL.Engine.csproj" (target "CoreBuild" depends on it):
   1:7>Done building target "PrepareResources" in project "ETL-SQL.Engine.csproj".
       Target "ResolveReferences" skipped. Previously built successfully.
   1:7>Target "_SetEmbeddedWin32ManifestProperties" in file "C:\Program Files\dotnet\sdk\10.0.201\Microsoft.Common.CurrentVersion.targets" from project "C:\Users\chuck\scratch\ETL-SQL\src\ETL-SQL.Engine\ETL-SQL.Engine.csproj" (target "SetWin32ManifestProperties" depends on it):
       Task "GetFrameworkPath"
       Done executing task "GetFrameworkPath".
   1:7>Done building target "_SetEmbeddedWin32ManifestProperties" in project "ETL-SQL.Engine.csproj".
   1:7>Target "SetWin32ManifestProperties" in file "C:\Program Files\dotnet\sdk\10.0.201\Microsoft.Common.CurrentVersion.targets" from project "C:\Users\chuck\scratch\ETL-SQL\src\ETL-SQL.Engine\ETL-SQL.Engine.csproj" (target "Compile" depends on it):
   1:7>Done building target "SetWin32ManifestProperties" in project "ETL-SQL.Engine.csproj".
       Target "FindReferenceAssembliesForReferences" skipped. Previously built successfully.
   1:7>Target "_GenerateCompileInputs" in file "C:\Program Files\dotnet\sdk\10.0.201\Microsoft.Common.CurrentVersion.targets" from project "C:\Users\chuck\scratch\ETL-SQL\src\ETL-SQL.Engine\ETL-SQL.Engine.csproj" (target "Compile" depends on it):
   1:7>Done building target "_GenerateCompileInputs" in project "ETL-SQL.Engine.csproj".
       Target "PrepareForBuild" skipped. Previously built successfully.
   1:7>Target "GenerateMSBuildEditorConfigFileShouldRun" in file "C:\Program Files\dotnet\sdk\10.0.201\Roslyn\Microsoft.Managed.Core.targets" from project "C:\Users\chuck\scratch\ETL-SQL\src\ETL-SQL.Engine\ETL-SQL.Engine.csproj" (target "GenerateMSBuildEditorConfigFile" depends on it):
   1:7>Done building target "GenerateMSBuildEditorConfigFileShouldRun" in project "ETL-SQL.Engine.csproj".
   1:7>Target "AddGlobalAnalyzerConfigForPackage_MicrosoftCodeAnalysisCSharpCodeStyle" in file "C:\Program Files\dotnet\sdk\10.0.201\Sdks\Microsoft.NET.Sdk\codestyle\cs\build\Microsoft.CodeAnalysis.CSharp.CodeStyle.targets" from project "C:\Users\chuck\scratch\ETL-SQL\src\ETL-SQL.Engine\ETL-SQL.Engine.csproj" (target "GenerateMSBuildEditorConfigFileCore" depends on it):
   1:7>Done building target "AddGlobalAnalyzerConfigForPackage_MicrosoftCodeAnalysisCSharpCodeStyle" in project "ETL-SQL.Engine.csproj".
   1:7>Target "GenerateMSBuildEditorConfigFileCore" in file "C:\Program Files\dotnet\sdk\10.0.201\Roslyn\Microsoft.Managed.Core.targets" from project "C:\Users\chuck\scratch\ETL-SQL\src\ETL-SQL.Engine\ETL-SQL.Engine.csproj" (target "GenerateMSBuildEditorConfigFile" depends on it):
       Building target "GenerateMSBuildEditorConfigFileCore" completely.
       No input files were specified.
       Using "GenerateMSBuildEditorConfig" task from assembly "C:\Program Files\dotnet\sdk\10.0.201\Sdks\Microsoft.NET.Sdk\targets\..\..\..\Roslyn\Microsoft.Build.Tasks.CodeAnalysis.dll".
       Task "GenerateMSBuildEditorConfig"
       Done executing task "GenerateMSBuildEditorConfig".
   1:7>Done building target "GenerateMSBuildEditorConfigFileCore" in project "ETL-SQL.Engine.csproj".
   1:7>Target "GenerateMSBuildEditorConfigFile" in file "C:\Program Files\dotnet\sdk\10.0.201\Roslyn\Microsoft.Managed.Core.targets" from project "C:\Users\chuck\scratch\ETL-SQL\src\ETL-SQL.Engine\ETL-SQL.Engine.csproj" (target "BeforeCompile" depends on it):
   1:7>Done building target "GenerateMSBuildEditorConfigFile" in project "ETL-SQL.Engine.csproj".
       Target "PrepareForBuild" skipped. Previously built successfully.
       Target "GetReferenceAssemblyPaths" skipped. Previously built successfully.
   1:7>Target "_SetTargetFrameworkMonikerAttribute" in file "C:\Program Files\dotnet\sdk\10.0.201\Microsoft.CSharp.CurrentVersion.targets" from project "C:\Users\chuck\scratch\ETL-SQL\src\ETL-SQL.Engine\ETL-SQL.Engine.csproj" (target "GenerateTargetFrameworkMonikerAttribute" depends on it):
   1:7>Done building target "_SetTargetFrameworkMonikerAttribute" in project "ETL-SQL.Engine.csproj".
   1:7>Target "GenerateTargetFrameworkMonikerAttribute" in file "C:\Program Files\dotnet\sdk\10.0.201\Microsoft.Common.CurrentVersion.targets" from project "C:\Users\chuck\scratch\ETL-SQL\src\ETL-SQL.Engine\ETL-SQL.Engine.csproj" (target "BeforeCompile" depends on it):
       Skipping target "GenerateTargetFrameworkMonikerAttribute" because all output files are up-to-date with respect to the input files.
       Input files: C:\Program Files\dotnet\sdk\10.0.201\Microsoft.Common.targets
       Output files: obj\Debug\net10.0\.NETCoreApp,Version=v10.0.AssemblyAttributes.cs
   1:7>Done building target "GenerateTargetFrameworkMonikerAttribute" in project "ETL-SQL.Engine.csproj".
       Target "PrepareForBuild" skipped. Previously built successfully.
   1:7>Target "GetAssemblyVersion" in file "C:\Program Files\dotnet\sdk\10.0.201\Sdks\Microsoft.NET.Sdk\targets\Microsoft.NET.GenerateAssemblyInfo.targets" from project "C:\Users\chuck\scratch\ETL-SQL\src\ETL-SQL.Engine\ETL-SQL.Engine.csproj" (target "GetAssemblyAttributes" depends on it):
       Using "GetAssemblyVersion" task from assembly "C:\Program Files\dotnet\sdk\10.0.201\Sdks\Microsoft.NET.Sdk\targets\..\tools\net10.0\Microsoft.NET.Build.Tasks.dll".
       Task "GetAssemblyVersion"
       Done executing task "GetAssemblyVersion".
   1:7>Done building target "GetAssemblyVersion" in project "ETL-SQL.Engine.csproj".
   1:7>Target "InitializeSourceControlInformationFromSourceControlManager" in file "C:\Program Files\dotnet\sdk\10.0.201\Sdks\Microsoft.Build.Tasks.Git\build\Microsoft.Build.Tasks.Git.targets" from project "C:\Users\chuck\scratch\ETL-SQL\src\ETL-SQL.Engine\ETL-SQL.Engine.csproj" (target "_InitializeSourceControlInformationFromSourceControlManager" depends on it):
       Using "Microsoft.Build.Tasks.Git.LocateRepository" task from assembly "C:\Program Files\dotnet\sdk\10.0.201\Sdks\Microsoft.Build.Tasks.Git\build\..\tools\net\Microsoft.Build.Tasks.Git.dll".
       Task "Microsoft.Build.Tasks.Git.LocateRepository"
         SourceLink: Reusing cached git repository information.
       Done executing task "Microsoft.Build.Tasks.Git.LocateRepository".
   1:7>Done building target "InitializeSourceControlInformationFromSourceControlManager" in project "ETL-SQL.Engine.csproj".
   1:7>Target "_SourceLinkHasSingleProvider" in file "C:\Program Files\dotnet\sdk\10.0.201\Sdks\Microsoft.SourceLink.Common\build\InitializeSourceControlInformation.targets" from project "C:\Users\chuck\scratch\ETL-SQL\src\ETL-SQL.Engine\ETL-SQL.Engine.csproj" (target "_InitializeSourceControlInformationFromSourceControlManager" depends on it):
       Using "Microsoft.SourceLink.Common.SourceLinkHasSingleProvider" task from assembly "C:\Program Files\dotnet\sdk\10.0.201\Sdks\Microsoft.SourceLink.Common\build\..\tools\net\Microsoft.SourceLink.Common.dll".
       Task "Microsoft.SourceLink.Common.SourceLinkHasSingleProvider"
       Done executing task "Microsoft.SourceLink.Common.SourceLinkHasSingleProvider".
   1:7>Done building target "_SourceLinkHasSingleProvider" in project "ETL-SQL.Engine.csproj".
   1:7>Target "TranslateGitHubUrlsInSourceControlInformation" in file "C:\Program Files\dotnet\sdk\10.0.201\Sdks\Microsoft.SourceLink.GitHub\build\Microsoft.SourceLink.GitHub.targets" from project "C:\Users\chuck\scratch\ETL-SQL\src\ETL-SQL.Engine\ETL-SQL.Engine.csproj" (target "_InitializeSourceControlInformationFromSourceControlManager" depends on it):
       Using "Microsoft.SourceLink.GitHub.TranslateRepositoryUrls" task from assembly "C:\Program Files\dotnet\sdk\10.0.201\Sdks\Microsoft.SourceLink.GitHub\build\..\tools\net\Microsoft.SourceLink.GitHub.dll".
       Task "Microsoft.SourceLink.GitHub.TranslateRepositoryUrls"
       Done executing task "Microsoft.SourceLink.GitHub.TranslateRepositoryUrls".
   1:7>Done building target "TranslateGitHubUrlsInSourceControlInformation" in project "ETL-SQL.Engine.csproj".
   1:7>Target "TranslateGitLabUrlsInSourceControlInformation" in file "C:\Program Files\dotnet\sdk\10.0.201\Sdks\Microsoft.SourceLink.GitLab\build\Microsoft.SourceLink.GitLab.targets" from project "C:\Users\chuck\scratch\ETL-SQL\src\ETL-SQL.Engine\ETL-SQL.Engine.csproj" (target "_InitializeSourceControlInformationFromSourceControlManager" depends on it):
       Using "Microsoft.SourceLink.GitLab.TranslateRepositoryUrls" task from assembly "C:\Program Files\dotnet\sdk\10.0.201\Sdks\Microsoft.SourceLink.GitLab\build\..\tools\net\Microsoft.SourceLink.GitLab.dll".
       Task "Microsoft.SourceLink.GitLab.TranslateRepositoryUrls"
       Done executing task "Microsoft.SourceLink.GitLab.TranslateRepositoryUrls".
   1:7>Done building target "TranslateGitLabUrlsInSourceControlInformation" in project "ETL-SQL.Engine.csproj".
   1:7>Target "TranslateAzureReposGitUrlsInSourceControlInformation" in file "C:\Program Files\dotnet\sdk\10.0.201\Sdks\Microsoft.SourceLink.AzureRepos.Git\build\Microsoft.SourceLink.AzureRepos.Git.targets" from project "C:\Users\chuck\scratch\ETL-SQL\src\ETL-SQL.Engine\ETL-SQL.Engine.csproj" (target "_InitializeSourceControlInformationFromSourceControlManager" depends on it):
       Using "Microsoft.SourceLink.AzureRepos.Git.TranslateRepositoryUrls" task from assembly "C:\Program Files\dotnet\sdk\10.0.201\Sdks\Microsoft.SourceLink.AzureRepos.Git\build\..\tools\net\Microsoft.SourceLink.AzureRepos.Git.dll".
       Task "Microsoft.SourceLink.AzureRepos.Git.TranslateRepositoryUrls"
       Done executing task "Microsoft.SourceLink.AzureRepos.Git.TranslateRepositoryUrls".
   1:7>Done building target "TranslateAzureReposGitUrlsInSourceControlInformation" in project "ETL-SQL.Engine.csproj".
   1:7>Target "TranslateBitbucketGitUrlsInSourceControlInformation" in file "C:\Program Files\dotnet\sdk\10.0.201\Sdks\Microsoft.SourceLink.Bitbucket.Git\build\Microsoft.SourceLink.Bitbucket.Git.targets" from project "C:\Users\chuck\scratch\ETL-SQL\src\ETL-SQL.Engine\ETL-SQL.Engine.csproj" (target "_InitializeSourceControlInformationFromSourceControlManager" depends on it):
       Using "Microsoft.SourceLink.Bitbucket.Git.TranslateRepositoryUrls" task from assembly "C:\Program Files\dotnet\sdk\10.0.201\Sdks\Microsoft.SourceLink.Bitbucket.Git\build\..\tools\net\Microsoft.SourceLink.Bitbucket.Git.dll".
       Task "Microsoft.SourceLink.Bitbucket.Git.TranslateRepositoryUrls"
       Done executing task "Microsoft.SourceLink.Bitbucket.Git.TranslateRepositoryUrls".
   1:7>Done building target "TranslateBitbucketGitUrlsInSourceControlInformation" in project "ETL-SQL.Engine.csproj".
   1:7>Target "SourceControlManagerPublishTranslatedUrls" in file "C:\Program Files\dotnet\sdk\10.0.201\Sdks\Microsoft.SourceLink.Common\build\InitializeSourceControlInformation.targets" from project "C:\Users\chuck\scratch\ETL-SQL\src\ETL-SQL.Engine\ETL-SQL.Engine.csproj" (target "_InitializeSourceControlInformationFromSourceControlManager" depends on it):
   1:7>Done building target "SourceControlManagerPublishTranslatedUrls" in project "ETL-SQL.Engine.csproj".
   1:7>Target "_InitializeSourceControlInformationFromSourceControlManager" in file "C:\Program Files\dotnet\sdk\10.0.201\Sdks\Microsoft.SourceLink.Common\build\InitializeSourceControlInformation.targets" from project "C:\Users\chuck\scratch\ETL-SQL\src\ETL-SQL.Engine\ETL-SQL.Engine.csproj" (target "InitializeSourceControlInformation" depends on it):
   1:7>Done building target "_InitializeSourceControlInformationFromSourceControlManager" in project "ETL-SQL.Engine.csproj".
   1:7>Target "InitializeSourceControlInformation" in file "C:\Program Files\dotnet\sdk\10.0.201\Microsoft.Common.CurrentVersion.targets" from project "C:\Users\chuck\scratch\ETL-SQL\src\ETL-SQL.Engine\ETL-SQL.Engine.csproj" (target "GetAssemblyAttributes" depends on it):
   1:7>Done building target "InitializeSourceControlInformation" in project "ETL-SQL.Engine.csproj".
       Target "GetAssemblyVersion" skipped. Previously built successfully.
       Target "InitializeSourceControlInformation" skipped. Previously built successfully.
   1:7>Target "AddSourceRevisionToInformationalVersion" in file "C:\Program Files\dotnet\sdk\10.0.201\Sdks\Microsoft.NET.Sdk\targets\Microsoft.NET.GenerateAssemblyInfo.targets" from project "C:\Users\chuck\scratch\ETL-SQL\src\ETL-SQL.Engine\ETL-SQL.Engine.csproj" (target "GetAssemblyAttributes" depends on it):
       C:\Program Files\dotnet\sdk\10.0.201\Sdks\Microsoft.NET.Sdk\targets\Microsoft.NET.GenerateAssemblyInfo.targets(70,7): message : Property reassignment: $(InformationalVersion)="1.0.0+26f5b2d9f32c74b186ba7dbd8a255ae3bb283720" (previous value: "1.0.0") at C:\Program Files\dotnet\sdk\10.0.201\Sdks\Microsoft.NET.Sdk\targets\Microsoft.NET.GenerateAssemblyInfo.targets (70,7) [C:\Users\chuck\scratch\ETL-SQL\src\ETL-SQL.Engine\ETL-SQL.Engine.csproj]
   1:7>Done building target "AddSourceRevisionToInformationalVersion" in project "ETL-SQL.Engine.csproj".
   1:7>Target "GetAssemblyAttributes" in file "C:\Program Files\dotnet\sdk\10.0.201\Sdks\Microsoft.NET.Sdk\targets\Microsoft.NET.GenerateAssemblyInfo.targets" from project "C:\Users\chuck\scratch\ETL-SQL\src\ETL-SQL.Engine\ETL-SQL.Engine.csproj" (target "CreateGeneratedAssemblyInfoInputsCacheFile" depends on it):
   1:7>Done building target "GetAssemblyAttributes" in project "ETL-SQL.Engine.csproj".
   1:7>Target "CreateGeneratedAssemblyInfoInputsCacheFile" in file "C:\Program Files\dotnet\sdk\10.0.201\Sdks\Microsoft.NET.Sdk\targets\Microsoft.NET.GenerateAssemblyInfo.targets" from project "C:\Users\chuck\scratch\ETL-SQL\src\ETL-SQL.Engine\ETL-SQL.Engine.csproj" (target "CoreGenerateAssemblyInfo" depends on it):
       Task "Hash"
       Done executing task "Hash".
       Task "WriteLinesToFile"
         Skipping write to file "C:\Users\chuck\scratch\ETL-SQL\src\ETL-SQL.Engine\obj\Debug\net10.0\ETL-SQL.Engine.AssemblyInfoInputs.cache" because content would not change.
       Done executing task "WriteLinesToFile".
   1:7>Done building target "CreateGeneratedAssemblyInfoInputsCacheFile" in project "ETL-SQL.Engine.csproj".
   1:7>Target "CoreGenerateAssemblyInfo" in file "C:\Program Files\dotnet\sdk\10.0.201\Sdks\Microsoft.NET.Sdk\targets\Microsoft.NET.GenerateAssemblyInfo.targets" from project "C:\Users\chuck\scratch\ETL-SQL\src\ETL-SQL.Engine\ETL-SQL.Engine.csproj" (target "GenerateAssemblyInfo" depends on it):
       Skipping target "CoreGenerateAssemblyInfo" because all output files are up-to-date with respect to the input files.
       Input files: obj\Debug\net10.0\ETL-SQL.Engine.AssemblyInfoInputs.cache
       Output files: obj\Debug\net10.0\ETL-SQL.Engine.AssemblyInfo.cs
   1:7>Done building target "CoreGenerateAssemblyInfo" in project "ETL-SQL.Engine.csproj".
   1:7>Target "GenerateAssemblyInfo" in file "C:\Program Files\dotnet\sdk\10.0.201\Sdks\Microsoft.NET.Sdk\targets\Microsoft.NET.GenerateAssemblyInfo.targets" from project "C:\Users\chuck\scratch\ETL-SQL\src\ETL-SQL.Engine\ETL-SQL.Engine.csproj" (target "BeforeCompile" depends on it):
   1:7>Done building target "GenerateAssemblyInfo" in project "ETL-SQL.Engine.csproj".
   1:7>Target "BeforeCompile" in file "C:\Program Files\dotnet\sdk\10.0.201\Microsoft.Common.CurrentVersion.targets" from project "C:\Users\chuck\scratch\ETL-SQL\src\ETL-SQL.Engine\ETL-SQL.Engine.csproj" (target "Compile" depends on it):
   1:7>Done building target "BeforeCompile" in project "ETL-SQL.Engine.csproj".
       Target "ResolveAssemblyReferences" skipped. Previously built successfully.
       Target "_GenerateCompileInputs" skipped. Previously built successfully.
   1:7>Target "_GenerateCompileDependencyCache" in file "C:\Program Files\dotnet\sdk\10.0.201\Microsoft.Common.CurrentVersion.targets" from project "C:\Users\chuck\scratch\ETL-SQL\src\ETL-SQL.Engine\ETL-SQL.Engine.csproj" (target "Compile" depends on it):
       Task "Hash"
       Done executing task "Hash".
       Task "WriteLinesToFile"
         Skipping write to file "C:\Users\chuck\scratch\ETL-SQL\src\ETL-SQL.Engine\obj\Debug\net10.0\ETL-SQL.Engine.csproj.CoreCompileInputs.cache" because content would not change.
       Done executing task "WriteLinesToFile".
   1:7>Done building target "_GenerateCompileDependencyCache" in project "ETL-SQL.Engine.csproj".
   1:7>Target "_BeforeVBCSCoreCompile" in file "C:\Program Files\dotnet\sdk\10.0.201\Roslyn\Microsoft.Managed.Core.targets" from project "C:\Users\chuck\scratch\ETL-SQL\src\ETL-SQL.Engine\ETL-SQL.Engine.csproj" (target "CoreCompile" depends on it):
   1:7>Done building target "_BeforeVBCSCoreCompile" in project "ETL-SQL.Engine.csproj".
   1:7>Target "_ComputeSkipAnalyzers" in file "C:\Program Files\dotnet\sdk\10.0.201\Roslyn\Microsoft.Managed.Core.targets" from project "C:\Users\chuck\scratch\ETL-SQL\src\ETL-SQL.Engine\ETL-SQL.Engine.csproj" (target "CoreCompile" depends on it):
   1:7>Done building target "_ComputeSkipAnalyzers" in project "ETL-SQL.Engine.csproj".
       Target "BeforeCompile" skipped. Previously built successfully.
       Target "InitializeSourceControlInformationFromSourceControlManager" skipped. Previously built successfully.
   1:7>Target "SetEmbeddedFilesFromSourceControlManagerUntrackedFiles" in file "C:\Program Files\dotnet\sdk\10.0.201\Sdks\Microsoft.Build.Tasks.Git\build\Microsoft.Build.Tasks.Git.targets" from project "C:\Users\chuck\scratch\ETL-SQL\src\ETL-SQL.Engine\ETL-SQL.Engine.csproj" (target "_SetEmbeddedFilesFromSourceControlManagerUntrackedFiles" depends on it):
       Using "Microsoft.Build.Tasks.Git.GetUntrackedFiles" task from assembly "C:\Program Files\dotnet\sdk\10.0.201\Sdks\Microsoft.Build.Tasks.Git\build\..\tools\net\Microsoft.Build.Tasks.Git.dll".
       Task "Microsoft.Build.Tasks.Git.GetUntrackedFiles"
         SourceLink: Reusing cached git repository information.
       Done executing task "Microsoft.Build.Tasks.Git.GetUntrackedFiles".
   1:7>Done building target "SetEmbeddedFilesFromSourceControlManagerUntrackedFiles" in project "ETL-SQL.Engine.csproj".
   1:7>Target "_SetEmbeddedFilesFromSourceControlManagerUntrackedFiles" in file "C:\Program Files\dotnet\sdk\10.0.201\Sdks\Microsoft.SourceLink.Common\build\Microsoft.SourceLink.Common.targets" from project "C:\Users\chuck\scratch\ETL-SQL\src\ETL-SQL.Engine\ETL-SQL.Engine.csproj" (target "CoreCompile" depends on it):
   1:7>Done building target "_SetEmbeddedFilesFromSourceControlManagerUntrackedFiles" in project "ETL-SQL.Engine.csproj".
       Target "InitializeSourceControlInformation" skipped. Previously built successfully.
   1:7>Target "_SetSourceLinkFilePath" in file "C:\Program Files\dotnet\sdk\10.0.201\Sdks\Microsoft.SourceLink.Common\build\Microsoft.SourceLink.Common.targets" from project "C:\Users\chuck\scratch\ETL-SQL\src\ETL-SQL.Engine\ETL-SQL.Engine.csproj" (target "_GenerateSourceLinkFile" depends on it):
   1:7>Done building target "_SetSourceLinkFilePath" in project "ETL-SQL.Engine.csproj".
       Target "InitializeSourceControlInformation" skipped. Previously built successfully.
   1:7>Target "_InitializeSourceRootMappedPathsFromSourceControl" in file "C:\Program Files\dotnet\sdk\10.0.201\Roslyn\Microsoft.Managed.Core.targets" from project "C:\Users\chuck\scratch\ETL-SQL\src\ETL-SQL.Engine\ETL-SQL.Engine.csproj" (target "InitializeSourceRootMappedPaths" depends on it):
   1:7>Done building target "_InitializeSourceRootMappedPathsFromSourceControl" in project "ETL-SQL.Engine.csproj".
   1:7>Target "InitializeSourceRootMappedPaths" in file "C:\Program Files\dotnet\sdk\10.0.201\Roslyn\Microsoft.Managed.Core.targets" from project "C:\Users\chuck\scratch\ETL-SQL\src\ETL-SQL.Engine\ETL-SQL.Engine.csproj" (target "_InitializeSourceRootMappedPathsOpt" depends on it):
       Using "Microsoft.CodeAnalysis.BuildTasks.MapSourceRoots" task from assembly "C:\Program Files\dotnet\sdk\10.0.201\Sdks\Microsoft.NET.Sdk\targets\..\..\..\Roslyn\Microsoft.Build.Tasks.CodeAnalysis.dll".
       Task "Microsoft.CodeAnalysis.BuildTasks.MapSourceRoots"
       Done executing task "Microsoft.CodeAnalysis.BuildTasks.MapSourceRoots".
   1:7>Done building target "InitializeSourceRootMappedPaths" in project "ETL-SQL.Engine.csproj".
   1:7>Target "_InitializeSourceRootMappedPathsOpt" in file "C:\Program Files\dotnet\sdk\10.0.201\Sdks\Microsoft.SourceLink.Common\build\Microsoft.SourceLink.Common.targets" from project "C:\Users\chuck\scratch\ETL-SQL\src\ETL-SQL.Engine\ETL-SQL.Engine.csproj" (target "_GenerateSourceLinkFile" depends on it):
   1:7>Done building target "_InitializeSourceRootMappedPathsOpt" in project "ETL-SQL.Engine.csproj".
   1:7>Target "_InitializeGitHubSourceLinkUrl" in file "C:\Program Files\dotnet\sdk\10.0.201\Sdks\Microsoft.SourceLink.GitHub\build\Microsoft.SourceLink.GitHub.targets" from project "C:\Users\chuck\scratch\ETL-SQL\src\ETL-SQL.Engine\ETL-SQL.Engine.csproj" (target "_GenerateSourceLinkFile" depends on it):
       Building target "_InitializeGitHubSourceLinkUrl" completely.
       No input files were specified.
       Using "Microsoft.SourceLink.GitHub.GetSourceLinkUrl" task from assembly "C:\Program Files\dotnet\sdk\10.0.201\Sdks\Microsoft.SourceLink.GitHub\build\..\tools\net\Microsoft.SourceLink.GitHub.dll".
       Task "Microsoft.SourceLink.GitHub.GetSourceLinkUrl"
       Done executing task "Microsoft.SourceLink.GitHub.GetSourceLinkUrl".
   1:7>Done building target "_InitializeGitHubSourceLinkUrl" in project "ETL-SQL.Engine.csproj".
   1:7>Target "_InitializeGitHubSourceLinkUrl" in file "C:\Program Files\dotnet\sdk\10.0.201\Sdks\Microsoft.SourceLink.GitHub\build\Microsoft.SourceLink.GitHub.targets" from project "C:\Users\chuck\scratch\ETL-SQL\src\ETL-SQL.Engine\ETL-SQL.Engine.csproj" (target "_GenerateSourceLinkFile" depends on it):
       Building target "_InitializeGitHubSourceLinkUrl" completely.
       No input files were specified.
       Task "Microsoft.SourceLink.GitHub.GetSourceLinkUrl"
       Done executing task "Microsoft.SourceLink.GitHub.GetSourceLinkUrl".
   1:7>Done building target "_InitializeGitHubSourceLinkUrl" in project "ETL-SQL.Engine.csproj".
   1:7>Target "_InitializeGitLabSourceLinkUrl" in file "C:\Program Files\dotnet\sdk\10.0.201\Sdks\Microsoft.SourceLink.GitLab\build\Microsoft.SourceLink.GitLab.targets" from project "C:\Users\chuck\scratch\ETL-SQL\src\ETL-SQL.Engine\ETL-SQL.Engine.csproj" (target "_GenerateSourceLinkFile" depends on it):
       Building target "_InitializeGitLabSourceLinkUrl" completely.
       No input files were specified.
       Using "Microsoft.SourceLink.GitLab.GetSourceLinkUrl" task from assembly "C:\Program Files\dotnet\sdk\10.0.201\Sdks\Microsoft.SourceLink.GitLab\build\..\tools\net\Microsoft.SourceLink.GitLab.dll".
       Task "Microsoft.SourceLink.GitLab.GetSourceLinkUrl"
       C:\Program Files\dotnet\sdk\10.0.201\Sdks\Microsoft.SourceLink.GitLab\build\Microsoft.SourceLink.GitLab.targets(37,7): message : Property reassignment: $(_SourceLinkUrlToUpdate)="N/A" (previous value: "https://raw.githubusercontent.com/AmericanSuperstar/ETL-SQL/26f5b2d9f32c74b186ba7dbd8a255ae3bb283720/*") at C:\Program Files\dotnet\sdk\10.0.201\Sdks\Microsoft.SourceLink.GitLab\build\Microsoft.SourceLink.GitLab.targets (37,7) [C:\Users\chuck\scratch\ETL-SQL\src\ETL-SQL.Engine\ETL-SQL.Engine.csproj]
       Done executing task "Microsoft.SourceLink.GitLab.GetSourceLinkUrl".
   1:7>Done building target "_InitializeGitLabSourceLinkUrl" in project "ETL-SQL.Engine.csproj".
   1:7>Target "_InitializeGitLabSourceLinkUrl" in file "C:\Program Files\dotnet\sdk\10.0.201\Sdks\Microsoft.SourceLink.GitLab\build\Microsoft.SourceLink.GitLab.targets" from project "C:\Users\chuck\scratch\ETL-SQL\src\ETL-SQL.Engine\ETL-SQL.Engine.csproj" (target "_GenerateSourceLinkFile" depends on it):
       Building target "_InitializeGitLabSourceLinkUrl" completely.
       No input files were specified.
       Task "Microsoft.SourceLink.GitLab.GetSourceLinkUrl"
       C:\Program Files\dotnet\sdk\10.0.201\Sdks\Microsoft.SourceLink.GitLab\build\Microsoft.SourceLink.GitLab.targets(37,7): message : Property reassignment: $(_SourceLinkUrlToUpdate)="N/A" (previous value: "https://raw.githubusercontent.com/AmericanSuperstar/ETL-SQL/26f5b2d9f32c74b186ba7dbd8a255ae3bb283720/*") at C:\Program Files\dotnet\sdk\10.0.201\Sdks\Microsoft.SourceLink.GitLab\build\Microsoft.SourceLink.GitLab.targets (37,7) [C:\Users\chuck\scratch\ETL-SQL\src\ETL-SQL.Engine\ETL-SQL.Engine.csproj]
       Done executing task "Microsoft.SourceLink.GitLab.GetSourceLinkUrl".
   1:7>Done building target "_InitializeGitLabSourceLinkUrl" in project "ETL-SQL.Engine.csproj".
   1:7>Target "_InitializeAzureReposGitSourceLinkUrl" in file "C:\Program Files\dotnet\sdk\10.0.201\Sdks\Microsoft.SourceLink.AzureRepos.Git\build\Microsoft.SourceLink.AzureRepos.Git.targets" from project "C:\Users\chuck\scratch\ETL-SQL\src\ETL-SQL.Engine\ETL-SQL.Engine.csproj" (target "_GenerateSourceLinkFile" depends on it):
       Building target "_InitializeAzureReposGitSourceLinkUrl" completely.
       No input files were specified.
       Using "Microsoft.SourceLink.AzureRepos.Git.GetSourceLinkUrl" task from assembly "C:\Program Files\dotnet\sdk\10.0.201\Sdks\Microsoft.SourceLink.AzureRepos.Git\build\..\tools\net\Microsoft.SourceLink.AzureRepos.Git.dll".
       Task "Microsoft.SourceLink.AzureRepos.Git.GetSourceLinkUrl"
       Done executing task "Microsoft.SourceLink.AzureRepos.Git.GetSourceLinkUrl".
   1:7>Done building target "_InitializeAzureReposGitSourceLinkUrl" in project "ETL-SQL.Engine.csproj".
   1:7>Target "_InitializeAzureReposGitSourceLinkUrl" in file "C:\Program Files\dotnet\sdk\10.0.201\Sdks\Microsoft.SourceLink.AzureRepos.Git\build\Microsoft.SourceLink.AzureRepos.Git.targets" from project "C:\Users\chuck\scratch\ETL-SQL\src\ETL-SQL.Engine\ETL-SQL.Engine.csproj" (target "_GenerateSourceLinkFile" depends on it):
       Building target "_InitializeAzureReposGitSourceLinkUrl" completely.
       No input files were specified.
       Task "Microsoft.SourceLink.AzureRepos.Git.GetSourceLinkUrl"
       Done executing task "Microsoft.SourceLink.AzureRepos.Git.GetSourceLinkUrl".
   1:7>Done building target "_InitializeAzureReposGitSourceLinkUrl" in project "ETL-SQL.Engine.csproj".
   1:7>Target "_InitializeBitbucketGitSourceLinkUrl" in file "C:\Program Files\dotnet\sdk\10.0.201\Sdks\Microsoft.SourceLink.Bitbucket.Git\build\Microsoft.SourceLink.Bitbucket.Git.targets" from project "C:\Users\chuck\scratch\ETL-SQL\src\ETL-SQL.Engine\ETL-SQL.Engine.csproj" (target "_GenerateSourceLinkFile" depends on it):
       Building target "_InitializeBitbucketGitSourceLinkUrl" completely.
       No input files were specified.
       Using "Microsoft.SourceLink.Bitbucket.Git.GetSourceLinkUrl" task from assembly "C:\Program Files\dotnet\sdk\10.0.201\Sdks\Microsoft.SourceLink.Bitbucket.Git\build\..\tools\net\Microsoft.SourceLink.Bitbucket.Git.dll".
       Task "Microsoft.SourceLink.Bitbucket.Git.GetSourceLinkUrl"
       Done executing task "Microsoft.SourceLink.Bitbucket.Git.GetSourceLinkUrl".
   1:7>Done building target "_InitializeBitbucketGitSourceLinkUrl" in project "ETL-SQL.Engine.csproj".
   1:7>Target "_InitializeBitbucketGitSourceLinkUrl" in file "C:\Program Files\dotnet\sdk\10.0.201\Sdks\Microsoft.SourceLink.Bitbucket.Git\build\Microsoft.SourceLink.Bitbucket.Git.targets" from project "C:\Users\chuck\scratch\ETL-SQL\src\ETL-SQL.Engine\ETL-SQL.Engine.csproj" (target "_GenerateSourceLinkFile" depends on it):
       Building target "_InitializeBitbucketGitSourceLinkUrl" completely.
       No input files were specified.
       Task "Microsoft.SourceLink.Bitbucket.Git.GetSourceLinkUrl"
       Done executing task "Microsoft.SourceLink.Bitbucket.Git.GetSourceLinkUrl".
   1:7>Done building target "_InitializeBitbucketGitSourceLinkUrl" in project "ETL-SQL.Engine.csproj".
   1:7>Target "_GenerateSourceLinkFile" in file "C:\Program Files\dotnet\sdk\10.0.201\Sdks\Microsoft.SourceLink.Common\build\Microsoft.SourceLink.Common.targets" from project "C:\Users\chuck\scratch\ETL-SQL\src\ETL-SQL.Engine\ETL-SQL.Engine.csproj" (target "GenerateSourceLinkFile" depends on it):
       Building target "_GenerateSourceLinkFile" completely.
       No input files were specified.
       Using "Microsoft.SourceLink.Common.GenerateSourceLinkFile" task from assembly "C:\Program Files\dotnet\sdk\10.0.201\Sdks\Microsoft.SourceLink.Common\build\..\tools\net\Microsoft.SourceLink.Common.dll".
       Task "Microsoft.SourceLink.Common.GenerateSourceLinkFile"
         Source Link file 'obj\Debug\net10.0\ETL-SQL.Engine.sourcelink.json' is up-to-date.
       Done executing task "Microsoft.SourceLink.Common.GenerateSourceLinkFile".
   1:7>Done building target "_GenerateSourceLinkFile" in project "ETL-SQL.Engine.csproj".
   1:7>Target "GenerateSourceLinkFile" in file "C:\Program Files\dotnet\sdk\10.0.201\Sdks\Microsoft.SourceLink.Common\build\Microsoft.SourceLink.Common.targets" from project "C:\Users\chuck\scratch\ETL-SQL\src\ETL-SQL.Engine\ETL-SQL.Engine.csproj" (target "CoreCompile" depends on it):
   1:7>Done building target "GenerateSourceLinkFile" in project "ETL-SQL.Engine.csproj".
   1:7>Target "AddGlobalAnalyzerConfigForPackage_MicrosoftCodeAnalysisNetAnalyzers" in file "C:\Program Files\dotnet\sdk\10.0.201\Sdks\Microsoft.NET.Sdk\analyzers\build\Microsoft.CodeAnalysis.NetAnalyzers.targets" from project "C:\Users\chuck\scratch\ETL-SQL\src\ETL-SQL.Engine\ETL-SQL.Engine.csproj" (target "CoreCompile" depends on it):
   1:7>Done building target "AddGlobalAnalyzerConfigForPackage_MicrosoftCodeAnalysisNetAnalyzers" in project "ETL-SQL.Engine.csproj".
   1:7>Target "CoreCompile" in file "C:\Program Files\dotnet\sdk\10.0.201\Roslyn\Microsoft.CSharp.Core.targets" from project "C:\Users\chuck\scratch\ETL-SQL\src\ETL-SQL.Engine\ETL-SQL.Engine.csproj" (target "Compile" depends on it):
       Building target "CoreCompile" completely.
       Input file "Functions\FileFunctions.cs" is newer than output file "obj\Debug\net10.0\ETL-SQL.Engine.pdb".
       C:\Program Files\dotnet\sdk\10.0.201\Roslyn\Microsoft.CSharp.Core.targets(66,7): message : Property reassignment: $(NoWarn)="1701;1702;1701;1702" (previous value: "1701;1702") at C:\Program Files\dotnet\sdk\10.0.201\Roslyn\Microsoft.CSharp.Core.targets (66,7) [C:\Users\chuck\scratch\ETL-SQL\src\ETL-SQL.Engine\ETL-SQL.Engine.csproj]
       C:\Program Files\dotnet\sdk\10.0.201\Roslyn\Microsoft.CSharp.Core.targets(76,7): message : Property reassignment: $(NoWarn)="1701;1702;1701;1702;8002" (previous value: "1701;1702") at C:\Program Files\dotnet\sdk\10.0.201\Roslyn\Microsoft.CSharp.Core.targets (76,7) [C:\Users\chuck\scratch\ETL-SQL\src\ETL-SQL.Engine\ETL-SQL.Engine.csproj]
       Using "Csc" task from assembly "C:\Program Files\dotnet\sdk\10.0.201\Sdks\Microsoft.NET.Sdk\targets\..\..\..\Roslyn\Microsoft.Build.Tasks.CodeAnalysis.dll".
       Task "Csc"
         Setting DOTNET_ROOT to 'C:\Program Files\dotnet'
         Environment Variables passed to tool:
           DOTNET_ROOT=C:\Program Files\dotnet
         C:\Program Files\dotnet\sdk\10.0.201\Roslyn\bincore\csc.exe /noconfig /unsafe- /checked- /nowarn:1701,1702,1701,1702,8002 /fullpaths /nostdlib+ /errorreport:prompt /warn:10 /define:TRACE;DEBUG;NET;NET10_0;NETCOREAPP;NET5_0_OR_GREATER;NET6_0_OR_GREATER;NET7_0_OR_GREATER;NET8_0_OR_GREATER;NET9_0_OR_GREATER;NET10_0_OR_GREATER;NETCOREAPP1_0_OR_GREATER;NETCOREAPP1_1_OR_GREATER;NETCOREAPP2_0_OR_GREATER;NETCOREAPP2_1_OR_GREATER;NETCOREAPP2_2_OR_GREATER;NETCOREAPP3_0_OR_GREATER;NETCOREAPP3_1_OR_GREATER /highentropyva+ /nullable:enable /reference:C:\Users\chuck\.nuget\packages\bouncycastle.cryptography\2.6.2\lib\net6.0\BouncyCastle.Cryptography.dll /reference:C:\Users\chuck\.nuget\packages\docker.dotnet.enhanced\3.131.1\lib\net10.0\Docker.DotNet.dll /reference:C:\Users\chuck\.nuget\packages\docker.dotnet.enhanced.x509\3.131.1\lib\net10.0\Docker.DotNet.X509.dll /reference:C:\Users\chuck\scratch\ETL-SQL\src\ETL-SQL.Core\obj\Debug\net10.0\ref\ETL-SQL.Core.dll /reference:C:\Users\chuck\.nuget\packages\sharpziplib\1.4.2\lib\net6.0\ICSharpCode.SharpZipLib.dll /reference:"C:\Program Files\dotnet\packs\Microsoft.NETCore.App.Ref\10.0.5\ref\net10.0\Microsoft.CSharp.dll" /reference:C:\Users\chuck\.nuget\packages\microsoft.data.sqlite.core\9.0.2\lib\net8.0\Microsoft.Data.Sqlite.dll /reference:C:\Users\chuck\.nuget\packages\microsoft.extensions.dependencyinjection.abstractions\10.0.5\lib\net10.0\Microsoft.Extensions.DependencyInjection.Abstractions.dll /reference:C:\Users\chuck\.nuget\packages\microsoft.extensions.dependencyinjection\10.0.5\lib\net10.0\Microsoft.Extensions.DependencyInjection.dll /reference:C:\Users\chuck\.nuget\packages\microsoft.extensions.logging.abstractions\10.0.0-preview.1.25080.5\lib\net10.0\Microsoft.Extensions.Logging.Abstractions.dll /reference:C:\Users\chuck\.nuget\packages\microsoft.extensions.logging\10.0.0-preview.1.25080.5\lib\net10.0\Microsoft.Extensions.Logging.dll /reference:C:\Users\chuck\.nuget\packages\microsoft.extensions.options\10.0.0-preview.1.25080.5\lib\net10.0\Microsoft.Extensions.Options.dll /reference:C:\Users\chuck\.nuget\packages\microsoft.extensions.primitives\10.0.0-preview.1.25080.5\lib\net10.0\Microsoft.Extensions.Primitives.dll /reference:"C:\Program Files\dotnet\packs\Microsoft.NETCore.App.Ref\10.0.5\ref\net10.0\Microsoft.VisualBasic.Core.dll" /reference:"C:\Program Files\dotnet\packs\Microsoft.NETCore.App.Ref\10.0.5\ref\net10.0\Microsoft.VisualBasic.dll" /reference:"C:\Program Files\dotnet\packs\Microsoft.NETCore.App.Ref\10.0.5\ref\net10.0\Microsoft.Win32.Primitives.dll" /reference:"C:\Program Files\dotnet\packs\Microsoft.NETCore.App.Ref\10.0.5\ref\net10.0\Microsoft.Win32.Registry.dll" /reference:"C:\Program Files\dotnet\packs\Microsoft.NETCore.App.Ref\10.0.5\ref\net10.0\mscorlib.dll" /reference:"C:\Program Files\dotnet\packs\Microsoft.NETCore.App.Ref\10.0.5\ref\net10.0\netstandard.dll" /reference:C:\Users\chuck\.nuget\packages\ssh.net\2025.1.0\lib\net9.0\Renci.SshNet.dll /reference:C:\Users\chuck\.nuget\packages\serilog\4.2.0\lib\net9.0\Serilog.dll /reference:C:\Users\chuck\.nuget\packages\serilog.extensions.logging\9.0.1\lib\net9.0\Serilog.Extensions.Logging.dll /reference:C:\Users\chuck\.nuget\packages\serilog.sinks.file\6.0.0\lib\net8.0\Serilog.Sinks.File.dll /reference:C:\Users\chuck\.nuget\packages\spectre.console\0.54.0\lib\net10.0\Spectre.Console.dll /reference:C:\Users\chuck\.nuget\packages\sqlitepclraw.bundle_e_sqlite3\2.1.10\lib\netstandard2.0\SQLitePCLRaw.batteries_v2.dll /reference:C:\Users\chuck\.nuget\packages\sqlitepclraw.core\2.1.10\lib\netstandard2.0\SQLitePCLRaw.core.dll /reference:C:\Users\chuck\.nuget\packages\sqlitepclraw.provider.e_sqlite3\2.1.10\lib\net6.0\SQLitePCLRaw.provider.e_sqlite3.dll /reference:"C:\Program Files\dotnet\packs\Microsoft.NETCore.App.Ref\10.0.5\ref\net10.0\System.AppContext.dll" /reference:"C:\Program Files\dotnet\packs\Microsoft.NETCore.App.Ref\10.0.5\ref\net10.0\System.Buffers.dll" /reference:"C:\Program Files\dotnet\packs\Microsoft.NETCore.App.Ref\10.0.5\ref\net10.0\System.Collections.Concurrent.dll" /reference:"C:\Program Files\dotnet\packs\Microsoft.NETCore.App.Ref\10.0.5\ref\net10.0\System.Collections.dll" /reference:"C:\Program Files\dotnet\packs\Microsoft.NETCore.App.Ref\10.0.5\ref\net10.0\System.Collections.Immutable.dll" /reference:"C:\Program Files\dotnet\packs\Microsoft.NETCore.App.Ref\10.0.5\ref\net10.0\System.Collections.NonGeneric.dll" /reference:"C:\Program Files\dotnet\packs\Microsoft.NETCore.App.Ref\10.0.5\ref\net10.0\System.Collections.Specialized.dll" /reference:"C:\Program Files\dotnet\packs\Microsoft.NETCore.App.Ref\10.0.5\ref\net10.0\System.ComponentModel.Annotations.dll" /reference:"C:\Program Files\dotnet\packs\Microsoft.NETCore.App.Ref\10.0.5\ref\net10.0\System.ComponentModel.DataAnnotations.dll" /reference:"C:\Program Files\dotnet\packs\Microsoft.NETCore.App.Ref\10.0.5\ref\net10.0\System.ComponentModel.dll" /reference:"C:\Program Files\dotnet\packs\Microsoft.NETCore.App.Ref\10.0.5\ref\net10.0\System.ComponentModel.EventBasedAsync.dll" /reference:"C:\Program Files\dotnet\packs\Microsoft.NETCore.App.Ref\10.0.5\ref\net10.0\System.ComponentModel.Primitives.dll" /reference:"C:\Program Files\dotnet\packs\Microsoft.NETCore.App.Ref\10.0.5\ref\net10.0\System.ComponentModel.TypeConverter.dll" /reference:"C:\Program Files\dotnet\packs\Microsoft.NETCore.App.Ref\10.0.5\ref\net10.0\System.Configuration.dll" /reference:"C:\Program Files\dotnet\packs\Microsoft.NETCore.App.Ref\10.0.5\ref\net10.0\System.Console.dll" /reference:"C:\Program Files\dotnet\packs\Microsoft.NETCore.App.Ref\10.0.5\ref\net10.0\System.Core.dll" /reference:"C:\Program Files\dotnet\packs\Microsoft.NETCore.App.Ref\10.0.5\ref\net10.0\System.Data.Common.dll" /reference:"C:\Program Files\dotnet\packs\Microsoft.NETCore.App.Ref\10.0.5\ref\net10.0\System.Data.DataSetExtensions.dll" /reference:"C:\Program Files\dotnet\packs\Microsoft.NETCore.App.Ref\10.0.5\ref\net10.0\System.Data.dll" /reference:"C:\Program Files\dotnet\packs\Microsoft.NETCore.App.Ref\10.0.5\ref\net10.0\System.Diagnostics.Contracts.dll" /reference:"C:\Program Files\dotnet\packs\Microsoft.NETCore.App.Ref\10.0.5\ref\net10.0\System.Diagnostics.Debug.dll" /reference:"C:\Program Files\dotnet\packs\Microsoft.NETCore.App.Ref\10.0.5\ref\net10.0\System.Diagnostics.DiagnosticSource.dll" /reference:"C:\Program Files\dotnet\packs\Microsoft.NETCore.App.Ref\10.0.5\ref\net10.0\System.Diagnostics.FileVersionInfo.dll" /reference:"C:\Program Files\dotnet\packs\Microsoft.NETCore.App.Ref\10.0.5\ref\net10.0\System.Diagnostics.Process.dll" /reference:"C:\Program Files\dotnet\packs\Microsoft.NETCore.App.Ref\10.0.5\ref\net10.0\System.Diagnostics.StackTrace.dll" /reference:"C:\Program Files\dotnet\packs\Microsoft.NETCore.App.Ref\10.0.5\ref\net10.0\System.Diagnostics.TextWriterTraceListener.dll" /reference:"C:\Program Files\dotnet\packs\Microsoft.NETCore.App.Ref\10.0.5\ref\net10.0\System.Diagnostics.Tools.dll" /reference:"C:\Program Files\dotnet\packs\Microsoft.NETCore.App.Ref\10.0.5\ref\net10.0\System.Diagnostics.TraceSource.dll" /reference:"C:\Program Files\dotnet\packs\Microsoft.NETCore.App.Ref\10.0.5\ref\net10.0\System.Diagnostics.Tracing.dll" /reference:"C:\Program Files\dotnet\packs\Microsoft.NETCore.App.Ref\10.0.5\ref\net10.0\System.dll" /reference:"C:\Program Files\dotnet\packs\Microsoft.NETCore.App.Ref\10.0.5\ref\net10.0\System.Drawing.dll" /reference:"C:\Program Files\dotnet\packs\Microsoft.NETCore.App.Ref\10.0.5\ref\net10.0\System.Drawing.Primitives.dll" /reference:"C:\Program Files\dotnet\packs\Microsoft.NETCore.App.Ref\10.0.5\ref\net10.0\System.Dynamic.Runtime.dll" /reference:"C:\Program Files\dotnet\packs\Microsoft.NETCore.App.Ref\10.0.5\ref\net10.0\System.Formats.Asn1.dll" /reference:"C:\Program Files\dotnet\packs\Microsoft.NETCore.App.Ref\10.0.5\ref\net10.0\System.Formats.Tar.dll" /reference:"C:\Program Files\dotnet\packs\Microsoft.NETCore.App.Ref\10.0.5\ref\net10.0\System.Globalization.Calendars.dll" /reference:"C:\Program Files\dotnet\packs\Microsoft.NETCore.App.Ref\10.0.5\ref\net10.0\System.Globalization.dll" /reference:"C:\Program Files\dotnet\packs\Microsoft.NETCore.App.Ref\10.0.5\ref\net10.0\System.Globalization.Extensions.dll" /reference:C:\Users\chuck\.nuget\packages\system.interactive.async\7.0.0\ref\net10.0\System.Interactive.Async.dll /reference:"C:\Program Files\dotnet\packs\Microsoft.NETCore.App.Ref\10.0.5\ref\net10.0\System.IO.Compression.Brotli.dll" /reference:"C:\Program Files\dotnet\packs\Microsoft.NETCore.App.Ref\10.0.5\ref\net10.0\System.IO.Compression.dll" /reference:"C:\Program Files\dotnet\packs\Microsoft.NETCore.App.Ref\10.0.5\ref\net10.0\System.IO.Compression.FileSystem.dll" /reference:"C:\Program Files\dotnet\packs\Microsoft.NETCore.App.Ref\10.0.5\ref\net10.0\System.IO.Compression.ZipFile.dll" /reference:"C:\Program Files\dotnet\packs\Microsoft.NETCore.App.Ref\10.0.5\ref\net10.0\System.IO.dll" /reference:"C:\Program Files\dotnet\packs\Microsoft.NETCore.App.Ref\10.0.5\ref\net10.0\System.IO.FileSystem.AccessControl.dll" /reference:"C:\Program Files\dotnet\packs\Microsoft.NETCore.App.Ref\10.0.5\ref\net10.0\System.IO.FileSystem.dll" /reference:"C:\Program Files\dotnet\packs\Microsoft.NETCore.App.Ref\10.0.5\ref\net10.0\System.IO.FileSystem.DriveInfo.dll" /reference:"C:\Program Files\dotnet\packs\Microsoft.NETCore.App.Ref\10.0.5\ref\net10.0\System.IO.FileSystem.Primitives.dll" /reference:"C:\Program Files\dotnet\packs\Microsoft.NETCore.App.Ref\10.0.5\ref\net10.0\System.IO.FileSystem.Watcher.dll" /reference:"C:\Program Files\dotnet\packs\Microsoft.NETCore.App.Ref\10.0.5\ref\net10.0\System.IO.IsolatedStorage.dll" /reference:"C:\Program Files\dotnet\packs\Microsoft.NETCore.App.Ref\10.0.5\ref\net10.0\System.IO.MemoryMappedFiles.dll" /reference:"C:\Program Files\dotnet\packs\Microsoft.NETCore.App.Ref\10.0.5\ref\net10.0\System.IO.Pipelines.dll" /reference:"C:\Program Files\dotnet\packs\Microsoft.NETCore.App.Ref\10.0.5\ref\net10.0\System.IO.Pipes.AccessControl.dll" /reference:"C:\Program Files\dotnet\packs\Microsoft.NETCore.App.Ref\10.0.5\ref\net10.0\System.IO.Pipes.dll" /reference:"C:\Program Files\dotnet\packs\Microsoft.NETCore.App.Ref\10.0.5\ref\net10.0\System.IO.UnmanagedMemoryStream.dll" /reference:C:\Users\chuck\.nuget\packages\system.linq.async\7.0.0\ref\net10.0\System.Linq.Async.dll /reference:"C:\Program Files\dotnet\packs\Microsoft.NETCore.App.Ref\10.0.5\ref\net10.0\System.Linq.AsyncEnumerable.dll" /reference:"C:\Program Files\dotnet\packs\Microsoft.NETCore.App.Ref\10.0.5\ref\net10.0\System.Linq.dll" /reference:"C:\Program Files\dotnet\packs\Microsoft.NETCore.App.Ref\10.0.5\ref\net10.0\System.Linq.Expressions.dll" /reference:"C:\Program Files\dotnet\packs\Microsoft.NETCore.App.Ref\10.0.5\ref\net10.0\System.Linq.Parallel.dll" /reference:"C:\Program Files\dotnet\packs\Microsoft.NETCore.App.Ref\10.0.5\ref\net10.0\System.Linq.Queryable.dll" /reference:"C:\Program Files\dotnet\packs\Microsoft.NETCore.App.Ref\10.0.5\ref\net10.0\System.Memory.dll" /reference:"C:\Program Files\dotnet\packs\Microsoft.NETCore.App.Ref\10.0.5\ref\net10.0\System.Net.dll" /reference:"C:\Program Files\dotnet\packs\Microsoft.NETCore.App.Ref\10.0.5\ref\net10.0\System.Net.Http.dll" /reference:"C:\Program Files\dotnet\packs\Microsoft.NETCore.App.Ref\10.0.5\ref\net10.0\System.Net.Http.Json.dll" /reference:"C:\Program Files\dotnet\packs\Microsoft.NETCore.App.Ref\10.0.5\ref\net10.0\System.Net.HttpListener.dll" /reference:"C:\Program Files\dotnet\packs\Microsoft.NETCore.App.Ref\10.0.5\ref\net10.0\System.Net.Mail.dll" /reference:"C:\Program Files\dotnet\packs\Microsoft.NETCore.App.Ref\10.0.5\ref\net10.0\System.Net.NameResolution.dll" /reference:"C:\Program Files\dotnet\packs\Microsoft.NETCore.App.Ref\10.0.5\ref\net10.0\System.Net.NetworkInformation.dll" /reference:"C:\Program Files\dotnet\packs\Microsoft.NETCore.App.Ref\10.0.5\ref\net10.0\System.Net.Ping.dll" /reference:"C:\Program Files\dotnet\packs\Microsoft.NETCore.App.Ref\10.0.5\ref\net10.0\System.Net.Primitives.dll" /reference:"C:\Program Files\dotnet\packs\Microsoft.NETCore.App.Ref\10.0.5\ref\net10.0\System.Net.Quic.dll" /reference:"C:\Program Files\dotnet\packs\Microsoft.NETCore.App.Ref\10.0.5\ref\net10.0\System.Net.Requests.dll" /reference:"C:\Program Files\dotnet\packs\Microsoft.NETCore.App.Ref\10.0.5\ref\net10.0\System.Net.Security.dll" /reference:"C:\Program Files\dotnet\packs\Microsoft.NETCore.App.Ref\10.0.5\ref\net10.0\System.Net.ServerSentEvents.dll" /reference:"C:\Program Files\dotnet\packs\Microsoft.NETCore.App.Ref\10.0.5\ref\net10.0\System.Net.ServicePoint.dll" /reference:"C:\Program Files\dotnet\packs\Microsoft.NETCore.App.Ref\10.0.5\ref\net10.0\System.Net.Sockets.dll" /reference:"C:\Program Files\dotnet\packs\Microsoft.NETCore.App.Ref\10.0.5\ref\net10.0\System.Net.WebClient.dll" /reference:"C:\Program Files\dotnet\packs\Microsoft.NETCore.App.Ref\10.0.5\ref\net10.0\System.Net.WebHeaderCollection.dll" /reference:"C:\Program Files\dotnet\packs\Microsoft.NETCore.App.Ref\10.0.5\ref\net10.0\System.Net.WebProxy.dll" /reference:"C:\Program Files\dotnet\packs\Microsoft.NETCore.App.Ref\10.0.5\ref\net10.0\System.Net.WebSockets.Client.dll" /reference:"C:\Program Files\dotnet\packs\Microsoft.NETCore.App.Ref\10.0.5\ref\net10.0\System.Net.WebSockets.dll" /reference:"C:\Program Files\dotnet\packs\Microsoft.NETCore.App.Ref\10.0.5\ref\net10.0\System.Numerics.dll" /reference:"C:\Program Files\dotnet\packs\Microsoft.NETCore.App.Ref\10.0.5\ref\net10.0\System.Numerics.Vectors.dll" /reference:"C:\Program Files\dotnet\packs\Microsoft.NETCore.App.Ref\10.0.5\ref\net10.0\System.ObjectModel.dll" /reference:"C:\Program Files\dotnet\packs\Microsoft.NETCore.App.Ref\10.0.5\ref\net10.0\System.Reflection.DispatchProxy.dll" /reference:"C:\Program Files\dotnet\packs\Microsoft.NETCore.App.Ref\10.0.5\ref\net10.0\System.Reflection.dll" /reference:"C:\Program Files\dotnet\packs\Microsoft.NETCore.App.Ref\10.0.5\ref\net10.0\System.Reflection.Emit.dll" /reference:"C:\Program Files\dotnet\packs\Microsoft.NETCore.App.Ref\10.0.5\ref\net10.0\System.Reflection.Emit.ILGeneration.dll" /reference:"C:\Program Files\dotnet\packs\Microsoft.NETCore.App.Ref\10.0.5\ref\net10.0\System.Reflection.Emit.Lightweight.dll" /reference:"C:\Program Files\dotnet\packs\Microsoft.NETCore.App.Ref\10.0.5\ref\net10.0\System.Reflection.Extensions.dll" /reference:"C:\Program Files\dotnet\packs\Microsoft.NETCore.App.Ref\10.0.5\ref\net10.0\System.Reflection.Metadata.dll" /reference:"C:\Program Files\dotnet\packs\Microsoft.NETCore.App.Ref\10.0.5\ref\net10.0\System.Reflection.Primitives.dll" /reference:"C:\Program Files\dotnet\packs\Microsoft.NETCore.App.Ref\10.0.5\ref\net10.0\System.Reflection.TypeExtensions.dll" /reference:"C:\Program Files\dotnet\packs\Microsoft.NETCore.App.Ref\10.0.5\ref\net10.0\System.Resources.Reader.dll" /reference:"C:\Program Files\dotnet\packs\Microsoft.NETCore.App.Ref\10.0.5\ref\net10.0\System.Resources.ResourceManager.dll" /reference:"C:\Program Files\dotnet\packs\Microsoft.NETCore.App.Ref\10.0.5\ref\net10.0\System.Resources.Writer.dll" /reference:"C:\Program Files\dotnet\packs\Microsoft.NETCore.App.Ref\10.0.5\ref\net10.0\System.Runtime.CompilerServices.Unsafe.dll" /reference:"C:\Program Files\dotnet\packs\Microsoft.NETCore.App.Ref\10.0.5\ref\net10.0\System.Runtime.CompilerServices.VisualC.dll" /reference:"C:\Program Files\dotnet\packs\Microsoft.NETCore.App.Ref\10.0.5\ref\net10.0\System.Runtime.dll" /reference:"C:\Program Files\dotnet\packs\Microsoft.NETCore.App.Ref\10.0.5\ref\net10.0\System.Runtime.Extensions.dll" /reference:"C:\Program Files\dotnet\packs\Microsoft.NETCore.App.Ref\10.0.5\ref\net10.0\System.Runtime.Handles.dll" /reference:"C:\Program Files\dotnet\packs\Microsoft.NETCore.App.Ref\10.0.5\ref\net10.0\System.Runtime.InteropServices.dll" /reference:"C:\Program Files\dotnet\packs\Microsoft.NETCore.App.Ref\10.0.5\ref\net10.0\System.Runtime.InteropServices.JavaScript.dll" /reference:"C:\Program Files\dotnet\packs\Microsoft.NETCore.App.Ref\10.0.5\ref\net10.0\System.Runtime.InteropServices.RuntimeInformation.dll" /reference:"C:\Program Files\dotnet\packs\Microsoft.NETCore.App.Ref\10.0.5\ref\net10.0\System.Runtime.Intrinsics.dll" /reference:"C:\Program Files\dotnet\packs\Microsoft.NETCore.App.Ref\10.0.5\ref\net10.0\System.Runtime.Loader.dll" /reference:"C:\Program Files\dotnet\packs\Microsoft.NETCore.App.Ref\10.0.5\ref\net10.0\System.Runtime.Numerics.dll" /reference:"C:\Program Files\dotnet\packs\Microsoft.NETCore.App.Ref\10.0.5\ref\net10.0\System.Runtime.Serialization.dll" /reference:"C:\Program Files\dotnet\packs\Microsoft.NETCore.App.Ref\10.0.5\ref\net10.0\System.Runtime.Serialization.Formatters.dll" /reference:"C:\Program Files\dotnet\packs\Microsoft.NETCore.App.Ref\10.0.5\ref\net10.0\System.Runtime.Serialization.Json.dll" /reference:"C:\Program Files\dotnet\packs\Microsoft.NETCore.App.Ref\10.0.5\ref\net10.0\System.Runtime.Serialization.Primitives.dll" /reference:"C:\Program Files\dotnet\packs\Microsoft.NETCore.App.Ref\10.0.5\ref\net10.0\System.Runtime.Serialization.Xml.dll" /reference:"C:\Program Files\dotnet\packs\Microsoft.NETCore.App.Ref\10.0.5\ref\net10.0\System.Security.AccessControl.dll" /reference:"C:\Program Files\dotnet\packs\Microsoft.NETCore.App.Ref\10.0.5\ref\net10.0\System.Security.Claims.dll" /reference:"C:\Program Files\dotnet\packs\Microsoft.NETCore.App.Ref\10.0.5\ref\net10.0\System.Security.Cryptography.Algorithms.dll" /reference:"C:\Program Files\dotnet\packs\Microsoft.NETCore.App.Ref\10.0.5\ref\net10.0\System.Security.Cryptography.Cng.dll" /reference:"C:\Program Files\dotnet\packs\Microsoft.NETCore.App.Ref\10.0.5\ref\net10.0\System.Security.Cryptography.Csp.dll" /reference:"C:\Program Files\dotnet\packs\Microsoft.NETCore.App.Ref\10.0.5\ref\net10.0\System.Security.Cryptography.dll" /reference:"C:\Program Files\dotnet\packs\Microsoft.NETCore.App.Ref\10.0.5\ref\net10.0\System.Security.Cryptography.Encoding.dll" /reference:"C:\Program Files\dotnet\packs\Microsoft.NETCore.App.Ref\10.0.5\ref\net10.0\System.Security.Cryptography.OpenSsl.dll" /reference:"C:\Program Files\dotnet\packs\Microsoft.NETCore.App.Ref\10.0.5\ref\net10.0\System.Security.Cryptography.Primitives.dll" /reference:"C:\Program Files\dotnet\packs\Microsoft.NETCore.App.Ref\10.0.5\ref\net10.0\System.Security.Cryptography.X509Certificates.dll" /reference:"C:\Program Files\dotnet\packs\Microsoft.NETCore.App.Ref\10.0.5\ref\net10.0\System.Security.dll" /reference:"C:\Program Files\dotnet\packs\Microsoft.NETCore.App.Ref\10.0.5\ref\net10.0\System.Security.Principal.dll" /reference:"C:\Program Files\dotnet\packs\Microsoft.NETCore.App.Ref\10.0.5\ref\net10.0\System.Security.Principal.Windows.dll" /reference:"C:\Program Files\dotnet\packs\Microsoft.NETCore.App.Ref\10.0.5\ref\net10.0\System.Security.SecureString.dll" /reference:"C:\Program Files\dotnet\packs\Microsoft.NETCore.App.Ref\10.0.5\ref\net10.0\System.ServiceModel.Web.dll" /reference:"C:\Program Files\dotnet\packs\Microsoft.NETCore.App.Ref\10.0.5\ref\net10.0\System.ServiceProcess.dll" /reference:"C:\Program Files\dotnet\packs\Microsoft.NETCore.App.Ref\10.0.5\ref\net10.0\System.Text.Encoding.CodePages.dll" /reference:"C:\Program Files\dotnet\packs\Microsoft.NETCore.App.Ref\10.0.5\ref\net10.0\System.Text.Encoding.dll" /reference:"C:\Program Files\dotnet\packs\Microsoft.NETCore.App.Ref\10.0.5\ref\net10.0\System.Text.Encoding.Extensions.dll" /reference:"C:\Program Files\dotnet\packs\Microsoft.NETCore.App.Ref\10.0.5\ref\net10.0\System.Text.Encodings.Web.dll" /reference:"C:\Program Files\dotnet\packs\Microsoft.NETCore.App.Ref\10.0.5\ref\net10.0\System.Text.Json.dll" /reference:"C:\Program Files\dotnet\packs\Microsoft.NETCore.App.Ref\10.0.5\ref\net10.0\System.Text.RegularExpressions.dll" /reference:"C:\Program Files\dotnet\packs\Microsoft.NETCore.App.Ref\10.0.5\ref\net10.0\System.Threading.AccessControl.dll" /reference:"C:\Program Files\dotnet\packs\Microsoft.NETCore.App.Ref\10.0.5\ref\net10.0\System.Threading.Channels.dll" /reference:"C:\Program Files\dotnet\packs\Microsoft.NETCore.App.Ref\10.0.5\ref\net10.0\System.Threading.dll" /reference:"C:\Program Files\dotnet\packs\Microsoft.NETCore.App.Ref\10.0.5\ref\net10.0\System.Threading.Overlapped.dll" /reference:"C:\Program Files\dotnet\packs\Microsoft.NETCore.App.Ref\10.0.5\ref\net10.0\System.Threading.Tasks.Dataflow.dll" /reference:"C:\Program Files\dotnet\packs\Microsoft.NETCore.App.Ref\10.0.5\ref\net10.0\System.Threading.Tasks.dll" /reference:"C:\Program Files\dotnet\packs\Microsoft.NETCore.App.Ref\10.0.5\ref\net10.0\System.Threading.Tasks.Extensions.dll" /reference:"C:\Program Files\dotnet\packs\Microsoft.NETCore.App.Ref\10.0.5\ref\net10.0\System.Threading.Tasks.Parallel.dll" /reference:"C:\Program Files\dotnet\packs\Microsoft.NETCore.App.Ref\10.0.5\ref\net10.0\System.Threading.Thread.dll" /reference:"C:\Program Files\dotnet\packs\Microsoft.NETCore.App.Ref\10.0.5\ref\net10.0\System.Threading.ThreadPool.dll" /reference:"C:\Program Files\dotnet\packs\Microsoft.NETCore.App.Ref\10.0.5\ref\net10.0\System.Threading.Timer.dll" /reference:"C:\Program Files\dotnet\packs\Microsoft.NETCore.App.Ref\10.0.5\ref\net10.0\System.Transactions.dll" /reference:"C:\Program Files\dotnet\packs\Microsoft.NETCore.App.Ref\10.0.5\ref\net10.0\System.Transactions.Local.dll" /reference:"C:\Program Files\dotnet\packs\Microsoft.NETCore.App.Ref\10.0.5\ref\net10.0\System.ValueTuple.dll" /reference:"C:\Program Files\dotnet\packs\Microsoft.NETCore.App.Ref\10.0.5\ref\net10.0\System.Web.dll" /reference:"C:\Program Files\dotnet\packs\Microsoft.NETCore.App.Ref\10.0.5\ref\net10.0\System.Web.HttpUtility.dll" /reference:"C:\Program Files\dotnet\packs\Microsoft.NETCore.App.Ref\10.0.5\ref\net10.0\System.Windows.dll" /reference:"C:\Program Files\dotnet\packs\Microsoft.NETCore.App.Ref\10.0.5\ref\net10.0\System.Xml.dll" /reference:"C:\Program Files\dotnet\packs\Microsoft.NETCore.App.Ref\10.0.5\ref\net10.0\System.Xml.Linq.dll" /reference:"C:\Program Files\dotnet\packs\Microsoft.NETCore.App.Ref\10.0.5\ref\net10.0\System.Xml.ReaderWriter.dll" /reference:"C:\Program Files\dotnet\packs\Microsoft.NETCore.App.Ref\10.0.5\ref\net10.0\System.Xml.Serialization.dll" /reference:"C:\Program Files\dotnet\packs\Microsoft.NETCore.App.Ref\10.0.5\ref\net10.0\System.Xml.XDocument.dll" /reference:"C:\Program Files\dotnet\packs\Microsoft.NETCore.App.Ref\10.0.5\ref\net10.0\System.Xml.XmlDocument.dll" /reference:"C:\Program Files\dotnet\packs\Microsoft.NETCore.App.Ref\10.0.5\ref\net10.0\System.Xml.XmlSerializer.dll" /reference:"C:\Program Files\dotnet\packs\Microsoft.NETCore.App.Ref\10.0.5\ref\net10.0\System.Xml.XPath.dll" /reference:"C:\Program Files\dotnet\packs\Microsoft.NETCore.App.Ref\10.0.5\ref\net10.0\System.Xml.XPath.XDocument.dll" /reference:C:\Users\chuck\.nuget\packages\testcontainers\4.11.0\lib\net10.0\Testcontainers.dll /reference:C:\Users\chuck\.nuget\packages\testcontainers.mssql\4.11.0\lib\net10.0\Testcontainers.MsSql.dll /reference:C:\Users\chuck\.nuget\packages\testcontainers.oracle\4.11.0\lib\net10.0\Testcontainers.Oracle.dll /reference:C:\Users\chuck\.nuget\packages\testcontainers.postgresql\4.11.0\lib\net10.0\Testcontainers.PostgreSql.dll /reference:"C:\Program Files\dotnet\packs\Microsoft.NETCore.App.Ref\10.0.5\ref\net10.0\WindowsBase.dll" /features:"InterceptorsNamespaces=;Microsoft.Extensions.Validation.Generated" /debug+ /debug:portable /filealign:512 /optimize- /out:obj\Debug\net10.0\ETL-SQL.Engine.dll /refout:obj\Debug\net10.0\refint\ETL-SQL.Engine.dll /target:library /warnaserror- /utf8output /deterministic+ /sourcelink:obj\Debug\net10.0\ETL-SQL.Engine.sourcelink.json /langversion:14.0 /embed:obj\Debug\net10.0\ETL-SQL.Engine.GlobalUsings.g.cs /embed:"obj\Debug\net10.0\.NETCoreApp,Version=v10.0.AssemblyAttributes.cs" /embed:obj\Debug\net10.0\ETL-SQL.Engine.AssemblyInfo.cs /analyzerconfig:obj\Debug\net10.0\ETL-SQL.Engine.GeneratedMSBuildEditorConfig.editorconfig /analyzerconfig:"C:\Program Files\dotnet\sdk\10.0.201\Sdks\Microsoft.NET.Sdk\analyzers\build\config\analysislevel_10_default.globalconfig" /analyzer:"C:\Program Files\dotnet\sdk\10.0.201\Sdks\Microsoft.NET.Sdk\targets\..\analyzers\Microsoft.CodeAnalysis.CSharp.NetAnalyzers.dll" /analyzer:"C:\Program Files\dotnet\sdk\10.0.201\Sdks\Microsoft.NET.Sdk\targets\..\analyzers\Microsoft.CodeAnalysis.NetAnalyzers.dll" /analyzer:C:\Users\chuck\.nuget\packages\microsoft.extensions.logging.abstractions\10.0.0-preview.1.25080.5\analyzers\dotnet\roslyn4.4\cs\Microsoft.Extensions.Logging.Generators.dll /analyzer:C:\Users\chuck\.nuget\packages\microsoft.extensions.options\10.0.0-preview.1.25080.5\analyzers\dotnet\roslyn4.4\cs\Microsoft.Extensions.Options.SourceGeneration.dll /analyzer:"C:\Program Files\dotnet\packs\Microsoft.NETCore.App.Ref\10.0.5\analyzers/dotnet/cs/Microsoft.Interop.ComInterfaceGenerator.dll" /analyzer:"C:\Program Files\dotnet\packs\Microsoft.NETCore.App.Ref\10.0.5\analyzers/dotnet/cs/Microsoft.Interop.JavaScript.JSImportGenerator.dll" /analyzer:"C:\Program Files\dotnet\packs\Microsoft.NETCore.App.Ref\10.0.5\analyzers/dotnet/cs/Microsoft.Interop.LibraryImportGenerator.dll" /analyzer:"C:\Program Files\dotnet\packs\Microsoft.NETCore.App.Ref\10.0.5\analyzers/dotnet/cs/Microsoft.Interop.SourceGeneration.dll" /analyzer:"C:\Program Files\dotnet\packs\Microsoft.NETCore.App.Ref\10.0.5\analyzers/dotnet/cs/System.Text.Json.SourceGeneration.dll" /analyzer:"C:\Program Files\dotnet\packs\Microsoft.NETCore.App.Ref\10.0.5\analyzers/dotnet/cs/System.Text.RegularExpressions.Generator.dll" Engines\AggregateEngine.cs Engines\ExternalAggregateEngine.cs Engines\ExternalJoinEngine.cs Engines\JoinEngine.cs Engines\PivotEngine.cs Engines\SetOperationEngine.cs Engines\WindowEngine.cs Evaluator.cs ExpressionEvaluator.cs Functions\FileFunctions.cs Functions\FunctionRegistry.cs Functions\HelpExtensions.cs Functions\JsonFunctions.cs Functions\LineageFunctions.cs Functions\RegexFunctions.cs Functions\StandardFunctions.cs Functions\XmlFunctions.cs Handlers\AlterTableStatementHandler.cs Handlers\BeginTransactionStatementHandler.cs Handlers\BlockStatementHandler.cs Handlers\BreakStatementHandler.cs Handlers\BulkInsertStatementHandler.cs Handlers\CommitTransactionStatementHandler.cs Handlers\ContinueStatementHandler.cs Handlers\CreateConnectionStatementHandler.cs Handlers\CreateFunctionStatementHandler.cs Handlers\CreateIndexStatementHandler.cs Handlers\CreateJobStatementHandler.cs Handlers\CreateProcedureStatementHandler.cs Handlers\CreateTableStatementHandler.cs Handlers\DeclareStatementHandler.cs Handlers\DeleteStatementHandler.cs Handlers\DirectoryOperationStatementHandler.cs Handlers\DockerActionStatementHandler.cs Handlers\DockerCloseHandler.cs Handlers\DockerStatementHandler.cs Handlers\DropConnectionStatementHandler.cs Handlers\DropFunctionStatementHandler.cs Handlers\DropIndexStatementHandler.cs Handlers\DropProcedureStatementHandler.cs Handlers\DropTableStatementHandler.cs Handlers\EmailStatementHandler.cs Handlers\ExecStatementHandler.cs Handlers\ExecutePushdownStatementHandler.cs Handlers\ExecuteRemoteBlockStatementHandler.cs Handlers\ExecuteStatementHandler.cs Handlers\ExplainStatementHandler.cs Handlers\FileOperationStatementHandler.cs Handlers\FileTransferStatementHandler.cs Handlers\ForeachStatementHandler.cs Handlers\ForStatementHandler.cs Handlers\HelpStatementHandler.cs Handlers\IfStatementHandler.cs Handlers\InsertStatementHandler.cs Handlers\LineageStatementHandler.cs Handlers\LintStatementHandler.cs Handlers\MergeStatementHandler.cs Handlers\ParallelStatementHandler.cs Handlers\PrintStatementHandler.cs Handlers\RaiseErrorStatementHandler.cs Handlers\ReturnStatementHandler.cs Handlers\RollbackTransactionStatementHandler.cs Handlers\RunScriptStatementHandler.cs Handlers\SelectStatementHandler.cs Handlers\SetProfilingStatementHandler.cs Handlers\SetVariableStatementHandler.cs Handlers\ShowJobHistoryStatementHandler.cs Handlers\ShowJobsStatementHandler.cs Handlers\ShowProfileStatementHandler.cs Handlers\ThrowStatementHandler.cs Handlers\TruncateTableStatementHandler.cs Handlers\TryCatchStatementHandler.cs Handlers\UpdateStatementHandler.cs Handlers\WaitForStatementHandler.cs Handlers\WhileStatementHandler.cs ResultFormatter.cs Scheduling\SchedulerService.cs Services\BatchPipelineHelper.cs Services\DataSourceManager.cs Services\ExecutionMetricsReporter.cs Services\ProcedureExecutor.cs Services\QueryCompiler.cs Services\SchemaManager.cs Services\VariableScopeManager.cs Storage\LineageDataSource.cs Storage\SQLiteJobHistoryStore.cs TransactionManager.cs obj\Debug\net10.0\ETL-SQL.Engine.GlobalUsings.g.cs "obj\Debug\net10.0\.NETCoreApp,Version=v10.0.AssemblyAttributes.cs" obj\Debug\net10.0\ETL-SQL.Engine.AssemblyInfo.cs /warnaserror+:NU1605,SYSLIB0011
         Compilation request ETL-SQL.Engine (net10.0), PathToTool=C:\Program Files\dotnet\sdk\10.0.201\Roslyn\bincore\csc.exe
         CommandLine = ' /noconfig'
         BuildResponseFile = '/unsafe- /checked- /nowarn:1701,1702,1701,1702,8002 /fullpaths /nostdlib+ /errorreport:prompt /warn:10 /define:TRACE;DEBUG;NET;NET10_0;NETCOREAPP;NET5_0_OR_GREATER;NET6_0_OR_GREATER;NET7_0_OR_GREATER;NET8_0_OR_GREATER;NET9_0_OR_GREATER;NET10_0_OR_GREATER;NETCOREAPP1_0_OR_GREATER;NETCOREAPP1_1_OR_GREATER;NETCOREAPP2_0_OR_GREATER;NETCOREAPP2_1_OR_GREATER;NETCOREAPP2_2_OR_GREATER;NETCOREAPP3_0_OR_GREATER;NETCOREAPP3_1_OR_GREATER /highentropyva+ /nullable:enable /reference:C:\Users\chuck\.nuget\packages\bouncycastle.cryptography\2.6.2\lib\net6.0\BouncyCastle.Cryptography.dll /reference:C:\Users\chuck\.nuget\packages\docker.dotnet.enhanced\3.131.1\lib\net10.0\Docker.DotNet.dll /reference:C:\Users\chuck\.nuget\packages\docker.dotnet.enhanced.x509\3.131.1\lib\net10.0\Docker.DotNet.X509.dll /reference:C:\Users\chuck\scratch\ETL-SQL\src\ETL-SQL.Core\obj\Debug\net10.0\ref\ETL-SQL.Core.dll /reference:C:\Users\chuck\.nuget\packages\sharpziplib\1.4.2\lib\net6.0\ICSharpCode.SharpZipLib.dll /reference:"C:\Program Files\dotnet\packs\Microsoft.NETCore.App.Ref\10.0.5\ref\net10.0\Microsoft.CSharp.dll" /reference:C:\Users\chuck\.nuget\packages\microsoft.data.sqlite.core\9.0.2\lib\net8.0\Microsoft.Data.Sqlite.dll /reference:C:\Users\chuck\.nuget\packages\microsoft.extensions.dependencyinjection.abstractions\10.0.5\lib\net10.0\Microsoft.Extensions.DependencyInjection.Abstractions.dll /reference:C:\Users\chuck\.nuget\packages\microsoft.extensions.dependencyinjection\10.0.5\lib\net10.0\Microsoft.Extensions.DependencyInjection.dll /reference:C:\Users\chuck\.nuget\packages\microsoft.extensions.logging.abstractions\10.0.0-preview.1.25080.5\lib\net10.0\Microsoft.Extensions.Logging.Abstractions.dll /reference:C:\Users\chuck\.nuget\packages\microsoft.extensions.logging\10.0.0-preview.1.25080.5\lib\net10.0\Microsoft.Extensions.Logging.dll /reference:C:\Users\chuck\.nuget\packages\microsoft.extensions.options\10.0.0-preview.1.25080.5\lib\net10.0\Microsoft.Extensions.Options.dll /reference:C:\Users\chuck\.nuget\packages\microsoft.extensions.primitives\10.0.0-preview.1.25080.5\lib\net10.0\Microsoft.Extensions.Primitives.dll /reference:"C:\Program Files\dotnet\packs\Microsoft.NETCore.App.Ref\10.0.5\ref\net10.0\Microsoft.VisualBasic.Core.dll" /reference:"C:\Program Files\dotnet\packs\Microsoft.NETCore.App.Ref\10.0.5\ref\net10.0\Microsoft.VisualBasic.dll" /reference:"C:\Program Files\dotnet\packs\Microsoft.NETCore.App.Ref\10.0.5\ref\net10.0\Microsoft.Win32.Primitives.dll" /reference:"C:\Program Files\dotnet\packs\Microsoft.NETCore.App.Ref\10.0.5\ref\net10.0\Microsoft.Win32.Registry.dll" /reference:"C:\Program Files\dotnet\packs\Microsoft.NETCore.App.Ref\10.0.5\ref\net10.0\mscorlib.dll" /reference:"C:\Program Files\dotnet\packs\Microsoft.NETCore.App.Ref\10.0.5\ref\net10.0\netstandard.dll" /reference:C:\Users\chuck\.nuget\packages\ssh.net\2025.1.0\lib\net9.0\Renci.SshNet.dll /reference:C:\Users\chuck\.nuget\packages\serilog\4.2.0\lib\net9.0\Serilog.dll /reference:C:\Users\chuck\.nuget\packages\serilog.extensions.logging\9.0.1\lib\net9.0\Serilog.Extensions.Logging.dll /reference:C:\Users\chuck\.nuget\packages\serilog.sinks.file\6.0.0\lib\net8.0\Serilog.Sinks.File.dll /reference:C:\Users\chuck\.nuget\packages\spectre.console\0.54.0\lib\net10.0\Spectre.Console.dll /reference:C:\Users\chuck\.nuget\packages\sqlitepclraw.bundle_e_sqlite3\2.1.10\lib\netstandard2.0\SQLitePCLRaw.batteries_v2.dll /reference:C:\Users\chuck\.nuget\packages\sqlitepclraw.core\2.1.10\lib\netstandard2.0\SQLitePCLRaw.core.dll /reference:C:\Users\chuck\.nuget\packages\sqlitepclraw.provider.e_sqlite3\2.1.10\lib\net6.0\SQLitePCLRaw.provider.e_sqlite3.dll /reference:"C:\Program Files\dotnet\packs\Microsoft.NETCore.App.Ref\10.0.5\ref\net10.0\System.AppContext.dll" /reference:"C:\Program Files\dotnet\packs\Microsoft.NETCore.App.Ref\10.0.5\ref\net10.0\System.Buffers.dll" /reference:"C:\Program Files\dotnet\packs\Microsoft.NETCore.App.Ref\10.0.5\ref\net10.0\System.Collections.Concurrent.dll" /reference:"C:\Program Files\dotnet\packs\Microsoft.NETCore.App.Ref\10.0.5\ref\net10.0\System.Collections.dll" /reference:"C:\Program Files\dotnet\packs\Microsoft.NETCore.App.Ref\10.0.5\ref\net10.0\System.Collections.Immutable.dll" /reference:"C:\Program Files\dotnet\packs\Microsoft.NETCore.App.Ref\10.0.5\ref\net10.0\System.Collections.NonGeneric.dll" /reference:"C:\Program Files\dotnet\packs\Microsoft.NETCore.App.Ref\10.0.5\ref\net10.0\System.Collections.Specialized.dll" /reference:"C:\Program Files\dotnet\packs\Microsoft.NETCore.App.Ref\10.0.5\ref\net10.0\System.ComponentModel.Annotations.dll" /reference:"C:\Program Files\dotnet\packs\Microsoft.NETCore.App.Ref\10.0.5\ref\net10.0\System.ComponentModel.DataAnnotations.dll" /reference:"C:\Program Files\dotnet\packs\Microsoft.NETCore.App.Ref\10.0.5\ref\net10.0\System.ComponentModel.dll" /reference:"C:\Program Files\dotnet\packs\Microsoft.NETCore.App.Ref\10.0.5\ref\net10.0\System.ComponentModel.EventBasedAsync.dll" /reference:"C:\Program Files\dotnet\packs\Microsoft.NETCore.App.Ref\10.0.5\ref\net10.0\System.ComponentModel.Primitives.dll" /reference:"C:\Program Files\dotnet\packs\Microsoft.NETCore.App.Ref\10.0.5\ref\net10.0\System.ComponentModel.TypeConverter.dll" /reference:"C:\Program Files\dotnet\packs\Microsoft.NETCore.App.Ref\10.0.5\ref\net10.0\System.Configuration.dll" /reference:"C:\Program Files\dotnet\packs\Microsoft.NETCore.App.Ref\10.0.5\ref\net10.0\System.Console.dll" /reference:"C:\Program Files\dotnet\packs\Microsoft.NETCore.App.Ref\10.0.5\ref\net10.0\System.Core.dll" /reference:"C:\Program Files\dotnet\packs\Microsoft.NETCore.App.Ref\10.0.5\ref\net10.0\System.Data.Common.dll" /reference:"C:\Program Files\dotnet\packs\Microsoft.NETCore.App.Ref\10.0.5\ref\net10.0\System.Data.DataSetExtensions.dll" /reference:"C:\Program Files\dotnet\packs\Microsoft.NETCore.App.Ref\10.0.5\ref\net10.0\System.Data.dll" /reference:"C:\Program Files\dotnet\packs\Microsoft.NETCore.App.Ref\10.0.5\ref\net10.0\System.Diagnostics.Contracts.dll" /reference:"C:\Program Files\dotnet\packs\Microsoft.NETCore.App.Ref\10.0.5\ref\net10.0\System.Diagnostics.Debug.dll" /reference:"C:\Program Files\dotnet\packs\Microsoft.NETCore.App.Ref\10.0.5\ref\net10.0\System.Diagnostics.DiagnosticSource.dll" /reference:"C:\Program Files\dotnet\packs\Microsoft.NETCore.App.Ref\10.0.5\ref\net10.0\System.Diagnostics.FileVersionInfo.dll" /reference:"C:\Program Files\dotnet\packs\Microsoft.NETCore.App.Ref\10.0.5\ref\net10.0\System.Diagnostics.Process.dll" /reference:"C:\Program Files\dotnet\packs\Microsoft.NETCore.App.Ref\10.0.5\ref\net10.0\System.Diagnostics.StackTrace.dll" /reference:"C:\Program Files\dotnet\packs\Microsoft.NETCore.App.Ref\10.0.5\ref\net10.0\System.Diagnostics.TextWriterTraceListener.dll" /reference:"C:\Program Files\dotnet\packs\Microsoft.NETCore.App.Ref\10.0.5\ref\net10.0\System.Diagnostics.Tools.dll" /reference:"C:\Program Files\dotnet\packs\Microsoft.NETCore.App.Ref\10.0.5\ref\net10.0\System.Diagnostics.TraceSource.dll" /reference:"C:\Program Files\dotnet\packs\Microsoft.NETCore.App.Ref\10.0.5\ref\net10.0\System.Diagnostics.Tracing.dll" /reference:"C:\Program Files\dotnet\packs\Microsoft.NETCore.App.Ref\10.0.5\ref\net10.0\System.dll" /reference:"C:\Program Files\dotnet\packs\Microsoft.NETCore.App.Ref\10.0.5\ref\net10.0\System.Drawing.dll" /reference:"C:\Program Files\dotnet\packs\Microsoft.NETCore.App.Ref\10.0.5\ref\net10.0\System.Drawing.Primitives.dll" /reference:"C:\Program Files\dotnet\packs\Microsoft.NETCore.App.Ref\10.0.5\ref\net10.0\System.Dynamic.Runtime.dll" /reference:"C:\Program Files\dotnet\packs\Microsoft.NETCore.App.Ref\10.0.5\ref\net10.0\System.Formats.Asn1.dll" /reference:"C:\Program Files\dotnet\packs\Microsoft.NETCore.App.Ref\10.0.5\ref\net10.0\System.Formats.Tar.dll" /reference:"C:\Program Files\dotnet\packs\Microsoft.NETCore.App.Ref\10.0.5\ref\net10.0\System.Globalization.Calendars.dll" /reference:"C:\Program Files\dotnet\packs\Microsoft.NETCore.App.Ref\10.0.5\ref\net10.0\System.Globalization.dll" /reference:"C:\Program Files\dotnet\packs\Microsoft.NETCore.App.Ref\10.0.5\ref\net10.0\System.Globalization.Extensions.dll" /reference:C:\Users\chuck\.nuget\packages\system.interactive.async\7.0.0\ref\net10.0\System.Interactive.Async.dll /reference:"C:\Program Files\dotnet\packs\Microsoft.NETCore.App.Ref\10.0.5\ref\net10.0\System.IO.Compression.Brotli.dll" /reference:"C:\Program Files\dotnet\packs\Microsoft.NETCore.App.Ref\10.0.5\ref\net10.0\System.IO.Compression.dll" /reference:"C:\Program Files\dotnet\packs\Microsoft.NETCore.App.Ref\10.0.5\ref\net10.0\System.IO.Compression.FileSystem.dll" /reference:"C:\Program Files\dotnet\packs\Microsoft.NETCore.App.Ref\10.0.5\ref\net10.0\System.IO.Compression.ZipFile.dll" /reference:"C:\Program Files\dotnet\packs\Microsoft.NETCore.App.Ref\10.0.5\ref\net10.0\System.IO.dll" /reference:"C:\Program Files\dotnet\packs\Microsoft.NETCore.App.Ref\10.0.5\ref\net10.0\System.IO.FileSystem.AccessControl.dll" /reference:"C:\Program Files\dotnet\packs\Microsoft.NETCore.App.Ref\10.0.5\ref\net10.0\System.IO.FileSystem.dll" /reference:"C:\Program Files\dotnet\packs\Microsoft.NETCore.App.Ref\10.0.5\ref\net10.0\System.IO.FileSystem.DriveInfo.dll" /reference:"C:\Program Files\dotnet\packs\Microsoft.NETCore.App.Ref\10.0.5\ref\net10.0\System.IO.FileSystem.Primitives.dll" /reference:"C:\Program Files\dotnet\packs\Microsoft.NETCore.App.Ref\10.0.5\ref\net10.0\System.IO.FileSystem.Watcher.dll" /reference:"C:\Program Files\dotnet\packs\Microsoft.NETCore.App.Ref\10.0.5\ref\net10.0\System.IO.IsolatedStorage.dll" /reference:"C:\Program Files\dotnet\packs\Microsoft.NETCore.App.Ref\10.0.5\ref\net10.0\System.IO.MemoryMappedFiles.dll" /reference:"C:\Program Files\dotnet\packs\Microsoft.NETCore.App.Ref\10.0.5\ref\net10.0\System.IO.Pipelines.dll" /reference:"C:\Program Files\dotnet\packs\Microsoft.NETCore.App.Ref\10.0.5\ref\net10.0\System.IO.Pipes.AccessControl.dll" /reference:"C:\Program Files\dotnet\packs\Microsoft.NETCore.App.Ref\10.0.5\ref\net10.0\System.IO.Pipes.dll" /reference:"C:\Program Files\dotnet\packs\Microsoft.NETCore.App.Ref\10.0.5\ref\net10.0\System.IO.UnmanagedMemoryStream.dll" /reference:C:\Users\chuck\.nuget\packages\system.linq.async\7.0.0\ref\net10.0\System.Linq.Async.dll /reference:"C:\Program Files\dotnet\packs\Microsoft.NETCore.App.Ref\10.0.5\ref\net10.0\System.Linq.AsyncEnumerable.dll" /reference:"C:\Program Files\dotnet\packs\Microsoft.NETCore.App.Ref\10.0.5\ref\net10.0\System.Linq.dll" /reference:"C:\Program Files\dotnet\packs\Microsoft.NETCore.App.Ref\10.0.5\ref\net10.0\System.Linq.Expressions.dll" /reference:"C:\Program Files\dotnet\packs\Microsoft.NETCore.App.Ref\10.0.5\ref\net10.0\System.Linq.Parallel.dll" /reference:"C:\Program Files\dotnet\packs\Microsoft.NETCore.App.Ref\10.0.5\ref\net10.0\System.Linq.Queryable.dll" /reference:"C:\Program Files\dotnet\packs\Microsoft.NETCore.App.Ref\10.0.5\ref\net10.0\System.Memory.dll" /reference:"C:\Program Files\dotnet\packs\Microsoft.NETCore.App.Ref\10.0.5\ref\net10.0\System.Net.dll" /reference:"C:\Program Files\dotnet\packs\Microsoft.NETCore.App.Ref\10.0.5\ref\net10.0\System.Net.Http.dll" /reference:"C:\Program Files\dotnet\packs\Microsoft.NETCore.App.Ref\10.0.5\ref\net10.0\System.Net.Http.Json.dll" /reference:"C:\Program Files\dotnet\packs\Microsoft.NETCore.App.Ref\10.0.5\ref\net10.0\System.Net.HttpListener.dll" /reference:"C:\Program Files\dotnet\packs\Microsoft.NETCore.App.Ref\10.0.5\ref\net10.0\System.Net.Mail.dll" /reference:"C:\Program Files\dotnet\packs\Microsoft.NETCore.App.Ref\10.0.5\ref\net10.0\System.Net.NameResolution.dll" /reference:"C:\Program Files\dotnet\packs\Microsoft.NETCore.App.Ref\10.0.5\ref\net10.0\System.Net.NetworkInformation.dll" /reference:"C:\Program Files\dotnet\packs\Microsoft.NETCore.App.Ref\10.0.5\ref\net10.0\System.Net.Ping.dll" /reference:"C:\Program Files\dotnet\packs\Microsoft.NETCore.App.Ref\10.0.5\ref\net10.0\System.Net.Primitives.dll" /reference:"C:\Program Files\dotnet\packs\Microsoft.NETCore.App.Ref\10.0.5\ref\net10.0\System.Net.Quic.dll" /reference:"C:\Program Files\dotnet\packs\Microsoft.NETCore.App.Ref\10.0.5\ref\net10.0\System.Net.Requests.dll" /reference:"C:\Program Files\dotnet\packs\Microsoft.NETCore.App.Ref\10.0.5\ref\net10.0\System.Net.Security.dll" /reference:"C:\Program Files\dotnet\packs\Microsoft.NETCore.App.Ref\10.0.5\ref\net10.0\System.Net.ServerSentEvents.dll" /reference:"C:\Program Files\dotnet\packs\Microsoft.NETCore.App.Ref\10.0.5\ref\net10.0\System.Net.ServicePoint.dll" /reference:"C:\Program Files\dotnet\packs\Microsoft.NETCore.App.Ref\10.0.5\ref\net10.0\System.Net.Sockets.dll" /reference:"C:\Program Files\dotnet\packs\Microsoft.NETCore.App.Ref\10.0.5\ref\net10.0\System.Net.WebClient.dll" /reference:"C:\Program Files\dotnet\packs\Microsoft.NETCore.App.Ref\10.0.5\ref\net10.0\System.Net.WebHeaderCollection.dll" /reference:"C:\Program Files\dotnet\packs\Microsoft.NETCore.App.Ref\10.0.5\ref\net10.0\System.Net.WebProxy.dll" /reference:"C:\Program Files\dotnet\packs\Microsoft.NETCore.App.Ref\10.0.5\ref\net10.0\System.Net.WebSockets.Client.dll" /reference:"C:\Program Files\dotnet\packs\Microsoft.NETCore.App.Ref\10.0.5\ref\net10.0\System.Net.WebSockets.dll" /reference:"C:\Program Files\dotnet\packs\Microsoft.NETCore.App.Ref\10.0.5\ref\net10.0\System.Numerics.dll" /reference:"C:\Program Files\dotnet\packs\Microsoft.NETCore.App.Ref\10.0.5\ref\net10.0\System.Numerics.Vectors.dll" /reference:"C:\Program Files\dotnet\packs\Microsoft.NETCore.App.Ref\10.0.5\ref\net10.0\System.ObjectModel.dll" /reference:"C:\Program Files\dotnet\packs\Microsoft.NETCore.App.Ref\10.0.5\ref\net10.0\System.Reflection.DispatchProxy.dll" /reference:"C:\Program Files\dotnet\packs\Microsoft.NETCore.App.Ref\10.0.5\ref\net10.0\System.Reflection.dll" /reference:"C:\Program Files\dotnet\packs\Microsoft.NETCore.App.Ref\10.0.5\ref\net10.0\System.Reflection.Emit.dll" /reference:"C:\Program Files\dotnet\packs\Microsoft.NETCore.App.Ref\10.0.5\ref\net10.0\System.Reflection.Emit.ILGeneration.dll" /reference:"C:\Program Files\dotnet\packs\Microsoft.NETCore.App.Ref\10.0.5\ref\net10.0\System.Reflection.Emit.Lightweight.dll" /reference:"C:\Program Files\dotnet\packs\Microsoft.NETCore.App.Ref\10.0.5\ref\net10.0\System.Reflection.Extensions.dll" /reference:"C:\Program Files\dotnet\packs\Microsoft.NETCore.App.Ref\10.0.5\ref\net10.0\System.Reflection.Metadata.dll" /reference:"C:\Program Files\dotnet\packs\Microsoft.NETCore.App.Ref\10.0.5\ref\net10.0\System.Reflection.Primitives.dll" /reference:"C:\Program Files\dotnet\packs\Microsoft.NETCore.App.Ref\10.0.5\ref\net10.0\System.Reflection.TypeExtensions.dll" /reference:"C:\Program Files\dotnet\packs\Microsoft.NETCore.App.Ref\10.0.5\ref\net10.0\System.Resources.Reader.dll" /reference:"C:\Program Files\dotnet\packs\Microsoft.NETCore.App.Ref\10.0.5\ref\net10.0\System.Resources.ResourceManager.dll" /reference:"C:\Program Files\dotnet\packs\Microsoft.NETCore.App.Ref\10.0.5\ref\net10.0\System.Resources.Writer.dll" /reference:"C:\Program Files\dotnet\packs\Microsoft.NETCore.App.Ref\10.0.5\ref\net10.0\System.Runtime.CompilerServices.Unsafe.dll" /reference:"C:\Program Files\dotnet\packs\Microsoft.NETCore.App.Ref\10.0.5\ref\net10.0\System.Runtime.CompilerServices.VisualC.dll" /reference:"C:\Program Files\dotnet\packs\Microsoft.NETCore.App.Ref\10.0.5\ref\net10.0\System.Runtime.dll" /reference:"C:\Program Files\dotnet\packs\Microsoft.NETCore.App.Ref\10.0.5\ref\net10.0\System.Runtime.Extensions.dll" /reference:"C:\Program Files\dotnet\packs\Microsoft.NETCore.App.Ref\10.0.5\ref\net10.0\System.Runtime.Handles.dll" /reference:"C:\Program Files\dotnet\packs\Microsoft.NETCore.App.Ref\10.0.5\ref\net10.0\System.Runtime.InteropServices.dll" /reference:"C:\Program Files\dotnet\packs\Microsoft.NETCore.App.Ref\10.0.5\ref\net10.0\System.Runtime.InteropServices.JavaScript.dll" /reference:"C:\Program Files\dotnet\packs\Microsoft.NETCore.App.Ref\10.0.5\ref\net10.0\System.Runtime.InteropServices.RuntimeInformation.dll" /reference:"C:\Program Files\dotnet\packs\Microsoft.NETCore.App.Ref\10.0.5\ref\net10.0\System.Runtime.Intrinsics.dll" /reference:"C:\Program Files\dotnet\packs\Microsoft.NETCore.App.Ref\10.0.5\ref\net10.0\System.Runtime.Loader.dll" /reference:"C:\Program Files\dotnet\packs\Microsoft.NETCore.App.Ref\10.0.5\ref\net10.0\System.Runtime.Numerics.dll" /reference:"C:\Program Files\dotnet\packs\Microsoft.NETCore.App.Ref\10.0.5\ref\net10.0\System.Runtime.Serialization.dll" /reference:"C:\Program Files\dotnet\packs\Microsoft.NETCore.App.Ref\10.0.5\ref\net10.0\System.Runtime.Serialization.Formatters.dll" /reference:"C:\Program Files\dotnet\packs\Microsoft.NETCore.App.Ref\10.0.5\ref\net10.0\System.Runtime.Serialization.Json.dll" /reference:"C:\Program Files\dotnet\packs\Microsoft.NETCore.App.Ref\10.0.5\ref\net10.0\System.Runtime.Serialization.Primitives.dll" /reference:"C:\Program Files\dotnet\packs\Microsoft.NETCore.App.Ref\10.0.5\ref\net10.0\System.Runtime.Serialization.Xml.dll" /reference:"C:\Program Files\dotnet\packs\Microsoft.NETCore.App.Ref\10.0.5\ref\net10.0\System.Security.AccessControl.dll" /reference:"C:\Program Files\dotnet\packs\Microsoft.NETCore.App.Ref\10.0.5\ref\net10.0\System.Security.Claims.dll" /reference:"C:\Program Files\dotnet\packs\Microsoft.NETCore.App.Ref\10.0.5\ref\net10.0\System.Security.Cryptography.Algorithms.dll" /reference:"C:\Program Files\dotnet\packs\Microsoft.NETCore.App.Ref\10.0.5\ref\net10.0\System.Security.Cryptography.Cng.dll" /reference:"C:\Program Files\dotnet\packs\Microsoft.NETCore.App.Ref\10.0.5\ref\net10.0\System.Security.Cryptography.Csp.dll" /reference:"C:\Program Files\dotnet\packs\Microsoft.NETCore.App.Ref\10.0.5\ref\net10.0\System.Security.Cryptography.dll" /reference:"C:\Program Files\dotnet\packs\Microsoft.NETCore.App.Ref\10.0.5\ref\net10.0\System.Security.Cryptography.Encoding.dll" /reference:"C:\Program Files\dotnet\packs\Microsoft.NETCore.App.Ref\10.0.5\ref\net10.0\System.Security.Cryptography.OpenSsl.dll" /reference:"C:\Program Files\dotnet\packs\Microsoft.NETCore.App.Ref\10.0.5\ref\net10.0\System.Security.Cryptography.Primitives.dll" /reference:"C:\Program Files\dotnet\packs\Microsoft.NETCore.App.Ref\10.0.5\ref\net10.0\System.Security.Cryptography.X509Certificates.dll" /reference:"C:\Program Files\dotnet\packs\Microsoft.NETCore.App.Ref\10.0.5\ref\net10.0\System.Security.dll" /reference:"C:\Program Files\dotnet\packs\Microsoft.NETCore.App.Ref\10.0.5\ref\net10.0\System.Security.Principal.dll" /reference:"C:\Program Files\dotnet\packs\Microsoft.NETCore.App.Ref\10.0.5\ref\net10.0\System.Security.Principal.Windows.dll" /reference:"C:\Program Files\dotnet\packs\Microsoft.NETCore.App.Ref\10.0.5\ref\net10.0\System.Security.SecureString.dll" /reference:"C:\Program Files\dotnet\packs\Microsoft.NETCore.App.Ref\10.0.5\ref\net10.0\System.ServiceModel.Web.dll" /reference:"C:\Program Files\dotnet\packs\Microsoft.NETCore.App.Ref\10.0.5\ref\net10.0\System.ServiceProcess.dll" /reference:"C:\Program Files\dotnet\packs\Microsoft.NETCore.App.Ref\10.0.5\ref\net10.0\System.Text.Encoding.CodePages.dll" /reference:"C:\Program Files\dotnet\packs\Microsoft.NETCore.App.Ref\10.0.5\ref\net10.0\System.Text.Encoding.dll" /reference:"C:\Program Files\dotnet\packs\Microsoft.NETCore.App.Ref\10.0.5\ref\net10.0\System.Text.Encoding.Extensions.dll" /reference:"C:\Program Files\dotnet\packs\Microsoft.NETCore.App.Ref\10.0.5\ref\net10.0\System.Text.Encodings.Web.dll" /reference:"C:\Program Files\dotnet\packs\Microsoft.NETCore.App.Ref\10.0.5\ref\net10.0\System.Text.Json.dll" /reference:"C:\Program Files\dotnet\packs\Microsoft.NETCore.App.Ref\10.0.5\ref\net10.0\System.Text.RegularExpressions.dll" /reference:"C:\Program Files\dotnet\packs\Microsoft.NETCore.App.Ref\10.0.5\ref\net10.0\System.Threading.AccessControl.dll" /reference:"C:\Program Files\dotnet\packs\Microsoft.NETCore.App.Ref\10.0.5\ref\net10.0\System.Threading.Channels.dll" /reference:"C:\Program Files\dotnet\packs\Microsoft.NETCore.App.Ref\10.0.5\ref\net10.0\System.Threading.dll" /reference:"C:\Program Files\dotnet\packs\Microsoft.NETCore.App.Ref\10.0.5\ref\net10.0\System.Threading.Overlapped.dll" /reference:"C:\Program Files\dotnet\packs\Microsoft.NETCore.App.Ref\10.0.5\ref\net10.0\System.Threading.Tasks.Dataflow.dll" /reference:"C:\Program Files\dotnet\packs\Microsoft.NETCore.App.Ref\10.0.5\ref\net10.0\System.Threading.Tasks.dll" /reference:"C:\Program Files\dotnet\packs\Microsoft.NETCore.App.Ref\10.0.5\ref\net10.0\System.Threading.Tasks.Extensions.dll" /reference:"C:\Program Files\dotnet\packs\Microsoft.NETCore.App.Ref\10.0.5\ref\net10.0\System.Threading.Tasks.Parallel.dll" /reference:"C:\Program Files\dotnet\packs\Microsoft.NETCore.App.Ref\10.0.5\ref\net10.0\System.Threading.Thread.dll" /reference:"C:\Program Files\dotnet\packs\Microsoft.NETCore.App.Ref\10.0.5\ref\net10.0\System.Threading.ThreadPool.dll" /reference:"C:\Program Files\dotnet\packs\Microsoft.NETCore.App.Ref\10.0.5\ref\net10.0\System.Threading.Timer.dll" /reference:"C:\Program Files\dotnet\packs\Microsoft.NETCore.App.Ref\10.0.5\ref\net10.0\System.Transactions.dll" /reference:"C:\Program Files\dotnet\packs\Microsoft.NETCore.App.Ref\10.0.5\ref\net10.0\System.Transactions.Local.dll" /reference:"C:\Program Files\dotnet\packs\Microsoft.NETCore.App.Ref\10.0.5\ref\net10.0\System.ValueTuple.dll" /reference:"C:\Program Files\dotnet\packs\Microsoft.NETCore.App.Ref\10.0.5\ref\net10.0\System.Web.dll" /reference:"C:\Program Files\dotnet\packs\Microsoft.NETCore.App.Ref\10.0.5\ref\net10.0\System.Web.HttpUtility.dll" /reference:"C:\Program Files\dotnet\packs\Microsoft.NETCore.App.Ref\10.0.5\ref\net10.0\System.Windows.dll" /reference:"C:\Program Files\dotnet\packs\Microsoft.NETCore.App.Ref\10.0.5\ref\net10.0\System.Xml.dll" /reference:"C:\Program Files\dotnet\packs\Microsoft.NETCore.App.Ref\10.0.5\ref\net10.0\System.Xml.Linq.dll" /reference:"C:\Program Files\dotnet\packs\Microsoft.NETCore.App.Ref\10.0.5\ref\net10.0\System.Xml.ReaderWriter.dll" /reference:"C:\Program Files\dotnet\packs\Microsoft.NETCore.App.Ref\10.0.5\ref\net10.0\System.Xml.Serialization.dll" /reference:"C:\Program Files\dotnet\packs\Microsoft.NETCore.App.Ref\10.0.5\ref\net10.0\System.Xml.XDocument.dll" /reference:"C:\Program Files\dotnet\packs\Microsoft.NETCore.App.Ref\10.0.5\ref\net10.0\System.Xml.XmlDocument.dll" /reference:"C:\Program Files\dotnet\packs\Microsoft.NETCore.App.Ref\10.0.5\ref\net10.0\System.Xml.XmlSerializer.dll" /reference:"C:\Program Files\dotnet\packs\Microsoft.NETCore.App.Ref\10.0.5\ref\net10.0\System.Xml.XPath.dll" /reference:"C:\Program Files\dotnet\packs\Microsoft.NETCore.App.Ref\10.0.5\ref\net10.0\System.Xml.XPath.XDocument.dll" /reference:C:\Users\chuck\.nuget\packages\testcontainers\4.11.0\lib\net10.0\Testcontainers.dll /reference:C:\Users\chuck\.nuget\packages\testcontainers.mssql\4.11.0\lib\net10.0\Testcontainers.MsSql.dll /reference:C:\Users\chuck\.nuget\packages\testcontainers.oracle\4.11.0\lib\net10.0\Testcontainers.Oracle.dll /reference:C:\Users\chuck\.nuget\packages\testcontainers.postgresql\4.11.0\lib\net10.0\Testcontainers.PostgreSql.dll /reference:"C:\Program Files\dotnet\packs\Microsoft.NETCore.App.Ref\10.0.5\ref\net10.0\WindowsBase.dll" /features:"InterceptorsNamespaces=;Microsoft.Extensions.Validation.Generated" /debug+ /debug:portable /filealign:512 /optimize- /out:obj\Debug\net10.0\ETL-SQL.Engine.dll /refout:obj\Debug\net10.0\refint\ETL-SQL.Engine.dll /target:library /warnaserror- /utf8output /deterministic+ /sourcelink:obj\Debug\net10.0\ETL-SQL.Engine.sourcelink.json /langversion:14.0 /embed:obj\Debug\net10.0\ETL-SQL.Engine.GlobalUsings.g.cs /embed:"obj\Debug\net10.0\.NETCoreApp,Version=v10.0.AssemblyAttributes.cs" /embed:obj\Debug\net10.0\ETL-SQL.Engine.AssemblyInfo.cs /analyzerconfig:obj\Debug\net10.0\ETL-SQL.Engine.GeneratedMSBuildEditorConfig.editorconfig /analyzerconfig:"C:\Program Files\dotnet\sdk\10.0.201\Sdks\Microsoft.NET.Sdk\analyzers\build\config\analysislevel_10_default.globalconfig" /analyzer:"C:\Program Files\dotnet\sdk\10.0.201\Sdks\Microsoft.NET.Sdk\targets\..\analyzers\Microsoft.CodeAnalysis.CSharp.NetAnalyzers.dll" /analyzer:"C:\Program Files\dotnet\sdk\10.0.201\Sdks\Microsoft.NET.Sdk\targets\..\analyzers\Microsoft.CodeAnalysis.NetAnalyzers.dll" /analyzer:C:\Users\chuck\.nuget\packages\microsoft.extensions.logging.abstractions\10.0.0-preview.1.25080.5\analyzers\dotnet\roslyn4.4\cs\Microsoft.Extensions.Logging.Generators.dll /analyzer:C:\Users\chuck\.nuget\packages\microsoft.extensions.options\10.0.0-preview.1.25080.5\analyzers\dotnet\roslyn4.4\cs\Microsoft.Extensions.Options.SourceGeneration.dll /analyzer:"C:\Program Files\dotnet\packs\Microsoft.NETCore.App.Ref\10.0.5\analyzers/dotnet/cs/Microsoft.Interop.ComInterfaceGenerator.dll" /analyzer:"C:\Program Files\dotnet\packs\Microsoft.NETCore.App.Ref\10.0.5\analyzers/dotnet/cs/Microsoft.Interop.JavaScript.JSImportGenerator.dll" /analyzer:"C:\Program Files\dotnet\packs\Microsoft.NETCore.App.Ref\10.0.5\analyzers/dotnet/cs/Microsoft.Interop.LibraryImportGenerator.dll" /analyzer:"C:\Program Files\dotnet\packs\Microsoft.NETCore.App.Ref\10.0.5\analyzers/dotnet/cs/Microsoft.Interop.SourceGeneration.dll" /analyzer:"C:\Program Files\dotnet\packs\Microsoft.NETCore.App.Ref\10.0.5\analyzers/dotnet/cs/System.Text.Json.SourceGeneration.dll" /analyzer:"C:\Program Files\dotnet\packs\Microsoft.NETCore.App.Ref\10.0.5\analyzers/dotnet/cs/System.Text.RegularExpressions.Generator.dll" Engines\AggregateEngine.cs Engines\ExternalAggregateEngine.cs Engines\ExternalJoinEngine.cs Engines\JoinEngine.cs Engines\PivotEngine.cs Engines\SetOperationEngine.cs Engines\WindowEngine.cs Evaluator.cs ExpressionEvaluator.cs Functions\FileFunctions.cs Functions\FunctionRegistry.cs Functions\HelpExtensions.cs Functions\JsonFunctions.cs Functions\LineageFunctions.cs Functions\RegexFunctions.cs Functions\StandardFunctions.cs Functions\XmlFunctions.cs Handlers\AlterTableStatementHandler.cs Handlers\BeginTransactionStatementHandler.cs Handlers\BlockStatementHandler.cs Handlers\BreakStatementHandler.cs Handlers\BulkInsertStatementHandler.cs Handlers\CommitTransactionStatementHandler.cs Handlers\ContinueStatementHandler.cs Handlers\CreateConnectionStatementHandler.cs Handlers\CreateFunctionStatementHandler.cs Handlers\CreateIndexStatementHandler.cs Handlers\CreateJobStatementHandler.cs Handlers\CreateProcedureStatementHandler.cs Handlers\CreateTableStatementHandler.cs Handlers\DeclareStatementHandler.cs Handlers\DeleteStatementHandler.cs Handlers\DirectoryOperationStatementHandler.cs Handlers\DockerActionStatementHandler.cs Handlers\DockerCloseHandler.cs Handlers\DockerStatementHandler.cs Handlers\DropConnectionStatementHandler.cs Handlers\DropFunctionStatementHandler.cs Handlers\DropIndexStatementHandler.cs Handlers\DropProcedureStatementHandler.cs Handlers\DropTableStatementHandler.cs Handlers\EmailStatementHandler.cs Handlers\ExecStatementHandler.cs Handlers\ExecutePushdownStatementHandler.cs Handlers\ExecuteRemoteBlockStatementHandler.cs Handlers\ExecuteStatementHandler.cs Handlers\ExplainStatementHandler.cs Handlers\FileOperationStatementHandler.cs Handlers\FileTransferStatementHandler.cs Handlers\ForeachStatementHandler.cs Handlers\ForStatementHandler.cs Handlers\HelpStatementHandler.cs Handlers\IfStatementHandler.cs Handlers\InsertStatementHandler.cs Handlers\LineageStatementHandler.cs Handlers\LintStatementHandler.cs Handlers\MergeStatementHandler.cs Handlers\ParallelStatementHandler.cs Handlers\PrintStatementHandler.cs Handlers\RaiseErrorStatementHandler.cs Handlers\ReturnStatementHandler.cs Handlers\RollbackTransactionStatementHandler.cs Handlers\RunScriptStatementHandler.cs Handlers\SelectStatementHandler.cs Handlers\SetProfilingStatementHandler.cs Handlers\SetVariableStatementHandler.cs Handlers\ShowJobHistoryStatementHandler.cs Handlers\ShowJobsStatementHandler.cs Handlers\ShowProfileStatementHandler.cs Handlers\ThrowStatementHandler.cs Handlers\TruncateTableStatementHandler.cs Handlers\TryCatchStatementHandler.cs Handlers\UpdateStatementHandler.cs Handlers\WaitForStatementHandler.cs Handlers\WhileStatementHandler.cs ResultFormatter.cs Scheduling\SchedulerService.cs Services\BatchPipelineHelper.cs Services\DataSourceManager.cs Services\ExecutionMetricsReporter.cs Services\ProcedureExecutor.cs Services\QueryCompiler.cs Services\SchemaManager.cs Services\VariableScopeManager.cs Storage\LineageDataSource.cs Storage\SQLiteJobHistoryStore.cs TransactionManager.cs obj\Debug\net10.0\ETL-SQL.Engine.GlobalUsings.g.cs "obj\Debug\net10.0\.NETCoreApp,Version=v10.0.AssemblyAttributes.cs" obj\Debug\net10.0\ETL-SQL.Engine.AssemblyInfo.cs /warnaserror+:NU1605,SYSLIB0011'
         Assembly loaded during TaskRun (Microsoft.CodeAnalysis.BuildTasks.Csc): System.IO.Pipes, Version=10.0.0.0, Culture=neutral, PublicKeyToken=b03f5f7f11d50a3a (location: C:\Program Files\dotnet\shared\Microsoft.NETCore.App\10.0.5\System.IO.Pipes.dll, MVID: 8a6a0eaa-8748-4f7d-bc73-d55a505924e1, AssemblyLoadContext: Default)
         Attempt to open named pipe 'TBzUCQVWVi2e20uCfMoM4RIU8uDMHEhHwAWMo5bZ3Jk'
         Attempt to connect named pipe 'TBzUCQVWVi2e20uCfMoM4RIU8uDMHEhHwAWMo5bZ3Jk'
         Assembly loaded during TaskRun (Microsoft.CodeAnalysis.BuildTasks.Csc): System.Security.AccessControl, Version=10.0.0.0, Culture=neutral, PublicKeyToken=b03f5f7f11d50a3a (location: C:\Program Files\dotnet\shared\Microsoft.NETCore.App\10.0.5\System.Security.AccessControl.dll, MVID: aa9bae05-09c9-4736-a03f-a8cf9fc233ad, AssemblyLoadContext: Default)
         Named pipe 'TBzUCQVWVi2e20uCfMoM4RIU8uDMHEhHwAWMo5bZ3Jk' connected
         Begin writing request for ETL-SQL.Engine (net10.0)
         End writing request for ETL-SQL.Engine (net10.0)
         Begin reading response for ETL-SQL.Engine (net10.0)
         End reading response for ETL-SQL.Engine (net10.0)
         Microsoft (R) Visual C# Compiler version 5.3.0-2.26153.122 (4d3023de605a78ba3e59e50c657eed70f125c68a)
         Copyright (C) Microsoft Corporation. All rights reserved.
   1:7>C:\Users\chuck\scratch\ETL-SQL\src\ETL-SQL.Engine\Functions\FileFunctions.cs(26,22): error CS1501: No overload for method 'Register' takes 3 arguments [C:\Users\chuck\scratch\ETL-SQL\src\ETL-SQL.Engine\ETL-SQL.Engine.csproj]
   1:7>C:\Users\chuck\scratch\ETL-SQL\src\ETL-SQL.Engine\Functions\FileFunctions.cs(27,22): error CS1501: No overload for method 'Register' takes 3 arguments [C:\Users\chuck\scratch\ETL-SQL\src\ETL-SQL.Engine\ETL-SQL.Engine.csproj]
   1:7>C:\Users\chuck\scratch\ETL-SQL\src\ETL-SQL.Engine\Handlers\InsertStatementHandler.cs(190,42): warning CS8600: Converting null literal or possible null value to non-nullable type. [C:\Users\chuck\scratch\ETL-SQL\src\ETL-SQL.Engine\ETL-SQL.Engine.csproj]
         CompilerServer: server - server processed compilation - ETL-SQL.Engine (net10.0)
       Done executing task "Csc" -- FAILED.
   1:7>Done building target "CoreCompile" in project "ETL-SQL.Engine.csproj" -- FAILED.
   1:7>Target "_CheckForCompileOutputs" in file "C:\Program Files\dotnet\sdk\10.0.201\Microsoft.Common.CurrentVersion.targets" from project "C:\Users\chuck\scratch\ETL-SQL\src\ETL-SQL.Engine\ETL-SQL.Engine.csproj" (target "_CleanGetCurrentAndPriorFileWrites" depends on it):
   1:7>Done building target "_CheckForCompileOutputs" in project "ETL-SQL.Engine.csproj".
   1:7>Target "_CleanGetCurrentAndPriorFileWrites" in file "C:\Program Files\dotnet\sdk\10.0.201\Microsoft.Common.CurrentVersion.targets" from project "C:\Users\chuck\scratch\ETL-SQL\src\ETL-SQL.Engine\ETL-SQL.Engine.csproj" (target "_CleanRecordFileWrites" depends on it):
       Task "ReadLinesFromFile"
       Done executing task "ReadLinesFromFile".
       Task "ConvertToAbsolutePath"
       Done executing task "ConvertToAbsolutePath".
       Task "FindUnderPath"
         Comparison path is "C:\Users\chuck\scratch\ETL-SQL\src\ETL-SQL.Engine".
       Done executing task "FindUnderPath".
       Task "FindUnderPath"
         Comparison path is "bin\Debug\net10.0\".
       Done executing task "FindUnderPath".
       Task "FindUnderPath"
         Comparison path is "obj\Debug\net10.0\".
       Done executing task "FindUnderPath".
       Task "RemoveDuplicates"
       Done executing task "RemoveDuplicates".
   1:7>Done building target "_CleanGetCurrentAndPriorFileWrites" in project "ETL-SQL.Engine.csproj".
   1:7>Target "_CleanRecordFileWrites" in file "C:\Program Files\dotnet\sdk\10.0.201\Microsoft.Common.CurrentVersion.targets" from project "C:\Users\chuck\scratch\ETL-SQL\src\ETL-SQL.Engine\ETL-SQL.Engine.csproj" (target "CoreBuild" depends on it):
       Task "RemoveDuplicates"
       Done executing task "RemoveDuplicates".
       Task "MakeDir"
       Done executing task "MakeDir".
       Task "WriteLinesToFile"
         Skipping write to file "C:\Users\chuck\scratch\ETL-SQL\src\ETL-SQL.Engine\obj\Debug\net10.0\ETL-SQL.Engine.csproj.FileListAbsolute.txt" because content would not change.
       Done executing task "WriteLinesToFile".
   1:7>Done building target "_CleanRecordFileWrites" in project "ETL-SQL.Engine.csproj".
   1:7>Done Building Project "C:\Users\chuck\scratch\ETL-SQL\src\ETL-SQL.Engine\ETL-SQL.Engine.csproj" (default targets) -- FAILED.

Build FAILED.

       "C:\Users\chuck\scratch\ETL-SQL\src\ETL-SQL.Engine\ETL-SQL.Engine.csproj" (default target) (1:7) ->
       (CoreCompile target) -> 
         C:\Users\chuck\scratch\ETL-SQL\src\ETL-SQL.Engine\Handlers\InsertStatementHandler.cs(190,42): warning CS8600: Converting null literal or possible null value to non-nullable type. [C:\Users\chuck\scratch\ETL-SQL\src\ETL-SQL.Engine\ETL-SQL.Engine.csproj]


       "C:\Users\chuck\scratch\ETL-SQL\src\ETL-SQL.Engine\ETL-SQL.Engine.csproj" (default target) (1:7) ->
       (CoreCompile target) -> 
         C:\Users\chuck\scratch\ETL-SQL\src\ETL-SQL.Engine\Functions\FileFunctions.cs(26,22): error CS1501: No overload for method 'Register' takes 3 arguments [C:\Users\chuck\scratch\ETL-SQL\src\ETL-SQL.Engine\ETL-SQL.Engine.csproj]
         C:\Users\chuck\scratch\ETL-SQL\src\ETL-SQL.Engine\Functions\FileFunctions.cs(27,22): error CS1501: No overload for method 'Register' takes 3 arguments [C:\Users\chuck\scratch\ETL-SQL\src\ETL-SQL.Engine\ETL-SQL.Engine.csproj]

    1 Warning(s)
    2 Error(s)

Time Elapsed 00:00:00.92
