{"type":"FeatureCollection","features":[{"type":"Feature","properties":{"NAME":"Alberta","CODE":"CA01"},"geometry":{"type":"Polygon","coordinates":[[[-114.11,48.99],[-114.1,49.01],[-114.08,49.02],[-114.08,49.03],[-114.09,49.04],[-114.11,49.05],[-114.15,49.07],[-114.18,49.13],[-114.18,49.14],[-114.19,49.15],[-114.21,49.17],[-114.26,49.18],[-114.3,49.18],[-114.31,49.18],[-114.35,49.2],[-114.4,49.2],[-114.42,49.21],[-114.42,49.23],[-114.41,49.24],[-114.41,49.25],[-114.43,49.26],[-114.47,49.27],[-114.47,49.29],[-114.5,49.31],[-114.5,49.32],[-114.51,49.34],[-114.52,49.35],[-114.54,49.36],[-114.55,49.36],[-114.55,49.37],[-114.58,49.38],[-114.6,49.39],[-114.61,49.41],[-114.62,49.42],[-114.62,49.45],[-114.61,49.48],[-114.59,49.55],[-114.6,49.55],[-114.65,49.54],[-114.68,49.55],[-114.7,49.55],[-114.73,49.56],[-114.76,49.59],[-114.75,49.61],[-114.73,49.62],[-114.68,49.64],[-114.68,49.67],[-114.68,49.68],[-114.67,49.7],[-114.65,49.73],[-114.67,49.76],[-114.66,49.77],[-114.66,49.81],[-114.66,49.84],[-114.68,49.87],[-114.7,49.89],[-114.7,49.91],[-114.7,49.93],[-114.67,49.98],[-114.68,50.03],[-114.67,50.05],[-114.71,50.08],[-114.73,50.11],[-114.74,50.15],[-114.74,50.17],[-114.73,50.19],[-114.77,50.26],[-114.77,50.27],[-114.77,50.3],[-114.78,50.3],[-114.8,50.32],[-114.8,50.33],[-114.77,50.34],[-114.77,50.35],[-114.78,50.36],[-114.81,50.36],[-114.82,50.38],[-114.85,50.39],[-114.86,50.39],[-114.87,50.4],[-114.87,50.43],[-114.88,50.44],[-114.92,50.45],[-114.96,50.49],[-114.97,50.51],[-115,50.56],[-115.02,50.58],[-115.05,50.57],[-115.08,50.58],[-115.11,50.57],[-115.15,50.57],[-115.18,50.56],[-115.18,50.55],[-115.2,50.53],[-115.21,50.53],[-115.23,50.55],[-115.24,50.56],[-115.23,50.58],[-115.27,50.6],[-115.3,50.63],[-115.31,50.63],[-115.29,50.65],[-115.28,50.66],[-115.3,50.68],[-115.3,50.69],[-115.31,50.7],[-115.32,50.72],[-115.35,50.73],[-115.37,50.71],[-115.39,50.71],[-115.41,50.72],[-115.42,50.74],[-115.45,50.75],[-115.46,50.76],[-115.49,50.77],[-115.49,50.78],[-115.52,50.79],[-115.56,50.8],[-115.56,50.81],[-115.57,50.83],[-115.58,50.84],[-115.64,50.84],[-115.67,50.85],[-115.67,50.86],[-115.67,50.87],[-115.59,50.88],[-115.57,50.9],[-115.58,50.91],[-115.59,50.91],[-115.61,50.95],[-115.63,50.98],[-115.65,51],[-115.66,51],[-115.69,51.02],[-115.73,51.02],[-115.76,51.04],[-115.76,51.05],[-115.81,51.08],[-115.89,51.09],[-115.9,51.08],[-115.91,51.08],[-115.98,51.12],[-116,51.12],[-116,51.14],[-116.02,51.17],[-116.02,51.18],[-116,51.2],[-116.03,51.22],[-116.04,51.23],[-116.07,51.24],[-116.08,51.25],[-116.12,51.26],[-116.15,51.27],[-116.16,51.27],[-116.15,51.29],[-116.17,51.3],[-116.21,51.3],[-116.22,51.3],[-116.25,51.31],[-116.27,51.32],[-116.28,51.34],[-116.28,51.35],[-116.3,51.38],[-116.29,51.4],[-116.28,51.42],[-116.29,51.43],[-116.3,51.46],[-116.31,51.46],[-116.35,51.47],[-116.37,51.48],[-116.38,51.5],[-116.39,51.51],[-116.39,51.53],[-116.39,51.55],[-116.41,51.56],[-116.44,51.57],[-116.45,51.57],[-116.46,51.57],[-116.47,51.6],[-116.49,51.62],[-116.54,51.65],[-116.58,51.67],[-116.58,51.7],[-116.58,51.71],[-116.62,51.73],[-116.62,51.75],[-116.64,51.76],[-116.64,51.77],[-116.64,51.78],[-116.66,51.8],[-116.67,51.81],[-116.68,51.81],[-116.72,51.8],[-116.74,51.81],[-116.76,51.78],[-116.81,51.75],[-116.81,51.74],[-116.8,51.72],[-116.82,51.7],[-116.84,51.71],[-116.88,51.71],[-116.89,51.71],[-116.93,51.73],[-116.93,51.74],[-116.97,51.76],[-116.97,51.77],[-116.97,51.8],[-116.97,51.81],[-117,51.84],[-117.04,51.88],[-117.04,51.9],[-117.09,51.92],[-117.13,51.95],[-117.13,51.96],[-117.17,51.98],[-117.18,51.98],[-117.22,52],[-117.23,52.01],[-117.22,52.03],[-117.26,52.04],[-117.27,52.05],[-117.32,52.07],[-117.33,52.1],[-117.33,52.11],[-117.32,52.14],[-117.36,52.2],[-117.36,52.21],[-117.37,52.2],[-117.37,52.18],[-117.37,52.17],[-117.41,52.16],[-117.43,52.16],[-117.48,52.16],[-117.56,52.16],[-117.6,52.14],[-117.61,52.14],[-117.62,52.14],[-117.65,52.17],[-117.68,52.21],[-117.7,52.21],[-117.72,52.21],[-117.81,52.22],[-117.84,52.25],[-117.85,52.27],[-117.84,52.3],[-117.83,52.31],[-117.81,52.32],[-117.77,52.33],[-117.75,52.34],[-117.74,52.37],[-117.75,52.37],[-117.77,52.4],[-117.78,52.41],[-117.79,52.4],[-117.85,52.41],[-117.89,52.42],[-117.9,52.43],[-117.94,52.46],[-117.98,52.48],[-117.98,52.5],[-118,52.5],[-118.02,52.5],[-118.03,52.48],[-118.06,52.47],[-118.05,52.46],[-118.06,52.43],[-118.07,52.42],[-118.1,52.41],[-118.14,52.42],[-118.15,52.41],[-118.17,52.4],[-118.19,52.4],[-118.23,52.41],[-118.24,52.41],[-118.25,52.43],[-118.25,52.44],[-118.23,52.45],[-118.2,52.48],[-118.24,52.48],[-118.25,52.49],[-118.27,52.51],[-118.3,52.53],[-118.3,52.54],[-118.28,52.56],[-118.28,52.57],[-118.29,52.57],[-118.33,52.58],[-118.34,52.58],[-118.34,52.6],[-118.36,52.61],[-118.36,52.63],[-118.35,52.64],[-118.3,52.66],[-118.3,52.68],[-118.31,52.69],[-118.34,52.72],[-118.34,52.73],[-118.34,52.74],[-118.38,52.75],[-118.42,52.77],[-118.42,52.8],[-118.42,52.81],[-118.4,52.84],[-118.39,52.85],[-118.41,52.85],[-118.45,52.85],[-118.46,52.87],[-118.46,52.88],[-118.49,52.9],[-118.5,52.91],[-118.53,52.9],[-118.56,52.9],[-118.57,52.89],[-118.58,52.88],[-118.6,52.88],[-118.61,52.89],[-118.61,52.9],[-118.62,52.92],[-118.63,52.94],[-118.65,52.95],[-118.67,52.97],[-118.67,52.98],[-118.65,53],[-118.66,53.01],[-118.65,53.02],[-118.66,53.03],[-118.67,53.04],[-118.69,53.03],[-118.71,53.05],[-118.73,53.05],[-118.74,53.05],[-118.77,53.04],[-118.78,53.05],[-118.79,53.04],[-118.77,53.07],[-118.76,53.08],[-118.74,53.11],[-118.74,53.12],[-118.75,53.12],[-118.78,53.13],[-118.79,53.14],[-118.79,53.15],[-118.82,53.17],[-118.84,53.18],[-118.89,53.2],[-118.92,53.22],[-118.95,53.23],[-118.98,53.24],[-119,53.23],[-119,53.22],[-119,53.18],[-119.02,53.16],[-119.02,53.15],[-119.02,53.13],[-119.04,53.12],[-119.06,53.12],[-119.05,53.14],[-119.08,53.16],[-119.13,53.17],[-119.14,53.17],[-119.17,53.19],[-119.18,53.19],[-119.23,53.2],[-119.23,53.19],[-119.24,53.18],[-119.25,53.18],[-119.27,53.22],[-119.33,53.27],[-119.35,53.3],[-119.36,53.31],[-119.35,53.32],[-119.36,53.34],[-119.39,53.36],[-119.41,53.36],[-119.44,53.36],[-119.49,53.36],[-119.51,53.37],[-119.56,53.37],[-119.6,53.39],[-119.61,53.39],[-119.61,53.38],[-119.61,53.37],[-119.61,53.36],[-119.65,53.37],[-119.67,53.37],[-119.68,53.38],[-119.7,53.38],[-119.72,53.39],[-119.75,53.42],[-119.78,53.46],[-119.78,53.47],[-119.79,53.49],[-119.82,53.5],[-119.85,53.51],[-119.87,53.51],[-119.9,53.52],[-119.87,53.55],[-119.87,53.56],[-119.9,53.58],[-119.92,53.6],[-119.91,53.62],[-119.89,53.62],[-119.85,53.61],[-119.8,53.6],[-119.77,53.6],[-119.75,53.59],[-119.72,53.61],[-119.72,53.62],[-119.72,53.63],[-119.74,53.65],[-119.74,53.66],[-119.78,53.69],[-119.81,53.7],[-119.81,53.71],[-119.83,53.7],[-119.84,53.7],[-119.85,53.71],[-119.9,53.71],[-119.91,53.72],[-119.89,53.74],[-119.89,53.75],[-119.89,53.77],[-119.93,53.78],[-119.96,53.78],[-119.97,53.79],[-119.98,53.81],[-120,53.81],[-120,54],[-120,54.09],[-120,54.34],[-120,54.74],[-120,55],[-120,55.35],[-120,55.66],[-120,55.89],[-120,56],[-120,56.15],[-120,56.94],[-120,57],[-120,57.32],[-120,57.94],[-120,58],[-120,58.39],[-120,58.73],[-120,59],[-120,59.09],[-120,59.52],[-120,59.58],[-120,59.91],[-120,60],[-119,60],[-118,60],[-117,60],[-116,60],[-115,60],[-114,60],[-113,60],[-112,60],[-111,60],[-110,60],[-110,59],[-110,58],[-110,57],[-110,56],[-110,55],[-110,54],[-110,53],[-110,52],[-110,51],[-110,50],[-109.98,49],[-110.75,49],[-111.28,49],[-111.28,48.99],[-112.19,48.99],[-113.15,48.99],[-113.62,48.99],[-114.07,48.99],[-114.11,48.99]]]}},{"type":"Feature","properties":{"NAME":"Saskatchewan","CODE":"CA11"},"geometry":{"type":"Polygon","coordinates":[[[-110,50],[-110,51],[-110,52],[-110,53],[-110,54],[-110,55],[-110,56],[-110,57],[-110,58],[-110,59],[-110,60],[-109,60],[-108,60],[-107,60],[-106,60],[-105,60],[-104,60],[-103,60],[-102,60],[-102,57.35],[-102,57.2],[-102,57.11],[-102,56.85],[-102,55.8],[-101.96,55.8],[-101.96,55.46],[-101.93,55.46],[-101.93,55.45],[-101.93,55.39],[-101.93,55.28],[-101.93,55.12],[-101.89,55.11],[-101.89,54.91],[-101.89,54.87],[-101.89,54.76],[-101.85,54.76],[-101.85,54.75],[-101.85,54.41],[-101.81,54.41],[-101.8,54.06],[-101.78,54.06],[-101.77,53.72],[-101.75,53.72],[-101.75,53.71],[-101.74,53.37],[-101.7,53.37],[-101.7,53.02],[-101.67,53.02],[-101.67,52.67],[-101.64,52.66],[-101.64,52.56],[-101.64,52.53],[-101.64,52.32],[-101.61,52.32],[-101.6,51.98],[-101.57,51.98],[-101.57,51.81],[-101.57,51.76],[-101.57,51.63],[-101.57,51.52],[-101.57,51.39],[-101.56,51.3],[-101.54,51.3],[-101.54,51.29],[-101.54,51.24],[-101.54,51.22],[-101.54,51.2],[-101.53,50.95],[-101.5,50.95],[-101.5,50.59],[-101.47,50.59],[-101.47,50.56],[-101.47,50.5],[-101.47,50.3],[-101.46,50.24],[-101.44,50.24],[-101.44,49.89],[-101.42,49.89],[-101.41,49.54],[-101.39,49.54],[-101.38,49.18],[-101.36,49.18],[-101.35,49],[-102,49],[-103,49],[-104,49],[-105,49],[-106,49],[-107,49],[-108,49],[-109,49],[-109.98,49],[-110,50]]]}},{"type":"Feature","properties":{"NAME":"Manitoba","CODE":"CA03"},"geometry":{"type":"MultiPolygon","coordinates":[[[[-94.72,59.08],[-94.74,59.06],[-94.76,59.05],[-94.78,59.05],[-94.81,59.05],[-94.84,59.07],[-94.84,59.08],[-94.81,59.1],[-94.77,59.1],[-94.72,59.08]]],[[[-97.23,49],[-97.94,49],[-98.4,49],[-99,49],[-99.53,49],[-99.78,49],[-100.19,49],[-100.74,49],[-101,49],[-101.35,49],[-101.36,49.18],[-101.38,49.18],[-101.39,49.54],[-101.41,49.54],[-101.42,49.89],[-101.44,49.89],[-101.44,50.24],[-101.46,50.24],[-101.47,50.3],[-101.47,50.5],[-101.47,50.56],[-101.47,50.59],[-101.5,50.59],[-101.5,50.95],[-101.53,50.95],[-101.54,51.2],[-101.54,51.22],[-101.54,51.24],[-101.54,51.29],[-101.54,51.3],[-101.56,51.3],[-101.57,51.39],[-101.57,51.52],[-101.57,51.63],[-101.57,51.76],[-101.57,51.81],[-101.57,51.98],[-101.6,51.98],[-101.61,52.32],[-101.64,52.32],[-101.64,52.53],[-101.64,52.56],[-101.64,52.66],[-101.67,52.67],[-101.67,53.02],[-101.7,53.02],[-101.7,53.37],[-101.74,53.37],[-101.75,53.71],[-101.75,53.72],[-101.77,53.72],[-101.78,54.06],[-101.8,54.06],[-101.81,54.41],[-101.85,54.41],[-101.85,54.75],[-101.85,54.76],[-101.89,54.76],[-101.89,54.87],[-101.89,54.91],[-101.89,55.11],[-101.93,55.12],[-101.93,55.28],[-101.93,55.39],[-101.93,55.45],[-101.93,55.46],[-101.96,55.46],[-101.96,55.8],[-102,55.8],[-102,56.85],[-102,57.11],[-102,57.2],[-102,57.35],[-102,60],[-101,60],[-100,60],[-99,60],[-98.17,60],[-98,60],[-97,60],[-96,60],[-95.01,60.01],[-94.69,60.01],[-94.71,59.89],[-94.7,59.79],[-94.72,59.78],[-94.72,59.71],[-94.7,59.66],[-94.67,59.55],[-94.64,59.48],[-94.63,59.4],[-94.68,59.38],[-94.69,59.27],[-94.73,59.18],[-94.79,59.14],[-94.86,59.12],[-94.93,59.12],[-94.97,59.09],[-94.9,59.04],[-94.64,58.99],[-94.62,58.97],[-94.59,58.97],[-94.52,58.92],[-94.48,58.89],[-94.45,58.79],[-94.41,58.77],[-94.38,58.77],[-94.34,58.79],[-94.29,58.86],[-94.26,58.86],[-94.24,58.85],[-94.26,58.81],[-94.24,58.73],[-94.35,58.6],[-94.35,58.55],[-94.33,58.52],[-94.27,58.48],[-94.23,58.5],[-94.25,58.63],[-94.16,58.73],[-94.17,58.83],[-94.13,58.86],[-93.97,58.86],[-93.91,58.85],[-93.77,58.85],[-93.64,58.87],[-93.57,58.87],[-93.5,58.82],[-93.44,58.8],[-93.41,58.81],[-93.38,58.84],[-93.34,58.85],[-93.29,58.85],[-93.21,58.84],[-93.18,58.82],[-93.13,58.66],[-93.1,58.63],[-93.04,58.53],[-93.03,58.39],[-92.82,58.22],[-92.78,58.05],[-92.76,58.04],[-92.75,57.9],[-92.71,57.87],[-92.7,57.83],[-92.66,57.75],[-92.58,57.64],[-92.48,57.54],[-92.43,57.43],[-92.43,57.34],[-92.46,57.28],[-92.55,57.15],[-92.57,57.08],[-92.63,57.02],[-92.7,56.99],[-92.75,56.97],[-92.79,56.96],[-92.79,56.95],[-92.78,56.93],[-92.75,56.93],[-92.71,56.94],[-92.69,56.95],[-92.66,56.97],[-92.62,56.99],[-92.33,57.09],[-92.22,57.09],[-92.2,57.05],[-92.16,57.04],[-92.12,57.05],[-91.82,57.12],[-91.13,57.25],[-90.81,57.28],[-90.72,57.28],[-90.51,57.24],[-90.17,57.11],[-90.1,57.1],[-90.07,57.09],[-90,57.08],[-89.7,57.01],[-89.55,56.99],[-89.3,56.93],[-88.97,56.9],[-88.96,56.9],[-93.66,53.74],[-95.16,52.83],[-95.16,52.06],[-95.16,51.65],[-95.16,51.13],[-95.16,51.09],[-95.16,50.27],[-95.16,49.67],[-95.16,49.39],[-95.15,49.37],[-95.16,49],[-95.28,49],[-95.97,49],[-96.41,49],[-97.23,49]]]]}},{"type":"Feature","properties":{"NAME":"Newfoundland  & Labrador","CODE":"CA05"},"geometry":{"type":"MultiPolygon","coordinates":[[[[-53.07,49.7],[-53.09,49.71],[-53.1,49.73],[-53.09,49.74],[-53.07,49.75],[-53.04,49.75],[-53.02,49.74],[-53.03,49.72],[-53.05,49.71],[-53.07,49.7]]],[[[-54.26,49.54],[-54.27,49.55],[-54.28,49.57],[-54.2,49.69],[-54.09,49.72],[-54.05,49.71],[-54.03,49.68],[-54.03,49.65],[-54.07,49.62],[-54.21,49.57],[-54.26,49.54]]],[[[-55.61,49.54],[-55.68,49.55],[-55.72,49.56],[-55.71,49.57],[-55.69,49.59],[-55.65,49.59],[-55.61,49.58],[-55.59,49.55],[-55.61,49.54]]],[[[-55.58,49.45],[-55.61,49.45],[-55.63,49.47],[-55.64,49.48],[-55.62,49.49],[-55.59,49.49],[-55.56,49.48],[-55.58,49.45]]],[[[-53.57,48.8],[-53.6,48.77],[-53.61,48.77],[-53.63,48.75],[-53.65,48.74],[-53.67,48.74],[-53.69,48.75],[-53.68,48.77],[-53.65,48.79],[-53.61,48.81],[-53.57,48.8]]],[[[-55.18,49.29],[-55.2,49.29],[-55.22,49.3],[-55.22,49.31],[-55.22,49.33],[-55.2,49.34],[-55.18,49.34],[-55.17,49.33],[-55.16,49.31],[-55.18,49.29]]],[[[-55.8,49.51],[-55.83,49.5],[-55.84,49.51],[-55.85,49.52],[-55.83,49.54],[-55.8,49.55],[-55.76,49.55],[-55.76,49.54],[-55.79,49.51],[-55.8,49.51]]],[[[-53.6,48.72],[-53.6,48.7],[-53.62,48.69],[-53.66,48.68],[-53.68,48.69],[-53.68,48.71],[-53.66,48.71],[-53.65,48.72],[-53.62,48.73],[-53.6,48.72]]],[[[-53.53,48.54],[-53.53,48.53],[-53.54,48.52],[-53.55,48.51],[-53.58,48.51],[-53.6,48.51],[-53.61,48.52],[-53.59,48.54],[-53.56,48.55],[-53.53,48.54]]],[[[-52.73,48.06],[-52.76,48.06],[-52.77,48.06],[-52.77,48.07],[-52.77,48.09],[-52.75,48.11],[-52.72,48.1],[-52.71,48.08],[-52.73,48.06]]],[[[-53.67,48.06],[-53.81,48.11],[-53.83,48.13],[-53.81,48.15],[-53.67,48.14],[-53.53,48.14],[-53.48,48.12],[-53.48,48.1],[-53.53,48.06],[-53.6,48.05],[-53.67,48.06]]],[[[-52.85,47.6],[-52.89,47.58],[-52.9,47.57],[-52.91,47.56],[-52.93,47.55],[-52.96,47.55],[-52.97,47.57],[-52.95,47.58],[-52.95,47.59],[-52.94,47.62],[-52.94,47.63],[-52.92,47.64],[-52.88,47.62],[-52.86,47.61],[-52.85,47.6]]],[[[-54,47.69],[-53.99,47.54],[-54.02,47.52],[-54.05,47.55],[-54.05,47.66],[-54.03,47.7],[-54,47.69]]],[[[-54.1,47.39],[-54.11,47.38],[-54.14,47.37],[-54.15,47.37],[-54.16,47.38],[-54.17,47.39],[-54.15,47.41],[-54.12,47.41],[-54.11,47.41],[-54.1,47.39]]],[[[-54.09,47.65],[-54.12,47.61],[-54.13,47.57],[-54.16,47.52],[-54.19,47.48],[-54.25,47.44],[-54.32,47.39],[-54.36,47.39],[-54.35,47.41],[-54.33,47.45],[-54.28,47.48],[-54.24,47.51],[-54.21,47.55],[-54.18,47.59],[-54.16,47.64],[-54.14,47.66],[-54.11,47.66],[-54.09,47.65]]],[[[-55.87,47.28],[-55.9,47.28],[-55.93,47.29],[-55.92,47.31],[-55.91,47.32],[-55.87,47.31],[-55.85,47.3],[-55.87,47.28]]],[[[-55.36,49.16],[-55.32,49.17],[-55.28,49.23],[-55.25,49.25],[-55.13,49.29],[-55.11,49.31],[-55.11,49.34],[-55.09,49.36],[-55.06,49.35],[-55.03,49.31],[-54.94,49.28],[-54.91,49.31],[-54.9,49.36],[-54.87,49.39],[-54.85,49.38],[-54.83,49.29],[-54.8,49.28],[-54.77,49.32],[-54.7,49.33],[-54.69,49.34],[-54.58,49.47],[-54.47,49.54],[-54.44,49.52],[-54.49,49.47],[-54.46,49.42],[-54.49,49.39],[-54.49,49.36],[-54.46,49.31],[-54.43,49.32],[-54.39,49.38],[-54.34,49.41],[-54.28,49.42],[-54.15,49.39],[-54.13,49.4],[-54.08,49.43],[-54,49.46],[-53.95,49.42],[-53.8,49.42],[-53.7,49.39],[-53.63,49.32],[-53.54,49.3],[-53.45,49.27],[-53.45,49.26],[-53.54,49.15],[-53.55,49.06],[-53.6,49.04],[-53.72,49.05],[-53.75,49.02],[-53.81,49.01],[-53.83,48.99],[-53.8,48.97],[-53.8,48.96],[-53.81,48.95],[-53.91,48.93],[-53.92,48.91],[-53.88,48.88],[-53.88,48.87],[-53.89,48.85],[-54.06,48.83],[-54.1,48.81],[-54.12,48.79],[-54.12,48.78],[-54.06,48.78],[-53.93,48.8],[-53.85,48.81],[-53.81,48.79],[-53.8,48.78],[-53.83,48.75],[-53.95,48.72],[-53.96,48.7],[-53.95,48.68],[-53.82,48.67],[-53.75,48.68],[-53.7,48.65],[-53.64,48.66],[-53.6,48.64],[-53.59,48.63],[-53.62,48.61],[-53.83,48.56],[-53.84,48.54],[-53.84,48.53],[-53.79,48.53],[-53.73,48.51],[-53.73,48.5],[-53.74,48.48],[-53.76,48.47],[-53.91,48.45],[-54.04,48.38],[-54.05,48.35],[-54,48.35],[-53.85,48.42],[-53.83,48.41],[-53.81,48.38],[-53.77,48.38],[-53.69,48.47],[-53.67,48.48],[-53.65,48.47],[-53.64,48.45],[-53.67,48.41],[-53.65,48.39],[-53.61,48.39],[-53.59,48.44],[-53.56,48.48],[-53.54,48.48],[-53.51,48.47],[-53.51,48.43],[-53.47,48.43],[-53.43,48.5],[-53.37,48.56],[-53.34,48.57],[-53.31,48.56],[-53.28,48.5],[-53.26,48.49],[-53.21,48.5],[-53.16,48.56],[-53.16,48.57],[-53.12,48.62],[-53.06,48.65],[-53.02,48.66],[-53,48.65],[-52.99,48.62],[-53.01,48.58],[-52.99,48.44],[-53.02,48.37],[-53.1,48.33],[-53.24,48.32],[-53.34,48.26],[-53.51,48.18],[-53.58,48.17],[-53.78,48.19],[-53.85,48.17],[-53.88,48.13],[-53.88,48.09],[-53.86,48.06],[-53.8,48.04],[-53.71,48.04],[-53.67,48.02],[-53.67,48.01],[-53.77,48],[-53.82,48],[-53.87,47.99],[-53.88,47.98],[-53.86,47.96],[-53.81,47.95],[-53.69,47.97],[-53.59,47.99],[-53.56,47.98],[-53.58,47.95],[-53.69,47.92],[-53.73,47.87],[-53.74,47.81],[-53.77,47.8],[-53.81,47.82],[-53.83,47.81],[-53.75,47.7],[-53.69,47.68],[-53.7,47.64],[-53.65,47.62],[-53.63,47.55],[-53.59,47.53],[-53.56,47.54],[-53.54,47.56],[-53.53,47.63],[-53.49,47.67],[-53.47,47.72],[-53.28,47.96],[-53.21,48],[-53.16,48.01],[-53.05,48.01],[-52.99,48.07],[-52.91,48.11],[-52.88,48.1],[-52.88,48.07],[-52.97,47.96],[-53,47.89],[-53.11,47.75],[-53.12,47.72],[-53.13,47.54],[-53.11,47.43],[-53.09,47.41],[-53.07,47.41],[-52.98,47.49],[-52.83,47.55],[-52.78,47.62],[-52.75,47.74],[-52.72,47.79],[-52.69,47.79],[-52.68,47.73],[-52.67,47.71],[-52.58,47.68],[-52.56,47.64],[-52.55,47.58],[-52.57,47.54],[-52.54,47.49],[-52.54,47.45],[-52.7,47.25],[-52.73,47.17],[-52.73,47.1],[-52.76,47.04],[-52.82,46.94],[-52.85,46.85],[-52.86,46.77],[-52.88,46.72],[-52.93,46.7],[-52.96,46.66],[-53.04,46.62],[-53.09,46.63],[-53.15,46.69],[-53.19,46.7],[-53.28,46.69],[-53.34,46.69],[-53.38,46.68],[-53.42,46.62],[-53.46,46.62],[-53.5,46.63],[-53.53,46.66],[-53.58,46.73],[-53.56,46.78],[-53.52,46.83],[-53.49,46.84],[-53.47,46.87],[-53.48,46.88],[-53.52,46.87],[-53.56,46.83],[-53.6,46.82],[-53.63,46.85],[-53.62,46.88],[-53.59,46.91],[-53.52,46.95],[-53.52,46.97],[-53.56,46.98],[-53.57,47],[-53.56,47.06],[-53.54,47.09],[-53.46,47.12],[-53.44,47.13],[-53.45,47.15],[-53.53,47.18],[-53.59,47.12],[-53.66,47.09],[-53.77,46.95],[-53.95,46.84],[-54.06,46.8],[-54.09,46.8],[-54.14,46.82],[-54.15,46.85],[-54.13,46.9],[-54.15,47],[-54,47.19],[-53.96,47.24],[-53.96,47.28],[-53.91,47.33],[-53.91,47.37],[-53.9,47.38],[-53.8,47.41],[-53.81,47.43],[-53.86,47.44],[-53.89,47.45],[-53.88,47.53],[-53.89,47.58],[-53.94,47.66],[-53.99,47.79],[-54.02,47.81],[-54.04,47.86],[-54.11,47.88],[-54.17,47.88],[-54.2,47.86],[-54.22,47.75],[-54.25,47.69],[-54.25,47.68],[-54.38,47.54],[-54.43,47.42],[-54.52,47.37],[-54.56,47.38],[-54.56,47.39],[-54.52,47.48],[-54.44,47.57],[-54.46,47.59],[-54.49,47.57],[-54.57,47.48],[-54.64,47.43],[-54.7,47.41],[-54.85,47.37],[-54.91,47.29],[-55,47.25],[-55.02,47.22],[-55.04,47.21],[-55.06,47.18],[-55.04,47.13],[-55.08,47.12],[-55.1,47.08],[-55.11,47.06],[-55.15,47.01],[-55.29,46.95],[-55.35,46.94],[-55.47,46.95],[-55.63,46.91],[-55.84,46.92],[-55.93,46.95],[-55.96,46.98],[-55.85,47.09],[-55.78,47.13],[-55.56,47.18],[-55.4,47.24],[-55.3,47.31],[-55.21,47.44],[-55.08,47.51],[-54.99,47.55],[-54.85,47.59],[-54.79,47.64],[-54.71,47.67],[-54.69,47.71],[-54.73,47.72],[-54.82,47.67],[-54.89,47.64],[-54.99,47.63],[-55,47.63],[-55.02,47.66],[-54.94,47.75],[-54.95,47.77],[-54.98,47.78],[-55.02,47.77],[-55.11,47.64],[-55.14,47.64],[-55.28,47.69],[-55.34,47.7],[-55.35,47.72],[-55.4,47.73],[-55.43,47.69],[-55.36,47.56],[-55.39,47.51],[-55.54,47.47],[-55.58,47.47],[-55.61,47.48],[-55.63,47.51],[-55.66,47.52],[-55.76,47.48],[-55.81,47.47],[-55.89,47.48],[-55.93,47.51],[-55.92,47.52],[-55.86,47.54],[-55.85,47.56],[-55.88,47.57],[-55.95,47.56],[-56.06,47.52],[-56.11,47.54],[-56.12,47.55],[-56.09,47.58],[-55.97,47.63],[-55.78,47.66],[-55.77,47.68],[-55.85,47.7],[-55.87,47.73],[-55.78,47.81],[-55.8,47.86],[-55.76,47.92],[-55.78,47.93],[-55.81,47.92],[-55.9,47.8],[-55.96,47.76],[-56.03,47.76],[-56.07,47.77],[-56.09,47.79],[-56.13,47.8],[-56.15,47.8],[-56.19,47.68],[-56.23,47.66],[-56.27,47.65],[-56.28,47.66],[-56.29,47.68],[-56.27,47.75],[-56.28,47.77],[-56.3,47.78],[-56.33,47.76],[-56.35,47.72],[-56.4,47.66],[-56.46,47.64],[-56.6,47.65],[-56.68,47.64],[-56.72,47.61],[-56.71,47.58],[-56.73,47.57],[-56.78,47.56],[-56.88,47.58],[-56.99,47.59],[-57.03,47.6],[-57.08,47.6],[-57.12,47.61],[-57.14,47.64],[-57.15,47.67],[-57.17,47.68],[-57.2,47.67],[-57.23,47.62],[-57.28,47.61],[-57.45,47.65],[-57.61,47.65],[-57.73,47.63],[-57.86,47.64],[-57.91,47.67],[-58,47.69],[-58.37,47.67],[-58.39,47.68],[-58.4,47.69],[-58.34,47.76],[-58.34,47.77],[-58.36,47.78],[-58.41,47.76],[-58.48,47.68],[-58.53,47.66],[-58.58,47.66],[-58.71,47.62],[-58.89,47.59],[-59.07,47.58],[-59.22,47.59],[-59.28,47.61],[-59.33,47.66],[-59.34,47.77],[-59.43,47.89],[-59.4,47.93],[-59.17,48.06],[-59.07,48.14],[-58.95,48.21],[-58.82,48.31],[-58.69,48.38],[-58.6,48.44],[-58.52,48.47],[-58.45,48.45],[-58.4,48.48],[-58.36,48.5],[-58.35,48.51],[-58.4,48.53],[-58.47,48.52],[-58.62,48.56],[-58.7,48.56],[-58.92,48.52],[-59.23,48.5],[-59.26,48.51],[-59.27,48.52],[-59.25,48.54],[-59.16,48.61],[-58.95,48.69],[-58.86,48.75],[-58.84,48.77],[-58.82,48.78],[-58.8,48.77],[-58.83,48.73],[-58.96,48.66],[-58.99,48.62],[-58.97,48.61],[-58.94,48.6],[-58.9,48.61],[-58.86,48.64],[-58.78,48.6],[-58.73,48.61],[-58.68,48.7],[-58.67,48.74],[-58.55,48.96],[-58.45,49.09],[-58.42,49.11],[-58.4,49.12],[-58.36,49.1],[-58.31,49.06],[-58.21,49.06],[-58.03,48.99],[-57.99,49],[-58,49.02],[-58.1,49.06],[-58.11,49.08],[-58.09,49.1],[-58.05,49.12],[-58.04,49.13],[-58.07,49.16],[-58.05,49.19],[-58.06,49.2],[-58.1,49.21],[-58.21,49.22],[-58.27,49.24],[-58.3,49.29],[-58.16,49.47],[-58.08,49.51],[-58.04,49.52],[-57.98,49.5],[-57.93,49.45],[-57.9,49.44],[-57.82,49.46],[-57.81,49.47],[-57.88,49.52],[-57.96,49.57],[-58,49.62],[-57.97,49.72],[-57.84,49.88],[-57.84,49.91],[-57.8,49.96],[-57.75,50],[-57.53,50.27],[-57.44,50.43],[-57.42,50.52],[-57.37,50.59],[-57.32,50.61],[-57.22,50.61],[-57.21,50.62],[-57.22,50.65],[-57.32,50.69],[-57.3,50.72],[-57.19,50.74],[-56.99,50.85],[-56.93,50.95],[-56.94,51.01],[-56.98,51.04],[-56.96,51.06],[-56.89,51.09],[-56.79,51.15],[-56.75,51.2],[-56.69,51.31],[-56.62,51.37],[-56.51,51.42],[-56.09,51.55],[-56,51.6],[-55.97,51.64],[-55.92,51.65],[-55.85,51.63],[-55.82,51.56],[-55.78,51.54],[-55.74,51.53],[-55.7,51.53],[-55.68,51.55],[-55.69,51.59],[-55.69,51.6],[-55.66,51.63],[-55.64,51.64],[-55.54,51.6],[-55.45,51.6],[-55.4,51.58],[-55.39,51.57],[-55.46,51.52],[-55.48,51.49],[-55.47,51.42],[-55.49,51.4],[-55.52,51.39],[-55.55,51.34],[-55.63,51.34],[-55.73,51.37],[-55.86,51.36],[-55.94,51.38],[-56,51.37],[-56.04,51.34],[-56.02,51.31],[-55.92,51.25],[-55.89,51.18],[-55.83,51.17],[-55.77,51.22],[-55.69,51.24],[-55.6,51.22],[-55.58,51.18],[-55.58,51.16],[-55.61,51.13],[-55.65,51.11],[-55.71,51.07],[-55.73,51.02],[-55.73,50.96],[-55.76,50.91],[-55.83,50.88],[-55.97,50.73],[-56.02,50.73],[-56.03,50.77],[-56.02,50.8],[-56.03,50.82],[-56.05,50.82],[-56.1,50.77],[-56.06,50.68],[-56.06,50.66],[-56.24,50.47],[-56.33,50.4],[-56.36,50.39],[-56.39,50.36],[-56.37,50.32],[-56.42,50.27],[-56.59,50.11],[-56.67,50.01],[-56.74,49.98],[-56.77,49.94],[-56.79,49.85],[-56.84,49.79],[-56.9,49.77],[-56.92,49.74],[-56.85,49.69],[-56.9,49.58],[-56.89,49.55],[-56.85,49.52],[-56.8,49.56],[-56.79,49.62],[-56.75,49.68],[-56.69,49.74],[-56.53,49.85],[-56.4,49.97],[-56.27,50.04],[-56.19,50.07],[-56.12,50.13],[-56.04,50.17],[-56,50.15],[-55.99,50.14],[-56.02,50.09],[-56.13,50],[-56.18,49.95],[-56.16,49.92],[-56.11,49.93],[-56.02,50.01],[-55.97,50.03],[-55.92,50.01],[-55.9,49.98],[-55.8,49.95],[-55.76,49.93],[-55.73,49.93],[-55.69,49.94],[-55.57,49.98],[-55.53,49.97],[-55.51,49.93],[-55.55,49.88],[-55.68,49.8],[-55.85,49.75],[-56.12,49.64],[-56.15,49.6],[-56.13,49.58],[-56.1,49.58],[-56.05,49.59],[-56,49.61],[-55.93,49.66],[-55.89,49.66],[-55.85,49.65],[-55.84,49.63],[-55.88,49.58],[-56.03,49.5],[-56.06,49.47],[-56.05,49.45],[-56.04,49.44],[-56.01,49.44],[-55.94,49.47],[-55.83,49.49],[-55.73,49.46],[-55.72,49.45],[-55.67,49.43],[-55.63,49.43],[-55.58,49.42],[-55.53,49.41],[-55.47,49.48],[-55.45,49.49],[-55.42,49.48],[-55.41,49.47],[-55.43,49.42],[-55.43,49.41],[-55.39,49.39],[-55.35,49.39],[-55.32,49.42],[-55.34,49.5],[-55.31,49.54],[-55.28,49.54],[-55.23,49.53],[-55.2,49.48],[-55.36,49.26],[-55.38,49.2],[-55.36,49.16]]],[[[-57.02,53.69],[-57.02,53.67],[-57.04,53.67],[-57.06,53.67],[-57.08,53.68],[-57.07,53.7],[-57.05,53.7],[-57.02,53.7],[-57.02,53.69]]],[[[-58.42,54.1],[-58.46,54.1],[-58.51,54.1],[-58.52,54.11],[-58.5,54.13],[-58.45,54.13],[-58.42,54.13],[-58.41,54.12],[-58.42,54.1]]],[[[-55.68,53.06],[-55.7,53.05],[-55.73,53.05],[-55.74,53.06],[-55.75,53.07],[-55.75,53.09],[-55.73,53.1],[-55.69,53.09],[-55.67,53.08],[-55.68,53.06]]],[[[-55.67,52.97],[-55.7,52.97],[-55.71,52.97],[-55.73,52.98],[-55.74,53],[-55.72,53.01],[-55.7,53.01],[-55.68,52.99],[-55.67,52.97]]],[[[-61.55,57.94],[-61.53,57.95],[-61.51,57.95],[-61.48,57.94],[-61.47,57.92],[-61.5,57.91],[-61.53,57.92],[-61.55,57.93],[-61.55,57.94]]],[[[-61.65,57.87],[-61.61,57.87],[-61.52,57.85],[-61.5,57.8],[-61.51,57.76],[-61.59,57.75],[-61.63,57.77],[-61.68,57.8],[-61.68,57.84],[-61.65,57.87]]],[[[-61.66,57.7],[-61.63,57.7],[-61.62,57.69],[-61.62,57.67],[-61.62,57.66],[-61.66,57.66],[-61.68,57.66],[-61.69,57.67],[-61.67,57.69],[-61.66,57.7]]],[[[-61.83,57.58],[-61.75,57.6],[-61.67,57.58],[-61.66,57.57],[-61.72,57.5],[-61.8,57.48],[-61.84,57.49],[-61.9,57.54],[-61.9,57.55],[-61.88,57.58],[-61.83,57.58]]],[[[-61.51,57.51],[-61.53,57.5],[-61.57,57.48],[-61.55,57.46],[-61.48,57.44],[-61.48,57.42],[-61.55,57.42],[-61.67,57.45],[-61.68,57.46],[-61.65,57.49],[-61.63,57.49],[-61.56,57.54],[-61.52,57.55],[-61.49,57.55],[-61.48,57.54],[-61.51,57.51]]],[[[-61.59,57.35],[-61.56,57.36],[-61.53,57.37],[-61.51,57.35],[-61.53,57.33],[-61.57,57.32],[-61.59,57.33],[-61.6,57.34],[-61.59,57.35]]],[[[-61.38,57.28],[-61.36,57.29],[-61.34,57.29],[-61.31,57.28],[-61.3,57.27],[-61.31,57.25],[-61.36,57.26],[-61.37,57.26],[-61.38,57.27],[-61.38,57.28]]],[[[-61.73,57.27],[-61.71,57.28],[-61.7,57.28],[-61.67,57.27],[-61.66,57.25],[-61.69,57.23],[-61.72,57.25],[-61.73,57.27]]],[[[-60.9,56.93],[-60.87,56.94],[-60.85,56.93],[-60.82,56.92],[-60.84,56.9],[-60.89,56.9],[-60.9,56.91],[-60.9,56.93]]],[[[-61,56.85],[-61,56.86],[-60.99,56.87],[-60.96,56.87],[-60.94,56.85],[-60.96,56.84],[-60.98,56.83],[-61,56.84],[-61,56.85]]],[[[-61.1,56.74],[-61.09,56.75],[-61.07,56.74],[-61.05,56.74],[-61.03,56.73],[-61.05,56.72],[-61.09,56.72],[-61.1,56.72],[-61.1,56.74]]],[[[-60.95,56.62],[-60.97,56.6],[-61.01,56.6],[-61.03,56.6],[-61.05,56.63],[-61.02,56.66],[-60.96,56.69],[-60.93,56.7],[-60.88,56.69],[-60.88,56.67],[-60.9,56.65],[-60.92,56.64],[-60.95,56.62]]],[[[-61.28,56.98],[-61.22,56.97],[-61.21,56.93],[-61.27,56.85],[-61.22,56.8],[-61.26,56.75],[-61.25,56.7],[-61.28,56.67],[-61.33,56.67],[-61.37,56.7],[-61.45,56.72],[-61.48,56.74],[-61.44,56.88],[-61.34,56.95],[-61.28,56.98]]],[[[-61.01,56.48],[-61,56.47],[-61.01,56.46],[-61.07,56.45],[-61.15,56.47],[-61.2,56.46],[-61.29,56.48],[-61.36,56.48],[-61.42,56.5],[-61.44,56.52],[-61.39,56.58],[-61.21,56.55],[-61.2,56.5],[-61.06,56.5],[-61.01,56.48]]],[[[-61.13,56.35],[-61.15,56.36],[-61.12,56.39],[-61.1,56.4],[-61.06,56.41],[-61.02,56.41],[-60.99,56.4],[-61,56.38],[-61.02,56.38],[-61.07,56.36],[-61.11,56.35],[-61.13,56.35]]],[[[-61.71,56.48],[-61.68,56.48],[-61.65,56.48],[-61.62,56.48],[-61.59,56.47],[-61.58,56.45],[-61.59,56.44],[-61.61,56.44],[-61.63,56.44],[-61.67,56.44],[-61.71,56.45],[-61.72,56.47],[-61.71,56.48]]],[[[-60.6,56.16],[-60.62,56.17],[-60.62,56.18],[-60.59,56.21],[-60.58,56.21],[-60.56,56.2],[-60.56,56.18],[-60.56,56.17],[-60.58,56.16],[-60.6,56.16]]],[[[-61.01,56.27],[-60.98,56.28],[-60.96,56.28],[-60.95,56.27],[-60.94,56.26],[-60.97,56.25],[-60.99,56.24],[-61.01,56.25],[-61.01,56.27]]],[[[-61.54,56.38],[-61.56,56.4],[-61.54,56.42],[-61.49,56.42],[-61.44,56.42],[-61.31,56.39],[-61.31,56.38],[-61.33,56.36],[-61.38,56.35],[-61.49,56.37],[-61.54,56.38]]],[[[-61.41,56.27],[-61.41,56.29],[-61.39,56.3],[-61.35,56.3],[-61.31,56.3],[-61.26,56.29],[-61.2,56.28],[-61.21,56.27],[-61.23,56.26],[-61.27,56.26],[-61.32,56.26],[-61.37,56.27],[-61.41,56.27]]],[[[-60.15,55.9],[-60.12,55.89],[-60.11,55.88],[-60.12,55.86],[-60.14,55.85],[-60.16,55.86],[-60.18,55.88],[-60.15,55.9]]],[[[-60.95,56.2],[-60.89,56.18],[-60.86,56.13],[-60.8,56.1],[-60.79,56.08],[-60.84,56.04],[-60.89,56.03],[-60.92,56.04],[-61.03,56.07],[-61.08,56.08],[-61.1,56.1],[-61.08,56.12],[-61.05,56.12],[-60.99,56.18],[-60.95,56.2]]],[[[-60.58,55.96],[-60.55,55.94],[-60.59,55.92],[-60.67,55.93],[-60.72,55.95],[-60.73,55.97],[-60.72,55.98],[-60.68,55.98],[-60.64,55.98],[-60.58,55.96]]],[[[-58.69,55.16],[-58.7,55.15],[-58.74,55.16],[-58.75,55.16],[-58.75,55.19],[-58.73,55.19],[-58.7,55.19],[-58.69,55.17],[-58.69,55.16]]],[[[-59.79,55.41],[-59.82,55.39],[-59.84,55.38],[-59.87,55.37],[-59.91,55.38],[-59.9,55.4],[-59.88,55.42],[-59.83,55.42],[-59.79,55.41]]],[[[-57.22,54.54],[-57.27,54.57],[-57.28,54.59],[-57.27,54.61],[-57.23,54.6],[-57.18,54.59],[-57.17,54.57],[-57.19,54.55],[-57.22,54.54]]],[[[-60.03,55.35],[-60.05,55.36],[-60.06,55.37],[-60.02,55.4],[-60.01,55.41],[-59.98,55.41],[-59.96,55.41],[-59.98,55.38],[-59.99,55.37],[-60.01,55.36],[-60.03,55.35]]],[[[-57.06,54.48],[-57.09,54.48],[-57.1,54.49],[-57.12,54.51],[-57.11,54.53],[-57.09,54.53],[-57.06,54.53],[-57.05,54.52],[-57.04,54.5],[-57.06,54.48]]],[[[-59.83,55.34],[-59.84,55.33],[-59.86,55.31],[-59.88,55.31],[-59.9,55.31],[-59.92,55.31],[-59.92,55.33],[-59.91,55.34],[-59.88,55.34],[-59.85,55.34],[-59.83,55.34]]],[[[-58.79,54.97],[-58.81,54.99],[-58.81,55],[-58.78,55.03],[-58.76,55.04],[-58.74,55.01],[-58.79,54.97]]],[[[-60.18,55.45],[-60.18,55.44],[-60.24,55.38],[-60.25,55.37],[-60.28,55.39],[-60.28,55.4],[-60.23,55.46],[-60.21,55.46],[-60.18,55.45]]],[[[-58.68,54.99],[-58.64,54.98],[-58.6,54.94],[-58.62,54.92],[-58.66,54.92],[-58.69,54.95],[-58.7,54.97],[-58.68,54.99]]],[[[-57.27,54.27],[-57.3,54.28],[-57.32,54.31],[-57.29,54.32],[-57.26,54.31],[-57.23,54.3],[-57.27,54.27]]],[[[-56.22,53.82],[-56.24,53.8],[-56.27,53.79],[-56.29,53.8],[-56.3,53.81],[-56.3,53.82],[-56.27,53.84],[-56.24,53.83],[-56.22,53.82]]],[[[-58.17,54.3],[-58.19,54.3],[-58.2,54.31],[-58.15,54.34],[-58.13,54.34],[-58.12,54.33],[-58.12,54.31],[-58.15,54.3],[-58.17,54.3]]],[[[-55.65,53.51],[-55.67,53.5],[-55.69,53.51],[-55.71,53.51],[-55.71,53.52],[-55.7,53.53],[-55.69,53.54],[-55.67,53.53],[-55.65,53.51]]],[[[-56.07,53.61],[-56.05,53.61],[-56,53.6],[-55.95,53.6],[-55.92,53.59],[-55.91,53.57],[-55.92,53.56],[-55.96,53.55],[-56.04,53.58],[-56.07,53.61]]],[[[-55.85,53.5],[-55.8,53.51],[-55.74,53.49],[-55.7,53.47],[-55.69,53.45],[-55.7,53.44],[-55.73,53.44],[-55.79,53.46],[-55.83,53.48],[-55.85,53.5]]],[[[-60.88,55.96],[-60.84,55.95],[-60.84,55.94],[-60.89,55.93],[-60.91,55.95],[-60.9,55.96],[-60.88,55.96]]],[[[-56.2,46.81],[-56.2,46.82],[-56.18,46.84],[-56.15,46.85],[-56.14,46.84],[-56.13,46.81],[-56.14,46.8],[-56.18,46.8],[-56.2,46.81]]],[[[-56.33,46.83],[-56.37,46.84],[-56.39,46.87],[-56.31,46.96],[-56.32,46.99],[-56.4,47.14],[-56.38,47.19],[-56.36,47.19],[-56.34,47.18],[-56.3,47.13],[-56.24,47.1],[-56.24,47.08],[-56.28,47.02],[-56.27,46.99],[-56.21,46.91],[-56.22,46.89],[-56.28,46.84],[-56.33,46.83]]],[[[-55.75,52.75],[-55.77,52.73],[-55.8,52.73],[-55.82,52.74],[-55.84,52.75],[-55.83,52.76],[-55.79,52.77],[-55.75,52.75]]],[[[-55.65,52.57],[-55.62,52.54],[-55.62,52.53],[-55.65,52.52],[-55.66,52.52],[-55.68,52.53],[-55.69,52.54],[-55.7,52.55],[-55.71,52.56],[-55.7,52.58],[-55.68,52.58],[-55.65,52.57]]],[[[-55.34,51.89],[-55.35,51.91],[-55.29,51.97],[-55.21,51.99],[-55.19,51.99],[-55.26,51.91],[-55.29,51.89],[-55.34,51.89]]],[[[-55.36,51.62],[-55.38,51.62],[-55.4,51.62],[-55.41,51.63],[-55.41,51.64],[-55.39,51.66],[-55.37,51.66],[-55.36,51.67],[-55.34,51.66],[-55.33,51.65],[-55.36,51.62]]],[[[-55.5,50.91],[-55.54,50.93],[-55.55,50.97],[-55.52,51],[-55.49,51.01],[-55.47,51],[-55.45,50.95],[-55.5,50.91]]],[[[-55.38,50.78],[-55.37,50.77],[-55.42,50.72],[-55.48,50.71],[-55.51,50.72],[-55.52,50.75],[-55.5,50.78],[-55.41,50.79],[-55.38,50.78]]],[[[-57.21,50.83],[-57.17,50.84],[-57.15,50.83],[-57.15,50.82],[-57.17,50.8],[-57.21,50.79],[-57.23,50.79],[-57.24,50.8],[-57.21,50.83]]],[[[-55.54,50.23],[-55.54,50.21],[-55.55,50.21],[-55.57,50.2],[-55.59,50.2],[-55.61,50.2],[-55.62,50.22],[-55.62,50.23],[-55.6,50.24],[-55.58,50.24],[-55.54,50.23]]],[[[-55.7,50.17],[-55.7,50.16],[-55.71,50.15],[-55.72,50.14],[-55.74,50.14],[-55.76,50.15],[-55.77,50.16],[-55.75,50.17],[-55.74,50.18],[-55.7,50.17]]],[[[-54.4,49.55],[-54.41,49.55],[-54.39,49.59],[-54.35,49.63],[-54.33,49.63],[-54.33,49.61],[-54.33,49.58],[-54.34,49.54],[-54.36,49.53],[-54.4,49.55]]],[[[-54.68,49.61],[-54.7,49.6],[-54.74,49.62],[-54.79,49.61],[-54.81,49.63],[-54.79,49.65],[-54.69,49.66],[-54.66,49.64],[-54.68,49.61]]],[[[-54.65,49.59],[-54.57,49.63],[-54.53,49.61],[-54.54,49.59],[-54.6,49.53],[-54.79,49.49],[-54.83,49.49],[-54.88,49.56],[-54.86,49.58],[-54.84,49.58],[-54.81,49.57],[-54.8,49.55],[-54.76,49.54],[-54.73,49.54],[-54.69,49.55],[-54.65,49.59]]],[[[-54.75,49.37],[-54.77,49.37],[-54.76,49.39],[-54.7,49.44],[-54.67,49.45],[-54.65,49.43],[-54.67,49.42],[-54.72,49.38],[-54.75,49.37]]],[[[-64.83,60.22],[-64.81,60.24],[-64.81,60.25],[-64.86,60.26],[-64.9,60.27],[-64.91,60.28],[-64.89,60.3],[-64.79,60.34],[-64.72,60.41],[-64.68,60.41],[-64.66,60.38],[-64.51,60.36],[-64.47,60.35],[-64.37,60.32],[-64.33,60.3],[-64.37,60.28],[-64.51,60.32],[-64.53,60.32],[-64.57,60.32],[-64.58,60.31],[-64.56,60.3],[-64.55,60.29],[-64.47,60.27],[-64.43,60.23],[-64.39,60.23],[-64.33,60.21],[-64.36,60.17],[-64.43,60.15],[-64.45,60.12],[-64.45,60.1],[-64.4,60.1],[-64.37,60.1],[-64.34,60.13],[-64.29,60.12],[-64.28,60.11],[-64.33,60.06],[-64.36,60.04],[-64.42,60.04],[-64.43,60.02],[-64.38,59.99],[-64.4,59.94],[-64.38,59.91],[-64.35,59.91],[-64.29,59.98],[-64.26,59.99],[-64.18,60],[-64.18,60.03],[-64.24,60.06],[-64.22,60.08],[-64.14,60.08],[-64.08,60.07],[-64.05,60.04],[-64.05,60.02],[-64.11,59.96],[-64.17,59.93],[-64.15,59.91],[-64.1,59.89],[-64.1,59.86],[-64.07,59.84],[-64,59.85],[-64,59.81],[-63.92,59.73],[-63.95,59.71],[-63.99,59.7],[-64.08,59.75],[-64.13,59.76],[-64.16,59.74],[-64.11,59.68],[-64.02,59.68],[-63.95,59.66],[-63.97,59.64],[-64.05,59.61],[-64.08,59.57],[-64.08,59.54],[-64.05,59.52],[-64.01,59.53],[-63.97,59.58],[-63.86,59.62],[-63.81,59.61],[-63.75,59.52],[-63.69,59.47],[-63.7,59.45],[-63.77,59.44],[-63.9,59.44],[-63.97,59.44],[-63.98,59.41],[-63.95,59.39],[-63.89,59.38],[-63.76,59.37],[-63.7,59.36],[-63.68,59.34],[-63.7,59.28],[-63.69,59.25],[-63.65,59.26],[-63.63,59.31],[-63.58,59.35],[-63.5,59.33],[-63.47,59.29],[-63.53,59.22],[-63.51,59.2],[-63.46,59.21],[-63.38,59.28],[-63.33,59.28],[-63.32,59.27],[-63.34,59.23],[-63.3,59.19],[-63.36,59.13],[-63.44,59.09],[-63.54,59.07],[-63.66,59.06],[-63.71,59.06],[-63.84,59.09],[-63.91,59.09],[-63.92,59.08],[-63.89,59.05],[-63.85,58.99],[-63.8,58.99],[-63.73,59.03],[-63.61,59.02],[-63.19,59.09],[-63.13,59.07],[-63.12,59.06],[-63.15,59.04],[-63.23,59.04],[-63.24,59.03],[-63.17,59],[-63.16,58.95],[-63.12,58.95],[-63.11,58.94],[-63.15,58.91],[-63.2,58.9],[-63.21,58.88],[-63.18,58.86],[-63.11,58.87],[-62.98,58.9],[-62.95,58.89],[-62.92,58.85],[-62.84,58.81],[-62.86,58.79],[-62.92,58.76],[-62.95,58.73],[-62.94,58.71],[-62.86,58.73],[-62.82,58.71],[-63.01,58.56],[-63.09,58.53],[-63.2,58.52],[-63.27,58.52],[-63.38,58.54],[-63.41,58.53],[-63.45,58.5],[-63.44,58.48],[-63.35,58.47],[-63.34,58.46],[-63.37,58.44],[-63.46,58.38],[-63.49,58.35],[-63.47,58.33],[-63.4,58.35],[-63.27,58.44],[-63.14,58.47],[-63.09,58.47],[-63.08,58.45],[-63.12,58.41],[-63.1,58.39],[-63.04,58.41],[-62.97,58.48],[-62.91,58.49],[-62.73,58.5],[-62.6,58.52],[-62.53,58.51],[-62.51,58.49],[-62.6,58.43],[-62.56,58.36],[-62.59,58.34],[-62.65,58.3],[-62.62,58.28],[-62.5,58.27],[-62.49,58.23],[-62.64,58.22],[-63.02,58.13],[-63.09,58.1],[-63.12,58.06],[-63.23,58.03],[-63.25,58.01],[-63.24,58],[-63.2,58],[-63.05,58.03],[-63.01,58.06],[-62.91,58.1],[-62.77,58.13],[-62.59,58.16],[-62.44,58.2],[-62.39,58.19],[-62.39,58.15],[-62.35,58.14],[-62.34,58.12],[-62.28,58.09],[-62.29,58.07],[-62.47,58.02],[-62.53,58.02],[-62.59,58.01],[-62.62,57.99],[-62.6,57.98],[-62.57,57.97],[-62.45,57.98],[-62.38,57.96],[-62.39,57.9],[-62.37,57.88],[-62.34,57.88],[-62.31,57.92],[-62.3,57.97],[-62.29,57.99],[-62.18,57.98],[-62.06,58.02],[-62.02,58.01],[-62,57.96],[-61.91,57.94],[-61.86,57.93],[-61.8,57.95],[-61.76,57.94],[-61.79,57.83],[-61.84,57.82],[-61.96,57.86],[-61.98,57.84],[-61.95,57.81],[-61.88,57.79],[-61.84,57.71],[-61.76,57.68],[-61.77,57.65],[-61.91,57.64],[-61.98,57.61],[-62.07,57.52],[-62.1,57.52],[-62.17,57.54],[-62.27,57.51],[-62.31,57.51],[-62.35,57.52],[-62.38,57.51],[-62.35,57.48],[-62.31,57.47],[-62.21,57.47],[-62.12,57.47],[-61.9,57.47],[-61.8,57.45],[-61.76,57.43],[-61.75,57.4],[-61.78,57.37],[-61.85,57.33],[-61.9,57.28],[-61.87,57.24],[-61.65,57.2],[-61.6,57.22],[-61.57,57.25],[-61.54,57.27],[-61.51,57.25],[-61.55,57.2],[-61.54,57.19],[-61.43,57.2],[-61.38,57.19],[-61.3,57.17],[-61.21,57.13],[-61.18,57.08],[-61.2,57.05],[-61.22,57.05],[-61.37,57.04],[-61.42,57.02],[-61.49,56.96],[-61.5,56.91],[-61.52,56.88],[-61.57,56.86],[-61.62,56.84],[-61.78,56.84],[-61.79,56.83],[-61.77,56.8],[-61.78,56.78],[-61.77,56.76],[-61.73,56.76],[-61.65,56.8],[-61.59,56.78],[-61.57,56.76],[-61.62,56.71],[-61.58,56.67],[-61.62,56.66],[-61.71,56.66],[-61.99,56.74],[-62.18,56.77],[-62.22,56.77],[-62.25,56.75],[-62.23,56.74],[-62.21,56.72],[-62.03,56.7],[-61.94,56.68],[-61.94,56.66],[-61.96,56.66],[-62.05,56.66],[-62.12,56.66],[-62.14,56.63],[-62.04,56.62],[-61.87,56.59],[-61.75,56.62],[-61.62,56.59],[-61.55,56.57],[-61.54,56.55],[-61.56,56.53],[-61.64,56.52],[-61.84,56.53],[-61.91,56.5],[-61.98,56.49],[-61.99,56.47],[-61.98,56.46],[-61.91,56.44],[-61.85,56.44],[-61.75,56.42],[-61.73,56.36],[-61.61,56.34],[-61.53,56.32],[-61.54,56.31],[-61.61,56.29],[-61.67,56.3],[-61.77,56.3],[-61.87,56.31],[-61.91,56.3],[-61.93,56.28],[-61.9,56.25],[-61.78,56.23],[-61.66,56.24],[-61.6,56.22],[-61.52,56.22],[-61.36,56.24],[-61.31,56.24],[-61.24,56.22],[-61.25,56.2],[-61.21,56.14],[-61.28,56.1],[-61.25,56.06],[-61.26,56.04],[-61.32,56.03],[-61.34,56],[-61.33,55.98],[-61.22,55.97],[-61.07,56],[-61.03,55.99],[-60.99,55.96],[-61.05,55.91],[-61.04,55.9],[-60.9,55.89],[-60.77,55.91],[-60.68,55.89],[-60.64,55.88],[-60.62,55.85],[-60.66,55.83],[-60.75,55.82],[-60.76,55.8],[-60.72,55.78],[-60.58,55.77],[-60.56,55.78],[-60.51,55.83],[-60.48,55.83],[-60.45,55.78],[-60.5,55.73],[-60.48,55.68],[-60.51,55.64],[-60.48,55.61],[-60.42,55.61],[-60.39,55.65],[-60.35,55.76],[-60.34,55.82],[-60.32,55.84],[-60.28,55.84],[-60.25,55.82],[-60.17,55.8],[-60.16,55.78],[-60.19,55.75],[-60.27,55.73],[-60.3,55.7],[-60.28,55.68],[-60.25,55.67],[-60.25,55.63],[-60.39,55.48],[-60.37,55.46],[-60.34,55.47],[-60.27,55.54],[-60.19,55.6],[-60.13,55.59],[-60.13,55.58],[-60.15,55.55],[-60.28,55.49],[-60.29,55.46],[-60.32,55.43],[-60.34,55.38],[-60.33,55.33],[-60.35,55.32],[-60.44,55.27],[-60.46,55.25],[-60.44,55.23],[-60.39,55.24],[-60.35,55.25],[-60.33,55.25],[-60.33,55.23],[-60.38,55.22],[-60.46,55.17],[-60.58,55.05],[-60.56,55.04],[-60.52,55.05],[-60.37,55.17],[-60.25,55.23],[-60.24,55.26],[-60.2,55.3],[-60.18,55.3],[-60.13,55.3],[-60.12,55.28],[-60.15,55.24],[-60.16,55.22],[-60.14,55.21],[-60.12,55.21],[-60.07,55.23],[-60.03,55.26],[-60.02,55.27],[-59.99,55.27],[-59.97,55.26],[-60.15,55.14],[-60.22,55.06],[-60.22,55.04],[-60.19,55.04],[-60.14,55.06],[-59.91,55.24],[-59.88,55.28],[-59.82,55.29],[-59.75,55.29],[-59.71,55.28],[-59.7,55.25],[-59.73,55.22],[-59.84,55.17],[-59.85,55.14],[-59.83,55.13],[-59.76,55.14],[-59.72,55.13],[-59.67,55.14],[-59.64,55.16],[-59.6,55.16],[-59.55,55.16],[-59.48,55.18],[-59.45,55.17],[-59.49,55.12],[-59.71,54.96],[-59.82,54.91],[-59.88,54.83],[-59.92,54.8],[-59.91,54.76],[-59.75,54.8],[-59.7,54.88],[-59.52,55.01],[-59.33,55.07],[-59.21,55.19],[-59.19,55.2],[-59.13,55.21],[-59.09,55.19],[-59.13,55.15],[-59.22,55.1],[-59.26,55.06],[-59.24,55.05],[-59.18,55.06],[-59.02,55.15],[-58.99,55.15],[-58.97,55.14],[-58.95,55.12],[-58.98,55.05],[-58.96,55.02],[-58.91,55],[-58.9,54.94],[-58.85,54.88],[-58.51,54.81],[-58.42,54.79],[-58.34,54.79],[-58.28,54.8],[-58.18,54.87],[-57.93,54.91],[-57.9,54.9],[-57.91,54.87],[-57.87,54.83],[-57.99,54.8],[-58.01,54.78],[-58,54.77],[-57.97,54.76],[-57.86,54.77],[-57.81,54.77],[-57.69,54.72],[-57.62,54.7],[-57.45,54.7],[-57.37,54.68],[-57.36,54.61],[-57.38,54.56],[-57.45,54.53],[-57.55,54.45],[-57.64,54.42],[-57.77,54.4],[-57.94,54.41],[-58.13,54.39],[-58.2,54.37],[-58.25,54.3],[-58.31,54.29],[-58.43,54.28],[-58.65,54.25],[-59,54.16],[-59.34,54.12],[-59.39,54.11],[-59.41,54.09],[-59.39,54.07],[-59.31,54.07],[-59.04,54.13],[-59,54.13],[-58.45,54.24],[-58.42,54.23],[-58.44,54.21],[-58.62,54.12],[-58.77,54.09],[-58.93,54.08],[-58.95,54.06],[-58.92,54.02],[-58.95,53.99],[-58.99,53.97],[-59.16,53.94],[-59.22,53.92],[-59.41,53.89],[-59.54,53.85],[-59.61,53.85],[-59.7,53.86],[-59.73,53.86],[-59.79,53.8],[-59.96,53.76],[-60.06,53.71],[-60.09,53.68],[-60.09,53.63],[-60.12,53.61],[-60.2,53.62],[-60.31,53.69],[-60.44,53.72],[-60.6,53.74],[-60.75,53.77],[-60.78,53.81],[-60.81,53.81],[-60.83,53.79],[-60.86,53.77],[-60.91,53.77],[-60.95,53.75],[-60.96,53.74],[-60.95,53.73],[-60.9,53.71],[-60.84,53.71],[-60.77,53.71],[-60.71,53.71],[-60.67,53.7],[-60.59,53.69],[-60.53,53.67],[-60.48,53.65],[-60.4,53.61],[-60.34,53.58],[-60.3,53.57],[-60.25,53.55],[-60.21,53.54],[-60.15,53.53],[-60.12,53.52],[-60.08,53.51],[-60.05,53.51],[-60.03,53.49],[-60.03,53.48],[-60.04,53.47],[-60.08,53.46],[-60.13,53.46],[-60.18,53.45],[-60.22,53.45],[-60.26,53.43],[-60.28,53.42],[-60.31,53.41],[-60.32,53.39],[-60.31,53.38],[-60.28,53.37],[-60.24,53.36],[-60.19,53.37],[-60.14,53.37],[-60.1,53.38],[-60.03,53.42],[-59.82,53.49],[-59.8,53.52],[-59.81,53.54],[-59.78,53.56],[-59.7,53.55],[-59.56,53.57],[-59.37,53.64],[-59.32,53.68],[-59.23,53.72],[-59.17,53.73],[-59.1,53.72],[-59,53.74],[-58.94,53.77],[-58.96,53.81],[-58.81,53.95],[-58.7,54.02],[-58.62,54.05],[-58.45,54.08],[-58.35,54.09],[-58.15,54.14],[-58.06,54.14],[-57.95,54.13],[-57.86,54.13],[-57.85,54.14],[-57.86,54.16],[-57.93,54.17],[-58,54.17],[-58.09,54.19],[-58.24,54.16],[-58.31,54.16],[-58.33,54.17],[-58.34,54.19],[-58.31,54.22],[-58.21,54.24],[-58.09,54.27],[-58.01,54.28],[-57.61,54.27],[-57.49,54.26],[-57.41,54.23],[-57.25,54.1],[-57.2,54.03],[-57.14,53.99],[-57.12,53.95],[-57.13,53.92],[-57.12,53.9],[-57.04,53.84],[-57.03,53.81],[-57.1,53.75],[-57.16,53.72],[-57.25,53.7],[-57.29,53.66],[-57.35,53.65],[-57.37,53.63],[-57.36,53.61],[-57.32,53.6],[-57.28,53.55],[-57.3,53.51],[-57.31,53.44],[-57.29,53.42],[-57.25,53.41],[-57.21,53.41],[-57.18,53.44],[-57.22,53.49],[-57.2,53.51],[-57.13,53.53],[-57.06,53.64],[-57,53.65],[-56.98,53.66],[-56.91,53.73],[-56.86,53.74],[-56.76,53.71],[-56.68,53.72],[-56.58,53.74],[-56.5,53.77],[-56.41,53.78],[-56.38,53.77],[-56.41,53.74],[-56.51,53.7],[-56.52,53.69],[-56.51,53.67],[-56.45,53.67],[-56.39,53.66],[-56.28,53.66],[-56.2,53.63],[-56.16,53.6],[-56.14,53.56],[-56.04,53.5],[-55.97,53.47],[-55.78,53.41],[-55.73,53.33],[-55.67,53.29],[-55.66,53.26],[-55.71,53.17],[-55.8,53.14],[-55.84,53.08],[-56,53.06],[-56.02,53.04],[-55.99,53.02],[-55.87,53.03],[-55.8,53.01],[-55.78,52.94],[-55.82,52.89],[-55.8,52.84],[-55.82,52.83],[-55.93,52.84],[-56.05,52.82],[-56.06,52.81],[-56.04,52.8],[-55.95,52.77],[-55.91,52.71],[-55.8,52.7],[-55.76,52.69],[-55.73,52.65],[-55.76,52.63],[-55.84,52.64],[-55.88,52.6],[-55.91,52.6],[-55.98,52.62],[-56.07,52.6],[-56.11,52.6],[-56.23,52.59],[-56.24,52.57],[-56.24,52.56],[-56.2,52.55],[-55.99,52.56],[-55.8,52.54],[-55.76,52.53],[-55.73,52.49],[-55.65,52.48],[-55.6,52.47],[-55.55,52.39],[-55.58,52.37],[-55.66,52.39],[-55.72,52.37],[-55.76,52.38],[-56,52.45],[-56.03,52.43],[-56.02,52.41],[-55.98,52.38],[-55.78,52.33],[-55.72,52.28],[-55.63,52.26],[-55.71,52.17],[-55.73,52.08],[-55.84,52.02],[-55.89,51.96],[-55.95,51.93],[-56.1,51.82],[-56.47,51.69],[-56.59,51.63],[-56.65,51.59],[-56.8,51.52],[-56.81,51.5],[-56.88,51.46],[-56.95,51.45],[-57.11,51.45],[-57.12,51.59],[-57.13,52],[-58,52],[-59,52],[-60,52],[-60.2,52],[-60.24,52],[-61,52],[-61.64,52],[-61.66,52],[-62,52],[-62.91,52],[-63,52],[-63.79,52],[-63.8,52],[-63.8,52.01],[-63.81,52.02],[-63.81,52.03],[-63.82,52.03],[-63.83,52.04],[-63.84,52.05],[-63.84,52.06],[-63.84,52.07],[-63.85,52.07],[-63.84,52.08],[-63.84,52.09],[-63.83,52.08],[-63.82,52.08],[-63.82,52.09],[-63.81,52.09],[-63.8,52.08],[-63.79,52.08],[-63.78,52.08],[-63.76,52.08],[-63.76,52.07],[-63.74,52.07],[-63.74,52.06],[-63.73,52.06],[-63.72,52.05],[-63.71,52.05],[-63.7,52.05],[-63.69,52.05],[-63.68,52.05],[-63.67,52.05],[-63.66,52.05],[-63.66,52.04],[-63.65,52.04],[-63.65,52.05],[-63.65,52.06],[-63.66,52.06],[-63.66,52.07],[-63.67,52.07],[-63.67,52.08],[-63.68,52.08],[-63.69,52.09],[-63.7,52.09],[-63.7,52.1],[-63.71,52.11],[-63.71,52.12],[-63.71,52.13],[-63.7,52.13],[-63.7,52.14],[-63.7,52.15],[-63.7,52.16],[-63.7,52.17],[-63.7,52.18],[-63.71,52.18],[-63.71,52.19],[-63.7,52.19],[-63.7,52.2],[-63.71,52.2],[-63.72,52.21],[-63.72,52.22],[-63.73,52.22],[-63.73,52.23],[-63.74,52.23],[-63.74,52.24],[-63.75,52.24],[-63.75,52.25],[-63.74,52.25],[-63.74,52.26],[-63.75,52.27],[-63.76,52.27],[-63.77,52.27],[-63.78,52.27],[-63.78,52.28],[-63.79,52.28],[-63.79,52.29],[-63.78,52.29],[-63.78,52.28],[-63.77,52.28],[-63.77,52.29],[-63.78,52.3],[-63.79,52.3],[-63.8,52.3],[-63.81,52.31],[-63.82,52.31],[-63.82,52.32],[-63.81,52.32],[-63.8,52.31],[-63.79,52.31],[-63.78,52.31],[-63.77,52.31],[-63.76,52.31],[-63.75,52.31],[-63.74,52.31],[-63.74,52.32],[-63.75,52.32],[-63.76,52.33],[-63.77,52.33],[-63.78,52.33],[-63.79,52.34],[-63.8,52.34],[-63.81,52.34],[-63.82,52.34],[-63.83,52.34],[-63.83,52.33],[-63.84,52.32],[-63.85,52.32],[-63.86,52.33],[-63.87,52.33],[-63.88,52.33],[-63.88,52.34],[-63.89,52.34],[-63.9,52.34],[-63.91,52.34],[-63.92,52.34],[-63.93,52.35],[-63.94,52.35],[-63.95,52.36],[-63.96,52.36],[-63.97,52.36],[-63.98,52.36],[-63.99,52.36],[-64,52.36],[-64.01,52.36],[-64.01,52.37],[-64.02,52.37],[-64.02,52.38],[-64.03,52.38],[-64.03,52.39],[-64.03,52.4],[-64.02,52.4],[-64.01,52.4],[-64.02,52.41],[-64.03,52.41],[-64.03,52.42],[-64.04,52.42],[-64.05,52.43],[-64.06,52.43],[-64.07,52.44],[-64.08,52.44],[-64.08,52.45],[-64.09,52.45],[-64.09,52.46],[-64.09,52.47],[-64.09,52.48],[-64.08,52.49],[-64.08,52.5],[-64.08,52.51],[-64.07,52.52],[-64.07,52.53],[-64.06,52.53],[-64.05,52.54],[-64.04,52.55],[-64.03,52.56],[-64.03,52.57],[-64.02,52.57],[-64.01,52.57],[-64.01,52.58],[-64,52.58],[-63.99,52.58],[-63.98,52.59],[-63.97,52.59],[-63.96,52.59],[-63.95,52.59],[-63.95,52.6],[-63.94,52.61],[-63.93,52.61],[-63.92,52.6],[-63.91,52.61],[-63.91,52.62],[-63.9,52.62],[-63.89,52.62],[-63.88,52.63],[-63.87,52.63],[-63.86,52.63],[-63.84,52.63],[-63.83,52.63],[-63.81,52.63],[-63.8,52.63],[-63.79,52.63],[-63.78,52.63],[-63.77,52.63],[-63.76,52.63],[-63.73,52.64],[-63.72,52.64],[-63.7,52.64],[-63.69,52.64],[-63.67,52.64],[-63.65,52.64],[-63.64,52.65],[-63.62,52.65],[-63.6,52.65],[-63.59,52.65],[-63.57,52.65],[-63.55,52.65],[-63.53,52.65],[-63.51,52.65],[-63.5,52.65],[-63.48,52.65],[-63.47,52.65],[-63.46,52.64],[-63.44,52.64],[-63.43,52.65],[-63.42,52.65],[-63.41,52.65],[-63.4,52.65],[-63.39,52.65],[-63.38,52.66],[-63.38,52.67],[-63.39,52.67],[-63.4,52.68],[-63.41,52.68],[-63.42,52.69],[-63.43,52.7],[-63.44,52.71],[-63.45,52.71],[-63.46,52.72],[-63.47,52.72],[-63.48,52.72],[-63.5,52.72],[-63.51,52.73],[-63.52,52.73],[-63.54,52.74],[-63.55,52.74],[-63.55,52.75],[-63.56,52.75],[-63.58,52.76],[-63.59,52.76],[-63.59,52.77],[-63.6,52.77],[-63.61,52.77],[-63.61,52.78],[-63.61,52.79],[-63.6,52.8],[-63.59,52.81],[-63.6,52.82],[-63.6,52.83],[-63.59,52.83],[-63.58,52.83],[-63.58,52.84],[-63.59,52.85],[-63.6,52.85],[-63.61,52.86],[-63.61,52.87],[-63.62,52.87],[-63.63,52.87],[-63.63,52.86],[-63.64,52.86],[-63.65,52.85],[-63.66,52.86],[-63.67,52.86],[-63.68,52.85],[-63.67,52.85],[-63.67,52.84],[-63.66,52.84],[-63.65,52.83],[-63.66,52.82],[-63.67,52.81],[-63.68,52.81],[-63.69,52.81],[-63.7,52.81],[-63.71,52.8],[-63.72,52.8],[-63.73,52.79],[-63.74,52.78],[-63.75,52.78],[-63.77,52.77],[-63.78,52.77],[-63.79,52.77],[-63.81,52.77],[-63.82,52.76],[-63.84,52.76],[-63.85,52.76],[-63.86,52.76],[-63.87,52.76],[-63.88,52.76],[-63.89,52.76],[-63.9,52.76],[-63.91,52.76],[-63.92,52.75],[-63.93,52.74],[-63.94,52.74],[-63.95,52.74],[-63.96,52.73],[-63.97,52.73],[-63.98,52.73],[-64,52.73],[-64.01,52.73],[-64.03,52.73],[-64.04,52.73],[-64.05,52.73],[-64.06,52.73],[-64.08,52.73],[-64.1,52.73],[-64.12,52.73],[-64.13,52.73],[-64.13,52.72],[-64.13,52.71],[-64.13,52.7],[-64.13,52.69],[-64.15,52.67],[-64.17,52.67],[-64.18,52.66],[-64.17,52.65],[-64.16,52.64],[-64.15,52.63],[-64.16,52.62],[-64.17,52.61],[-64.18,52.6],[-64.19,52.6],[-64.2,52.59],[-64.21,52.58],[-64.21,52.57],[-64.2,52.56],[-64.19,52.55],[-64.19,52.54],[-64.18,52.53],[-64.17,52.52],[-64.16,52.51],[-64.16,52.5],[-64.16,52.48],[-64.15,52.47],[-64.15,52.46],[-64.15,52.45],[-64.14,52.45],[-64.13,52.44],[-64.12,52.42],[-64.12,52.41],[-64.12,52.4],[-64.12,52.39],[-64.13,52.38],[-64.14,52.38],[-64.15,52.37],[-64.16,52.36],[-64.17,52.35],[-64.18,52.34],[-64.18,52.33],[-64.18,52.31],[-64.19,52.31],[-64.2,52.31],[-64.22,52.31],[-64.23,52.31],[-64.24,52.3],[-64.25,52.29],[-64.25,52.28],[-64.25,52.27],[-64.25,52.26],[-64.24,52.25],[-64.24,52.24],[-64.23,52.23],[-64.22,52.22],[-64.22,52.21],[-64.22,52.2],[-64.22,52.19],[-64.21,52.19],[-64.2,52.17],[-64.19,52.16],[-64.19,52.15],[-64.18,52.14],[-64.18,52.12],[-64.19,52.12],[-64.19,52.11],[-64.2,52.11],[-64.21,52.12],[-64.22,52.13],[-64.23,52.13],[-64.24,52.14],[-64.24,52.15],[-64.25,52.15],[-64.26,52.15],[-64.26,52.14],[-64.26,52.13],[-64.26,52.12],[-64.26,52.11],[-64.26,52.1],[-64.26,52.09],[-64.28,52.09],[-64.29,52.09],[-64.3,52.09],[-64.3,52.08],[-64.3,52.07],[-64.29,52.06],[-64.29,52.05],[-64.28,52.04],[-64.28,52.03],[-64.27,52.03],[-64.27,52.02],[-64.26,52.01],[-64.26,52],[-64.26,51.99],[-64.26,51.98],[-64.27,51.98],[-64.28,51.97],[-64.28,51.98],[-64.29,51.98],[-64.31,51.99],[-64.32,52.01],[-64.33,52.01],[-64.33,52.02],[-64.35,52.01],[-64.36,52.01],[-64.36,52],[-64.37,51.99],[-64.37,51.98],[-64.37,51.97],[-64.37,51.96],[-64.37,51.95],[-64.36,51.94],[-64.36,51.92],[-64.37,51.91],[-64.37,51.9],[-64.37,51.88],[-64.37,51.87],[-64.37,51.86],[-64.37,51.85],[-64.36,51.84],[-64.35,51.84],[-64.34,51.84],[-64.34,51.83],[-64.33,51.82],[-64.32,51.81],[-64.32,51.8],[-64.32,51.79],[-64.31,51.78],[-64.31,51.77],[-64.3,51.77],[-64.3,51.76],[-64.29,51.75],[-64.3,51.74],[-64.3,51.73],[-64.31,51.72],[-64.31,51.71],[-64.32,51.71],[-64.32,51.7],[-64.33,51.7],[-64.34,51.69],[-64.35,51.68],[-64.37,51.67],[-64.39,51.67],[-64.4,51.67],[-64.42,51.68],[-64.43,51.68],[-64.44,51.67],[-64.45,51.66],[-64.46,51.64],[-64.46,51.63],[-64.47,51.63],[-64.48,51.62],[-64.5,51.62],[-64.51,51.62],[-64.52,51.61],[-64.53,51.61],[-64.54,51.59],[-64.55,51.58],[-64.56,51.59],[-64.56,51.6],[-64.57,51.61],[-64.59,51.62],[-64.6,51.62],[-64.6,51.63],[-64.61,51.63],[-64.62,51.64],[-64.61,51.65],[-64.61,51.66],[-64.61,51.67],[-64.62,51.69],[-64.63,51.7],[-64.65,51.71],[-64.67,51.71],[-64.68,51.71],[-64.69,51.72],[-64.7,51.74],[-64.7,51.75],[-64.7,51.76],[-64.71,51.76],[-64.72,51.76],[-64.73,51.76],[-64.75,51.76],[-64.77,51.76],[-64.78,51.76],[-64.79,51.77],[-64.81,51.77],[-64.82,51.78],[-64.83,51.78],[-64.84,51.78],[-64.85,51.78],[-64.86,51.78],[-64.87,51.77],[-64.88,51.77],[-64.9,51.77],[-64.92,51.77],[-64.93,51.77],[-64.92,51.76],[-64.92,51.75],[-64.92,51.74],[-64.93,51.73],[-64.94,51.72],[-64.95,51.72],[-64.97,51.73],[-64.98,51.73],[-64.99,51.74],[-64.99,51.75],[-65,51.75],[-65.01,51.76],[-65.02,51.77],[-65.03,51.77],[-65.04,51.77],[-65.05,51.77],[-65.07,51.76],[-65.08,51.76],[-65.09,51.76],[-65.1,51.76],[-65.12,51.76],[-65.13,51.76],[-65.15,51.76],[-65.16,51.76],[-65.17,51.77],[-65.18,51.78],[-65.17,51.78],[-65.16,51.79],[-65.16,51.8],[-65.16,51.81],[-65.16,51.82],[-65.18,51.82],[-65.19,51.82],[-65.2,51.82],[-65.21,51.83],[-65.22,51.83],[-65.23,51.82],[-65.24,51.82],[-65.25,51.83],[-65.26,51.84],[-65.26,51.85],[-65.26,51.86],[-65.25,51.87],[-65.26,51.88],[-65.27,51.88],[-65.28,51.88],[-65.29,51.88],[-65.3,51.89],[-65.31,51.88],[-65.32,51.88],[-65.33,51.87],[-65.33,51.86],[-65.33,51.85],[-65.33,51.84],[-65.34,51.84],[-65.35,51.84],[-65.36,51.85],[-65.36,51.86],[-65.37,51.86],[-65.37,51.87],[-65.39,51.88],[-65.4,51.88],[-65.4,51.89],[-65.4,51.9],[-65.39,51.91],[-65.37,51.92],[-65.36,51.93],[-65.36,51.94],[-65.35,51.95],[-65.35,51.96],[-65.35,51.97],[-65.35,51.98],[-65.36,51.99],[-65.36,52],[-65.37,52],[-65.38,52],[-65.38,51.99],[-65.39,51.99],[-65.4,51.98],[-65.41,51.98],[-65.42,51.99],[-65.42,52],[-65.43,52],[-65.43,52.01],[-65.44,52.01],[-65.45,52.01],[-65.45,52.02],[-65.46,52.02],[-65.46,52.03],[-65.47,52.04],[-65.47,52.05],[-65.48,52.06],[-65.48,52.07],[-65.48,52.08],[-65.48,52.09],[-65.48,52.1],[-65.48,52.11],[-65.49,52.11],[-65.5,52.11],[-65.51,52.1],[-65.52,52.09],[-65.53,52.08],[-65.53,52.07],[-65.53,52.06],[-65.54,52.06],[-65.54,52.05],[-65.55,52.05],[-65.56,52.05],[-65.56,52.04],[-65.57,52.04],[-65.58,52.04],[-65.59,52.03],[-65.6,52.04],[-65.61,52.04],[-65.62,52.04],[-65.63,52.03],[-65.63,52.02],[-65.64,52.01],[-65.64,52],[-65.64,51.99],[-65.65,51.99],[-65.66,51.99],[-65.67,51.99],[-65.68,52],[-65.68,52.01],[-65.67,52.02],[-65.67,52.03],[-65.66,52.04],[-65.66,52.05],[-65.65,52.06],[-65.65,52.07],[-65.65,52.08],[-65.65,52.09],[-65.65,52.1],[-65.66,52.11],[-65.67,52.11],[-65.68,52.11],[-65.69,52.11],[-65.7,52.1],[-65.71,52.1],[-65.72,52.1],[-65.73,52.1],[-65.75,52.1],[-65.76,52.1],[-65.77,52.1],[-65.78,52.1],[-65.8,52.11],[-65.81,52.11],[-65.82,52.11],[-65.83,52.11],[-65.85,52.12],[-65.86,52.12],[-65.87,52.12],[-65.87,52.11],[-65.88,52.11],[-65.89,52.1],[-65.9,52.09],[-65.91,52.09],[-65.92,52.09],[-65.93,52.09],[-65.95,52.09],[-65.96,52.09],[-65.97,52.09],[-65.97,52.08],[-65.97,52.07],[-65.97,52.06],[-65.98,52.05],[-65.99,52.05],[-66,52.06],[-66.01,52.06],[-66.01,52.07],[-66.01,52.08],[-66.02,52.09],[-66.03,52.09],[-66.04,52.09],[-66.05,52.1],[-66.06,52.1],[-66.07,52.1],[-66.08,52.1],[-66.09,52.1],[-66.1,52.1],[-66.1,52.11],[-66.09,52.12],[-66.09,52.13],[-66.09,52.14],[-66.09,52.15],[-66.09,52.16],[-66.09,52.17],[-66.1,52.18],[-66.11,52.2],[-66.12,52.21],[-66.13,52.22],[-66.14,52.23],[-66.15,52.23],[-66.16,52.23],[-66.17,52.23],[-66.18,52.23],[-66.19,52.23],[-66.2,52.24],[-66.21,52.24],[-66.21,52.25],[-66.22,52.25],[-66.23,52.26],[-66.24,52.27],[-66.24,52.28],[-66.25,52.29],[-66.25,52.3],[-66.25,52.31],[-66.26,52.32],[-66.27,52.32],[-66.28,52.32],[-66.28,52.31],[-66.3,52.31],[-66.3,52.3],[-66.31,52.3],[-66.31,52.29],[-66.31,52.28],[-66.31,52.27],[-66.31,52.26],[-66.31,52.25],[-66.3,52.23],[-66.3,52.22],[-66.29,52.21],[-66.29,52.2],[-66.28,52.19],[-66.28,52.18],[-66.28,52.17],[-66.29,52.16],[-66.3,52.15],[-66.31,52.15],[-66.32,52.15],[-66.33,52.15],[-66.34,52.15],[-66.35,52.15],[-66.36,52.16],[-66.37,52.16],[-66.38,52.17],[-66.39,52.17],[-66.39,52.18],[-66.38,52.19],[-66.38,52.2],[-66.39,52.2],[-66.39,52.21],[-66.4,52.21],[-66.41,52.22],[-66.42,52.23],[-66.43,52.24],[-66.44,52.24],[-66.45,52.24],[-66.47,52.25],[-66.48,52.27],[-66.48,52.28],[-66.47,52.28],[-66.46,52.28],[-66.44,52.28],[-66.45,52.29],[-66.46,52.3],[-66.47,52.3],[-66.48,52.31],[-66.49,52.32],[-66.5,52.32],[-66.5,52.33],[-66.51,52.34],[-66.5,52.35],[-66.48,52.35],[-66.47,52.36],[-66.46,52.36],[-66.45,52.36],[-66.45,52.37],[-66.45,52.38],[-66.44,52.38],[-66.43,52.39],[-66.41,52.38],[-66.4,52.38],[-66.39,52.38],[-66.38,52.37],[-66.36,52.37],[-66.35,52.37],[-66.35,52.38],[-66.36,52.39],[-66.37,52.4],[-66.38,52.41],[-66.38,52.42],[-66.37,52.43],[-66.37,52.44],[-66.37,52.45],[-66.38,52.45],[-66.38,52.46],[-66.39,52.46],[-66.39,52.47],[-66.39,52.48],[-66.38,52.48],[-66.37,52.49],[-66.37,52.5],[-66.38,52.51],[-66.38,52.52],[-66.39,52.53],[-66.39,52.54],[-66.39,52.55],[-66.39,52.56],[-66.4,52.57],[-66.41,52.58],[-66.42,52.59],[-66.44,52.6],[-66.45,52.61],[-66.46,52.62],[-66.46,52.64],[-66.44,52.65],[-66.43,52.65],[-66.43,52.66],[-66.41,52.68],[-66.4,52.68],[-66.39,52.68],[-66.38,52.67],[-66.38,52.66],[-66.37,52.66],[-66.36,52.65],[-66.36,52.64],[-66.35,52.63],[-66.34,52.62],[-66.33,52.61],[-66.32,52.6],[-66.31,52.6],[-66.3,52.6],[-66.3,52.61],[-66.29,52.62],[-66.3,52.63],[-66.31,52.63],[-66.31,52.64],[-66.31,52.65],[-66.31,52.66],[-66.32,52.67],[-66.33,52.67],[-66.34,52.68],[-66.35,52.68],[-66.35,52.69],[-66.35,52.7],[-66.34,52.72],[-66.34,52.74],[-66.34,52.76],[-66.34,52.77],[-66.34,52.78],[-66.34,52.79],[-66.35,52.8],[-66.36,52.8],[-66.38,52.8],[-66.39,52.8],[-66.4,52.81],[-66.4,52.82],[-66.4,52.83],[-66.41,52.84],[-66.42,52.85],[-66.41,52.87],[-66.41,52.88],[-66.4,52.88],[-66.39,52.88],[-66.38,52.88],[-66.37,52.87],[-66.36,52.87],[-66.35,52.86],[-66.33,52.85],[-66.32,52.85],[-66.31,52.85],[-66.29,52.84],[-66.28,52.84],[-66.28,52.85],[-66.28,52.87],[-66.28,52.88],[-66.29,52.89],[-66.3,52.9],[-66.31,52.91],[-66.31,52.92],[-66.31,52.93],[-66.32,52.94],[-66.33,52.95],[-66.33,52.96],[-66.34,52.97],[-66.34,52.98],[-66.34,52.99],[-66.35,52.99],[-66.36,53],[-66.37,53],[-66.38,53.01],[-66.39,53.01],[-66.4,53.01],[-66.42,53.02],[-66.42,53.03],[-66.44,53.03],[-66.45,53.04],[-66.46,53.04],[-66.47,53.04],[-66.48,53.04],[-66.48,53.03],[-66.49,53.02],[-66.49,53.01],[-66.5,53],[-66.5,52.99],[-66.5,52.98],[-66.5,52.97],[-66.51,52.96],[-66.51,52.95],[-66.52,52.95],[-66.52,52.96],[-66.53,52.96],[-66.54,52.97],[-66.54,52.96],[-66.55,52.96],[-66.55,52.95],[-66.56,52.95],[-66.56,52.94],[-66.57,52.94],[-66.58,52.94],[-66.59,52.94],[-66.6,52.94],[-66.61,52.95],[-66.62,52.95],[-66.63,52.95],[-66.64,52.94],[-66.65,52.94],[-66.65,52.93],[-66.65,52.92],[-66.65,52.91],[-66.65,52.9],[-66.66,52.9],[-66.66,52.89],[-66.65,52.88],[-66.65,52.87],[-66.65,52.86],[-66.65,52.85],[-66.66,52.84],[-66.66,52.83],[-66.66,52.82],[-66.67,52.82],[-66.66,52.81],[-66.65,52.8],[-66.65,52.79],[-66.67,52.79],[-66.68,52.79],[-66.69,52.79],[-66.7,52.78],[-66.71,52.77],[-66.72,52.77],[-66.73,52.77],[-66.73,52.78],[-66.75,52.79],[-66.76,52.8],[-66.78,52.8],[-66.79,52.8],[-66.78,52.79],[-66.77,52.78],[-66.77,52.77],[-66.76,52.76],[-66.76,52.75],[-66.76,52.74],[-66.76,52.73],[-66.76,52.72],[-66.76,52.71],[-66.76,52.7],[-66.77,52.68],[-66.78,52.68],[-66.79,52.68],[-66.8,52.69],[-66.8,52.7],[-66.81,52.71],[-66.81,52.72],[-66.82,52.74],[-66.83,52.75],[-66.83,52.76],[-66.84,52.76],[-66.83,52.75],[-66.83,52.74],[-66.84,52.73],[-66.85,52.73],[-66.86,52.73],[-66.87,52.73],[-66.88,52.73],[-66.87,52.73],[-66.87,52.72],[-66.86,52.71],[-66.86,52.7],[-66.86,52.69],[-66.86,52.68],[-66.87,52.68],[-66.88,52.68],[-66.89,52.68],[-66.9,52.69],[-66.91,52.69],[-66.91,52.7],[-66.92,52.7],[-66.92,52.71],[-66.92,52.72],[-66.93,52.72],[-66.93,52.73],[-66.94,52.73],[-66.95,52.74],[-66.95,52.75],[-66.95,52.76],[-66.96,52.76],[-66.97,52.76],[-66.98,52.76],[-66.99,52.76],[-67,52.76],[-67.01,52.76],[-67.02,52.76],[-67.03,52.75],[-67.04,52.75],[-67.04,52.76],[-67.05,52.77],[-67.05,52.78],[-67.06,52.78],[-67.06,52.79],[-67.06,52.8],[-67.06,52.81],[-67.06,52.82],[-67.05,52.83],[-67.05,52.84],[-67.05,52.85],[-67.06,52.86],[-67.06,52.87],[-67.06,52.88],[-67.07,52.88],[-67.08,52.88],[-67.09,52.88],[-67.1,52.87],[-67.12,52.87],[-67.13,52.87],[-67.13,52.86],[-67.14,52.86],[-67.14,52.85],[-67.14,52.84],[-67.15,52.83],[-67.16,52.83],[-67.17,52.83],[-67.18,52.83],[-67.19,52.83],[-67.19,52.84],[-67.2,52.84],[-67.21,52.84],[-67.23,52.84],[-67.23,52.85],[-67.24,52.86],[-67.25,52.87],[-67.26,52.87],[-67.27,52.88],[-67.28,52.88],[-67.3,52.88],[-67.31,52.89],[-67.32,52.89],[-67.33,52.89],[-67.33,52.9],[-67.33,52.91],[-67.33,52.92],[-67.33,52.93],[-67.33,52.94],[-67.33,52.95],[-67.32,52.95],[-67.31,52.96],[-67.3,52.96],[-67.29,52.96],[-67.28,52.96],[-67.26,52.96],[-67.24,52.96],[-67.23,52.97],[-67.22,52.97],[-67.22,52.98],[-67.23,52.98],[-67.24,52.99],[-67.26,52.99],[-67.28,52.99],[-67.29,52.99],[-67.3,52.99],[-67.32,52.99],[-67.33,52.99],[-67.34,52.99],[-67.35,53],[-67.36,53.01],[-67.38,53.13],[-67.37,53.13],[-67.36,53.13],[-67.35,53.12],[-67.33,53.12],[-67.32,53.12],[-67.31,53.13],[-67.3,53.13],[-67.3,53.14],[-67.29,53.16],[-67.28,53.16],[-67.28,53.17],[-67.27,53.17],[-67.26,53.17],[-67.25,53.16],[-67.24,53.16],[-67.23,53.16],[-67.23,53.15],[-67.22,53.15],[-67.21,53.15],[-67.2,53.15],[-67.19,53.15],[-67.18,53.15],[-67.17,53.15],[-67.16,53.14],[-67.15,53.13],[-67.14,53.13],[-67.13,53.13],[-67.12,53.13],[-67.11,53.13],[-67.1,53.13],[-67.09,53.13],[-67.08,53.13],[-67.07,53.13],[-67.06,53.12],[-67.06,53.11],[-67.07,53.1],[-67.07,53.09],[-67.08,53.09],[-67.08,53.08],[-67.07,53.08],[-67.06,53.08],[-67.05,53.08],[-67.04,53.07],[-67.03,53.07],[-67.02,53.07],[-67.01,53.07],[-66.99,53.09],[-66.98,53.09],[-66.98,53.1],[-66.98,53.11],[-66.98,53.12],[-66.97,53.13],[-66.96,53.13],[-66.95,53.14],[-66.96,53.15],[-66.97,53.15],[-66.99,53.17],[-66.98,53.18],[-66.97,53.18],[-66.96,53.2],[-66.97,53.2],[-66.97,53.21],[-66.97,53.22],[-66.97,53.23],[-66.97,53.24],[-66.97,53.25],[-66.97,53.26],[-66.96,53.26],[-66.96,53.27],[-66.95,53.28],[-66.95,53.29],[-66.94,53.3],[-66.95,53.3],[-66.95,53.31],[-66.96,53.31],[-66.97,53.32],[-66.99,53.32],[-67,53.33],[-67.01,53.33],[-67,53.34],[-67,53.35],[-66.99,53.36],[-66.98,53.37],[-66.97,53.37],[-66.96,53.37],[-66.95,53.37],[-66.94,53.37],[-66.94,53.38],[-66.94,53.39],[-66.93,53.39],[-66.91,53.4],[-66.9,53.4],[-66.89,53.41],[-66.88,53.42],[-66.89,53.42],[-66.9,53.42],[-66.92,53.43],[-66.92,53.44],[-66.92,53.45],[-66.92,53.46],[-66.93,53.47],[-66.94,53.47],[-66.94,53.48],[-66.95,53.48],[-66.96,53.48],[-66.97,53.48],[-66.98,53.48],[-66.98,53.47],[-66.99,53.47],[-66.99,53.48],[-66.99,53.49],[-67,53.5],[-67.01,53.5],[-67.01,53.51],[-67.02,53.51],[-67.02,53.52],[-67.03,53.52],[-67.04,53.53],[-67.05,53.54],[-67.06,53.54],[-67.07,53.54],[-67.08,53.54],[-67.09,53.54],[-67.1,53.54],[-67.11,53.54],[-67.12,53.54],[-67.13,53.54],[-67.14,53.54],[-67.15,53.54],[-67.16,53.54],[-67.17,53.54],[-67.18,53.54],[-67.19,53.55],[-67.2,53.55],[-67.21,53.55],[-67.22,53.55],[-67.24,53.55],[-67.25,53.56],[-67.26,53.56],[-67.27,53.56],[-67.28,53.56],[-67.29,53.56],[-67.3,53.56],[-67.31,53.56],[-67.32,53.57],[-67.32,53.58],[-67.33,53.59],[-67.34,53.6],[-67.35,53.61],[-67.36,53.61],[-67.37,53.62],[-67.38,53.62],[-67.38,53.63],[-67.38,53.64],[-67.38,53.65],[-67.39,53.65],[-67.39,53.66],[-67.4,53.67],[-67.4,53.68],[-67.41,53.7],[-67.41,53.71],[-67.41,53.72],[-67.42,53.72],[-67.43,53.72],[-67.44,53.72],[-67.45,53.72],[-67.46,53.72],[-67.47,53.72],[-67.48,53.72],[-67.49,53.72],[-67.49,53.73],[-67.5,53.74],[-67.51,53.75],[-67.52,53.75],[-67.53,53.75],[-67.54,53.75],[-67.55,53.75],[-67.56,53.75],[-67.57,53.76],[-67.59,53.76],[-67.58,53.77],[-67.57,53.78],[-67.57,53.79],[-67.56,53.8],[-67.55,53.8],[-67.54,53.79],[-67.53,53.79],[-67.52,53.79],[-67.52,53.8],[-67.51,53.8],[-67.5,53.81],[-67.49,53.82],[-67.49,53.83],[-67.48,53.83],[-67.48,53.84],[-67.49,53.84],[-67.5,53.84],[-67.51,53.85],[-67.52,53.84],[-67.53,53.85],[-67.54,53.85],[-67.55,53.86],[-67.56,53.86],[-67.56,53.87],[-67.57,53.87],[-67.58,53.88],[-67.59,53.88],[-67.59,53.89],[-67.59,53.9],[-67.59,53.91],[-67.6,53.93],[-67.61,53.93],[-67.62,53.94],[-67.64,53.94],[-67.65,53.94],[-67.65,53.95],[-67.65,53.96],[-67.66,53.97],[-67.67,53.97],[-67.68,53.98],[-67.69,53.98],[-67.7,53.98],[-67.71,53.98],[-67.72,53.98],[-67.74,54],[-67.76,54.01],[-67.77,54.01],[-67.78,54.01],[-67.79,54.02],[-67.8,54.02],[-67.81,54.02],[-67.8,54.03],[-67.79,54.03],[-67.78,54.03],[-67.78,54.04],[-67.77,54.05],[-67.77,54.06],[-67.76,54.07],[-67.76,54.08],[-67.75,54.08],[-67.75,54.09],[-67.75,54.1],[-67.76,54.1],[-67.77,54.1],[-67.78,54.1],[-67.79,54.11],[-67.8,54.12],[-67.8,54.13],[-67.79,54.14],[-67.79,54.15],[-67.78,54.15],[-67.77,54.15],[-67.76,54.16],[-67.75,54.16],[-67.74,54.16],[-67.72,54.16],[-67.71,54.16],[-67.7,54.16],[-67.68,54.16],[-67.67,54.16],[-67.66,54.16],[-67.65,54.16],[-67.64,54.17],[-67.63,54.17],[-67.63,54.18],[-67.62,54.19],[-67.62,54.2],[-67.61,54.2],[-67.61,54.21],[-67.61,54.22],[-67.62,54.22],[-67.62,54.23],[-67.63,54.23],[-67.63,54.24],[-67.64,54.24],[-67.64,54.25],[-67.65,54.25],[-67.65,54.26],[-67.66,54.26],[-67.67,54.26],[-67.67,54.27],[-67.68,54.27],[-67.69,54.27],[-67.7,54.27],[-67.71,54.28],[-67.72,54.28],[-67.73,54.28],[-67.74,54.28],[-67.75,54.28],[-67.76,54.28],[-67.77,54.29],[-67.77,54.3],[-67.77,54.31],[-67.76,54.31],[-67.76,54.32],[-67.75,54.32],[-67.74,54.32],[-67.73,54.32],[-67.72,54.32],[-67.71,54.32],[-67.71,54.33],[-67.7,54.33],[-67.7,54.34],[-67.69,54.34],[-67.69,54.35],[-67.7,54.35],[-67.7,54.36],[-67.7,54.37],[-67.7,54.38],[-67.71,54.38],[-67.71,54.39],[-67.72,54.39],[-67.72,54.4],[-67.73,54.4],[-67.73,54.41],[-67.74,54.41],[-67.74,54.42],[-67.75,54.42],[-67.75,54.43],[-67.75,54.44],[-67.75,54.45],[-67.74,54.45],[-67.73,54.45],[-67.72,54.45],[-67.71,54.45],[-67.71,54.44],[-67.7,54.44],[-67.69,54.44],[-67.68,54.44],[-67.67,54.44],[-67.67,54.45],[-67.67,54.46],[-67.67,54.47],[-67.67,54.48],[-67.65,54.49],[-67.65,54.5],[-67.64,54.5],[-67.63,54.49],[-67.62,54.48],[-67.61,54.48],[-67.6,54.48],[-67.59,54.48],[-67.58,54.48],[-67.57,54.48],[-67.56,54.48],[-67.55,54.49],[-67.54,54.49],[-67.53,54.49],[-67.51,54.48],[-67.5,54.48],[-67.49,54.48],[-67.48,54.48],[-67.46,54.48],[-67.45,54.48],[-67.44,54.49],[-67.43,54.49],[-67.42,54.51],[-67.42,54.53],[-67.41,54.53],[-67.4,54.53],[-67.39,54.53],[-67.38,54.53],[-67.37,54.52],[-67.36,54.52],[-67.35,54.51],[-67.34,54.51],[-67.33,54.5],[-67.31,54.5],[-67.3,54.5],[-67.28,54.49],[-67.27,54.49],[-67.26,54.49],[-67.25,54.49],[-67.24,54.5],[-67.23,54.5],[-67.23,54.51],[-67.23,54.52],[-67.24,54.53],[-67.25,54.54],[-67.26,54.54],[-67.26,54.55],[-67.27,54.55],[-67.27,54.56],[-67.28,54.56],[-67.28,54.57],[-67.27,54.58],[-67.26,54.58],[-67.25,54.58],[-67.24,54.58],[-67.23,54.59],[-67.22,54.59],[-67.22,54.6],[-67.21,54.61],[-67.2,54.61],[-67.19,54.61],[-67.17,54.61],[-67.16,54.61],[-67.15,54.61],[-67.15,54.62],[-67.14,54.62],[-67.14,54.63],[-67.13,54.64],[-67.13,54.65],[-67.12,54.65],[-67.11,54.65],[-67.11,54.66],[-67.09,54.66],[-67.08,54.66],[-67.08,54.67],[-67.07,54.67],[-67.07,54.68],[-67.06,54.69],[-67.06,54.7],[-67.06,54.71],[-67.07,54.72],[-67.08,54.72],[-67.09,54.73],[-67.1,54.74],[-67.11,54.74],[-67.13,54.75],[-67.14,54.75],[-67.15,54.76],[-67.16,54.76],[-67.18,54.77],[-67.19,54.78],[-67.2,54.79],[-67.21,54.8],[-67.22,54.81],[-67.23,54.83],[-67.25,54.84],[-67.27,54.86],[-67.29,54.87],[-67.31,54.88],[-67.32,54.9],[-67.34,54.92],[-67.36,54.94],[-67.38,54.95],[-67.39,54.96],[-67.4,54.97],[-67.4,54.98],[-67.41,54.98],[-67.41,54.99],[-67.42,54.99],[-67.43,55],[-67.44,55.01],[-67.44,55.02],[-67.44,55.03],[-67.44,55.04],[-67.44,55.05],[-67.43,55.06],[-67.43,55.07],[-67.42,55.07],[-67.41,55.07],[-67.39,55.08],[-67.38,55.08],[-67.37,55.08],[-67.36,55.08],[-67.35,55.08],[-67.34,55.08],[-67.33,55.07],[-67.32,55.07],[-67.31,55.07],[-67.3,55.07],[-67.28,55.06],[-67.27,55.06],[-67.26,55.06],[-67.26,55.05],[-67.27,55.05],[-67.27,55.04],[-67.28,55.04],[-67.28,55.03],[-67.28,55.02],[-67.27,55.02],[-67.26,55.02],[-67.25,55.01],[-67.24,55.01],[-67.24,55],[-67.24,54.99],[-67.23,54.99],[-67.22,54.98],[-67.21,54.98],[-67.2,54.98],[-67.2,54.97],[-67.19,54.97],[-67.19,54.96],[-67.18,54.96],[-67.17,54.95],[-67.16,54.95],[-67.15,54.94],[-67.14,54.94],[-67.13,54.93],[-67.12,54.92],[-67.11,54.91],[-67.09,54.91],[-67.07,54.9],[-67.06,54.89],[-67.05,54.88],[-67.04,54.87],[-67.03,54.86],[-67.02,54.86],[-67.02,54.85],[-67.01,54.84],[-67,54.84],[-66.99,54.83],[-66.98,54.83],[-66.98,54.82],[-66.97,54.82],[-66.96,54.81],[-66.95,54.8],[-66.94,54.8],[-66.93,54.8],[-66.92,54.8],[-66.91,54.8],[-66.89,54.8],[-66.88,54.8],[-66.87,54.8],[-66.86,54.79],[-66.85,54.79],[-66.83,54.78],[-66.82,54.77],[-66.8,54.77],[-66.79,54.76],[-66.77,54.75],[-66.75,54.75],[-66.74,54.74],[-66.72,54.74],[-66.71,54.73],[-66.69,54.72],[-66.67,54.72],[-66.66,54.72],[-66.66,54.73],[-66.67,54.73],[-66.67,54.74],[-66.68,54.74],[-66.69,54.75],[-66.7,54.75],[-66.71,54.75],[-66.72,54.76],[-66.73,54.76],[-66.74,54.77],[-66.74,54.78],[-66.75,54.79],[-66.75,54.8],[-66.75,54.81],[-66.74,54.81],[-66.73,54.81],[-66.73,54.8],[-66.72,54.8],[-66.71,54.79],[-66.7,54.79],[-66.69,54.78],[-66.68,54.78],[-66.67,54.77],[-66.67,54.78],[-66.66,54.78],[-66.65,54.78],[-66.64,54.78],[-66.63,54.78],[-66.62,54.78],[-66.61,54.79],[-66.6,54.79],[-66.6,54.8],[-66.6,54.81],[-66.6,54.82],[-66.61,54.82],[-66.62,54.83],[-66.63,54.84],[-66.64,54.84],[-66.64,54.85],[-66.65,54.86],[-66.66,54.87],[-66.66,54.88],[-66.67,54.89],[-66.67,54.9],[-66.68,54.91],[-66.68,54.92],[-66.69,54.93],[-66.69,54.94],[-66.7,54.94],[-66.71,54.95],[-66.72,54.96],[-66.73,54.97],[-66.73,54.98],[-66.74,54.98],[-66.75,54.98],[-66.76,54.99],[-66.76,55],[-66.75,55],[-66.74,55],[-66.73,55],[-66.72,55],[-66.71,55],[-66.7,54.99],[-66.68,54.99],[-66.67,54.99],[-66.65,54.99],[-66.64,54.98],[-66.63,54.98],[-66.62,54.99],[-66.63,54.99],[-66.63,55],[-66.64,55],[-66.65,55.01],[-66.66,55.01],[-66.67,55.01],[-66.68,55.02],[-66.69,55.02],[-66.7,55.03],[-66.72,55.04],[-66.73,55.04],[-66.73,55.05],[-66.74,55.05],[-66.73,55.06],[-66.72,55.06],[-66.72,55.07],[-66.71,55.07],[-66.71,55.08],[-66.72,55.08],[-66.73,55.09],[-66.74,55.1],[-66.75,55.1],[-66.76,55.11],[-66.76,55.12],[-66.77,55.13],[-66.77,55.14],[-66.76,55.15],[-66.75,55.16],[-66.75,55.17],[-66.76,55.17],[-66.76,55.18],[-66.75,55.19],[-66.75,55.2],[-66.74,55.2],[-66.73,55.2],[-66.72,55.2],[-66.71,55.19],[-66.7,55.19],[-66.69,55.18],[-66.68,55.18],[-66.67,55.18],[-66.66,55.19],[-66.67,55.19],[-66.67,55.2],[-66.68,55.21],[-66.69,55.21],[-66.69,55.22],[-66.7,55.23],[-66.72,55.23],[-66.73,55.24],[-66.74,55.24],[-66.75,55.25],[-66.76,55.25],[-66.77,55.26],[-66.78,55.26],[-66.79,55.27],[-66.8,55.27],[-66.8,55.28],[-66.81,55.28],[-66.81,55.29],[-66.81,55.3],[-66.8,55.31],[-66.79,55.31],[-66.78,55.32],[-66.78,55.33],[-66.77,55.34],[-66.76,55.33],[-66.75,55.33],[-66.74,55.32],[-66.73,55.32],[-66.72,55.31],[-66.71,55.31],[-66.7,55.3],[-66.69,55.29],[-66.69,55.28],[-66.68,55.28],[-66.68,55.27],[-66.67,55.27],[-66.66,55.26],[-66.65,55.26],[-66.63,55.26],[-66.62,55.26],[-66.61,55.27],[-66.6,55.26],[-66.59,55.26],[-66.58,55.25],[-66.57,55.24],[-66.56,55.23],[-66.55,55.22],[-66.54,55.22],[-66.53,55.21],[-66.52,55.2],[-66.51,55.19],[-66.51,55.18],[-66.5,55.18],[-66.5,55.17],[-66.49,55.16],[-66.48,55.16],[-66.47,55.15],[-66.46,55.14],[-66.45,55.14],[-66.44,55.14],[-66.44,55.13],[-66.43,55.13],[-66.42,55.12],[-66.41,55.12],[-66.4,55.11],[-66.39,55.1],[-66.38,55.09],[-66.37,55.09],[-66.36,55.08],[-66.35,55.08],[-66.34,55.06],[-66.33,55.06],[-66.32,55.05],[-66.31,55.05],[-66.31,55.04],[-66.3,55.03],[-66.29,55.02],[-66.28,55.02],[-66.28,55.01],[-66.27,55],[-66.27,54.99],[-66.26,54.99],[-66.26,54.98],[-66.25,54.98],[-66.24,54.98],[-66.23,54.98],[-66.22,54.98],[-66.21,54.98],[-66.2,54.98],[-66.19,54.98],[-66.18,54.98],[-66.17,54.97],[-66.15,54.97],[-66.14,54.97],[-66.14,54.96],[-66.13,54.96],[-66.12,54.96],[-66.11,54.95],[-66.1,54.95],[-66.09,54.94],[-66.08,54.94],[-66.07,54.94],[-66.06,54.93],[-66.05,54.93],[-66.04,54.93],[-66.03,54.93],[-66.02,54.93],[-66.01,54.93],[-66,54.93],[-65.98,54.93],[-65.97,54.93],[-65.96,54.93],[-65.95,54.93],[-65.94,54.93],[-65.93,54.93],[-65.92,54.93],[-65.91,54.93],[-65.9,54.93],[-65.89,54.93],[-65.88,54.92],[-65.87,54.92],[-65.86,54.91],[-65.86,54.9],[-65.86,54.89],[-65.86,54.88],[-65.86,54.87],[-65.86,54.86],[-65.86,54.85],[-65.86,54.84],[-65.86,54.83],[-65.85,54.83],[-65.84,54.82],[-65.83,54.82],[-65.82,54.81],[-65.81,54.81],[-65.8,54.8],[-65.79,54.79],[-65.78,54.78],[-65.76,54.77],[-65.75,54.77],[-65.75,54.76],[-65.74,54.76],[-65.74,54.75],[-65.73,54.75],[-65.73,54.74],[-65.73,54.73],[-65.72,54.73],[-65.72,54.72],[-65.71,54.72],[-65.7,54.71],[-65.69,54.71],[-65.68,54.71],[-65.67,54.71],[-65.67,54.72],[-65.66,54.72],[-65.65,54.73],[-65.65,54.74],[-65.64,54.74],[-65.64,54.75],[-65.63,54.74],[-65.62,54.74],[-65.61,54.73],[-65.6,54.73],[-65.59,54.73],[-65.57,54.73],[-65.56,54.73],[-65.55,54.73],[-65.53,54.73],[-65.51,54.73],[-65.5,54.73],[-65.48,54.73],[-65.47,54.73],[-65.46,54.73],[-65.45,54.74],[-65.44,54.75],[-65.44,54.76],[-65.44,54.77],[-65.45,54.78],[-65.46,54.78],[-65.47,54.79],[-65.47,54.8],[-65.48,54.8],[-65.48,54.81],[-65.47,54.83],[-65.46,54.83],[-65.45,54.84],[-65.44,54.84],[-65.43,54.84],[-65.42,54.83],[-65.42,54.82],[-65.41,54.82],[-65.4,54.81],[-65.39,54.81],[-65.38,54.82],[-65.37,54.81],[-65.36,54.81],[-65.35,54.82],[-65.34,54.83],[-65.33,54.83],[-65.32,54.84],[-65.31,54.84],[-65.3,54.84],[-65.29,54.84],[-65.28,54.84],[-65.27,54.84],[-65.26,54.84],[-65.24,54.84],[-65.23,54.84],[-65.22,54.85],[-65.21,54.85],[-65.2,54.85],[-65.2,54.86],[-65.2,54.87],[-65.21,54.88],[-65.2,54.88],[-65.2,54.89],[-65.19,54.89],[-65.19,54.9],[-65.19,54.91],[-65.18,54.91],[-65.17,54.91],[-65.16,54.92],[-65.15,54.92],[-65.15,54.93],[-65.14,54.94],[-65.13,54.94],[-65.11,54.95],[-65.1,54.95],[-65.09,54.95],[-65.08,54.95],[-65.07,54.95],[-65.06,54.94],[-65.05,54.94],[-65.04,54.94],[-65.03,54.94],[-65.03,54.93],[-65.01,54.93],[-65,54.93],[-64.99,54.93],[-64.98,54.92],[-64.97,54.92],[-64.96,54.92],[-64.96,54.91],[-64.95,54.91],[-64.94,54.91],[-64.93,54.91],[-64.92,54.91],[-64.91,54.9],[-64.9,54.9],[-64.89,54.89],[-64.89,54.88],[-64.88,54.88],[-64.87,54.87],[-64.86,54.87],[-64.86,54.86],[-64.86,54.85],[-64.85,54.84],[-64.84,54.84],[-64.83,54.84],[-64.82,54.84],[-64.81,54.84],[-64.79,54.83],[-64.78,54.83],[-64.77,54.83],[-64.76,54.82],[-64.76,54.81],[-64.76,54.8],[-64.76,54.79],[-64.77,54.78],[-64.78,54.77],[-64.78,54.76],[-64.79,54.76],[-64.8,54.75],[-64.8,54.74],[-64.79,54.74],[-64.78,54.73],[-64.77,54.73],[-64.76,54.73],[-64.75,54.73],[-64.74,54.73],[-64.73,54.72],[-64.72,54.72],[-64.71,54.72],[-64.69,54.72],[-64.68,54.73],[-64.67,54.73],[-64.66,54.73],[-64.65,54.73],[-64.63,54.73],[-64.62,54.72],[-64.61,54.72],[-64.6,54.72],[-64.59,54.72],[-64.58,54.72],[-64.57,54.72],[-64.56,54.72],[-64.55,54.72],[-64.54,54.72],[-64.54,54.73],[-64.55,54.74],[-64.55,54.75],[-64.54,54.75],[-64.53,54.75],[-64.52,54.75],[-64.51,54.75],[-64.5,54.75],[-64.49,54.75],[-64.48,54.75],[-64.48,54.76],[-64.47,54.76],[-64.47,54.77],[-64.48,54.78],[-64.48,54.79],[-64.47,54.79],[-64.46,54.79],[-64.45,54.79],[-64.44,54.79],[-64.42,54.79],[-64.41,54.79],[-64.39,54.79],[-64.38,54.78],[-64.37,54.78],[-64.36,54.78],[-64.35,54.78],[-64.33,54.78],[-64.33,54.77],[-64.32,54.77],[-64.32,54.76],[-64.31,54.75],[-64.31,54.74],[-64.3,54.74],[-64.3,54.73],[-64.29,54.73],[-64.28,54.73],[-64.27,54.73],[-64.25,54.73],[-64.24,54.72],[-64.23,54.72],[-64.22,54.72],[-64.21,54.72],[-64.2,54.72],[-64.19,54.72],[-64.19,54.71],[-64.19,54.7],[-64.18,54.7],[-64.18,54.69],[-64.17,54.69],[-64.16,54.68],[-64.15,54.67],[-64.14,54.67],[-64.13,54.66],[-64.12,54.65],[-64.11,54.64],[-64.12,54.63],[-64.12,54.62],[-64.11,54.61],[-64.1,54.61],[-64.09,54.61],[-64.08,54.61],[-64.07,54.61],[-64.06,54.61],[-64.06,54.6],[-64.05,54.6],[-64.04,54.6],[-64.03,54.6],[-64.02,54.6],[-64.01,54.6],[-64,54.6],[-63.99,54.6],[-63.97,54.61],[-63.95,54.61],[-63.94,54.61],[-63.93,54.6],[-63.92,54.6],[-63.91,54.6],[-63.9,54.6],[-63.89,54.61],[-63.88,54.61],[-63.88,54.62],[-63.87,54.62],[-63.86,54.62],[-63.85,54.63],[-63.84,54.63],[-63.83,54.63],[-63.82,54.63],[-63.81,54.64],[-63.8,54.64],[-63.79,54.64],[-63.78,54.64],[-63.77,54.64],[-63.76,54.63],[-63.75,54.63],[-63.74,54.63],[-63.73,54.63],[-63.73,54.64],[-63.72,54.64],[-63.72,54.65],[-63.73,54.65],[-63.73,54.66],[-63.74,54.66],[-63.75,54.67],[-63.76,54.68],[-63.77,54.69],[-63.78,54.7],[-63.79,54.71],[-63.8,54.71],[-63.8,54.72],[-63.81,54.72],[-63.83,54.73],[-63.84,54.74],[-63.85,54.74],[-63.86,54.75],[-63.87,54.75],[-63.88,54.75],[-63.89,54.75],[-63.9,54.76],[-63.91,54.76],[-63.92,54.76],[-63.92,54.77],[-63.93,54.77],[-63.92,54.78],[-63.91,54.79],[-63.9,54.8],[-63.89,54.81],[-63.87,54.81],[-63.86,54.81],[-63.85,54.81],[-63.84,54.81],[-63.83,54.81],[-63.83,54.82],[-63.83,54.83],[-63.83,54.84],[-63.84,54.85],[-63.84,54.86],[-63.84,54.87],[-63.84,54.88],[-63.84,54.89],[-63.84,54.9],[-63.83,54.91],[-63.82,54.91],[-63.81,54.91],[-63.81,54.92],[-63.82,54.92],[-63.83,54.93],[-63.83,54.94],[-63.82,54.94],[-63.82,54.95],[-63.8,54.95],[-63.78,54.95],[-63.77,54.95],[-63.76,54.95],[-63.75,54.94],[-63.74,54.94],[-63.73,54.93],[-63.72,54.93],[-63.71,54.92],[-63.7,54.91],[-63.68,54.91],[-63.67,54.91],[-63.66,54.9],[-63.65,54.9],[-63.63,54.9],[-63.62,54.91],[-63.61,54.91],[-63.6,54.91],[-63.6,54.92],[-63.59,54.92],[-63.59,54.93],[-63.59,54.94],[-63.59,54.95],[-63.6,54.95],[-63.6,54.96],[-63.59,54.96],[-63.58,54.97],[-63.57,54.97],[-63.57,54.98],[-63.57,54.99],[-63.58,54.99],[-63.58,55],[-63.58,55.01],[-63.59,55.01],[-63.6,55.02],[-63.59,55.02],[-63.59,55.03],[-63.59,55.04],[-63.58,55.05],[-63.59,55.05],[-63.59,55.06],[-63.6,55.06],[-63.6,55.07],[-63.61,55.07],[-63.62,55.07],[-63.62,55.08],[-63.61,55.08],[-63.61,55.09],[-63.61,55.1],[-63.6,55.11],[-63.6,55.12],[-63.59,55.13],[-63.59,55.14],[-63.58,55.14],[-63.57,55.15],[-63.56,55.15],[-63.55,55.16],[-63.54,55.16],[-63.53,55.17],[-63.53,55.18],[-63.54,55.18],[-63.56,55.19],[-63.55,55.19],[-63.54,55.2],[-63.53,55.2],[-63.52,55.2],[-63.51,55.2],[-63.5,55.2],[-63.49,55.2],[-63.48,55.2],[-63.46,55.2],[-63.45,55.21],[-63.44,55.21],[-63.44,55.22],[-63.43,55.23],[-63.42,55.23],[-63.42,55.24],[-63.42,55.25],[-63.43,55.26],[-63.44,55.26],[-63.45,55.26],[-63.46,55.26],[-63.47,55.25],[-63.48,55.25],[-63.49,55.25],[-63.5,55.24],[-63.51,55.24],[-63.52,55.24],[-63.53,55.24],[-63.54,55.24],[-63.55,55.24],[-63.56,55.24],[-63.57,55.24],[-63.57,55.25],[-63.58,55.25],[-63.59,55.25],[-63.61,55.25],[-63.62,55.26],[-63.64,55.26],[-63.65,55.26],[-63.66,55.26],[-63.67,55.26],[-63.67,55.27],[-63.67,55.28],[-63.66,55.29],[-63.65,55.29],[-63.63,55.3],[-63.62,55.3],[-63.61,55.3],[-63.6,55.3],[-63.58,55.3],[-63.57,55.3],[-63.55,55.3],[-63.54,55.3],[-63.54,55.31],[-63.53,55.31],[-63.54,55.32],[-63.55,55.32],[-63.56,55.32],[-63.57,55.33],[-63.58,55.33],[-63.59,55.34],[-63.58,55.34],[-63.56,55.34],[-63.54,55.35],[-63.53,55.35],[-63.51,55.35],[-63.5,55.35],[-63.48,55.35],[-63.46,55.35],[-63.45,55.35],[-63.43,55.35],[-63.42,55.35],[-63.41,55.35],[-63.4,55.35],[-63.39,55.36],[-63.38,55.36],[-63.36,55.37],[-63.35,55.37],[-63.34,55.37],[-63.33,55.38],[-63.33,55.39],[-63.33,55.4],[-63.34,55.4],[-63.35,55.41],[-63.36,55.41],[-63.37,55.42],[-63.38,55.42],[-63.4,55.41],[-63.41,55.41],[-63.42,55.41],[-63.43,55.41],[-63.44,55.42],[-63.45,55.42],[-63.46,55.42],[-63.48,55.42],[-63.49,55.42],[-63.5,55.43],[-63.52,55.43],[-63.53,55.43],[-63.55,55.42],[-63.56,55.42],[-63.57,55.43],[-63.58,55.43],[-63.6,55.43],[-63.61,55.43],[-63.62,55.43],[-63.63,55.43],[-63.65,55.43],[-63.66,55.43],[-63.67,55.43],[-63.68,55.43],[-63.69,55.43],[-63.7,55.44],[-63.71,55.44],[-63.72,55.44],[-63.73,55.44],[-63.74,55.44],[-63.74,55.45],[-63.76,55.45],[-63.77,55.45],[-63.77,55.46],[-63.78,55.46],[-63.79,55.47],[-63.79,55.48],[-63.78,55.48],[-63.77,55.48],[-63.76,55.49],[-63.75,55.49],[-63.73,55.49],[-63.73,55.5],[-63.72,55.5],[-63.71,55.51],[-63.7,55.51],[-63.7,55.52],[-63.69,55.52],[-63.68,55.53],[-63.68,55.54],[-63.68,55.55],[-63.68,55.56],[-63.68,55.57],[-63.69,55.58],[-63.68,55.59],[-63.68,55.6],[-63.68,55.61],[-63.68,55.62],[-63.68,55.63],[-63.67,55.64],[-63.66,55.64],[-63.65,55.64],[-63.64,55.64],[-63.64,55.65],[-63.65,55.66],[-63.66,55.66],[-63.67,55.66],[-63.69,55.66],[-63.7,55.66],[-63.71,55.66],[-63.72,55.66],[-63.72,55.67],[-63.73,55.66],[-63.75,55.66],[-63.77,55.66],[-63.76,55.66],[-63.76,55.67],[-63.75,55.67],[-63.74,55.67],[-63.74,55.68],[-63.73,55.68],[-63.73,55.69],[-63.72,55.7],[-63.72,55.71],[-63.72,55.72],[-63.72,55.73],[-63.72,55.74],[-63.71,55.75],[-63.7,55.75],[-63.69,55.75],[-63.68,55.76],[-63.67,55.76],[-63.66,55.77],[-63.66,55.78],[-63.66,55.79],[-63.67,55.79],[-63.68,55.79],[-63.69,55.79],[-63.71,55.79],[-63.72,55.79],[-63.73,55.79],[-63.75,55.79],[-63.76,55.79],[-63.76,55.8],[-63.77,55.8],[-63.77,55.81],[-63.78,55.81],[-63.78,55.82],[-63.77,55.83],[-63.77,55.84],[-63.78,55.85],[-63.79,55.86],[-63.8,55.87],[-63.82,55.87],[-63.83,55.88],[-63.84,55.88],[-63.84,55.89],[-63.83,55.9],[-63.83,55.91],[-63.84,55.91],[-63.86,55.92],[-63.85,55.93],[-63.84,55.93],[-63.82,55.93],[-63.81,55.93],[-63.8,55.93],[-63.78,55.94],[-63.77,55.94],[-63.76,55.94],[-63.74,55.94],[-63.73,55.94],[-63.72,55.95],[-63.71,55.95],[-63.7,55.95],[-63.69,55.96],[-63.68,55.96],[-63.67,55.97],[-63.66,55.97],[-63.65,55.97],[-63.63,55.98],[-63.62,55.98],[-63.6,55.98],[-63.59,55.99],[-63.57,55.99],[-63.56,56],[-63.55,56],[-63.53,56],[-63.52,56.01],[-63.51,56.01],[-63.5,56],[-63.49,56],[-63.48,55.99],[-63.47,55.99],[-63.47,56],[-63.47,56.01],[-63.46,56.02],[-63.46,56.03],[-63.47,56.03],[-63.48,56.04],[-63.49,56.04],[-63.5,56.04],[-63.51,56.04],[-63.52,56.04],[-63.53,56.04],[-63.54,56.04],[-63.55,56.04],[-63.56,56.03],[-63.58,56.03],[-63.59,56.03],[-63.6,56.03],[-63.61,56.03],[-63.62,56.03],[-63.63,56.03],[-63.64,56.03],[-63.65,56.03],[-63.66,56.04],[-63.67,56.04],[-63.69,56.05],[-63.7,56.06],[-63.7,56.07],[-63.71,56.07],[-63.72,56.07],[-63.73,56.07],[-63.74,56.07],[-63.76,56.06],[-63.77,56.06],[-63.78,56.05],[-63.8,56.05],[-63.81,56.05],[-63.83,56.05],[-63.83,56.06],[-63.82,56.06],[-63.82,56.07],[-63.83,56.08],[-63.83,56.09],[-63.84,56.1],[-63.85,56.1],[-63.85,56.11],[-63.86,56.11],[-63.87,56.1],[-63.88,56.09],[-63.88,56.1],[-63.88,56.11],[-63.87,56.12],[-63.87,56.13],[-63.88,56.13],[-63.89,56.13],[-63.9,56.12],[-63.91,56.12],[-63.92,56.12],[-63.93,56.12],[-63.93,56.11],[-63.94,56.11],[-63.94,56.1],[-63.95,56.09],[-63.96,56.08],[-63.97,56.08],[-63.98,56.08],[-64,56.07],[-64.01,56.07],[-64.02,56.08],[-64.03,56.08],[-64.03,56.09],[-64.03,56.1],[-64.02,56.11],[-64.02,56.12],[-64.02,56.13],[-64.02,56.14],[-64.02,56.16],[-64.02,56.17],[-64.01,56.17],[-64,56.18],[-63.99,56.18],[-63.98,56.18],[-63.97,56.18],[-63.97,56.19],[-63.95,56.19],[-63.94,56.19],[-63.92,56.2],[-63.91,56.2],[-63.9,56.2],[-63.89,56.2],[-63.88,56.21],[-63.87,56.22],[-63.88,56.23],[-63.89,56.23],[-63.9,56.23],[-63.91,56.23],[-63.92,56.24],[-63.92,56.25],[-63.92,56.26],[-63.93,56.26],[-63.94,56.26],[-63.95,56.26],[-63.96,56.26],[-63.97,56.26],[-63.98,56.26],[-63.99,56.27],[-64,56.27],[-64.01,56.27],[-64.02,56.27],[-64.03,56.26],[-64.05,56.26],[-64.06,56.26],[-64.08,56.26],[-64.09,56.27],[-64.1,56.27],[-64.11,56.28],[-64.11,56.29],[-64.12,56.3],[-64.13,56.3],[-64.13,56.31],[-64.14,56.31],[-64.13,56.32],[-64.12,56.32],[-64.11,56.33],[-64.11,56.34],[-64.11,56.35],[-64.11,56.36],[-64.1,56.36],[-64.11,56.37],[-64.11,56.38],[-64.12,56.39],[-64.13,56.4],[-64.14,56.41],[-64.16,56.41],[-64.17,56.41],[-64.18,56.42],[-64.19,56.42],[-64.19,56.43],[-64.18,56.43],[-64.17,56.43],[-64.16,56.43],[-64.15,56.43],[-64.14,56.43],[-64.13,56.43],[-64.12,56.43],[-64.11,56.43],[-64.1,56.43],[-64.09,56.43],[-64.08,56.43],[-64.07,56.43],[-64.06,56.42],[-64.05,56.42],[-64.04,56.42],[-64.03,56.42],[-64.02,56.42],[-64.01,56.42],[-64,56.42],[-63.99,56.42],[-63.98,56.42],[-63.97,56.42],[-63.96,56.43],[-63.95,56.43],[-63.94,56.43],[-63.93,56.44],[-63.92,56.44],[-63.91,56.44],[-63.9,56.44],[-63.89,56.44],[-63.88,56.45],[-63.88,56.46],[-63.89,56.46],[-63.89,56.47],[-63.9,56.47],[-63.91,56.48],[-63.92,56.48],[-63.93,56.48],[-63.94,56.48],[-63.95,56.48],[-63.95,56.49],[-63.96,56.5],[-63.95,56.51],[-63.95,56.52],[-63.95,56.53],[-63.95,56.54],[-63.95,56.55],[-63.96,56.55],[-63.97,56.56],[-63.98,56.57],[-63.99,56.57],[-63.99,56.58],[-64,56.59],[-64.01,56.6],[-64.02,56.6],[-64.03,56.6],[-64.04,56.6],[-64.05,56.6],[-64.06,56.6],[-64.06,56.61],[-64.05,56.61],[-64.05,56.62],[-64.04,56.63],[-64.04,56.64],[-64.03,56.65],[-64.04,56.65],[-64.04,56.66],[-64.05,56.66],[-64.06,56.66],[-64.07,56.66],[-64.08,56.65],[-64.09,56.65],[-64.1,56.66],[-64.11,56.66],[-64.11,56.67],[-64.11,56.68],[-64.12,56.68],[-64.13,56.69],[-64.14,56.69],[-64.15,56.7],[-64.14,56.7],[-64.14,56.71],[-64.13,56.72],[-64.12,56.73],[-64.11,56.73],[-64.1,56.74],[-64.09,56.74],[-64.08,56.75],[-64.08,56.76],[-64.07,56.77],[-64.06,56.77],[-64.05,56.77],[-64.04,56.77],[-64.03,56.77],[-64.02,56.78],[-64.01,56.79],[-64.01,56.8],[-64.01,56.81],[-64.01,56.82],[-64.02,56.83],[-64.02,56.84],[-64.02,56.85],[-64.01,56.85],[-64.01,56.86],[-64,56.86],[-63.99,56.87],[-63.98,56.87],[-63.97,56.87],[-63.96,56.87],[-63.95,56.87],[-63.94,56.87],[-63.93,56.87],[-63.92,56.87],[-63.91,56.87],[-63.91,56.88],[-63.9,56.88],[-63.88,56.88],[-63.87,56.87],[-63.86,56.87],[-63.85,56.88],[-63.85,56.89],[-63.86,56.89],[-63.87,56.9],[-63.88,56.9],[-63.89,56.9],[-63.9,56.9],[-63.91,56.9],[-63.91,56.91],[-63.91,56.92],[-63.91,56.93],[-63.91,56.94],[-63.91,56.95],[-63.92,56.97],[-63.92,56.98],[-63.91,56.98],[-63.91,56.99],[-63.9,56.99],[-63.89,56.99],[-63.88,56.99],[-63.87,57],[-63.88,57],[-63.88,57.01],[-63.89,57.02],[-63.89,57.03],[-63.89,57.04],[-63.89,57.05],[-63.9,57.06],[-63.9,57.08],[-63.9,57.09],[-63.89,57.09],[-63.88,57.09],[-63.86,57.08],[-63.84,57.08],[-63.83,57.08],[-63.82,57.08],[-63.81,57.09],[-63.8,57.09],[-63.8,57.1],[-63.8,57.11],[-63.79,57.12],[-63.78,57.12],[-63.77,57.13],[-63.77,57.14],[-63.78,57.15],[-63.79,57.16],[-63.79,57.17],[-63.78,57.18],[-63.78,57.19],[-63.77,57.19],[-63.77,57.2],[-63.76,57.21],[-63.75,57.21],[-63.75,57.22],[-63.75,57.23],[-63.74,57.24],[-63.75,57.25],[-63.76,57.25],[-63.78,57.26],[-63.79,57.26],[-63.8,57.26],[-63.82,57.26],[-63.83,57.25],[-63.83,57.24],[-63.84,57.23],[-63.86,57.22],[-63.87,57.21],[-63.88,57.2],[-63.89,57.2],[-63.89,57.21],[-63.88,57.22],[-63.88,57.23],[-63.88,57.24],[-63.89,57.25],[-63.89,57.26],[-63.89,57.27],[-63.88,57.28],[-63.88,57.29],[-63.88,57.3],[-63.87,57.31],[-63.87,57.33],[-63.85,57.34],[-63.84,57.34],[-63.83,57.33],[-63.81,57.33],[-63.8,57.33],[-63.81,57.34],[-63.8,57.34],[-63.79,57.35],[-63.78,57.35],[-63.77,57.35],[-63.77,57.36],[-63.76,57.36],[-63.74,57.36],[-63.73,57.37],[-63.72,57.38],[-63.72,57.4],[-63.73,57.41],[-63.73,57.42],[-63.74,57.42],[-63.75,57.43],[-63.76,57.44],[-63.77,57.45],[-63.77,57.47],[-63.77,57.48],[-63.77,57.49],[-63.77,57.5],[-63.77,57.51],[-63.76,57.52],[-63.76,57.53],[-63.75,57.54],[-63.75,57.55],[-63.76,57.56],[-63.77,57.57],[-63.78,57.58],[-63.78,57.59],[-63.79,57.59],[-63.79,57.6],[-63.77,57.6],[-63.76,57.6],[-63.75,57.6],[-63.73,57.6],[-63.71,57.6],[-63.7,57.6],[-63.69,57.6],[-63.68,57.61],[-63.67,57.61],[-63.65,57.62],[-63.64,57.63],[-63.63,57.64],[-63.62,57.64],[-63.61,57.65],[-63.61,57.66],[-63.61,57.67],[-63.61,57.68],[-63.61,57.69],[-63.61,57.7],[-63.61,57.71],[-63.61,57.72],[-63.6,57.73],[-63.6,57.74],[-63.61,57.75],[-63.62,57.74],[-63.63,57.74],[-63.64,57.73],[-63.65,57.74],[-63.66,57.74],[-63.67,57.73],[-63.67,57.72],[-63.67,57.71],[-63.68,57.7],[-63.68,57.69],[-63.69,57.68],[-63.7,57.67],[-63.71,57.67],[-63.72,57.66],[-63.73,57.66],[-63.74,57.66],[-63.74,57.67],[-63.75,57.68],[-63.76,57.69],[-63.76,57.7],[-63.77,57.71],[-63.78,57.71],[-63.79,57.7],[-63.8,57.69],[-63.81,57.69],[-63.82,57.7],[-63.83,57.71],[-63.84,57.71],[-63.85,57.71],[-63.86,57.71],[-63.87,57.71],[-63.88,57.71],[-63.89,57.72],[-63.9,57.72],[-63.9,57.73],[-63.91,57.74],[-63.91,57.75],[-63.91,57.76],[-63.91,57.77],[-63.91,57.78],[-63.92,57.79],[-63.91,57.8],[-63.92,57.8],[-63.93,57.8],[-63.94,57.8],[-63.95,57.8],[-63.96,57.79],[-63.98,57.8],[-63.99,57.81],[-64,57.81],[-64.01,57.81],[-64.02,57.8],[-64.02,57.79],[-64.03,57.78],[-64.06,57.76],[-64.07,57.77],[-64.08,57.78],[-64.09,57.78],[-64.1,57.79],[-64.11,57.8],[-64.11,57.81],[-64.12,57.81],[-64.13,57.82],[-64.13,57.83],[-64.13,57.84],[-64.14,57.84],[-64.14,57.85],[-64.14,57.86],[-64.15,57.87],[-64.15,57.88],[-64.15,57.89],[-64.16,57.9],[-64.16,57.91],[-64.16,57.92],[-64.17,57.92],[-64.18,57.93],[-64.19,57.93],[-64.19,57.94],[-64.19,57.95],[-64.2,57.96],[-64.21,57.97],[-64.22,57.98],[-64.23,57.98],[-64.23,57.99],[-64.23,58],[-64.23,58.01],[-64.23,58.02],[-64.23,58.03],[-64.24,58.03],[-64.24,58.04],[-64.25,58.04],[-64.26,58.05],[-64.27,58.05],[-64.29,58.05],[-64.3,58.05],[-64.31,58.06],[-64.32,58.06],[-64.34,58.06],[-64.36,58.06],[-64.37,58.06],[-64.38,58.06],[-64.39,58.06],[-64.41,58.06],[-64.42,58.06],[-64.43,58.07],[-64.44,58.08],[-64.44,58.09],[-64.44,58.1],[-64.43,58.11],[-64.43,58.12],[-64.43,58.13],[-64.44,58.14],[-64.44,58.15],[-64.43,58.16],[-64.43,58.17],[-64.42,58.17],[-64.41,58.18],[-64.4,58.19],[-64.39,58.2],[-64.38,58.2],[-64.37,58.2],[-64.37,58.21],[-64.36,58.21],[-64.34,58.21],[-64.33,58.21],[-64.32,58.21],[-64.3,58.21],[-64.28,58.21],[-64.27,58.22],[-64.26,58.22],[-64.25,58.23],[-64.24,58.24],[-64.23,58.24],[-64.23,58.25],[-64.23,58.26],[-64.22,58.27],[-64.21,58.28],[-64.2,58.29],[-64.19,58.3],[-64.19,58.31],[-64.18,58.32],[-64.18,58.33],[-64.19,58.34],[-64.19,58.35],[-64.18,58.35],[-64.17,58.36],[-64.15,58.36],[-64.14,58.36],[-64.13,58.36],[-64.11,58.37],[-64.1,58.37],[-64.09,58.37],[-64.08,58.37],[-64.07,58.36],[-64.06,58.36],[-64.05,58.36],[-64.03,58.36],[-64.01,58.36],[-64.02,58.36],[-64.02,58.37],[-64.02,58.38],[-64.03,58.39],[-64.03,58.4],[-64.03,58.41],[-64.03,58.42],[-64.02,58.43],[-64.01,58.43],[-64,58.44],[-63.99,58.44],[-63.98,58.44],[-63.97,58.44],[-63.95,58.44],[-63.94,58.44],[-63.93,58.44],[-63.92,58.44],[-63.91,58.43],[-63.9,58.42],[-63.89,58.42],[-63.88,58.42],[-63.88,58.43],[-63.86,58.43],[-63.86,58.44],[-63.86,58.45],[-63.85,58.45],[-63.85,58.46],[-63.83,58.47],[-63.82,58.47],[-63.82,58.48],[-63.82,58.49],[-63.83,58.49],[-63.84,58.49],[-63.85,58.49],[-63.85,58.5],[-63.86,58.5],[-63.86,58.51],[-63.86,58.52],[-63.86,58.53],[-63.86,58.54],[-63.87,58.55],[-63.87,58.56],[-63.88,58.57],[-63.89,58.57],[-63.9,58.58],[-63.91,58.58],[-63.92,58.58],[-63.93,58.57],[-63.94,58.57],[-63.95,58.56],[-63.95,58.55],[-63.95,58.54],[-63.96,58.53],[-63.97,58.53],[-63.98,58.52],[-63.99,58.52],[-64,58.52],[-64.01,58.52],[-64.02,58.52],[-64.03,58.52],[-64.04,58.52],[-64.05,58.53],[-64.06,58.53],[-64.07,58.54],[-64.08,58.55],[-64.09,58.55],[-64.11,58.56],[-64.11,58.57],[-64.11,58.58],[-64.11,58.59],[-64.11,58.6],[-64.12,58.61],[-64.12,58.62],[-64.11,58.63],[-64.09,58.64],[-64.08,58.65],[-64.08,58.66],[-64.07,58.66],[-64.07,58.67],[-64.06,58.68],[-64.05,58.68],[-64.05,58.69],[-64.04,58.69],[-64.03,58.69],[-64.02,58.69],[-64.01,58.69],[-64,58.69],[-63.99,58.69],[-63.98,58.69],[-63.97,58.69],[-63.96,58.69],[-63.95,58.7],[-63.94,58.7],[-63.93,58.7],[-63.92,58.7],[-63.9,58.71],[-63.89,58.71],[-63.88,58.71],[-63.87,58.71],[-63.86,58.7],[-63.85,58.7],[-63.84,58.7],[-63.83,58.7],[-63.81,58.7],[-63.8,58.7],[-63.79,58.7],[-63.78,58.7],[-63.77,58.71],[-63.76,58.71],[-63.75,58.71],[-63.74,58.7],[-63.72,58.7],[-63.71,58.71],[-63.7,58.71],[-63.69,58.71],[-63.67,58.72],[-63.66,58.72],[-63.64,58.72],[-63.63,58.72],[-63.61,58.73],[-63.59,58.73],[-63.56,58.73],[-63.55,58.73],[-63.53,58.73],[-63.52,58.74],[-63.51,58.74],[-63.49,58.74],[-63.48,58.75],[-63.48,58.76],[-63.47,58.76],[-63.47,58.77],[-63.48,58.77],[-63.48,58.78],[-63.49,58.78],[-63.5,58.78],[-63.51,58.79],[-63.52,58.79],[-63.53,58.8],[-63.54,58.8],[-63.54,58.81],[-63.55,58.82],[-63.55,58.83],[-63.56,58.84],[-63.57,58.84],[-63.58,58.84],[-63.59,58.85],[-63.6,58.85],[-63.62,58.85],[-63.63,58.85],[-63.64,58.85],[-63.66,58.85],[-63.66,58.86],[-63.66,58.87],[-63.67,58.87],[-63.69,58.88],[-63.7,58.88],[-63.72,58.88],[-63.73,58.88],[-63.74,58.88],[-63.76,58.88],[-63.77,58.89],[-63.78,58.88],[-63.78,58.87],[-63.79,58.87],[-63.79,58.86],[-63.8,58.85],[-63.81,58.85],[-63.82,58.85],[-63.83,58.85],[-63.84,58.84],[-63.85,58.84],[-63.86,58.84],[-63.87,58.84],[-63.88,58.83],[-63.89,58.83],[-63.91,58.83],[-63.92,58.83],[-63.93,58.82],[-63.94,58.82],[-63.96,58.82],[-63.97,58.82],[-63.98,58.83],[-63.99,58.82],[-64,58.82],[-64.02,58.81],[-64.03,58.81],[-64.04,58.81],[-64.05,58.8],[-64.06,58.79],[-64.06,58.78],[-64.07,58.78],[-64.07,58.77],[-64.08,58.77],[-64.09,58.76],[-64.1,58.75],[-64.11,58.75],[-64.12,58.75],[-64.13,58.75],[-64.14,58.75],[-64.16,58.75],[-64.17,58.76],[-64.18,58.76],[-64.19,58.76],[-64.2,58.77],[-64.21,58.77],[-64.21,58.78],[-64.22,58.78],[-64.23,58.79],[-64.25,58.79],[-64.25,58.8],[-64.25,58.81],[-64.24,58.82],[-64.24,58.83],[-64.24,58.84],[-64.24,58.85],[-64.24,58.86],[-64.25,58.86],[-64.25,58.87],[-64.26,58.87],[-64.26,58.88],[-64.27,58.88],[-64.28,58.89],[-64.29,58.89],[-64.3,58.9],[-64.31,58.9],[-64.32,58.9],[-64.33,58.9],[-64.35,58.91],[-64.36,58.91],[-64.38,58.91],[-64.39,58.91],[-64.4,58.91],[-64.42,58.91],[-64.43,58.91],[-64.44,58.9],[-64.45,58.9],[-64.47,58.9],[-64.47,58.91],[-64.48,58.91],[-64.5,58.91],[-64.51,58.91],[-64.52,58.91],[-64.53,58.91],[-64.53,58.9],[-64.54,58.9],[-64.55,58.9],[-64.56,58.9],[-64.57,58.9],[-64.58,58.91],[-64.6,58.91],[-64.61,58.91],[-64.62,58.91],[-64.63,58.92],[-64.64,58.92],[-64.65,58.92],[-64.66,58.93],[-64.67,58.94],[-64.68,58.94],[-64.69,58.95],[-64.7,58.95],[-64.72,58.95],[-64.72,58.96],[-64.74,58.95],[-64.75,58.95],[-64.76,58.95],[-64.77,58.95],[-64.78,58.94],[-64.79,58.94],[-64.8,58.94],[-64.81,58.93],[-64.83,58.93],[-64.84,58.93],[-64.85,58.92],[-64.86,58.93],[-64.86,58.94],[-64.87,58.95],[-64.87,58.96],[-64.87,58.97],[-64.87,58.98],[-64.88,58.99],[-64.89,59],[-64.9,59.01],[-64.9,59.02],[-64.89,59.03],[-64.89,59.04],[-64.88,59.05],[-64.87,59.05],[-64.86,59.06],[-64.85,59.07],[-64.84,59.07],[-64.83,59.07],[-64.82,59.07],[-64.81,59.08],[-64.8,59.08],[-64.79,59.08],[-64.78,59.08],[-64.77,59.08],[-64.76,59.08],[-64.75,59.08],[-64.74,59.08],[-64.73,59.08],[-64.72,59.07],[-64.71,59.06],[-64.71,59.05],[-64.7,59.04],[-64.69,59.04],[-64.68,59.04],[-64.67,59.04],[-64.66,59.04],[-64.65,59.03],[-64.64,59.03],[-64.63,59.03],[-64.62,59.03],[-64.61,59.02],[-64.6,59.02],[-64.59,59.02],[-64.58,59.02],[-64.57,59.02],[-64.56,59.02],[-64.55,59.01],[-64.54,59.01],[-64.53,59.01],[-64.52,59],[-64.51,59],[-64.5,59],[-64.49,59],[-64.48,59],[-64.47,59],[-64.46,59],[-64.45,59],[-64.44,59],[-64.42,59],[-64.41,59],[-64.39,59],[-64.37,59],[-64.36,59],[-64.34,59.01],[-64.33,59.01],[-64.32,59.01],[-64.31,59.02],[-64.31,59.03],[-64.31,59.04],[-64.32,59.04],[-64.32,59.05],[-64.33,59.05],[-64.34,59.06],[-64.35,59.06],[-64.36,59.07],[-64.37,59.07],[-64.38,59.08],[-64.39,59.09],[-64.4,59.1],[-64.42,59.1],[-64.43,59.1],[-64.44,59.1],[-64.45,59.1],[-64.46,59.1],[-64.47,59.1],[-64.48,59.1],[-64.49,59.1],[-64.5,59.1],[-64.51,59.1],[-64.52,59.11],[-64.52,59.12],[-64.52,59.13],[-64.52,59.14],[-64.51,59.15],[-64.51,59.16],[-64.51,59.17],[-64.51,59.18],[-64.52,59.19],[-64.52,59.18],[-64.53,59.18],[-64.53,59.17],[-64.54,59.17],[-64.55,59.17],[-64.56,59.17],[-64.56,59.18],[-64.55,59.19],[-64.55,59.2],[-64.54,59.21],[-64.54,59.22],[-64.53,59.23],[-64.53,59.24],[-64.53,59.25],[-64.53,59.26],[-64.53,59.27],[-64.54,59.28],[-64.54,59.29],[-64.55,59.29],[-64.56,59.3],[-64.57,59.31],[-64.57,59.32],[-64.56,59.33],[-64.55,59.34],[-64.55,59.35],[-64.54,59.36],[-64.54,59.37],[-64.55,59.37],[-64.56,59.37],[-64.56,59.38],[-64.57,59.38],[-64.57,59.39],[-64.57,59.4],[-64.56,59.4],[-64.56,59.41],[-64.55,59.41],[-64.54,59.41],[-64.52,59.42],[-64.51,59.42],[-64.5,59.43],[-64.51,59.44],[-64.52,59.45],[-64.51,59.46],[-64.5,59.47],[-64.49,59.47],[-64.48,59.47],[-64.47,59.48],[-64.46,59.48],[-64.45,59.48],[-64.43,59.48],[-64.42,59.49],[-64.4,59.49],[-64.39,59.49],[-64.39,59.5],[-64.38,59.5],[-64.38,59.51],[-64.39,59.51],[-64.39,59.52],[-64.4,59.53],[-64.41,59.53],[-64.42,59.53],[-64.43,59.53],[-64.44,59.54],[-64.46,59.54],[-64.47,59.55],[-64.48,59.55],[-64.49,59.55],[-64.5,59.55],[-64.51,59.55],[-64.52,59.54],[-64.53,59.53],[-64.53,59.52],[-64.54,59.51],[-64.55,59.51],[-64.56,59.51],[-64.57,59.51],[-64.58,59.5],[-64.59,59.5],[-64.6,59.5],[-64.61,59.49],[-64.62,59.49],[-64.63,59.48],[-64.64,59.48],[-64.65,59.47],[-64.66,59.47],[-64.67,59.47],[-64.68,59.47],[-64.69,59.47],[-64.7,59.47],[-64.72,59.46],[-64.73,59.46],[-64.74,59.46],[-64.75,59.47],[-64.76,59.47],[-64.77,59.48],[-64.78,59.48],[-64.79,59.49],[-64.79,59.5],[-64.8,59.51],[-64.8,59.52],[-64.81,59.53],[-64.82,59.53],[-64.83,59.53],[-64.85,59.53],[-64.86,59.54],[-64.86,59.55],[-64.87,59.55],[-64.87,59.56],[-64.88,59.56],[-64.88,59.57],[-64.87,59.57],[-64.87,59.58],[-64.86,59.58],[-64.86,59.59],[-64.85,59.59],[-64.85,59.6],[-64.85,59.62],[-64.85,59.63],[-64.85,59.64],[-64.85,59.65],[-64.84,59.66],[-64.84,59.67],[-64.83,59.67],[-64.83,59.68],[-64.82,59.69],[-64.81,59.69],[-64.81,59.7],[-64.8,59.71],[-64.8,59.72],[-64.81,59.73],[-64.82,59.73],[-64.83,59.73],[-64.84,59.74],[-64.84,59.75],[-64.84,59.76],[-64.83,59.76],[-64.83,59.77],[-64.83,59.78],[-64.84,59.78],[-64.86,59.79],[-64.86,59.8],[-64.85,59.8],[-64.84,59.81],[-64.84,59.82],[-64.84,59.83],[-64.85,59.83],[-64.86,59.83],[-64.87,59.84],[-64.86,59.85],[-64.85,59.85],[-64.84,59.85],[-64.83,59.85],[-64.82,59.86],[-64.81,59.86],[-64.79,59.86],[-64.78,59.86],[-64.78,59.87],[-64.79,59.87],[-64.8,59.88],[-64.81,59.88],[-64.81,59.89],[-64.8,59.89],[-64.79,59.9],[-64.78,59.9],[-64.77,59.9],[-64.76,59.9],[-64.75,59.9],[-64.74,59.9],[-64.73,59.9],[-64.72,59.91],[-64.71,59.9],[-64.7,59.91],[-64.69,59.91],[-64.68,59.92],[-64.67,59.92],[-64.67,59.93],[-64.67,59.94],[-64.67,59.95],[-64.67,59.96],[-64.68,59.96],[-64.69,59.96],[-64.7,59.96],[-64.71,59.96],[-64.72,59.97],[-64.74,59.97],[-64.75,59.97],[-64.76,59.98],[-64.77,59.98],[-64.78,59.99],[-64.8,59.99],[-64.81,59.99],[-64.82,59.99],[-64.83,59.99],[-64.85,59.99],[-64.86,59.99],[-64.87,59.99],[-64.88,59.99],[-64.89,59.99],[-64.9,59.99],[-64.9,60],[-64.9,60.01],[-64.9,60.02],[-64.9,60.03],[-64.89,60.03],[-64.9,60.04],[-64.9,60.05],[-64.91,60.06],[-64.91,60.07],[-64.9,60.07],[-64.89,60.07],[-64.88,60.07],[-64.87,60.07],[-64.86,60.06],[-64.85,60.06],[-64.83,60.06],[-64.82,60.06],[-64.81,60.06],[-64.79,60.06],[-64.78,60.06],[-64.77,60.06],[-64.76,60.06],[-64.75,60.07],[-64.74,60.08],[-64.73,60.08],[-64.73,60.09],[-64.73,60.1],[-64.74,60.1],[-64.74,60.11],[-64.75,60.11],[-64.75,60.12],[-64.74,60.12],[-64.73,60.12],[-64.72,60.12],[-64.7,60.12],[-64.69,60.12],[-64.68,60.12],[-64.67,60.11],[-64.66,60.11],[-64.65,60.11],[-64.63,60.12],[-64.62,60.12],[-64.61,60.12],[-64.61,60.13],[-64.6,60.13],[-64.6,60.14],[-64.61,60.15],[-64.61,60.16],[-64.62,60.16],[-64.63,60.17],[-64.64,60.17],[-64.65,60.18],[-64.66,60.18],[-64.67,60.19],[-64.68,60.19],[-64.7,60.19],[-64.72,60.19],[-64.73,60.19],[-64.75,60.18],[-64.76,60.18],[-64.76,60.19],[-64.76,60.2],[-64.77,60.2],[-64.77,60.21],[-64.78,60.21],[-64.8,60.22],[-64.81,60.22],[-64.82,60.22],[-64.83,60.22]]]]}},{"type":"Feature","properties":{"NAME":"Prince Edward Island","CODE":"CA09"},"geometry":{"type":"Polygon","coordinates":[[[-62.85,45.98],[-62.92,45.98],[-62.98,46.04],[-63.08,46.08],[-63.08,46.1],[-63,46.11],[-62.96,46.13],[-62.97,46.14],[-63.02,46.16],[-63.06,46.2],[-63.12,46.2],[-63.2,46.23],[-63.22,46.2],[-63.22,46.18],[-63.26,46.16],[-63.62,46.23],[-63.74,46.26],[-63.88,46.32],[-63.9,46.34],[-63.9,46.38],[-64,46.41],[-64.06,46.39],[-64.2,46.44],[-64.21,46.47],[-64.17,46.55],[-64.17,46.58],[-64.18,46.6],[-64.22,46.6],[-64.25,46.59],[-64.33,46.62],[-64.37,46.62],[-64.41,46.62],[-64.44,46.62],[-64.46,46.68],[-64.45,46.7],[-64.38,46.75],[-64.34,46.82],[-64.27,46.9],[-64.19,46.96],[-64.17,47],[-64.07,47.05],[-64.05,47.03],[-64.06,46.99],[-64.03,46.92],[-64.14,46.74],[-64.13,46.73],[-64.09,46.72],[-64.06,46.72],[-64.02,46.7],[-63.96,46.62],[-63.95,46.57],[-63.96,46.54],[-63.94,46.52],[-63.89,46.5],[-63.86,46.48],[-63.81,46.46],[-63.79,46.47],[-63.77,46.49],[-63.77,46.55],[-63.72,46.57],[-63.58,46.53],[-63.47,46.53],[-63.42,46.52],[-63.36,46.48],[-63.06,46.41],[-63.04,46.42],[-63.01,46.44],[-62.95,46.46],[-62.88,46.47],[-62.76,46.46],[-62.67,46.49],[-62.43,46.49],[-62.18,46.51],[-62.12,46.5],[-62.07,46.49],[-62.07,46.48],[-62.09,46.45],[-62.18,46.42],[-62.29,46.36],[-62.45,46.31],[-62.47,46.25],[-62.55,46.2],[-62.57,46.17],[-62.56,46.15],[-62.51,46.13],[-62.54,46.08],[-62.53,46.06],[-62.5,46.04],[-62.5,46.02],[-62.52,46.01],[-62.57,46.01],[-62.72,45.97],[-62.79,45.98],[-62.84,45.98],[-62.85,45.98]]]}},{"type":"Feature","properties":{"NAME":"Nova Scotia","CODE":"CA07"},"geometry":{"type":"MultiPolygon","coordinates":[[[[-63.93,46],[-63.86,45.96],[-63.74,45.93],[-63.64,45.92],[-63.53,45.92],[-63.48,45.91],[-63.45,45.87],[-63.38,45.85],[-63.31,45.84],[-63.27,45.83],[-63.26,45.81],[-63.27,45.8],[-63.25,45.77],[-63.23,45.77],[-63.18,45.78],[-63.15,45.81],[-63.09,45.82],[-62.95,45.8],[-62.77,45.81],[-62.72,45.8],[-62.61,45.75],[-62.59,45.73],[-62.6,45.71],[-62.66,45.69],[-62.67,45.66],[-62.65,45.65],[-62.52,45.68],[-62.42,45.65],[-62.4,45.65],[-62.35,45.69],[-62.17,45.73],[-62,45.83],[-61.92,45.89],[-61.89,45.89],[-61.87,45.85],[-61.88,45.84],[-61.86,45.78],[-61.89,45.71],[-61.88,45.67],[-61.79,45.68],[-61.66,45.66],[-61.52,45.7],[-61.47,45.7],[-61.39,45.67],[-61.22,45.56],[-61.21,45.54],[-61.22,45.5],[-61.39,45.45],[-61.43,45.42],[-61.42,45.4],[-61.24,45.37],[-61.14,45.38],[-61.09,45.39],[-61.01,45.4],[-60.94,45.38],[-60.93,45.36],[-60.95,45.34],[-61.03,45.31],[-61.13,45.33],[-61.15,45.32],[-61.18,45.29],[-61.28,45.27],[-61.33,45.23],[-61.4,45.2],[-61.59,45.2],[-61.62,45.18],[-61.6,45.15],[-61.62,45.13],[-61.65,45.12],[-61.71,45.13],[-61.85,45.08],[-61.93,45.08],[-61.98,45.06],[-62.08,45.02],[-62.1,44.98],[-62.12,44.97],[-62.39,44.88],[-62.48,44.87],[-62.52,44.83],[-62.61,44.79],[-62.74,44.76],[-62.76,44.75],[-62.76,44.71],[-62.78,44.69],[-62.81,44.69],[-62.87,44.71],[-62.99,44.7],[-63.02,44.71],[-63.06,44.72],[-63.1,44.71],[-63.13,44.67],[-63.17,44.65],[-63.3,44.64],[-63.37,44.61],[-63.44,44.59],[-63.57,44.63],[-63.61,44.67],[-63.65,44.67],[-63.65,44.66],[-63.64,44.63],[-63.55,44.58],[-63.53,44.54],[-63.54,44.49],[-63.64,44.43],[-63.67,44.43],[-63.8,44.47],[-63.94,44.48],[-63.97,44.53],[-63.96,44.56],[-63.99,44.57],[-64.03,44.49],[-64.06,44.49],[-64.09,44.51],[-64.12,44.52],[-64.15,44.51],[-64.23,44.45],[-64.26,44.41],[-64.22,44.37],[-64.22,44.3],[-64.24,44.27],[-64.31,44.25],[-64.38,44.19],[-64.44,44.17],[-64.49,44.14],[-64.51,44.12],[-64.53,44.08],[-64.63,44.04],[-64.67,43.97],[-64.76,43.91],[-64.8,43.82],[-64.92,43.78],[-64.99,43.74],[-65.05,43.7],[-65.1,43.68],[-65.21,43.72],[-65.24,43.66],[-65.26,43.67],[-65.29,43.71],[-65.31,43.71],[-65.33,43.67],[-65.31,43.63],[-65.32,43.57],[-65.33,43.55],[-65.39,43.53],[-65.43,43.46],[-65.46,43.46],[-65.49,43.49],[-65.53,43.51],[-65.59,43.51],[-65.62,43.5],[-65.64,43.47],[-65.71,43.49],[-65.8,43.56],[-65.81,43.57],[-65.79,43.61],[-65.84,43.67],[-65.86,43.75],[-65.9,43.77],[-65.97,43.76],[-65.98,43.74],[-65.96,43.69],[-65.97,43.66],[-65.99,43.66],[-66.02,43.66],[-66.04,43.68],[-66.09,43.78],[-66.12,43.79],[-66.14,43.82],[-66.13,43.83],[-66.17,43.95],[-66.16,44.03],[-66.2,44.12],[-66.1,44.35],[-66.05,44.41],[-65.93,44.48],[-65.9,44.52],[-65.88,44.55],[-65.89,44.56],[-65.95,44.54],[-66.04,44.48],[-66.1,44.41],[-66.13,44.39],[-66.17,44.4],[-66.19,44.42],[-66.18,44.43],[-66.12,44.46],[-66.06,44.54],[-65.9,44.62],[-65.8,44.65],[-65.76,44.65],[-65.7,44.63],[-65.65,44.65],[-65.63,44.68],[-65.67,44.69],[-65.68,44.71],[-65.67,44.73],[-65.58,44.77],[-65.43,44.86],[-65.17,44.98],[-65.08,45.04],[-64.99,45.08],[-64.93,45.12],[-64.78,45.19],[-64.62,45.24],[-64.47,45.25],[-64.41,45.27],[-64.36,45.34],[-64.29,45.32],[-64.27,45.3],[-64.27,45.27],[-64.31,45.2],[-64.3,45.17],[-64.2,45.16],[-64.09,45.09],[-64.05,45.1],[-64.09,45.19],[-64.07,45.23],[-63.97,45.26],[-63.85,45.33],[-63.62,45.34],[-63.51,45.37],[-63.51,45.39],[-63.54,45.4],[-63.62,45.39],[-63.75,45.4],[-63.84,45.39],[-63.98,45.41],[-64.15,45.41],[-64.44,45.4],[-64.58,45.41],[-64.64,45.39],[-64.67,45.35],[-64.71,45.34],[-64.74,45.36],[-64.8,45.38],[-64.88,45.37],[-64.89,45.4],[-64.85,45.48],[-64.77,45.52],[-64.56,45.6],[-64.47,45.65],[-64.42,45.69],[-64.39,45.74],[-64.3,45.81],[-64.29,45.83],[-64.12,45.95],[-64.11,45.95],[-64.05,45.94],[-63.99,45.93],[-63.93,46]]],[[[-60.89,46.09],[-61.06,46.02],[-61.09,45.99],[-61.08,45.97],[-61.04,45.98],[-60.97,46.02],[-60.88,46.05],[-60.87,46.06],[-60.79,46.08],[-60.79,46.07],[-60.8,46.03],[-60.75,46.02],[-60.64,46.05],[-60.58,46.08],[-60.37,46.23],[-60.39,46.24],[-60.45,46.22],[-60.54,46.15],[-60.58,46.13],[-60.61,46.15],[-60.59,46.18],[-60.53,46.21],[-60.41,46.31],[-60.35,46.34],[-60.32,46.35],[-60.27,46.33],[-60.24,46.25],[-60.2,46.24],[-60.18,46.25],[-60.12,46.29],[-60.08,46.3],[-60,46.27],[-59.96,46.24],[-59.9,46.23],[-59.86,46.23],[-59.81,46.21],[-59.81,46.19],[-59.84,46.16],[-59.82,46.14],[-59.85,46.1],[-59.87,46.09],[-59.9,46.06],[-59.9,46.04],[-59.86,46.03],[-59.81,46.04],[-59.76,46.02],[-59.75,46.01],[-59.77,45.99],[-59.92,45.92],[-60.05,45.9],[-60.06,45.88],[-60.05,45.86],[-60.09,45.82],[-60.44,45.67],[-60.61,45.62],[-60.7,45.64],[-60.78,45.65],[-60.8,45.68],[-60.75,45.71],[-60.74,45.74],[-60.71,45.84],[-60.69,45.85],[-60.67,45.87],[-60.62,45.91],[-60.47,46],[-60.45,46.03],[-60.49,46.04],[-60.54,46],[-60.7,45.95],[-60.96,45.93],[-60.98,45.91],[-60.98,45.9],[-60.93,45.89],[-60.94,45.87],[-61.05,45.84],[-61.08,45.82],[-61.11,45.77],[-61.1,45.75],[-61.05,45.74],[-60.87,45.79],[-60.84,45.78],[-60.82,45.76],[-60.84,45.73],[-60.9,45.68],[-60.96,45.65],[-61.14,45.62],[-61.17,45.62],[-61.23,45.64],[-61.31,45.69],[-61.41,45.72],[-61.47,45.77],[-61.5,45.83],[-61.52,45.94],[-61.57,46.02],[-61.57,46.05],[-61.54,46.08],[-61.48,46.09],[-61.47,46.12],[-61.49,46.17],[-61.47,46.19],[-61.29,46.31],[-61.22,46.37],[-61.1,46.62],[-61.03,46.71],[-60.88,46.85],[-60.81,46.88],[-60.71,46.95],[-60.64,47.03],[-60.56,47.05],[-60.41,47.04],[-60.41,47.02],[-60.45,46.97],[-60.47,46.93],[-60.45,46.91],[-60.33,46.87],[-60.31,46.83],[-60.39,46.7],[-60.39,46.55],[-60.47,46.44],[-60.52,46.38],[-60.57,46.35],[-60.59,46.32],[-60.57,46.3],[-60.54,46.31],[-60.49,46.36],[-60.45,46.38],[-60.42,46.36],[-60.62,46.21],[-60.89,46.09]]],[[[-60.92,45.49],[-61.02,45.53],[-61.03,45.56],[-61.01,45.59],[-60.84,45.61],[-60.83,45.59],[-60.84,45.58],[-60.88,45.56],[-60.89,45.55],[-60.87,45.52],[-60.88,45.5],[-60.92,45.49]]]]}},{"type":"Feature","properties":{"NAME":"Northwest Territories","CODE":"CA06"},"geometry":{"type":"MultiPolygon","coordinates":[[[[-130.81,69.57],[-130.85,69.57],[-130.89,69.59],[-130.88,69.6],[-130.84,69.61],[-130.8,69.61],[-130.78,69.59],[-130.81,69.57]]],[[[-130.97,69.48],[-130.96,69.49],[-130.9,69.49],[-130.86,69.47],[-130.87,69.44],[-130.92,69.44],[-130.97,69.46],[-130.97,69.48]]],[[[-125.05,70.15],[-125.05,70.13],[-125.06,70.12],[-125.11,70.11],[-125.18,70.1],[-125.22,70.11],[-125.24,70.13],[-125.22,70.14],[-125.14,70.16],[-125.05,70.15]]],[[[-125.31,69.74],[-125.31,69.73],[-125.32,69.72],[-125.35,69.71],[-125.42,69.71],[-125.44,69.73],[-125.43,69.75],[-125.39,69.75],[-125.31,69.74]]],[[[-123.96,69.71],[-123.92,69.69],[-123.94,69.68],[-123.97,69.66],[-124.01,69.66],[-124.03,69.67],[-124.05,69.69],[-123.96,69.71]]],[[[-116.97,70.59],[-117.01,70.58],[-117.2,70.6],[-117.25,70.61],[-117.28,70.63],[-117.22,70.64],[-117.12,70.63],[-117.02,70.63],[-116.97,70.62],[-116.95,70.6],[-116.97,70.59]]],[[[-116.44,70.57],[-116.49,70.57],[-116.65,70.58],[-116.7,70.59],[-116.71,70.6],[-116.63,70.61],[-116.53,70.61],[-116.45,70.59],[-116.44,70.57]]],[[[-116.23,70.58],[-116.28,70.59],[-116.33,70.59],[-116.35,70.61],[-116.35,70.62],[-116.31,70.63],[-116.25,70.62],[-116.2,70.6],[-116.23,70.58]]],[[[-116.66,70.56],[-116.61,70.54],[-116.6,70.53],[-116.63,70.51],[-116.66,70.51],[-116.7,70.52],[-116.73,70.53],[-116.73,70.55],[-116.66,70.56]]],[[[-115.89,70.59],[-115.93,70.58],[-115.98,70.58],[-116.05,70.58],[-116.09,70.6],[-116.06,70.61],[-115.97,70.62],[-115.92,70.61],[-115.89,70.59]]],[[[-112.95,70.29],[-113,70.29],[-113.05,70.3],[-113.11,70.3],[-113.16,70.3],[-113.2,70.32],[-113.18,70.33],[-113.13,70.33],[-113.06,70.34],[-113,70.33],[-112.93,70.31],[-112.95,70.29]]],[[[-112.65,70.28],[-112.74,70.27],[-112.79,70.29],[-112.76,70.3],[-112.69,70.31],[-112.63,70.3],[-112.62,70.29],[-112.65,70.28]]],[[[-111.75,70.3],[-111.85,70.29],[-112.03,70.3],[-112.19,70.33],[-112.22,70.35],[-112.21,70.36],[-112.16,70.37],[-111.97,70.34],[-111.81,70.33],[-111.74,70.32],[-111.75,70.3]]],[[[-111.77,75.9],[-111.76,75.88],[-111.79,75.88],[-111.87,75.87],[-111.95,75.88],[-111.97,75.89],[-111.94,75.91],[-111.86,75.91],[-111.77,75.9]]],[[[-124.56,69.76],[-124.52,69.73],[-124.48,69.73],[-124.22,69.71],[-124.18,69.7],[-124.14,69.67],[-124.19,69.64],[-124.34,69.6],[-124.39,69.53],[-124.49,69.5],[-124.53,69.44],[-124.59,69.41],[-124.51,69.37],[-124.41,69.36],[-124.27,69.36],[-124.05,69.39],[-123.83,69.36],[-123.72,69.37],[-123.58,69.39],[-123.5,69.43],[-123.46,69.5],[-123.26,69.54],[-123.22,69.58],[-123.24,69.67],[-123.16,69.73],[-123.23,69.77],[-123.21,69.8],[-122.7,69.85],[-122.2,69.82],[-122.06,69.82],[-121.74,69.81],[-121.37,69.76],[-121.15,69.68],[-120.89,69.62],[-120.82,69.57],[-120.68,69.52],[-120.68,69.5],[-120.66,68],[-113.98,66],[-112.5,65.5],[-112.02,65.5],[-110.65,65.5],[-109.33,64.85],[-107.03,64.7],[-106.17,64.64],[-105.54,64.56],[-104.39,64.45],[-103.01,64.3],[-102.65,64.28],[-102,64.24],[-102,64],[-102,63],[-102,62],[-102,61],[-102,60],[-102.19,60],[-103,60],[-104,60],[-105,60],[-106,60],[-107,60],[-107.63,60],[-107.63,59.99],[-107.78,60],[-108,60],[-109,60],[-110,60],[-111,60],[-112,60],[-112.24,60],[-113,60],[-114,60],[-115,60],[-116,60],[-117,60],[-118,60],[-119,60],[-120,60],[-121,60],[-122,60],[-122.23,60],[-122.35,60],[-122.51,60],[-122.58,60],[-122.59,60],[-122.72,60],[-122.76,60],[-122.84,60],[-122.98,60],[-123,60],[-123.8,60],[-123.83,60],[-123.86,60],[-123.88,60.01],[-123.88,60.02],[-123.89,60.02],[-123.9,60.03],[-123.91,60.03],[-123.92,60.03],[-123.92,60.04],[-123.93,60.04],[-123.94,60.05],[-123.95,60.05],[-123.96,60.06],[-123.97,60.06],[-123.98,60.08],[-123.98,60.09],[-123.99,60.1],[-123.99,60.11],[-124,60.12],[-124,60.13],[-124.02,60.15],[-124.03,60.16],[-124.05,60.17],[-124.07,60.17],[-124.08,60.18],[-124.1,60.19],[-124.11,60.2],[-124.1,60.21],[-124.11,60.22],[-124.11,60.23],[-124.12,60.24],[-124.14,60.26],[-124.14,60.27],[-124.14,60.28],[-124.16,60.3],[-124.17,60.31],[-124.19,60.31],[-124.19,60.32],[-124.19,60.33],[-124.2,60.34],[-124.21,60.34],[-124.21,60.35],[-124.22,60.36],[-124.21,60.37],[-124.21,60.38],[-124.21,60.39],[-124.21,60.4],[-124.21,60.41],[-124.2,60.42],[-124.19,60.42],[-124.18,60.44],[-124.19,60.45],[-124.2,60.45],[-124.23,60.46],[-124.25,60.46],[-124.27,60.46],[-124.3,60.46],[-124.33,60.46],[-124.35,60.46],[-124.36,60.47],[-124.37,60.47],[-124.39,60.47],[-124.41,60.48],[-124.42,60.48],[-124.42,60.49],[-124.42,60.5],[-124.43,60.51],[-124.43,60.52],[-124.44,60.53],[-124.45,60.54],[-124.45,60.55],[-124.46,60.56],[-124.47,60.56],[-124.47,60.57],[-124.48,60.58],[-124.49,60.58],[-124.5,60.59],[-124.52,60.6],[-124.53,60.61],[-124.54,60.62],[-124.55,60.62],[-124.56,60.63],[-124.57,60.63],[-124.58,60.64],[-124.59,60.65],[-124.6,60.65],[-124.61,60.66],[-124.62,60.67],[-124.62,60.69],[-124.62,60.7],[-124.61,60.71],[-124.6,60.71],[-124.58,60.72],[-124.57,60.72],[-124.56,60.73],[-124.55,60.73],[-124.54,60.74],[-124.53,60.75],[-124.52,60.75],[-124.5,60.76],[-124.49,60.77],[-124.48,60.78],[-124.48,60.79],[-124.49,60.79],[-124.51,60.8],[-124.52,60.8],[-124.53,60.81],[-124.54,60.82],[-124.54,60.83],[-124.54,60.84],[-124.55,60.85],[-124.55,60.87],[-124.56,60.88],[-124.56,60.89],[-124.56,60.9],[-124.57,60.91],[-124.57,60.92],[-124.57,60.93],[-124.58,60.93],[-124.58,60.94],[-124.58,60.95],[-124.6,60.95],[-124.61,60.96],[-124.63,60.96],[-124.64,60.95],[-124.65,60.95],[-124.66,60.94],[-124.67,60.94],[-124.68,60.94],[-124.7,60.95],[-124.71,60.95],[-124.73,60.95],[-124.73,60.94],[-124.74,60.94],[-124.75,60.94],[-124.76,60.94],[-124.77,60.95],[-124.79,60.95],[-124.81,60.96],[-124.82,60.95],[-124.83,60.94],[-124.84,60.94],[-124.84,60.93],[-124.85,60.93],[-124.86,60.92],[-124.87,60.92],[-124.88,60.91],[-124.88,60.9],[-124.88,60.89],[-124.88,60.88],[-124.87,60.87],[-124.87,60.86],[-124.87,60.85],[-124.89,60.85],[-124.9,60.85],[-124.92,60.85],[-124.94,60.85],[-124.95,60.85],[-124.97,60.85],[-124.99,60.85],[-125.01,60.85],[-125.02,60.85],[-125.03,60.84],[-125.06,60.84],[-125.09,60.84],[-125.11,60.84],[-125.14,60.84],[-125.15,60.84],[-125.16,60.84],[-125.18,60.84],[-125.19,60.84],[-125.2,60.83],[-125.21,60.82],[-125.22,60.81],[-125.23,60.81],[-125.25,60.8],[-125.27,60.79],[-125.29,60.78],[-125.31,60.78],[-125.33,60.77],[-125.36,60.77],[-125.39,60.77],[-125.4,60.77],[-125.43,60.78],[-125.44,60.78],[-125.46,60.79],[-125.47,60.79],[-125.49,60.8],[-125.5,60.8],[-125.53,60.81],[-125.57,60.82],[-125.58,60.82],[-125.59,60.82],[-125.6,60.82],[-125.62,60.82],[-125.64,60.81],[-125.65,60.81],[-125.68,60.81],[-125.69,60.81],[-125.71,60.81],[-125.73,60.81],[-125.75,60.82],[-125.76,60.82],[-125.77,60.83],[-125.77,60.84],[-125.78,60.85],[-125.79,60.85],[-125.8,60.86],[-125.81,60.86],[-125.82,60.87],[-125.83,60.88],[-125.84,60.88],[-125.85,60.89],[-125.88,60.89],[-125.89,60.89],[-125.9,60.88],[-125.91,60.87],[-125.92,60.87],[-125.92,60.86],[-125.93,60.85],[-125.94,60.84],[-125.94,60.83],[-125.95,60.82],[-125.96,60.82],[-125.98,60.81],[-125.99,60.81],[-126,60.81],[-126.01,60.81],[-126.04,60.81],[-126.06,60.82],[-126.08,60.82],[-126.1,60.82],[-126.11,60.83],[-126.11,60.84],[-126.1,60.84],[-126.1,60.85],[-126.09,60.86],[-126.11,60.86],[-126.12,60.86],[-126.13,60.86],[-126.15,60.86],[-126.17,60.86],[-126.19,60.85],[-126.2,60.85],[-126.21,60.85],[-126.22,60.84],[-126.23,60.84],[-126.23,60.83],[-126.23,60.82],[-126.23,60.81],[-126.23,60.8],[-126.25,60.79],[-126.26,60.78],[-126.28,60.77],[-126.3,60.77],[-126.33,60.77],[-126.36,60.77],[-126.38,60.77],[-126.41,60.78],[-126.44,60.78],[-126.45,60.78],[-126.45,60.79],[-126.47,60.79],[-126.48,60.8],[-126.49,60.8],[-126.5,60.8],[-126.51,60.8],[-126.52,60.81],[-126.53,60.81],[-126.54,60.8],[-126.55,60.8],[-126.57,60.79],[-126.59,60.78],[-126.6,60.78],[-126.63,60.77],[-126.64,60.76],[-126.66,60.75],[-126.67,60.75],[-126.68,60.75],[-126.69,60.76],[-126.7,60.77],[-126.71,60.78],[-126.72,60.78],[-126.74,60.78],[-126.75,60.78],[-126.76,60.78],[-126.78,60.78],[-126.79,60.78],[-126.8,60.77],[-126.8,60.76],[-126.81,60.76],[-126.82,60.76],[-126.83,60.76],[-126.84,60.77],[-126.85,60.77],[-126.86,60.78],[-126.86,60.79],[-126.85,60.8],[-126.85,60.81],[-126.86,60.82],[-126.88,60.83],[-126.89,60.84],[-126.89,60.85],[-126.89,60.86],[-126.89,60.88],[-126.89,60.9],[-126.89,60.91],[-126.89,60.92],[-126.89,60.93],[-126.89,60.94],[-126.89,60.95],[-126.89,60.97],[-126.9,60.98],[-126.91,60.99],[-126.92,61],[-126.92,61.01],[-126.93,61.02],[-126.93,61.03],[-126.93,61.04],[-126.95,61.05],[-126.97,61.05],[-126.99,61.05],[-127.02,61.05],[-127.03,61.05],[-127.05,61.04],[-127.05,61.03],[-127.07,61.03],[-127.08,61.03],[-127.08,61.04],[-127.09,61.05],[-127.09,61.06],[-127.09,61.07],[-127.08,61.08],[-127.08,61.09],[-127.07,61.09],[-127.06,61.1],[-127.04,61.1],[-127.03,61.11],[-127.02,61.11],[-127.02,61.12],[-127.02,61.13],[-127.02,61.14],[-127.01,61.15],[-127.01,61.16],[-127,61.16],[-126.99,61.17],[-126.99,61.18],[-126.99,61.19],[-126.99,61.2],[-126.99,61.22],[-126.98,61.22],[-127,61.23],[-127.01,61.23],[-127.02,61.23],[-127.03,61.23],[-127.04,61.24],[-127.04,61.25],[-127.05,61.26],[-127.05,61.27],[-127.05,61.28],[-127.05,61.29],[-127.06,61.3],[-127.06,61.31],[-127.06,61.32],[-127.07,61.33],[-127.07,61.34],[-127.08,61.35],[-127.08,61.36],[-127.08,61.37],[-127.09,61.38],[-127.1,61.38],[-127.11,61.39],[-127.12,61.39],[-127.12,61.4],[-127.13,61.4],[-127.13,61.41],[-127.13,61.42],[-127.13,61.43],[-127.13,61.44],[-127.13,61.45],[-127.12,61.46],[-127.13,61.46],[-127.14,61.46],[-127.17,61.46],[-127.18,61.47],[-127.2,61.47],[-127.21,61.48],[-127.23,61.48],[-127.23,61.49],[-127.24,61.49],[-127.25,61.5],[-127.26,61.5],[-127.27,61.51],[-127.3,61.51],[-127.31,61.51],[-127.33,61.51],[-127.35,61.51],[-127.36,61.51],[-127.38,61.5],[-127.41,61.5],[-127.43,61.5],[-127.45,61.5],[-127.47,61.5],[-127.48,61.5],[-127.5,61.5],[-127.52,61.5],[-127.53,61.5],[-127.54,61.51],[-127.56,61.52],[-127.57,61.52],[-127.58,61.52],[-127.6,61.53],[-127.61,61.53],[-127.62,61.54],[-127.64,61.54],[-127.65,61.55],[-127.66,61.55],[-127.66,61.56],[-127.66,61.57],[-127.66,61.58],[-127.67,61.58],[-127.68,61.59],[-127.7,61.59],[-127.72,61.59],[-127.74,61.59],[-127.77,61.6],[-127.78,61.6],[-127.79,61.6],[-127.8,61.61],[-127.82,61.62],[-127.83,61.62],[-127.84,61.63],[-127.86,61.64],[-127.87,61.65],[-127.89,61.65],[-127.91,61.66],[-127.92,61.67],[-127.94,61.67],[-127.95,61.68],[-127.96,61.69],[-127.98,61.69],[-128,61.7],[-128.01,61.71],[-128.02,61.72],[-128.03,61.72],[-128.04,61.72],[-128.05,61.72],[-128.05,61.73],[-128.07,61.73],[-128.08,61.74],[-128.09,61.74],[-128.09,61.75],[-128.08,61.76],[-128.06,61.77],[-128.05,61.77],[-128.04,61.78],[-128.03,61.79],[-128.03,61.8],[-128.03,61.81],[-128.04,61.82],[-128.05,61.83],[-128.06,61.83],[-128.07,61.84],[-128.08,61.84],[-128.11,61.85],[-128.12,61.85],[-128.13,61.85],[-128.14,61.85],[-128.16,61.85],[-128.18,61.85],[-128.19,61.85],[-128.2,61.85],[-128.21,61.85],[-128.22,61.86],[-128.24,61.86],[-128.24,61.87],[-128.25,61.88],[-128.25,61.89],[-128.25,61.9],[-128.25,61.91],[-128.26,61.92],[-128.26,61.93],[-128.27,61.94],[-128.29,61.95],[-128.3,61.95],[-128.31,61.95],[-128.33,61.96],[-128.34,61.96],[-128.35,61.97],[-128.36,61.97],[-128.37,61.98],[-128.38,61.99],[-128.38,62],[-128.39,62.01],[-128.4,62.02],[-128.41,62.03],[-128.42,62.04],[-128.43,62.05],[-128.44,62.05],[-128.46,62.06],[-128.48,62.07],[-128.49,62.08],[-128.5,62.08],[-128.51,62.09],[-128.53,62.1],[-128.54,62.1],[-128.55,62.11],[-128.56,62.11],[-128.58,62.12],[-128.6,62.12],[-128.61,62.12],[-128.62,62.12],[-128.63,62.12],[-128.65,62.12],[-128.66,62.12],[-128.68,62.12],[-128.69,62.12],[-128.7,62.12],[-128.71,62.12],[-128.72,62.11],[-128.73,62.1],[-128.74,62.1],[-128.74,62.09],[-128.75,62.09],[-128.75,62.08],[-128.76,62.07],[-128.76,62.06],[-128.77,62.06],[-128.78,62.06],[-128.79,62.06],[-128.8,62.06],[-128.82,62.07],[-128.83,62.07],[-128.84,62.08],[-128.85,62.08],[-128.85,62.09],[-128.86,62.1],[-128.87,62.1],[-128.88,62.1],[-128.89,62.11],[-128.9,62.11],[-128.91,62.12],[-128.92,62.12],[-128.94,62.12],[-128.96,62.12],[-128.98,62.12],[-129,62.12],[-129.03,62.13],[-129.05,62.12],[-129.06,62.12],[-129.07,62.12],[-129.09,62.12],[-129.1,62.12],[-129.11,62.11],[-129.12,62.11],[-129.13,62.11],[-129.14,62.11],[-129.15,62.11],[-129.16,62.12],[-129.18,62.12],[-129.19,62.12],[-129.2,62.13],[-129.21,62.14],[-129.22,62.14],[-129.24,62.15],[-129.26,62.15],[-129.27,62.15],[-129.28,62.15],[-129.28,62.16],[-129.26,62.16],[-129.24,62.17],[-129.23,62.17],[-129.22,62.18],[-129.21,62.19],[-129.21,62.2],[-129.21,62.21],[-129.21,62.22],[-129.22,62.22],[-129.23,62.23],[-129.24,62.23],[-129.25,62.23],[-129.26,62.24],[-129.27,62.24],[-129.28,62.25],[-129.29,62.26],[-129.29,62.27],[-129.29,62.28],[-129.29,62.29],[-129.29,62.3],[-129.3,62.3],[-129.3,62.31],[-129.3,62.32],[-129.29,62.32],[-129.29,62.33],[-129.28,62.33],[-129.27,62.34],[-129.26,62.35],[-129.26,62.36],[-129.25,62.37],[-129.25,62.38],[-129.26,62.38],[-129.28,62.38],[-129.29,62.38],[-129.3,62.39],[-129.3,62.4],[-129.31,62.4],[-129.31,62.41],[-129.3,62.42],[-129.29,62.43],[-129.28,62.44],[-129.27,62.45],[-129.26,62.45],[-129.25,62.45],[-129.23,62.45],[-129.22,62.45],[-129.2,62.46],[-129.19,62.46],[-129.19,62.47],[-129.18,62.48],[-129.19,62.49],[-129.2,62.49],[-129.2,62.5],[-129.21,62.5],[-129.22,62.51],[-129.23,62.51],[-129.24,62.52],[-129.25,62.52],[-129.26,62.52],[-129.28,62.52],[-129.29,62.53],[-129.3,62.53],[-129.32,62.53],[-129.33,62.53],[-129.35,62.54],[-129.36,62.54],[-129.37,62.55],[-129.38,62.55],[-129.38,62.56],[-129.39,62.56],[-129.41,62.57],[-129.43,62.58],[-129.44,62.58],[-129.45,62.58],[-129.46,62.58],[-129.47,62.57],[-129.49,62.57],[-129.5,62.57],[-129.52,62.57],[-129.53,62.56],[-129.55,62.56],[-129.56,62.57],[-129.55,62.57],[-129.54,62.58],[-129.53,62.59],[-129.52,62.6],[-129.51,62.61],[-129.5,62.63],[-129.51,62.63],[-129.52,62.63],[-129.53,62.64],[-129.54,62.64],[-129.54,62.65],[-129.55,62.66],[-129.54,62.67],[-129.54,62.68],[-129.55,62.69],[-129.56,62.69],[-129.57,62.69],[-129.58,62.69],[-129.6,62.69],[-129.61,62.69],[-129.62,62.7],[-129.63,62.71],[-129.63,62.72],[-129.64,62.73],[-129.64,62.74],[-129.64,62.75],[-129.64,62.76],[-129.65,62.76],[-129.64,62.77],[-129.65,62.77],[-129.65,62.78],[-129.66,62.79],[-129.66,62.8],[-129.68,62.81],[-129.69,62.82],[-129.7,62.82],[-129.71,62.83],[-129.73,62.84],[-129.75,62.84],[-129.76,62.85],[-129.77,62.86],[-129.77,62.87],[-129.78,62.87],[-129.77,62.88],[-129.77,62.89],[-129.76,62.89],[-129.75,62.9],[-129.74,62.9],[-129.73,62.9],[-129.72,62.91],[-129.71,62.91],[-129.71,62.92],[-129.71,62.93],[-129.71,62.94],[-129.7,62.94],[-129.7,62.95],[-129.69,62.96],[-129.68,62.97],[-129.67,62.98],[-129.66,62.99],[-129.66,63],[-129.65,63.01],[-129.65,63.02],[-129.64,63.02],[-129.63,63.03],[-129.62,63.03],[-129.62,63.05],[-129.63,63.06],[-129.64,63.06],[-129.65,63.07],[-129.66,63.08],[-129.67,63.08],[-129.69,63.08],[-129.7,63.07],[-129.71,63.07],[-129.73,63.07],[-129.75,63.07],[-129.76,63.07],[-129.78,63.07],[-129.8,63.08],[-129.81,63.08],[-129.82,63.08],[-129.83,63.09],[-129.84,63.09],[-129.84,63.1],[-129.84,63.11],[-129.84,63.12],[-129.85,63.12],[-129.85,63.13],[-129.86,63.13],[-129.87,63.15],[-129.88,63.15],[-129.88,63.16],[-129.88,63.17],[-129.89,63.18],[-129.9,63.18],[-129.91,63.19],[-129.92,63.19],[-129.93,63.2],[-129.94,63.2],[-129.95,63.2],[-129.97,63.2],[-129.99,63.2],[-130,63.2],[-130.01,63.2],[-130.02,63.21],[-130.02,63.22],[-130.03,63.23],[-130.03,63.24],[-130.03,63.25],[-130.04,63.25],[-130.04,63.26],[-130.05,63.26],[-130.06,63.26],[-130.07,63.26],[-130.08,63.26],[-130.09,63.26],[-130.11,63.25],[-130.13,63.25],[-130.14,63.25],[-130.15,63.26],[-130.16,63.25],[-130.17,63.26],[-130.17,63.27],[-130.17,63.28],[-130.16,63.29],[-130.16,63.3],[-130.17,63.3],[-130.16,63.31],[-130.16,63.32],[-130.15,63.32],[-130.13,63.32],[-130.12,63.32],[-130.11,63.32],[-130.1,63.32],[-130.09,63.32],[-130.09,63.33],[-130.08,63.33],[-130.08,63.34],[-130.07,63.34],[-130.06,63.34],[-130.05,63.35],[-130.04,63.35],[-130.03,63.35],[-130.01,63.35],[-129.99,63.35],[-129.98,63.35],[-129.97,63.35],[-129.95,63.36],[-129.94,63.36],[-129.93,63.37],[-129.91,63.38],[-129.91,63.39],[-129.91,63.4],[-129.92,63.4],[-129.92,63.41],[-129.93,63.42],[-129.93,63.43],[-129.93,63.44],[-129.92,63.44],[-129.92,63.45],[-129.91,63.45],[-129.91,63.46],[-129.9,63.46],[-129.89,63.47],[-129.88,63.47],[-129.86,63.46],[-129.85,63.46],[-129.84,63.46],[-129.83,63.46],[-129.82,63.46],[-129.83,63.47],[-129.83,63.48],[-129.84,63.48],[-129.85,63.49],[-129.86,63.49],[-129.86,63.5],[-129.87,63.51],[-129.88,63.51],[-129.89,63.52],[-129.9,63.53],[-129.91,63.54],[-129.91,63.55],[-129.92,63.55],[-129.93,63.56],[-129.94,63.56],[-129.95,63.56],[-129.96,63.56],[-129.97,63.56],[-129.99,63.56],[-130,63.56],[-130,63.57],[-129.98,63.57],[-129.97,63.58],[-129.96,63.59],[-129.95,63.59],[-129.95,63.6],[-129.96,63.61],[-129.97,63.61],[-129.99,63.62],[-130.01,63.62],[-130.02,63.62],[-130.04,63.61],[-130.05,63.61],[-130.07,63.61],[-130.08,63.61],[-130.09,63.62],[-130.1,63.62],[-130.11,63.63],[-130.12,63.63],[-130.12,63.64],[-130.13,63.64],[-130.13,63.65],[-130.12,63.65],[-130.12,63.66],[-130.12,63.67],[-130.11,63.67],[-130.11,63.68],[-130.1,63.68],[-130.1,63.69],[-130.1,63.7],[-130.11,63.7],[-130.13,63.69],[-130.14,63.69],[-130.17,63.68],[-130.18,63.68],[-130.19,63.67],[-130.2,63.67],[-130.23,63.66],[-130.24,63.66],[-130.25,63.66],[-130.26,63.66],[-130.27,63.66],[-130.28,63.66],[-130.3,63.66],[-130.31,63.66],[-130.32,63.67],[-130.33,63.68],[-130.34,63.69],[-130.34,63.7],[-130.35,63.7],[-130.35,63.71],[-130.35,63.72],[-130.34,63.72],[-130.32,63.72],[-130.32,63.73],[-130.31,63.73],[-130.29,63.73],[-130.28,63.73],[-130.27,63.73],[-130.25,63.73],[-130.23,63.74],[-130.22,63.74],[-130.2,63.74],[-130.19,63.75],[-130.17,63.75],[-130.15,63.76],[-130.14,63.76],[-130.13,63.77],[-130.13,63.78],[-130.13,63.79],[-130.14,63.79],[-130.15,63.79],[-130.16,63.8],[-130.16,63.81],[-130.15,63.82],[-130.15,63.83],[-130.14,63.84],[-130.14,63.85],[-130.13,63.86],[-130.13,63.87],[-130.14,63.87],[-130.15,63.87],[-130.16,63.87],[-130.18,63.87],[-130.19,63.87],[-130.22,63.87],[-130.24,63.87],[-130.25,63.87],[-130.26,63.87],[-130.27,63.87],[-130.28,63.86],[-130.28,63.85],[-130.29,63.84],[-130.3,63.83],[-130.31,63.83],[-130.32,63.82],[-130.34,63.82],[-130.35,63.82],[-130.37,63.82],[-130.37,63.83],[-130.37,63.84],[-130.38,63.84],[-130.38,63.85],[-130.4,63.86],[-130.42,63.87],[-130.43,63.88],[-130.44,63.89],[-130.45,63.89],[-130.46,63.9],[-130.47,63.9],[-130.49,63.91],[-130.5,63.92],[-130.51,63.92],[-130.52,63.92],[-130.53,63.93],[-130.55,63.93],[-130.57,63.93],[-130.58,63.93],[-130.6,63.93],[-130.61,63.93],[-130.63,63.94],[-130.64,63.94],[-130.66,63.94],[-130.67,63.95],[-130.69,63.95],[-130.7,63.95],[-130.71,63.96],[-130.73,63.96],[-130.75,63.97],[-130.76,63.97],[-130.77,63.97],[-130.78,63.98],[-130.79,63.98],[-130.8,63.99],[-130.8,64],[-130.79,64],[-130.78,64.01],[-130.77,64.01],[-130.76,64.02],[-130.75,64.02],[-130.73,64.03],[-130.72,64.03],[-130.73,64.03],[-130.74,64.03],[-130.77,64.04],[-130.79,64.04],[-130.81,64.04],[-130.82,64.04],[-130.84,64.04],[-130.85,64.04],[-130.86,64.04],[-130.88,64.04],[-130.89,64.05],[-130.9,64.05],[-130.9,64.06],[-130.9,64.07],[-130.9,64.08],[-130.9,64.09],[-130.91,64.09],[-130.93,64.1],[-130.95,64.1],[-130.95,64.11],[-130.97,64.11],[-130.97,64.12],[-130.98,64.12],[-130.98,64.13],[-130.97,64.13],[-130.94,64.14],[-130.93,64.14],[-130.91,64.15],[-130.9,64.15],[-130.88,64.16],[-130.87,64.16],[-130.87,64.17],[-130.88,64.18],[-130.89,64.18],[-130.91,64.19],[-130.93,64.19],[-130.94,64.19],[-130.96,64.19],[-130.97,64.2],[-130.96,64.21],[-130.95,64.22],[-130.96,64.23],[-130.97,64.24],[-130.98,64.25],[-131,64.25],[-131.02,64.25],[-131.03,64.25],[-131.05,64.26],[-131.07,64.26],[-131.07,64.27],[-131.08,64.27],[-131.08,64.28],[-131.09,64.29],[-131.08,64.3],[-131.07,64.31],[-131.06,64.31],[-131.05,64.32],[-131.05,64.33],[-131.06,64.33],[-131.07,64.34],[-131.08,64.34],[-131.09,64.35],[-131.09,64.36],[-131.1,64.37],[-131.11,64.38],[-131.12,64.39],[-131.13,64.39],[-131.14,64.4],[-131.15,64.4],[-131.16,64.4],[-131.17,64.41],[-131.18,64.41],[-131.2,64.41],[-131.22,64.42],[-131.23,64.42],[-131.25,64.43],[-131.26,64.43],[-131.28,64.44],[-131.31,64.44],[-131.33,64.44],[-131.35,64.45],[-131.36,64.45],[-131.38,64.45],[-131.4,64.45],[-131.43,64.45],[-131.44,64.45],[-131.45,64.45],[-131.45,64.44],[-131.44,64.43],[-131.43,64.42],[-131.44,64.41],[-131.44,64.4],[-131.45,64.39],[-131.46,64.39],[-131.47,64.39],[-131.5,64.39],[-131.51,64.39],[-131.52,64.39],[-131.54,64.39],[-131.56,64.38],[-131.57,64.38],[-131.58,64.37],[-131.59,64.37],[-131.6,64.36],[-131.61,64.36],[-131.63,64.36],[-131.64,64.36],[-131.65,64.36],[-131.66,64.37],[-131.67,64.38],[-131.68,64.38],[-131.69,64.38],[-131.7,64.38],[-131.71,64.38],[-131.73,64.38],[-131.75,64.37],[-131.77,64.37],[-131.79,64.37],[-131.81,64.37],[-131.84,64.37],[-131.87,64.37],[-131.88,64.38],[-131.9,64.38],[-131.91,64.39],[-131.9,64.4],[-131.9,64.41],[-131.88,64.41],[-131.87,64.42],[-131.85,64.43],[-131.84,64.44],[-131.82,64.44],[-131.81,64.44],[-131.79,64.45],[-131.78,64.45],[-131.76,64.45],[-131.75,64.46],[-131.74,64.46],[-131.72,64.47],[-131.72,64.48],[-131.7,64.48],[-131.7,64.49],[-131.7,64.5],[-131.69,64.5],[-131.69,64.51],[-131.69,64.52],[-131.7,64.52],[-131.71,64.53],[-131.72,64.53],[-131.73,64.53],[-131.75,64.53],[-131.76,64.53],[-131.78,64.53],[-131.79,64.54],[-131.81,64.54],[-131.83,64.54],[-131.85,64.54],[-131.87,64.55],[-131.88,64.55],[-131.89,64.56],[-131.9,64.56],[-131.91,64.57],[-131.92,64.57],[-131.93,64.58],[-131.94,64.58],[-131.95,64.59],[-131.96,64.59],[-131.98,64.61],[-131.99,64.61],[-132,64.62],[-132,64.63],[-132,64.64],[-132.01,64.64],[-132.01,64.65],[-132.02,64.66],[-132.02,64.67],[-132.03,64.68],[-132.04,64.69],[-132.05,64.69],[-132.06,64.69],[-132.08,64.7],[-132.1,64.7],[-132.13,64.7],[-132.14,64.7],[-132.15,64.71],[-132.16,64.71],[-132.18,64.72],[-132.2,64.72],[-132.21,64.73],[-132.23,64.74],[-132.24,64.74],[-132.26,64.75],[-132.28,64.76],[-132.29,64.76],[-132.31,64.77],[-132.32,64.78],[-132.34,64.78],[-132.36,64.79],[-132.39,64.79],[-132.41,64.78],[-132.43,64.78],[-132.45,64.78],[-132.47,64.79],[-132.48,64.79],[-132.5,64.79],[-132.52,64.79],[-132.53,64.78],[-132.55,64.78],[-132.56,64.78],[-132.57,64.78],[-132.57,64.79],[-132.58,64.8],[-132.6,64.81],[-132.61,64.81],[-132.62,64.81],[-132.62,64.82],[-132.62,64.83],[-132.61,64.83],[-132.6,64.84],[-132.58,64.84],[-132.57,64.85],[-132.56,64.85],[-132.55,64.86],[-132.53,64.86],[-132.52,64.87],[-132.5,64.87],[-132.49,64.89],[-132.47,64.89],[-132.47,64.9],[-132.47,64.91],[-132.47,64.92],[-132.48,64.92],[-132.49,64.93],[-132.5,64.94],[-132.51,64.94],[-132.51,64.95],[-132.52,64.95],[-132.51,64.96],[-132.49,64.97],[-132.48,64.97],[-132.47,64.98],[-132.46,64.99],[-132.44,64.99],[-132.43,65],[-132.42,65],[-132.41,65],[-132.39,65.01],[-132.37,65.02],[-132.36,65.02],[-132.34,65.03],[-132.34,65.04],[-132.34,65.05],[-132.34,65.06],[-132.34,65.07],[-132.35,65.08],[-132.37,65.08],[-132.38,65.08],[-132.4,65.08],[-132.42,65.08],[-132.45,65.07],[-132.46,65.07],[-132.47,65.07],[-132.49,65.07],[-132.51,65.07],[-132.53,65.08],[-132.55,65.09],[-132.56,65.09],[-132.57,65.1],[-132.57,65.11],[-132.57,65.12],[-132.57,65.13],[-132.56,65.13],[-132.54,65.14],[-132.54,65.15],[-132.53,65.15],[-132.52,65.16],[-132.52,65.17],[-132.53,65.18],[-132.54,65.18],[-132.55,65.19],[-132.56,65.19],[-132.58,65.19],[-132.6,65.19],[-132.62,65.18],[-132.63,65.18],[-132.65,65.17],[-132.66,65.17],[-132.67,65.16],[-132.69,65.16],[-132.7,65.16],[-132.72,65.16],[-132.74,65.16],[-132.75,65.16],[-132.76,65.17],[-132.77,65.17],[-132.77,65.18],[-132.78,65.19],[-132.78,65.2],[-132.77,65.2],[-132.76,65.21],[-132.75,65.21],[-132.73,65.22],[-132.72,65.22],[-132.71,65.22],[-132.7,65.23],[-132.71,65.23],[-132.72,65.23],[-132.73,65.23],[-132.74,65.23],[-132.75,65.23],[-132.76,65.23],[-132.77,65.23],[-132.75,65.24],[-132.73,65.24],[-132.72,65.24],[-132.71,65.25],[-132.69,65.25],[-132.66,65.26],[-132.64,65.27],[-132.63,65.27],[-132.62,65.28],[-132.61,65.28],[-132.59,65.28],[-132.57,65.29],[-132.56,65.3],[-132.56,65.31],[-132.56,65.32],[-132.55,65.33],[-132.55,65.34],[-132.54,65.34],[-132.54,65.35],[-132.53,65.36],[-132.52,65.36],[-132.5,65.36],[-132.5,65.37],[-132.48,65.37],[-132.47,65.38],[-132.45,65.39],[-132.44,65.4],[-132.42,65.4],[-132.41,65.41],[-132.4,65.42],[-132.38,65.42],[-132.36,65.44],[-132.34,65.44],[-132.34,65.45],[-132.33,65.45],[-132.33,65.46],[-132.33,65.47],[-132.33,65.48],[-132.32,65.48],[-132.32,65.49],[-132.31,65.5],[-132.29,65.51],[-132.29,65.52],[-132.28,65.52],[-132.26,65.53],[-132.26,65.54],[-132.24,65.55],[-132.22,65.56],[-132.2,65.58],[-132.19,65.58],[-132.18,65.59],[-132.18,65.6],[-132.19,65.61],[-132.2,65.61],[-132.22,65.63],[-132.23,65.64],[-132.24,65.65],[-132.25,65.67],[-132.26,65.67],[-132.28,65.69],[-132.29,65.7],[-132.3,65.71],[-132.31,65.72],[-132.33,65.73],[-132.34,65.74],[-132.36,65.75],[-132.38,65.76],[-132.39,65.77],[-132.4,65.77],[-132.43,65.78],[-132.45,65.79],[-132.47,65.8],[-132.49,65.8],[-132.52,65.81],[-132.53,65.82],[-132.55,65.83],[-132.56,65.84],[-132.57,65.85],[-132.58,65.86],[-132.57,65.87],[-132.56,65.88],[-132.55,65.89],[-132.53,65.89],[-132.51,65.89],[-132.49,65.9],[-132.47,65.9],[-132.46,65.91],[-132.45,65.92],[-132.44,65.92],[-132.43,65.93],[-132.42,65.93],[-132.41,65.94],[-132.39,65.94],[-132.37,65.94],[-132.35,65.94],[-132.34,65.95],[-132.34,65.96],[-132.33,65.96],[-132.33,65.97],[-132.33,65.98],[-132.34,65.98],[-132.36,65.99],[-132.37,65.99],[-132.38,65.99],[-132.4,65.99],[-132.41,65.99],[-132.44,65.99],[-132.45,65.99],[-132.47,65.99],[-132.5,65.99],[-132.51,66],[-132.53,66],[-132.54,66.01],[-132.54,66.02],[-132.55,66.02],[-132.57,66.02],[-132.59,66.02],[-132.6,66.02],[-132.61,66.02],[-132.62,66.02],[-132.63,66.02],[-132.66,66.01],[-132.67,66.01],[-132.68,66],[-132.71,65.99],[-132.72,65.99],[-132.74,65.98],[-132.75,65.98],[-132.76,65.97],[-132.78,65.96],[-132.79,65.95],[-132.8,65.94],[-132.81,65.93],[-132.82,65.92],[-132.83,65.91],[-132.85,65.91],[-132.87,65.9],[-132.89,65.9],[-132.9,65.9],[-132.92,65.9],[-132.95,65.91],[-132.97,65.91],[-132.99,65.92],[-132.99,65.93],[-132.98,65.93],[-132.97,65.94],[-132.97,65.95],[-132.96,65.96],[-132.95,65.96],[-132.94,65.97],[-132.93,65.98],[-132.92,65.99],[-132.91,66],[-132.9,66],[-132.91,66],[-132.92,66.01],[-132.93,66.01],[-132.96,66.01],[-132.97,66.02],[-133,66.02],[-133.01,66.02],[-133.03,66.02],[-133.06,66.02],[-133.09,66.02],[-133.11,66.02],[-133.13,66.02],[-133.16,66.02],[-133.19,66.01],[-133.21,66],[-133.23,66],[-133.24,66],[-133.25,65.99],[-133.28,65.98],[-133.29,65.98],[-133.3,65.97],[-133.31,65.97],[-133.34,65.96],[-133.36,65.95],[-133.37,65.95],[-133.39,65.94],[-133.4,65.94],[-133.42,65.93],[-133.43,65.93],[-133.44,65.93],[-133.45,65.94],[-133.46,65.94],[-133.47,65.94],[-133.51,65.95],[-133.53,65.95],[-133.54,65.95],[-133.56,65.95],[-133.58,65.95],[-133.59,65.95],[-133.6,65.95],[-133.61,65.96],[-133.63,65.96],[-133.64,65.97],[-133.64,65.98],[-133.64,65.99],[-133.63,65.99],[-133.62,66],[-133.62,66.01],[-133.61,66.01],[-133.6,66.02],[-133.59,66.02],[-133.59,66.03],[-133.59,66.04],[-133.6,66.04],[-133.61,66.04],[-133.62,66.04],[-133.63,66.04],[-133.64,66.05],[-133.66,66.05],[-133.67,66.06],[-133.68,66.07],[-133.68,66.08],[-133.67,66.09],[-133.65,66.1],[-133.64,66.1],[-133.63,66.11],[-133.61,66.11],[-133.61,66.12],[-133.6,66.12],[-133.59,66.13],[-133.58,66.14],[-133.57,66.15],[-133.57,66.16],[-133.57,66.17],[-133.57,66.18],[-133.57,66.19],[-133.58,66.19],[-133.58,66.2],[-133.59,66.21],[-133.59,66.22],[-133.59,66.23],[-133.59,66.24],[-133.59,66.25],[-133.59,66.26],[-133.59,66.27],[-133.6,66.27],[-133.6,66.28],[-133.61,66.28],[-133.62,66.29],[-133.63,66.29],[-133.65,66.3],[-133.67,66.3],[-133.68,66.3],[-133.69,66.3],[-133.7,66.3],[-133.72,66.3],[-133.73,66.3],[-133.75,66.3],[-133.78,66.3],[-133.79,66.3],[-133.81,66.3],[-133.82,66.3],[-133.83,66.3],[-133.84,66.31],[-133.84,66.32],[-133.84,66.33],[-133.83,66.34],[-133.82,66.34],[-133.81,66.35],[-133.8,66.35],[-133.8,66.36],[-133.79,66.36],[-133.79,66.37],[-133.8,66.38],[-133.79,66.38],[-133.79,66.39],[-133.79,66.4],[-133.78,66.41],[-133.78,66.42],[-133.76,66.42],[-133.76,66.43],[-133.74,66.43],[-133.72,66.44],[-133.7,66.44],[-133.69,66.44],[-133.66,66.43],[-133.65,66.43],[-133.64,66.43],[-133.63,66.43],[-133.63,66.44],[-133.64,66.45],[-133.65,66.46],[-133.65,66.47],[-133.67,66.47],[-133.68,66.48],[-133.69,66.48],[-133.69,66.49],[-133.69,66.5],[-133.7,66.51],[-133.7,66.52],[-133.68,66.53],[-133.66,66.53],[-133.64,66.53],[-133.63,66.54],[-133.62,66.54],[-133.61,66.55],[-133.6,66.56],[-133.61,66.56],[-133.62,66.56],[-133.64,66.57],[-133.65,66.57],[-133.66,66.58],[-133.67,66.58],[-133.67,66.59],[-133.69,66.6],[-133.7,66.6],[-133.72,66.61],[-133.74,66.61],[-133.75,66.62],[-133.77,66.63],[-133.78,66.63],[-133.8,66.64],[-133.8,66.65],[-133.79,66.65],[-133.78,66.66],[-133.76,66.66],[-133.75,66.67],[-133.76,66.68],[-133.77,66.68],[-133.78,66.68],[-133.79,66.69],[-133.81,66.69],[-133.82,66.7],[-133.83,66.7],[-133.84,66.7],[-133.85,66.71],[-133.85,66.72],[-133.84,66.72],[-133.83,66.73],[-133.81,66.73],[-133.8,66.73],[-133.79,66.74],[-133.79,66.75],[-133.78,66.76],[-133.78,66.77],[-133.77,66.78],[-133.77,66.79],[-133.76,66.79],[-133.77,66.8],[-133.78,66.81],[-133.79,66.81],[-133.8,66.82],[-133.81,66.82],[-133.81,66.83],[-133.82,66.83],[-133.82,66.84],[-133.84,66.84],[-133.85,66.85],[-133.87,66.86],[-133.88,66.86],[-133.89,66.87],[-133.9,66.88],[-133.91,66.88],[-133.92,66.89],[-133.93,66.9],[-133.95,66.91],[-133.96,66.91],[-133.98,66.91],[-134,66.91],[-134.02,66.91],[-134.05,66.92],[-134.06,66.92],[-134.07,66.92],[-134.08,66.93],[-134.1,66.93],[-134.11,66.94],[-134.12,66.95],[-134.12,66.96],[-134.11,66.96],[-134.11,66.97],[-134.1,66.97],[-134.09,66.97],[-134.07,66.97],[-134.05,66.97],[-134.04,66.98],[-134.01,66.98],[-134,66.98],[-133.98,66.98],[-133.96,66.98],[-133.94,66.98],[-133.9,66.98],[-133.87,66.98],[-133.84,66.99],[-133.83,66.99],[-133.82,67],[-134.01,67],[-135.01,67],[-135.06,67],[-136.16,67],[-136.17,67],[-136.17,67.01],[-136.17,67.02],[-136.18,67.03],[-136.18,67.04],[-136.18,67.05],[-136.19,67.06],[-136.19,67.07],[-136.2,67.08],[-136.2,67.09],[-136.2,67.1],[-136.2,67.11],[-136.2,67.12],[-136.2,67.13],[-136.19,67.14],[-136.2,67.14],[-136.21,67.15],[-136.23,67.16],[-136.24,67.17],[-136.24,67.18],[-136.23,67.18],[-136.22,67.19],[-136.2,67.19],[-136.18,67.2],[-136.17,67.21],[-136.16,67.21],[-136.15,67.22],[-136.14,67.23],[-136.14,67.24],[-136.13,67.25],[-136.12,67.26],[-136.12,67.27],[-136.11,67.28],[-136.11,67.29],[-136.11,67.3],[-136.12,67.3],[-136.12,67.31],[-136.13,67.31],[-136.13,67.32],[-136.14,67.33],[-136.15,67.34],[-136.16,67.35],[-136.16,67.36],[-136.16,67.37],[-136.16,67.38],[-136.18,67.38],[-136.19,67.39],[-136.21,67.39],[-136.22,67.4],[-136.22,67.41],[-136.22,67.42],[-136.21,67.42],[-136.21,67.43],[-136.2,67.43],[-136.2,67.44],[-136.19,67.45],[-136.19,67.46],[-136.18,67.47],[-136.18,67.48],[-136.18,67.49],[-136.18,67.5],[-136.19,67.51],[-136.19,67.52],[-136.19,67.53],[-136.19,67.54],[-136.19,67.55],[-136.19,67.56],[-136.2,67.57],[-136.21,67.58],[-136.22,67.58],[-136.23,67.59],[-136.24,67.6],[-136.25,67.61],[-136.26,67.61],[-136.28,67.62],[-136.29,67.62],[-136.3,67.63],[-136.31,67.63],[-136.32,67.63],[-136.34,67.63],[-136.37,67.63],[-136.38,67.63],[-136.4,67.63],[-136.42,67.63],[-136.43,67.63],[-136.45,67.63],[-136.45,67.64],[-136.44,67.65],[-136.44,67.66],[-136.43,67.66],[-136.43,67.67],[-136.43,67.68],[-136.44,67.69],[-136.44,67.7],[-136.45,67.71],[-136.44,67.71],[-136.44,67.94],[-136.43,68.86],[-136.43,68.88],[-136.36,68.86],[-136.22,68.81],[-136.19,68.82],[-136.11,68.81],[-136.05,68.78],[-135.74,68.69],[-135.55,68.67],[-135.54,68.67],[-135.46,68.67],[-135.39,68.67],[-135.39,68.68],[-135.48,68.72],[-135.49,68.73],[-135.57,68.82],[-135.62,68.83],[-135.62,68.85],[-135.52,68.88],[-135.18,68.86],[-134.95,68.88],[-134.9,68.87],[-134.85,68.85],[-134.83,68.81],[-134.56,68.69],[-134.46,68.67],[-134.38,68.63],[-134.39,68.61],[-134.35,68.59],[-134.38,68.52],[-134.31,68.49],[-134.28,68.5],[-134.29,68.51],[-134.25,68.61],[-134.28,68.65],[-134.35,68.68],[-134.48,68.71],[-134.66,68.8],[-134.82,68.9],[-134.76,68.91],[-134.48,68.79],[-134.43,68.78],[-134.43,68.82],[-134.68,68.94],[-134.65,69],[-134.55,69.05],[-134.44,69.09],[-134.34,69.15],[-134.21,69.19],[-133.96,69.3],[-133.88,69.32],[-133.74,69.38],[-133.62,69.41],[-133.35,69.41],[-133.17,69.44],[-133.09,69.49],[-133.11,69.56],[-133.09,69.6],[-132.96,69.64],[-132.71,69.68],[-132.61,69.73],[-132.53,69.75],[-132.32,69.74],[-132.2,69.75],[-131.85,69.83],[-131.78,69.88],[-131.63,69.92],[-131.55,69.96],[-131.47,69.97],[-131.41,69.96],[-131.32,69.92],[-131.23,69.92],[-131.23,69.99],[-131.2,70.04],[-131.16,70.06],[-130.85,70.13],[-130.76,70.13],[-130.73,70.16],[-130.66,70.17],[-130.61,70.17],[-130.55,70.14],[-130.42,70.13],[-130.34,70.09],[-130.08,70.07],[-130,70.1],[-129.96,70.17],[-129.88,70.23],[-129.8,70.24],[-129.76,70.24],[-129.53,70.13],[-129.51,70.06],[-129.55,70.03],[-130.02,69.9],[-130.68,69.77],[-130.74,69.75],[-130.75,69.73],[-130.72,69.7],[-130.73,69.68],[-130.95,69.64],[-130.99,69.63],[-131.02,69.59],[-131.06,69.58],[-131.1,69.58],[-131.18,69.62],[-131.34,69.63],[-131.56,69.57],[-131.71,69.57],[-131.9,69.54],[-132.09,69.53],[-132.22,69.5],[-132.25,69.48],[-132.26,69.4],[-132.37,69.36],[-132.41,69.31],[-132.56,69.3],[-132.57,69.29],[-132.51,69.25],[-132.52,69.22],[-132.56,69.22],[-132.55,69.2],[-132.56,69.19],[-132.52,69.18],[-132.47,69.2],[-132.46,69.22],[-132.45,69.24],[-132.4,69.25],[-132.37,69.25],[-132.28,69.25],[-132.19,69.27],[-132.17,69.29],[-132.11,69.29],[-131.92,69.36],[-131.9,69.38],[-131.99,69.42],[-131.98,69.44],[-131.81,69.49],[-131.75,69.48],[-131.71,69.47],[-131.66,69.46],[-131.61,69.44],[-131.58,69.44],[-131.53,69.44],[-131.52,69.46],[-131.55,69.5],[-131.52,69.51],[-131.44,69.5],[-131.3,69.44],[-131.28,69.47],[-131.4,69.53],[-131.39,69.55],[-131.35,69.56],[-131.31,69.55],[-131.27,69.52],[-131.23,69.52],[-131.21,69.53],[-131.26,69.58],[-131.24,69.59],[-131.2,69.58],[-131.16,69.56],[-131.08,69.54],[-131.04,69.51],[-131.05,69.47],[-131.03,69.43],[-131.01,69.36],[-131.12,69.24],[-131.1,69.19],[-131.05,69.16],[-131.01,69.16],[-130.98,69.18],[-130.95,69.29],[-130.89,69.36],[-130.62,69.53],[-130.55,69.64],[-130.5,69.67],[-130.41,69.69],[-130.22,69.72],[-130.04,69.73],[-129.72,69.81],[-129.32,69.86],[-129.28,69.86],[-129.19,69.88],[-129.1,69.94],[-129.02,69.97],[-128.96,69.95],[-128.99,69.91],[-129.23,69.8],[-129.26,69.75],[-129.25,69.73],[-129.19,69.69],[-129.08,69.68],[-129.02,69.69],[-129.01,69.76],[-128.76,69.82],[-128.71,69.84],[-128.65,69.9],[-128.51,69.93],[-128.44,69.96],[-128.42,70],[-128.44,70.03],[-128.42,70.09],[-128.36,70.13],[-128.19,70.17],[-127.98,70.18],[-127.75,70.17],[-127.71,70.19],[-127.7,70.2],[-127.73,70.22],[-128.09,70.29],[-128.14,70.31],[-128.16,70.36],[-128.29,70.37],[-128.34,70.39],[-128.33,70.44],[-128.27,70.5],[-128.24,70.52],[-128.13,70.54],[-128.09,70.53],[-128.03,70.5],[-127.83,70.44],[-127.67,70.4],[-127.55,70.35],[-127.29,70.26],[-127.19,70.19],[-126.94,70.05],[-126.87,70],[-126.87,69.96],[-126.67,69.76],[-126.13,69.42],[-126.01,69.39],[-125.77,69.36],[-125.7,69.32],[-125.67,69.32],[-125.57,69.34],[-125.52,69.33],[-125.45,69.31],[-125.39,69.31],[-125.35,69.34],[-125.37,69.38],[-125.33,69.39],[-125.23,69.38],[-125.18,69.4],[-125.23,69.43],[-125.35,69.44],[-125.51,69.44],[-125.55,69.44],[-125.58,69.46],[-125.52,69.48],[-125.39,69.48],[-125.32,69.49],[-125.27,69.52],[-125.29,69.55],[-125.43,69.58],[-125.46,69.6],[-125.45,69.65],[-125.19,69.69],[-125.16,69.71],[-125.32,69.8],[-125.32,69.82],[-125.23,69.83],[-125.13,69.8],[-125.08,69.81],[-125.04,69.84],[-125.04,69.88],[-124.89,69.91],[-124.86,69.93],[-124.9,69.95],[-125.01,69.97],[-125.21,69.94],[-125.24,69.95],[-125.25,70],[-125.09,70.05],[-124.93,70.02],[-124.84,70.04],[-124.63,70.02],[-124.57,70.03],[-124.54,70.05],[-124.57,70.07],[-124.74,70.08],[-124.76,70.09],[-124.75,70.12],[-124.81,70.15],[-124.75,70.17],[-124.62,70.17],[-124.59,70.16],[-124.61,70.13],[-124.59,70.12],[-124.48,70.11],[-124.47,70.05],[-124.43,70.03],[-124.44,70.02],[-124.53,69.98],[-124.55,69.96],[-124.49,69.9],[-124.47,69.86],[-124.56,69.76]]],[[[-110,77.98],[-110.33,77.92],[-110.77,77.89],[-110.88,77.88],[-110.92,77.86],[-110.87,77.82],[-110.67,77.79],[-110.25,77.8],[-110.16,77.78],[-110.13,77.75],[-110.21,77.7],[-110.12,77.62],[-110.23,77.56],[-110.59,77.45],[-110.86,77.4],[-110.97,77.39],[-111.16,77.41],[-111.45,77.39],[-111.88,77.32],[-112.09,77.31],[-112.32,77.33],[-112.5,77.35],[-112.63,77.42],[-112.75,77.44],[-112.97,77.46],[-113.02,77.48],[-113.3,77.52],[-113.33,77.54],[-113.27,77.61],[-113.47,77.69],[-113.41,77.72],[-113.39,77.77],[-113.39,77.88],[-113.43,77.9],[-113.4,77.96],[-113.3,77.97],[-113.12,77.95],[-112.94,77.96],[-112.5,78.02],[-112.18,78.04],[-111.91,78.04],[-111.49,78.08],[-111.16,78.1],[-110.82,78.09],[-110.47,78.11],[-110.25,78.1],[-110,78.1],[-110,77.98]]],[[[-110,78.29],[-110.26,78.27],[-110.64,78.26],[-110.84,78.28],[-111.02,78.32],[-111.22,78.35],[-111.31,78.35],[-111.36,78.33],[-111.48,78.31],[-111.56,78.27],[-111.64,78.27],[-111.8,78.28],[-111.98,78.33],[-112.26,78.36],[-112.9,78.32],[-113,78.27],[-113.09,78.26],[-113.19,78.27],[-113.22,78.28],[-113.19,78.31],[-113.28,78.37],[-113.12,78.45],[-112.88,78.5],[-112.46,78.55],[-111.6,78.6],[-111.21,78.69],[-110.91,78.7],[-110.75,78.72],[-110.56,78.73],[-110.38,78.73],[-110.06,78.71],[-110,78.69],[-110,78.29]]],[[[-110,72.58],[-110.35,72.64],[-110.38,72.66],[-110.37,72.68],[-110.28,72.7],[-110.08,72.68],[-110,72.68],[-110,72.58]]],[[[-110,72.72],[-110.28,72.76],[-110.44,72.84],[-110.85,72.93],[-110.87,72.98],[-110.81,73.01],[-110.7,73.02],[-110.48,73.04],[-110.1,73],[-110,72.98],[-110,72.72]]],[[[-116.44,69.54],[-116.49,69.54],[-116.6,69.54],[-116.63,69.57],[-116.83,69.61],[-116.89,69.67],[-117.21,69.79],[-117.33,69.86],[-117.4,69.92],[-117.44,69.99],[-117.42,70.03],[-117.37,70.08],[-117.27,70.11],[-116.94,70.16],[-116.42,70.2],[-116.17,70.21],[-115.96,70.24],[-115.84,70.23],[-115.49,70.24],[-114.91,70.28],[-114.68,70.28],[-114.58,70.3],[-114.49,70.32],[-114.3,70.33],[-114.09,70.31],[-113.85,70.27],[-113.69,70.26],[-113.33,70.28],[-113.04,70.23],[-112.92,70.24],[-112.83,70.23],[-112.59,70.2],[-112.54,70.2],[-112.52,70.23],[-112.19,70.27],[-111.98,70.25],[-111.75,70.27],[-111.48,70.25],[-111.41,70.25],[-111.41,70.27],[-111.48,70.29],[-111.49,70.33],[-111.5,70.34],[-111.56,70.36],[-111.86,70.36],[-112.03,70.39],[-112.15,70.48],[-112.27,70.52],[-112.39,70.55],[-112.6,70.55],[-112.78,70.58],[-112.99,70.59],[-113.56,70.71],[-113.71,70.7],[-113.8,70.7],[-114.07,70.75],[-114.2,70.73],[-114.36,70.73],[-114.47,70.72],[-114.57,70.69],[-115.06,70.65],[-115.25,70.64],[-115.42,70.65],[-115.52,70.64],[-115.73,70.65],[-115.83,70.65],[-116.09,70.65],[-116.15,70.66],[-116.21,70.69],[-116.28,70.71],[-116.62,70.69],[-116.94,70.66],[-117.23,70.68],[-117.33,70.67],[-117.53,70.68],[-117.68,70.7],[-117.82,70.82],[-118.02,70.86],[-118.38,70.98],[-118.46,71.04],[-118.44,71.06],[-118.32,71.09],[-118.23,71.11],[-117.92,71.18],[-117.74,71.2],[-117.58,71.2],[-117.46,71.21],[-117.37,71.25],[-117.22,71.27],[-117.14,71.27],[-116.86,71.31],[-116.78,71.35],[-116.52,71.38],[-116.24,71.39],[-116.09,71.38],[-115.99,71.38],[-115.75,71.42],[-115.72,71.43],[-115.74,71.45],[-115.81,71.46],[-116.11,71.45],[-116.14,71.47],[-116.1,71.49],[-115.74,71.53],[-115.51,71.49],[-115.44,71.49],[-115.3,71.5],[-115.24,71.53],[-115.27,71.54],[-115.32,71.55],[-115.42,71.53],[-115.49,71.54],[-115.54,71.59],[-115.58,71.59],[-115.63,71.6],[-115.84,71.58],[-116.21,71.55],[-116.77,71.48],[-116.99,71.49],[-117.08,71.49],[-117.35,71.44],[-117.42,71.45],[-117.48,71.5],[-117.58,71.52],[-117.64,71.51],[-117.53,71.42],[-117.62,71.41],[-117.84,71.44],[-118.02,71.43],[-118.19,71.44],[-118.28,71.45],[-118.32,71.48],[-118.24,71.55],[-118.16,71.57],[-117.73,71.61],[-117.75,71.64],[-117.88,71.65],[-117.93,71.71],[-117.98,71.72],[-118.1,71.71],[-118.2,71.64],[-118.28,71.62],[-118.35,71.63],[-118.51,71.69],[-118.72,71.73],[-118.83,71.72],[-118.88,71.68],[-118.95,71.67],[-118.99,71.68],[-119.05,71.72],[-119.1,71.9],[-118.95,72.04],[-118.76,72.16],[-118.34,72.22],[-118.27,72.25],[-118.24,72.28],[-118.23,72.31],[-118.27,72.34],[-118.6,72.38],[-118.69,72.43],[-118.64,72.52],[-118.55,72.58],[-118.37,72.66],[-118.15,72.71],[-117.85,72.76],[-117.66,72.82],[-117.47,72.94],[-116.8,73.01],[-116.42,73.11],[-115.91,73.17],[-115.35,73.27],[-114.85,73.37],[-114.67,73.38],[-114.55,73.36],[-114.27,73.27],[-114.05,73.08],[-114.1,72.99],[-114.1,72.9],[-114.37,72.83],[-114.42,72.81],[-114.4,72.75],[-114.43,72.72],[-114.68,72.67],[-114.73,72.64],[-114.69,72.61],[-114.58,72.6],[-114.37,72.62],[-114.24,72.64],[-114.18,72.66],[-113.99,72.68],[-113.91,72.71],[-113.74,72.74],[-113.69,72.72],[-113.82,72.67],[-113.85,72.65],[-113.84,72.63],[-113.76,72.63],[-113.62,72.67],[-113.54,72.72],[-113.53,72.75],[-113.58,72.8],[-113.66,72.82],[-113.68,72.85],[-113.55,72.95],[-113.36,73.03],[-113.19,73.04],[-113,73.01],[-112.76,73.01],[-112.46,72.93],[-111.76,72.81],[-111.41,72.71],[-111.36,72.69],[-111.32,72.65],[-111.47,72.56],[-111.53,72.49],[-111.66,72.43],[-111.8,72.39],[-112.1,72.34],[-112.18,72.3],[-112.12,72.29],[-112.05,72.3],[-111.92,72.33],[-111.83,72.34],[-111.8,72.33],[-111.77,72.29],[-111.7,72.29],[-111.54,72.34],[-111.58,72.39],[-111.53,72.42],[-111.36,72.47],[-111.32,72.45],[-111.41,72.41],[-111.42,72.39],[-111.39,72.35],[-111.17,72.32],[-111.14,72.34],[-111.18,72.42],[-111.13,72.46],[-111.1,72.47],[-110.94,72.49],[-110.83,72.57],[-110.75,72.58],[-110.67,72.56],[-110.65,72.54],[-110.67,72.5],[-110.64,72.46],[-110.59,72.46],[-110.49,72.47],[-110.54,72.52],[-110.48,72.53],[-110.39,72.52],[-110.3,72.48],[-110.19,72.47],[-110.12,72.46],[-110.08,72.47],[-110.08,72.49],[-110.27,72.54],[-110.27,72.56],[-110.17,72.56],[-110,72.52],[-110,72.33],[-110,71.5],[-110,70.83],[-110,70],[-112,70],[-112.14,69.91],[-112.15,69.9],[-112.16,69.9],[-112.17,69.9],[-112.18,69.9],[-112.19,69.9],[-112.2,69.9],[-112.28,69.9],[-112.29,69.9],[-112.3,69.9],[-112.3,69.89],[-112.31,69.89],[-112.33,69.85],[-112.33,69.84],[-112.34,69.84],[-112.35,69.84],[-112.36,69.84],[-112.37,69.84],[-112.38,69.84],[-112.82,69.85],[-112.83,69.85],[-112.84,69.85],[-112.85,69.85],[-112.86,69.85],[-112.86,69.86],[-112.87,69.86],[-112.88,70],[-113,70],[-116,70],[-116.76,70],[-116.75,69.72],[-116.38,69.63],[-116.36,69.63],[-116.34,69.62],[-116.32,69.62],[-116.31,69.61],[-116.29,69.6],[-116.28,69.59],[-116.28,69.58],[-116.29,69.57],[-116.3,69.56],[-116.31,69.56],[-116.32,69.55],[-116.34,69.55],[-116.44,69.54]]],[[[-114.03,77.73],[-114.18,77.72],[-114.32,77.72],[-114.63,77.78],[-115.01,77.89],[-115.1,77.94],[-115.06,77.97],[-114.97,77.99],[-114.72,78.01],[-114.53,78.06],[-114.43,78.07],[-114.38,78.06],[-114.17,77.97],[-113.83,77.9],[-113.68,77.83],[-113.78,77.77],[-114.03,77.73]]],[[[-113.83,77.13],[-113.89,77.12],[-113.97,77.13],[-114,77.15],[-113.98,77.17],[-113.89,77.17],[-113.81,77.16],[-113.78,77.14],[-113.83,77.13]]],[[[-113.45,77.08],[-113.51,77.08],[-113.58,77.09],[-113.62,77.11],[-113.6,77.12],[-113.5,77.13],[-113.42,77.12],[-113.4,77.1],[-113.45,77.08]]],[[[-122.85,76.06],[-122.95,76.06],[-122.99,76.09],[-122.82,76.11],[-122.73,76.11],[-122.73,76.08],[-122.85,76.06]]],[[[-113.75,76.72],[-114.11,76.73],[-114.31,76.73],[-114.54,76.75],[-114.73,76.75],[-114.85,76.77],[-114.93,76.82],[-114.94,76.85],[-114.92,76.86],[-114.74,76.88],[-114.52,76.88],[-114,76.91],[-113.81,76.88],[-113.74,76.85],[-113.54,76.83],[-113.5,76.8],[-113.56,76.76],[-113.75,76.72]]],[[[-122.37,75.89],[-122.45,75.88],[-122.51,75.89],[-122.58,75.94],[-122.51,75.94],[-122.38,75.92],[-122.34,75.9],[-122.37,75.89]]],[[[-121.19,75.74],[-121.3,75.74],[-121.35,75.77],[-121.32,75.79],[-121.06,75.85],[-121.03,75.92],[-120.96,75.93],[-120.91,75.92],[-120.85,75.87],[-120.9,75.83],[-121.04,75.78],[-121.19,75.74]]],[[[-119.81,77.08],[-119.48,77.17],[-119.44,77.24],[-119.24,77.33],[-119.12,77.36],[-118.86,77.38],[-118.14,77.36],[-117.92,77.34],[-117.67,77.34],[-117.59,77.33],[-117.51,77.3],[-117.31,77.29],[-117.21,77.3],[-117.2,77.33],[-117.12,77.33],[-116.97,77.32],[-116.86,77.35],[-116.84,77.37],[-116.89,77.4],[-117.19,77.43],[-117.23,77.45],[-117.21,77.46],[-117.03,77.48],[-116.91,77.51],[-116.86,77.54],[-116.69,77.56],[-116.55,77.54],[-116.45,77.51],[-116.17,77.47],[-116.09,77.4],[-115.84,77.36],[-115.76,77.34],[-115.74,77.32],[-115.79,77.29],[-116.06,77.19],[-116.18,77.17],[-116.51,77.14],[-116.58,77.1],[-116.53,77.06],[-116.45,77.04],[-115.94,76.97],[-115.89,76.94],[-116.01,76.93],[-116.31,76.98],[-116.41,76.97],[-116.43,76.96],[-116.38,76.92],[-116.3,76.91],[-116.16,76.85],[-116.18,76.79],[-116.14,76.75],[-116.17,76.7],[-116.26,76.66],[-116.44,76.62],[-116.94,76.59],[-117.17,76.55],[-117.21,76.51],[-117.16,76.42],[-117.21,76.38],[-117.28,76.32],[-117.43,76.31],[-117.5,76.3],[-117.66,76.31],[-117.91,76.36],[-118.11,76.38],[-118.18,76.42],[-117.96,76.7],[-117.88,76.76],[-117.92,76.78],[-118,76.79],[-118.22,76.75],[-118.32,76.75],[-118.44,76.77],[-118.51,76.76],[-118.52,76.71],[-118.57,76.69],[-118.44,76.58],[-118.47,76.55],[-118.6,76.51],[-118.79,76.54],[-118.93,76.53],[-118.96,76.51],[-118.83,76.46],[-118.69,76.38],[-118.72,76.31],[-118.79,76.27],[-118.96,76.22],[-118.97,76.19],[-118.92,76.13],[-118.96,76.1],[-119.01,76.08],[-119.14,76.09],[-119.3,76.11],[-119.38,76.16],[-119.38,76.24],[-119.56,76.32],[-119.59,76.36],[-119.67,76.36],[-119.72,76.29],[-119.61,76.21],[-119.7,76.19],[-119.67,76.14],[-119.77,76.12],[-119.71,76.09],[-119.6,76.07],[-119.52,76.03],[-119.56,75.99],[-119.71,75.95],[-119.86,75.84],[-119.96,75.83],[-120.09,75.84],[-120.14,75.86],[-120.26,75.85],[-120.32,75.83],[-120.44,75.83],[-120.53,75.88],[-120.47,75.95],[-120.71,76.06],[-120.71,76.12],[-120.82,76.18],[-120.92,76.2],[-120.98,76.19],[-121.01,76.13],[-120.99,76.09],[-120.9,76.03],[-120.91,75.99],[-120.97,75.98],[-121.12,76],[-121.26,75.96],[-121.36,75.95],[-121.44,75.96],[-121.49,75.99],[-121.67,76.03],[-121.75,76.05],[-121.86,76.07],[-121.96,76.06],[-122.22,75.99],[-122.4,75.97],[-122.56,75.98],[-122.66,76.01],[-122.53,76.11],[-122.62,76.16],[-122.6,76.19],[-122.63,76.22],[-122.77,76.2],[-122.87,76.17],[-122.99,76.15],[-123.06,76.17],[-123.04,76.19],[-122.51,76.4],[-121.93,76.48],[-121.45,76.62],[-121.22,76.72],[-120.88,76.78],[-120.48,76.82],[-120.2,76.94],[-120.01,77],[-119.91,77.06],[-119.81,77.08]]],[[[-118.51,75.53],[-118.69,75.52],[-118.8,75.54],[-118.92,75.58],[-119.29,75.61],[-119.35,75.66],[-119.15,75.74],[-119,75.84],[-118.89,75.89],[-118.61,75.95],[-118.53,76],[-118.36,76.01],[-118.24,76.04],[-118.1,76.06],[-117.88,76.12],[-117.78,76.13],[-117.64,76.11],[-117.62,76.06],[-117.77,75.96],[-117.83,75.88],[-118.06,75.75],[-118.22,75.64],[-118.51,75.53]]],[[[-110.59,72.64],[-110.5,72.64],[-110.46,72.63],[-110.45,72.61],[-110.46,72.6],[-110.49,72.58],[-110.56,72.59],[-110.6,72.6],[-110.59,72.62],[-110.59,72.64]]],[[[-124.4,73.86],[-124.51,73.86],[-124.55,73.88],[-124.57,73.92],[-124.53,73.94],[-124.47,73.93],[-124.37,73.89],[-124.4,73.86]]],[[[-124.58,73.67],[-124.64,73.66],[-124.7,73.67],[-124.73,73.69],[-124.72,73.7],[-124.67,73.71],[-124.6,73.7],[-124.58,73.67]]],[[[-124.35,73.63],[-124.19,73.58],[-124.21,73.56],[-124.36,73.55],[-124.4,73.55],[-124.44,73.58],[-124.39,73.62],[-124.35,73.63]]],[[[-119.63,74],[-119.59,74.02],[-119.69,74.09],[-119.52,74.19],[-119.41,74.2],[-119.18,74.18],[-119.07,74.11],[-119.19,74.02],[-119.13,73.99],[-119.06,73.99],[-119.01,74],[-118.95,74.04],[-118.82,74.09],[-118.81,74.12],[-118.87,74.17],[-118.75,74.22],[-118.5,74.25],[-118.17,74.23],[-117.89,74.25],[-117.72,74.24],[-117.54,74.22],[-117.38,74.18],[-116.92,74],[-116.75,73.95],[-116.48,73.86],[-116.05,73.74],[-115.86,73.68],[-115.63,73.58],[-115.57,73.54],[-115.68,73.45],[-115.97,73.36],[-116.62,73.3],[-116.78,73.27],[-117.22,73.15],[-117.39,73.08],[-117.72,73.04],[-118.02,72.94],[-118.41,72.88],[-118.66,72.81],[-119.04,72.73],[-119.11,72.7],[-119.21,72.62],[-119.24,72.57],[-119.41,72.41],[-119.52,72.36],[-119.67,72.32],[-119.9,72.22],[-119.94,72.21],[-120.07,72.22],[-120.16,72.25],[-120.3,72.27],[-120.38,72.26],[-120.4,72.22],[-120.3,72.15],[-120.36,72.09],[-120.42,72.06],[-120.52,71.95],[-120.54,71.85],[-120.48,71.74],[-120.5,71.64],[-120.54,71.6],[-120.64,71.55],[-120.85,71.48],[-121.16,71.41],[-121.47,71.36],[-121.56,71.36],[-121.66,71.38],[-121.74,71.44],[-121.78,71.45],[-121.89,71.43],[-121.97,71.41],[-122.09,71.33],[-122.26,71.26],[-122.66,71.18],[-122.73,71.16],[-122.84,71.1],[-123.16,71.1],[-123.3,71.12],[-123.57,71.27],[-123.65,71.34],[-123.67,71.38],[-123.94,71.54],[-124.24,71.67],[-124.52,71.73],[-124.76,71.81],[-125.09,71.87],[-125.16,71.89],[-125.26,71.95],[-125.58,71.98],[-125.91,71.97],[-125.97,71.97],[-126,71.98],[-125.97,72.02],[-125.89,72.03],[-125.82,72.06],[-125.82,72.09],[-125.87,72.12],[-125.84,72.14],[-125.77,72.16],[-125.7,72.19],[-125.7,72.26],[-125.53,72.29],[-125.5,72.31],[-125.3,72.46],[-125.24,72.47],[-125.16,72.52],[-125.04,72.55],[-125.01,72.57],[-125.1,72.64],[-125.04,72.7],[-125.07,72.78],[-125.21,72.85],[-125.2,72.88],[-125.16,72.89],[-124.99,72.87],[-124.89,72.87],[-124.62,72.92],[-124.52,72.96],[-124.56,72.99],[-124.69,73],[-124.79,73.03],[-124.85,73.07],[-124.63,73.23],[-124.58,73.25],[-124.46,73.43],[-124.33,73.47],[-124.16,73.5],[-124.04,73.55],[-124.1,73.64],[-124.07,73.67],[-123.88,73.73],[-123.86,73.76],[-123.88,73.8],[-123.97,73.84],[-124.14,73.87],[-124.33,73.96],[-124.52,74.23],[-124.56,74.25],[-124.64,74.26],[-124.69,74.28],[-124.7,74.32],[-124.83,74.33],[-124.88,74.35],[-124.51,74.4],[-124.22,74.38],[-123.73,74.42],[-123.34,74.42],[-122.95,74.45],[-122.34,74.47],[-122.16,74.49],[-121.94,74.5],[-121.7,74.5],[-121.29,74.52],[-121.13,74.5],[-121.02,74.47],[-120.94,74.43],[-120.5,74.3],[-120.3,74.26],[-120.07,74.24],[-119.84,74.23],[-119.74,74.22],[-119.71,74.18],[-119.79,74.15],[-119.83,74.09],[-119.79,74.06],[-119.67,74.01],[-119.63,74]]],[[[-135.65,69.55],[-135.71,69.54],[-135.75,69.56],[-135.74,69.59],[-135.67,69.61],[-135.62,69.6],[-135.65,69.55]]],[[[-134.93,69.67],[-134.96,69.67],[-135.03,69.67],[-135.06,69.68],[-135.05,69.7],[-135.02,69.71],[-134.96,69.7],[-134.92,69.69],[-134.93,69.67]]],[[[-135.79,69.48],[-135.76,69.45],[-135.78,69.44],[-135.82,69.44],[-135.88,69.45],[-135.93,69.46],[-135.94,69.47],[-135.9,69.48],[-135.79,69.48]]],[[[-135.47,69.49],[-135.42,69.49],[-135.4,69.48],[-135.42,69.46],[-135.49,69.45],[-135.51,69.46],[-135.5,69.48],[-135.47,69.49]]],[[[-135.64,69.44],[-135.61,69.44],[-135.57,69.44],[-135.56,69.43],[-135.55,69.41],[-135.55,69.4],[-135.59,69.4],[-135.64,69.41],[-135.65,69.42],[-135.64,69.44]]],[[[-135.18,69.46],[-135.18,69.48],[-135.1,69.5],[-135.03,69.5],[-135,69.48],[-134.9,69.48],[-134.86,69.47],[-134.66,69.45],[-134.56,69.46],[-134.55,69.49],[-134.66,69.53],[-134.65,69.56],[-134.55,69.59],[-134.57,69.64],[-134.65,69.67],[-134.59,69.7],[-134.54,69.69],[-134.36,69.63],[-134.35,69.57],[-134.28,69.54],[-134.15,69.53],[-134.09,69.51],[-134.03,69.51],[-133.9,69.54],[-133.87,69.54],[-133.84,69.51],[-133.96,69.4],[-134.21,69.28],[-134.32,69.19],[-134.4,69.17],[-134.49,69.11],[-134.71,69.06],[-134.78,69],[-134.82,69],[-134.94,69.03],[-135,69.03],[-135.05,69.02],[-134.98,68.96],[-135.02,68.92],[-135.08,68.9],[-135.25,68.91],[-135.33,68.91],[-135.44,68.93],[-135.53,68.93],[-135.64,68.99],[-135.89,69.02],[-136.07,69.1],[-136.15,69.17],[-136.17,69.19],[-136.18,69.2],[-136.14,69.21],[-136.09,69.21],[-136.01,69.17],[-135.94,69.17],[-135.94,69.19],[-136.01,69.25],[-136,69.27],[-135.95,69.29],[-135.85,69.28],[-135.81,69.25],[-135.69,69.29],[-135.62,69.29],[-135.49,69.26],[-135.36,69.25],[-135.32,69.28],[-135.35,69.31],[-135.42,69.35],[-135.44,69.4],[-135.24,69.47],[-135.18,69.46]]],[[[-136.39,69.15],[-136.35,69.16],[-136.32,69.16],[-136.28,69.13],[-136.34,69.12],[-136.39,69.15]]],[[[-135.5,69.31],[-135.56,69.31],[-135.61,69.34],[-135.57,69.36],[-135.47,69.33],[-135.47,69.31],[-135.5,69.31]]],[[[-136.36,69.06],[-136.4,69.07],[-136.42,69.08],[-136.44,69.09],[-136.45,69.1],[-136.42,69.11],[-136.38,69.11],[-136.33,69.09],[-136.32,69.07],[-136.36,69.06]]],[[[-133.95,69.6],[-134.03,69.58],[-134.11,69.58],[-134.13,69.59],[-134.13,69.6],[-134.09,69.61],[-133.98,69.61],[-133.95,69.6]]],[[[-136.25,69.05],[-136.21,69.03],[-136.21,69.01],[-136.24,69],[-136.29,69.01],[-136.31,69.02],[-136.31,69.04],[-136.25,69.05]]],[[[-128.51,70.56],[-128.55,70.57],[-128.5,70.6],[-128.49,70.65],[-128.45,70.66],[-128.39,70.65],[-128.34,70.62],[-128.36,70.59],[-128.46,70.56],[-128.51,70.56]]],[[[-136.16,68.97],[-136.17,68.95],[-136.21,68.94],[-136.24,68.94],[-136.28,68.96],[-136.27,68.98],[-136.24,68.99],[-136.21,68.99],[-136.16,68.97]]],[[[-136.01,68.98],[-136.04,68.97],[-136.09,68.98],[-136.13,69],[-136.14,69.01],[-136.13,69.02],[-136.08,69.02],[-136.04,69.01],[-136.01,68.98]]],[[[-133.58,69.48],[-133.68,69.48],[-133.67,69.51],[-133.62,69.52],[-133.57,69.52],[-133.54,69.5],[-133.58,69.48]]],[[[-136.2,68.92],[-136.14,68.93],[-136.11,68.92],[-136.08,68.92],[-136.04,68.91],[-136.02,68.9],[-136.02,68.88],[-136.05,68.87],[-136.11,68.87],[-136.2,68.92]]],[[[-135.84,68.91],[-135.86,68.95],[-135.8,68.96],[-135.71,68.95],[-135.67,68.94],[-135.71,68.91],[-135.74,68.9],[-135.84,68.91]]],[[[-136.06,68.94],[-136.01,68.95],[-135.96,68.95],[-135.91,68.92],[-135.87,68.91],[-135.83,68.89],[-135.85,68.87],[-135.88,68.87],[-135.91,68.88],[-135.96,68.9],[-136.01,68.92],[-136.04,68.93],[-136.06,68.94]]],[[[-110,74.88],[-110.09,74.88],[-110.21,74.85],[-110.31,74.84],[-110.43,74.85],[-110.62,74.83],[-110.72,74.81],[-110.77,74.78],[-110.76,74.76],[-110.86,74.73],[-111.2,74.67],[-111.59,74.58],[-112.02,74.52],[-112.24,74.47],[-113.05,74.42],[-113.53,74.44],[-113.78,74.47],[-114.09,74.53],[-114.24,74.58],[-114.51,74.64],[-114.55,74.68],[-114.47,74.72],[-114.17,74.8],[-113.88,74.82],[-113.65,74.82],[-113.41,74.84],[-113.34,74.87],[-113.34,74.91],[-113.3,74.93],[-113.16,74.96],[-112.56,75.01],[-112.28,75.06],[-112.19,75.06],[-111.9,75.03],[-111.82,75.04],[-111.7,75.09],[-111.48,75.11],[-111.44,75.12],[-111.45,75.15],[-111.2,75.24],[-111.25,75.26],[-111.37,75.28],[-111.51,75.27],[-111.67,75.21],[-112.21,75.18],[-112.39,75.15],[-112.47,75.17],[-112.44,75.22],[-112.49,75.25],[-112.54,75.25],[-112.58,75.22],[-112.67,75.21],[-112.72,75.22],[-112.76,75.25],[-112.75,75.27],[-112.82,75.3],[-112.86,75.29],[-112.85,75.21],[-112.98,75.14],[-113.05,75.13],[-113.16,75.14],[-113.24,75.13],[-113.3,75.1],[-113.72,75.06],[-113.94,75.06],[-114,75.07],[-114.04,75.1],[-113.81,75.19],[-113.83,75.21],[-113.91,75.22],[-113.96,75.28],[-113.83,75.36],[-113.61,75.41],[-113.48,75.45],[-113.54,75.47],[-113.62,75.46],[-113.79,75.42],[-113.94,75.41],[-114.08,75.42],[-114.15,75.47],[-114.2,75.47],[-114.25,75.47],[-114.28,75.45],[-114.22,75.3],[-114.27,75.28],[-114.34,75.27],[-114.45,75.29],[-114.52,75.31],[-114.71,75.34],[-114.8,75.33],[-114.77,75.3],[-114.57,75.28],[-114.47,75.23],[-114.39,75.17],[-114.46,75.11],[-114.56,75.09],[-114.88,75.06],[-115.02,75.02],[-115.19,75],[-115.25,75],[-115.31,75.05],[-115.24,75.12],[-115.33,75.18],[-115.37,75.19],[-115.45,75.18],[-115.49,75.15],[-115.57,75.14],[-115.66,75.17],[-115.76,75.16],[-115.61,75.05],[-115.67,75.03],[-115.82,75.03],[-115.94,75.05],[-116.2,75.08],[-116.29,75.14],[-116.37,75.15],[-116.41,75.18],[-116.36,75.23],[-116.41,75.24],[-116.52,75.22],[-116.72,75.18],[-117.48,75.24],[-117.55,75.26],[-117.64,75.31],[-117.62,75.37],[-117.62,75.42],[-117.47,75.48],[-117.35,75.52],[-117.18,75.53],[-116.38,75.53],[-116.08,75.55],[-115.92,75.57],[-115.79,75.62],[-115.51,75.65],[-115.45,75.68],[-115.25,75.72],[-115.26,75.73],[-115.31,75.74],[-115.46,75.72],[-115.64,75.7],[-115.87,75.69],[-116.02,75.68],[-116.16,75.65],[-116.6,75.62],[-117.22,75.65],[-117.27,75.68],[-117.27,75.7],[-117.14,75.8],[-117.02,75.84],[-116.93,75.85],[-116.55,75.86],[-116.25,75.85],[-116.08,75.86],[-115.83,75.9],[-115.37,75.89],[-115.09,75.91],[-115.09,75.94],[-115.16,75.94],[-115.32,75.94],[-115.52,75.94],[-115.97,75.93],[-116.23,75.91],[-116.54,75.9],[-116.84,75.92],[-116.92,75.95],[-116.88,75.98],[-116.7,76],[-116.57,76.03],[-116.71,76.11],[-116.65,76.15],[-116.58,76.16],[-116.11,76.19],[-116.03,76.21],[-115.86,76.23],[-115.13,76.18],[-114.94,76.18],[-114.94,76.2],[-115.15,76.22],[-115.36,76.25],[-115.88,76.27],[-116.14,76.3],[-116.17,76.32],[-116.03,76.37],[-115.98,76.43],[-115.84,76.47],[-115.46,76.51],[-115.3,76.51],[-115.17,76.52],[-115.06,76.55],[-114.92,76.56],[-114.46,76.51],[-114.35,76.48],[-114.31,76.42],[-114.34,76.36],[-114.12,76.25],[-114.01,76.24],[-113.87,76.26],[-113.36,76.28],[-113.03,76.25],[-112.8,76.21],[-112.69,76.2],[-112.63,76.19],[-112.53,76.09],[-112.27,76.02],[-111.99,75.96],[-111.95,75.94],[-112.01,75.92],[-112.38,75.9],[-112.36,75.87],[-112.2,75.86],[-112.01,75.83],[-111.84,75.85],[-111.75,75.85],[-111.64,75.83],[-111.57,75.74],[-111.56,75.65],[-111.51,75.62],[-111.37,75.57],[-111.25,75.57],[-111.07,75.57],[-110.91,75.61],[-110.72,75.62],[-110.27,75.56],[-110,75.55],[-110,74.88]]],[[[-110,75.9],[-110.01,75.9],[-110.05,75.91],[-110.02,75.93],[-110,75.93],[-110,75.9]]],[[[-110,76.27],[-110.1,76.29],[-110.19,76.32],[-110.38,76.34],[-110.48,76.41],[-110.5,76.46],[-110.48,76.49],[-110.37,76.51],[-110.14,76.53],[-110.03,76.55],[-110,76.56],[-110,76.27]]]]}},{"type":"Feature","properties":{"NAME":"Nunavut","CODE":"CA13"},"geometry":{"type":"MultiPolygon","coordinates":[[[[-92.13,62.32],[-92.15,62.28],[-92.19,62.29],[-92.2,62.31],[-92.19,62.32],[-92.13,62.32]]],[[[-92.34,62.17],[-92.39,62.15],[-92.42,62.15],[-92.44,62.15],[-92.45,62.17],[-92.45,62.18],[-92.42,62.2],[-92.4,62.2],[-92.38,62.19],[-92.34,62.17]]],[[[-92.53,62.05],[-92.55,62.03],[-92.56,62.03],[-92.59,62.03],[-92.61,62.03],[-92.63,62.04],[-92.64,62.06],[-92.65,62.08],[-92.62,62.08],[-92.59,62.09],[-92.57,62.08],[-92.53,62.05]]],[[[-93,61.85],[-93.04,61.86],[-93.07,61.88],[-93.16,61.9],[-93.15,61.93],[-93.04,61.96],[-92.99,61.96],[-92.95,61.93],[-92.95,61.88],[-93,61.85]]],[[[-81.45,64.22],[-81.5,64.23],[-81.49,64.26],[-81.45,64.28],[-81.41,64.28],[-81.39,64.26],[-81.41,64.24],[-81.45,64.22]]],[[[-107.91,66.96],[-107.94,66.94],[-107.98,66.94],[-108.02,66.95],[-108.07,67],[-108.05,67.01],[-107.99,67],[-107.91,66.96]]],[[[-107.81,66.88],[-107.86,66.87],[-107.91,66.88],[-107.92,66.89],[-107.92,66.9],[-107.9,66.91],[-107.87,66.92],[-107.85,66.93],[-107.88,66.98],[-107.84,66.99],[-107.8,66.98],[-107.81,66.97],[-107.81,66.95],[-107.79,66.94],[-107.77,66.92],[-107.78,66.89],[-107.81,66.88]]],[[[-74.43,68.5],[-74.46,68.48],[-74.48,68.48],[-74.52,68.47],[-74.55,68.48],[-74.56,68.49],[-74.55,68.51],[-74.51,68.52],[-74.45,68.52],[-74.43,68.5]]],[[[-74.4,68.41],[-74.36,68.45],[-74.3,68.44],[-74.21,68.4],[-74.09,68.38],[-74.08,68.37],[-74.15,68.28],[-74.16,68.26],[-74.21,68.24],[-74.24,68.23],[-74.28,68.24],[-74.3,68.25],[-74.29,68.27],[-74.28,68.29],[-74.28,68.32],[-74.36,68.36],[-74.42,68.4],[-74.4,68.41]]],[[[-74.07,68.14],[-74.11,68.14],[-74.13,68.15],[-74.16,68.17],[-74.17,68.19],[-74.16,68.21],[-74.12,68.21],[-74.1,68.2],[-74.07,68.19],[-74.04,68.17],[-74.07,68.14]]],[[[-62.77,65.6],[-62.72,65.6],[-62.64,65.59],[-62.65,65.57],[-62.7,65.56],[-62.78,65.57],[-62.79,65.58],[-62.77,65.6]]],[[[-62.99,65.57],[-63.04,65.55],[-63.06,65.55],[-63.09,65.56],[-63.1,65.57],[-63.11,65.58],[-63.09,65.6],[-63.06,65.6],[-63.02,65.59],[-62.99,65.57]]],[[[-62.91,67.1],[-62.95,67.09],[-62.98,67.1],[-62.98,67.12],[-62.96,67.13],[-62.94,67.14],[-62.91,67.14],[-62.88,67.14],[-62.87,67.13],[-62.91,67.1]]],[[[-62.81,67.08],[-62.78,67.03],[-62.83,67.02],[-62.87,67.03],[-62.91,67.06],[-62.86,67.08],[-62.81,67.08]]],[[[-74.61,72.2],[-74.68,72.19],[-74.72,72.19],[-74.74,72.2],[-74.75,72.21],[-74.74,72.22],[-74.71,72.24],[-74.67,72.24],[-74.63,72.24],[-74.6,72.23],[-74.58,72.22],[-74.61,72.2]]],[[[-74.76,72.26],[-74.76,72.25],[-74.78,72.24],[-74.82,72.23],[-74.86,72.22],[-74.93,72.2],[-74.99,72.19],[-75.04,72.2],[-75.03,72.22],[-75,72.23],[-74.93,72.25],[-74.87,72.26],[-74.81,72.27],[-74.76,72.26]]],[[[-72.95,71.56],[-73.02,71.57],[-73.06,71.59],[-73.01,71.66],[-72.97,71.66],[-72.88,71.65],[-72.78,71.67],[-72.72,71.66],[-72.7,71.64],[-72.76,71.6],[-72.83,71.58],[-72.95,71.56]]],[[[-73.38,71.57],[-73.43,71.6],[-73.4,71.63],[-73.27,71.69],[-73.2,71.69],[-73.18,71.66],[-73.26,71.6],[-73.32,71.58],[-73.38,71.57]]],[[[-74.57,71.71],[-74.55,71.72],[-74.52,71.73],[-74.44,71.72],[-74.42,71.71],[-74.45,71.68],[-74.51,71.67],[-74.58,71.68],[-74.59,71.7],[-74.57,71.71]]],[[[-73.14,71.34],[-73.24,71.35],[-73.31,71.4],[-73.31,71.51],[-73.28,71.54],[-73.21,71.56],[-73.15,71.55],[-73.13,71.54],[-73.15,71.5],[-73.12,71.48],[-73,71.5],[-72.94,71.47],[-72.96,71.44],[-73.04,71.42],[-73.07,71.39],[-73.07,71.35],[-73.14,71.34]]],[[[-71.06,71.11],[-71.11,71.09],[-71.17,71.07],[-71.21,71.07],[-71.24,71.07],[-71.26,71.08],[-71.24,71.1],[-71.22,71.11],[-71.17,71.12],[-71.06,71.14],[-71.03,71.13],[-71.06,71.11]]],[[[-72.06,70.82],[-72.14,70.85],[-72.09,70.9],[-72,70.94],[-71.93,71.01],[-71.88,71.03],[-71.79,71.03],[-71.54,71.01],[-71.36,71.02],[-71.34,70.99],[-71.4,70.94],[-71.44,70.92],[-71.7,70.88],[-71.98,70.82],[-72.06,70.82]]],[[[-74.14,78.68],[-74.27,78.7],[-74.42,78.75],[-74.34,78.78],[-74.06,78.76],[-73.97,78.73],[-74.03,78.69],[-74.14,78.68]]],[[[-77.67,77.79],[-77.86,77.83],[-77.81,77.86],[-77.76,77.87],[-77.57,77.87],[-77.53,77.85],[-77.57,77.8],[-77.67,77.79]]],[[[-81.4,77.41],[-81.46,77.41],[-81.5,77.41],[-81.55,77.42],[-81.58,77.44],[-81.59,77.45],[-81.56,77.46],[-81.48,77.47],[-81.44,77.45],[-81.41,77.45],[-81.39,77.43],[-81.4,77.41]]],[[[-78.64,76.95],[-78.7,76.95],[-78.75,76.95],[-78.75,76.97],[-78.75,77],[-78.73,77.01],[-78.7,77.02],[-78.65,77.02],[-78.59,77.01],[-78.58,76.99],[-78.61,76.96],[-78.64,76.95]]],[[[-80.1,72.56],[-80.05,72.53],[-80.04,72.5],[-80.11,72.48],[-80.18,72.5],[-80.22,72.52],[-80.2,72.56],[-80.16,72.56],[-80.1,72.56]]],[[[-78.93,72.35],[-79.05,72.39],[-79.03,72.41],[-78.96,72.43],[-78.77,72.42],[-78.74,72.41],[-78.76,72.38],[-78.85,72.36],[-78.93,72.35]]],[[[-79.45,72.38],[-79.56,72.39],[-79.6,72.42],[-79.59,72.44],[-79.5,72.44],[-79.43,72.42],[-79.41,72.4],[-79.45,72.38]]],[[[-64.8,81.76],[-64.86,81.75],[-64.94,81.75],[-65.04,81.75],[-65.11,81.77],[-65.12,81.78],[-64.98,81.8],[-64.85,81.79],[-64.8,81.77],[-64.8,81.76]]],[[[-66.32,81.63],[-66.36,81.62],[-66.47,81.61],[-66.58,81.6],[-66.7,81.6],[-66.79,81.61],[-66.79,81.62],[-66.69,81.63],[-66.6,81.64],[-66.39,81.64],[-66.32,81.63]]],[[[-66.95,80.9],[-66.93,80.88],[-66.99,80.86],[-67.08,80.85],[-67.13,80.86],[-67.15,80.87],[-67.09,80.9],[-67.02,80.9],[-66.95,80.9]]],[[[-74.52,83.08],[-74.59,83.09],[-74.63,83.1],[-74.68,83.11],[-74.63,83.13],[-74.55,83.13],[-74.43,83.12],[-74.36,83.11],[-74.31,83.1],[-74.37,83.08],[-74.52,83.08]]],[[[-77.61,82.96],[-77.68,82.95],[-77.77,82.94],[-77.89,82.95],[-77.93,82.96],[-77.99,82.97],[-78.02,82.98],[-78,83],[-77.96,83.02],[-77.88,83.02],[-77.74,83.01],[-77.68,83],[-77.61,82.96]]],[[[-64.65,60.68],[-64.62,60.7],[-64.59,60.7],[-64.56,60.7],[-64.54,60.7],[-64.55,60.69],[-64.57,60.67],[-64.59,60.66],[-64.62,60.66],[-64.66,60.66],[-64.65,60.68]]],[[[-64.55,60.61],[-64.59,60.62],[-64.59,60.63],[-64.57,60.64],[-64.55,60.65],[-64.52,60.66],[-64.47,60.66],[-64.47,60.64],[-64.49,60.63],[-64.51,60.62],[-64.53,60.62],[-64.55,60.61]]],[[[-64.75,60.48],[-64.74,60.51],[-64.7,60.52],[-64.48,60.48],[-64.33,60.41],[-64.27,60.35],[-64.29,60.34],[-64.53,60.39],[-64.56,60.42],[-64.6,60.44],[-64.72,60.46],[-64.75,60.48]]],[[[-73.88,64.34],[-73.92,64.3],[-73.96,64.3],[-73.99,64.31],[-73.99,64.32],[-73.96,64.34],[-73.93,64.35],[-73.88,64.34]]],[[[-73.77,64.35],[-73.75,64.31],[-73.75,64.28],[-73.78,64.27],[-73.82,64.28],[-73.85,64.3],[-73.83,64.31],[-73.84,64.34],[-73.81,64.35],[-73.77,64.36],[-73.77,64.35]]],[[[-73.47,64.25],[-73.5,64.23],[-73.52,64.22],[-73.54,64.22],[-73.57,64.22],[-73.59,64.24],[-73.61,64.25],[-73.6,64.27],[-73.58,64.27],[-73.55,64.28],[-73.51,64.27],[-73.47,64.25]]],[[[-67.91,63.33],[-67.94,63.34],[-67.98,63.35],[-67.99,63.37],[-67.95,63.39],[-67.9,63.38],[-67.87,63.35],[-67.87,63.34],[-67.91,63.33]]],[[[-73.3,64.13],[-73.36,64.14],[-73.39,64.17],[-73.38,64.18],[-73.31,64.2],[-73.27,64.19],[-73.25,64.18],[-73.26,64.14],[-73.3,64.13]]],[[[-67.76,63.19],[-67.8,63.2],[-67.84,63.23],[-67.83,63.25],[-67.8,63.25],[-67.76,63.24],[-67.74,63.22],[-67.74,63.2],[-67.76,63.19]]],[[[-64.22,62.51],[-64.24,62.52],[-64.26,62.53],[-64.24,62.55],[-64.19,62.56],[-64.17,62.55],[-64.17,62.54],[-64.19,62.52],[-64.22,62.51]]],[[[-67.09,63.09],[-67.11,63.12],[-67.08,63.13],[-66.99,63.12],[-66.92,63.11],[-66.86,63.1],[-66.83,63.07],[-66.83,63.05],[-66.86,63.02],[-66.88,63.02],[-66.91,63.02],[-66.97,63.04],[-67.04,63.06],[-67.09,63.09]]],[[[-68.09,63.27],[-68.09,63.31],[-68.04,63.32],[-67.97,63.25],[-67.92,63.23],[-67.91,63.22],[-67.93,63.2],[-67.97,63.2],[-68.09,63.27]]],[[[-68.16,63.23],[-68.23,63.26],[-68.24,63.28],[-68.21,63.3],[-68.16,63.29],[-68.14,63.28],[-68.13,63.26],[-68.13,63.24],[-68.16,63.23]]],[[[-75.66,64.3],[-75.7,64.31],[-75.72,64.32],[-75.7,64.34],[-75.63,64.35],[-75.56,64.34],[-75.56,64.32],[-75.66,64.3]]],[[[-66.54,62.91],[-66.59,62.94],[-66.58,62.95],[-66.55,62.96],[-66.5,62.95],[-66.45,62.93],[-66.44,62.92],[-66.45,62.9],[-66.49,62.89],[-66.52,62.89],[-66.54,62.91]]],[[[-65.02,62.52],[-65.05,62.54],[-65.01,62.58],[-64.99,62.58],[-64.93,62.62],[-64.87,62.62],[-64.86,62.6],[-64.92,62.54],[-65.02,62.52]]],[[[-71.73,63.64],[-71.75,63.65],[-71.77,63.67],[-71.76,63.68],[-71.75,63.69],[-71.72,63.69],[-71.67,63.68],[-71.69,63.65],[-71.73,63.64]]],[[[-71.6,63.59],[-71.63,63.59],[-71.66,63.59],[-71.69,63.6],[-71.69,63.61],[-71.67,63.62],[-71.65,63.63],[-71.61,63.63],[-71.6,63.62],[-71.59,63.6],[-71.6,63.59]]],[[[-64.36,62.54],[-64.35,62.52],[-64.41,62.48],[-64.39,62.44],[-64.43,62.41],[-64.51,62.4],[-64.75,62.4],[-64.82,62.4],[-64.92,62.42],[-64.93,62.44],[-64.91,62.46],[-64.83,62.48],[-64.78,62.55],[-64.73,62.56],[-64.59,62.56],[-64.46,62.56],[-64.36,62.54]]],[[[-72.75,63.75],[-72.8,63.75],[-72.81,63.76],[-72.83,63.76],[-72.82,63.77],[-72.81,63.78],[-72.78,63.8],[-72.75,63.8],[-72.73,63.79],[-72.75,63.75]]],[[[-72.36,63.72],[-72.39,63.72],[-72.42,63.7],[-72.44,63.7],[-72.47,63.69],[-72.51,63.69],[-72.53,63.68],[-72.56,63.67],[-72.59,63.67],[-72.62,63.68],[-72.63,63.69],[-72.63,63.71],[-72.6,63.72],[-72.56,63.72],[-72.52,63.72],[-72.49,63.73],[-72.42,63.75],[-72.37,63.74],[-72.36,63.72]]],[[[-71.55,63.51],[-71.58,63.52],[-71.6,63.53],[-71.6,63.54],[-71.56,63.56],[-71.52,63.55],[-71.5,63.54],[-71.52,63.52],[-71.55,63.51]]],[[[-72.76,63.68],[-72.78,63.68],[-72.8,63.67],[-72.83,63.68],[-72.84,63.7],[-72.83,63.71],[-72.8,63.71],[-72.76,63.71],[-72.75,63.7],[-72.76,63.68]]],[[[-72.23,63.62],[-72.25,63.6],[-72.28,63.6],[-72.31,63.6],[-72.33,63.61],[-72.33,63.63],[-72.31,63.63],[-72.28,63.64],[-72.23,63.64],[-72.21,63.63],[-72.23,63.62]]],[[[-65.86,62.15],[-65.83,62.17],[-65.79,62.15],[-65.83,62.13],[-65.86,62.15]]],[[[-77.95,63.91],[-78.01,63.92],[-78.02,63.94],[-77.98,63.97],[-77.9,64],[-77.81,64],[-77.75,64.01],[-77.62,64],[-77.55,63.95],[-77.57,63.92],[-77.63,63.9],[-77.85,63.92],[-77.95,63.91]]],[[[-65.83,62.04],[-65.86,62.05],[-65.87,62.06],[-65.85,62.08],[-65.8,62.07],[-65.79,62.06],[-65.83,62.04]]],[[[-71.38,63.01],[-71.41,63.01],[-71.45,63.02],[-71.49,63.03],[-71.51,63.04],[-71.5,63.05],[-71.47,63.06],[-71.37,63.04],[-71.36,63.03],[-71.38,63.01]]],[[[-71.01,62.95],[-71.04,62.95],[-71.07,62.95],[-71.12,62.95],[-71.15,62.96],[-71.15,62.98],[-71.14,62.99],[-71.1,62.98],[-71.04,62.98],[-71.02,62.97],[-71.01,62.95]]],[[[-65.01,61.81],[-65.16,61.86],[-65.22,61.91],[-65.17,61.97],[-65.12,61.99],[-65.08,61.98],[-64.94,61.92],[-64.81,61.88],[-64.75,61.81],[-64.78,61.79],[-64.8,61.78],[-64.93,61.8],[-65.01,61.81]]],[[[-71.02,62.77],[-71.06,62.77],[-71.1,62.77],[-71.14,62.78],[-71.15,62.8],[-71.13,62.81],[-71.1,62.81],[-71.04,62.8],[-71.01,62.78],[-71.02,62.77]]],[[[-65.6,61.79],[-65.64,61.8],[-65.66,61.81],[-65.59,61.85],[-65.57,61.81],[-65.6,61.79]]],[[[-65.27,61.73],[-65.31,61.72],[-65.36,61.73],[-65.39,61.76],[-65.36,61.77],[-65.28,61.75],[-65.27,61.73]]],[[[-69.99,62.55],[-70.02,62.57],[-70.01,62.58],[-69.97,62.59],[-69.93,62.58],[-69.95,62.56],[-69.99,62.55]]],[[[-65.83,61.79],[-65.88,61.8],[-65.91,61.83],[-65.9,61.84],[-65.87,61.85],[-65.83,61.83],[-65.81,61.81],[-65.83,61.79]]],[[[-70.57,62.55],[-70.67,62.58],[-70.76,62.66],[-70.78,62.7],[-70.75,62.76],[-70.78,62.78],[-70.91,62.82],[-71.17,62.85],[-71.19,62.87],[-71.17,62.9],[-71.08,62.89],[-70.54,62.81],[-70.38,62.76],[-70.25,62.7],[-70.18,62.65],[-70.2,62.59],[-70.45,62.55],[-70.57,62.55]]],[[[-76.64,63.34],[-76.73,63.35],[-76.82,63.38],[-76.86,63.4],[-77.15,63.5],[-77.23,63.52],[-77.32,63.53],[-77.34,63.55],[-77.32,63.59],[-77.39,63.62],[-77.38,63.65],[-77.31,63.66],[-77.19,63.65],[-77.1,63.68],[-77.05,63.68],[-76.88,63.6],[-76.7,63.57],[-76.6,63.51],[-76.59,63.48],[-76.62,63.45],[-76.57,63.41],[-76.64,63.34]]],[[[-64.83,61.38],[-64.93,61.4],[-65.17,61.54],[-65.37,61.61],[-65.41,61.65],[-65.39,61.66],[-65.3,61.68],[-65.08,61.73],[-65.03,61.74],[-64.74,61.71],[-64.71,61.69],[-64.71,61.66],[-64.68,61.65],[-64.61,61.66],[-64.55,61.65],[-64.54,61.63],[-64.57,61.59],[-64.6,61.59],[-64.7,61.51],[-64.79,61.38],[-64.83,61.38]]],[[[-78.45,63.44],[-78.52,63.46],[-78.5,63.48],[-78.45,63.49],[-78.37,63.48],[-78.38,63.45],[-78.45,63.44]]],[[[-77.86,63.08],[-77.97,63.1],[-78.19,63.21],[-78.42,63.3],[-78.47,63.34],[-78.45,63.38],[-78.4,63.4],[-78.28,63.4],[-78.14,63.45],[-78.08,63.45],[-77.85,63.43],[-77.75,63.36],[-77.7,63.36],[-77.62,63.37],[-77.54,63.36],[-77.52,63.34],[-77.53,63.28],[-77.51,63.25],[-77.55,63.16],[-77.78,63.09],[-77.86,63.08]]],[[[-81.89,64],[-81.61,64.08],[-81.34,64.11],[-81.25,64.11],[-81.08,64.03],[-81.01,64.02],[-80.96,64.04],[-80.95,64.07],[-80.99,64.12],[-80.98,64.14],[-80.94,64.16],[-80.88,64.15],[-80.79,64.12],[-80.65,64.03],[-80.58,64.01],[-80.47,64],[-80.43,63.97],[-80.55,63.94],[-80.55,63.92],[-80.54,63.91],[-80.41,63.9],[-80.29,63.91],[-80.23,63.9],[-80.15,63.86],[-80.1,63.83],[-80.11,63.8],[-80.21,63.78],[-80.41,63.78],[-80.54,63.75],[-80.67,63.66],[-80.86,63.61],[-80.91,63.58],[-80.93,63.5],[-80.98,63.48],[-81.04,63.49],[-81.18,63.55],[-81.32,63.59],[-81.48,63.62],[-81.61,63.63],[-81.87,63.7],[-82.05,63.71],[-82.25,63.69],[-82.37,63.7],[-82.46,63.75],[-82.46,63.8],[-82.4,63.85],[-82.29,63.89],[-82.27,63.93],[-82.33,63.97],[-82.52,64],[-82.66,64.01],[-82.95,63.98],[-83.04,63.99],[-83.1,64.04],[-83.06,64.09],[-82.97,64.14],[-82.96,64.18],[-82.98,64.19],[-83.02,64.19],[-83.21,64.14],[-83.34,64.15],[-83.43,64.14],[-83.5,64.11],[-83.56,64.07],[-83.58,64.02],[-83.51,63.9],[-83.5,63.87],[-83.53,63.83],[-83.61,63.8],[-83.77,63.78],[-83.95,63.69],[-84.05,63.66],[-84.23,63.64],[-84.28,63.6],[-84.38,63.44],[-84.46,63.38],[-84.83,63.24],[-85.06,63.18],[-85.2,63.14],[-85.3,63.12],[-85.4,63.13],[-85.51,63.16],[-85.59,63.22],[-85.61,63.4],[-85.59,63.49],[-85.55,63.54],[-85.52,63.66],[-85.59,63.7],[-85.69,63.72],[-85.7,63.73],[-86.12,63.66],[-86.55,63.65],[-86.87,63.56],[-87,63.55],[-87.09,63.57],[-87.13,63.6],[-87.14,63.65],[-87.09,63.73],[-87.03,63.8],[-86.94,63.85],[-86.78,63.93],[-86.52,64.01],[-86.33,64.08],[-86.27,64.11],[-86.26,64.16],[-86.34,64.31],[-86.38,64.49],[-86.35,64.6],[-86.16,64.84],[-86.13,64.93],[-86.19,64.99],[-86.18,65.03],[-86.12,65.07],[-86.11,65.09],[-86.14,65.11],[-86.1,65.26],[-86.1,65.35],[-86,65.65],[-85.78,65.83],[-85.58,65.93],[-85.54,65.93],[-85.48,65.9],[-85.4,65.82],[-85.25,65.83],[-85.21,65.8],[-85.18,65.77],[-85.17,65.72],[-85.05,65.6],[-85.07,65.58],[-85.19,65.54],[-85.21,65.52],[-85.15,65.49],[-85.08,65.47],[-84.97,65.41],[-84.9,65.31],[-84.91,65.25],[-84.86,65.22],[-84.82,65.21],[-84.76,65.23],[-84.56,65.44],[-84.48,65.48],[-84.42,65.48],[-84.37,65.44],[-84.27,65.38],[-84.19,65.37],[-84.13,65.34],[-84.12,65.25],[-84.01,65.18],[-83.85,65.17],[-83.78,65.15],[-83.49,65.15],[-83.4,65.14],[-83.32,65.08],[-83.3,65.04],[-83.2,64.98],[-82.55,64.78],[-82.28,64.78],[-81.93,64.64],[-81.76,64.53],[-81.74,64.48],[-81.75,64.36],[-81.74,64.3],[-81.61,64.25],[-81.6,64.21],[-81.61,64.18],[-81.65,64.16],[-81.92,64.06],[-81.94,64.02],[-81.89,64]]],[[[-91.49,63.69],[-91.53,63.7],[-91.55,63.71],[-91.55,63.72],[-91.53,63.73],[-91.48,63.73],[-91.45,63.71],[-91.45,63.69],[-91.49,63.69]]],[[[-91.29,63.59],[-91.34,63.6],[-91.37,63.6],[-91.42,63.61],[-91.46,63.62],[-91.49,63.63],[-91.48,63.65],[-91.45,63.66],[-91.34,63.65],[-91.28,63.62],[-91.29,63.59]]],[[[-90.59,63.57],[-90.63,63.57],[-90.68,63.57],[-90.75,63.57],[-90.79,63.57],[-90.82,63.57],[-90.86,63.56],[-90.89,63.57],[-90.9,63.59],[-90.92,63.6],[-90.91,63.61],[-90.88,63.62],[-90.84,63.62],[-90.82,63.61],[-90.79,63.61],[-90.75,63.61],[-90.71,63.61],[-90.67,63.62],[-90.61,63.61],[-90.58,63.61],[-90.59,63.57]]],[[[-91.14,63.56],[-91.16,63.56],[-91.18,63.56],[-91.21,63.57],[-91.22,63.58],[-91.19,63.6],[-91.17,63.6],[-91.13,63.59],[-91.14,63.56]]],[[[-90.46,63.53],[-90.48,63.52],[-90.51,63.52],[-90.53,63.53],[-90.54,63.54],[-90.54,63.55],[-90.53,63.57],[-90.52,63.58],[-90.5,63.58],[-90.47,63.56],[-90.45,63.55],[-90.46,63.53]]],[[[-90.93,63.51],[-90.96,63.51],[-90.99,63.51],[-91,63.52],[-91.02,63.54],[-91.02,63.55],[-91,63.56],[-90.97,63.56],[-90.93,63.54],[-90.93,63.51]]],[[[-90.66,63.49],[-90.68,63.48],[-90.71,63.48],[-90.74,63.49],[-90.75,63.51],[-90.73,63.53],[-90.69,63.52],[-90.66,63.51],[-90.66,63.49]]],[[[-82.61,63.09],[-82.59,63.08],[-82.6,63.06],[-82.64,63.04],[-82.71,63.05],[-82.72,63.07],[-82.65,63.1],[-82.61,63.09]]],[[[-91.87,62.81],[-91.89,62.8],[-91.92,62.8],[-91.94,62.81],[-91.96,62.84],[-91.95,62.85],[-91.91,62.85],[-91.89,62.84],[-91.87,62.83],[-91.87,62.81]]],[[[-83.66,62.16],[-83.69,62.17],[-83.74,62.2],[-83.72,62.29],[-83.72,62.33],[-83.75,62.37],[-83.9,62.45],[-83.89,62.5],[-83.69,62.62],[-83.61,62.67],[-83.5,62.84],[-83.29,62.98],[-83.24,62.99],[-83.18,62.99],[-83.13,62.92],[-83.08,62.89],[-83.02,62.89],[-82.91,62.9],[-82.78,62.98],[-82.74,62.99],[-82.63,62.99],[-82.52,62.97],[-82.43,62.97],[-82.39,62.98],[-82.36,63],[-82.24,63.04],[-81.88,63.01],[-81.83,62.97],[-81.84,62.94],[-81.92,62.88],[-81.93,62.85],[-81.92,62.81],[-81.93,62.77],[-81.98,62.73],[-82.09,62.67],[-82.39,62.54],[-82.68,62.36],[-82.82,62.31],[-83.02,62.21],[-83.09,62.2],[-83.13,62.2],[-83.16,62.22],[-83.17,62.26],[-83.21,62.29],[-83.25,62.3],[-83.39,62.3],[-83.52,62.26],[-83.6,62.18],[-83.66,62.16]]],[[[-79.61,57.85],[-79.63,57.83],[-79.65,57.83],[-79.67,57.84],[-79.69,57.85],[-79.66,57.87],[-79.63,57.87],[-79.61,57.85]]],[[[-79.72,57.55],[-79.71,57.54],[-79.71,57.52],[-79.72,57.52],[-79.72,57.49],[-79.71,57.48],[-79.72,57.46],[-79.73,57.45],[-79.75,57.45],[-79.77,57.46],[-79.79,57.47],[-79.81,57.48],[-79.83,57.5],[-79.81,57.51],[-79.8,57.52],[-79.79,57.54],[-79.78,57.55],[-79.72,57.55]]],[[[-79.84,57.42],[-79.82,57.41],[-79.81,57.4],[-79.81,57.39],[-79.82,57.38],[-79.83,57.37],[-79.85,57.37],[-79.86,57.38],[-79.88,57.4],[-79.87,57.41],[-79.84,57.42]]],[[[-79.58,56.85],[-79.61,56.83],[-79.63,56.84],[-79.65,56.85],[-79.67,56.88],[-79.67,56.9],[-79.66,56.91],[-79.64,56.91],[-79.62,56.91],[-79.58,56.85]]],[[[-78.28,56.66],[-78.3,56.65],[-78.31,56.63],[-78.34,56.63],[-78.36,56.63],[-78.38,56.63],[-78.38,56.64],[-78.35,56.66],[-78.32,56.67],[-78.3,56.67],[-78.28,56.66]]],[[[-79.87,56.91],[-79.87,56.93],[-79.85,56.94],[-79.81,56.93],[-79.73,56.89],[-79.72,56.87],[-79.7,56.83],[-79.7,56.79],[-79.71,56.78],[-79.73,56.78],[-79.75,56.79],[-79.76,56.8],[-79.76,56.81],[-79.77,56.85],[-79.79,56.86],[-79.86,56.88],[-79.87,56.9],[-79.87,56.91]]],[[[-78,56.55],[-78.02,56.54],[-78.05,56.54],[-78.06,56.55],[-78.06,56.56],[-78.05,56.58],[-78.03,56.59],[-78.01,56.58],[-77.99,56.57],[-78,56.55]]],[[[-78.68,56.63],[-78.7,56.62],[-78.73,56.61],[-78.75,56.6],[-78.79,56.6],[-78.83,56.62],[-78.81,56.64],[-78.75,56.65],[-78.68,56.65],[-78.68,56.63]]],[[[-79.88,56.72],[-79.92,56.73],[-79.92,56.75],[-79.89,56.81],[-79.86,56.81],[-79.83,56.77],[-79.84,56.73],[-79.88,56.72]]],[[[-79.11,56.65],[-79.1,56.63],[-79.11,56.62],[-79.13,56.61],[-79.16,56.61],[-79.19,56.61],[-79.21,56.63],[-79.22,56.64],[-79.21,56.66],[-79.17,56.66],[-79.11,56.65]]],[[[-79.54,56.59],[-79.57,56.61],[-79.54,56.67],[-79.57,56.74],[-79.54,56.76],[-79.52,56.76],[-79.48,56.72],[-79.47,56.65],[-79.48,56.62],[-79.54,56.59]]],[[[-77.98,56.25],[-78.01,56.23],[-78.03,56.24],[-78.05,56.24],[-78.06,56.25],[-78.05,56.26],[-78.02,56.27],[-78,56.27],[-77.98,56.25]]],[[[-79.57,56.23],[-79.59,56.22],[-79.61,56.22],[-79.62,56.25],[-79.61,56.27],[-79.6,56.31],[-79.58,56.35],[-79.55,56.36],[-79.53,56.36],[-79.51,56.35],[-79.52,56.33],[-79.54,56.31],[-79.57,56.23]]],[[[-78.83,56.1],[-78.88,56.12],[-78.87,56.16],[-78.79,56.22],[-78.75,56.35],[-78.71,56.42],[-78.68,56.44],[-78.65,56.44],[-78.62,56.41],[-78.67,56.27],[-78.65,56.17],[-78.67,56.14],[-78.78,56.12],[-78.83,56.1]]],[[[-80.03,56.2],[-80,56.25],[-79.95,56.27],[-79.93,56.27],[-79.9,56.28],[-79.87,56.29],[-79.85,56.3],[-79.79,56.33],[-79.74,56.33],[-79.69,56.35],[-79.58,56.49],[-79.56,56.5],[-79.53,56.49],[-79.54,56.45],[-79.56,56.45],[-79.61,56.38],[-79.61,56.37],[-79.62,56.35],[-79.64,56.31],[-79.71,56.26],[-79.92,56.16],[-79.95,56.13],[-80.02,56.13],[-80.04,56.13],[-80.07,56.16],[-80.03,56.2]]],[[[-79.05,55.87],[-79.01,55.93],[-79,55.97],[-78.98,55.99],[-78.96,56.03],[-78.93,56.03],[-78.91,56.02],[-78.96,55.92],[-78.98,55.89],[-79,55.86],[-79,55.83],[-79.01,55.79],[-79.03,55.78],[-79.05,55.78],[-79.07,55.78],[-79.08,55.8],[-79.07,55.81],[-79.07,55.83],[-79.05,55.87]]],[[[-79.05,56.12],[-79.1,56.04],[-79.12,56.03],[-79.14,55.96],[-79.19,55.91],[-79.24,55.89],[-79.27,55.9],[-79.25,55.95],[-79.17,56.03],[-79.14,56.1],[-79.13,56.13],[-79.13,56.15],[-79.15,56.16],[-79.18,56.15],[-79.21,56.11],[-79.23,56.05],[-79.26,56],[-79.29,55.96],[-79.32,55.94],[-79.34,55.91],[-79.36,55.87],[-79.39,55.85],[-79.44,55.83],[-79.48,55.83],[-79.54,55.84],[-79.59,55.84],[-79.68,55.79],[-79.72,55.77],[-79.76,55.77],[-79.77,55.78],[-79.75,55.81],[-79.63,55.91],[-79.53,56.01],[-79.51,56.05],[-79.54,56.06],[-79.62,56.02],[-79.77,55.91],[-79.85,55.82],[-79.89,55.82],[-79.92,55.86],[-79.98,55.88],[-79.97,55.91],[-79.89,55.96],[-79.76,56.1],[-79.72,56.12],[-79.69,56.15],[-79.55,56.2],[-79.47,56.26],[-79.45,56.39],[-79.46,56.45],[-79.43,56.51],[-79.4,56.51],[-79.37,56.47],[-79.42,56.23],[-79.44,56.22],[-79.46,56.2],[-79.49,56.18],[-79.52,56.16],[-79.55,56.15],[-79.55,56.13],[-79.53,56.12],[-79.5,56.12],[-79.47,56.14],[-79.45,56.17],[-79.43,56.18],[-79.4,56.19],[-79.37,56.21],[-79.35,56.27],[-79.33,56.29],[-79.31,56.31],[-79.3,56.36],[-79.25,56.48],[-79.25,56.56],[-79.23,56.58],[-79.19,56.58],[-79.17,56.53],[-79.08,56.49],[-79.04,56.43],[-78.9,56.4],[-78.86,56.38],[-78.85,56.35],[-78.89,56.21],[-78.91,56.19],[-78.92,56.17],[-78.94,56.15],[-78.95,56.11],[-78.98,56.05],[-79,56.02],[-79.03,55.98],[-79.05,55.95],[-79.07,55.91],[-79.09,55.85],[-79.12,55.84],[-79.14,55.85],[-79.15,55.87],[-79.13,55.92],[-79.1,55.97],[-79.07,56.02],[-79.02,56.08],[-78.99,56.14],[-78.97,56.19],[-78.93,56.32],[-78.95,56.34],[-78.98,56.33],[-79.03,56.14],[-79.05,56.12]]],[[[-79.14,55.72],[-79.1,55.71],[-79.11,55.68],[-79.14,55.67],[-79.16,55.66],[-79.18,55.66],[-79.19,55.67],[-79.17,55.7],[-79.16,55.72],[-79.14,55.72]]],[[[-79.28,55.79],[-79.27,55.8],[-79.22,55.79],[-79.21,55.77],[-79.23,55.76],[-79.25,55.74],[-79.25,55.72],[-79.25,55.7],[-79.23,55.68],[-79.25,55.66],[-79.26,55.66],[-79.29,55.66],[-79.3,55.69],[-79.31,55.72],[-79.32,55.74],[-79.31,55.77],[-79.28,55.79]]],[[[-67.52,66.31],[-67.53,66.29],[-67.54,66.28],[-67.55,66.27],[-67.58,66.28],[-67.61,66.29],[-67.6,66.31],[-67.58,66.32],[-67.54,66.31],[-67.52,66.31]]],[[[-63.78,67.53],[-63.82,67.53],[-63.85,67.59],[-63.81,67.64],[-63.76,67.65],[-63.65,67.63],[-63.63,67.55],[-63.65,67.53],[-63.78,67.53]]],[[[-63.68,67.49],[-63.67,67.48],[-63.67,67.46],[-63.69,67.45],[-63.73,67.45],[-63.75,67.45],[-63.77,67.47],[-63.78,67.48],[-63.76,67.49],[-63.73,67.5],[-63.68,67.49]]],[[[-63.68,67.34],[-63.72,67.33],[-63.75,67.34],[-63.77,67.35],[-63.77,67.36],[-63.74,67.38],[-63.73,67.39],[-63.71,67.41],[-63.68,67.41],[-63.66,67.39],[-63.67,67.38],[-63.66,67.36],[-63.68,67.34]]],[[[-63.59,67.29],[-63.63,67.31],[-63.57,67.35],[-63.52,67.36],[-63.45,67.34],[-63.34,67.36],[-63.26,67.35],[-63.24,67.34],[-63.26,67.32],[-63.34,67.31],[-63.59,67.29]]],[[[-75.16,83.08],[-74.82,83.07],[-74.37,83.01],[-74.03,82.92],[-73.96,82.86],[-73.82,82.82],[-72.92,82.74],[-72.38,82.63],[-72.23,82.62],[-72.09,82.65],[-72.15,82.67],[-73.23,82.83],[-73.53,82.89],[-73.7,82.96],[-73.6,82.99],[-73.34,83.02],[-73.05,83.1],[-72.86,83.12],[-72.66,83.11],[-72.18,83.11],[-71.94,83.1],[-71.95,83.04],[-71.83,83.01],[-71.34,82.96],[-71.09,82.92],[-70.96,82.91],[-70.82,82.92],[-70.8,82.94],[-71.37,83.08],[-71.23,83.12],[-70.73,83.14],[-70.36,83.15],[-70.01,83.14],[-69.81,83.12],[-69.64,83.03],[-69.51,83.03],[-69.22,83.03],[-68.99,83.02],[-68.81,82.98],[-68.61,82.98],[-68.32,83.03],[-67.96,82.99],[-67.84,82.99],[-67.56,83.02],[-67.27,83],[-67.15,82.98],[-66.72,82.99],[-66.5,82.98],[-66.41,82.94],[-66.55,82.9],[-66.85,82.85],[-67.48,82.78],[-67.68,82.75],[-68.36,82.7],[-68.37,82.67],[-68.2,82.67],[-67.21,82.73],[-66.42,82.8],[-65.75,82.89],[-65.54,82.88],[-65.37,82.82],[-65.21,82.82],[-65.31,82.92],[-65.19,82.95],[-64.89,82.97],[-64.64,82.94],[-64.57,82.86],[-64.45,82.82],[-64.2,82.83],[-63.9,82.9],[-63.75,82.91],[-63.59,82.89],[-63.55,82.86],[-63.77,82.79],[-63.63,82.75],[-63.23,82.69],[-63.08,82.62],[-63.16,82.55],[-63.29,82.52],[-63.25,82.5],[-63.05,82.5],[-62.7,82.6],[-62.56,82.6],[-61.97,82.56],[-61.56,82.55],[-61.15,82.52],[-61.06,82.49],[-61.02,82.43],[-61.19,82.32],[-61.38,82.28],[-61.65,82.25],[-62.17,82.2],[-62.28,82.16],[-62.21,82.11],[-62.39,82.06],[-63.35,81.92],[-64.09,81.83],[-64.29,81.77],[-64.42,81.77],[-64.58,81.78],[-64.7,81.85],[-64.79,81.85],[-65.04,81.82],[-65.57,81.8],[-65.59,81.77],[-65.38,81.75],[-65.36,81.74],[-65.42,81.72],[-66.05,81.71],[-66.87,81.68],[-67.81,81.64],[-68.09,81.63],[-68.51,81.65],[-68.95,81.69],[-69.04,81.68],[-69.08,81.67],[-69.02,81.64],[-68.95,81.64],[-68.74,81.62],[-68.69,81.59],[-68.79,81.56],[-68.77,81.55],[-68.51,81.54],[-67.24,81.58],[-66.89,81.57],[-66.83,81.54],[-67.06,81.47],[-67.98,81.39],[-68.38,81.34],[-68.83,81.29],[-69.95,81.18],[-70.07,81.15],[-69.85,81.09],[-69.71,81.11],[-69.22,81.22],[-68.31,81.32],[-66.78,81.44],[-65.09,81.59],[-64.69,81.61],[-64.55,81.59],[-64.5,81.57],[-64.78,81.49],[-66.25,81.25],[-66.47,81.2],[-66.93,81.05],[-67.63,80.95],[-67.88,80.86],[-68.57,80.71],[-69.01,80.6],[-69.25,80.47],[-69.25,80.43],[-69.34,80.39],[-69.44,80.38],[-69.66,80.38],[-69.86,80.4],[-69.88,80.45],[-70.12,80.56],[-70.22,80.59],[-70.4,80.59],[-70.46,80.57],[-70.11,80.45],[-70.13,80.36],[-70.05,80.34],[-69.7,80.32],[-69.66,80.3],[-69.66,80.28],[-69.73,80.25],[-69.9,80.21],[-70.12,80.19],[-70.59,80.2],[-70.84,80.19],[-71.31,80.13],[-71.53,80.15],[-71.8,80.24],[-71.94,80.25],[-72.01,80.24],[-72.04,80.22],[-71.83,80.15],[-72.01,80.09],[-71.91,80.08],[-71.57,80.1],[-71.38,80.08],[-71.23,80.09],[-70.43,80.14],[-70.2,80.13],[-70.15,80.11],[-70.21,80.08],[-70.37,80.06],[-70.51,80.03],[-70.91,80.02],[-71.04,79.98],[-71.34,79.93],[-71.4,79.91],[-71.32,79.89],[-71.07,79.89],[-70.83,79.92],[-70.73,79.91],[-70.78,79.88],[-71.27,79.83],[-71.53,79.76],[-71.83,79.71],[-72.14,79.68],[-72.4,79.68],[-72.69,79.69],[-72.81,79.71],[-72.93,79.75],[-72.92,79.78],[-73.01,79.82],[-73.15,79.82],[-73.57,79.81],[-73.82,79.83],[-73.98,79.86],[-74.14,79.86],[-74.31,79.86],[-74.56,79.88],[-74.63,79.85],[-74.51,79.83],[-74.04,79.81],[-73.93,79.79],[-73.25,79.75],[-73.13,79.7],[-73.11,79.61],[-73.16,79.58],[-73.39,79.54],[-73.57,79.53],[-73.75,79.56],[-73.94,79.56],[-74.02,79.52],[-73.94,79.48],[-73.97,79.46],[-74.03,79.46],[-74.27,79.45],[-74.41,79.46],[-74.78,79.5],[-74.94,79.51],[-75,79.5],[-75.05,79.48],[-74.86,79.41],[-74.89,79.39],[-75.06,79.38],[-75.61,79.44],[-75.95,79.5],[-76.14,79.51],[-76.37,79.51],[-76.81,79.53],[-76.86,79.51],[-76.79,79.49],[-76.12,79.46],[-76.06,79.41],[-75.89,79.39],[-75.81,79.37],[-75.88,79.33],[-76.47,79.35],[-76.76,79.37],[-76.94,79.43],[-77.06,79.43],[-77.14,79.39],[-77.09,79.37],[-77.14,79.35],[-77.2,79.34],[-77.34,79.34],[-77.65,79.36],[-77.78,79.36],[-77.83,79.34],[-77.76,79.32],[-77.37,79.3],[-77.34,79.29],[-77.38,79.26],[-77.33,79.25],[-77.17,79.25],[-76.88,79.28],[-76.5,79.29],[-75.91,79.26],[-75.46,79.27],[-75.28,79.27],[-75.1,79.23],[-74.96,79.22],[-74.64,79.24],[-74.53,79.23],[-74.5,79.22],[-74.7,79.13],[-74.54,79.06],[-74.73,79.05],[-75.48,79.09],[-75.93,79.18],[-76.4,79.21],[-77.23,79.19],[-77.72,79.2],[-77.83,79.19],[-77.88,79.17],[-77.85,79.16],[-77.58,79.14],[-76.71,79.15],[-76.24,79.13],[-76.14,79.11],[-76.1,79.09],[-76.13,79.07],[-76.24,79.06],[-76.63,79.06],[-77.39,79.03],[-77.93,79.07],[-78.51,79.07],[-78.59,79.07],[-78.61,79.05],[-78.52,79.03],[-78.15,79.03],[-77.74,79.01],[-77.64,78.98],[-77.63,78.94],[-77.87,78.77],[-77.84,78.75],[-77.71,78.76],[-77.62,78.79],[-77.44,78.91],[-77.31,78.95],[-77.03,78.98],[-76.67,78.98],[-76.18,79.01],[-75.69,78.99],[-75.59,78.97],[-75.69,78.94],[-76.12,78.89],[-76.18,78.86],[-76.04,78.85],[-75.67,78.89],[-75.21,78.91],[-74.99,78.9],[-74.83,78.87],[-74.71,78.86],[-74.63,78.82],[-74.68,78.67],[-74.6,78.61],[-74.65,78.58],[-74.84,78.56],[-75.08,78.57],[-75.3,78.56],[-75.46,78.53],[-75.59,78.53],[-76.19,78.55],[-76.37,78.54],[-76.4,78.52],[-76.3,78.5],[-75.67,78.47],[-75.44,78.45],[-75.18,78.42],[-75.05,78.38],[-75.07,78.34],[-75.33,78.29],[-75.46,78.24],[-75.59,78.22],[-75.7,78.22],[-76.08,78.25],[-76.4,78.26],[-76.59,78.24],[-76.7,78.18],[-76.58,78.16],[-76.33,78.14],[-76.06,78.14],[-75.75,78.16],[-75.55,78.15],[-75.52,78.14],[-75.56,78.11],[-75.75,78.07],[-75.84,78.02],[-75.89,78.01],[-76.04,78.02],[-76.09,78.03],[-76.3,78.04],[-76.39,78.04],[-76.56,78.01],[-76.64,77.95],[-76.83,77.94],[-77.42,77.94],[-78.09,77.97],[-78.29,77.95],[-78.35,77.9],[-78.28,77.87],[-78.06,77.85],[-77.98,77.83],[-77.94,77.76],[-77.99,77.69],[-77.78,77.61],[-78.01,77.48],[-78.28,77.43],[-78.49,77.33],[-78.66,77.31],[-78.85,77.3],[-78.91,77.33],[-78.89,77.34],[-78.95,77.36],[-79.06,77.34],[-79.14,77.3],[-79.24,77.29],[-79.32,77.28],[-79.6,77.3],[-79.8,77.28],[-79.91,77.28],[-79.96,77.3],[-80.48,77.31],[-81.03,77.35],[-81.19,77.4],[-81.24,77.44],[-81.22,77.46],[-81.27,77.49],[-81.39,77.52],[-81.54,77.54],[-81.67,77.58],[-81.65,77.59],[-81.76,77.66],[-81.89,77.66],[-81.91,77.64],[-81.73,77.53],[-81.77,77.47],[-81.74,77.41],[-81.57,77.36],[-81.3,77.35],[-81.22,77.33],[-81.27,77.27],[-81.37,77.25],[-81.54,77.25],[-82.06,77.27],[-82.11,77.26],[-82.13,77.24],[-81.94,77.2],[-81.9,77.18],[-81.92,77.13],[-82.01,77.09],[-82.03,77.05],[-81.99,77.05],[-81.86,77.06],[-81.5,77.18],[-81.22,77.23],[-81.07,77.25],[-80.75,77.24],[-80.34,77.19],[-80.28,77.17],[-80.43,77.09],[-80.36,77.08],[-80.2,77.1],[-80.02,77.16],[-79.97,77.19],[-79.89,77.21],[-79.71,77.2],[-79.53,77.22],[-79.35,77.22],[-79.25,77.2],[-79.03,77.1],[-79.07,77.06],[-79.24,77],[-79.27,76.97],[-79.2,76.96],[-78.94,76.94],[-78.88,76.9],[-78.9,76.88],[-78.85,76.86],[-78.76,76.85],[-78.61,76.87],[-78.41,76.97],[-78.2,77.03],[-78.13,77.04],[-77.9,77.03],[-77.79,77],[-77.71,76.79],[-77.85,76.67],[-78.05,76.64],[-78.11,76.56],[-78.26,76.53],[-78.34,76.49],[-78.43,76.48],[-78.55,76.5],[-78.58,76.54],[-78.56,76.56],[-78.6,76.58],[-78.69,76.58],[-78.78,76.56],[-78.86,76.45],[-79.14,76.39],[-79.2,76.33],[-79.26,76.31],[-79.44,76.3],[-79.61,76.3],[-79.81,76.26],[-79.97,76.26],[-80.13,76.23],[-80.2,76.24],[-80.35,76.24],[-80.52,76.2],[-80.65,76.17],[-80.77,76.18],[-81.03,76.13],[-81.08,76.13],[-81.02,76.19],[-81.14,76.22],[-80.92,76.35],[-80.87,76.41],[-80.88,76.44],[-81.07,76.48],[-81.2,76.55],[-81.32,76.55],[-81.39,76.49],[-81.49,76.46],[-81.91,76.48],[-81.94,76.5],[-81.89,76.56],[-81.97,76.59],[-82.27,76.65],[-82.53,76.74],[-82.59,76.81],[-82.67,76.83],[-82.72,76.8],[-82.68,76.72],[-82.44,76.63],[-82.18,76.58],[-82.21,76.52],[-82.16,76.43],[-82.18,76.41],[-82.22,76.4],[-82.43,76.4],[-82.65,76.37],[-82.77,76.38],[-82.92,76.41],[-83.06,76.58],[-83.28,76.67],[-83.34,76.72],[-83.32,76.75],[-83.39,76.76],[-83.44,76.75],[-83.49,76.68],[-83.27,76.61],[-83.23,76.53],[-83.11,76.48],[-83.11,76.43],[-83.2,76.41],[-83.28,76.41],[-83.41,76.41],[-83.61,76.43],[-83.7,76.48],[-83.88,76.53],[-83.95,76.6],[-84.09,76.65],[-84.17,76.65],[-84.25,76.56],[-84.14,76.48],[-84.15,76.46],[-84.25,76.44],[-84.42,76.41],[-84.59,76.42],[-84.72,76.47],[-84.71,76.51],[-84.79,76.54],[-84.88,76.54],[-84.93,76.46],[-84.89,76.4],[-84.8,76.37],[-84.42,76.32],[-84.37,76.3],[-84.38,76.28],[-84.48,76.27],[-85.37,76.29],[-85.63,76.33],[-86.12,76.35],[-86.35,76.38],[-86.4,76.39],[-86.39,76.42],[-86.24,76.46],[-86.22,76.5],[-86.35,76.58],[-86.41,76.6],[-86.53,76.61],[-86.59,76.59],[-86.6,76.58],[-86.42,76.52],[-86.44,76.48],[-86.66,76.41],[-86.67,76.31],[-86.75,76.3],[-87.05,76.38],[-87.06,76.4],[-87.22,76.45],[-87.26,76.54],[-87.37,76.6],[-87.46,76.6],[-87.47,76.58],[-87.38,76.53],[-87.43,76.45],[-87.38,76.42],[-87.25,76.38],[-87.26,76.36],[-87.5,76.33],[-87.59,76.34],[-87.62,76.36],[-87.71,76.36],[-87.83,76.33],[-88.01,76.36],[-88.19,76.38],[-88.22,76.39],[-88.17,76.47],[-88.19,76.54],[-88.38,76.65],[-88.34,76.76],[-88.42,76.76],[-88.5,76.72],[-88.55,76.64],[-88.34,76.55],[-88.32,76.5],[-88.35,76.41],[-88.39,76.39],[-88.49,76.38],[-88.61,76.39],[-88.59,76.48],[-88.61,76.52],[-88.68,76.53],[-88.72,76.52],[-88.74,76.48],[-88.73,76.39],[-88.79,76.38],[-88.86,76.38],[-89.06,76.41],[-89.18,76.45],[-89.21,76.48],[-89.4,76.53],[-89.37,76.58],[-89.26,76.64],[-89.25,76.73],[-89.34,76.8],[-89.29,76.86],[-89.14,76.9],[-88.74,76.94],[-88.25,77.06],[-87.9,77.1],[-87.39,77.1],[-87.22,77.11],[-87.07,77.14],[-86.93,77.14],[-86.76,77.12],[-86.64,77.13],[-86.63,77.15],[-86.68,77.17],[-86.82,77.17],[-86.93,77.19],[-86.91,77.22],[-86.79,77.23],[-86.78,77.25],[-86.83,77.26],[-86.95,77.26],[-87.03,77.28],[-87.01,77.3],[-86.78,77.33],[-86.81,77.35],[-86.99,77.35],[-87.33,77.32],[-87.52,77.33],[-87.59,77.35],[-87.53,77.5],[-87.75,77.56],[-87.74,77.58],[-87.92,77.63],[-87.9,77.69],[-88.06,77.79],[-88.04,77.84],[-88,77.85],[-87.79,77.84],[-87.64,77.86],[-87.25,77.91],[-86.75,77.91],[-86.58,77.89],[-85.95,77.77],[-85.81,77.72],[-85.83,77.62],[-85.74,77.46],[-85.69,77.44],[-85.52,77.45],[-85.38,77.41],[-85,77.4],[-84.63,77.35],[-84.57,77.35],[-84.5,77.36],[-84.42,77.4],[-84.11,77.38],[-83.93,77.39],[-83.54,77.38],[-83.4,77.36],[-83.31,77.38],[-83.3,77.39],[-83.59,77.45],[-83.57,77.48],[-83.28,77.53],[-83.06,77.64],[-82.69,77.77],[-82.4,77.96],[-82.34,78.03],[-82.18,78.06],[-82.17,78.09],[-82.34,78.1],[-82.48,78.09],[-82.55,77.99],[-82.71,77.89],[-82.86,77.84],[-83.09,77.71],[-83.65,77.53],[-83.78,77.51],[-84.14,77.53],[-84.53,77.53],[-84.59,77.54],[-84.62,77.55],[-84.57,77.59],[-84.37,77.65],[-84.33,77.68],[-84.28,77.77],[-84.31,77.78],[-84.42,77.78],[-84.42,77.72],[-84.58,77.7],[-84.65,77.66],[-84.72,77.64],[-84.85,77.64],[-85.06,77.66],[-85.19,77.69],[-85.15,77.75],[-84.82,77.81],[-84.81,77.82],[-84.85,77.83],[-84.97,77.83],[-85.09,77.82],[-85.21,77.82],[-85.27,77.83],[-85.24,77.86],[-85.17,77.88],[-84.44,77.9],[-84.38,77.9],[-84.36,77.92],[-84.48,77.94],[-84.87,77.95],[-85.12,77.92],[-85.31,77.93],[-85.4,77.95],[-85.38,77.98],[-85.28,78.01],[-85.06,78.06],[-84.86,78.06],[-84.74,78.04],[-84.63,78.06],[-84.42,78.05],[-84.26,78.07],[-84.21,78.1],[-84.25,78.11],[-84.73,78.12],[-84.81,78.13],[-84.79,78.17],[-84.64,78.19],[-84.53,78.2],[-84.06,78.18],[-84.01,78.19],[-84,78.21],[-84.09,78.23],[-84.45,78.24],[-84.67,78.23],[-84.71,78.25],[-84.69,78.27],[-84.58,78.31],[-84.54,78.37],[-84.6,78.41],[-84.55,78.46],[-84.44,78.53],[-84.37,78.62],[-84.41,78.63],[-84.49,78.63],[-84.61,78.6],[-84.72,78.52],[-84.94,78.22],[-85.26,78.17],[-85.36,78.12],[-85.5,78.1],[-85.85,78.08],[-85.97,78.09],[-86.11,78.11],[-86.08,78.17],[-85.71,78.28],[-85.59,78.33],[-85.56,78.38],[-85.64,78.39],[-85.71,78.38],[-85.85,78.3],[-86.12,78.21],[-86.78,78.09],[-87.17,78.09],[-87.25,78.1],[-87.22,78.15],[-87.12,78.18],[-86.92,78.19],[-86.91,78.21],[-87.02,78.22],[-87.17,78.21],[-87.25,78.23],[-87.28,78.3],[-87.25,78.36],[-87.1,78.48],[-86.82,78.56],[-86.76,78.58],[-86.59,78.75],[-86.56,78.77],[-86.31,78.81],[-85.76,78.85],[-85.14,78.93],[-84.89,78.92],[-84.4,78.87],[-83.38,78.84],[-83.05,78.77],[-82.52,78.7],[-82.36,78.64],[-82.18,78.61],[-82.08,78.6],[-82.03,78.62],[-82.17,78.69],[-82.15,78.72],[-81.93,78.72],[-81.89,78.75],[-81.92,78.76],[-82.1,78.76],[-82.3,78.74],[-82.75,78.8],[-82.87,78.84],[-82.85,78.87],[-82.72,78.88],[-82.47,78.88],[-82.22,78.9],[-81.64,78.88],[-81.56,78.89],[-81.49,78.92],[-81.61,78.97],[-81.49,79.09],[-81.58,79.09],[-81.84,79.03],[-81.97,78.97],[-82.25,78.94],[-82.36,78.94],[-82.52,78.97],[-82.93,78.98],[-83.39,78.93],[-83.69,78.93],[-84.11,78.98],[-84.45,79.04],[-84.4,79.11],[-84.26,79.14],[-84.02,79.12],[-83.52,79.02],[-83.2,79.01],[-83.14,79.03],[-83.65,79.11],[-83.8,79.18],[-83.92,79.18],[-84.08,79.22],[-84.19,79.31],[-84.51,79.45],[-84.61,79.48],[-84.81,79.5],[-84.95,79.53],[-85.19,79.63],[-85.43,79.7],[-85.98,79.75],[-86.2,79.79],[-86.31,79.89],[-86.25,79.94],[-86.14,79.96],[-85.78,79.97],[-85.42,79.95],[-85.35,79.94],[-85.13,79.93],[-85.06,79.95],[-85.17,79.98],[-85.77,80.01],[-86.15,80.05],[-86.31,80.11],[-86.46,80.27],[-86.42,80.33],[-86.23,80.37],[-85.92,80.37],[-85.27,80.3],[-84.8,80.27],[-84.47,80.26],[-84.01,80.28],[-83.8,80.28],[-83.3,80.13],[-82.99,80.07],[-82.64,79.99],[-82.23,79.93],[-82.09,79.89],[-82.04,79.82],[-82.07,79.77],[-81.72,79.71],[-81.78,79.63],[-81.67,79.61],[-81.51,79.63],[-81.43,79.65],[-81.32,79.66],[-81.08,79.66],[-80.83,79.61],[-80.61,79.6],[-80.47,79.61],[-80.25,79.64],[-79.97,79.65],[-79.77,79.69],[-79.83,79.7],[-80.07,79.71],[-80.75,79.68],[-80.98,79.7],[-81.13,79.72],[-81.44,79.8],[-81.55,79.86],[-81.51,79.93],[-81.39,79.95],[-81.37,79.97],[-81.42,79.99],[-81.81,80.01],[-81.89,80.03],[-82.33,80.14],[-82.47,80.2],[-82.66,80.22],[-82.94,80.3],[-82.92,80.33],[-82.49,80.38],[-81.81,80.42],[-80.88,80.5],[-80.44,80.52],[-79.77,80.54],[-78.86,80.53],[-77.96,80.58],[-77.82,80.6],[-77.78,80.62],[-77.93,80.63],[-78.47,80.6],[-79.34,80.59],[-79.51,80.61],[-79.48,80.63],[-77.97,80.81],[-77.09,80.88],[-76.43,80.9],[-76.27,80.91],[-76.19,80.94],[-77.19,80.94],[-77.47,80.94],[-77.95,80.92],[-78.5,80.88],[-78.77,80.89],[-78.86,80.91],[-78.64,81.03],[-77.84,81.28],[-77.24,81.38],[-76.69,81.44],[-76.54,81.49],[-76.57,81.5],[-76.68,81.51],[-77.89,81.37],[-78.28,81.28],[-78.57,81.17],[-78.8,81.16],[-78.92,81.18],[-79.02,81.22],[-79.18,81.21],[-79.21,81.19],[-79.07,81.14],[-79.06,81.1],[-79.06,81.09],[-79.1,81.06],[-79.23,81.03],[-79.35,80.94],[-79.67,80.85],[-81.31,80.67],[-82,80.59],[-82.73,80.55],[-82.89,80.55],[-83.11,80.57],[-83.06,80.61],[-82.98,80.64],[-82.16,80.76],[-81.95,80.8],[-81.76,80.86],[-81.89,80.87],[-82.36,80.78],[-82.69,80.73],[-83.02,80.71],[-83.23,80.73],[-83.19,80.77],[-83.03,80.82],[-82.98,80.86],[-83.02,80.88],[-83.13,80.88],[-83.19,80.87],[-83.48,80.78],[-83.54,80.73],[-83.46,80.67],[-83.53,80.6],[-83.83,80.55],[-84.11,80.53],[-85.17,80.52],[-85.59,80.52],[-85.71,80.54],[-85.67,80.61],[-85.86,80.62],[-86.16,80.57],[-86.45,80.58],[-86.72,80.61],[-86.65,80.72],[-86.26,80.83],[-86.02,80.93],[-85.74,81],[-85.58,81.03],[-85.2,81.05],[-84.71,81.06],[-83.97,81.09],[-83.48,81.1],[-82.88,81.13],[-82.46,81.19],[-82.44,81.21],[-82.54,81.22],[-82.82,81.17],[-83.17,81.15],[-85.39,81.08],[-85.93,81.05],[-86.05,81.03],[-86.27,80.97],[-86.7,80.8],[-86.97,80.72],[-87.23,80.66],[-87.52,80.62],[-87.68,80.62],[-87.83,80.64],[-88.27,80.73],[-88.86,80.79],[-89.28,80.88],[-89.2,80.94],[-88.9,80.99],[-88.53,81.01],[-88.02,81.03],[-87.05,81.02],[-86.66,81.04],[-86.11,81.1],[-85.67,81.22],[-85.09,81.3],[-85.09,81.33],[-85.26,81.32],[-85.87,81.26],[-86.16,81.19],[-86.36,81.15],[-86.51,81.14],[-86.79,81.14],[-87.51,81.08],[-87.68,81.08],[-88.04,81.09],[-88.35,81.09],[-88.79,81.04],[-89.36,81.01],[-89.59,81.02],[-89.96,81.05],[-90.2,81.09],[-90.16,81.19],[-90.03,81.24],[-89.41,81.22],[-89.09,81.24],[-88.91,81.26],[-88.9,81.27],[-88.98,81.29],[-89.27,81.3],[-89.51,81.32],[-89.52,81.37],[-88.96,81.45],[-88.55,81.53],[-88.32,81.55],[-88.14,81.55],[-87.77,81.54],[-87.42,81.53],[-87.19,81.54],[-87.13,81.56],[-87.17,81.58],[-87.48,81.59],[-87.79,81.59],[-88,81.6],[-88.18,81.6],[-88.41,81.6],[-88.63,81.6],[-88.96,81.57],[-89.63,81.46],[-89.87,81.44],[-90.11,81.43],[-90.28,81.43],[-90.45,81.45],[-90.44,81.49],[-90.15,81.54],[-89.75,81.58],[-89.47,81.62],[-89.45,81.66],[-89.5,81.67],[-89.92,81.67],[-90.09,81.69],[-90.15,81.72],[-90.33,81.72],[-90.39,81.69],[-90.4,81.59],[-90.56,81.56],[-90.8,81.56],[-91,81.57],[-91.14,81.6],[-91.19,81.65],[-91.37,81.65],[-91.45,81.66],[-91.47,81.72],[-90.93,81.81],[-90.12,81.93],[-89.9,81.95],[-89.52,81.96],[-89.38,81.94],[-89.28,81.89],[-89.12,81.89],[-89.06,81.9],[-88.98,81.99],[-88.82,82],[-88.68,81.97],[-88.52,81.98],[-88.58,82.08],[-88.47,82.12],[-88.19,82.16],[-87.41,82.18],[-87.16,82.17],[-87.06,82.14],[-87.08,82.08],[-86.77,81.99],[-86.64,82],[-86.62,82.01],[-86.8,82.07],[-86.75,82.12],[-86.71,82.13],[-86.54,82.14],[-86.29,82.14],[-86,82.11],[-85.59,82],[-85.41,81.97],[-85.22,81.97],[-85.19,82],[-85.34,82.04],[-85.31,82.07],[-85.2,82.08],[-84.93,82.07],[-84.54,81.97],[-84.38,81.97],[-84.39,82.04],[-84.7,82.11],[-85.24,82.14],[-85.54,82.19],[-86.4,82.23],[-86.72,82.27],[-86.7,82.3],[-86.59,82.31],[-85.66,82.34],[-85.4,82.36],[-85.29,82.44],[-85.54,82.55],[-85.48,82.58],[-85.29,82.59],[-84.83,82.58],[-84.46,82.53],[-84.48,82.48],[-84.27,82.43],[-83.66,82.36],[-83.3,82.34],[-83.22,82.32],[-83.23,82.24],[-83.08,82.15],[-83.07,82.11],[-82.94,82.06],[-82.72,82.06],[-82.51,82.07],[-82.08,82.06],[-81.94,82.07],[-81.89,82.1],[-81.94,82.11],[-82.44,82.13],[-82.61,82.17],[-82.85,82.27],[-82.81,82.3],[-82.74,82.31],[-82.52,82.31],[-82.05,82.24],[-81.46,82.11],[-80.71,82.06],[-79.77,81.95],[-79.5,81.94],[-79.42,81.97],[-79.53,82],[-80.09,82.06],[-80.82,82.11],[-81.42,82.25],[-81.81,82.29],[-82.35,82.4],[-82.39,82.44],[-82.24,82.52],[-82.02,82.53],[-81.72,82.53],[-81.56,82.55],[-81.51,82.58],[-81.64,82.6],[-81.86,82.61],[-81.99,82.64],[-82.04,82.66],[-81.98,82.69],[-81.78,82.71],[-81.55,82.7],[-81.34,82.69],[-80.98,82.61],[-80.77,82.59],[-80.64,82.6],[-80.59,82.7],[-81.2,82.81],[-81.32,82.87],[-81.26,82.9],[-81.13,82.91],[-81,82.91],[-80.8,82.88],[-80.39,82.87],[-80.31,82.85],[-80.16,82.74],[-79.86,82.72],[-79.67,82.68],[-79.47,82.68],[-79.43,82.7],[-79.5,82.72],[-79.42,82.74],[-79.17,82.73],[-78.96,82.69],[-78.67,82.68],[-78.24,82.7],[-78.21,82.71],[-78.28,82.73],[-78.93,82.76],[-79.26,82.79],[-79.52,82.84],[-79.59,82.88],[-79.74,82.89],[-79.89,82.92],[-79.85,82.94],[-79.59,82.97],[-78.85,82.99],[-78.59,82.98],[-78.44,82.93],[-78.1,82.92],[-77.99,82.9],[-77.79,82.89],[-77.53,82.91],[-77.46,82.91],[-77.29,82.91],[-76.96,82.86],[-76.77,82.85],[-76.63,82.82],[-76.54,82.75],[-76.39,82.71],[-76.09,82.68],[-75.96,82.65],[-75.96,82.59],[-75.92,82.58],[-75.73,82.57],[-75.54,82.59],[-75.39,82.67],[-75.45,82.69],[-75.85,82.72],[-75.96,82.77],[-75.89,82.81],[-75.98,82.83],[-76.24,82.86],[-76.41,82.92],[-76.86,83],[-76.98,83.04],[-76.89,83.08],[-76.36,83.11],[-76.07,83.11],[-75.55,83.08],[-75.16,83.08]]],[[[-73.15,62.35],[-73.16,62.36],[-73.14,62.38],[-73.12,62.38],[-73.09,62.37],[-73.08,62.35],[-73.1,62.34],[-73.12,62.34],[-73.15,62.35]]],[[[-73.05,62.31],[-73.03,62.31],[-73,62.31],[-72.98,62.31],[-72.97,62.3],[-72.97,62.29],[-73.01,62.28],[-73.04,62.28],[-73.06,62.3],[-73.05,62.31]]],[[[-78.55,57.44],[-78.55,57.46],[-78.55,57.48],[-78.5,57.47],[-78.48,57.44],[-78.5,57.43],[-78.54,57.44],[-78.55,57.44]]],[[[-78.52,57.29],[-78.53,57.3],[-78.52,57.32],[-78.52,57.33],[-78.5,57.34],[-78.46,57.33],[-78.45,57.32],[-78.45,57.31],[-78.47,57.3],[-78.49,57.29],[-78.52,57.29]]],[[[-78.44,57.26],[-78.42,57.27],[-78.39,57.27],[-78.36,57.28],[-78.32,57.28],[-78.3,57.28],[-78.31,57.25],[-78.34,57.24],[-78.4,57.23],[-78.43,57.23],[-78.45,57.23],[-78.46,57.24],[-78.44,57.26]]],[[[-78.39,57.15],[-78.35,57.16],[-78.33,57.16],[-78.29,57.16],[-78.28,57.15],[-78.28,57.13],[-78.39,57.11],[-78.41,57.11],[-78.42,57.12],[-78.41,57.13],[-78.39,57.15]]],[[[-78.8,57.01],[-78.76,57.01],[-78.75,57],[-78.76,56.97],[-78.8,56.98],[-78.81,56.99],[-78.8,57.01]]],[[[-77.45,56.41],[-77.44,56.4],[-77.45,56.36],[-77.49,56.35],[-77.52,56.36],[-77.49,56.42],[-77.45,56.41]]],[[[-77.77,56.33],[-77.76,56.35],[-77.75,56.36],[-77.7,56.37],[-77.69,56.35],[-77.7,56.34],[-77.72,56.32],[-77.74,56.32],[-77.76,56.32],[-77.77,56.33]]],[[[-77.86,56.26],[-77.9,56.26],[-77.93,56.27],[-77.94,56.28],[-77.93,56.29],[-77.9,56.3],[-77.88,56.3],[-77.84,56.3],[-77.82,56.3],[-77.8,56.29],[-77.8,56.27],[-77.81,56.26],[-77.83,56.26],[-77.86,56.26]]],[[[-110,78.1],[-109.88,78.1],[-109.8,78.09],[-109.74,78.08],[-109.7,78.05],[-109.77,78.02],[-110,77.98],[-110,78.1]]],[[[-110,78.69],[-109.87,78.66],[-109.74,78.6],[-109.49,78.55],[-109.4,78.52],[-109.29,78.44],[-109.31,78.39],[-109.37,78.33],[-109.51,78.29],[-109.64,78.28],[-109.82,78.3],[-110,78.29],[-110,78.69]]],[[[-110,71.5],[-110,72.33],[-110,72.52],[-109.94,72.5],[-109.88,72.52],[-109.92,72.55],[-109.99,72.58],[-110,72.58],[-110,72.68],[-109.98,72.68],[-109.95,72.69],[-109.97,72.72],[-110,72.72],[-110,72.98],[-109.88,72.96],[-109.74,72.95],[-109.7,72.86],[-109.54,72.82],[-109.45,72.75],[-109.35,72.75],[-109.32,72.76],[-109.23,72.77],[-109.17,72.75],[-109.13,72.69],[-109.06,72.65],[-109.14,72.59],[-109.11,72.56],[-109.04,72.57],[-108.94,72.59],[-108.82,72.6],[-108.8,72.59],[-108.69,72.47],[-108.72,72.44],[-108.7,72.32],[-108.58,72.2],[-108.48,72.16],[-108.46,72.12],[-108.45,72.03],[-108.41,71.97],[-108.27,71.92],[-108.24,71.88],[-108.3,71.77],[-108.23,71.68],[-108.06,71.65],[-108.02,71.63],[-107.98,71.59],[-107.91,71.56],[-107.81,71.56],[-107.78,71.57],[-107.84,71.62],[-107.85,71.66],[-107.66,71.67],[-107.58,71.71],[-107.42,71.72],[-107.35,71.75],[-107.43,71.83],[-107.38,71.88],[-107.56,71.92],[-107.64,71.97],[-107.85,72.26],[-107.84,72.36],[-107.89,72.43],[-107.95,72.44],[-107.97,72.47],[-107.96,72.59],[-108.06,72.72],[-108.19,72.8],[-108.31,72.93],[-108.31,72.98],[-108.25,73.03],[-108.23,73.07],[-108.27,73.17],[-108.24,73.2],[-108.12,73.21],[-108.05,73.2],[-107.96,73.21],[-107.93,73.22],[-107.95,73.23],[-108.15,73.27],[-108.17,73.29],[-108.13,73.31],[-108.03,73.35],[-107.88,73.36],[-107.74,73.34],[-107.34,73.24],[-107.15,73.16],[-107.06,73.15],[-107,73.17],[-107.09,73.2],[-107.11,73.27],[-107.02,73.31],[-106.92,73.32],[-106.86,73.3],[-106.81,73.25],[-106.53,73.19],[-106.35,73.1],[-106.1,73.05],[-106,73],[-105.86,72.95],[-105.48,72.85],[-105.45,72.84],[-105.44,72.83],[-105.53,72.81],[-105.52,72.79],[-105.42,72.77],[-105.41,72.76],[-105.49,72.7],[-105.5,72.67],[-105.39,72.49],[-105.32,72.4],[-105.28,72.37],[-105.25,72.33],[-105.21,72.32],[-105.07,72.1],[-105.03,72.08],[-104.99,72.01],[-104.89,71.95],[-104.83,71.85],[-104.49,71.67],[-104.41,71.53],[-104.42,71.48],[-104.32,71.36],[-104.35,71.34],[-104.5,71.34],[-104.53,71.33],[-104.54,71.3],[-104.5,71.23],[-104.51,71.19],[-104.55,71.11],[-104.61,71.08],[-104.55,71.02],[-104.3,70.94],[-104.14,70.88],[-104.03,70.82],[-103.98,70.78],[-103.79,70.74],[-103.58,70.64],[-103.4,70.61],[-103.34,70.59],[-103.27,70.56],[-103.18,70.54],[-103.07,70.54],[-103.02,70.55],[-103.07,70.59],[-103.15,70.62],[-103.17,70.69],[-103.09,70.7],[-103.04,70.65],[-102.94,70.62],[-102.89,70.55],[-102.59,70.48],[-102.26,70.38],[-102.19,70.34],[-102.06,70.31],[-101.81,70.33],[-101.75,70.32],[-101.71,70.28],[-101.73,70.26],[-101.72,70.18],[-101.64,70.14],[-101.59,70.14],[-101.47,70.21],[-101.35,70.21],[-101.27,70.22],[-101.24,70.24],[-101.16,70.25],[-101.1,70.22],[-101.06,70.12],[-100.98,70.04],[-100.92,69.8],[-101.01,69.76],[-101.03,69.72],[-101.07,69.71],[-101.19,69.73],[-101.22,69.73],[-101.29,69.7],[-101.36,69.71],[-101.47,69.79],[-101.5,69.87],[-101.44,69.93],[-101.47,69.96],[-101.52,69.96],[-101.54,69.95],[-101.64,69.77],[-101.68,69.73],[-101.73,69.71],[-101.8,69.72],[-101.81,69.75],[-101.85,69.77],[-102.05,69.84],[-102.07,69.89],[-102.18,69.91],[-102.19,69.94],[-102.24,69.95],[-102.28,69.94],[-102.28,69.91],[-102.34,69.89],[-102.33,69.83],[-102.35,69.82],[-102.5,69.83],[-102.55,69.8],[-102.6,69.79],[-102.66,69.81],[-102.74,69.81],[-102.77,69.79],[-102.76,69.77],[-102.59,69.72],[-102.57,69.67],[-102.54,69.66],[-102.53,69.62],[-102.59,69.6],[-102.7,69.6],[-102.92,69.59],[-103,69.6],[-103.37,69.73],[-103.48,69.75],[-103.54,69.74],[-103.52,69.68],[-103.46,69.65],[-103.28,69.6],[-103.23,69.52],[-103.18,69.51],[-103.13,69.55],[-103.09,69.55],[-103.06,69.54],[-103.05,69.52],[-103.08,69.45],[-103.03,69.35],[-103.2,69.22],[-103.22,69.19],[-103.21,69.15],[-103.17,69.14],[-103.08,69.18],[-102.98,69.27],[-102.95,69.32],[-102.79,69.43],[-102.68,69.44],[-102.57,69.46],[-102.45,69.53],[-102.31,69.53],[-102.19,69.52],[-102.11,69.51],[-102.05,69.48],[-102.03,69.43],[-102.08,69.36],[-102.06,69.3],[-102.1,69.29],[-102.21,69.29],[-102.2,69.24],[-102.11,69.23],[-102.02,69.26],[-101.93,69.26],[-101.88,69.24],[-101.86,69.18],[-101.89,69.11],[-101.84,69.03],[-101.87,69.02],[-101.99,69],[-102.1,69.01],[-102.16,69.01],[-102.25,68.97],[-102.44,68.97],[-102.48,68.96],[-102.47,68.92],[-102.49,68.9],[-102.58,68.89],[-102.76,68.89],[-102.84,68.85],[-102.94,68.83],[-103.1,68.83],[-103.21,68.85],[-103.27,68.85],[-103.31,68.83],[-103.3,68.82],[-103.34,68.79],[-103.39,68.79],[-103.47,68.81],[-103.51,68.84],[-103.58,68.85],[-103.77,68.84],[-103.95,68.86],[-104.15,68.85],[-104.33,68.88],[-104.44,68.92],[-104.48,68.91],[-104.58,68.87],[-104.72,68.85],[-104.82,68.86],[-104.98,68.89],[-105.1,68.88],[-105.18,68.89],[-105.24,68.91],[-105.26,68.94],[-105.23,68.96],[-105.08,69],[-105.03,69.06],[-105.06,69.08],[-105.13,69.08],[-105.18,69.04],[-105.24,69.03],[-105.34,69.07],[-105.52,69.08],[-105.67,69.13],[-105.8,69.15],[-106.24,69.13],[-106.37,69.15],[-106.41,69.21],[-106.32,69.33],[-106.37,69.39],[-106.44,69.41],[-106.48,69.44],[-106.53,69.47],[-106.61,69.46],[-106.74,69.44],[-107.03,69.33],[-107.03,69.24],[-107.06,69.21],[-107.23,69.1],[-107.29,69.03],[-107.42,68.97],[-107.55,68.95],[-107.84,68.94],[-108.23,68.93],[-108.4,68.95],[-108.53,68.93],[-108.51,68.91],[-108.55,68.88],[-108.67,68.86],[-108.76,68.81],[-108.89,68.77],[-109.31,68.7],[-109.63,68.63],[-109.89,68.61],[-109.99,68.61],[-110.14,68.63],[-110.46,68.6],[-110.53,68.6],[-110.65,68.63],[-110.81,68.6],[-110.84,68.59],[-110.93,68.57],[-111.02,68.56],[-111.04,68.57],[-111.04,68.59],[-111.01,68.6],[-110.95,68.61],[-110.93,68.63],[-110.96,68.66],[-111.03,68.65],[-111.09,68.63],[-111.37,68.62],[-111.38,68.59],[-111.25,68.57],[-111.23,68.55],[-111.29,68.54],[-111.56,68.56],[-111.73,68.57],[-112.26,68.53],[-112.46,68.54],[-112.57,68.53],[-112.69,68.5],[-112.82,68.48],[-112.99,68.49],[-113.16,68.47],[-113.3,68.47],[-113.33,68.47],[-113.34,68.49],[-113.11,68.52],[-113.08,68.54],[-113.09,68.55],[-113.26,68.57],[-113.42,68.61],[-113.49,68.7],[-113.64,68.75],[-113.69,68.81],[-113.64,68.87],[-113.64,68.89],[-113.6,68.91],[-113.67,68.98],[-113.67,69.06],[-113.77,69.15],[-113.62,69.17],[-113.62,69.19],[-113.66,69.2],[-113.81,69.24],[-114.09,69.25],[-114.2,69.27],[-114.35,69.29],[-114.83,69.25],[-115.03,69.27],[-115.44,69.27],[-115.86,69.3],[-116.43,69.41],[-116.56,69.45],[-116.6,69.49],[-116.6,69.54],[-116.49,69.54],[-116.44,69.54],[-116.34,69.55],[-116.32,69.55],[-116.31,69.56],[-116.3,69.56],[-116.29,69.57],[-116.28,69.58],[-116.28,69.59],[-116.29,69.6],[-116.31,69.61],[-116.32,69.62],[-116.34,69.62],[-116.36,69.63],[-116.38,69.63],[-116.75,69.72],[-116.76,70],[-116,70],[-113,70],[-112.88,70],[-112.87,69.86],[-112.86,69.86],[-112.86,69.85],[-112.85,69.85],[-112.84,69.85],[-112.83,69.85],[-112.82,69.85],[-112.38,69.84],[-112.37,69.84],[-112.36,69.84],[-112.35,69.84],[-112.34,69.84],[-112.33,69.84],[-112.33,69.85],[-112.31,69.89],[-112.3,69.89],[-112.3,69.9],[-112.29,69.9],[-112.28,69.9],[-112.2,69.9],[-112.19,69.9],[-112.18,69.9],[-112.17,69.9],[-112.16,69.9],[-112.15,69.9],[-112.14,69.91],[-112,70],[-110,70],[-110,70.83],[-110,71.5]]],[[[-94.13,72.8],[-94.11,72.79],[-93.99,72.76],[-93.75,72.75],[-93.61,72.73],[-93.53,72.69],[-93.51,72.63],[-93.38,72.58],[-93.35,72.56],[-93.34,72.5],[-93.51,72.45],[-93.71,72.35],[-93.74,72.31],[-93.88,72.24],[-93.99,72.13],[-93.99,72.06],[-94.09,72.04],[-94.23,72.03],[-94.31,72.04],[-94.45,72.1],[-94.64,72.1],[-94.8,72.08],[-95.1,72.05],[-95.25,72.02],[-95.31,72.02],[-95.34,72.03],[-95.36,72.16],[-95.29,72.19],[-95.32,72.24],[-95.38,72.33],[-95.3,72.44],[-95.3,72.48],[-95.44,72.59],[-95.44,72.67],[-95.63,72.73],[-95.64,72.77],[-95.67,72.79],[-95.67,72.87],[-95.69,73.09],[-95.68,73.13],[-95.63,73.17],[-95.65,73.34],[-95.6,73.46],[-95.66,73.66],[-95.61,73.74],[-95.52,73.76],[-95.39,73.76],[-95.28,73.74],[-94.97,73.67],[-94.72,73.64],[-94.64,73.64],[-94.64,73.66],[-94.72,73.69],[-95.12,73.76],[-95.1,73.81],[-95.29,73.86],[-95.31,73.88],[-95.32,73.94],[-95.26,73.98],[-95.18,74.01],[-94.98,74.04],[-94.8,74.09],[-94.71,74.11],[-94.47,74.14],[-94.28,74.15],[-94.07,74.18],[-93.97,74.18],[-93.89,74.16],[-93.82,74.12],[-93.74,74.1],[-93.68,74.09],[-93.61,74.12],[-93.61,74.17],[-93.53,74.2],[-93.21,74.21],[-92.79,74.17],[-92.72,74.15],[-92.72,74.12],[-92.66,74.1],[-92.4,74.1],[-92.32,74.08],[-92.26,74],[-92.2,73.98],[-92.07,73.99],[-91.63,74.06],[-91.26,74.06],[-91.01,74.04],[-90.69,73.98],[-90.3,73.93],[-90.18,73.92],[-90.07,73.9],[-90.07,73.88],[-90.27,73.83],[-90.56,73.58],[-90.68,73.52],[-90.78,73.49],[-90.92,73.47],[-90.99,73.44],[-91.15,73.25],[-91.25,73.22],[-91.4,73.2],[-91.41,73.18],[-91.36,73.16],[-91.37,73.13],[-91.82,72.84],[-91.97,72.79],[-92.09,72.77],[-92.25,72.77],[-92.43,72.81],[-92.55,72.82],[-92.84,72.82],[-93.09,72.86],[-93.27,72.88],[-93.51,72.87],[-93.75,72.83],[-94.07,72.82],[-94.13,72.8]]],[[[-91.37,81.61],[-91.4,81.59],[-91.46,81.58],[-91.53,81.58],[-91.62,81.59],[-91.67,81.59],[-91.67,81.61],[-91.61,81.62],[-91.46,81.63],[-91.42,81.62],[-91.37,81.61]]],[[[-91.51,81.54],[-91.53,81.53],[-91.58,81.52],[-91.67,81.52],[-91.79,81.53],[-91.8,81.55],[-91.75,81.55],[-91.67,81.56],[-91.57,81.56],[-91.51,81.54]]],[[[-95.35,80.66],[-95.64,80.66],[-95.83,80.68],[-95.92,80.69],[-95.93,80.72],[-95.88,80.73],[-95.39,80.73],[-94.94,80.75],[-94.8,80.74],[-94.74,80.71],[-94.79,80.69],[-95.35,80.66]]],[[[-99.23,80.2],[-99.23,80.19],[-99.24,80.18],[-99.28,80.17],[-99.35,80.16],[-99.45,80.16],[-99.51,80.17],[-99.53,80.18],[-99.51,80.19],[-99.44,80.2],[-99.3,80.21],[-99.23,80.2]]],[[[-99.17,79.7],[-99.27,79.69],[-99.32,79.7],[-99.37,79.74],[-99.66,79.78],[-99.69,79.83],[-99.65,79.85],[-99.7,79.88],[-99.86,79.9],[-100.08,79.9],[-100.22,79.92],[-100.22,79.95],[-100.11,79.98],[-100.22,80.07],[-100.12,80.11],[-100.13,80.13],[-100.04,80.15],[-99.84,80.15],[-99.52,80.12],[-99.24,80.08],[-99.17,80.05],[-99.15,80.01],[-99.2,79.92],[-99.04,79.72],[-99.17,79.7]]],[[[-94.32,79.22],[-94.36,79.21],[-94.43,79.21],[-94.52,79.21],[-94.57,79.23],[-94.56,79.24],[-94.52,79.25],[-94.46,79.25],[-94.36,79.25],[-94.31,79.25],[-94.32,79.22]]],[[[-84.48,78.97],[-84.56,78.95],[-84.63,78.95],[-84.7,78.96],[-84.76,78.97],[-84.76,78.99],[-84.73,79],[-84.65,79],[-84.56,79],[-84.48,78.97]]],[[[-84.06,78.93],[-84.06,78.92],[-84.09,78.91],[-84.15,78.9],[-84.24,78.91],[-84.31,78.92],[-84.32,78.94],[-84.26,78.95],[-84.19,78.95],[-84.1,78.95],[-84.06,78.93]]],[[[-86.27,78.88],[-86.4,78.89],[-86.39,78.91],[-86.28,78.94],[-86.25,78.99],[-86.2,79],[-85.93,79.01],[-85.59,79.07],[-85.18,79.06],[-85.11,79.04],[-85.13,79.01],[-85.31,78.97],[-86.27,78.88]]],[[[-88.23,78.2],[-88.37,78.22],[-88.36,78.24],[-88.32,78.25],[-88.25,78.3],[-88.21,78.4],[-88.14,78.42],[-88.05,78.42],[-88.01,78.41],[-88.11,78.23],[-88.16,78.21],[-88.23,78.2]]],[[[-93.4,81.35],[-93.34,81.35],[-93.25,81.35],[-93.05,81.39],[-92.82,81.39],[-92.62,81.35],[-92.56,81.32],[-92.22,81.28],[-91.97,81.23],[-91.81,81.16],[-91.74,81.09],[-91.11,80.92],[-90.97,80.84],[-90.61,80.76],[-90.62,80.71],[-90.68,80.69],[-90.68,80.62],[-90.55,80.6],[-90.33,80.61],[-90.2,80.6],[-90.08,80.56],[-89.69,80.54],[-89.6,80.5],[-89.47,80.48],[-89.37,80.49],[-89.36,80.51],[-89.48,80.55],[-89.44,80.58],[-89.15,80.57],[-89,80.54],[-88.91,80.51],[-88.93,80.47],[-89.04,80.45],[-89.06,80.4],[-88.95,80.37],[-89.04,80.28],[-88.87,80.24],[-88.56,80.19],[-88.49,80.14],[-88.32,80.12],[-88.15,80.14],[-88.11,80.18],[-88.19,80.22],[-88.42,80.28],[-88.39,80.39],[-88.29,80.44],[-88.26,80.49],[-87.97,80.49],[-87.59,80.45],[-87.52,80.44],[-87.45,80.38],[-87.48,80.25],[-87.55,80.21],[-87.87,80.15],[-87.88,80.13],[-87.72,80.09],[-87.22,80.08],[-87.06,80.05],[-87.01,79.93],[-87.11,79.89],[-87.33,79.85],[-87.34,79.83],[-87.12,79.83],[-87.04,79.84],[-86.99,79.88],[-86.89,79.88],[-86.84,79.84],[-86.86,79.81],[-87.05,79.75],[-87.13,79.65],[-87.29,79.58],[-87.32,79.52],[-87.25,79.52],[-87.18,79.52],[-86.94,79.59],[-86.66,79.58],[-86.58,79.59],[-86.52,79.65],[-86.46,79.66],[-86.34,79.66],[-86.07,79.62],[-85.93,79.58],[-85.93,79.54],[-86.09,79.49],[-86.11,79.47],[-85.99,79.45],[-85.84,79.47],[-85.76,79.48],[-85.59,79.61],[-85.47,79.61],[-85.41,79.59],[-85.44,79.55],[-85.34,79.49],[-84.95,79.37],[-84.88,79.31],[-84.93,79.27],[-85.24,79.21],[-85.91,79.11],[-86.31,79.08],[-86.58,79.02],[-86.64,79.02],[-86.82,79.08],[-86.96,79.08],[-86.97,79.04],[-86.89,78.99],[-86.9,78.97],[-87.32,78.83],[-87.48,78.69],[-87.58,78.67],[-87.67,78.67],[-87.81,78.7],[-87.89,78.76],[-87.84,78.87],[-87.66,79.02],[-87.68,79.06],[-87.75,79.06],[-87.83,79.05],[-88,78.98],[-88.13,78.9],[-88.26,78.7],[-87.97,78.65],[-87.94,78.62],[-87.97,78.55],[-88.08,78.5],[-88.24,78.49],[-88.42,78.53],[-88.56,78.62],[-88.6,78.63],[-88.69,78.63],[-88.74,78.62],[-88.77,78.54],[-88.62,78.47],[-88.59,78.36],[-88.67,78.24],[-88.73,78.18],[-88.82,78.16],[-88.96,78.19],[-88.97,78.23],[-89.06,78.29],[-89.28,78.33],[-89.56,78.41],[-89.71,78.49],[-89.85,78.6],[-89.97,78.59],[-90,78.56],[-89.85,78.46],[-89.86,78.44],[-89.5,78.26],[-89.5,78.2],[-89.54,78.19],[-89.61,78.19],[-89.77,78.22],[-90.02,78.23],[-90.07,78.3],[-90.38,78.35],[-90.51,78.36],[-90.68,78.35],[-90.75,78.34],[-90.75,78.32],[-90.65,78.3],[-90.48,78.3],[-90.36,78.27],[-90.37,78.22],[-90.53,78.17],[-90.64,78.17],[-91,78.17],[-91.34,78.19],[-91.63,78.23],[-92.04,78.23],[-92.19,78.26],[-92.18,78.3],[-92.22,78.33],[-92.72,78.42],[-92.91,78.48],[-92.93,78.51],[-92.89,78.52],[-92.67,78.52],[-92.14,78.55],[-91.98,78.55],[-91.87,78.56],[-91.87,78.59],[-91.95,78.61],[-92.31,78.6],[-92.46,78.61],[-92.75,78.64],[-92.86,78.64],[-93.04,78.61],[-93.17,78.61],[-93.32,78.64],[-93.37,78.67],[-93.41,78.7],[-93.48,78.72],[-93.64,78.75],[-93.66,78.77],[-93.55,78.79],[-93.08,78.78],[-93.08,78.81],[-93.28,78.84],[-93.78,78.86],[-93.94,78.88],[-94.12,78.95],[-94.15,79.03],[-94.1,79.04],[-93.74,79.06],[-93.23,79.11],[-92.84,79.13],[-91.8,79.13],[-91.35,79.14],[-90.65,79.19],[-90.5,79.21],[-90.5,79.23],[-90.54,79.24],[-90.7,79.24],[-91.09,79.21],[-91.46,79.2],[-91.9,79.2],[-92.25,79.22],[-92.5,79.25],[-92.5,79.27],[-92.45,79.28],[-91.7,79.28],[-91.42,79.29],[-91.23,79.3],[-91.11,79.33],[-91.22,79.36],[-92.17,79.34],[-92.33,79.35],[-92.35,79.38],[-92.3,79.4],[-92.3,79.44],[-92.39,79.44],[-92.47,79.42],[-92.59,79.42],[-92.82,79.47],[-92.92,79.47],[-92.96,79.46],[-92.97,79.43],[-92.75,79.37],[-92.76,79.35],[-92.85,79.33],[-93.06,79.33],[-93.16,79.35],[-93.16,79.36],[-93.25,79.37],[-93.39,79.33],[-93.53,79.32],[-93.67,79.27],[-93.91,79.26],[-94,79.28],[-94,79.31],[-93.86,79.34],[-93.82,79.37],[-93.87,79.39],[-94.01,79.39],[-94.36,79.31],[-94.66,79.27],[-94.94,79.24],[-95.08,79.24],[-95.19,79.25],[-95.24,79.27],[-95.28,79.35],[-95.5,79.37],[-95.72,79.42],[-95.68,79.47],[-95.7,79.56],[-95.59,79.58],[-95.08,79.59],[-94.63,79.63],[-94.17,79.69],[-94.1,79.73],[-94.1,79.76],[-94.18,79.78],[-94.3,79.78],[-94.61,79.71],[-94.9,79.69],[-95.23,79.64],[-95.77,79.64],[-95.87,79.64],[-95.94,79.66],[-96.03,79.71],[-96.19,79.76],[-96.3,79.82],[-96.46,79.85],[-96.47,79.88],[-96.2,79.91],[-96.21,79.94],[-96.5,79.97],[-96.5,80],[-96.42,80.05],[-96.61,80.09],[-96.62,80.12],[-96.34,80.12],[-95.9,80.09],[-95.33,80.03],[-94.9,80.03],[-94.58,80.08],[-94.43,80.08],[-94.22,80.05],[-94.15,80.06],[-94.15,80.09],[-94.31,80.12],[-94.31,80.15],[-94.11,80.2],[-94.11,80.24],[-94.22,80.26],[-94.37,80.26],[-94.59,80.2],[-95.02,80.13],[-95.42,80.13],[-95.56,80.14],[-95.56,80.17],[-95.36,80.2],[-95.34,80.24],[-95.55,80.24],[-95.85,80.22],[-96.06,80.22],[-96.22,80.25],[-96.65,80.29],[-96.67,80.35],[-96.57,80.37],[-96.41,80.37],[-96.21,80.39],[-95.97,80.39],[-95.73,80.37],[-95.6,80.37],[-95.53,80.39],[-95.62,80.44],[-95.95,80.5],[-95.92,80.57],[-95.74,80.61],[-95.26,80.6],[-94.97,80.63],[-94.49,80.64],[-94.14,80.63],[-93.77,80.6],[-93.61,80.6],[-93.53,80.61],[-93.53,80.63],[-93.61,80.65],[-94.15,80.69],[-94.31,80.71],[-94.31,80.74],[-94.23,80.75],[-93.99,80.76],[-93.86,80.78],[-93.88,80.8],[-94.08,80.83],[-94.57,80.83],[-94.82,80.86],[-95.06,80.85],[-95.25,80.84],[-95.44,80.84],[-95.5,80.87],[-95.37,80.9],[-95.38,80.92],[-95.55,80.95],[-95.55,80.97],[-95.34,81.04],[-95.12,81.04],[-94.92,81.01],[-94.78,81.01],[-94.59,81.03],[-94.48,81.05],[-94.32,81.06],[-94.23,81.04],[-94.2,80.99],[-94.06,80.97],[-93.86,80.97],[-93.78,80.98],[-93.78,81],[-93.93,81.07],[-93.93,81.11],[-93.73,81.11],[-93.56,81.1],[-93.14,81.11],[-92.86,81.14],[-92.83,81.19],[-92.86,81.21],[-93.08,81.24],[-93.74,81.24],[-93.91,81.25],[-94,81.27],[-94,81.3],[-93.74,81.36],[-93.51,81.36],[-93.4,81.35]]],[[[-103.24,78.08],[-103.33,78.09],[-103.34,78.11],[-103.26,78.14],[-103.23,78.2],[-103.14,78.23],[-102.97,78.23],[-102.84,78.21],[-102.82,78.19],[-103.03,78.15],[-103.24,78.08]]],[[[-101.75,78.11],[-101.84,78.1],[-101.89,78.11],[-101.91,78.15],[-101.88,78.16],[-101.81,78.16],[-101.69,78.14],[-101.68,78.12],[-101.75,78.11]]],[[[-94.28,78.16],[-94.41,78.17],[-94.42,78.19],[-94.55,78.23],[-94.55,78.27],[-94.51,78.28],[-94.42,78.27],[-94.35,78.23],[-94.2,78.19],[-94.22,78.17],[-94.28,78.16]]],[[[-104.63,78.3],[-104.79,78.34],[-104.92,78.48],[-104.89,78.53],[-104.81,78.57],[-104.55,78.58],[-104.13,78.51],[-103.89,78.49],[-103.56,78.5],[-103.45,78.52],[-103.48,78.56],[-103.62,78.59],[-103.89,78.59],[-103.94,78.6],[-103.96,78.62],[-103.85,78.64],[-103.63,78.65],[-103.47,78.68],[-103.33,78.72],[-103.34,78.74],[-103.39,78.75],[-103.53,78.74],[-103.66,78.77],[-103.77,78.76],[-103.92,78.73],[-104.03,78.73],[-104.11,78.74],[-104.13,78.78],[-103.81,78.88],[-103.83,78.9],[-104.06,78.95],[-104.26,78.94],[-104.72,78.8],[-104.89,78.76],[-105,78.76],[-105.03,78.81],[-104.83,78.89],[-104.78,78.94],[-104.89,78.95],[-105.25,78.96],[-105.54,79],[-105.61,79.02],[-105.68,79.08],[-105.55,79.17],[-105.62,79.24],[-105.55,79.26],[-105.46,79.26],[-105.06,79.27],[-104.89,79.27],[-104.47,79.28],[-104,79.33],[-103.67,79.33],[-103.44,79.3],[-102.88,79.17],[-102.76,79.11],[-102.71,79.05],[-102.74,78.98],[-102.83,78.95],[-102.81,78.92],[-102.72,78.9],[-102.71,78.86],[-102.61,78.85],[-102.56,78.86],[-102.53,78.94],[-102.35,79.01],[-102.12,79.04],[-101.95,79.06],[-101.76,79.06],[-101.57,79.02],[-101.43,78.95],[-101.32,78.93],[-101.03,78.91],[-101.01,78.87],[-101.14,78.79],[-101.11,78.75],[-100.98,78.73],[-100.85,78.73],[-100.65,78.77],[-100.47,78.77],[-100.34,78.75],[-100.28,78.72],[-100.14,78.7],[-100.08,78.59],[-100.01,78.56],[-99.74,78.5],[-99.72,78.44],[-99.87,78.34],[-99.84,78.28],[-99.74,78.22],[-99.51,78.18],[-99.49,78.15],[-99.33,78.08],[-99.28,77.88],[-99.49,77.8],[-99.66,77.77],[-99.84,77.76],[-99.95,77.77],[-100.4,77.76],[-100.56,77.78],[-100.71,77.83],[-101,77.96],[-101.12,78.12],[-101.2,78.14],[-101.42,78.14],[-101.79,78.22],[-102.09,78.24],[-102.3,78.23],[-102.41,78.21],[-102.51,78.2],[-102.65,78.21],[-102.78,78.23],[-102.79,78.26],[-102.73,78.29],[-102.77,78.34],[-102.82,78.34],[-103.26,78.33],[-103.63,78.29],[-103.74,78.28],[-103.84,78.23],[-103.93,78.22],[-104.02,78.21],[-104.23,78.23],[-104.5,78.27],[-104.63,78.3]]],[[[-101.08,77.72],[-101.25,77.72],[-102,77.69],[-102.07,77.7],[-102.17,77.72],[-102.32,77.79],[-102.39,77.89],[-102.36,77.9],[-102.13,77.91],[-101.68,77.9],[-101.4,77.85],[-101.05,77.77],[-101.03,77.73],[-101.08,77.72]]],[[[-95.43,78.45],[-95.09,78.42],[-94.89,78.38],[-94.84,78.35],[-94.94,78.31],[-95.31,78.28],[-95.49,78.23],[-95.49,78.21],[-95.13,78.12],[-95.04,78.05],[-94.91,78.01],[-94.9,77.98],[-94.98,77.96],[-95.24,77.97],[-95.36,77.95],[-95.61,77.93],[-95.91,77.88],[-96.26,77.84],[-96.38,77.84],[-96.55,77.86],[-96.66,77.86],[-96.69,77.83],[-96.81,77.81],[-96.98,77.76],[-97.06,77.76],[-97.15,77.78],[-97.16,77.86],[-97.21,77.89],[-97.3,77.92],[-97.75,78],[-97.77,78.05],[-97.65,78.08],[-97.33,78.08],[-97.01,78.08],[-97,78.11],[-97.14,78.15],[-97.34,78.18],[-97.92,78.23],[-97.92,78.25],[-98.12,78.31],[-98.25,78.42],[-98.45,78.47],[-98.46,78.51],[-98.34,78.54],[-98.1,78.59],[-98.25,78.68],[-98.28,78.77],[-98.23,78.8],[-98.08,78.83],[-97.72,78.83],[-97.49,78.81],[-97.15,78.73],[-96.94,78.71],[-96.8,78.7],[-96.69,78.68],[-96.59,78.64],[-96.5,78.64],[-96.32,78.64],[-96.25,78.62],[-96.22,78.58],[-96.24,78.51],[-96.15,78.49],[-95.71,78.49],[-95.58,78.47],[-95.43,78.45]]],[[[-84.97,77.45],[-85.03,77.46],[-85.08,77.47],[-85.08,77.51],[-85.18,77.54],[-85.35,77.56],[-85.34,77.58],[-85.29,77.59],[-85.09,77.58],[-84.79,77.51],[-84.81,77.48],[-84.97,77.45]]],[[[-93.75,77.42],[-94.92,77.47],[-95.77,77.47],[-96.08,77.48],[-96.18,77.5],[-96.23,77.53],[-96.4,77.57],[-96.43,77.61],[-96.38,77.67],[-96.21,77.72],[-95.77,77.79],[-95.39,77.78],[-95.27,77.8],[-95.13,77.8],[-94.92,77.76],[-94.59,77.76],[-94.07,77.73],[-93.86,77.75],[-93.74,77.77],[-93.64,77.77],[-93.51,77.74],[-93.31,77.72],[-93.14,77.69],[-93.14,77.64],[-93.18,77.61],[-93.45,77.55],[-93.47,77.47],[-93.75,77.42]]],[[[-109.27,76.96],[-109.36,76.97],[-109.39,76.99],[-109.36,77],[-109.25,77],[-109.22,76.97],[-109.27,76.96]]],[[[-89.96,77.21],[-90.14,77.21],[-90.54,77.28],[-90.93,77.32],[-91.16,77.38],[-91.21,77.42],[-91.19,77.53],[-91.25,77.57],[-91.24,77.63],[-91.09,77.67],[-90.94,77.69],[-90.72,77.67],[-89.95,77.57],[-89.83,77.54],[-89.76,77.49],[-89.72,77.41],[-89.56,77.34],[-89.57,77.31],[-89.8,77.22],[-89.96,77.21]]],[[[-104.93,77.08],[-105.06,77.12],[-105.08,77.14],[-105.41,77.18],[-105.51,77.22],[-105.75,77.38],[-105.8,77.44],[-105.77,77.47],[-105.85,77.51],[-105.91,77.59],[-106.12,77.7],[-106.13,77.75],[-105.99,77.76],[-105.89,77.74],[-105.5,77.65],[-105.32,77.58],[-105.11,77.4],[-105.01,77.38],[-104.91,77.38],[-104.84,77.37],[-104.57,77.3],[-104.49,77.25],[-104.43,77.15],[-104.53,77.11],[-104.75,77.08],[-104.93,77.08]]],[[[-95.98,77.19],[-96.01,77.19],[-96.11,77.19],[-96.16,77.2],[-96.17,77.21],[-96.14,77.22],[-96.09,77.23],[-96.02,77.23],[-95.98,77.22],[-95.98,77.19]]],[[[-90.86,77.14],[-91.04,77.16],[-91.21,77.21],[-91.22,77.25],[-91.16,77.27],[-91.02,77.28],[-90.77,77.22],[-90.76,77.16],[-90.86,77.14]]],[[[-95.48,77.16],[-95.64,77.16],[-95.68,77.19],[-95.8,77.22],[-95.79,77.23],[-95.63,77.24],[-95.47,77.21],[-95.42,77.19],[-95.42,77.17],[-95.48,77.16]]],[[[-95.87,77.12],[-95.9,77.11],[-95.94,77.11],[-96,77.11],[-96.05,77.12],[-96.05,77.14],[-96,77.15],[-95.93,77.14],[-95.87,77.12]]],[[[-97.41,76.94],[-97.48,76.95],[-97.46,76.99],[-97.42,77],[-97.29,77],[-97.25,76.99],[-97.24,76.97],[-97.41,76.94]]],[[[-97.13,76.8],[-97.16,76.79],[-97.25,76.79],[-97.3,76.81],[-97.31,76.82],[-97.29,76.83],[-97.24,76.83],[-97.17,76.83],[-97.13,76.82],[-97.13,76.8]]],[[[-99.48,76.71],[-99.88,76.73],[-99.89,76.76],[-99.74,76.77],[-99.59,76.74],[-99.52,76.74],[-99.47,76.73],[-99.48,76.71]]],[[[-99.04,76.67],[-99.14,76.67],[-99.19,76.67],[-99.25,76.68],[-99.25,76.7],[-99.18,76.71],[-99.11,76.71],[-99.06,76.7],[-99.04,76.67]]],[[[-101.24,76.58],[-101.46,76.58],[-101.53,76.59],[-101.48,76.63],[-100.82,76.76],[-100.46,76.78],[-100.42,76.77],[-100.41,76.75],[-100.54,76.71],[-100.61,76.67],[-101.24,76.58]]],[[[-83.8,76.42],[-83.82,76.41],[-83.84,76.4],[-83.91,76.4],[-83.97,76.41],[-84,76.42],[-84,76.44],[-84,76.45],[-83.97,76.48],[-83.93,76.48],[-83.86,76.47],[-83.84,76.46],[-83.83,76.45],[-83.8,76.42]]],[[[-97.84,76.56],[-97.92,76.55],[-97.96,76.55],[-98.01,76.56],[-98.06,76.57],[-98.06,76.58],[-98,76.59],[-97.92,76.59],[-97.84,76.58],[-97.84,76.56]]],[[[-97.06,76.6],[-97.08,76.56],[-97.13,76.55],[-97.17,76.55],[-97.2,76.56],[-97.21,76.57],[-97.2,76.6],[-97.15,76.61],[-97.09,76.61],[-97.06,76.6]]],[[[-89.9,76.83],[-89.86,76.82],[-89.87,76.78],[-89.76,76.75],[-89.7,76.71],[-89.71,76.66],[-89.8,76.61],[-89.82,76.53],[-89.79,76.48],[-89.91,76.46],[-90.1,76.45],[-90.24,76.49],[-90.27,76.54],[-90.47,76.66],[-90.48,76.72],[-90.44,76.74],[-89.99,76.83],[-89.9,76.83]]],[[[-104.44,76.68],[-104.36,76.7],[-104.2,76.71],[-104.09,76.69],[-104.07,76.63],[-103.85,76.64],[-103.8,76.64],[-103.64,76.58],[-103.2,76.49],[-103.15,76.45],[-103.33,76.37],[-103.46,76.35],[-103.6,76.34],[-103.86,76.33],[-104.26,76.33],[-104.32,76.34],[-104.33,76.36],[-104.16,76.37],[-104.13,76.38],[-104.18,76.4],[-104.29,76.4],[-104.4,76.42],[-104.42,76.48],[-104.58,76.54],[-104.64,76.61],[-104.57,76.66],[-104.44,76.68]]],[[[-97.14,76.45],[-97.23,76.45],[-97.27,76.46],[-97.28,76.5],[-97.21,76.51],[-97.14,76.48],[-97.14,76.45]]],[[[-89.33,76.4],[-89.42,76.41],[-89.39,76.44],[-89.31,76.44],[-89.25,76.42],[-89.33,76.4]]],[[[-81.56,76.12],[-81.62,76.14],[-81.58,76.16],[-81.43,76.19],[-81.36,76.18],[-81.33,76.17],[-81.38,76.14],[-81.56,76.12]]],[[[-79.47,75.76],[-79.56,75.78],[-79.55,75.79],[-79.66,75.84],[-79.62,75.88],[-79.26,75.98],[-79.16,76.05],[-79.04,76.09],[-78.95,76.11],[-78.88,76.1],[-78.85,76.08],[-78.89,76.04],[-79.12,75.95],[-79.16,75.91],[-78.95,75.84],[-78.97,75.82],[-79.01,75.81],[-79.3,75.83],[-79.36,75.82],[-79.4,75.77],[-79.47,75.76]]],[[[-103.55,76.06],[-103.71,76.05],[-103.96,76.08],[-104.15,76.08],[-104.38,76.12],[-104.47,76.17],[-104.4,76.22],[-104.34,76.24],[-103.59,76.27],[-103.03,76.31],[-102.81,76.31],[-102.69,76.3],[-102.56,76.2],[-102.72,76.12],[-102.87,76.09],[-103.4,76.08],[-103.55,76.06]]],[[[-103.44,75.92],[-103.69,75.92],[-103.8,75.93],[-103.79,75.95],[-103.45,75.97],[-102.98,76.03],[-102.58,76.07],[-102.48,76.08],[-102.39,76.07],[-102.38,76.04],[-102.47,76.02],[-102.75,76],[-103.44,75.92]]],[[[-95.09,76.01],[-95.28,76.05],[-95.28,76.08],[-95.08,76.08],[-95.04,76.07],[-95.04,76.03],[-95.09,76.01]]],[[[-103.44,75.85],[-103.54,75.83],[-103.63,75.82],[-103.69,75.83],[-103.7,75.85],[-103.51,75.87],[-103.44,75.85]]],[[[-95.77,75.92],[-95.83,75.92],[-95.89,75.92],[-95.94,75.93],[-95.92,75.95],[-95.9,75.97],[-95.86,75.99],[-95.82,76],[-95.76,75.98],[-95.75,75.93],[-95.77,75.92]]],[[[-102.97,75.76],[-103.25,75.75],[-103.33,75.76],[-103.34,75.78],[-103.1,75.82],[-102.94,75.91],[-102.57,75.94],[-102.29,75.98],[-102.12,75.98],[-102.11,75.97],[-102.18,75.95],[-102.33,75.93],[-102.41,75.91],[-102.5,75.82],[-102.57,75.8],[-102.97,75.76]]],[[[-96.68,75.79],[-96.73,75.8],[-96.74,75.82],[-96.56,75.89],[-96.5,75.89],[-96.46,75.88],[-96.46,75.86],[-96.59,75.81],[-96.68,75.79]]],[[[-95.5,75.76],[-95.53,75.76],[-95.62,75.76],[-95.66,75.77],[-95.67,75.78],[-95.64,75.79],[-95.6,75.8],[-95.54,75.8],[-95.5,75.78],[-95.5,75.76]]],[[[-94.61,75.73],[-94.84,75.73],[-94.9,75.73],[-94.9,75.76],[-94.86,75.77],[-94.87,75.84],[-94.93,75.88],[-94.93,75.92],[-94.88,75.95],[-94.72,75.98],[-94.56,75.98],[-94.47,75.96],[-94.49,75.76],[-94.61,75.73]]],[[[-100.25,75.63],[-100.85,75.6],[-100.91,75.62],[-100.92,75.64],[-100.76,75.65],[-100.27,75.67],[-100.21,75.66],[-100.21,75.64],[-100.25,75.63]]],[[[-96.77,75.71],[-96.75,75.69],[-96.81,75.67],[-96.92,75.66],[-97.01,75.66],[-96.99,75.68],[-96.84,75.71],[-96.77,75.71]]],[[[-101.33,75.53],[-101.41,75.52],[-101.49,75.52],[-101.53,75.53],[-101.53,75.54],[-101.51,75.56],[-101.47,75.56],[-101.41,75.57],[-101.35,75.56],[-101.33,75.53]]],[[[-97.19,75.55],[-97.22,75.54],[-97.3,75.54],[-97.35,75.55],[-97.36,75.56],[-97.33,75.58],[-97.29,75.58],[-97.23,75.58],[-97.19,75.57],[-97.19,75.55]]],[[[-96.66,75.39],[-96.8,75.39],[-96.86,75.41],[-96.94,75.53],[-96.88,75.56],[-96.41,75.63],[-96.32,75.69],[-96.17,75.67],[-95.99,75.67],[-95.93,75.64],[-95.93,75.61],[-96.03,75.57],[-96.02,75.53],[-96.05,75.52],[-96.16,75.5],[-96.23,75.52],[-96.27,75.56],[-96.36,75.57],[-96.37,75.52],[-96.59,75.45],[-96.59,75.4],[-96.66,75.39]]],[[[-97.22,75.26],[-97.28,75.27],[-97.29,75.32],[-97.27,75.36],[-97.22,75.37],[-97.18,75.36],[-97.16,75.28],[-97.22,75.26]]],[[[-104.07,75.1],[-104.24,75.09],[-104.31,75.1],[-104.76,75.18],[-104.8,75.22],[-104.75,75.27],[-104.54,75.39],[-104.47,75.46],[-104.4,75.49],[-104.29,75.49],[-104.06,75.47],[-103.98,75.45],[-103.91,75.37],[-103.68,75.27],[-103.6,75.2],[-103.63,75.17],[-104.07,75.1]]],[[[-100.17,75.61],[-99.84,75.63],[-99.8,75.64],[-99.81,75.69],[-99.74,75.72],[-99,75.72],[-98.88,75.73],[-98.89,75.75],[-98.97,75.76],[-99.5,75.75],[-100.33,75.72],[-100.81,75.7],[-101.12,75.65],[-101.78,75.63],[-102.02,75.59],[-102.25,75.58],[-102.34,75.53],[-102.44,75.52],[-102.58,75.54],[-102.63,75.57],[-102.76,75.6],[-102.78,75.63],[-102.63,75.66],[-102.51,75.72],[-102.37,75.73],[-102.14,75.7],[-102.07,75.71],[-102.08,75.73],[-102.16,75.74],[-102.17,75.8],[-102.24,75.81],[-102.25,75.84],[-102.17,75.87],[-102,75.9],[-101.86,75.9],[-101.77,75.89],[-101.76,75.87],[-101.61,75.86],[-101.49,75.83],[-101.4,75.8],[-101.18,75.77],[-101.09,75.77],[-100.97,75.81],[-101,75.83],[-101.19,75.81],[-101.27,75.83],[-101.28,75.85],[-101.48,75.91],[-101.5,75.94],[-101.36,76],[-101.38,76.02],[-101.49,76.02],[-101.61,76.01],[-101.81,76.04],[-101.83,76.14],[-101.74,76.17],[-101.55,76.2],[-101.49,76.23],[-101.73,76.23],[-101.86,76.25],[-102,76.24],[-102.04,76.25],[-102.09,76.33],[-101.87,76.4],[-101.72,76.49],[-101.63,76.49],[-101.25,76.41],[-101.13,76.36],[-101.11,76.31],[-101,76.29],[-100.82,76.23],[-100.73,76.15],[-100.5,76.11],[-100.47,76.07],[-100.09,75.94],[-99.95,75.9],[-99.87,75.89],[-99.74,75.9],[-99.56,75.92],[-99.55,75.95],[-99.59,75.96],[-99.83,75.96],[-99.93,75.98],[-100.17,76.11],[-100.18,76.13],[-100.06,76.14],[-99.89,76.11],[-99.71,76.1],[-99.55,76.14],[-99.56,76.16],[-99.6,76.16],[-99.78,76.15],[-99.98,76.19],[-100.17,76.19],[-100.36,76.21],[-100.42,76.24],[-100.35,76.26],[-100.23,76.27],[-100.17,76.3],[-100.08,76.3],[-99.97,76.28],[-99.9,76.28],[-99.92,76.33],[-100.13,76.38],[-100.47,76.38],[-100.68,76.39],[-100.83,76.42],[-100.95,76.47],[-100.96,76.49],[-100.86,76.53],[-100.6,76.56],[-100.38,76.63],[-99.57,76.64],[-99.46,76.62],[-99.41,76.58],[-99.23,76.53],[-99.19,76.42],[-99.11,76.4],[-99.03,76.44],[-98.86,76.45],[-98.83,76.46],[-98.9,76.53],[-99.01,76.57],[-99,76.62],[-98.97,76.63],[-98.65,76.63],[-98.59,76.64],[-98.61,76.67],[-98.87,76.7],[-98.82,76.72],[-98.55,76.72],[-98.42,76.69],[-98.37,76.65],[-98.25,76.63],[-98.24,76.62],[-98.31,76.6],[-98.31,76.58],[-98.16,76.55],[-97.93,76.52],[-97.75,76.49],[-97.74,76.45],[-97.83,76.4],[-97.81,76.34],[-97.61,76.22],[-97.58,76.11],[-97.7,76.04],[-97.66,75.82],[-97.85,75.8],[-97.88,75.79],[-97.87,75.77],[-97.5,75.71],[-97.45,75.66],[-97.49,75.6],[-97.46,75.5],[-97.36,75.44],[-97.41,75.43],[-97.52,75.45],[-97.76,75.56],[-97.79,75.56],[-97.8,75.52],[-97.85,75.52],[-97.97,75.55],[-98.04,75.54],[-98.02,75.5],[-97.96,75.47],[-98.02,75.44],[-98.02,75.39],[-98.12,75.36],[-98.12,75.34],[-98.02,75.32],[-98.01,75.3],[-97.83,75.27],[-97.77,75.22],[-97.62,75.18],[-97.61,75.16],[-97.67,75.14],[-97.83,75.15],[-98.06,75.2],[-98.08,75.24],[-98.17,75.24],[-98.17,75.19],[-98.11,75.15],[-97.98,75.11],[-97.97,75.09],[-98.05,75.07],[-98.41,75.07],[-98.65,75.03],[-98.72,75.03],[-98.87,75.05],[-98.97,75.05],[-99.05,75.03],[-99.17,75.03],[-99.22,75.04],[-99.23,75.06],[-99.18,75.11],[-99.19,75.14],[-99.26,75.15],[-99.32,75.11],[-99.31,75.08],[-99.41,75.04],[-99.76,75],[-99.98,75.02],[-100.12,75.06],[-100.33,75.09],[-100.33,75.15],[-100.42,75.19],[-100.46,75.24],[-100.43,75.25],[-100.33,75.25],[-100.1,75.24],[-100.08,75.27],[-100.26,75.29],[-100.29,75.35],[-100.32,75.36],[-100.45,75.35],[-100.56,75.36],[-100.65,75.39],[-100.66,75.4],[-100.56,75.44],[-100.62,75.46],[-100.62,75.49],[-100.48,75.5],[-100.18,75.5],[-100.05,75.54],[-99.83,75.54],[-99.79,75.55],[-99.8,75.57],[-99.91,75.58],[-100.17,75.57],[-100.24,75.59],[-100.17,75.61]]],[[[-86.38,75.44],[-86.33,75.45],[-86.18,75.47],[-85.81,75.47],[-85.76,75.48],[-85.75,75.5],[-85.81,75.51],[-86.14,75.53],[-86.2,75.55],[-86.19,75.57],[-86.04,75.59],[-85.8,75.64],[-85.57,75.63],[-85.5,75.64],[-85.23,75.7],[-85.02,75.72],[-84.9,75.72],[-84.58,75.67],[-84.47,75.67],[-84.44,75.7],[-84.51,75.73],[-84.47,75.77],[-84.15,75.82],[-83.84,75.9],[-83.72,75.9],[-83.5,75.85],[-83.31,75.83],[-82.54,75.9],[-82.36,75.89],[-82.28,75.88],[-81.8,75.87],[-81.65,75.85],[-81.44,75.84],[-81.3,75.85],[-81.14,75.84],[-81.11,75.82],[-81.19,75.79],[-81.23,75.74],[-81.09,75.7],[-80.9,75.69],[-80.54,75.71],[-80.22,75.7],[-80.13,75.66],[-80.14,75.61],[-80.19,75.59],[-80.36,75.56],[-80.38,75.53],[-80.32,75.52],[-79.79,75.55],[-79.62,75.54],[-79.58,75.5],[-79.66,75.46],[-79.56,75.42],[-79.66,75.36],[-79.57,75.32],[-79.58,75.3],[-79.82,75.22],[-80.31,75.12],[-80.36,75.06],[-80.28,75.02],[-80.19,75.01],[-79.89,75.05],[-79.72,75.04],[-79.54,74.97],[-79.56,74.92],[-79.67,74.9],[-79.8,74.89],[-80,74.86],[-80.13,74.87],[-80.3,74.96],[-80.4,74.97],[-80.44,74.96],[-80.47,74.93],[-80.27,74.83],[-80.37,74.73],[-80.33,74.69],[-80.41,74.62],[-80.58,74.59],[-80.93,74.6],[-81.38,74.58],[-81.86,74.51],[-82.09,74.49],[-82.26,74.51],[-82.39,74.56],[-82.48,74.56],[-82.53,74.53],[-82.61,74.52],[-82.7,74.52],[-82.83,74.56],[-83.02,74.58],[-83.1,74.62],[-83.1,74.77],[-83.35,74.84],[-83.46,74.91],[-83.56,74.92],[-83.59,74.87],[-83.34,74.77],[-83.32,74.74],[-83.36,74.68],[-83.56,74.58],[-83.68,74.55],[-83.78,74.55],[-84.16,74.56],[-84.36,74.53],[-84.53,74.52],[-84.72,74.54],[-84.98,74.55],[-85.07,74.58],[-85.03,74.63],[-85.08,74.66],[-85.06,74.69],[-85.11,74.69],[-85.19,74.56],[-85.33,74.53],[-85.44,74.53],[-85.53,74.56],[-85.58,74.6],[-85.57,74.66],[-85.63,74.67],[-85.67,74.66],[-85.69,74.55],[-85.8,74.52],[-86.14,74.53],[-86.22,74.55],[-86.2,74.58],[-86.23,74.59],[-86.32,74.59],[-86.39,74.55],[-86.4,74.5],[-86.46,74.5],[-86.55,74.5],[-86.82,74.59],[-86.92,74.59],[-86.9,74.55],[-86.71,74.49],[-86.75,74.47],[-87.17,74.49],[-87.26,74.48],[-87.34,74.48],[-87.4,74.49],[-87.36,74.52],[-87.36,74.56],[-87.46,74.56],[-87.53,74.51],[-87.64,74.49],[-87.9,74.51],[-88.38,74.5],[-88.46,74.5],[-88.5,74.53],[-88.54,74.56],[-88.42,74.81],[-88.44,74.85],[-88.42,74.92],[-88.45,74.93],[-88.5,74.93],[-88.54,74.92],[-88.56,74.86],[-88.74,74.82],[-88.76,74.73],[-88.84,74.7],[-88.91,74.7],[-88.95,74.72],[-88.91,74.82],[-88.93,74.84],[-88.97,74.86],[-89.07,74.85],[-89.07,74.78],[-89.15,74.74],[-89.15,74.72],[-89.11,74.69],[-89.12,74.64],[-89.22,74.6],[-89.37,74.59],[-89.63,74.53],[-89.68,74.53],[-89.94,74.58],[-90.25,74.58],[-90.41,74.6],[-90.8,74.71],[-90.95,74.72],[-90.96,74.74],[-90.82,74.8],[-90.78,74.83],[-90.77,74.86],[-90.81,74.87],[-90.87,74.87],[-90.91,74.86],[-91.02,74.8],[-91.14,74.76],[-91.15,74.72],[-91.07,74.66],[-91.08,74.63],[-91.13,74.62],[-91.21,74.63],[-91.27,74.67],[-91.42,74.66],[-91.57,74.67],[-91.68,74.73],[-91.78,74.74],[-91.9,74.76],[-91.98,74.81],[-92.08,74.96],[-92.15,75],[-92.15,75.03],[-91.99,75.05],[-91.97,75.1],[-92.04,75.13],[-92.19,75.13],[-92.36,75.17],[-92.42,75.24],[-92.4,75.38],[-92.18,75.5],[-92.07,75.59],[-92.05,75.67],[-92.1,75.83],[-92.33,75.9],[-92.37,75.94],[-92.47,75.99],[-92.81,76.1],[-92.96,76.22],[-93.05,76.26],[-93.12,76.27],[-93.29,76.27],[-93.45,76.25],[-93.66,76.24],[-93.69,76.22],[-93.56,76.19],[-93.56,76.17],[-93.67,76.15],[-93.86,76.15],[-94.21,76.19],[-94.52,76.21],[-94.73,76.2],[-94.91,76.17],[-94.96,76.17],[-95.17,76.2],[-95.45,76.21],[-95.49,76.25],[-95.42,76.27],[-95.16,76.3],[-95.15,76.32],[-95.36,76.35],[-95.86,76.38],[-96.08,76.42],[-96.16,76.45],[-96.16,76.47],[-96.06,76.5],[-95.8,76.53],[-95.65,76.56],[-95.66,76.61],[-95.83,76.61],[-96.03,76.56],[-96.22,76.56],[-96.37,76.58],[-96.73,76.66],[-97,76.68],[-97.08,76.69],[-97.03,76.76],[-96.95,76.76],[-96.83,76.72],[-96.71,76.7],[-96.61,76.72],[-96.65,76.8],[-96.95,76.84],[-96.92,76.93],[-96.86,76.95],[-96.53,76.96],[-96.47,77],[-96.37,77.02],[-95.59,77.04],[-95.33,76.99],[-95.12,76.98],[-94.9,76.93],[-94.7,76.92],[-94.5,76.88],[-94.29,76.89],[-94.18,76.88],[-94.14,76.87],[-94.16,76.84],[-94.1,76.83],[-93.85,76.85],[-93.69,76.84],[-93.48,76.74],[-93.21,76.67],[-93.25,76.61],[-93.25,76.5],[-93.48,76.42],[-93.47,76.39],[-93.42,76.38],[-93.27,76.41],[-92.99,76.55],[-92.85,76.57],[-92.72,76.57],[-92.55,76.55],[-92.19,76.55],[-91.73,76.65],[-91.48,76.65],[-91.33,76.63],[-90.64,76.49],[-90.48,76.44],[-90.43,76.41],[-90.5,76.4],[-90.8,76.39],[-91.08,76.43],[-91.25,76.44],[-91.41,76.46],[-91.49,76.46],[-91.53,76.45],[-91.53,76.43],[-91.47,76.42],[-91.05,76.36],[-90.48,76.34],[-90.24,76.32],[-89.61,76.29],[-89.47,76.28],[-89.4,76.26],[-89.48,76.18],[-89.6,76.15],[-89.73,76.14],[-90.2,76.15],[-90.24,76.14],[-90.25,76.12],[-90.19,76.1],[-90.29,76.08],[-90.5,76.13],[-90.79,76.14],[-91.02,76.2],[-91.28,76.22],[-91.47,76.27],[-91.57,76.27],[-91.57,76.25],[-91.46,76.21],[-91.47,76.17],[-91.4,76.15],[-91.02,76.13],[-90.94,76.12],[-90.77,76.07],[-90.46,76.07],[-90.42,76.06],[-90.43,76.03],[-90.47,76.03],[-90.69,76.01],[-90.9,76.03],[-91.05,76.03],[-91.02,75.97],[-91.22,75.86],[-91.2,75.84],[-91.11,75.86],[-90.96,75.92],[-90.81,75.96],[-90.73,75.96],[-90.66,75.94],[-90.67,75.92],[-90.61,75.91],[-90.54,75.91],[-90.46,75.96],[-90.3,75.95],[-90.14,76.02],[-90.01,76.01],[-89.96,76.02],[-89.96,76.08],[-89.87,76.09],[-89.82,76.07],[-89.79,76.02],[-89.64,75.98],[-89.65,75.94],[-89.76,75.85],[-89.71,75.84],[-89.52,75.88],[-89.39,75.88],[-89.22,75.84],[-89.18,75.81],[-89.32,75.68],[-89.43,75.66],[-89.65,75.64],[-89.67,75.61],[-89.62,75.6],[-89.22,75.59],[-89.13,75.54],[-89.05,75.51],[-88.91,75.49],[-88.77,75.49],[-88.71,75.51],[-88.7,75.53],[-88.89,75.62],[-88.88,75.66],[-88.8,75.68],[-88.77,75.72],[-88.68,75.73],[-88.63,75.71],[-88.59,75.66],[-88.53,75.64],[-88.32,75.62],[-88.26,75.6],[-88.27,75.56],[-88.31,75.55],[-88.3,75.53],[-88.19,75.54],[-88.11,75.58],[-87.84,75.63],[-87.71,75.63],[-87.71,75.6],[-87.63,75.57],[-87.64,75.53],[-87.53,75.51],[-87.42,75.53],[-87.41,75.54],[-87.5,75.58],[-87.46,75.63],[-87.38,75.67],[-87.31,75.67],[-87.22,75.62],[-87.12,75.59],[-86.89,75.56],[-86.63,75.54],[-86.5,75.5],[-86.52,75.47],[-86.62,75.45],[-86.61,75.42],[-86.53,75.42],[-86.38,75.44]]],[[[-96.48,74.81],[-96.52,74.8],[-96.56,74.8],[-96.59,74.8],[-96.61,74.82],[-96.62,74.83],[-96.61,74.84],[-96.57,74.85],[-96.53,74.85],[-96.48,74.84],[-96.48,74.81]]],[[[-98.36,74.77],[-98.43,74.76],[-98.51,74.76],[-98.55,74.77],[-98.59,74.78],[-98.59,74.79],[-98.54,74.8],[-98.47,74.8],[-98.42,74.8],[-98.36,74.79],[-98.36,74.77]]],[[[-96.27,74.74],[-96.26,74.72],[-96.27,74.71],[-96.31,74.7],[-96.36,74.7],[-96.4,74.71],[-96.4,74.73],[-96.4,74.74],[-96.34,74.74],[-96.27,74.74]]],[[[-94.07,74.63],[-94.29,74.64],[-94.47,74.66],[-94.59,74.67],[-94.76,74.69],[-94.88,74.69],[-94.94,74.7],[-95.01,74.72],[-95.07,74.78],[-95.28,74.83],[-95.36,74.83],[-95.38,74.8],[-95.42,74.78],[-95.49,74.81],[-95.53,74.85],[-95.83,74.9],[-95.95,74.93],[-95.99,74.95],[-96,75.04],[-96.04,75.05],[-96.12,75.04],[-96.13,74.96],[-96.19,74.95],[-96.26,74.95],[-96.33,74.97],[-96.36,75.02],[-96.41,75.03],[-96.55,75.02],[-96.6,75.03],[-96.61,75.06],[-96.55,75.13],[-96.3,75.22],[-96.05,75.28],[-96.04,75.33],[-95.82,75.39],[-95.79,75.41],[-95.79,75.42],[-95.85,75.44],[-96.09,75.43],[-96.11,75.45],[-96.08,75.47],[-95.92,75.48],[-95.73,75.47],[-95.74,75.53],[-95.6,75.57],[-95.38,75.62],[-95,75.66],[-94.5,75.67],[-94.26,75.61],[-93.98,75.51],[-93.75,75.45],[-93.66,75.41],[-93.58,75.33],[-93.46,75.3],[-93.36,75.22],[-93.36,75.15],[-93.43,75.12],[-93.43,75.06],[-93.36,75.04],[-93.36,75.01],[-93.43,74.97],[-93.42,74.92],[-93.37,74.86],[-93.37,74.79],[-93.41,74.76],[-93.49,74.71],[-93.61,74.68],[-93.84,74.67],[-94.07,74.63]]],[[[-97.51,74.65],[-97.49,74.63],[-97.61,74.58],[-97.66,74.53],[-97.75,74.5],[-97.91,74.49],[-97.97,74.5],[-97.97,74.53],[-97.85,74.56],[-97.74,74.63],[-97.66,74.65],[-97.51,74.65]]],[[[-95.45,74.49],[-95.58,74.49],[-95.73,74.5],[-95.79,74.52],[-95.81,74.55],[-95.96,74.57],[-95.96,74.59],[-95.76,74.65],[-95.64,74.64],[-95.56,74.58],[-95.36,74.54],[-95.37,74.51],[-95.45,74.49]]],[[[-98.71,74.3],[-98.83,74.3],[-98.94,74.31],[-98.97,74.34],[-98.71,74.35],[-98.64,74.33],[-98.64,74.32],[-98.71,74.3]]],[[[-89.98,73.97],[-90.07,73.98],[-90.05,74.01],[-89.92,74.03],[-89.83,74.03],[-89.79,74.01],[-89.79,74],[-89.98,73.97]]],[[[-107.69,73.64],[-107.64,73.63],[-107.63,73.61],[-107.65,73.6],[-107.7,73.58],[-108,73.55],[-108.08,73.55],[-108.13,73.56],[-108.13,73.6],[-108.07,73.62],[-108.02,73.63],[-107.92,73.63],[-107.69,73.64]]],[[[-98.87,73.84],[-99.01,73.84],[-99.12,73.87],[-99.4,73.86],[-99.47,73.87],[-99.52,73.89],[-99.54,73.92],[-99.5,73.94],[-99.27,73.94],[-99.18,73.96],[-99.11,74],[-99.04,74.01],[-98.48,74.07],[-98.31,74.11],[-98.16,74.13],[-98,74.14],[-97.96,74.13],[-97.93,74.08],[-97.97,74.05],[-98.05,74],[-98.24,73.93],[-98.42,73.88],[-98.64,73.88],[-98.87,73.84]]],[[[-99.15,73.83],[-99.23,73.8],[-99.29,73.8],[-99.36,73.8],[-99.36,73.83],[-99.34,73.84],[-99.27,73.84],[-99.16,73.84],[-99.15,73.83]]],[[[-79.38,72.75],[-79.55,72.78],[-79.8,72.89],[-79.99,72.92],[-80.14,72.96],[-80.2,72.99],[-80.22,73.03],[-80.18,73.15],[-80.29,73.19],[-80.83,73.3],[-80.98,73.37],[-80.98,73.42],[-80.82,73.61],[-80.83,73.66],[-80.94,73.72],[-80.89,73.76],[-80.76,73.76],[-80.36,73.81],[-80.27,73.8],[-80.18,73.76],[-79.89,73.72],[-79.69,73.67],[-79.49,73.66],[-79.2,73.66],[-78.42,73.7],[-78.19,73.69],[-77.93,73.65],[-77.83,73.61],[-77.54,73.56],[-77.24,73.52],[-77.17,73.48],[-77.17,73.46],[-77,73.38],[-76.89,73.34],[-76.66,73.32],[-76.63,73.29],[-76.66,73.23],[-76.61,73.17],[-76.5,73.12],[-76.34,73.12],[-76.32,73.11],[-76.37,73.04],[-76.33,73.01],[-76.04,72.95],[-75.98,72.92],[-76.03,72.87],[-76.16,72.85],[-76.27,72.85],[-77.02,72.89],[-77.37,72.89],[-77.74,72.91],[-77.98,72.92],[-78.53,72.87],[-79.14,72.75],[-79.38,72.75]]],[[[-109.39,72.86],[-109.31,72.86],[-109.28,72.84],[-109.27,72.82],[-109.32,72.8],[-109.37,72.8],[-109.4,72.81],[-109.42,72.84],[-109.39,72.86]]],[[[-97.18,73.22],[-97.26,73.23],[-97.27,73.25],[-97.18,73.27],[-97.12,73.27],[-97.08,73.26],[-97.08,73.24],[-97.18,73.22]]],[[[-105.33,72.88],[-105.38,72.89],[-105.69,72.99],[-105.94,73.08],[-106.08,73.16],[-106.25,73.3],[-106.4,73.37],[-106.61,73.43],[-106.92,73.45],[-107.02,73.47],[-107.03,73.54],[-106.95,73.58],[-106.78,73.66],[-106.54,73.72],[-106.42,73.74],[-105.36,73.78],[-105.17,73.74],[-105.05,73.68],[-104.77,73.63],[-104.6,73.56],[-104.56,73.5],[-104.64,73.33],[-104.87,73.11],[-105.04,73.04],[-105.07,73.02],[-105.29,72.95],[-105.3,72.9],[-105.33,72.88]]],[[[-95.8,73.11],[-95.88,73.1],[-95.92,73.11],[-95.96,73.12],[-95.98,73.15],[-95.95,73.17],[-95.91,73.19],[-95.85,73.18],[-95.82,73.16],[-95.83,73.14],[-95.8,73.11]]],[[[-108.6,72.66],[-108.58,72.63],[-108.63,72.61],[-108.66,72.6],[-108.7,72.61],[-108.71,72.64],[-108.69,72.66],[-108.64,72.66],[-108.6,72.66]]],[[[-95.9,72.94],[-95.94,72.95],[-95.94,72.96],[-95.94,73],[-95.94,73.03],[-95.88,73.05],[-95.84,73.04],[-95.83,73.02],[-95.81,72.98],[-95.82,72.94],[-95.87,72.94],[-95.9,72.94]]],[[[-96.98,72.91],[-97.04,72.91],[-97.12,72.93],[-97.21,73.01],[-97.23,73.07],[-97.21,73.11],[-97.13,73.16],[-97.05,73.19],[-96.99,73.19],[-96.78,73.07],[-96.77,72.99],[-96.83,72.93],[-96.98,72.91]]],[[[-95.8,72.89],[-95.8,72.84],[-95.84,72.83],[-95.88,72.83],[-95.91,72.84],[-95.92,72.86],[-95.89,72.88],[-95.87,72.89],[-95.83,72.89],[-95.8,72.89]]],[[[-100.53,72.76],[-100.61,72.75],[-100.68,72.76],[-100.67,72.78],[-100.61,72.79],[-100.57,72.79],[-100.53,72.78],[-100.53,72.76]]],[[[-96.85,72.88],[-96.83,72.86],[-96.86,72.81],[-96.79,72.78],[-96.78,72.75],[-96.89,72.73],[-97.08,72.71],[-97.1,72.74],[-97.06,72.83],[-96.94,72.87],[-96.85,72.88]]],[[[-85.01,72.36],[-85.03,72.34],[-85.08,72.33],[-85.13,72.33],[-85.15,72.35],[-85.11,72.36],[-85.01,72.36]]],[[[-85.89,72.23],[-85.92,72.22],[-86.05,72.22],[-86.1,72.24],[-86.08,72.29],[-86.01,72.29],[-85.96,72.28],[-85.88,72.25],[-85.89,72.23]]],[[[-85.73,72.22],[-85.69,72.2],[-85.73,72.18],[-85.77,72.18],[-85.8,72.19],[-85.85,72.21],[-85.84,72.22],[-85.73,72.22]]],[[[-108.12,71.95],[-108.19,71.96],[-108.24,72.01],[-108.22,72.03],[-108.14,72.02],[-108.1,71.97],[-108.12,71.95]]],[[[-95.54,71.79],[-95.53,71.88],[-95.46,71.89],[-95.4,71.81],[-95.47,71.79],[-95.54,71.79]]],[[[-97.16,71.67],[-97.16,71.69],[-97.03,71.73],[-97.01,71.7],[-97.04,71.68],[-97.11,71.66],[-97.16,71.67]]],[[[-99.83,73.85],[-99.45,73.77],[-99.4,73.72],[-99.32,73.71],[-99.2,73.75],[-98.66,73.79],[-98.19,73.86],[-98.13,73.87],[-97.98,73.93],[-97.92,73.93],[-97.9,73.91],[-97.83,73.89],[-97.63,73.9],[-97.43,73.88],[-97.31,73.84],[-97.23,73.76],[-97.21,73.68],[-97.27,73.6],[-97.37,73.58],[-97.57,73.56],[-97.61,73.53],[-97.66,73.52],[-97.83,73.53],[-97.86,73.51],[-97.84,73.46],[-97.78,73.44],[-97.66,73.47],[-97.57,73.47],[-97.48,73.44],[-97.37,73.44],[-97.34,73.43],[-97.33,73.38],[-97.37,73.35],[-97.5,73.33],[-97.76,73.31],[-97.95,73.26],[-98.2,73.12],[-98.58,72.99],[-98.6,72.97],[-98.59,72.89],[-98.51,72.88],[-98.42,72.97],[-98.29,73.01],[-97.88,73.02],[-97.59,73],[-97.48,72.96],[-97.4,72.9],[-97.35,72.82],[-97.25,72.74],[-97.23,72.69],[-97.31,72.64],[-97.3,72.59],[-97.24,72.58],[-97.15,72.58],[-96.68,72.73],[-96.6,72.72],[-96.59,72.68],[-96.64,72.64],[-96.64,72.6],[-96.54,72.53],[-96.52,72.43],[-96.54,72.41],[-96.68,72.37],[-96.71,72.33],[-96.76,72.32],[-96.9,72.33],[-97.01,72.32],[-97.01,72.31],[-96.95,72.29],[-96.78,72.27],[-96.72,72.25],[-96.65,72.1],[-96.7,72.08],[-96.9,72.06],[-96.97,72.04],[-96.97,72.02],[-96.94,72.02],[-96.72,72.02],[-96.68,72.01],[-96.67,71.97],[-96.81,71.94],[-96.82,71.92],[-96.79,71.91],[-96.63,71.92],[-96.6,71.9],[-96.8,71.8],[-96.84,71.8],[-96.87,71.81],[-96.86,71.85],[-96.93,71.85],[-97.04,71.79],[-97.16,71.77],[-97.21,71.75],[-97.3,71.69],[-97.64,71.61],[-97.76,71.6],[-97.86,71.62],[-97.9,71.65],[-97.99,71.67],[-98.26,71.67],[-98.39,71.69],[-98.44,71.72],[-98.46,71.79],[-98.4,71.87],[-98.4,71.89],[-98.5,71.9],[-98.6,71.84],[-98.62,71.81],[-98.61,71.72],[-98.54,71.66],[-98.3,71.54],[-98.28,71.48],[-98.33,71.45],[-98.4,71.44],[-98.51,71.4],[-98.57,71.31],[-98.65,71.28],[-98.72,71.27],[-98.83,71.28],[-98.93,71.31],[-99.06,71.37],[-99.15,71.37],[-99.21,71.35],[-99.28,71.36],[-99.36,71.42],[-99.44,71.53],[-99.47,71.56],[-99.58,71.59],[-99.88,71.8],[-100.15,71.89],[-100.4,71.99],[-100.54,72.06],[-100.77,72.19],[-100.84,72.21],[-101.05,72.22],[-101.14,72.25],[-101.23,72.32],[-101.32,72.34],[-101.38,72.34],[-101.41,72.32],[-101.43,72.29],[-101.48,72.25],[-101.54,72.25],[-101.65,72.27],[-101.76,72.32],[-102,72.38],[-101.99,72.42],[-102.06,72.44],[-102.07,72.47],[-102.13,72.5],[-102.49,72.6],[-102.75,72.7],[-102.79,72.77],[-102.65,72.85],[-102.63,72.93],[-102.57,72.99],[-102.33,73.06],[-102.13,73.06],[-102.07,73.07],[-101.98,73.04],[-101.94,73.02],[-101.86,72.91],[-101.64,72.85],[-101.57,72.79],[-101.42,72.76],[-101.29,72.69],[-101.04,72.67],[-100.94,72.67],[-100.88,72.71],[-100.56,72.71],[-100.48,72.72],[-100.41,72.74],[-100.42,72.8],[-100.45,72.81],[-100.53,72.9],[-100.57,72.99],[-100.54,73],[-100.48,73.01],[-100.45,73],[-100.44,72.95],[-100.36,72.92],[-100.33,72.84],[-100.3,72.84],[-100.25,72.84],[-100.18,72.88],[-100.2,72.94],[-100.28,72.99],[-100.32,73.1],[-100.43,73.1],[-100.55,73.08],[-100.65,73.11],[-100.67,73.19],[-100.62,73.23],[-100.59,73.25],[-100.52,73.25],[-100.31,73.2],[-100.15,73.18],[-100.11,73.19],[-100.12,73.21],[-100.36,73.28],[-100.5,73.34],[-100.56,73.34],[-100.59,73.31],[-100.63,73.3],[-100.83,73.29],[-100.93,73.26],[-101.08,73.26],[-101.4,73.37],[-101.68,73.44],[-101.72,73.46],[-101.74,73.5],[-101.42,73.59],[-101.2,73.59],[-101.01,73.56],[-100.79,73.42],[-100.71,73.4],[-100.63,73.41],[-100.61,73.43],[-100.7,73.47],[-100.73,73.57],[-100.78,73.6],[-100.91,73.64],[-101.18,73.69],[-101.21,73.73],[-101.19,73.75],[-101.12,73.8],[-101.06,73.82],[-101,73.83],[-100.66,73.84],[-100.33,73.78],[-100.08,73.79],[-99.97,73.83],[-100,73.87],[-100.03,73.88],[-100.28,73.86],[-100.32,73.87],[-100.33,73.89],[-100.16,73.95],[-100,73.95],[-99.87,73.86],[-99.83,73.85]]],[[[-99.03,71.25],[-99.1,71.25],[-99.12,71.26],[-99.14,71.28],[-99.13,71.3],[-99.1,71.31],[-99.03,71.31],[-99,71.3],[-98.99,71.27],[-99.03,71.25]]],[[[-96.68,71.24],[-96.74,71.24],[-96.78,71.27],[-96.78,71.33],[-96.71,71.32],[-96.67,71.27],[-96.68,71.24]]],[[[-103.37,70.71],[-103.39,70.7],[-103.48,70.72],[-103.5,70.76],[-103.41,70.74],[-103.37,70.71]]],[[[-91.88,70.57],[-91.93,70.58],[-91.93,70.6],[-91.9,70.61],[-91.85,70.61],[-91.82,70.58],[-91.88,70.57]]],[[[-100.35,70.6],[-100.29,70.58],[-100.26,70.51],[-100.28,70.5],[-100.35,70.5],[-100.43,70.52],[-100.47,70.55],[-100.66,70.62],[-100.67,70.66],[-100.71,70.68],[-100.7,70.71],[-100.49,70.71],[-100.36,70.67],[-100.24,70.65],[-100.18,70.63],[-100.17,70.61],[-100.22,70.61],[-100.3,70.62],[-100.38,70.62],[-100.38,70.61],[-100.35,70.6]]],[[[-76.99,69.73],[-77.03,69.73],[-77.06,69.73],[-77.12,69.75],[-77.12,69.76],[-77.1,69.77],[-77.06,69.78],[-77.01,69.77],[-76.98,69.75],[-76.99,69.73]]],[[[-77.99,69.82],[-78.03,69.82],[-78.06,69.82],[-78.07,69.84],[-78.08,69.86],[-78.06,69.89],[-78.03,69.9],[-78,69.9],[-77.97,69.9],[-77.95,69.89],[-77.95,69.88],[-77.99,69.82]]],[[[-91.77,70.5],[-91.83,70.51],[-91.81,70.53],[-91.75,70.53],[-91.73,70.51],[-91.77,70.5]]],[[[-100.2,70.43],[-100.24,70.43],[-100.29,70.44],[-100.27,70.46],[-100.2,70.46],[-100.2,70.43]]],[[[-79.2,69.83],[-79.31,69.84],[-79.3,69.86],[-79.27,69.87],[-79.22,69.87],[-79.19,69.85],[-79.2,69.83]]],[[[-77.28,69.66],[-77.34,69.66],[-77.37,69.66],[-77.39,69.67],[-77.38,69.69],[-77.36,69.7],[-77.33,69.7],[-77.29,69.7],[-77.26,69.69],[-77.28,69.66]]],[[[-76.76,69.58],[-76.83,69.56],[-76.86,69.57],[-76.88,69.57],[-76.88,69.59],[-76.85,69.6],[-76.81,69.6],[-76.78,69.59],[-76.76,69.58]]],[[[-100.74,70.28],[-100.79,70.29],[-100.85,70.31],[-100.87,70.34],[-100.85,70.36],[-100.81,70.36],[-100.74,70.33],[-100.72,70.3],[-100.74,70.28]]],[[[-64.63,67.91],[-64.65,67.92],[-64.63,67.94],[-64.57,67.95],[-64.54,67.94],[-64.53,67.93],[-64.55,67.92],[-64.63,67.91]]],[[[-87.33,70.15],[-87.3,70.14],[-87.29,70.13],[-87.3,70.11],[-87.31,70.11],[-87.36,70.1],[-87.39,70.11],[-87.4,70.11],[-87.41,70.13],[-87.39,70.14],[-87.37,70.15],[-87.33,70.15]]],[[[-82.44,69.84],[-82.51,69.85],[-82.61,69.89],[-82.63,69.9],[-82.63,69.91],[-82.57,69.92],[-82.52,69.91],[-82.49,69.89],[-82.43,69.88],[-82.4,69.86],[-82.41,69.85],[-82.44,69.84]]],[[[-82.53,69.78],[-82.58,69.78],[-82.67,69.78],[-82.7,69.78],[-82.73,69.79],[-82.76,69.79],[-82.81,69.8],[-82.83,69.8],[-82.81,69.81],[-82.77,69.82],[-82.69,69.81],[-82.61,69.81],[-82.55,69.8],[-82.53,69.78]]],[[[-80.46,69.82],[-80.5,69.84],[-80.49,69.87],[-80.46,69.88],[-80.39,69.87],[-80.3,69.89],[-80.14,69.88],[-80.03,69.84],[-79.9,69.83],[-79.79,69.85],[-79.67,69.88],[-79.56,69.89],[-79.48,69.89],[-79.39,69.85],[-79.35,69.81],[-79.36,69.79],[-79.56,69.71],[-79.72,69.68],[-79.9,69.69],[-79.94,69.69],[-79.96,69.66],[-79.87,69.6],[-79.89,69.58],[-79.95,69.57],[-80.03,69.58],[-80.1,69.59],[-80.19,69.65],[-80.2,69.69],[-80.24,69.72],[-80.28,69.72],[-80.3,69.69],[-80.36,69.68],[-80.41,69.7],[-80.39,69.72],[-80.43,69.74],[-80.75,69.75],[-80.79,69.77],[-80.78,69.79],[-80.72,69.83],[-80.69,69.84],[-80.55,69.83],[-80.51,69.81],[-80.47,69.79],[-80.43,69.8],[-80.46,69.82]]],[[[-83.11,69.82],[-83.07,69.81],[-83.12,69.79],[-83.22,69.8],[-83.28,69.79],[-83.32,69.79],[-83.37,69.79],[-83.39,69.81],[-83.38,69.82],[-83.3,69.83],[-83.13,69.83],[-83.11,69.82]]],[[[-86.63,69.94],[-87.19,69.98],[-87.32,70.02],[-87.33,70.06],[-87.2,70.08],[-87.11,70.11],[-87.04,70.11],[-86.94,70.06],[-86.89,70.06],[-86.8,70.08],[-86.77,70.09],[-86.69,70.09],[-86.56,70.05],[-86.54,70.03],[-86.53,69.96],[-86.63,69.94]]],[[[-78.2,69.69],[-78.17,69.73],[-78.13,69.74],[-78.08,69.73],[-78.01,69.7],[-77.95,69.66],[-77.99,69.61],[-78.03,69.59],[-78.25,69.55],[-78.54,69.52],[-78.71,69.46],[-78.79,69.44],[-78.84,69.45],[-78.86,69.46],[-78.81,69.51],[-78.51,69.62],[-78.28,69.69],[-78.2,69.69]]],[[[-83.69,69.78],[-83.74,69.78],[-83.89,69.82],[-83.89,69.85],[-83.82,69.86],[-83.64,69.85],[-83.6,69.83],[-83.61,69.81],[-83.69,69.78]]],[[[-80.09,69.47],[-80.14,69.46],[-80.17,69.47],[-80.21,69.47],[-80.22,69.49],[-80.19,69.5],[-80.15,69.5],[-80.11,69.5],[-80.09,69.47]]],[[[-81.63,69.51],[-81.68,69.51],[-81.73,69.52],[-81.75,69.53],[-81.78,69.56],[-81.78,69.57],[-81.73,69.58],[-81.7,69.57],[-81.67,69.56],[-81.65,69.55],[-81.61,69.53],[-81.63,69.51]]],[[[-82.31,69.6],[-82.33,69.57],[-82.38,69.56],[-82.41,69.56],[-82.46,69.57],[-82.44,69.59],[-82.41,69.6],[-82.36,69.61],[-82.31,69.6]]],[[[-97.42,69.92],[-97.5,69.94],[-97.51,69.98],[-97.43,69.99],[-97.41,69.98],[-97.37,69.94],[-97.42,69.92]]],[[[-91.21,69.93],[-91.15,69.91],[-91.13,69.9],[-91.16,69.88],[-91.21,69.88],[-91.26,69.91],[-91.25,69.93],[-91.21,69.93]]],[[[-91.66,69.89],[-91.72,69.89],[-91.75,69.9],[-91.72,69.92],[-91.63,69.93],[-91.6,69.92],[-91.61,69.9],[-91.66,69.89]]],[[[-76.69,69.42],[-76.67,69.39],[-76.7,69.34],[-76.83,69.25],[-76.95,69.21],[-76.97,69.18],[-76.88,69.14],[-76.89,69.13],[-76.95,69.11],[-77.05,69.12],[-77.28,69.11],[-77.36,69.15],[-77.29,69.33],[-77.32,69.39],[-77.29,69.44],[-77.2,69.45],[-77.05,69.44],[-77,69.42],[-76.9,69.41],[-76.78,69.43],[-76.69,69.42]]],[[[-82.08,69.47],[-82.21,69.5],[-82.24,69.51],[-82.22,69.54],[-82.07,69.53],[-82.03,69.5],[-82.08,69.47]]],[[[-91.58,69.83],[-91.58,69.85],[-91.5,69.88],[-91.41,69.92],[-91.36,69.92],[-91.32,69.9],[-91.35,69.87],[-91.49,69.83],[-91.55,69.81],[-91.58,69.83]]],[[[-102.15,69.71],[-102.23,69.72],[-102.25,69.76],[-102.22,69.79],[-102.15,69.78],[-102.11,69.75],[-102.1,69.72],[-102.15,69.71]]],[[[-81.85,69.39],[-81.88,69.4],[-81.92,69.42],[-81.88,69.49],[-81.61,69.47],[-81.51,69.44],[-81.51,69.43],[-81.56,69.4],[-81.61,69.4],[-81.8,69.41],[-81.85,69.39]]],[[[-91.4,69.8],[-91.37,69.79],[-91.37,69.77],[-91.44,69.75],[-91.49,69.75],[-91.52,69.77],[-91.51,69.78],[-91.45,69.8],[-91.4,69.8]]],[[[-75.02,68.73],[-75.07,68.74],[-75.11,68.76],[-75.06,68.79],[-75,68.78],[-74.97,68.75],[-75.02,68.73]]],[[[-91,69.73],[-90.96,69.73],[-90.95,69.71],[-90.96,69.69],[-90.98,69.69],[-91.02,69.69],[-91.05,69.69],[-91.08,69.71],[-91.05,69.73],[-91,69.73]]],[[[-90.14,69.68],[-90.1,69.67],[-90.1,69.65],[-90.13,69.64],[-90.17,69.64],[-90.2,69.66],[-90.19,69.68],[-90.14,69.68]]],[[[-90.93,69.65],[-90.9,69.64],[-90.89,69.63],[-90.9,69.61],[-90.92,69.61],[-90.98,69.61],[-91.01,69.62],[-91.01,69.64],[-90.97,69.66],[-90.93,69.65]]],[[[-90.2,69.56],[-90.24,69.56],[-90.26,69.57],[-90.26,69.6],[-90.24,69.61],[-90.2,69.6],[-90.18,69.58],[-90.18,69.57],[-90.2,69.56]]],[[[-74.7,68.53],[-74.8,68.55],[-74.83,68.59],[-74.77,68.67],[-74.73,68.67],[-74.68,68.66],[-74.65,68.61],[-74.57,68.59],[-74.53,68.56],[-74.57,68.54],[-74.7,68.53]]],[[[-95.41,69.59],[-95.47,69.61],[-95.45,69.63],[-95.4,69.63],[-95.36,69.61],[-95.41,69.59]]],[[[-101.27,69.51],[-101.28,69.52],[-101.36,69.54],[-101.41,69.56],[-101.42,69.63],[-101.22,69.58],[-101.14,69.57],[-101.04,69.54],[-101.03,69.51],[-101.17,69.47],[-101.2,69.41],[-101.24,69.39],[-101.3,69.4],[-101.31,69.45],[-101.37,69.47],[-101.38,69.48],[-101.27,69.51]]],[[[-79.27,68.82],[-79.39,68.84],[-79.44,68.87],[-79.37,68.98],[-79.28,69.05],[-79.2,69.1],[-79.12,69.12],[-79.03,69.12],[-78.99,69.13],[-78.83,69.21],[-78.66,69.24],[-78.64,69.28],[-78.75,69.32],[-78.73,69.34],[-78.49,69.42],[-78.4,69.42],[-78.28,69.39],[-78.25,69.37],[-78.27,69.32],[-78.3,69.32],[-78.33,69.26],[-78.52,69.2],[-78.57,69.13],[-78.65,69.09],[-78.78,68.97],[-78.92,68.92],[-79.1,68.88],[-79.18,68.84],[-79.27,68.82]]],[[[-96.18,69.42],[-96.21,69.41],[-96.28,69.42],[-96.32,69.43],[-96.37,69.47],[-96.45,69.5],[-96.63,69.5],[-96.74,69.56],[-96.77,69.6],[-96.49,69.61],[-96.4,69.58],[-96.36,69.58],[-96.27,69.62],[-96.23,69.62],[-96.19,69.6],[-96.19,69.54],[-96.22,69.5],[-96.18,69.42]]],[[[-74.88,68.47],[-74.78,68.42],[-74.79,68.4],[-74.86,68.38],[-74.89,68.34],[-74.92,68.33],[-74.96,68.34],[-75.05,68.41],[-75.37,68.52],[-75.41,68.55],[-75.41,68.63],[-75.33,68.72],[-75.27,68.74],[-75.21,68.73],[-75.11,68.69],[-74.96,68.67],[-74.92,68.63],[-74.92,68.54],[-74.86,68.5],[-74.88,68.47]]],[[[-95.68,69.35],[-95.74,69.36],[-95.77,69.38],[-95.75,69.43],[-95.77,69.56],[-95.79,69.58],[-95.86,69.57],[-95.85,69.5],[-95.91,69.44],[-95.91,69.4],[-95.97,69.39],[-96.04,69.41],[-96.04,69.57],[-96.02,69.61],[-95.91,69.66],[-95.82,69.66],[-95.59,69.59],[-95.54,69.56],[-95.52,69.5],[-95.6,69.44],[-95.62,69.37],[-95.68,69.35]]],[[[-90.11,69.45],[-90.08,69.44],[-90.12,69.38],[-90.13,69.3],[-90.19,69.28],[-90.27,69.3],[-90.27,69.33],[-90.31,69.36],[-90.31,69.4],[-90.17,69.46],[-90.11,69.45]]],[[[-85.23,69.07],[-85.28,69.07],[-85.31,69.07],[-85.34,69.07],[-85.35,69.08],[-85.34,69.1],[-85.3,69.1],[-85.25,69.1],[-85.21,69.08],[-85.23,69.07]]],[[[-90.43,69.22],[-90.49,69.23],[-90.55,69.25],[-90.55,69.31],[-90.62,69.35],[-90.61,69.38],[-90.58,69.39],[-90.47,69.39],[-90.45,69.38],[-90.38,69.31],[-90.37,69.23],[-90.43,69.22]]],[[[-85,69.02],[-85.04,69.01],[-85.08,69.01],[-85.1,69.02],[-85.13,69.02],[-85.14,69.03],[-85.17,69.05],[-85.17,69.06],[-85.15,69.08],[-85.11,69.08],[-85.07,69.07],[-85.04,69.06],[-85,69.04],[-85,69.02]]],[[[-90.1,69.25],[-90.07,69.24],[-90.04,69.22],[-90.05,69.2],[-90.08,69.19],[-90.11,69.19],[-90.14,69.2],[-90.14,69.24],[-90.1,69.25]]],[[[-101.66,69.09],[-101.73,69.09],[-101.75,69.11],[-101.68,69.14],[-101.73,69.21],[-101.7,69.23],[-101.67,69.23],[-101.64,69.22],[-101.59,69.14],[-101.66,69.09]]],[[[-85.09,68.95],[-85.12,68.94],[-85.18,68.95],[-85.2,68.95],[-85.2,68.97],[-85.19,68.98],[-85.16,68.98],[-85.13,68.98],[-85.11,68.97],[-85.09,68.96],[-85.09,68.95]]],[[[-90.62,69.23],[-90.56,69.17],[-90.57,69.16],[-90.61,69.14],[-90.64,69.14],[-90.69,69.16],[-90.68,69.23],[-90.62,69.23]]],[[[-89.89,69.13],[-89.86,69.11],[-89.87,69.09],[-89.91,69.08],[-89.95,69.08],[-89.97,69.09],[-89.97,69.11],[-89.94,69.13],[-89.89,69.13]]],[[[-90.06,69.07],[-90.13,69.07],[-90.2,69.1],[-90.18,69.15],[-90.13,69.15],[-90.03,69.1],[-90.06,69.07]]],[[[-78.72,68.44],[-78.8,68.44],[-78.84,68.47],[-78.81,68.53],[-78.68,68.56],[-78.65,68.58],[-78.82,68.64],[-78.81,68.67],[-78.75,68.68],[-78.64,68.67],[-78.5,68.63],[-78.4,68.62],[-78.38,68.59],[-78.39,68.57],[-78.45,68.55],[-78.59,68.51],[-78.66,68.45],[-78.72,68.44]]],[[[-100.08,68.98],[-100.16,68.99],[-100.27,69.06],[-100.29,69.16],[-100.27,69.17],[-100.22,69.17],[-100.17,69.14],[-100.08,69.12],[-100.08,68.98]]],[[[-84.77,68.77],[-84.82,68.75],[-84.87,68.76],[-84.89,68.76],[-84.91,68.77],[-84.88,68.79],[-84.84,68.79],[-84.81,68.78],[-84.78,68.78],[-84.77,68.77]]],[[[-89.99,68.98],[-89.99,68.96],[-90.04,68.95],[-90.08,68.97],[-90.08,68.98],[-90.05,68.99],[-89.99,68.98]]],[[[-89.92,68.99],[-89.9,69.01],[-89.85,69.01],[-89.81,69],[-89.77,68.96],[-89.78,68.92],[-89.83,68.91],[-89.88,68.93],[-89.87,68.96],[-89.92,68.99]]],[[[-78.58,68.2],[-78.62,68.21],[-78.61,68.23],[-78.53,68.25],[-78.49,68.25],[-78.47,68.23],[-78.58,68.2]]],[[[-74.27,67.74],[-74.38,67.75],[-74.45,67.78],[-74.66,67.9],[-74.76,67.93],[-74.79,67.95],[-74.79,67.97],[-74.75,68.03],[-74.69,68.06],[-74.65,68.07],[-74.48,68.06],[-74.42,68.08],[-74.37,68.13],[-74.33,68.14],[-74.28,68.13],[-74.27,68.12],[-74.28,68.05],[-74.25,68.04],[-74.17,68.04],[-74.08,68.05],[-73.86,68.03],[-73.73,68.02],[-73.57,68.04],[-73.47,68.02],[-73.28,67.83],[-73.29,67.8],[-73.36,67.77],[-73.45,67.75],[-73.52,67.74],[-73.61,67.75],[-73.7,67.78],[-73.96,67.79],[-74.1,67.75],[-74.27,67.74]]],[[[-81.65,68.41],[-81.64,68.43],[-81.59,68.44],[-81.55,68.44],[-81.55,68.41],[-81.6,68.4],[-81.65,68.41]]],[[[-100.25,68.94],[-100.2,68.93],[-100.2,68.85],[-100.23,68.83],[-100.29,68.81],[-100.36,68.78],[-100.37,68.75],[-100.44,68.74],[-100.47,68.75],[-100.47,68.77],[-100.45,68.81],[-100.5,68.83],[-100.58,68.79],[-100.63,68.79],[-100.66,68.8],[-100.66,68.84],[-100.61,68.92],[-100.66,69.04],[-100.62,69.06],[-100.49,69.06],[-100.42,69.03],[-100.35,68.96],[-100.25,68.94]]],[[[-79.06,68.14],[-79.13,68.15],[-79.15,68.17],[-79.11,68.24],[-79.13,68.3],[-79.11,68.34],[-79.05,68.35],[-78.94,68.34],[-78.9,68.31],[-78.78,68.29],[-78.75,68.26],[-78.87,68.22],[-78.97,68.16],[-79.06,68.14]]],[[[-105.19,68.53],[-105.25,68.54],[-105.25,68.58],[-105.21,68.58],[-105.16,68.56],[-105.15,68.54],[-105.19,68.53]]],[[[-109.13,68.25],[-109.13,68.27],[-109.08,68.27],[-109.04,68.26],[-109.06,68.24],[-109.13,68.25]]],[[[-101.88,68.57],[-101.93,68.57],[-101.98,68.58],[-102.02,68.61],[-102.27,68.69],[-102.29,68.74],[-102.12,68.79],[-102.04,68.83],[-101.97,68.84],[-101.93,68.83],[-101.84,68.8],[-101.81,68.78],[-101.83,68.71],[-101.89,68.66],[-101.85,68.59],[-101.88,68.57]]],[[[-106.89,68.27],[-106.91,68.26],[-106.95,68.25],[-107.02,68.27],[-107.04,68.3],[-107.05,68.32],[-107,68.33],[-106.97,68.33],[-106.97,68.31],[-106.89,68.27]]],[[[-104.52,68.38],[-104.66,68.38],[-104.83,68.44],[-104.95,68.46],[-105.07,68.52],[-105.09,68.55],[-105.07,68.56],[-105.01,68.57],[-104.78,68.58],[-104.46,68.49],[-104.4,68.46],[-104.39,68.43],[-104.41,68.41],[-104.52,68.38]]],[[[-107.37,68.2],[-107.46,68.21],[-107.47,68.22],[-107.44,68.24],[-107.38,68.24],[-107.35,68.23],[-107.34,68.22],[-107.37,68.2]]],[[[-109.28,68.05],[-109.37,68.07],[-109.43,68.07],[-109.43,68.12],[-109.37,68.13],[-109.34,68.12],[-109.28,68.08],[-109.26,68.06],[-109.28,68.05]]],[[[-108.33,68.07],[-108.39,68.08],[-108.4,68.09],[-108.38,68.1],[-108.33,68.11],[-108.3,68.09],[-108.33,68.07]]],[[[-100.84,68.47],[-100.74,68.43],[-100.74,68.41],[-100.79,68.4],[-100.85,68.42],[-100.88,68.46],[-100.84,68.47]]],[[[-95.61,68.51],[-95.63,68.48],[-95.68,68.47],[-95.71,68.48],[-95.71,68.5],[-95.66,68.53],[-95.64,68.52],[-95.61,68.51]]],[[[-97.42,68.56],[-97.48,68.57],[-97.77,68.67],[-98.2,68.73],[-98.27,68.75],[-98.31,68.83],[-98.38,68.87],[-98.44,68.86],[-98.44,68.79],[-98.47,68.77],[-98.53,68.78],[-98.6,68.8],[-98.66,68.84],[-98.77,68.85],[-98.85,68.87],[-98.89,68.96],[-98.92,68.97],[-99.01,68.96],[-99.07,68.94],[-99.11,68.87],[-99.19,68.86],[-99.35,68.9],[-99.49,69.01],[-99.49,69.07],[-99.39,69.14],[-99.26,69.17],[-99.03,69.17],[-98.94,69.2],[-98.79,69.22],[-98.69,69.29],[-98.61,69.3],[-98.54,69.34],[-98.48,69.34],[-98.44,69.36],[-98.44,69.37],[-98.47,69.41],[-98.58,69.45],[-98.58,69.49],[-98.49,69.49],[-98.45,69.5],[-98.47,69.53],[-98.58,69.56],[-98.59,69.59],[-98.54,69.61],[-98.45,69.6],[-98.39,69.59],[-98.17,69.48],[-98.13,69.47],[-98.08,69.47],[-98.07,69.5],[-98.12,69.55],[-98.33,69.65],[-98.34,69.69],[-98.23,69.81],[-98.11,69.86],[-98.1,69.92],[-98.06,69.93],[-98.01,69.94],[-97.87,69.9],[-97.74,69.89],[-97.7,69.88],[-97.61,69.81],[-97.49,69.8],[-97.42,69.77],[-97.41,69.74],[-97.48,69.7],[-97.5,69.65],[-97.44,69.64],[-97.41,69.64],[-97.36,69.66],[-97.33,69.7],[-97.3,69.71],[-97.25,69.71],[-97.2,69.69],[-97.11,69.61],[-96.89,69.55],[-96.67,69.46],[-96.34,69.35],[-96.28,69.28],[-96.26,69.07],[-96.21,69.06],[-96.16,69.08],[-96.16,69.23],[-96.14,69.25],[-96.08,69.25],[-96.04,69.23],[-96,69.17],[-96.01,69.05],[-95.91,68.98],[-95.86,68.92],[-95.79,68.9],[-95.73,68.9],[-95.65,68.87],[-95.57,68.88],[-95.47,68.94],[-95.39,68.94],[-95.35,68.93],[-95.34,68.89],[-95.41,68.85],[-95.53,68.72],[-95.6,68.69],[-95.63,68.69],[-95.66,68.7],[-95.67,68.78],[-95.75,68.78],[-95.88,68.71],[-95.88,68.66],[-95.91,68.63],[-95.96,68.62],[-96.01,68.64],[-96.08,68.64],[-96.17,68.57],[-96.23,68.55],[-96.33,68.54],[-96.45,68.46],[-96.6,68.46],[-96.76,68.51],[-96.98,68.55],[-97.11,68.61],[-97.17,68.6],[-97.15,68.55],[-97.19,68.53],[-97.25,68.53],[-97.34,68.56],[-97.42,68.56]]],[[[-98.97,68.41],[-99.02,68.4],[-99.1,68.43],[-99.11,68.45],[-99.08,68.46],[-99.02,68.46],[-98.97,68.43],[-98.97,68.41]]],[[[-66.29,66.16],[-66.34,66.15],[-66.36,66.16],[-66.38,66.16],[-66.36,66.17],[-66.34,66.18],[-66.31,66.19],[-66.27,66.18],[-66.29,66.16]]],[[[-107.81,68],[-107.86,68],[-107.89,68.01],[-107.92,68.04],[-107.88,68.09],[-107.89,68.12],[-107.83,68.13],[-107.77,68.1],[-107.82,68.07],[-107.8,68.02],[-107.81,68]]],[[[-108.83,67.91],[-108.88,67.91],[-108.92,67.92],[-108.97,67.95],[-109.14,67.99],[-109.16,68.02],[-108.96,68.03],[-108.9,68.02],[-108.83,67.91]]],[[[-108.41,67.92],[-108.44,67.92],[-108.48,67.92],[-108.51,67.93],[-108.55,67.94],[-108.58,67.95],[-108.58,67.97],[-108.55,67.97],[-108.5,67.97],[-108.39,67.95],[-108.38,67.93],[-108.41,67.92]]],[[[-87.03,68.25],[-87.05,68.23],[-87.09,68.22],[-87.14,68.23],[-87.19,68.24],[-87.2,68.25],[-87.18,68.27],[-87.13,68.28],[-87.07,68.27],[-87.03,68.25]]],[[[-108.11,67.93],[-108.14,67.92],[-108.17,67.93],[-108.21,68],[-108.2,68.01],[-108.16,68.01],[-108.1,67.99],[-108.08,67.94],[-108.11,67.93]]],[[[-100.15,68.37],[-100.08,68.3],[-100.1,68.29],[-100.17,68.28],[-100.22,68.3],[-100.23,68.33],[-100.15,68.37]]],[[[-104.43,68.11],[-104.47,68.17],[-104.43,68.22],[-104.39,68.22],[-104.34,68.21],[-104.33,68.16],[-104.38,68.11],[-104.43,68.11]]],[[[-109.02,67.83],[-109.06,67.81],[-109.09,67.82],[-109.12,67.83],[-109.13,67.85],[-109.11,67.86],[-109.05,67.86],[-109.02,67.83]]],[[[-65.56,65.83],[-65.6,65.85],[-65.58,65.88],[-65.5,65.9],[-65.46,65.89],[-65.49,65.85],[-65.56,65.83]]],[[[-96.33,68.24],[-96.36,68.23],[-96.4,68.24],[-96.42,68.25],[-96.42,68.27],[-96.4,68.28],[-96.37,68.29],[-96.34,68.29],[-96.32,68.28],[-96.31,68.25],[-96.33,68.24]]],[[[-87.62,68.08],[-87.64,68.09],[-87.63,68.13],[-87.61,68.14],[-87.56,68.13],[-87.54,68.12],[-87.55,68.09],[-87.62,68.08]]],[[[-63.25,65.36],[-63.3,65.34],[-63.32,65.35],[-63.34,65.36],[-63.35,65.37],[-63.34,65.38],[-63.31,65.39],[-63.26,65.38],[-63.25,65.36]]],[[[-66.91,65.96],[-66.96,65.95],[-67,65.97],[-67.02,65.99],[-67.01,66],[-66.97,66],[-66.95,66],[-66.91,65.96]]],[[[-63.17,65.26],[-63.2,65.26],[-63.22,65.3],[-63.2,65.32],[-63.17,65.32],[-63.12,65.31],[-63.11,65.29],[-63.14,65.26],[-63.17,65.26]]],[[[-108.45,67.65],[-108.39,67.66],[-108.36,67.65],[-108.34,67.63],[-108.36,67.62],[-108.42,67.63],[-108.44,67.64],[-108.45,67.65]]],[[[-65.73,65.72],[-65.7,65.69],[-65.72,65.68],[-65.75,65.67],[-65.78,65.67],[-65.8,65.68],[-65.82,65.69],[-65.81,65.71],[-65.75,65.72],[-65.73,65.72]]],[[[-76.7,67.19],[-76.96,67.22],[-77.02,67.25],[-77.07,67.41],[-77.19,67.52],[-77.21,67.61],[-77.19,67.86],[-77.11,68.01],[-77.02,68.05],[-76.98,68.09],[-76.85,68.15],[-76.54,68.27],[-76.32,68.31],[-76,68.29],[-75.94,68.3],[-75.85,68.35],[-75.75,68.34],[-75.58,68.31],[-75.39,68.26],[-75.15,68.24],[-75.06,68.18],[-75.03,68.12],[-75.06,68.04],[-74.96,67.98],[-74.97,67.91],[-74.91,67.74],[-75.03,67.53],[-75.13,67.44],[-75.27,67.36],[-75.66,67.25],[-75.86,67.23],[-76.12,67.24],[-76.44,67.2],[-76.7,67.19]]],[[[-98.98,68],[-99.05,68.01],[-99.07,68.03],[-99.08,68.07],[-99.05,68.11],[-99,68.11],[-98.98,68]]],[[[-108.31,67.51],[-108.35,67.5],[-108.39,67.51],[-108.45,67.58],[-108.43,67.59],[-108.33,67.59],[-108.28,67.58],[-108.27,67.53],[-108.31,67.51]]],[[[-108.07,67.54],[-108.03,67.57],[-108.1,67.67],[-108.09,67.68],[-108.04,67.68],[-107.89,67.63],[-107.86,67.59],[-107.9,67.57],[-107.97,67.56],[-108.01,67.53],[-108.07,67.54]]],[[[-67.3,65.78],[-67.36,65.78],[-67.39,65.79],[-67.39,65.8],[-67.37,65.82],[-67.35,65.82],[-67.3,65.81],[-67.29,65.8],[-67.3,65.78]]],[[[-86.63,67.75],[-86.77,67.77],[-86.82,67.79],[-86.85,67.83],[-86.83,67.91],[-86.86,68.01],[-86.84,68.09],[-86.77,68.13],[-86.72,68.25],[-86.63,68.29],[-86.53,68.28],[-86.44,68.26],[-86.38,68.23],[-86.31,68.11],[-86.33,68.05],[-86.36,68.04],[-86.41,67.87],[-86.55,67.79],[-86.55,67.78],[-86.63,67.75]]],[[[-67.12,65.75],[-67.17,65.74],[-67.21,65.76],[-67.21,65.77],[-67.19,65.78],[-67.14,65.78],[-67.11,65.76],[-67.12,65.75]]],[[[-108.18,67.47],[-108.22,67.48],[-108.23,67.52],[-108.22,67.53],[-108.23,67.55],[-108.19,67.58],[-108.16,67.57],[-108.12,67.48],[-108.18,67.47]]],[[[-97.91,67.93],[-97.88,67.91],[-97.87,67.89],[-97.94,67.88],[-97.98,67.9],[-97.98,67.92],[-97.95,67.93],[-97.91,67.93]]],[[[-67.61,65.78],[-67.64,65.77],[-67.67,65.77],[-67.7,65.77],[-67.72,65.79],[-67.71,65.8],[-67.68,65.81],[-67.65,65.81],[-67.62,65.8],[-67.61,65.78]]],[[[-63.26,64.93],[-63.34,64.94],[-63.37,64.97],[-63.37,65],[-63.34,65],[-63.3,64.99],[-63.21,64.97],[-63.19,64.95],[-63.21,64.93],[-63.26,64.93]]],[[[-67.66,65.68],[-67.7,65.69],[-67.71,65.7],[-67.69,65.72],[-67.64,65.73],[-67.53,65.73],[-67.46,65.71],[-67.49,65.69],[-67.66,65.68]]],[[[-96.05,67.83],[-96.13,67.8],[-96.2,67.8],[-96.19,67.82],[-96.13,67.83],[-96.12,67.85],[-96.08,67.85],[-96.05,67.84],[-96.05,67.83]]],[[[-107.87,67.34],[-107.92,67.35],[-108,67.46],[-107.96,67.49],[-107.91,67.49],[-107.87,67.48],[-107.83,67.42],[-107.88,67.39],[-107.85,67.35],[-107.87,67.34]]],[[[-67.22,65.53],[-67.26,65.56],[-67.24,65.58],[-67.19,65.59],[-67.16,65.59],[-67.15,65.57],[-67.19,65.53],[-67.22,65.53]]],[[[-97.49,67.68],[-97.59,67.68],[-97.62,67.69],[-97.61,67.7],[-97.52,67.72],[-97.42,67.78],[-97.38,67.78],[-97.35,67.77],[-97.35,67.75],[-97.39,67.7],[-97.42,67.69],[-97.49,67.68]]],[[[-107.58,67.26],[-107.62,67.25],[-107.64,67.25],[-107.67,67.26],[-107.69,67.28],[-107.72,67.3],[-107.71,67.31],[-107.68,67.32],[-107.65,67.31],[-107.58,67.26]]],[[[-66.73,65.38],[-66.76,65.38],[-66.8,65.38],[-66.81,65.39],[-66.82,65.4],[-66.8,65.41],[-66.76,65.41],[-66.73,65.4],[-66.72,65.39],[-66.73,65.38]]],[[[-107.39,67.11],[-107.47,67.11],[-107.51,67.12],[-107.6,67.17],[-107.61,67.19],[-107.59,67.2],[-107.55,67.2],[-107.39,67.15],[-107.37,67.12],[-107.39,67.11]]],[[[-66.99,65.27],[-67.02,65.28],[-67.05,65.31],[-67.02,65.34],[-66.97,65.33],[-66.93,65.3],[-66.94,65.28],[-66.99,65.27]]],[[[-107.71,67.15],[-107.69,67.13],[-107.71,67.11],[-107.71,67.1],[-107.7,67.08],[-107.71,67.07],[-107.74,67.07],[-107.78,67.06],[-107.79,67.07],[-107.8,67.1],[-107.78,67.12],[-107.78,67.13],[-107.77,67.14],[-107.76,67.15],[-107.73,67.16],[-107.71,67.15]]],[[[-95.35,67.29],[-95.35,67.25],[-95.38,67.24],[-95.42,67.23],[-95.45,67.25],[-95.46,67.26],[-95.45,67.27],[-95.4,67.29],[-95.35,67.29]]],[[[-65.1,64.61],[-65.14,64.59],[-65.17,64.59],[-65.21,64.59],[-65.24,64.6],[-65.22,64.62],[-65.18,64.63],[-65.1,64.61]]],[[[-65.63,64.56],[-65.66,64.58],[-65.62,64.61],[-65.45,64.68],[-65.37,64.74],[-65.33,64.75],[-65.26,64.74],[-65.21,64.69],[-65.24,64.65],[-65.31,64.63],[-65.41,64.63],[-65.48,64.61],[-65.5,64.59],[-65.63,64.56]]],[[[-64.83,64.36],[-64.86,64.37],[-64.91,64.42],[-64.87,64.43],[-64.83,64.43],[-64.8,64.38],[-64.83,64.36]]],[[[-64.51,64.27],[-64.54,64.24],[-64.58,64.24],[-64.61,64.24],[-64.64,64.25],[-64.61,64.26],[-64.59,64.27],[-64.57,64.28],[-64.51,64.27]]],[[[-64.71,64.25],[-64.75,64.24],[-64.78,64.25],[-64.8,64.26],[-64.8,64.27],[-64.76,64.28],[-64.72,64.28],[-64.7,64.27],[-64.71,64.25]]],[[[-65.05,64.28],[-65.11,64.33],[-65.05,64.39],[-65.01,64.38],[-65,64.36],[-64.92,64.34],[-64.91,64.33],[-64.95,64.3],[-65.05,64.28]]],[[[-64.82,64.22],[-64.85,64.2],[-64.89,64.2],[-64.91,64.22],[-64.94,64.25],[-64.94,64.27],[-64.9,64.27],[-64.85,64.26],[-64.82,64.22]]],[[[-64.53,64.12],[-64.57,64.11],[-64.59,64.12],[-64.61,64.13],[-64.62,64.14],[-64.61,64.15],[-64.59,64.16],[-64.54,64.15],[-64.53,64.12]]],[[[-65.27,64.26],[-65.22,64.28],[-65.17,64.27],[-65.14,64.23],[-65.16,64.21],[-65.2,64.22],[-65.27,64.26]]],[[[-64.95,64.11],[-64.99,64.09],[-65.01,64.1],[-65.04,64.11],[-65.06,64.12],[-65.05,64.13],[-65.03,64.14],[-64.97,64.14],[-64.95,64.11]]],[[[-64.05,63.87],[-64.04,63.85],[-64.08,63.82],[-64.13,63.81],[-64.22,63.87],[-64.19,63.89],[-64.05,63.87]]],[[[-64.24,63.82],[-64.21,63.79],[-64.24,63.77],[-64.27,63.77],[-64.33,63.82],[-64.3,63.84],[-64.24,63.82]]],[[[-83.04,66.2],[-83.15,66.21],[-83.25,66.23],[-83.28,66.26],[-83.27,66.31],[-83.21,66.31],[-83.16,66.29],[-82.99,66.26],[-82.95,66.24],[-82.96,66.22],[-83.04,66.2]]],[[[-64.07,63.71],[-64.12,63.72],[-64.12,63.75],[-63.99,63.77],[-63.93,63.76],[-63.93,63.74],[-64,63.73],[-64.07,63.71]]],[[[-64.4,63.73],[-64.45,63.73],[-64.55,63.8],[-64.64,63.81],[-64.67,63.8],[-64.75,63.8],[-64.78,63.81],[-64.8,63.84],[-64.77,63.86],[-64.68,63.87],[-64.62,63.94],[-64.56,63.95],[-64.49,63.94],[-64.44,63.88],[-64.46,63.84],[-64.35,63.76],[-64.36,63.73],[-64.4,63.73]]],[[[-63.87,63.64],[-63.89,63.63],[-63.91,63.62],[-63.93,63.63],[-63.95,63.64],[-63.95,63.65],[-63.94,63.67],[-63.92,63.68],[-63.88,63.67],[-63.87,63.64]]],[[[-84.11,66.19],[-84.14,66.17],[-84.17,66.16],[-84.22,66.17],[-84.25,66.18],[-84.25,66.19],[-84.22,66.21],[-84.2,66.22],[-84.16,66.22],[-84.13,66.21],[-84.11,66.19]]],[[[-83.51,66.12],[-83.55,66.09],[-83.57,66.08],[-83.61,66.09],[-83.63,66.1],[-83.63,66.12],[-83.61,66.13],[-83.59,66.14],[-83.53,66.13],[-83.51,66.12]]],[[[-64.13,63.64],[-64.1,63.66],[-64.04,63.64],[-64.01,63.6],[-64.04,63.55],[-64.09,63.55],[-64.1,63.57],[-64.09,63.6],[-64.13,63.64]]],[[[-84.48,66.12],[-84.53,66.11],[-84.56,66.11],[-84.6,66.11],[-84.61,66.12],[-84.63,66.13],[-84.62,66.16],[-84.59,66.16],[-84.56,66.16],[-84.54,66.16],[-84.48,66.12]]],[[[-83.41,66],[-83.43,65.98],[-83.45,65.98],[-83.5,65.99],[-83.52,66],[-83.54,66.02],[-83.51,66.03],[-83.43,66.03],[-83.41,66]]],[[[-64.13,63.34],[-64.18,63.35],[-64.22,63.37],[-64.36,63.52],[-64.37,63.55],[-64.35,63.62],[-64.36,63.63],[-64.33,63.67],[-64.3,63.68],[-64.25,63.67],[-64.23,63.64],[-64.25,63.58],[-64.15,63.47],[-64.16,63.44],[-64.14,63.41],[-64.06,63.37],[-64.09,63.35],[-64.13,63.34]]],[[[-83.25,65.85],[-83.26,65.82],[-83.36,65.81],[-83.4,65.8],[-83.44,65.8],[-83.47,65.8],[-83.5,65.81],[-83.5,65.82],[-83.48,65.84],[-83.44,65.85],[-83.32,65.86],[-83.27,65.86],[-83.25,65.85]]],[[[-83.35,65.63],[-83.52,65.67],[-83.73,65.67],[-83.76,65.68],[-83.74,65.72],[-83.77,65.74],[-83.86,65.74],[-83.97,65.73],[-84.02,65.74],[-84.05,65.76],[-84.03,65.82],[-84.07,65.91],[-84.19,65.99],[-84.29,66.03],[-84.36,66.07],[-84.33,66.12],[-84.3,66.13],[-84.16,66.12],[-83.96,66.05],[-83.67,65.98],[-83.62,65.94],[-83.63,65.87],[-83.66,65.85],[-83.67,65.8],[-83.63,65.77],[-83.54,65.75],[-83.33,65.75],[-83.14,65.74],[-83.11,65.72],[-83.13,65.7],[-83.26,65.64],[-83.35,65.63]]],[[[-67.64,63.61],[-67.65,63.59],[-67.68,63.58],[-67.71,63.58],[-67.74,63.6],[-67.75,63.61],[-67.72,63.63],[-67.68,63.63],[-67.64,63.61]]],[[[-84.92,66.05],[-84.82,65.97],[-84.75,65.87],[-84.55,65.7],[-84.52,65.63],[-84.53,65.6],[-84.64,65.53],[-84.7,65.53],[-84.75,65.55],[-84.81,65.66],[-84.97,65.73],[-85.12,65.95],[-85.1,66.02],[-85.08,66.03],[-85,66.05],[-84.92,66.05]]],[[[-74.27,64.53],[-74.26,64.51],[-74.27,64.5],[-74.32,64.5],[-74.37,64.5],[-74.4,64.52],[-74.37,64.54],[-74.27,64.53]]],[[[-68.7,63.62],[-68.74,63.63],[-68.76,63.65],[-68.75,63.67],[-68.72,63.68],[-68.65,63.67],[-68.63,63.65],[-68.7,63.62]]],[[[-67.96,63.47],[-67.99,63.47],[-68.03,63.47],[-68.06,63.49],[-68.06,63.51],[-68.03,63.51],[-67.98,63.51],[-67.96,63.48],[-67.96,63.47]]],[[[-74.36,64.42],[-74.4,64.43],[-74.39,64.45],[-74.36,64.46],[-74.32,64.45],[-74.3,64.44],[-74.32,64.42],[-74.36,64.42]]],[[[-68.36,60.21],[-68.39,60.22],[-68.42,60.25],[-68.43,60.29],[-68.31,60.47],[-68.28,60.49],[-68.21,60.58],[-68.14,60.62],[-68.09,60.63],[-67.98,60.61],[-67.89,60.55],[-67.78,60.51],[-67.77,60.49],[-67.86,60.36],[-67.9,60.34],[-68.07,60.31],[-68.17,60.25],[-68.27,60.22],[-68.36,60.21]]],[[[-71.33,71.43],[-71.14,71.32],[-71.19,71.24],[-71.29,71.19],[-71.37,71.15],[-71.38,71.14],[-71.46,71.06],[-71.56,71.06],[-71.82,71.09],[-71.94,71.08],[-72.01,71.05],[-72.15,70.93],[-72.3,70.88],[-72.51,70.84],[-72.53,70.83],[-72.5,70.81],[-72.43,70.81],[-72.28,70.83],[-72.23,70.82],[-72.2,70.8],[-72.26,70.74],[-72.53,70.63],[-72.49,70.61],[-72.38,70.62],[-72.32,70.64],[-72.12,70.75],[-71.84,70.8],[-71.44,70.88],[-71.24,70.87],[-71.21,70.87],[-71.15,70.88],[-71.14,70.92],[-71.18,70.96],[-71.17,70.97],[-71.1,71.01],[-70.7,71.09],[-70.65,71.09],[-70.5,70.96],[-70.67,70.82],[-70.67,70.81],[-70.68,70.78],[-70.72,70.74],[-70.81,70.72],[-70.91,70.7],[-71.21,70.61],[-71.32,70.59],[-71.44,70.59],[-71.52,70.57],[-71.68,70.45],[-71.76,70.44],[-71.88,70.43],[-71.89,70.42],[-71.87,70.41],[-71.76,70.39],[-71.74,70.38],[-71.77,70.34],[-71.72,70.32],[-71.69,70.33],[-71.65,70.39],[-71.5,70.52],[-71.34,70.56],[-71.2,70.54],[-71.16,70.52],[-71.19,70.42],[-71.54,70.07],[-71.5,70.04],[-71.45,70.05],[-71.39,70.08],[-71.34,70.13],[-71.27,70.24],[-71.08,70.42],[-71.02,70.5],[-71,70.57],[-70.96,70.61],[-70.81,70.66],[-70.76,70.67],[-70.28,70.78],[-70.05,70.85],[-69.98,70.86],[-69.86,70.85],[-69.81,70.82],[-69.88,70.76],[-69.99,70.72],[-70.14,70.67],[-70.4,70.62],[-70.45,70.58],[-70.41,70.53],[-70.37,70.51],[-70.33,70.51],[-70.31,70.53],[-70.35,70.56],[-70.3,70.6],[-69.97,70.65],[-69.81,70.71],[-69.64,70.72],[-69.59,70.74],[-69.54,70.78],[-69.45,70.79],[-69.29,70.79],[-69.13,70.77],[-69.08,70.75],[-68.99,70.71],[-68.76,70.66],[-68.31,70.61],[-68.29,70.59],[-68.43,70.5],[-68.42,70.45],[-68.47,70.4],[-68.54,70.39],[-68.59,70.4],[-68.61,70.42],[-68.59,70.46],[-68.65,70.47],[-68.73,70.44],[-68.85,70.37],[-69.03,70.31],[-69.4,70.24],[-69.69,70.21],[-69.85,70.18],[-70.05,70.07],[-70.02,70.06],[-69.94,70.06],[-69.93,70.05],[-69.95,70.03],[-70.12,69.99],[-70.27,69.95],[-70.38,69.9],[-70.41,69.86],[-70.31,69.87],[-70.14,69.95],[-69.84,69.99],[-69.75,70.12],[-69.63,70.16],[-69.35,70.19],[-68.94,70.21],[-68.83,70.23],[-68.68,70.22],[-68.69,70.17],[-68.73,70.14],[-68.8,70.11],[-68.88,70.06],[-69.03,70.03],[-69.15,69.92],[-69.36,69.86],[-69.48,69.84],[-69.61,69.84],[-69.74,69.82],[-69.9,69.7],[-69.88,69.69],[-69.83,69.7],[-69.72,69.77],[-69.64,69.78],[-69.54,69.8],[-69.44,69.8],[-69.33,69.81],[-69.01,69.93],[-68.72,69.97],[-68.61,70.06],[-68.53,70.08],[-68.48,70.08],[-68.31,70.09],[-68.23,70.11],[-68.2,70.15],[-68.33,70.21],[-68.25,70.26],[-68.27,70.27],[-68.22,70.31],[-68.11,70.33],[-68.03,70.32],[-67.94,70.29],[-67.54,70.07],[-67.53,70.07],[-67.45,70],[-67.21,69.88],[-67.16,69.84],[-67.16,69.8],[-67.23,69.76],[-67.32,69.75],[-67.5,69.77],[-67.67,69.8],[-67.83,69.81],[-68.01,69.78],[-68.13,69.73],[-68.29,69.68],[-68.39,69.66],[-68.73,69.64],[-68.93,69.6],[-69.27,69.54],[-69.33,69.54],[-69.56,69.57],[-69.67,69.57],[-69.88,69.55],[-69.9,69.53],[-69.89,69.52],[-69.69,69.53],[-69.39,69.51],[-69.28,69.51],[-68.83,69.57],[-68.76,69.58],[-68.64,69.58],[-68.3,69.55],[-68.12,69.53],[-67.92,69.49],[-67.89,69.49],[-67.72,69.49],[-67.44,69.53],[-67.33,69.53],[-67.19,69.51],[-67.01,69.45],[-66.85,69.42],[-66.77,69.39],[-66.69,69.33],[-66.67,69.28],[-66.73,69.22],[-66.76,69.2],[-66.83,69.2],[-67.06,69.22],[-67.14,69.22],[-67.3,69.19],[-67.6,69.21],[-67.83,69.24],[-67.99,69.3],[-68.12,69.31],[-68.29,69.33],[-68.59,69.32],[-68.89,69.35],[-68.93,69.35],[-69.04,69.34],[-69.23,69.3],[-69.25,69.28],[-69.18,69.27],[-68.94,69.32],[-68.91,69.31],[-68.67,69.29],[-68.34,69.29],[-68.16,69.26],[-68.16,69.24],[-68.36,69.22],[-68.72,69.24],[-68.95,69.24],[-68.98,69.24],[-69,69.22],[-68.98,69.21],[-68.96,69.21],[-68.86,69.2],[-68.71,69.21],[-68.66,69.2],[-68.7,69.17],[-68.84,69.14],[-68.97,69.13],[-68.95,69.08],[-69.02,69.03],[-69,69.02],[-68.95,69.02],[-68.76,69.12],[-68.72,69.13],[-68.61,69.14],[-68.55,69.17],[-68.46,69.19],[-68.24,69.17],[-67.98,69.1],[-67.85,69.08],[-67.83,69.07],[-67.82,69.06],[-67.84,69.05],[-67.93,69.03],[-68.13,69.02],[-68.39,69.04],[-68.46,69.04],[-68.5,69.02],[-68.31,68.98],[-68.06,68.93],[-68.03,68.9],[-68.06,68.88],[-68.17,68.88],[-68.33,68.91],[-68.37,68.9],[-68.36,68.87],[-68.23,68.86],[-68.09,68.85],[-67.96,68.84],[-67.89,68.84],[-67.82,68.83],[-67.8,68.81],[-67.84,68.8],[-67.97,68.81],[-68.14,68.82],[-68.29,68.83],[-68.41,68.84],[-68.48,68.84],[-68.52,68.84],[-68.56,68.81],[-68.66,68.8],[-69.15,68.86],[-69.22,68.87],[-69.31,68.85],[-69.34,68.82],[-69.33,68.81],[-69.25,68.8],[-69.19,68.8],[-69.08,68.8],[-68.88,68.77],[-68.71,68.74],[-68.45,68.74],[-68.11,68.7],[-68.09,68.67],[-68.11,68.66],[-68.15,68.65],[-68.25,68.64],[-68.48,68.65],[-68.68,68.65],[-68.81,68.63],[-68.83,68.61],[-68.81,68.61],[-68.67,68.62],[-68.5,68.6],[-68.51,68.58],[-68.58,68.57],[-68.64,68.57],[-68.71,68.57],[-68.74,68.56],[-68.73,68.55],[-68.65,68.54],[-68.59,68.54],[-68.4,68.55],[-68.26,68.56],[-68.1,68.54],[-67.98,68.55],[-67.9,68.53],[-67.88,68.52],[-67.96,68.44],[-67.93,68.42],[-67.86,68.44],[-67.74,68.54],[-67.67,68.56],[-67.56,68.54],[-67.53,68.52],[-67.63,68.44],[-67.61,68.43],[-67.55,68.43],[-67.39,68.5],[-67.31,68.52],[-67.24,68.51],[-67.22,68.49],[-67.25,68.47],[-67.22,68.45],[-67.11,68.47],[-67.02,68.5],[-66.89,68.49],[-66.76,68.51],[-66.71,68.5],[-66.72,68.48],[-66.77,68.46],[-66.95,68.41],[-67.14,68.39],[-67.36,68.41],[-67.78,68.33],[-67.79,68.32],[-67.77,68.3],[-67.64,68.33],[-67.57,68.32],[-67.56,68.3],[-67.63,68.25],[-67.61,68.24],[-67.5,68.27],[-67.3,68.33],[-67.22,68.35],[-67.14,68.34],[-67.14,68.31],[-67.16,68.29],[-67.34,68.22],[-67.3,68.21],[-67.2,68.23],[-67.1,68.27],[-67.07,68.3],[-67.02,68.3],[-66.94,68.29],[-66.92,68.28],[-66.87,68.25],[-66.9,68.18],[-66.95,68.14],[-66.9,68.12],[-66.89,68.1],[-66.98,68.07],[-67.01,68.04],[-67,68.03],[-66.92,68.03],[-66.84,68.06],[-66.78,68.09],[-66.72,68.09],[-66.7,68.08],[-66.78,68.02],[-66.79,67.98],[-66.76,67.96],[-66.71,67.97],[-66.66,68],[-66.59,68.05],[-66.59,68.11],[-66.55,68.14],[-66.51,68.16],[-66.39,68.14],[-66.38,68.09],[-66.28,68.08],[-66.26,68.06],[-66.36,67.96],[-66.42,67.92],[-66.66,67.89],[-66.69,67.87],[-66.67,67.85],[-66.64,67.84],[-66.58,67.84],[-66.51,67.83],[-66.39,67.81],[-66.34,67.82],[-66.31,67.91],[-66.27,67.95],[-66.16,67.98],[-66.08,68.03],[-66.05,68.03],[-66.06,68],[-66.04,67.97],[-65.99,67.96],[-65.95,67.94],[-65.97,67.88],[-66.08,67.72],[-66.08,67.67],[-66.03,67.65],[-65.97,67.69],[-65.97,67.75],[-65.93,67.78],[-65.91,67.84],[-65.81,67.92],[-65.8,67.95],[-65.7,68.04],[-65.67,68.05],[-65.57,68.03],[-65.49,68.03],[-65.45,68.01],[-65.45,67.97],[-65.58,67.82],[-65.57,67.79],[-65.54,67.75],[-65.47,67.73],[-65.4,67.64],[-65.35,67.63],[-65.31,67.66],[-65.31,67.69],[-65.49,67.82],[-65.47,67.85],[-65.37,67.93],[-65.33,67.95],[-65.23,67.98],[-65.11,68],[-65.01,68.08],[-64.94,68.09],[-64.71,68.03],[-64.69,68.01],[-64.71,68],[-64.84,67.99],[-64.9,67.98],[-64.93,67.97],[-65,67.91],[-64.97,67.85],[-64.98,67.81],[-65.03,67.77],[-65.15,67.72],[-65.17,67.7],[-65.15,67.68],[-65.11,67.68],[-65.02,67.74],[-64.86,67.81],[-64.78,67.82],[-64.73,67.8],[-64.83,67.73],[-64.79,67.73],[-64.73,67.73],[-64.68,67.75],[-64.56,67.85],[-64.46,67.86],[-64.33,67.84],[-64.23,67.8],[-64.22,67.76],[-64.26,67.74],[-64.43,67.71],[-64.45,67.7],[-64.44,67.69],[-64.17,67.73],[-64.12,67.72],[-64.11,67.7],[-64.13,67.66],[-64.11,67.63],[-63.99,67.59],[-63.98,67.58],[-63.99,67.54],[-64.08,67.48],[-64.06,67.47],[-63.92,67.45],[-63.87,67.4],[-63.94,67.36],[-63.95,67.36],[-64.09,67.34],[-64.49,67.36],[-64.62,67.39],[-64.67,67.38],[-64.69,67.37],[-64.67,67.35],[-64.38,67.32],[-64.26,67.29],[-64.3,67.28],[-64.5,67.29],[-64.56,67.28],[-64.65,67.25],[-64.69,67.21],[-64.64,67.19],[-64.39,67.21],[-64.24,67.23],[-63.98,67.29],[-63.93,67.29],[-63.88,67.28],[-63.91,67.25],[-64.42,67.16],[-64.59,67.09],[-64.63,67.06],[-64.61,67.05],[-64.5,67.07],[-64.45,67.11],[-64.33,67.14],[-63.98,67.17],[-63.76,67.22],[-63.65,67.24],[-63.51,67.25],[-63.41,67.25],[-63.35,67.23],[-63.33,67.22],[-63.35,67.19],[-63.41,67.14],[-63.58,67.09],[-63.68,67.03],[-63.68,66.99],[-63.62,66.98],[-63.6,67],[-63.61,67.01],[-63.54,67.06],[-63.25,67.16],[-63.15,67.26],[-63.15,67.3],[-63.11,67.33],[-63.03,67.32],[-63.01,67.29],[-62.98,67.28],[-62.95,67.29],[-62.92,67.31],[-62.93,67.32],[-62.89,67.36],[-62.8,67.34],[-62.75,67.3],[-62.85,67.21],[-63.02,67.18],[-63.08,67.13],[-63.09,67.09],[-63.06,67.03],[-63.1,66.99],[-63.23,66.96],[-63.41,66.94],[-63.53,66.86],[-63.61,66.83],[-63.7,66.83],[-63.72,66.81],[-63.71,66.8],[-63.65,66.8],[-63.51,66.81],[-63.43,66.84],[-63.35,66.89],[-63.29,66.91],[-63.24,66.9],[-63.24,66.87],[-63.34,66.75],[-63.3,66.73],[-63.25,66.74],[-63.09,66.9],[-63.02,66.92],[-62.99,66.93],[-62.87,66.95],[-62.85,66.96],[-62.79,66.97],[-62.69,66.95],[-62.64,66.9],[-62.7,66.84],[-62.67,66.81],[-62.68,66.77],[-62.67,66.74],[-62.74,66.68],[-62.71,66.67],[-62.65,66.67],[-62.59,66.72],[-62.53,66.82],[-62.52,66.93],[-62.49,66.96],[-62.45,66.97],[-62.35,66.95],[-62.29,66.91],[-62.19,66.78],[-62.15,66.77],[-62.12,66.77],[-62.1,66.79],[-62.17,66.91],[-62.17,66.94],[-62.06,67.03],[-62.09,67.06],[-62.07,67.08],[-61.84,67.12],[-61.77,67.11],[-61.74,67.09],[-61.76,67.08],[-61.83,67.07],[-61.84,67.06],[-61.78,67.02],[-61.84,66.97],[-61.82,66.96],[-61.75,66.96],[-61.65,67.02],[-61.6,67.03],[-61.55,67.02],[-61.55,66.98],[-61.49,66.94],[-61.52,66.92],[-61.51,66.91],[-61.41,66.89],[-61.48,66.84],[-61.43,66.82],[-61.23,66.79],[-61.1,66.65],[-61.14,66.63],[-61.25,66.62],[-61.29,66.6],[-61.36,66.58],[-61.43,66.6],[-61.46,66.62],[-61.5,66.68],[-61.5,66.71],[-61.55,66.72],[-61.63,66.69],[-61.81,66.68],[-61.87,66.65],[-61.86,66.64],[-61.81,66.63],[-61.7,66.63],[-61.53,66.6],[-61.45,66.51],[-61.48,66.49],[-61.59,66.48],[-61.72,66.48],[-61.8,66.47],[-61.81,66.45],[-61.74,66.43],[-61.62,66.43],[-61.43,66.47],[-61.34,66.46],[-61.31,66.45],[-61.3,66.42],[-61.35,66.4],[-61.4,66.36],[-61.53,66.36],[-61.72,66.32],[-61.8,66.32],[-61.92,66.35],[-61.95,66.34],[-61.99,66.35],[-62.05,66.38],[-62.09,66.43],[-62.13,66.44],[-62.25,66.42],[-62.27,66.4],[-62.21,66.37],[-62.19,66.34],[-62.24,66.31],[-62.35,66.27],[-62.45,66.26],[-62.48,66.26],[-62.62,66.28],[-62.66,66.37],[-62.7,66.38],[-62.73,66.36],[-62.73,66.29],[-62.68,66.24],[-62.63,66.22],[-62.53,66.2],[-62.35,66.22],[-62.26,66.2],[-62.19,66.2],[-62.09,66.19],[-62.03,66.19],[-61.95,66.18],[-61.94,66.16],[-61.97,66.14],[-61.96,66.12],[-61.82,66.11],[-61.8,66.05],[-61.82,66.04],[-61.88,66.04],[-62.01,66.05],[-62.17,66.02],[-62.23,66.03],[-62.37,66.06],[-62.53,66.06],[-62.62,66.08],[-62.67,66.1],[-62.7,66.15],[-62.74,66.15],[-62.77,66.15],[-62.79,66.12],[-62.72,66.05],[-62.53,66.01],[-62.38,66.01],[-62.3,65.98],[-62.28,65.96],[-62.29,65.92],[-62.24,65.85],[-62.28,65.8],[-62.33,65.8],[-62.44,65.82],[-62.58,65.88],[-62.59,65.9],[-62.68,65.91],[-62.7,65.89],[-62.68,65.86],[-62.46,65.76],[-62.51,65.74],[-62.64,65.75],[-62.68,65.74],[-62.65,65.72],[-62.55,65.69],[-62.54,65.64],[-62.56,65.62],[-62.72,65.65],[-62.74,65.65],[-62.79,65.62],[-62.86,65.61],[-62.95,65.62],[-63,65.64],[-63.01,65.66],[-63.17,65.68],[-63.34,65.87],[-63.37,65.93],[-63.39,65.94],[-63.42,65.95],[-63.44,65.88],[-63.34,65.71],[-63.38,65.69],[-63.47,65.67],[-63.58,65.67],[-63.62,65.67],[-63.64,65.65],[-63.56,65.63],[-63.4,65.64],[-63.29,65.63],[-63.26,65.59],[-63.33,65.55],[-63.4,65.54],[-63.43,65.54],[-63.47,65.58],[-63.51,65.59],[-63.55,65.55],[-63.51,65.51],[-63.28,65.47],[-63.28,65.45],[-63.31,65.44],[-63.35,65.43],[-63.61,65.48],[-63.65,65.46],[-63.61,65.43],[-63.44,65.38],[-63.37,65.28],[-63.27,65.23],[-63.29,65.21],[-63.4,65.21],[-63.44,65.19],[-63.43,65.18],[-63.31,65.16],[-63.39,65.11],[-63.39,65.08],[-63.41,65.06],[-63.47,65.05],[-63.49,65.03],[-63.48,65],[-63.55,64.94],[-63.62,64.94],[-63.65,65],[-63.77,65],[-63.78,65.01],[-63.75,65.03],[-63.77,65.06],[-63.88,65.08],[-63.9,65.1],[-63.88,65.12],[-63.83,65.13],[-63.81,65.16],[-63.86,65.17],[-63.89,65.16],[-63.93,65.13],[-64.04,65.13],[-64.09,65.1],[-64.09,65.06],[-64.14,65.06],[-64.2,65.08],[-64.23,65.12],[-64.21,65.14],[-64.11,65.17],[-64.09,65.21],[-64.14,65.22],[-64.22,65.2],[-64.27,65.17],[-64.31,65.16],[-64.36,65.17],[-64.37,65.21],[-64.33,65.28],[-64.16,65.42],[-64.19,65.43],[-64.25,65.42],[-64.29,65.4],[-64.4,65.31],[-64.45,65.24],[-64.44,65.18],[-64.49,65.12],[-64.58,65.1],[-64.65,65.11],[-64.67,65.13],[-64.65,65.14],[-64.69,65.19],[-64.7,65.24],[-64.84,65.27],[-64.85,65.28],[-64.83,65.3],[-64.73,65.32],[-64.71,65.34],[-64.73,65.36],[-64.71,65.38],[-64.46,65.44],[-64.44,65.46],[-64.48,65.47],[-64.67,65.44],[-64.87,65.38],[-64.98,65.4],[-65.05,65.43],[-65.09,65.49],[-65.07,65.51],[-64.93,65.53],[-64.9,65.54],[-64.7,65.57],[-64.67,65.59],[-64.72,65.62],[-64.73,65.64],[-64.69,65.67],[-64.7,65.69],[-64.78,65.67],[-64.85,65.61],[-65.11,65.56],[-65.25,65.59],[-65.27,65.61],[-65.25,65.62],[-64.85,65.72],[-64.84,65.74],[-64.88,65.75],[-64.93,65.74],[-65.15,65.69],[-65.28,65.69],[-65.34,65.7],[-65.36,65.72],[-65.34,65.76],[-65.37,65.78],[-65.27,65.89],[-65.18,65.94],[-64.95,66],[-64.79,66.03],[-64.71,66.1],[-64.71,66.14],[-64.64,66.2],[-64.54,66.26],[-64.37,66.32],[-64.35,66.34],[-64.38,66.35],[-64.43,66.34],[-64.53,66.31],[-64.67,66.26],[-64.72,66.21],[-64.8,66.18],[-64.87,66.1],[-64.91,66.09],[-65.01,66.07],[-65.2,66.05],[-65.41,66],[-65.71,65.99],[-65.83,65.97],[-65.89,65.98],[-65.91,65.99],[-65.91,66.05],[-65.86,66.08],[-65.69,66.12],[-65.5,66.23],[-65.4,66.37],[-65.44,66.39],[-65.48,66.36],[-65.55,66.28],[-65.7,66.18],[-65.81,66.14],[-65.94,66.14],[-65.98,66.15],[-66.13,66.17],[-66.15,66.21],[-66.12,66.25],[-66.15,66.27],[-66.27,66.28],[-66.31,66.28],[-66.32,66.27],[-66.3,66.24],[-66.32,66.22],[-66.41,66.24],[-66.43,66.26],[-66.38,66.31],[-66.4,66.33],[-66.52,66.39],[-66.64,66.42],[-66.67,66.48],[-66.72,66.49],[-66.75,66.51],[-66.76,66.54],[-66.68,66.61],[-66.74,66.61],[-66.79,66.6],[-66.9,66.54],[-67.02,66.51],[-67.13,66.52],[-67.24,66.57],[-67.39,66.59],[-67.42,66.59],[-67.63,66.59],[-67.83,66.62],[-67.87,66.6],[-67.84,66.57],[-67.8,66.56],[-67.67,66.54],[-67.43,66.54],[-67.25,66.53],[-67.22,66.52],[-67.17,66.44],[-67.1,66.42],[-67.07,66.39],[-67.09,66.38],[-67.14,66.37],[-67.25,66.39],[-67.4,66.42],[-67.42,66.41],[-67.37,66.38],[-67.18,66.33],[-67.14,66.3],[-67.16,66.28],[-67.27,66.28],[-67.3,66.28],[-67.48,66.32],[-67.48,66.34],[-67.5,66.36],[-67.66,66.47],[-67.72,66.47],[-67.71,66.45],[-67.73,66.44],[-67.74,66.43],[-67.8,66.44],[-67.83,66.46],[-67.89,66.47],[-67.89,66.45],[-67.89,66.44],[-67.71,66.34],[-67.66,66.3],[-67.66,66.22],[-67.36,66.11],[-67.29,66.09],[-67.25,66.08],[-67.11,66.07],[-67.08,66.06],[-67.05,66.03],[-67.13,65.97],[-67.12,65.95],[-67.14,65.93],[-67.21,65.92],[-67.33,65.93],[-67.44,65.89],[-67.59,65.91],[-67.67,65.98],[-67.71,65.99],[-67.74,65.98],[-67.78,65.96],[-67.75,65.9],[-67.77,65.88],[-67.8,65.88],[-67.89,65.89],[-67.94,65.91],[-68.01,66],[-67.97,66.11],[-67.99,66.13],[-68.12,66.14],[-68.15,66.2],[-68.19,66.2],[-68.22,66.2],[-68.32,66.17],[-68.37,66.18],[-68.4,66.21],[-68.46,66.22],[-68.61,66.19],[-68.81,66.2],[-68.87,66.19],[-68.89,66.18],[-68.87,66.16],[-68.8,66.15],[-68.69,66.16],[-68.53,66.14],[-68.46,66.14],[-68.34,66.12],[-68.33,66.11],[-68.13,66.09],[-68.09,66.06],[-68.1,66.03],[-68.14,66],[-68.28,66.01],[-68.29,66],[-68.23,65.95],[-68.31,65.91],[-68.3,65.9],[-68.19,65.88],[-68.13,65.86],[-68.09,65.85],[-68.02,65.86],[-67.99,65.85],[-67.98,65.84],[-68.05,65.8],[-68.08,65.76],[-68.07,65.75],[-68.01,65.75],[-67.87,65.78],[-67.81,65.77],[-67.8,65.76],[-67.82,65.74],[-67.88,65.72],[-67.92,65.7],[-67.84,65.64],[-67.9,65.6],[-67.95,65.53],[-68.1,65.46],[-68.1,65.44],[-68.07,65.43],[-68,65.45],[-67.84,65.55],[-67.64,65.62],[-67.47,65.65],[-67.34,65.64],[-67.31,65.63],[-67.3,65.62],[-67.36,65.56],[-67.34,65.52],[-67.39,65.48],[-67.37,65.46],[-67.26,65.44],[-67.11,65.46],[-67.03,65.45],[-67.03,65.43],[-67.06,65.38],[-67.12,65.38],[-67.25,65.36],[-67.34,65.32],[-67.28,65.3],[-67.24,65.31],[-67.14,65.3],[-67.11,65.27],[-67.12,65.25],[-67.08,65.21],[-67.01,65.2],[-66.92,65.2],[-66.94,65.17],[-67.05,65.11],[-67.09,65.06],[-67.07,65.05],[-66.97,65.07],[-66.85,65.14],[-66.76,65.15],[-66.75,65.14],[-66.78,65.11],[-66.87,65.07],[-66.89,65.04],[-66.87,65.03],[-66.82,65.01],[-66.75,64.94],[-66.72,64.89],[-66.73,64.82],[-66.73,64.8],[-66.73,64.78],[-66.72,64.77],[-66.72,64.75],[-66.71,64.73],[-66.69,64.73],[-66.67,64.74],[-66.67,64.76],[-66.66,64.78],[-66.67,64.82],[-66.67,64.85],[-66.6,64.97],[-66.54,65.03],[-66.5,65.03],[-66.45,65.02],[-66.36,64.94],[-66.33,64.93],[-66.26,64.94],[-66.17,64.97],[-66.1,64.95],[-66.07,64.93],[-66.19,64.86],[-66.38,64.78],[-66.42,64.75],[-66.47,64.71],[-66.45,64.67],[-66.43,64.65],[-66.4,64.64],[-66.36,64.63],[-66.33,64.63],[-66.33,64.64],[-66.34,64.66],[-66.39,64.71],[-66.36,64.74],[-66.32,64.75],[-66.27,64.75],[-66.2,64.71],[-66.14,64.71],[-66.18,64.78],[-66.12,64.84],[-66.09,64.85],[-66.05,64.84],[-66.04,64.83],[-66.03,64.8],[-66.06,64.77],[-66.04,64.75],[-66.02,64.74],[-65.94,64.75],[-65.93,64.73],[-65.91,64.69],[-65.87,64.68],[-65.84,64.71],[-65.87,64.75],[-65.95,64.85],[-65.9,64.9],[-65.81,64.89],[-65.72,64.87],[-65.7,64.83],[-65.73,64.8],[-65.7,64.78],[-65.63,64.8],[-65.59,64.79],[-65.58,64.77],[-65.61,64.69],[-65.74,64.56],[-65.7,64.53],[-65.62,64.51],[-65.53,64.52],[-65.5,64.53],[-65.47,64.54],[-65.44,64.56],[-65.4,64.58],[-65.37,64.56],[-65.39,64.55],[-65.43,64.52],[-65.45,64.49],[-65.42,64.47],[-65.39,64.48],[-65.35,64.52],[-65.31,64.54],[-65.25,64.55],[-65.16,64.53],[-65.11,64.46],[-65.13,64.45],[-65.22,64.43],[-65.24,64.4],[-65.21,64.36],[-65.22,64.33],[-65.3,64.33],[-65.53,64.36],[-65.63,64.36],[-65.66,64.34],[-65.67,64.32],[-65.66,64.31],[-65.59,64.32],[-65.53,64.31],[-65.49,64.26],[-65.42,64.27],[-65.37,64.26],[-65.36,64.25],[-65.42,64.2],[-65.41,64.19],[-65.37,64.18],[-65.31,64.18],[-65.23,64.17],[-65.16,64.08],[-65.13,64.06],[-64.87,64.02],[-64.8,64.03],[-64.69,64.06],[-64.61,64.04],[-64.59,64.02],[-64.62,63.98],[-64.79,63.92],[-64.9,63.81],[-64.81,63.76],[-64.6,63.73],[-64.53,63.7],[-64.47,63.64],[-64.51,63.55],[-64.49,63.48],[-64.58,63.41],[-64.55,63.38],[-64.54,63.31],[-64.57,63.28],[-64.63,63.27],[-64.67,63.28],[-64.72,63.31],[-64.79,63.5],[-64.91,63.61],[-64.97,63.67],[-64.96,63.7],[-64.99,63.74],[-65.13,63.82],[-65.18,63.83],[-65.21,63.81],[-65.2,63.79],[-65.06,63.71],[-65.04,63.69],[-65.04,63.62],[-64.97,63.55],[-64.98,63.5],[-65.05,63.45],[-64.97,63.39],[-64.99,63.33],[-64.94,63.27],[-64.98,63.22],[-64.96,63.19],[-64.92,63.19],[-64.86,63.21],[-64.8,63.19],[-64.77,63.14],[-64.8,63.11],[-64.81,63.07],[-64.74,62.98],[-64.68,62.96],[-64.65,62.93],[-64.7,62.9],[-64.76,62.88],[-64.88,62.9],[-64.99,62.95],[-65.04,62.96],[-65.1,62.95],[-65.12,62.92],[-65.11,62.88],[-65.05,62.81],[-64.91,62.75],[-64.89,62.73],[-64.94,62.68],[-65.12,62.63],[-65.16,62.64],[-65.2,62.69],[-65.34,62.76],[-65.37,62.79],[-65.37,62.81],[-65.27,62.91],[-65.3,62.93],[-65.33,62.94],[-65.37,62.93],[-65.44,62.89],[-65.5,62.88],[-65.62,62.91],[-65.67,62.94],[-65.69,62.96],[-65.62,63.03],[-65.63,63.04],[-65.67,63.05],[-65.7,63.04],[-65.74,63.02],[-65.8,62.95],[-65.83,62.94],[-65.86,62.95],[-65.89,62.98],[-65.87,63.03],[-65.99,63.05],[-66.04,63.1],[-66.09,63.12],[-66.13,63.1],[-66.05,63],[-66.07,62.98],[-66.11,62.98],[-66.25,63],[-66.38,63.05],[-66.46,63.13],[-66.51,63.23],[-66.57,63.24],[-66.61,63.22],[-66.56,63.12],[-66.61,63.07],[-66.56,63.03],[-66.58,63.01],[-66.62,63.01],[-66.65,63.02],[-66.78,63.19],[-66.89,63.2],[-66.95,63.24],[-66.98,63.27],[-66.98,63.31],[-67.12,63.32],[-67.19,63.34],[-67.32,63.43],[-67.46,63.48],[-67.51,63.53],[-67.53,63.58],[-67.58,63.63],[-67.61,63.65],[-67.73,63.66],[-67.76,63.69],[-67.82,63.69],[-67.85,63.67],[-67.82,63.6],[-67.65,63.44],[-67.68,63.39],[-67.72,63.38],[-67.78,63.4],[-67.87,63.52],[-67.92,63.54],[-68.28,63.63],[-68.53,63.74],[-68.63,63.76],[-68.76,63.73],[-68.95,63.76],[-68.96,63.72],[-68.89,63.66],[-68.83,63.59],[-68.71,63.52],[-68.6,63.48],[-68.45,63.45],[-68.42,63.44],[-68.38,63.4],[-68.36,63.31],[-68.28,63.23],[-68.24,63.22],[-68.15,63.19],[-68.1,63.15],[-67.99,63.15],[-67.97,63.12],[-68,63.07],[-67.98,63.04],[-67.95,63.04],[-67.91,63.05],[-67.84,63.1],[-67.78,63.11],[-67.71,63.09],[-67.73,63.07],[-67.75,63.06],[-67.77,63.05],[-67.76,63.04],[-67.7,63.03],[-67.61,63.05],[-67.56,63.04],[-67.58,63.02],[-67.65,62.99],[-67.66,62.98],[-67.65,62.97],[-67.62,62.96],[-67.53,62.98],[-67.45,63.01],[-67.35,62.99],[-67.12,62.83],[-66.94,62.76],[-66.9,62.71],[-66.64,62.66],[-66.54,62.63],[-66.46,62.55],[-66.49,62.52],[-66.48,62.48],[-66.45,62.46],[-66.36,62.45],[-66.33,62.44],[-66.35,62.4],[-66.42,62.36],[-66.42,62.34],[-66.38,62.3],[-66.34,62.3],[-66.33,62.32],[-66.33,62.36],[-66.3,62.38],[-66.27,62.38],[-66.18,62.36],[-66.14,62.3],[-66.06,62.29],[-65.99,62.3],[-65.94,62.29],[-65.87,62.24],[-65.89,62.22],[-65.94,62.21],[-65.97,62.19],[-65.94,62.13],[-66.02,62.04],[-65.95,61.98],[-65.93,61.93],[-65.96,61.91],[-66.02,61.9],[-66.07,61.9],[-66.3,61.93],[-66.38,61.93],[-66.65,61.98],[-66.84,62.03],[-66.99,62.06],[-67.13,62.03],[-67.24,62.05],[-67.37,62.13],[-67.48,62.15],[-67.68,62.17],[-68.22,62.19],[-68.41,62.22],[-68.84,62.34],[-69.09,62.37],[-69.27,62.45],[-69.36,62.52],[-69.41,62.53],[-69.45,62.52],[-69.52,62.53],[-69.58,62.6],[-69.54,62.63],[-69.48,62.65],[-69.46,62.66],[-69.49,62.7],[-69.47,62.72],[-69.49,62.75],[-69.57,62.75],[-69.65,62.72],[-69.79,62.77],[-69.85,62.77],[-69.89,62.76],[-69.81,62.7],[-69.84,62.68],[-69.89,62.69],[-69.99,62.74],[-70.22,62.79],[-70.34,62.86],[-70.67,62.91],[-70.76,62.93],[-70.78,62.97],[-70.88,62.99],[-70.93,63.02],[-71,63.03],[-71.01,63.04],[-70.97,63.07],[-70.8,63.11],[-70.77,63.12],[-70.76,63.14],[-70.84,63.15],[-70.99,63.1],[-71.12,63.09],[-71.16,63.04],[-71.18,63.04],[-71.27,63.05],[-71.37,63.12],[-71.55,63.17],[-71.62,63.23],[-71.66,63.3],[-71.74,63.36],[-71.78,63.38],[-72,63.4],[-72.05,63.42],[-72.03,63.45],[-71.98,63.46],[-71.73,63.44],[-71.59,63.44],[-71.5,63.45],[-71.39,63.48],[-71.33,63.56],[-71.2,63.58],[-71.17,63.62],[-71.23,63.63],[-71.41,63.59],[-71.48,63.6],[-71.5,63.62],[-71.42,63.69],[-71.44,63.71],[-71.47,63.71],[-71.54,63.69],[-71.58,63.7],[-71.61,63.74],[-71.73,63.77],[-71.78,63.82],[-71.82,63.82],[-71.86,63.79],[-71.81,63.74],[-71.83,63.71],[-71.91,63.71],[-71.97,63.75],[-72,63.76],[-72.04,63.75],[-72.1,63.7],[-72.13,63.72],[-72.04,63.84],[-72.04,63.88],[-72.08,63.91],[-72.09,63.95],[-72.13,63.94],[-72.18,63.91],[-72.25,63.82],[-72.29,63.8],[-72.33,63.81],[-72.4,63.87],[-72.48,63.88],[-72.51,63.9],[-72.43,63.98],[-72.44,64],[-72.51,64.02],[-72.59,63.97],[-72.64,63.98],[-72.68,64.01],[-72.87,64.02],[-72.93,64.06],[-72.94,64.08],[-72.92,64.12],[-72.93,64.13],[-72.98,64.13],[-73.06,64.1],[-73.09,64.11],[-73.06,64.16],[-73,64.17],[-72.99,64.19],[-73.01,64.2],[-73.07,64.21],[-73.15,64.3],[-73.19,64.31],[-73.24,64.28],[-73.29,64.28],[-73.35,64.28],[-73.47,64.36],[-73.49,64.38],[-73.44,64.44],[-73.35,64.5],[-73.26,64.55],[-73.23,64.58],[-73.24,64.63],[-73.28,64.63],[-73.35,64.54],[-73.53,64.46],[-73.6,64.32],[-73.66,64.33],[-73.66,64.42],[-73.59,64.54],[-73.49,64.56],[-73.46,64.59],[-73.47,64.6],[-73.53,64.61],[-73.73,64.56],[-73.87,64.56],[-73.9,64.53],[-73.86,64.48],[-73.88,64.46],[-73.99,64.42],[-74.07,64.33],[-74.16,64.32],[-74.18,64.33],[-74.09,64.44],[-74.11,64.46],[-74.1,64.49],[-74.06,64.5],[-74.05,64.52],[-74.11,64.57],[-74.02,64.73],[-74.04,64.74],[-74.07,64.75],[-74.14,64.73],[-74.17,64.68],[-74.18,64.61],[-74.21,64.58],[-74.26,64.58],[-74.31,64.61],[-74.36,64.62],[-74.4,64.58],[-74.43,64.57],[-74.5,64.64],[-74.66,64.68],[-74.71,64.72],[-74.66,64.8],[-74.57,64.84],[-74.57,64.87],[-74.63,64.88],[-74.67,64.87],[-74.75,64.82],[-74.77,64.8],[-74.89,64.78],[-74.91,64.74],[-74.85,64.7],[-74.6,64.59],[-74.53,64.54],[-74.54,64.52],[-74.66,64.5],[-74.68,64.47],[-74.65,64.44],[-74.58,64.41],[-74.59,64.39],[-74.67,64.38],[-74.79,64.39],[-74.92,64.41],[-75.03,64.45],[-75.11,64.45],[-75.18,64.44],[-75.26,64.45],[-75.33,64.47],[-75.54,64.57],[-75.71,64.6],[-75.76,64.59],[-75.78,64.55],[-75.7,64.49],[-75.6,64.46],[-75.57,64.44],[-75.58,64.43],[-75.74,64.42],[-75.75,64.37],[-75.78,64.36],[-75.96,64.37],[-76.12,64.36],[-76.24,64.32],[-76.25,64.31],[-76.19,64.28],[-76.2,64.26],[-76.24,64.25],[-76.44,64.25],[-76.53,64.27],[-76.63,64.27],[-76.69,64.25],[-76.61,64.2],[-76.62,64.19],[-76.69,64.18],[-76.79,64.19],[-76.98,64.25],[-77.08,64.26],[-77.19,64.25],[-77.3,64.22],[-77.37,64.22],[-77.42,64.29],[-77.49,64.32],[-77.58,64.33],[-77.65,64.29],[-77.79,64.31],[-77.83,64.33],[-77.82,64.35],[-77.85,64.38],[-77.99,64.39],[-78.02,64.41],[-78,64.42],[-77.97,64.44],[-77.95,64.47],[-78.08,64.53],[-78.17,64.66],[-78.09,64.76],[-78.05,64.78],[-78.03,64.81],[-78.06,64.86],[-78.04,64.92],[-77.92,65.01],[-77.78,65.08],[-77.5,65.12],[-77.33,65.16],[-77.31,65.2],[-77.37,65.27],[-77.39,65.34],[-77.38,65.36],[-77.36,65.36],[-77.24,65.35],[-77.22,65.37],[-77.33,65.41],[-77.31,65.44],[-77.27,65.45],[-77.19,65.45],[-77.12,65.42],[-77.04,65.41],[-76.94,65.42],[-76.86,65.44],[-76.78,65.43],[-76.09,65.3],[-75.9,65.29],[-75.72,65.33],[-75.19,65.28],[-75.13,65.29],[-74.89,65.39],[-74.85,65.39],[-74.84,65.38],[-74.83,65.35],[-74.8,65.33],[-74.68,65.31],[-74.61,65.32],[-74.55,65.34],[-74.33,65.46],[-74.27,65.48],[-74.16,65.48],[-74.12,65.5],[-74.03,65.48],[-73.98,65.46],[-73.96,65.47],[-73.77,65.45],[-73.64,65.47],[-73.63,65.51],[-73.64,65.54],[-73.88,65.76],[-74.15,65.87],[-74.29,65.96],[-74.35,66.02],[-74.45,66.05],[-74.5,66.08],[-74.34,66.21],[-74.17,66.26],[-73.86,66.42],[-73.61,66.49],[-73.53,66.58],[-73.47,66.61],[-73.27,66.66],[-73.11,66.68],[-72.97,66.68],[-72.92,66.7],[-72.99,66.74],[-73.01,66.77],[-72.97,66.81],[-72.89,66.85],[-72.84,66.89],[-72.84,66.98],[-72.81,67.02],[-72.74,67.03],[-72.63,67.02],[-72.53,67.03],[-72.46,67.05],[-72.39,67.11],[-72.26,67.17],[-72.21,67.22],[-72.22,67.25],[-72.32,67.31],[-72.39,67.37],[-72.39,67.41],[-72.34,67.49],[-72.39,67.56],[-72.47,67.58],[-72.48,67.64],[-72.59,67.71],[-72.56,67.75],[-72.57,67.79],[-72.61,67.82],[-72.85,67.89],[-72.95,67.95],[-73.01,68.12],[-73.12,68.25],[-73.34,68.27],[-73.39,68.3],[-73.38,68.32],[-73.42,68.32],[-73.5,68.29],[-73.59,68.28],[-73.68,68.34],[-73.76,68.36],[-73.81,68.39],[-73.79,68.42],[-73.56,68.45],[-73.53,68.47],[-73.63,68.49],[-73.77,68.45],[-73.85,68.45],[-73.75,68.59],[-73.83,68.69],[-73.98,68.72],[-74.12,68.73],[-74.16,68.7],[-73.97,68.63],[-73.91,68.56],[-73.93,68.54],[-74.17,68.53],[-74.25,68.53],[-74.33,68.56],[-74.64,68.73],[-74.62,68.76],[-74.52,68.79],[-74.5,68.82],[-74.57,68.81],[-74.67,68.78],[-74.72,68.77],[-74.81,68.79],[-74.84,68.81],[-74.83,68.83],[-74.66,68.86],[-74.65,68.88],[-74.71,68.89],[-74.9,68.87],[-74.96,68.88],[-74.94,68.92],[-74.83,68.92],[-74.81,68.94],[-74.9,68.95],[-74.92,68.96],[-74.9,68.98],[-74.7,69.02],[-74.69,69.03],[-74.8,69.08],[-74.91,69.06],[-75,69.01],[-75.09,68.93],[-75.11,68.92],[-75.11,68.85],[-75.18,68.91],[-75.22,68.93],[-75.32,69],[-75.45,69.02],[-75.49,68.99],[-75.48,68.97],[-75.51,68.93],[-75.61,68.89],[-75.92,68.82],[-76.29,68.7],[-76.37,68.68],[-76.5,68.68],[-76.57,68.72],[-76.57,68.73],[-76.54,68.78],[-76.46,68.83],[-76.44,68.87],[-76.48,68.9],[-76.57,68.93],[-76.65,68.98],[-76.65,69.01],[-76.6,69.06],[-76.36,69.07],[-76.02,69.04],[-75.94,69.08],[-75.87,69.1],[-75.77,69.1],[-75.69,69.11],[-75.68,69.13],[-75.67,69.14],[-75.67,69.18],[-75.74,69.29],[-76,69.4],[-76.17,69.41],[-76.24,69.42],[-76.36,69.44],[-76.48,69.48],[-76.59,69.56],[-76.61,69.57],[-76.51,69.66],[-76.4,69.65],[-76.28,69.58],[-76.22,69.57],[-76.21,69.6],[-76.29,69.69],[-76.42,69.69],[-76.46,69.69],[-76.58,69.7],[-76.64,69.65],[-76.67,69.64],[-76.77,69.65],[-76.9,69.65],[-77.04,69.64],[-77.08,69.65],[-77.1,69.66],[-77.08,69.68],[-76.88,69.7],[-76.84,69.73],[-76.87,69.75],[-76.86,69.77],[-76.72,69.79],[-76.69,69.81],[-76.76,69.82],[-76.86,69.81],[-76.95,69.84],[-77.03,69.85],[-77.11,69.85],[-77.21,69.85],[-77.24,69.87],[-77.22,69.89],[-77.18,69.89],[-77.11,69.91],[-77.05,69.94],[-77.06,69.95],[-77.1,69.95],[-77.15,69.95],[-77.18,69.93],[-77.23,69.91],[-77.3,69.9],[-77.35,69.89],[-77.4,69.87],[-77.45,69.87],[-77.5,69.87],[-77.55,69.87],[-77.57,69.85],[-77.56,69.84],[-77.47,69.83],[-77.45,69.83],[-77.47,69.81],[-77.5,69.8],[-77.51,69.78],[-77.56,69.77],[-77.59,69.77],[-77.63,69.78],[-77.7,69.84],[-77.69,69.94],[-77.59,70.08],[-77.62,70.13],[-77.65,70.2],[-77.69,70.22],[-77.91,70.23],[-77.99,70.21],[-78.05,70.21],[-78.12,70.22],[-78.2,70.2],[-78.25,70.2],[-78.35,70.24],[-78.39,70.32],[-78.42,70.34],[-78.55,70.34],[-78.59,70.36],[-78.61,70.39],[-78.73,70.42],[-78.9,70.44],[-78.95,70.46],[-78.82,70.54],[-78.61,70.56],[-78.6,70.58],[-78.73,70.63],[-78.78,70.69],[-78.86,70.7],[-78.89,70.67],[-78.81,70.64],[-78.81,70.61],[-78.87,70.61],[-78.93,70.62],[-79.01,70.63],[-79.09,70.61],[-79.08,70.58],[-78.98,70.56],[-78.95,70.54],[-78.98,70.5],[-79.05,70.48],[-79.12,70.44],[-79.13,70.43],[-79.2,70.42],[-79.26,70.46],[-79.4,70.45],[-79.45,70.47],[-79.45,70.5],[-79.5,70.5],[-79.61,70.48],[-79.68,70.46],[-79.69,70.41],[-79.57,70.4],[-79.3,70.31],[-79.21,70.31],[-79.14,70.31],[-79.02,70.33],[-78.89,70.31],[-78.81,70.26],[-78.7,70.16],[-78.69,70.14],[-78.64,70.07],[-78.66,70.01],[-78.71,69.99],[-78.85,69.96],[-79.37,69.99],[-79.64,69.96],[-79.75,69.97],[-79.81,69.99],[-79.88,70.04],[-79.93,70.05],[-80,70.11],[-80.1,70.1],[-80.24,70.11],[-80.38,70.1],[-80.52,70.14],[-80.64,70.15],[-81.6,70.21],[-81.63,70.2],[-81.64,70.18],[-81.61,70.16],[-81.33,70.12],[-81.24,70.09],[-80.84,69.89],[-80.84,69.86],[-80.96,69.82],[-81.02,69.83],[-81.09,69.85],[-81.33,69.97],[-81.53,70.04],[-81.96,70.06],[-82.33,70.17],[-82.58,70.2],[-82.92,70.29],[-83.02,70.29],[-83.03,70.27],[-82.93,70.22],[-82.7,70.17],[-82.1,70.04],[-82.01,70.02],[-81.94,69.99],[-81.94,69.95],[-82.08,69.92],[-82.13,69.88],[-82.23,69.87],[-82.3,69.89],[-82.3,69.92],[-82.33,69.93],[-82.65,69.97],[-82.89,70.04],[-83.02,70.06],[-83.16,70.07],[-83.42,70.02],[-83.5,70.02],[-83.81,70.03],[-84.05,70.05],[-84.2,70.05],[-84.47,70.02],[-84.65,70.04],[-84.82,70.02],[-84.89,70.03],[-84.85,70.08],[-84.85,70.11],[-84.93,70.11],[-85.04,70.08],[-85.64,70.11],[-85.7,70.09],[-85.71,70.07],[-85.69,70.06],[-85.6,70.05],[-85.53,70.04],[-85.45,70.04],[-85.4,70.03],[-85.38,70.01],[-85.45,70],[-85.57,70],[-85.66,70],[-85.72,69.99],[-85.77,69.99],[-85.84,69.99],[-85.87,69.99],[-85.96,70.01],[-86.14,70.08],[-86.37,70.13],[-86.54,70.19],[-86.6,70.25],[-86.6,70.33],[-86.34,70.48],[-86.34,70.51],[-86.41,70.51],[-86.44,70.5],[-86.53,70.45],[-86.64,70.39],[-86.64,70.37],[-86.82,70.31],[-86.86,70.32],[-86.84,70.38],[-86.87,70.39],[-86.93,70.4],[-87.01,70.45],[-87.05,70.45],[-87.09,70.43],[-87.14,70.38],[-86.97,70.31],[-86.96,70.28],[-87.02,70.27],[-87.1,70.27],[-87.19,70.29],[-87.38,70.29],[-87.49,70.28],[-87.71,70.3],[-87.73,70.27],[-87.64,70.24],[-87.64,70.22],[-87.74,70.21],[-87.92,70.22],[-88.13,70.27],[-88.27,70.31],[-88.26,70.33],[-88.22,70.34],[-88.15,70.34],[-88,70.32],[-87.98,70.33],[-88.02,70.35],[-88.39,70.45],[-88.63,70.47],[-88.77,70.49],[-88.88,70.54],[-88.91,70.56],[-88.9,70.59],[-88.95,70.62],[-89.09,70.69],[-89.34,70.84],[-89.33,70.89],[-89.17,70.93],[-89.19,70.97],[-89.22,70.99],[-89.44,71.03],[-89.44,71.07],[-89.41,71.08],[-89.28,71.08],[-88.81,71.02],[-88.62,71.02],[-88.52,71.03],[-88.41,71.03],[-88.34,71.02],[-88.19,70.96],[-88.06,70.94],[-87.66,70.95],[-87.35,70.94],[-87.23,70.97],[-87.09,70.97],[-87.05,70.99],[-87.07,71],[-87.35,71.02],[-87.63,71.07],[-87.77,71.12],[-87.81,71.18],[-87.87,71.2],[-87.93,71.2],[-88.06,71.17],[-88.15,71.17],[-88.33,71.21],[-88.74,71.22],[-89.24,71.27],[-89.54,71.29],[-89.77,71.31],[-89.88,71.35],[-89.92,71.42],[-89.91,71.51],[-89.87,71.57],[-89.84,71.58],[-89.79,71.68],[-89.8,71.73],[-89.86,71.8],[-89.93,71.88],[-89.92,72],[-89.8,72.06],[-89.6,72.11],[-89.6,72.13],[-89.68,72.14],[-89.81,72.14],[-89.88,72.16],[-89.86,72.31],[-89.9,72.4],[-89.75,72.56],[-89.69,72.58],[-89.58,72.6],[-89.58,72.74],[-89.48,72.77],[-89.41,72.77],[-89.34,72.76],[-89.31,72.77],[-89.3,72.79],[-89.37,72.84],[-89.33,72.93],[-89.1,73.15],[-88.56,73.4],[-88,73.61],[-87.45,73.74],[-86.97,73.81],[-86.34,73.83],[-85.89,73.86],[-85.38,73.84],[-85.05,73.79],[-84.92,73.75],[-84.9,73.73],[-84.95,73.68],[-85.05,73.64],[-85.48,73.53],[-85.96,73.37],[-86.13,73.25],[-86.28,73.1],[-86.47,73],[-86.63,72.94],[-86.72,72.87],[-86.77,72.74],[-86.75,72.7],[-86.7,72.66],[-86.63,72.62],[-86.58,72.56],[-86.33,72.42],[-86.35,72.36],[-86.49,72.22],[-86.52,72.15],[-86.49,72.08],[-86.34,71.91],[-85.99,71.72],[-85.71,71.56],[-85.4,71.45],[-85.15,71.41],[-85.08,71.37],[-85.06,71.34],[-84.99,71.32],[-85,71.3],[-85.06,71.29],[-85.21,71.29],[-85.31,71.25],[-85.4,71.23],[-85.67,71.23],[-86.37,71.05],[-86.47,71.03],[-86.64,71.03],[-86.67,71.02],[-86.67,71],[-86.63,70.98],[-86.5,70.98],[-86.36,71],[-85.61,71.17],[-85.28,71.16],[-85.17,71.18],[-85.06,71.18],[-84.98,71.14],[-84.97,71.1],[-85.03,71.09],[-85.1,71.09],[-85.13,71.07],[-85.01,71.03],[-84.99,70.95],[-84.88,70.92],[-84.82,70.93],[-84.78,70.97],[-84.83,71.03],[-84.84,71.05],[-84.79,71.17],[-84.82,71.33],[-84.79,71.4],[-84.58,71.4],[-84.53,71.41],[-84.49,71.45],[-84.57,71.55],[-84.54,71.59],[-84.55,71.62],[-84.61,71.65],[-84.7,71.66],[-84.79,71.66],[-85.04,71.61],[-85.19,71.66],[-85.34,71.67],[-85.46,71.69],[-85.53,71.72],[-85.56,71.79],[-85.64,71.83],[-85.76,71.88],[-85.95,71.94],[-86.04,71.98],[-86.03,72],[-85.97,72.02],[-85.7,72.03],[-85.65,72.05],[-85.63,72.1],[-85.42,72.13],[-85.44,72.15],[-85.53,72.17],[-85.51,72.22],[-85.56,72.24],[-85.53,72.27],[-85.43,72.27],[-85.32,72.25],[-85.02,72.25],[-84.41,72.01],[-84.32,71.94],[-84.25,71.91],[-84.2,71.92],[-84.18,71.96],[-84.3,72.03],[-84.84,72.24],[-84.88,72.29],[-84.86,72.33],[-84.81,72.34],[-84.53,72.35],[-84.46,72.37],[-84.45,72.39],[-84.47,72.4],[-84.55,72.4],[-84.6,72.39],[-84.71,72.4],[-84.79,72.42],[-84.78,72.44],[-84.82,72.46],[-84.92,72.46],[-85.08,72.41],[-85.17,72.4],[-85.4,72.42],[-85.52,72.45],[-85.61,72.49],[-85.63,72.59],[-85.75,72.65],[-85.71,72.86],[-85.65,72.89],[-85.5,72.93],[-85.22,72.91],[-84.21,72.73],[-84.17,72.75],[-84.27,72.79],[-84.57,72.86],[-84.86,72.89],[-85.03,72.93],[-85.23,73.01],[-85.33,73.01],[-85.45,72.97],[-85.66,72.98],[-85.68,73.01],[-85.56,73.04],[-85.54,73.08],[-85.48,73.1],[-85.42,73.1],[-85.35,73.05],[-85.25,73.05],[-85.2,73.05],[-85.2,73.11],[-85.08,73.11],[-85.01,73.09],[-84.78,73.09],[-84.63,73.06],[-84.27,73.02],[-83.62,72.99],[-83.58,73.01],[-83.64,73.03],[-83.76,73.05],[-84.26,73.07],[-84.69,73.14],[-85.09,73.17],[-85.18,73.19],[-85.2,73.22],[-85.18,73.27],[-85.12,73.3],[-84.88,73.35],[-84.78,73.35],[-84.7,73.3],[-84.52,73.26],[-84.46,73.26],[-84.42,73.26],[-84.41,73.28],[-84.54,73.34],[-84.56,73.36],[-84.54,73.4],[-84.38,73.43],[-84.2,73.46],[-83.86,73.44],[-83.75,73.4],[-83.7,73.34],[-83.62,73.31],[-83.55,73.32],[-83.52,73.33],[-83.5,73.35],[-83.6,73.43],[-83.68,73.46],[-83.88,73.5],[-83.86,73.53],[-83.58,73.58],[-83.42,73.63],[-83.28,73.65],[-83.11,73.66],[-83,73.67],[-82.89,73.72],[-82.82,73.73],[-82.39,73.72],[-82.04,73.72],[-81.83,73.75],[-81.62,73.74],[-81.38,73.64],[-81.33,73.6],[-81.29,73.4],[-81.22,73.27],[-81.1,73.22],[-80.91,73.21],[-80.73,73.16],[-80.63,73.11],[-80.59,73.04],[-80.66,72.94],[-80.56,72.84],[-80.44,72.8],[-80.48,72.71],[-80.65,72.62],[-80.68,72.58],[-80.96,72.5],[-81.28,72.33],[-81.35,72.26],[-81.29,72.25],[-81.23,72.27],[-81.21,72.29],[-81.02,72.4],[-80.78,72.5],[-80.71,72.52],[-80.65,72.51],[-80.62,72.49],[-80.71,72.35],[-80.86,72.3],[-80.97,72.17],[-80.9,72.13],[-80.77,72.11],[-80.73,72.1],[-80.75,72.08],[-80.84,72.07],[-80.91,72.09],[-80.98,72.1],[-81.14,72.06],[-81.09,72.04],[-80.93,72.03],[-80.95,71.97],[-81.08,71.92],[-81.09,71.91],[-81.03,71.89],[-80.95,71.9],[-80.77,71.99],[-80.49,72.07],[-80.47,72.1],[-80.48,72.12],[-80.59,72.17],[-80.58,72.19],[-80.55,72.2],[-80.39,72.21],[-80.38,72.23],[-80.41,72.27],[-80.38,72.3],[-80.28,72.29],[-80.09,72.22],[-79.78,72.14],[-79.7,72.13],[-79.67,72.14],[-79.66,72.16],[-79.72,72.2],[-79.93,72.25],[-80.01,72.29],[-80.14,72.32],[-80.23,72.36],[-80.17,72.4],[-80,72.45],[-79.91,72.53],[-79.84,72.53],[-79.79,72.51],[-79.8,72.43],[-79.63,72.34],[-79.7,72.27],[-79.65,72.25],[-79.58,72.24],[-79.52,72.25],[-79.33,72.36],[-79.27,72.38],[-79.2,72.37],[-79.07,72.3],[-79.01,72.15],[-79.06,72.06],[-79.1,72.04],[-79.14,71.99],[-79.09,71.96],[-79.04,71.95],[-78.86,71.93],[-78.65,71.84],[-78.56,71.84],[-78.51,71.84],[-78.49,71.86],[-78.52,71.88],[-78.67,71.92],[-78.73,71.95],[-78.82,72.02],[-78.85,72.04],[-78.88,72.09],[-78.85,72.12],[-78.82,72.13],[-78.6,72.12],[-78.44,72.07],[-78.42,72.03],[-78.46,71.94],[-78.2,71.81],[-78.17,71.8],[-78.16,71.79],[-78.11,71.77],[-78.05,71.76],[-78,71.77],[-77.99,71.79],[-77.99,71.81],[-78.02,71.83],[-78.05,71.85],[-78.1,71.86],[-78.16,71.87],[-78.21,71.89],[-78.23,71.91],[-78.2,71.92],[-78.15,71.92],[-78.1,71.91],[-78.06,71.9],[-77.98,71.87],[-77.92,71.84],[-77.91,71.82],[-77.9,71.79],[-77.85,71.76],[-77.78,71.73],[-77.74,71.73],[-77.71,71.74],[-77.7,71.75],[-77.75,71.82],[-77.98,71.95],[-78.22,71.98],[-78.29,72.03],[-78.31,72.1],[-78.38,72.14],[-78.45,72.16],[-78.68,72.17],[-78.75,72.18],[-78.8,72.22],[-78.73,72.33],[-78.64,72.36],[-78.55,72.34],[-78.57,72.27],[-78.5,72.23],[-78.35,72.23],[-78.35,72.27],[-78.42,72.29],[-78.38,72.32],[-78.13,72.28],[-77.9,72.27],[-77.7,72.21],[-77.6,72.2],[-77.34,72.22],[-77.33,72.23],[-77.37,72.24],[-77.58,72.25],[-77.81,72.31],[-78.08,72.34],[-78.32,72.38],[-78.45,72.41],[-78.5,72.44],[-78.55,72.49],[-78.45,72.57],[-78.32,72.62],[-78.06,72.68],[-78.02,72.68],[-77.97,72.7],[-77.71,72.73],[-77.42,72.8],[-77.19,72.78],[-76.98,72.79],[-76.85,72.78],[-76.75,72.72],[-76.64,72.69],[-76.17,72.65],[-76.14,72.63],[-76.21,72.55],[-76.18,72.53],[-76.09,72.55],[-76.05,72.59],[-75.94,72.63],[-75.81,72.62],[-75.66,72.58],[-75.51,72.57],[-75.32,72.58],[-75.24,72.57],[-75.18,72.54],[-75.13,72.41],[-74.95,72.32],[-74.98,72.27],[-75.23,72.2],[-75.78,72.17],[-75.99,72.13],[-76.18,72.06],[-76.45,71.89],[-76.43,71.88],[-76.39,71.88],[-76.29,71.91],[-75.93,72.11],[-75.82,72.13],[-75.4,72.15],[-75.29,72.14],[-75.27,72.12],[-75.3,72.09],[-75.42,72.05],[-75.5,72.03],[-75.58,71.99],[-75.64,71.97],[-75.71,71.92],[-75.75,71.86],[-75.8,71.84],[-75.84,71.81],[-75.88,71.79],[-75.93,71.77],[-76,71.74],[-76.03,71.72],[-76.03,71.7],[-75.98,71.7],[-75.92,71.71],[-75.86,71.73],[-75.8,71.77],[-75.78,71.79],[-75.75,71.8],[-75.73,71.82],[-75.68,71.84],[-75.6,71.92],[-75.54,71.96],[-75.5,71.97],[-75.48,71.99],[-75.39,72.02],[-75.2,72.07],[-75.15,72.08],[-75.11,72.12],[-75.01,72.15],[-74.79,72.16],[-74.66,72.14],[-74.4,72.13],[-74.25,72.11],[-74.16,72.08],[-74.1,72.05],[-74.08,72.01],[-74.13,71.92],[-74.23,71.83],[-74.34,71.8],[-74.45,71.79],[-74.52,71.78],[-74.6,71.74],[-74.77,71.71],[-74.92,71.7],[-75.1,71.71],[-75.17,71.7],[-75.19,71.69],[-75.17,71.67],[-74.99,71.66],[-74.96,71.64],[-75,71.61],[-75.31,71.52],[-75.34,71.5],[-75.29,71.49],[-75.18,71.5],[-74.81,71.62],[-74.72,71.64],[-74.67,71.62],[-74.7,71.6],[-74.84,71.54],[-74.88,71.5],[-74.76,71.44],[-74.75,71.42],[-74.81,71.34],[-74.98,71.27],[-75.01,71.23],[-74.96,71.22],[-74.66,71.33],[-74.59,71.41],[-74.61,71.49],[-74.55,71.55],[-74.36,71.64],[-74.32,71.66],[-74.22,71.69],[-74.17,71.73],[-74.13,71.74],[-74.08,71.73],[-74.13,71.67],[-74.1,71.66],[-74.05,71.67],[-73.82,71.75],[-73.72,71.76],[-73.65,71.76],[-73.62,71.74],[-73.68,71.68],[-73.83,71.63],[-74.01,71.47],[-74.06,71.46],[-74.19,71.44],[-74.19,71.42],[-74.11,71.41],[-74.09,71.4],[-74.09,71.37],[-74.23,71.24],[-74.17,71.22],[-74.09,71.24],[-73.87,71.48],[-73.7,71.58],[-73.62,71.58],[-73.58,71.55],[-73.6,71.41],[-73.56,71.39],[-73.45,71.4],[-73.43,71.38],[-73.45,71.36],[-73.59,71.31],[-73.76,71.11],[-73.73,71.1],[-73.66,71.11],[-73.61,71.13],[-73.58,71.19],[-73.48,71.29],[-73.43,71.31],[-73.38,71.32],[-73.23,71.3],[-73.2,71.28],[-73.32,71.19],[-73.32,71.15],[-73.38,71.08],[-73.46,71.05],[-73.49,71.03],[-73.46,71.01],[-73.39,71.02],[-73.31,71.06],[-73.16,71.19],[-73.02,71.25],[-72.95,71.34],[-72.96,71.37],[-72.82,71.46],[-72.84,71.49],[-72.81,71.52],[-72.66,71.56],[-72.59,71.59],[-72.53,71.65],[-72.49,71.66],[-72.45,71.67],[-72.36,71.66],[-72.29,71.64],[-72.1,71.62],[-71.98,71.59],[-71.96,71.59],[-71.83,71.55],[-71.5,71.5],[-71.48,71.5],[-71.39,71.47],[-71.33,71.43]]],[[[-68.36,68.78],[-68.3,68.79],[-68.06,68.77],[-67.96,68.77],[-67.8,68.76],[-67.75,68.73],[-67.85,68.72],[-67.98,68.74],[-68.23,68.75],[-68.34,68.76],[-68.36,68.78]]],[[[-67.95,68.6],[-67.99,68.62],[-67.95,68.64],[-67.85,68.65],[-67.8,68.64],[-67.81,68.61],[-67.95,68.6]]],[[[-65.69,68.12],[-65.73,68.12],[-65.75,68.14],[-65.74,68.18],[-65.69,68.21],[-65.65,68.2],[-65.62,68.17],[-65.66,68.12],[-65.69,68.12]]],[[[-65.49,68.08],[-65.58,68.1],[-65.57,68.11],[-65.44,68.12],[-65.43,68.11],[-65.46,68.08],[-65.49,68.08]]],[[[-65.33,68.01],[-65.36,68.03],[-65.34,68.06],[-65.3,68.06],[-65.25,68.03],[-65.27,68.02],[-65.33,68.01]]],[[[-66.2,68.29],[-66.3,68.21],[-66.33,68.2],[-66.38,68.2],[-66.5,68.22],[-66.58,68.22],[-66.64,68.23],[-66.59,68.26],[-66.54,68.25],[-66.44,68.27],[-66.33,68.26],[-66.29,68.27],[-66.26,68.3],[-66.2,68.29]]],[[[-66.19,68.14],[-66.23,68.14],[-66.26,68.14],[-66.29,68.15],[-66.28,68.17],[-66.23,68.18],[-66.2,68.18],[-66.17,68.16],[-66.19,68.14]]],[[[-65.89,68.1],[-65.94,68.08],[-65.97,68.09],[-65.98,68.1],[-65.98,68.12],[-65.97,68.14],[-65.97,68.17],[-65.94,68.18],[-65.91,68.18],[-65.89,68.17],[-65.89,68.1]]],[[[-66.84,66.46],[-66.88,66.46],[-66.91,66.47],[-66.92,66.48],[-66.9,66.5],[-66.87,66.51],[-66.83,66.5],[-66.82,66.49],[-66.84,66.46]]],[[[-66.86,66.4],[-66.81,66.42],[-66.77,66.41],[-66.56,66.33],[-66.55,66.32],[-66.56,66.3],[-66.64,66.31],[-66.84,66.38],[-66.86,66.4]]],[[[-66.9,66.34],[-66.95,66.33],[-66.98,66.33],[-67,66.34],[-67.02,66.36],[-66.99,66.38],[-66.92,66.38],[-66.9,66.34]]],[[[-62.92,65.27],[-62.96,65.28],[-62.97,65.29],[-62.93,65.31],[-62.88,65.31],[-62.87,65.29],[-62.89,65.28],[-62.92,65.27]]],[[[-68.47,70.18],[-68.54,70.17],[-68.57,70.17],[-68.59,70.18],[-68.59,70.19],[-68.56,70.21],[-68.54,70.22],[-68.5,70.22],[-68.47,70.21],[-68.45,70.2],[-68.47,70.18]]],[[[-67.75,69.57],[-67.69,69.59],[-67.52,69.62],[-67.39,69.61],[-67.36,69.59],[-67.42,69.57],[-67.55,69.58],[-67.69,69.55],[-67.74,69.56],[-67.75,69.57]]],[[[-68.04,69.56],[-68.23,69.61],[-68.25,69.62],[-68.24,69.64],[-68.01,69.69],[-67.87,69.75],[-67.76,69.74],[-67.72,69.71],[-67.77,69.66],[-67.82,69.64],[-67.92,69.57],[-67.97,69.56],[-68.04,69.56]]],[[[-67.92,69.14],[-67.95,69.15],[-67.97,69.17],[-67.94,69.18],[-67.9,69.17],[-67.88,69.16],[-67.92,69.14]]],[[[-67.58,68.93],[-67.64,68.92],[-67.68,68.92],[-67.72,68.92],[-67.74,68.93],[-67.74,68.94],[-67.7,68.96],[-67.65,68.96],[-67.58,68.95],[-67.55,68.95],[-67.58,68.93]]],[[[-67.44,68.88],[-67.48,68.88],[-67.51,68.88],[-67.54,68.88],[-67.58,68.87],[-67.62,68.89],[-67.59,68.9],[-67.55,68.91],[-67.5,68.91],[-67.45,68.91],[-67.42,68.89],[-67.44,68.88]]],[[[-67.89,68.9],[-67.93,68.91],[-67.96,68.94],[-67.93,68.96],[-67.89,68.97],[-67.83,68.96],[-67.82,68.95],[-67.84,68.91],[-67.89,68.9]]],[[[-67.48,68.84],[-67.6,68.81],[-67.64,68.81],[-67.63,68.83],[-67.61,68.85],[-67.55,68.85],[-67.48,68.84]]],[[[-66.84,68.6],[-66.93,68.6],[-66.95,68.62],[-66.91,68.63],[-66.88,68.63],[-66.84,68.63],[-66.82,68.61],[-66.84,68.6]]],[[[-67,68.55],[-67.06,68.54],[-67.1,68.54],[-67.13,68.55],[-67.14,68.56],[-67.12,68.58],[-67.08,68.58],[-67.05,68.57],[-67.02,68.56],[-67,68.55]]],[[[-67.36,68.54],[-67.39,68.56],[-67.35,68.57],[-67.31,68.58],[-67.24,68.56],[-67.23,68.54],[-67.28,68.54],[-67.36,68.54]]],[[[-66.74,68.35],[-66.8,68.36],[-66.83,68.36],[-66.86,68.36],[-66.88,68.37],[-66.86,68.38],[-66.84,68.4],[-66.81,68.4],[-66.77,68.4],[-66.74,68.39],[-66.71,68.37],[-66.74,68.35]]],[[[-61.95,67.12],[-62,67.12],[-62.03,67.12],[-62.05,67.12],[-62.09,67.13],[-62.11,67.14],[-62.08,67.16],[-62.06,67.17],[-62.02,67.17],[-61.97,67.17],[-61.94,67.17],[-61.92,67.16],[-61.92,67.14],[-61.95,67.12]]],[[[-62.21,66.97],[-62.26,66.97],[-62.29,66.98],[-62.29,66.99],[-62.25,67.01],[-62.23,67.02],[-62.2,67.01],[-62.17,67],[-62.21,66.97]]],[[[-62.61,67.03],[-62.64,67.06],[-62.59,67.1],[-62.33,67.21],[-62.26,67.22],[-62.21,67.21],[-62.2,67.2],[-62.23,67.17],[-62.33,67.14],[-62.46,67.06],[-62.52,67.04],[-62.61,67.03]]],[[[-62,66.28],[-62.03,66.25],[-62.06,66.24],[-62.2,66.24],[-62.21,66.25],[-62.14,66.28],[-62.05,66.29],[-62,66.28]]],[[[-62.03,65.89],[-62.08,65.9],[-62.12,65.95],[-62,65.99],[-61.95,65.98],[-61.94,65.96],[-62,65.9],[-62.03,65.89]]],[[[-62.07,65.77],[-62.06,65.72],[-62.02,65.71],[-61.99,65.69],[-62.05,65.64],[-62.1,65.64],[-62.16,65.65],[-62.19,65.68],[-62.26,65.69],[-62.28,65.72],[-62.26,65.75],[-62.23,65.76],[-62.12,65.78],[-62.07,65.77]]],[[[-62.36,65.61],[-62.37,65.63],[-62.37,65.64],[-62.36,65.65],[-62.31,65.65],[-62.28,65.63],[-62.32,65.61],[-62.36,65.61]]],[[[-62.26,65.55],[-62.33,65.54],[-62.37,65.56],[-62.38,65.57],[-62.35,65.58],[-62.33,65.58],[-62.29,65.58],[-62.27,65.56],[-62.26,65.55]]],[[[-114.13,68.61],[-114.22,68.62],[-114.27,68.65],[-114.28,68.68],[-114.25,68.68],[-114.18,68.67],[-114.11,68.63],[-114.13,68.61]]],[[[-113.9,68.58],[-113.96,68.59],[-113.98,68.61],[-113.98,68.62],[-113.91,68.63],[-113.87,68.62],[-113.81,68.61],[-113.82,68.59],[-113.9,68.58]]],[[[-110.56,68.52],[-110.59,68.51],[-110.63,68.51],[-110.67,68.52],[-110.67,68.53],[-110.71,68.54],[-110.73,68.55],[-110.75,68.56],[-110.72,68.57],[-110.69,68.58],[-110.65,68.57],[-110.64,68.56],[-110.57,68.54],[-110.56,68.52]]],[[[-110.78,68.48],[-110.97,68.49],[-111.01,68.5],[-111.02,68.51],[-110.97,68.53],[-110.84,68.54],[-110.76,68.52],[-110.74,68.5],[-110.78,68.48]]],[[[-113.41,68.23],[-113.42,68.25],[-113.4,68.26],[-113.35,68.27],[-113.29,68.25],[-113.28,68.23],[-113.29,68.22],[-113.34,68.22],[-113.38,68.22],[-113.41,68.23]]],[[[-111.63,68.27],[-111.7,68.27],[-111.71,68.28],[-111.65,68.34],[-111.5,68.36],[-111.45,68.35],[-111.45,68.32],[-111.57,68.31],[-111.63,68.27]]],[[[-112.78,68.16],[-112.89,68.15],[-112.93,68.17],[-112.88,68.19],[-112.81,68.19],[-112.76,68.18],[-112.78,68.16]]],[[[-114.1,67.97],[-114.13,67.97],[-114.15,67.96],[-114.2,67.96],[-114.24,67.97],[-114.24,67.99],[-114.21,68],[-114.16,68],[-114.13,68],[-114.1,67.97]]],[[[-113.77,67.97],[-113.86,67.98],[-113.92,67.97],[-113.97,67.98],[-113.97,68],[-113.94,68.01],[-113.9,68.01],[-113.74,68.01],[-113.7,68],[-113.77,67.97]]],[[[-113.93,67.88],[-113.99,67.87],[-114.12,67.88],[-114.18,67.89],[-114.2,67.91],[-114.11,67.93],[-113.98,67.92],[-113.93,67.91],[-113.92,67.89],[-113.93,67.88]]],[[[-113.52,67.93],[-113.47,67.94],[-113.39,67.93],[-113.25,67.95],[-113.21,67.93],[-113.23,67.91],[-113.34,67.9],[-113.47,67.91],[-113.52,67.93]]],[[[-109.79,68.17],[-109.84,68.17],[-109.86,68.18],[-109.85,68.19],[-109.8,68.23],[-109.75,68.25],[-109.67,68.28],[-109.6,68.3],[-109.57,68.29],[-109.56,68.27],[-109.67,68.24],[-109.76,68.18],[-109.79,68.17]]],[[[-109.94,68.12],[-110.01,68.13],[-110.03,68.14],[-109.99,68.16],[-109.92,68.17],[-109.9,68.15],[-109.9,68.14],[-109.94,68.12]]],[[[-110.14,68.12],[-110.11,68.11],[-110.11,68.1],[-110.14,68.08],[-110.2,68.08],[-110.24,68.09],[-110.24,68.1],[-110.2,68.12],[-110.14,68.12]]],[[[-110.3,68.06],[-110.39,68.03],[-110.42,68.03],[-110.44,68.05],[-110.39,68.07],[-110.35,68.07],[-110.31,68.07],[-110.3,68.06]]],[[[-110.95,67.89],[-110.99,67.89],[-111.02,67.9],[-111.03,67.91],[-111,67.93],[-110.89,67.96],[-110.84,68],[-110.77,67.99],[-110.77,67.96],[-110.85,67.94],[-110.95,67.89]]],[[[-93.78,61.53],[-93.86,61.41],[-93.93,61.39],[-94.15,61.39],[-94.19,61.38],[-94.08,61.33],[-93.93,61.29],[-93.97,61.26],[-93.97,61.21],[-93.98,61.1],[-94.04,61.06],[-94.07,61.05],[-94.23,60.84],[-94.33,60.77],[-94.36,60.68],[-94.43,60.63],[-94.53,60.53],[-94.56,60.52],[-94.62,60.51],[-94.83,60.54],[-94.94,60.54],[-94.94,60.53],[-94.92,60.52],[-94.67,60.48],[-94.61,60.44],[-94.59,60.33],[-94.62,60.3],[-94.62,60.23],[-94.59,60.19],[-94.69,60.01],[-98.65,60],[-99,60],[-100,60],[-101,60],[-102,60],[-102,61],[-102,62],[-102,63],[-102,64],[-102,64.24],[-102.65,64.28],[-103.01,64.3],[-104.39,64.45],[-105.54,64.56],[-106.17,64.64],[-107.03,64.7],[-109.33,64.85],[-110.65,65.5],[-112.02,65.5],[-112.5,65.5],[-113.98,66],[-120.66,68],[-120.68,69.5],[-120.68,69.52],[-120.66,69.51],[-120.54,69.47],[-120.29,69.41],[-120.12,69.39],[-120,69.37],[-119.83,69.37],[-119.59,69.36],[-119.32,69.32],[-118.98,69.27],[-118.79,69.24],[-118.74,69.2],[-118.62,69.14],[-118.23,69.04],[-117.84,68.98],[-117.35,68.93],[-117.19,68.9],[-117.03,68.92],[-116.84,68.89],[-116.65,68.91],[-116.13,68.82],[-116.06,68.81],[-116.02,68.82],[-116.04,68.85],[-116.15,68.88],[-116.21,68.93],[-116.36,68.96],[-116.37,68.99],[-116.21,69],[-116,68.97],[-115.94,68.97],[-115.92,69.02],[-115.86,69.03],[-115.69,69],[-115.57,68.98],[-115.52,68.95],[-115.3,68.92],[-115.18,68.88],[-115.08,68.87],[-114.97,68.84],[-114.81,68.78],[-114.67,68.75],[-114.42,68.59],[-114.28,68.56],[-114.23,68.53],[-114.13,68.4],[-114.01,68.41],[-114,68.39],[-114.05,68.32],[-114.03,68.27],[-114.09,68.25],[-114.15,68.25],[-114.28,68.25],[-114.4,68.23],[-114.56,68.27],[-114.77,68.24],[-114.83,68.24],[-114.88,68.26],[-114.94,68.25],[-114.93,68.23],[-114.86,68.19],[-114.89,68.18],[-115.06,68.16],[-115.23,68.16],[-115.29,68.15],[-115.23,68.1],[-115.28,68.06],[-115.23,68.02],[-115.24,68],[-115.28,67.99],[-115.34,67.98],[-115.57,67.95],[-115.58,67.94],[-115.52,67.88],[-115.33,67.84],[-115.19,67.79],[-114.68,67.8],[-114.52,67.78],[-114.27,67.73],[-113.98,67.72],[-113.79,67.69],[-113.23,67.7],[-113.01,67.68],[-112.63,67.69],[-112.41,67.71],[-112.33,67.75],[-112.08,67.77],[-112,67.76],[-111.92,67.66],[-111.86,67.69],[-111.87,67.76],[-111.77,67.77],[-111.65,67.75],[-111.53,67.77],[-111.48,67.75],[-111.42,67.75],[-111.37,67.77],[-111.37,67.8],[-111.32,67.83],[-111.22,67.85],[-111.19,67.84],[-111.17,67.79],[-111.14,67.79],[-111.08,67.78],[-110.94,67.8],[-110.7,67.86],[-110.58,67.91],[-110.18,67.99],[-110.08,68.03],[-110.02,68.03],[-109.99,68.02],[-109.96,67.97],[-109.98,67.92],[-109.96,67.89],[-109.9,67.88],[-109.86,67.92],[-109.81,67.93],[-109.78,67.92],[-109.6,67.73],[-109.54,67.72],[-109.41,67.79],[-109.38,67.79],[-109.24,67.76],[-109.13,67.76],[-109.06,67.74],[-109.01,67.7],[-108.94,67.59],[-108.95,67.5],[-108.93,67.46],[-108.86,67.44],[-108.84,67.42],[-108.77,67.42],[-108.73,67.44],[-108.69,67.63],[-108.64,67.66],[-108.61,67.66],[-108.55,67.58],[-108.53,67.47],[-108.48,67.4],[-108.41,67.39],[-108.37,67.44],[-108.29,67.45],[-108.08,67.36],[-107.94,67.28],[-107.89,67.24],[-107.84,67.16],[-107.84,67.12],[-107.88,67.1],[-107.98,67.1],[-108.12,67.08],[-108.16,67.09],[-108.27,67.08],[-108.45,67.15],[-108.51,67.17],[-108.56,67.16],[-108.47,67.09],[-108.38,67.07],[-108.33,67.02],[-108.2,67],[-108.11,66.93],[-108.08,66.86],[-107.88,66.82],[-107.84,66.76],[-107.86,66.73],[-107.84,66.7],[-107.73,66.71],[-107.66,66.67],[-107.62,66.6],[-107.53,66.57],[-107.31,66.4],[-107.24,66.37],[-107.17,66.38],[-107.18,66.4],[-107.22,66.43],[-107.38,66.52],[-107.43,66.57],[-107.46,66.58],[-107.5,66.66],[-107.66,66.73],[-107.68,66.75],[-107.64,66.81],[-107.65,66.89],[-107.71,66.98],[-107.69,67],[-107.63,67.03],[-107.66,67.08],[-107.59,67.09],[-107.54,67.06],[-107.5,66.97],[-107.58,66.92],[-107.5,66.86],[-107.46,66.85],[-107.4,66.86],[-107.44,66.91],[-107.41,66.96],[-107.37,66.97],[-107.33,66.96],[-107.31,66.93],[-107.15,66.86],[-107.12,66.85],[-107.08,66.85],[-107.04,66.87],[-107.06,66.91],[-107.19,67.01],[-107.36,67.06],[-107.34,67.08],[-107.25,67.12],[-107.28,67.17],[-107.46,67.24],[-107.55,67.34],[-107.63,67.38],[-107.66,67.42],[-107.63,67.5],[-107.65,67.54],[-107.73,67.61],[-107.98,67.74],[-108.01,67.79],[-107.99,67.83],[-107.9,67.88],[-107.74,67.92],[-107.67,67.96],[-107.72,68.02],[-107.69,68.04],[-107.35,68.09],[-107.25,68.14],[-107.2,68.14],[-107.17,68.13],[-107.16,68.12],[-107.11,68.11],[-107.06,68.1],[-106.98,68.11],[-106.83,68.13],[-106.78,68.14],[-106.83,68.2],[-106.81,68.21],[-106.71,68.2],[-106.69,68.18],[-106.66,68.18],[-106.64,68.19],[-106.65,68.25],[-106.58,68.24],[-106.48,68.16],[-106.41,68.15],[-106.39,68.16],[-106.4,68.19],[-106.47,68.22],[-106.49,68.26],[-106.48,68.28],[-106.5,68.31],[-106.47,68.35],[-106.35,68.39],[-106.33,68.41],[-106.26,68.4],[-106.25,68.38],[-106.22,68.37],[-106.13,68.4],[-106,68.42],[-105.93,68.43],[-105.83,68.43],[-105.8,68.44],[-105.78,68.45],[-105.8,68.56],[-105.75,68.62],[-105.76,68.64],[-105.8,68.65],[-105.93,68.63],[-105.99,68.64],[-106.07,68.64],[-106.42,68.55],[-106.59,68.54],[-106.57,68.48],[-106.65,68.45],[-106.64,68.43],[-106.6,68.42],[-106.57,68.39],[-106.59,68.35],[-106.63,68.33],[-106.68,68.32],[-106.73,68.34],[-106.82,68.39],[-106.86,68.41],[-106.95,68.39],[-107.09,68.39],[-107.15,68.32],[-107.23,68.28],[-107.59,68.36],[-107.7,68.37],[-107.86,68.36],[-107.91,68.33],[-107.89,68.29],[-107.74,68.26],[-107.73,68.24],[-107.66,68.21],[-107.66,68.19],[-107.73,68.19],[-107.78,68.2],[-107.88,68.19],[-107.93,68.17],[-107.98,68.17],[-108.14,68.2],[-108.33,68.17],[-108.37,68.19],[-108.39,68.23],[-108.45,68.24],[-108.46,68.27],[-108.39,68.3],[-108.41,68.34],[-108.48,68.35],[-108.58,68.35],[-108.67,68.3],[-108.74,68.29],[-108.77,68.31],[-108.76,68.34],[-108.7,68.38],[-108.44,68.54],[-108.42,68.58],[-108.32,68.62],[-108.14,68.64],[-107.81,68.65],[-107.33,68.69],[-106.95,68.77],[-106.82,68.81],[-106.67,68.83],[-106.45,68.89],[-106.3,68.91],[-106.21,68.95],[-106.13,68.95],[-106,68.9],[-105.93,68.88],[-105.83,68.88],[-105.75,68.85],[-105.53,68.73],[-105.49,68.62],[-105.43,68.59],[-105.4,68.5],[-105.3,68.47],[-105.29,68.45],[-105.37,68.44],[-105.49,68.44],[-105.51,68.41],[-105.2,68.34],[-105.16,68.29],[-105.08,68.27],[-105.02,68.27],[-104.99,68.3],[-104.91,68.31],[-104.84,68.3],[-104.83,68.28],[-104.89,68.26],[-104.89,68.23],[-104.85,68.22],[-104.72,68.23],[-104.65,68.22],[-104.6,68.13],[-104.38,68.02],[-104.32,68.03],[-104.21,68.05],[-104.02,68.04],[-103.95,68.05],[-103.88,68.03],[-103.81,68.03],[-103.67,68.09],[-103.52,68.09],[-103.48,68.11],[-103.5,68.15],[-103.44,68.17],[-103.38,68.16],[-103.36,68.15],[-103.3,68.04],[-103.09,67.98],[-103.06,67.93],[-103.02,67.92],[-102.98,67.95],[-102.92,67.96],[-102.79,67.9],[-102.71,67.83],[-102.66,67.82],[-102.52,67.81],[-102.41,67.79],[-102.36,67.76],[-102.25,67.74],[-102.16,67.78],[-102.04,67.78],[-102,67.82],[-101.97,67.83],[-101.94,67.82],[-101.92,67.82],[-101.89,67.79],[-101.83,67.77],[-101.82,67.75],[-101.76,67.73],[-101.65,67.73],[-101.53,67.7],[-101.45,67.71],[-101.43,67.72],[-101.44,67.75],[-101.41,67.76],[-101.28,67.75],[-101.18,67.82],[-101.12,67.82],[-101.09,67.78],[-101.01,67.78],[-100.94,67.82],[-100.86,67.84],[-100.78,67.87],[-100.73,67.88],[-100.7,67.87],[-100.68,67.83],[-100.64,67.82],[-100.57,67.83],[-100.48,67.87],[-100.41,67.87],[-100.36,67.87],[-100.23,67.83],[-99.72,67.85],[-99.52,67.82],[-99.31,67.76],[-99.08,67.75],[-98.99,67.75],[-98.94,67.78],[-98.83,67.79],[-98.74,67.82],[-98.65,67.82],[-98.59,67.8],[-98.47,67.8],[-98.43,67.83],[-98.45,67.89],[-98.69,67.97],[-98.76,68.01],[-98.75,68.08],[-98.72,68.1],[-98.66,68.1],[-98.56,68.07],[-98.42,67.98],[-98.31,67.88],[-98.14,67.76],[-98.03,67.73],[-97.92,67.72],[-97.68,67.63],[-97.58,67.62],[-97.44,67.63],[-97.12,67.69],[-97.06,67.7],[-97.06,67.72],[-97.12,67.74],[-97.17,67.74],[-97.23,67.76],[-97.24,67.87],[-97.28,67.97],[-97.34,67.96],[-97.34,67.94],[-97.38,67.92],[-97.45,67.92],[-97.55,67.94],[-97.71,68.02],[-97.78,68.02],[-98.06,67.96],[-98.12,67.94],[-98.12,67.87],[-98.18,67.89],[-98.3,68],[-98.55,68.14],[-98.55,68.19],[-98.47,68.18],[-98.38,68.14],[-98.33,68.15],[-98.34,68.19],[-98.72,68.38],[-98.73,68.4],[-98.66,68.41],[-98.55,68.36],[-98.49,68.36],[-98.49,68.41],[-98.46,68.42],[-98.4,68.42],[-98.26,68.38],[-98.2,68.34],[-98.15,68.33],[-98.07,68.34],[-97.99,68.38],[-97.86,68.4],[-97.73,68.39],[-97.71,68.41],[-97.71,68.43],[-97.89,68.49],[-97.94,68.52],[-97.94,68.55],[-97.9,68.58],[-97.81,68.58],[-97.62,68.53],[-97.23,68.46],[-97.07,68.41],[-97.04,68.37],[-97.03,68.3],[-96.98,68.28],[-96.9,68.28],[-96.79,68.3],[-96.64,68.29],[-96.56,68.35],[-96.51,68.35],[-96.48,68.34],[-96.49,68.23],[-96.61,68.14],[-96.73,68.09],[-96.74,68.05],[-96.72,68.04],[-96.6,68.07],[-96.49,68.07],[-96.45,68.09],[-96.45,68.15],[-96.44,68.18],[-96.35,68.22],[-96.29,68.23],[-96.26,68.23],[-96.11,68.25],[-95.97,68.31],[-95.93,68.31],[-95.93,68.27],[-96.04,68.19],[-96.11,68.05],[-96.19,67.97],[-96.25,67.88],[-96.29,67.78],[-96.22,67.62],[-96.26,67.61],[-96.31,67.63],[-96.34,67.64],[-96.37,67.71],[-96.41,67.71],[-96.43,67.69],[-96.43,67.6],[-96.49,67.53],[-96.49,67.51],[-96.44,67.49],[-96.36,67.49],[-96.31,67.45],[-96.28,67.44],[-96.18,67.44],[-96.16,67.43],[-96.16,67.39],[-96.25,67.28],[-96.17,67.25],[-96.11,67.24],[-96.05,67.22],[-96.01,67.24],[-96,67.28],[-95.98,67.3],[-95.86,67.34],[-95.86,67.37],[-95.84,67.38],[-95.81,67.38],[-95.75,67.36],[-95.69,67.36],[-95.65,67.37],[-95.57,67.36],[-95.56,67.3],[-95.77,67.23],[-95.81,67.2],[-95.75,67.2],[-95.68,67.22],[-95.55,67.22],[-95.51,67.21],[-95.47,67.09],[-95.45,67.05],[-95.41,67],[-95.4,66.99],[-95.44,66.97],[-95.45,66.97],[-95.5,66.97],[-95.52,66.97],[-95.69,66.99],[-95.78,66.97],[-95.84,66.97],[-95.9,67],[-95.97,67.05],[-96.01,67.04],[-96.02,67],[-96.07,66.99],[-96.19,67.03],[-96.33,67.08],[-96.39,67.08],[-96.43,67.06],[-96.35,67],[-95.9,66.78],[-95.86,66.75],[-95.75,66.71],[-95.71,66.73],[-95.72,66.74],[-95.73,66.75],[-95.98,66.88],[-96,66.93],[-95.98,66.94],[-95.9,66.94],[-95.71,66.91],[-95.3,66.9],[-95.22,66.93],[-95.21,66.94],[-95.23,67],[-95.26,67.04],[-95.25,67.07],[-95.29,67.1],[-95.3,67.19],[-95.24,67.28],[-95.24,67.33],[-95.41,67.47],[-95.36,67.52],[-95.37,67.56],[-95.63,67.66],[-95.71,67.72],[-95.72,67.75],[-95.63,67.83],[-95.63,67.92],[-95.57,67.98],[-95.57,68.05],[-95.51,68.08],[-95.39,68.08],[-95.3,68.05],[-95.25,68.06],[-95.19,68.06],[-94.99,68],[-94.77,68],[-94.69,68.02],[-94.57,68.12],[-94.45,68.18],[-94.16,68.22],[-94.1,68.25],[-94.06,68.3],[-94.02,68.39],[-93.98,68.44],[-93.68,68.56],[-93.49,68.61],[-93.49,68.65],[-93.56,68.69],[-93.56,68.73],[-93.52,68.76],[-93.53,68.83],[-93.56,68.84],[-93.54,69],[-93.69,69.05],[-93.69,69.11],[-93.71,69.11],[-93.76,69.11],[-93.79,69.11],[-93.96,68.97],[-93.96,68.93],[-93.91,68.92],[-93.83,68.95],[-93.75,68.95],[-93.73,68.91],[-93.98,68.79],[-94.06,68.77],[-94.12,68.77],[-94.29,68.79],[-94.37,68.8],[-94.39,68.8],[-94.46,68.82],[-94.44,68.96],[-94.47,69.02],[-94.32,69.02],[-94.27,69.06],[-94.14,69.08],[-94.01,69.14],[-94.04,69.17],[-94.13,69.16],[-94.18,69.16],[-94.23,69.17],[-94.18,69.3],[-94.15,69.33],[-94.07,69.37],[-93.83,69.39],[-93.64,69.47],[-93.54,69.47],[-93.54,69.45],[-93.74,69.33],[-93.79,69.27],[-93.79,69.21],[-93.72,69.19],[-93.64,69.21],[-93.58,69.28],[-93.47,69.35],[-93.35,69.37],[-93.31,69.39],[-93.38,69.4],[-93.43,69.41],[-93.38,69.47],[-93.38,69.5],[-93.38,69.52],[-93.46,69.57],[-93.56,69.56],[-94.04,69.48],[-94.18,69.47],[-94.31,69.49],[-94.41,69.54],[-94.51,69.67],[-94.61,69.71],[-94.69,69.69],[-94.69,69.67],[-94.64,69.64],[-94.63,69.61],[-94.69,69.58],[-94.8,69.58],[-95.3,69.7],[-95.67,69.83],[-95.79,69.83],[-95.82,69.82],[-95.98,69.83],[-96.1,69.88],[-96.17,69.96],[-96.33,70.02],[-96.47,70.09],[-96.56,70.17],[-96.63,70.2],[-96.68,70.27],[-96.69,70.36],[-96.45,70.49],[-96.43,70.51],[-96.44,70.58],[-96.42,70.59],[-96.22,70.61],[-96.17,70.67],[-96,70.73],[-96.02,70.75],[-96.09,70.75],[-96.27,70.68],[-96.35,70.67],[-96.4,70.69],[-96.45,70.74],[-96.59,70.79],[-96.67,70.83],[-96.7,70.91],[-96.63,71],[-96.64,71.06],[-96.54,71.12],[-96.54,71.13],[-96.61,71.15],[-96.66,71.17],[-96.65,71.2],[-96.56,71.26],[-96.59,71.35],[-96.4,71.38],[-96.26,71.44],[-96.13,71.45],[-96.03,71.44],[-95.92,71.41],[-95.9,71.36],[-95.84,71.33],[-95.66,71.31],[-95.61,71.32],[-95.61,71.36],[-95.5,71.39],[-95.5,71.41],[-95.6,71.45],[-95.59,71.49],[-95.48,71.52],[-95.32,71.54],[-95.23,71.56],[-95.27,71.57],[-95.38,71.57],[-95.61,71.53],[-95.77,71.53],[-95.95,71.58],[-95.99,71.62],[-95.64,71.74],[-95.38,71.75],[-95.33,71.77],[-95.29,71.84],[-95.21,71.88],[-95.21,71.89],[-95.3,71.92],[-95.3,71.94],[-95.21,71.98],[-95.08,72.01],[-94.68,72.05],[-94.48,72.05],[-94.38,71.99],[-94.33,71.93],[-94.43,71.87],[-94.48,71.85],[-94.48,71.82],[-94.44,71.81],[-94.31,71.86],[-94.25,71.86],[-94.22,71.85],[-94.24,71.78],[-94.19,71.76],[-94.08,71.81],[-93.95,71.81],[-93.9,71.83],[-93.83,71.83],[-93.63,71.77],[-93.67,71.68],[-93.42,71.63],[-93.27,71.57],[-93.19,71.51],[-93.16,71.46],[-92.92,71.35],[-92.83,71.15],[-92.72,71.08],[-92.72,71.06],[-92.8,71.02],[-92.8,71.01],[-92.7,70.97],[-92.7,70.95],[-92.75,70.94],[-92.87,70.92],[-92.86,70.89],[-92.77,70.86],[-92.67,70.86],[-92.6,70.85],[-92.55,70.76],[-92.5,70.74],[-92.32,70.73],[-92.26,70.7],[-92.26,70.68],[-92.22,70.67],[-92.07,70.67],[-92.05,70.64],[-92.06,70.61],[-92.16,70.56],[-92.16,70.54],[-92.05,70.52],[-92,70.47],[-91.86,70.44],[-91.85,70.4],[-91.9,70.34],[-91.86,70.32],[-91.83,70.32],[-91.77,70.33],[-91.68,70.37],[-91.61,70.37],[-91.59,70.29],[-91.53,70.27],[-91.42,70.25],[-91.37,70.23],[-91.37,70.21],[-91.41,70.2],[-91.57,70.19],[-91.74,70.15],[-91.85,70.15],[-91.93,70.16],[-92.12,70.25],[-92.28,70.25],[-92.32,70.23],[-92.29,70.19],[-92.31,70.13],[-91.97,70.11],[-91.92,70.08],[-91.93,70.06],[-92.25,69.92],[-92.34,69.9],[-92.54,69.83],[-92.74,69.79],[-92.71,69.77],[-92.62,69.77],[-92.59,69.74],[-92.67,69.73],[-92.83,69.73],[-92.85,69.71],[-92.83,69.7],[-92.6,69.69],[-92.53,69.7],[-92.47,69.72],[-92.2,69.72],[-92.18,69.72],[-92.13,69.7],[-92.15,69.64],[-92,69.6],[-91.87,69.56],[-91.82,69.55],[-91.7,69.57],[-91.6,69.64],[-91.45,69.69],[-91.35,69.72],[-91.26,69.72],[-91.18,69.69],[-91.17,69.64],[-91.31,69.61],[-91.43,69.6],[-91.46,69.58],[-91.44,69.57],[-91.35,69.57],[-91.24,69.59],[-91.13,69.6],[-91.03,69.59],[-90.84,69.55],[-90.69,69.54],[-90.61,69.55],[-90.52,69.59],[-90.46,69.59],[-90.28,69.52],[-90.28,69.49],[-90.36,69.47],[-90.53,69.49],[-90.65,69.48],[-90.67,69.42],[-90.74,69.39],[-90.73,69.29],[-90.75,69.28],[-90.87,69.28],[-90.93,69.3],[-90.95,69.31],[-90.93,69.37],[-90.96,69.39],[-91.01,69.39],[-91.15,69.33],[-91.16,69.3],[-91.01,69.27],[-90.93,69.24],[-90.84,69.15],[-90.77,69.12],[-90.66,69.11],[-90.59,69.08],[-90.55,69],[-90.43,68.94],[-90.43,68.9],[-90.37,68.8],[-90.49,68.59],[-90.5,68.52],[-90.48,68.49],[-90.42,68.46],[-90.3,68.46],[-90.27,68.44],[-90.26,68.38],[-90.22,68.34],[-90.16,68.31],[-90.1,68.31],[-90.05,68.32],[-90.05,68.35],[-89.92,68.39],[-89.92,68.43],[-89.81,68.5],[-89.82,68.56],[-89.89,68.61],[-89.89,68.83],[-89.84,68.85],[-89.8,68.85],[-89.77,68.83],[-89.77,68.72],[-89.73,68.63],[-89.66,68.61],[-89.61,68.63],[-89.58,68.79],[-89.62,68.92],[-89.59,69.04],[-89.53,69.09],[-89.27,69.17],[-89.08,69.26],[-89.04,69.27],[-88.96,69.27],[-88.82,69.2],[-88.77,69.14],[-88.68,69.1],[-88.52,69.08],[-88.21,68.95],[-88,68.85],[-87.87,68.75],[-87.86,68.67],[-87.72,68.4],[-87.72,68.33],[-87.78,68.23],[-87.85,68.2],[-87.92,68.19],[-88,68.21],[-88.06,68.23],[-88.04,68.37],[-88.09,68.39],[-88.15,68.39],[-88.22,68.36],[-88.25,68.24],[-88.19,68.12],[-88.2,68.08],[-88.28,67.97],[-88.3,67.9],[-88.2,67.77],[-88.12,67.71],[-87.78,67.56],[-87.64,67.42],[-87.56,67.36],[-87.34,67.25],[-87.32,67.23],[-87.35,67.15],[-87.29,67.12],[-87.25,67.11],[-87.03,67.24],[-87.03,67.28],[-87.07,67.3],[-87.08,67.31],[-86.92,67.36],[-86.61,67.37],[-86.56,67.39],[-86.51,67.56],[-86.35,67.83],[-86.1,67.99],[-85.93,68.02],[-85.86,68.05],[-85.85,68.13],[-85.79,68.15],[-85.78,68.19],[-85.83,68.23],[-85.82,68.25],[-85.65,68.45],[-85.62,68.56],[-85.65,68.65],[-85.61,68.69],[-85.5,68.72],[-85.48,68.76],[-85.44,68.77],[-85.35,68.77],[-85.25,68.74],[-85.18,68.76],[-85.07,68.76],[-84.99,68.73],[-84.89,68.72],[-84.72,68.74],[-84.68,68.78],[-84.77,68.83],[-85.07,68.85],[-85.12,68.86],[-85.11,68.88],[-85.06,68.89],[-85.03,68.89],[-85.02,68.91],[-85.03,68.92],[-85.02,68.94],[-84.97,68.95],[-84.93,68.95],[-84.89,68.95],[-84.87,68.96],[-84.88,68.98],[-84.9,68.99],[-84.92,69],[-84.92,69.01],[-84.91,69.03],[-84.87,69.02],[-84.83,69.01],[-84.8,69],[-84.78,68.99],[-84.73,68.99],[-84.7,68.99],[-84.63,69],[-84.6,69.03],[-84.8,69.08],[-84.95,69.11],[-85.08,69.15],[-85.17,69.15],[-85.45,69.29],[-85.41,69.35],[-85.44,69.38],[-85.36,69.43],[-85.5,69.48],[-85.44,69.59],[-85.51,69.64],[-85.46,69.7],[-85.49,69.73],[-85.48,69.76],[-85.39,69.78],[-85.39,69.8],[-85.52,69.83],[-85.55,69.84],[-85.54,69.87],[-85.3,69.86],[-85.2,69.82],[-85.11,69.8],[-84.96,69.83],[-84.75,69.88],[-84.59,69.9],[-84.38,69.9],[-84.27,69.88],[-84.13,69.85],[-83.89,69.77],[-83.71,69.73],[-83.52,69.72],[-83.19,69.76],[-82.83,69.74],[-82.67,69.75],[-82.33,69.72],[-82.31,69.68],[-82.39,69.66],[-82.46,69.66],[-82.5,69.67],[-82.61,69.67],[-82.66,69.62],[-82.58,69.59],[-82.61,69.55],[-82.67,69.55],[-82.84,69.56],[-83.05,69.61],[-83.2,69.61],[-83.22,69.59],[-83.16,69.56],[-83.01,69.53],[-82.82,69.52],[-82.53,69.47],[-82.38,69.44],[-82.32,69.4],[-82.22,69.37],[-82.26,69.3],[-82.23,69.28],[-82.17,69.28],[-82.09,69.31],[-81.97,69.3],[-81.89,69.32],[-81.8,69.32],[-81.69,69.29],[-81.62,69.26],[-81.5,69.25],[-81.42,69.22],[-81.44,69.16],[-81.42,69.13],[-81.49,69.1],[-81.67,69.07],[-81.8,68.98],[-81.89,68.95],[-81.92,68.93],[-81.9,68.92],[-81.82,68.91],[-81.73,68.92],[-81.63,68.92],[-81.51,68.88],[-81.45,68.88],[-81.38,68.89],[-81.28,68.88],[-81.23,68.83],[-81.23,68.64],[-81.26,68.62],[-81.6,68.54],[-81.76,68.54],[-81.78,68.5],[-81.76,68.49],[-81.78,68.46],[-81.94,68.44],[-82,68.47],[-82.03,68.51],[-82.09,68.54],[-82.16,68.55],[-82.19,68.54],[-82.28,68.48],[-82.49,68.5],[-82.55,68.49],[-82.56,68.47],[-82.53,68.45],[-82.54,68.43],[-82.52,68.42],[-82.38,68.41],[-82.3,68.39],[-82.1,68.37],[-81.98,68.35],[-81.95,68.33],[-81.95,68.31],[-82.03,68.3],[-82.14,68.31],[-82.25,68.33],[-82.33,68.34],[-82.38,68.33],[-82.4,68.3],[-82.37,68.27],[-82.29,68.26],[-82.22,68.22],[-82.25,68.14],[-82.22,68.11],[-82.16,68.11],[-82.11,68.12],[-82.02,68.18],[-81.94,68.18],[-81.91,68.17],[-81.93,68.11],[-82.06,68.03],[-82.08,67.97],[-81.97,67.89],[-81.87,67.84],[-81.79,67.82],[-81.68,67.76],[-81.26,67.52],[-81.22,67.48],[-81.23,67.45],[-81.31,67.36],[-81.35,67.34],[-81.39,67.27],[-81.38,67.16],[-81.42,67.12],[-81.48,67.08],[-81.61,67.02],[-81.7,67],[-81.9,66.98],[-81.95,66.97],[-82.03,66.87],[-82.19,66.72],[-82.27,66.69],[-82.39,66.67],[-82.46,66.65],[-82.51,66.62],[-82.64,66.58],[-82.76,66.56],[-83.01,66.46],[-83.36,66.35],[-83.41,66.36],[-83.49,66.38],[-83.5,66.48],[-83.58,66.53],[-83.86,66.56],[-83.98,66.61],[-83.99,66.66],[-83.88,66.77],[-83.87,66.83],[-83.89,66.86],[-83.94,66.87],[-83.96,66.86],[-84.03,66.79],[-84.11,66.75],[-84.19,66.73],[-84.23,66.75],[-84.24,66.8],[-84.35,66.83],[-84.37,66.92],[-84.5,67],[-84.57,67.01],[-84.7,67],[-84.83,66.97],[-85,66.97],[-85.06,66.95],[-85.17,66.86],[-85.18,66.83],[-85.14,66.81],[-85.07,66.82],[-85.01,66.87],[-84.93,66.83],[-84.87,66.83],[-84.85,66.83],[-84.85,66.9],[-84.8,66.92],[-84.69,66.93],[-84.57,66.92],[-84.54,66.9],[-84.55,66.85],[-84.53,66.82],[-84.39,66.77],[-84.38,66.71],[-84.34,66.7],[-84.2,66.69],[-84.17,66.67],[-84.15,66.59],[-84.05,66.53],[-83.94,66.52],[-83.83,66.47],[-83.79,66.43],[-83.78,66.37],[-83.65,66.27],[-83.65,66.22],[-83.7,66.19],[-83.74,66.18],[-83.78,66.18],[-83.83,66.2],[-83.83,66.22],[-83.86,66.24],[-84.02,66.28],[-84.11,66.33],[-84.17,66.33],[-84.21,66.31],[-84.28,66.31],[-84.38,66.37],[-84.47,66.38],[-84.5,66.34],[-84.48,66.32],[-84.36,66.25],[-84.34,66.21],[-84.34,66.19],[-84.38,66.19],[-84.6,66.23],[-84.83,66.24],[-84.98,66.28],[-85.06,66.28],[-85.1,66.27],[-85.17,66.28],[-85.24,66.32],[-85.22,66.41],[-85.31,66.56],[-85.34,66.57],[-85.44,66.57],[-85.64,66.52],[-85.72,66.51],[-86.03,66.52],[-86.12,66.54],[-86.19,66.55],[-86.25,66.52],[-86.3,66.52],[-86.38,66.55],[-86.48,66.55],[-86.54,66.54],[-86.69,66.56],[-86.71,66.54],[-86.67,66.49],[-86.69,66.47],[-86.78,66.44],[-86.77,66.38],[-86.6,66.33],[-86.16,66.28],[-86,66.24],[-85.93,66.19],[-85.96,66.13],[-86.01,66.07],[-86.14,65.99],[-86.23,65.96],[-86.38,65.94],[-86.47,65.9],[-86.49,65.85],[-86.45,65.8],[-86.46,65.76],[-86.51,65.73],[-86.89,65.55],[-87.16,65.39],[-87.24,65.36],[-87.34,65.34],[-87.62,65.33],[-87.98,65.34],[-88.17,65.37],[-88.27,65.4],[-88.34,65.43],[-88.44,65.52],[-88.55,65.58],[-88.63,65.59],[-88.82,65.61],[-88.84,65.62],[-88.84,65.64],[-88.8,65.65],[-88.53,65.64],[-88.51,65.65],[-88.5,65.67],[-88.52,65.68],[-88.71,65.69],[-88.94,65.7],[-89.07,65.72],[-89.29,65.81],[-89.52,65.88],[-89.75,65.98],[-89.8,65.98],[-89.82,65.95],[-89.9,65.95],[-89.92,65.94],[-89.92,65.92],[-89.72,65.84],[-89.72,65.83],[-89.74,65.82],[-89.91,65.83],[-90.18,65.89],[-90.38,65.89],[-90.39,65.91],[-90.37,65.92],[-90.23,65.93],[-90.23,65.95],[-90.25,65.96],[-90.58,65.96],[-90.72,65.97],[-90.76,65.97],[-90.83,65.97],[-90.86,65.98],[-90.93,65.98],[-90.97,65.98],[-90.99,65.97],[-90.98,65.96],[-90.95,65.95],[-90.93,65.94],[-90.89,65.94],[-90.85,65.94],[-90.76,65.93],[-90.74,65.93],[-90.62,65.92],[-90.52,65.88],[-90.43,65.86],[-90.06,65.8],[-89.81,65.74],[-89.62,65.66],[-89.57,65.61],[-89.52,65.58],[-89.4,65.55],[-89.29,65.5],[-89.24,65.43],[-89.05,65.33],[-88.98,65.31],[-88.67,65.27],[-88.2,65.26],[-88.03,65.24],[-87.07,65.22],[-86.95,65.19],[-86.98,65.11],[-87.06,65.04],[-87.09,64.97],[-87.2,64.86],[-87.26,64.77],[-87.32,64.75],[-87.42,64.75],[-87.44,64.74],[-87.45,64.68],[-87.51,64.61],[-87.67,64.54],[-87.74,64.49],[-87.8,64.39],[-87.96,64.29],[-87.99,64.21],[-88.03,64.18],[-88.1,64.15],[-88.48,64.03],[-88.63,63.97],[-88.84,63.97],[-89.01,63.99],[-89.02,63.95],[-89.05,63.94],[-89.11,63.94],[-89.17,63.97],[-89.34,64],[-89.48,64],[-89.5,64],[-89.49,64.04],[-89.51,64.05],[-89.58,64.03],[-89.61,64.03],[-89.74,64.14],[-89.74,64.16],[-89.66,64.21],[-89.67,64.24],[-89.73,64.25],[-89.77,64.24],[-89.79,64.23],[-89.81,64.19],[-89.86,64.17],[-89.9,64.17],[-89.94,64.15],[-89.9,64.13],[-89.9,64.07],[-89.78,64.01],[-89.75,63.95],[-89.78,63.94],[-89.83,63.94],[-89.95,64],[-90.16,64.04],[-90.23,64.04],[-90.24,64.01],[-90.2,63.98],[-90.03,63.9],[-90,63.88],[-90,63.83],[-90.05,63.82],[-90.06,63.78],[-90.12,63.76],[-90.14,63.72],[-90.2,63.67],[-90.38,63.65],[-90.47,63.66],[-90.46,63.72],[-90.51,63.75],[-90.61,63.75],[-90.63,63.74],[-90.63,63.72],[-90.57,63.7],[-90.57,63.69],[-90.59,63.67],[-90.66,63.68],[-90.76,63.68],[-90.97,63.66],[-91.08,63.66],[-91.33,63.71],[-91.43,63.77],[-91.56,63.78],[-91.66,63.81],[-91.92,63.81],[-91.98,63.82],[-92.2,63.82],[-92.3,63.85],[-92.32,63.85],[-92.4,63.86],[-92.5,63.93],[-92.64,63.91],[-92.73,63.95],[-92.91,63.97],[-92.98,64.01],[-93.14,64.01],[-93.25,64.06],[-93.41,64.07],[-93.52,64.1],[-93.55,64.12],[-93.57,64.13],[-93.6,64.15],[-93.63,64.17],[-93.66,64.18],[-93.71,64.18],[-93.73,64.18],[-93.76,64.17],[-93.75,64.15],[-93.7,64.12],[-93.68,64.11],[-93.65,64.09],[-93.63,64.08],[-93.59,64.07],[-93.59,64.06],[-93.6,64.05],[-93.64,64.05],[-93.67,64.05],[-93.7,64.06],[-93.75,64.06],[-93.78,64.06],[-93.8,64.05],[-93.8,64.03],[-93.78,64.02],[-93.75,64.01],[-93.66,63.98],[-93.55,63.93],[-93.49,63.9],[-93.46,63.88],[-93.42,63.88],[-93.38,63.88],[-93.37,63.9],[-93.39,63.92],[-93.43,63.95],[-93.43,63.97],[-93.36,64.01],[-93.31,64.02],[-93.23,63.99],[-93.14,63.93],[-93.02,63.9],[-92.89,63.88],[-92.78,63.88],[-92.62,63.82],[-92.48,63.83],[-92.36,63.8],[-92.35,63.8],[-92.26,63.8],[-92.15,63.77],[-92.13,63.76],[-92.14,63.73],[-92.27,63.69],[-92.33,63.64],[-92.44,63.61],[-92.45,63.59],[-92.42,63.58],[-92.31,63.58],[-92.27,63.59],[-92.21,63.64],[-92.16,63.66],[-92.09,63.66],[-91.95,63.73],[-91.88,63.74],[-91.75,63.74],[-91.68,63.72],[-91.62,63.69],[-91.66,63.63],[-91.61,63.61],[-91.49,63.59],[-91.39,63.54],[-91.2,63.53],[-91.11,63.51],[-90.91,63.49],[-90.83,63.44],[-90.72,63.41],[-90.74,63.31],[-90.68,63.23],[-90.63,63.09],[-90.65,63.01],[-90.73,62.96],[-90.81,62.94],[-90.91,62.96],[-91,62.96],[-91.15,62.89],[-91.26,62.87],[-91.38,62.82],[-91.42,62.81],[-91.54,62.82],[-91.69,62.87],[-91.93,62.88],[-92,62.89],[-92.07,62.89],[-92.08,62.85],[-92.13,62.83],[-92.16,62.82],[-92.21,62.82],[-92.24,62.83],[-92.26,62.84],[-92.28,62.84],[-92.29,62.85],[-92.35,62.86],[-92.38,62.85],[-92.37,62.81],[-92.2,62.72],[-92.07,62.69],[-91.83,62.68],[-91.8,62.65],[-91.84,62.6],[-91.97,62.56],[-92.05,62.57],[-92.11,62.59],[-92.19,62.59],[-92.28,62.56],[-92.37,62.55],[-92.47,62.59],[-92.53,62.59],[-92.53,62.57],[-92.43,62.48],[-92.4,62.47],[-92.27,62.47],[-92.2,62.44],[-92.12,62.44],[-92.09,62.4],[-92.12,62.39],[-92.2,62.38],[-92.27,62.39],[-92.32,62.41],[-92.53,62.41],[-92.58,62.43],[-92.56,62.46],[-92.57,62.51],[-92.59,62.52],[-92.66,62.52],[-92.68,62.51],[-92.68,62.44],[-92.74,62.42],[-92.75,62.4],[-92.7,62.37],[-92.54,62.36],[-92.5,62.35],[-92.53,62.2],[-92.58,62.19],[-92.62,62.21],[-92.65,62.3],[-92.71,62.33],[-92.88,62.37],[-93,62.38],[-93.01,62.35],[-92.97,62.33],[-92.79,62.31],[-92.7,62.27],[-92.69,62.26],[-92.7,62.22],[-92.76,62.21],[-92.83,62.24],[-92.92,62.24],[-93.03,62.2],[-93.22,62.2],[-93.2,62.17],[-93.11,62.17],[-93.05,62.14],[-92.96,62.14],[-92.92,62.13],[-92.92,62.11],[-93.04,62.08],[-93.05,62.04],[-93.08,62.02],[-93.16,62.03],[-93.24,62.07],[-93.27,62.06],[-93.27,62.04],[-93.2,62],[-93.19,61.98],[-93.26,61.95],[-93.26,61.92],[-93.28,61.91],[-93.36,61.92],[-93.48,61.98],[-93.5,61.98],[-93.54,61.98],[-93.57,61.97],[-93.56,61.95],[-93.53,61.94],[-93.48,61.91],[-93.5,61.85],[-93.48,61.84],[-93.41,61.85],[-93.31,61.81],[-93.23,61.81],[-93.2,61.78],[-93.22,61.77],[-93.36,61.78],[-93.38,61.77],[-93.38,61.75],[-93.31,61.73],[-93.31,61.71],[-93.44,61.68],[-93.67,61.6],[-93.75,61.57],[-93.78,61.54],[-93.78,61.53]]],[[[-105.96,76],[-105.87,75.99],[-105.69,75.93],[-105.62,75.85],[-105.63,75.71],[-105.66,75.66],[-105.77,75.57],[-105.76,75.44],[-105.84,75.33],[-105.95,75.27],[-105.98,75.22],[-106.15,75.15],[-106.17,75.11],[-106.41,75.08],[-106.77,75.05],[-106.87,75.04],[-107.01,75.01],[-107.2,74.98],[-107.49,74.97],[-107.7,75],[-107.83,75.04],[-107.89,75.1],[-107.96,75.12],[-108.04,75.12],[-108.27,74.99],[-108.33,74.97],[-108.51,74.96],[-108.83,75.02],[-108.87,75.1],[-108.94,75.11],[-109.02,75.1],[-109.42,74.97],[-109.6,74.95],[-109.76,74.9],[-109.88,74.89],[-110,74.88],[-110,75.55],[-109.84,75.54],[-109.49,75.54],[-109.2,75.51],[-109.08,75.51],[-109.03,75.53],[-109.05,75.56],[-109,75.59],[-108.98,75.66],[-109.05,75.73],[-109.2,75.76],[-109.69,75.83],[-109.83,75.89],[-109.9,75.9],[-110,75.9],[-110,75.93],[-109.93,75.93],[-109.67,75.98],[-109.51,76.04],[-109.45,76.12],[-109.51,76.19],[-109.56,76.22],[-109.69,76.25],[-109.99,76.27],[-110,76.27],[-110,76.56],[-109.95,76.58],[-109.96,76.65],[-109.92,76.67],[-109.71,76.7],[-109.58,76.8],[-109.4,76.87],[-109.2,76.89],[-109.01,76.88],[-108.8,76.88],[-108.81,76.82],[-108.67,76.81],[-108.61,76.76],[-108.65,76.72],[-108.81,76.66],[-108.78,76.64],[-108.71,76.63],[-108.58,76.51],[-108.61,76.48],[-108.57,76.45],[-108.41,76.42],[-108.35,76.4],[-108.19,76.31],[-108.3,76.27],[-108.26,76.23],[-108.45,76.18],[-108.38,76.11],[-108.58,76.09],[-108.62,76.07],[-108.6,76.05],[-108.56,76.05],[-108.37,76.05],[-107.92,76.07],[-107.75,76.04],[-107.7,76],[-107.8,75.95],[-108,75.88],[-108.04,75.86],[-108.02,75.84],[-107.98,75.83],[-107.91,75.84],[-107.56,75.93],[-107.38,75.94],[-107.33,75.93],[-107.28,75.91],[-107.22,75.83],[-107.1,75.76],[-107.05,75.66],[-106.97,75.65],[-106.89,75.67],[-106.98,75.74],[-106.96,75.77],[-106.86,75.81],[-106.98,75.84],[-107.01,75.88],[-106.96,75.92],[-107,75.97],[-106.93,76.03],[-106.82,76.07],[-106.66,76.08],[-106.36,76.07],[-105.96,76]]],[[[-104.17,77.06],[-104.23,77.04],[-104.31,77.03],[-104.42,77.05],[-104.44,77.07],[-104.35,77.11],[-104.2,77.12],[-104.15,77.08],[-104.17,77.06]]],[[[-103.95,77.03],[-103.98,77.02],[-104.08,77.02],[-104.13,77.03],[-104.15,77.04],[-104.17,77.06],[-104.08,77.06],[-104.02,77.06],[-103.97,77.05],[-103.95,77.03]]]]}},{"type":"Feature","properties":{"NAME":"Ontario","CODE":"CA08"},"geometry":{"type":"MultiPolygon","coordinates":[[[[-82.05,45.61],[-82.09,45.6],[-82.18,45.61],[-82.28,45.66],[-82.54,45.75],[-82.62,45.77],[-82.77,45.78],[-83.02,45.85],[-83.2,45.88],[-83.22,45.89],[-83.21,45.93],[-83.18,45.94],[-83.03,45.93],[-82.91,45.98],[-82.86,45.98],[-82.84,45.96],[-82.82,45.88],[-82.79,45.86],[-82.63,45.84],[-82.59,45.84],[-82.55,45.81],[-82.53,45.81],[-82.5,45.82],[-82.49,45.85],[-82.54,45.88],[-82.54,45.9],[-82.47,45.92],[-82.44,45.94],[-82.43,45.98],[-82.39,46],[-82.33,45.99],[-82.28,45.93],[-82.21,45.94],[-82.19,45.9],[-82.2,45.87],[-82.18,45.86],[-82.13,45.85],[-82.1,45.87],[-82.08,45.94],[-82.05,45.97],[-81.91,45.96],[-81.88,45.94],[-81.87,45.9],[-81.8,45.85],[-81.78,45.78],[-81.75,45.77],[-81.71,45.78],[-81.68,45.88],[-81.66,45.89],[-81.63,45.89],[-81.61,45.87],[-81.64,45.8],[-81.63,45.79],[-81.58,45.79],[-81.58,45.74],[-81.7,45.64],[-81.72,45.58],[-81.75,45.56],[-81.91,45.53],[-81.94,45.53],[-81.97,45.55],[-81.95,45.59],[-81.82,45.66],[-81.81,45.69],[-81.86,45.69],[-82.01,45.61],[-82.04,45.6],[-82.05,45.61]]],[[[-80.71,52.67],[-80.76,52.68],[-80.82,52.71],[-80.97,52.77],[-81.16,52.82],[-81.26,52.85],[-81.61,52.89],[-81.86,52.95],[-81.9,52.97],[-81.93,53],[-81.91,53.08],[-81.87,53.11],[-81.79,53.16],[-81.61,53.2],[-81.46,53.21],[-81.33,53.21],[-81.11,53.17],[-81.02,53.14],[-80.89,53.07],[-80.83,53.01],[-80.68,52.82],[-80.64,52.79],[-80.64,52.69],[-80.67,52.67],[-80.71,52.67]]],[[[-83.9,46.1],[-83.93,46.1],[-83.94,46.11],[-83.95,46.14],[-84.03,46.23],[-84.03,46.27],[-84.01,46.29],[-83.89,46.27],[-83.87,46.25],[-83.79,46.22],[-83.79,46.17],[-83.83,46.15],[-83.85,46.13],[-83.9,46.1]]],[[[-88.02,48.72],[-88.06,48.74],[-88.06,48.78],[-88.08,48.81],[-88.08,48.84],[-88.05,48.86],[-87.95,48.85],[-87.9,48.84],[-87.85,48.85],[-87.79,48.84],[-87.81,48.76],[-87.93,48.75],[-88.02,48.72]]],[[[-85.88,47.73],[-85.92,47.73],[-85.96,47.75],[-85.96,47.77],[-85.89,47.8],[-85.68,47.8],[-85.64,47.79],[-85.65,47.77],[-85.69,47.75],[-85.88,47.73]]],[[[-83.33,45.99],[-83.32,45.97],[-83.27,45.93],[-83.28,45.9],[-83.32,45.88],[-83.41,45.89],[-83.44,45.9],[-83.43,45.92],[-83.41,45.93],[-83.38,45.98],[-83.35,45.99],[-83.33,45.99]]],[[[-81.93,46.04],[-81.92,46.05],[-81.89,46.06],[-81.72,46.06],[-81.7,46.04],[-81.71,46.01],[-81.91,46.02],[-81.93,46.04]]],[[[-80.13,44.75],[-80.17,44.76],[-80.2,44.79],[-80.2,44.82],[-80.18,44.83],[-80.13,44.82],[-80.08,44.78],[-80.09,44.77],[-80.13,44.75]]],[[[-82.69,45.91],[-82.71,45.91],[-82.72,45.93],[-82.71,45.94],[-82.61,45.95],[-82.58,45.95],[-82.59,45.93],[-82.65,45.92],[-82.69,45.91]]],[[[-89.15,48.22],[-89.18,48.24],[-89.15,48.27],[-89.11,48.27],[-89.09,48.25],[-89.15,48.22]]],[[[-80.26,51.37],[-80.26,51.36],[-80.27,51.34],[-80.31,51.33],[-80.34,51.34],[-80.37,51.34],[-80.37,51.36],[-80.34,51.37],[-80.3,51.38],[-80.26,51.37]]],[[[-86.97,48.66],[-87.02,48.64],[-87.05,48.65],[-87.04,48.66],[-87.01,48.68],[-86.97,48.68],[-86.97,48.66]]],[[[-82.16,46.05],[-82.14,46.04],[-82.14,46.02],[-82.18,46.01],[-82.2,46.03],[-82.19,46.05],[-82.18,46.06],[-82.16,46.05]]],[[[-82.33,46.07],[-82.35,46.07],[-82.36,46.08],[-82.34,46.11],[-82.3,46.1],[-82.3,46.08],[-82.33,46.07]]],[[[-87.46,48.75],[-87.49,48.76],[-87.51,48.76],[-87.52,48.78],[-87.52,48.79],[-87.5,48.79],[-87.46,48.79],[-87.45,48.77],[-87.46,48.75]]],[[[-80.9,44.88],[-80.9,44.87],[-80.91,44.86],[-80.92,44.85],[-80.94,44.85],[-80.95,44.86],[-80.95,44.87],[-80.95,44.88],[-80.92,44.9],[-80.91,44.89],[-80.9,44.88]]],[[[-80.1,44.87],[-80.11,44.85],[-80.12,44.85],[-80.14,44.85],[-80.16,44.86],[-80.16,44.87],[-80.14,44.88],[-80.12,44.89],[-80.1,44.87]]],[[[-84.76,47.32],[-84.78,47.32],[-84.8,47.34],[-84.79,47.36],[-84.75,47.36],[-84.74,47.35],[-84.74,47.33],[-84.76,47.32]]],[[[-80.39,45.51],[-80.41,45.52],[-80.42,45.53],[-80.42,45.55],[-80.36,45.53],[-80.37,45.52],[-80.39,45.51]]],[[[-88.09,48.9],[-88.11,48.91],[-88.11,48.93],[-88.07,48.92],[-88.07,48.91],[-88.09,48.9]]],[[[-79.51,51.42],[-79.51,49.01],[-79.51,48.43],[-79.51,48.36],[-79.51,47.92],[-79.51,47.56],[-79.51,47.55],[-79.52,47.55],[-79.52,47.54],[-79.53,47.53],[-79.54,47.52],[-79.55,47.52],[-79.55,47.51],[-79.55,47.5],[-79.55,47.49],[-79.56,47.49],[-79.56,47.48],[-79.57,47.47],[-79.58,47.46],[-79.58,47.45],[-79.59,47.45],[-79.59,47.44],[-79.59,47.42],[-79.58,47.42],[-79.58,47.41],[-79.57,47.4],[-79.57,47.39],[-79.56,47.39],[-79.55,47.38],[-79.54,47.36],[-79.52,47.35],[-79.51,47.33],[-79.5,47.32],[-79.48,47.3],[-79.47,47.28],[-79.45,47.27],[-79.44,47.26],[-79.44,47.25],[-79.45,47.24],[-79.45,47.23],[-79.45,47.21],[-79.45,47.19],[-79.45,47.16],[-79.45,47.15],[-79.46,47.13],[-79.45,47.11],[-79.45,47.1],[-79.43,47.08],[-79.42,47.07],[-79.42,47.06],[-79.41,47.06],[-79.41,47.05],[-79.4,47.05],[-79.39,47.05],[-79.38,47.03],[-79.36,47.02],[-79.36,47.01],[-79.36,47],[-79.35,46.98],[-79.34,46.98],[-79.34,46.96],[-79.33,46.95],[-79.32,46.94],[-79.31,46.92],[-79.3,46.91],[-79.28,46.89],[-79.25,46.88],[-79.24,46.87],[-79.24,46.86],[-79.24,46.85],[-79.23,46.85],[-79.22,46.84],[-79.21,46.84],[-79.2,46.84],[-79.19,46.83],[-79.18,46.83],[-79.18,46.82],[-79.17,46.81],[-79.16,46.8],[-79.15,46.79],[-79.15,46.78],[-79.14,46.77],[-79.14,46.76],[-79.13,46.75],[-79.13,46.74],[-79.12,46.73],[-79.12,46.72],[-79.11,46.71],[-79.11,46.7],[-79.1,46.7],[-79.1,46.69],[-79.09,46.68],[-79.08,46.67],[-79.08,46.66],[-79.07,46.66],[-79.06,46.65],[-79.05,46.65],[-79.04,46.64],[-79.03,46.64],[-79.03,46.63],[-79.03,46.62],[-79.02,46.62],[-79.02,46.61],[-79.01,46.6],[-79.01,46.59],[-79.01,46.58],[-79.01,46.57],[-79,46.56],[-78.98,46.55],[-78.98,46.54],[-78.98,46.53],[-78.97,46.53],[-78.96,46.52],[-78.95,46.51],[-78.94,46.5],[-78.93,46.5],[-78.93,46.49],[-78.92,46.48],[-78.91,46.47],[-78.9,46.47],[-78.9,46.46],[-78.89,46.46],[-78.88,46.45],[-78.87,46.45],[-78.86,46.44],[-78.85,46.44],[-78.84,46.43],[-78.83,46.43],[-78.82,46.42],[-78.81,46.42],[-78.8,46.41],[-78.79,46.41],[-78.78,46.4],[-78.77,46.4],[-78.76,46.39],[-78.75,46.39],[-78.74,46.39],[-78.73,46.38],[-78.73,46.36],[-78.73,46.35],[-78.73,46.34],[-78.73,46.33],[-78.72,46.33],[-78.72,46.32],[-78.71,46.32],[-78.7,46.32],[-78.69,46.32],[-78.68,46.32],[-78.67,46.32],[-78.65,46.32],[-78.64,46.32],[-78.63,46.31],[-78.62,46.31],[-78.61,46.32],[-78.6,46.32],[-78.59,46.32],[-78.58,46.31],[-78.57,46.31],[-78.56,46.31],[-78.55,46.3],[-78.54,46.3],[-78.53,46.3],[-78.52,46.3],[-78.51,46.3],[-78.5,46.3],[-78.49,46.3],[-78.48,46.29],[-78.47,46.29],[-78.46,46.29],[-78.45,46.29],[-78.44,46.29],[-78.43,46.29],[-78.42,46.29],[-78.41,46.29],[-78.4,46.29],[-78.39,46.29],[-78.38,46.28],[-78.36,46.28],[-78.35,46.27],[-78.34,46.27],[-78.33,46.26],[-78.31,46.26],[-78.3,46.26],[-78.29,46.26],[-78.28,46.27],[-78.27,46.27],[-78.26,46.27],[-78.25,46.28],[-78.24,46.28],[-78.23,46.27],[-78.22,46.27],[-78.21,46.27],[-78.2,46.27],[-78.19,46.27],[-78.18,46.27],[-78.17,46.27],[-78.16,46.27],[-78.14,46.27],[-78.13,46.27],[-78.12,46.27],[-78.11,46.26],[-78.1,46.26],[-78.09,46.25],[-78.07,46.25],[-78.06,46.24],[-78.05,46.24],[-78.04,46.24],[-78.03,46.25],[-78.01,46.25],[-78,46.25],[-77.99,46.25],[-77.98,46.25],[-77.97,46.24],[-77.96,46.24],[-77.95,46.24],[-77.94,46.23],[-77.92,46.23],[-77.91,46.22],[-77.88,46.22],[-77.87,46.22],[-77.86,46.21],[-77.85,46.21],[-77.84,46.21],[-77.83,46.21],[-77.82,46.21],[-77.81,46.2],[-77.8,46.2],[-77.79,46.2],[-77.78,46.19],[-77.77,46.2],[-77.76,46.2],[-77.75,46.2],[-77.74,46.2],[-77.72,46.2],[-77.71,46.19],[-77.7,46.19],[-77.69,46.19],[-77.68,46.19],[-77.68,46.2],[-77.67,46.2],[-77.65,46.19],[-77.64,46.19],[-77.63,46.18],[-77.61,46.17],[-77.6,46.17],[-77.58,46.16],[-77.56,46.16],[-77.55,46.15],[-77.53,46.14],[-77.52,46.14],[-77.5,46.13],[-77.48,46.11],[-77.46,46.1],[-77.45,46.1],[-77.44,46.09],[-77.42,46.09],[-77.41,46.08],[-77.4,46.08],[-77.38,46.07],[-77.37,46.06],[-77.36,46.05],[-77.33,46.04],[-77.32,46.03],[-77.3,46.02],[-77.29,46.02],[-77.29,46.01],[-77.28,46.01],[-77.28,46],[-77.29,45.99],[-77.29,45.97],[-77.3,45.97],[-77.3,45.96],[-77.29,45.95],[-77.28,45.94],[-77.27,45.93],[-77.25,45.92],[-77.24,45.92],[-77.23,45.91],[-77.22,45.9],[-77.22,45.89],[-77.21,45.88],[-77.19,45.87],[-77.18,45.87],[-77.16,45.86],[-77.15,45.86],[-77.14,45.85],[-77.13,45.84],[-77.12,45.84],[-77.11,45.84],[-77.09,45.84],[-77.07,45.83],[-77.06,45.82],[-77.05,45.82],[-77.04,45.82],[-77.03,45.81],[-77.02,45.81],[-77.01,45.8],[-77,45.79],[-77,45.78],[-76.99,45.78],[-76.97,45.78],[-76.95,45.78],[-76.94,45.79],[-76.92,45.8],[-76.91,45.81],[-76.91,45.82],[-76.91,45.83],[-76.92,45.83],[-76.91,45.84],[-76.91,45.85],[-76.9,45.85],[-76.9,45.86],[-76.91,45.86],[-76.91,45.87],[-76.92,45.87],[-76.92,45.88],[-76.93,45.88],[-76.93,45.89],[-76.92,45.9],[-76.9,45.9],[-76.88,45.9],[-76.86,45.9],[-76.84,45.89],[-76.82,45.88],[-76.8,45.88],[-76.79,45.87],[-76.78,45.86],[-76.77,45.85],[-76.77,45.84],[-76.77,45.83],[-76.77,45.81],[-76.77,45.8],[-76.78,45.78],[-76.78,45.77],[-76.79,45.76],[-76.78,45.75],[-76.77,45.75],[-76.76,45.74],[-76.75,45.74],[-76.74,45.73],[-76.73,45.73],[-76.72,45.72],[-76.7,45.72],[-76.7,45.71],[-76.7,45.7],[-76.69,45.7],[-76.69,45.69],[-76.7,45.68],[-76.7,45.67],[-76.71,45.66],[-76.7,45.65],[-76.69,45.64],[-76.68,45.63],[-76.67,45.62],[-76.67,45.61],[-76.67,45.59],[-76.67,45.57],[-76.66,45.56],[-76.66,45.55],[-76.64,45.55],[-76.61,45.53],[-76.58,45.53],[-76.55,45.53],[-76.53,45.52],[-76.49,45.52],[-76.47,45.51],[-76.46,45.51],[-76.45,45.51],[-76.44,45.51],[-76.43,45.51],[-76.42,45.5],[-76.4,45.48],[-76.38,45.47],[-76.37,45.47],[-76.36,45.46],[-76.35,45.45],[-76.34,45.45],[-76.33,45.45],[-76.32,45.45],[-76.31,45.46],[-76.3,45.46],[-76.28,45.47],[-76.26,45.48],[-76.25,45.48],[-76.24,45.49],[-76.24,45.5],[-76.23,45.5],[-76.23,45.51],[-76.22,45.51],[-76.21,45.52],[-76.2,45.52],[-76.19,45.52],[-76.18,45.52],[-76.17,45.52],[-76.16,45.52],[-76.15,45.52],[-76.14,45.52],[-76.13,45.52],[-76.12,45.53],[-76.11,45.52],[-76.09,45.52],[-76.08,45.52],[-76.06,45.51],[-76.06,45.5],[-76.05,45.5],[-76.03,45.49],[-76.02,45.49],[-76,45.48],[-75.99,45.48],[-75.98,45.48],[-75.97,45.48],[-75.97,45.47],[-75.95,45.46],[-75.94,45.45],[-75.93,45.44],[-75.92,45.43],[-75.91,45.42],[-75.91,45.41],[-75.9,45.4],[-75.89,45.4],[-75.88,45.39],[-75.86,45.38],[-75.84,45.38],[-75.83,45.37],[-75.82,45.38],[-75.8,45.38],[-75.79,45.39],[-75.77,45.4],[-75.76,45.41],[-75.74,45.42],[-75.72,45.42],[-75.72,45.43],[-75.71,45.43],[-75.7,45.44],[-75.7,45.45],[-75.69,45.45],[-75.69,45.46],[-75.68,45.47],[-75.66,45.47],[-75.64,45.47],[-75.62,45.47],[-75.61,45.47],[-75.6,45.47],[-75.59,45.47],[-75.58,45.48],[-75.56,45.48],[-75.55,45.49],[-75.53,45.5],[-75.51,45.5],[-75.49,45.51],[-75.47,45.51],[-75.45,45.52],[-75.44,45.52],[-75.43,45.52],[-75.42,45.52],[-75.4,45.53],[-75.38,45.53],[-75.36,45.53],[-75.35,45.54],[-75.33,45.55],[-75.32,45.55],[-75.32,45.56],[-75.31,45.56],[-75.3,45.56],[-75.28,45.57],[-75.27,45.57],[-75.26,45.58],[-75.25,45.58],[-75.23,45.59],[-75.22,45.59],[-75.2,45.58],[-75.19,45.58],[-75.17,45.58],[-75.15,45.58],[-75.14,45.58],[-75.13,45.58],[-75.12,45.58],[-75.11,45.59],[-75.09,45.59],[-75.07,45.59],[-75.06,45.59],[-75.05,45.59],[-75.04,45.59],[-75.03,45.6],[-75.02,45.6],[-75.01,45.6],[-75,45.61],[-74.99,45.62],[-74.98,45.62],[-74.97,45.63],[-74.97,45.64],[-74.96,45.64],[-74.95,45.65],[-74.94,45.65],[-74.93,45.65],[-74.92,45.65],[-74.91,45.65],[-74.89,45.64],[-74.87,45.64],[-74.86,45.64],[-74.84,45.64],[-74.83,45.64],[-74.81,45.65],[-74.8,45.65],[-74.78,45.64],[-74.76,45.64],[-74.75,45.64],[-74.75,45.63],[-74.73,45.63],[-74.71,45.63],[-74.69,45.63],[-74.68,45.64],[-74.67,45.64],[-74.66,45.64],[-74.65,45.64],[-74.64,45.64],[-74.63,45.64],[-74.63,45.63],[-74.62,45.63],[-74.62,45.62],[-74.61,45.62],[-74.59,45.61],[-74.56,45.6],[-74.55,45.6],[-74.54,45.6],[-74.53,45.6],[-74.52,45.6],[-74.51,45.6],[-74.5,45.6],[-74.49,45.6],[-74.48,45.59],[-74.47,45.59],[-74.46,45.59],[-74.45,45.58],[-74.44,45.58],[-74.43,45.58],[-74.42,45.58],[-74.41,45.57],[-74.4,45.57],[-74.39,45.57],[-74.38,45.56],[-74.44,45.39],[-74.47,45.31],[-74.36,45.22],[-74.39,45.2],[-74.47,45.17],[-74.53,45.16],[-74.64,45.12],[-74.91,45.05],[-75.48,44.82],[-75.71,44.63],[-75.89,44.44],[-75.92,44.43],[-76.04,44.37],[-76.36,44.27],[-76.48,44.26],[-76.58,44.22],[-76.7,44.19],[-76.76,44.16],[-76.81,44.12],[-76.97,44.03],[-77,44.03],[-77.02,44.05],[-77.02,44.07],[-76.98,44.1],[-76.99,44.14],[-77.11,44.16],[-77.16,44.14],[-77.26,44.14],[-77.34,44.11],[-77.41,44.1],[-77.42,44.08],[-77.41,44.07],[-77.38,44.06],[-77.27,44.1],[-77.17,44.1],[-77.12,44.11],[-77.07,44.1],[-77.09,44.03],[-77.05,44.01],[-76.99,44],[-76.95,44.01],[-76.87,44.05],[-76.83,44.05],[-76.84,44.02],[-76.97,43.95],[-76.98,43.93],[-76.96,43.91],[-76.94,43.91],[-76.86,43.94],[-76.84,43.93],[-76.86,43.91],[-76.94,43.87],[-76.98,43.86],[-77.06,43.87],[-77.09,43.85],[-77.18,43.91],[-77.29,43.91],[-77.44,43.93],[-77.47,43.95],[-77.47,43.96],[-77.49,43.98],[-77.51,43.99],[-77.66,43.96],[-77.79,43.96],[-78,43.9],[-78.26,43.9],[-78.49,43.85],[-78.64,43.84],[-78.73,43.84],[-78.86,43.82],[-79.06,43.75],[-79.29,43.62],[-79.4,43.6],[-79.47,43.57],[-79.69,43.35],[-79.76,43.31],[-79.76,43.28],[-79.65,43.25],[-79.44,43.23],[-79.32,43.21],[-79.18,43.22],[-79.12,43.23],[-79.08,43.25],[-79.05,43.25],[-79.05,43.24],[-79.06,43.24],[-79.05,43.23],[-79.05,43.22],[-79.05,43.21],[-79.05,43.2],[-79.05,43.19],[-79.05,43.18],[-79.05,43.17],[-79.04,43.16],[-79.04,43.15],[-79.05,43.14],[-79.06,43.13],[-79.07,43.12],[-79.06,43.12],[-79.06,43.11],[-79.06,43.1],[-79.06,43.09],[-79.05,43.08],[-79.02,43.08],[-78.99,43.08],[-78.94,43.07],[-78.93,43.06],[-78.94,43.06],[-78.96,43.07],[-78.98,43.06],[-78.99,43.06],[-79,43.06],[-79,43.05],[-79.01,43.04],[-79.02,43.03],[-79.03,43.02],[-79.03,43.01],[-79.02,42.99],[-79,42.98],[-78.98,42.97],[-78.97,42.96],[-78.95,42.96],[-78.95,42.98],[-78.95,42.99],[-78.93,43.01],[-78.91,43.01],[-78.92,43],[-78.93,43],[-78.94,42.99],[-78.94,42.98],[-78.94,42.97],[-78.92,42.96],[-78.92,42.95],[-78.91,42.95],[-78.91,42.94],[-78.9,42.93],[-78.91,42.92],[-78.91,42.91],[-78.91,42.9],[-78.9,42.9],[-78.89,42.89],[-78.89,42.88],[-78.93,42.87],[-79.02,42.86],[-79.07,42.87],[-79.24,42.84],[-79.46,42.86],[-79.56,42.84],[-79.59,42.85],[-79.67,42.84],[-79.78,42.84],[-79.9,42.81],[-79.97,42.81],[-80.07,42.79],[-80.11,42.77],[-80.17,42.76],[-80.22,42.73],[-80.25,42.67],[-80.33,42.66],[-80.35,42.63],[-80.35,42.61],[-80.33,42.6],[-80.25,42.6],[-80.2,42.56],[-80.09,42.55],[-80.01,42.56],[-80,42.55],[-80,42.53],[-80.05,42.51],[-80.25,42.52],[-80.34,42.54],[-80.53,42.56],[-80.64,42.61],[-80.73,42.62],[-81.16,42.64],[-81.35,42.6],[-81.43,42.58],[-81.53,42.52],[-81.58,42.48],[-81.75,42.4],[-81.79,42.36],[-81.8,42.27],[-81.83,42.24],[-81.88,42.23],[-82.02,42.25],[-82.06,42.24],[-82.37,42.1],[-82.44,42.04],[-82.45,41.99],[-82.48,41.97],[-82.51,41.99],[-82.52,42.01],[-82.54,42.03],[-82.64,42.03],[-82.82,42],[-82.89,42],[-82.96,42.02],[-83.04,42.07],[-83.05,42.18],[-83.05,42.2],[-83.06,42.21],[-83.05,42.27],[-83.02,42.3],[-82.93,42.33],[-82.9,42.35],[-82.86,42.35],[-82.86,42.36],[-82.82,42.38],[-82.72,42.47],[-82.57,42.57],[-82.56,42.58],[-82.5,42.61],[-82.44,42.68],[-82.42,42.73],[-82.39,42.95],[-82.34,43.05],[-82.15,43.07],[-81.99,43.17],[-81.95,43.22],[-81.9,43.24],[-81.75,43.27],[-81.71,43.29],[-81.68,43.34],[-81.66,43.46],[-81.68,43.53],[-81.66,43.63],[-81.67,43.71],[-81.64,43.92],[-81.67,44.07],[-81.65,44.21],[-81.62,44.26],[-81.57,44.32],[-81.49,44.38],[-81.45,44.43],[-81.39,44.47],[-81.32,44.55],[-81.28,44.62],[-81.27,44.66],[-81.28,44.73],[-81.28,44.81],[-81.3,44.86],[-81.39,44.94],[-81.48,45.01],[-81.48,45.1],[-81.54,45.13],[-81.59,45.19],[-81.62,45.19],[-81.64,45.21],[-81.63,45.23],[-81.6,45.25],[-81.46,45.23],[-81.33,45.24],[-81.25,45.23],[-81.24,45.22],[-81.26,45.17],[-81.23,45.09],[-81.11,44.95],[-81.08,44.94],[-81.06,44.93],[-81.01,44.96],[-80.97,44.95],[-81.01,44.91],[-81.02,44.88],[-80.99,44.84],[-80.99,44.83],[-81.05,44.8],[-81.06,44.77],[-81.02,44.74],[-80.98,44.76],[-80.92,44.76],[-80.89,44.72],[-80.89,44.64],[-80.87,44.62],[-80.85,44.62],[-80.81,44.63],[-80.72,44.69],[-80.68,44.7],[-80.63,44.69],[-80.61,44.68],[-80.59,44.62],[-80.57,44.6],[-80.46,44.59],[-80.41,44.55],[-80.36,44.54],[-80.32,44.52],[-80.23,44.48],[-80,44.46],[-79.96,44.48],[-79.97,44.52],[-79.94,44.63],[-79.98,44.69],[-80.04,44.73],[-80.04,44.75],[-80,44.78],[-79.99,44.81],[-79.97,44.82],[-79.9,44.8],[-79.88,44.79],[-79.88,44.75],[-79.86,44.74],[-79.76,44.74],[-79.75,44.76],[-79.77,44.78],[-79.8,44.81],[-79.8,44.85],[-79.85,44.89],[-79.86,44.92],[-79.96,45],[-79.97,45.06],[-80.03,45.09],[-80.02,45.12],[-79.99,45.13],[-79.98,45.15],[-80.01,45.21],[-80.03,45.23],[-80.11,45.23],[-80.13,45.24],[-80.11,45.3],[-80.08,45.31],[-80.06,45.4],[-80.08,45.41],[-80.1,45.4],[-80.14,45.36],[-80.19,45.35],[-80.23,45.37],[-80.31,45.45],[-80.33,45.56],[-80.35,45.58],[-80.44,45.6],[-80.49,45.64],[-80.55,45.8],[-80.61,45.85],[-80.74,45.92],[-80.92,45.95],[-81.04,45.93],[-81.11,45.93],[-81.13,45.94],[-81.12,45.98],[-81.16,45.98],[-81.22,45.97],[-81.33,45.97],[-81.52,45.95],[-81.59,45.96],[-81.63,46],[-81.64,46.07],[-81.67,46.1],[-81.69,46.09],[-81.75,46.09],[-81.94,46.11],[-82.04,46.11],[-82.13,46.13],[-82.17,46.15],[-82.29,46.17],[-82.46,46.15],[-82.59,46.16],[-82.94,46.19],[-83.02,46.18],[-83.04,46.17],[-83.21,46.18],[-83.43,46.21],[-83.61,46.23],[-83.82,46.28],[-83.91,46.34],[-84.03,46.34],[-84.09,46.39],[-84.06,46.49],[-84.09,46.52],[-84.13,46.53],[-84.21,46.53],[-84.28,46.5],[-84.41,46.51],[-84.47,46.49],[-84.5,46.49],[-84.56,46.55],[-84.57,46.58],[-84.55,46.6],[-84.46,46.66],[-84.44,46.69],[-84.43,46.72],[-84.44,46.73],[-84.47,46.73],[-84.53,46.69],[-84.56,46.69],[-84.57,46.71],[-84.54,46.81],[-84.5,46.83],[-84.42,46.83],[-84.4,46.85],[-84.39,46.87],[-84.42,46.88],[-84.47,46.89],[-84.52,46.91],[-84.64,46.91],[-84.78,46.99],[-84.85,47.05],[-84.84,47.07],[-84.78,47.16],[-84.76,47.21],[-84.71,47.26],[-84.67,47.31],[-84.67,47.36],[-84.87,47.48],[-85.01,47.6],[-85.03,47.64],[-85.03,47.66],[-85.05,47.69],[-85.04,47.73],[-84.98,47.78],[-84.98,47.87],[-84.94,47.9],[-84.93,47.93],[-85.01,47.97],[-85.05,47.97],[-85.17,47.96],[-85.3,47.97],[-85.38,47.94],[-85.45,47.94],[-85.6,47.94],[-85.8,47.98],[-85.94,48.05],[-85.99,48.08],[-86.04,48.1],[-86.1,48.15],[-86.16,48.23],[-86.18,48.33],[-86.2,48.4],[-86.25,48.45],[-86.32,48.56],[-86.39,48.7],[-86.45,48.76],[-86.5,48.77],[-86.57,48.74],[-86.65,48.75],[-86.7,48.79],[-86.73,48.79],[-86.8,48.76],[-86.87,48.75],[-86.93,48.76],[-86.96,48.78],[-87.07,48.78],[-87.15,48.77],[-87.25,48.77],[-87.31,48.78],[-87.35,48.8],[-87.47,48.84],[-87.56,48.83],[-87.81,48.92],[-87.99,48.94],[-88.1,48.98],[-88.17,48.99],[-88.23,48.96],[-88.25,48.91],[-88.22,48.85],[-88.17,48.8],[-88.13,48.75],[-88.12,48.71],[-88.13,48.68],[-88.22,48.65],[-88.28,48.62],[-88.35,48.63],[-88.36,48.59],[-88.34,48.58],[-88.35,48.56],[-88.37,48.55],[-88.45,48.55],[-88.47,48.53],[-88.51,48.45],[-88.55,48.43],[-88.56,48.44],[-88.59,48.47],[-88.58,48.51],[-88.56,48.56],[-88.36,48.72],[-88.36,48.77],[-88.38,48.8],[-88.42,48.82],[-88.46,48.83],[-88.5,48.81],[-88.53,48.77],[-88.54,48.67],[-88.65,48.6],[-88.67,48.52],[-88.72,48.48],[-88.75,48.4],[-88.8,48.37],[-88.87,48.35],[-88.92,48.34],[-88.96,48.34],[-88.97,48.35],[-88.95,48.39],[-88.81,48.52],[-88.81,48.55],[-88.84,48.56],[-89.09,48.46],[-89.19,48.37],[-89.19,48.3],[-89.26,48.27],[-89.27,48.23],[-89.41,48.09],[-89.49,48.04],[-89.5,48.04],[-89.51,48.04],[-89.52,48.03],[-89.51,48.03],[-89.52,48.02],[-89.53,48.02],[-89.54,48.02],[-89.55,48.02],[-89.54,48.01],[-89.55,48.01],[-89.56,48.01],[-89.57,48.01],[-89.58,48.01],[-89.59,48.01],[-89.61,48.01],[-89.63,48.01],[-89.65,48.02],[-89.67,48.01],[-89.68,48.01],[-89.69,48.02],[-89.7,48.02],[-89.72,48.02],[-89.73,48.02],[-89.75,48.03],[-89.77,48.02],[-89.78,48.02],[-89.79,48.02],[-89.8,48.02],[-89.81,48.02],[-89.82,48.01],[-89.83,48],[-89.84,48],[-89.86,47.99],[-89.87,47.99],[-89.9,47.99],[-89.91,47.99],[-89.91,48],[-89.92,48],[-89.93,48.01],[-89.94,48.02],[-89.95,48.02],[-89.97,48.03],[-89.98,48.03],[-89.98,48.04],[-89.98,48.05],[-89.99,48.06],[-90,48.06],[-90.01,48.07],[-90.01,48.08],[-90.03,48.09],[-90.05,48.09],[-90.06,48.1],[-90.08,48.1],[-90.1,48.11],[-90.12,48.11],[-90.14,48.11],[-90.17,48.11],[-90.19,48.11],[-90.21,48.11],[-90.25,48.11],[-90.3,48.1],[-90.33,48.1],[-90.35,48.1],[-90.37,48.1],[-90.4,48.1],[-90.42,48.1],[-90.44,48.1],[-90.46,48.1],[-90.48,48.1],[-90.5,48.1],[-90.52,48.1],[-90.56,48.11],[-90.56,48.12],[-90.57,48.12],[-90.58,48.12],[-90.59,48.12],[-90.61,48.11],[-90.63,48.11],[-90.81,48.2],[-90.82,48.2],[-90.83,48.2],[-90.84,48.22],[-90.84,48.23],[-90.84,48.24],[-90.85,48.24],[-90.85,48.25],[-90.86,48.25],[-90.87,48.26],[-90.88,48.25],[-90.89,48.25],[-90.9,48.25],[-90.91,48.24],[-90.94,48.24],[-90.96,48.23],[-90.98,48.22],[-91,48.21],[-91.02,48.2],[-91.03,48.2],[-91.04,48.19],[-91.06,48.18],[-91.08,48.18],[-91.11,48.17],[-91.12,48.16],[-91.14,48.15],[-91.15,48.14],[-91.16,48.13],[-91.17,48.13],[-91.18,48.13],[-91.19,48.12],[-91.2,48.12],[-91.2,48.1],[-91.21,48.1],[-91.22,48.09],[-91.23,48.09],[-91.24,48.08],[-91.26,48.08],[-91.27,48.07],[-91.3,48.07],[-91.34,48.07],[-91.35,48.07],[-91.36,48.07],[-91.37,48.07],[-91.38,48.06],[-91.43,48.06],[-91.44,48.06],[-91.45,48.07],[-91.46,48.07],[-91.47,48.07],[-91.55,48.08],[-91.57,48.08],[-91.56,48.09],[-91.56,48.1],[-91.57,48.1],[-91.58,48.1],[-91.6,48.1],[-91.61,48.1],[-91.62,48.1],[-91.69,48.13],[-91.69,48.15],[-91.7,48.16],[-91.7,48.17],[-91.71,48.17],[-91.71,48.18],[-91.71,48.19],[-91.71,48.2],[-91.72,48.2],[-91.73,48.2],[-91.74,48.2],[-91.76,48.2],[-91.77,48.2],[-91.79,48.2],[-91.8,48.21],[-91.81,48.21],[-91.83,48.21],[-91.84,48.21],[-91.86,48.21],[-91.87,48.22],[-91.89,48.23],[-91.9,48.23],[-91.91,48.24],[-91.92,48.24],[-91.93,48.24],[-91.94,48.24],[-91.95,48.24],[-91.98,48.3],[-92,48.31],[-92,48.32],[-92.01,48.32],[-92.01,48.33],[-92.02,48.33],[-92.02,48.34],[-92.03,48.34],[-92.03,48.35],[-92.03,48.36],[-92.04,48.36],[-92.05,48.36],[-92.08,48.37],[-92.1,48.37],[-92.13,48.37],[-92.15,48.36],[-92.17,48.36],[-92.19,48.35],[-92.21,48.35],[-92.22,48.35],[-92.23,48.35],[-92.25,48.35],[-92.27,48.35],[-92.28,48.35],[-92.29,48.33],[-92.3,48.32],[-92.3,48.31],[-92.3,48.3],[-92.3,48.29],[-92.29,48.28],[-92.29,48.27],[-92.28,48.26],[-92.28,48.24],[-92.29,48.24],[-92.3,48.24],[-92.31,48.24],[-92.32,48.24],[-92.33,48.23],[-92.37,48.27],[-92.4,48.27],[-92.41,48.3],[-92.43,48.31],[-92.46,48.34],[-92.46,48.38],[-92.47,48.39],[-92.46,48.4],[-92.46,48.41],[-92.48,48.43],[-92.5,48.44],[-92.51,48.45],[-92.52,48.45],[-92.56,48.45],[-92.6,48.44],[-92.61,48.44],[-92.63,48.44],[-92.63,48.46],[-92.63,48.49],[-92.64,48.49],[-92.64,48.5],[-92.63,48.5],[-92.62,48.51],[-92.62,48.52],[-92.63,48.53],[-92.63,48.54],[-92.64,48.54],[-92.65,48.54],[-92.66,48.55],[-92.68,48.55],[-92.79,48.56],[-92.83,48.58],[-92.85,48.58],[-92.88,48.6],[-92.95,48.62],[-92.95,48.63],[-92.97,48.63],[-92.99,48.63],[-93.01,48.63],[-93.03,48.63],[-93.09,48.63],[-93.11,48.63],[-93.13,48.63],[-93.15,48.63],[-93.17,48.63],[-93.18,48.63],[-93.19,48.63],[-93.2,48.64],[-93.22,48.64],[-93.23,48.65],[-93.25,48.65],[-93.27,48.64],[-93.3,48.64],[-93.32,48.63],[-93.33,48.63],[-93.34,48.63],[-93.35,48.62],[-93.36,48.62],[-93.37,48.61],[-93.38,48.61],[-93.39,48.61],[-93.4,48.61],[-93.42,48.6],[-93.44,48.6],[-93.45,48.59],[-93.46,48.59],[-93.47,48.59],[-93.47,48.58],[-93.47,48.57],[-93.46,48.56],[-93.46,48.55],[-93.47,48.55],[-93.48,48.55],[-93.51,48.53],[-93.67,48.53],[-93.69,48.52],[-93.77,48.56],[-93.78,48.61],[-93.83,48.64],[-93.95,48.64],[-94.09,48.66],[-94.24,48.71],[-94.29,48.71],[-94.3,48.71],[-94.31,48.71],[-94.32,48.71],[-94.33,48.71],[-94.34,48.71],[-94.36,48.71],[-94.37,48.71],[-94.39,48.72],[-94.4,48.72],[-94.41,48.72],[-94.42,48.72],[-94.43,48.71],[-94.44,48.71],[-94.52,48.71],[-94.58,48.74],[-94.62,48.78],[-94.64,48.82],[-94.64,48.83],[-94.65,48.84],[-94.64,48.85],[-94.71,48.98],[-94.72,48.99],[-94.73,49.03],[-94.73,49.05],[-94.74,49.07],[-94.74,49.09],[-94.76,49.11],[-94.77,49.13],[-94.78,49.14],[-94.78,49.15],[-94.79,49.17],[-94.8,49.23],[-94.81,49.27],[-94.82,49.28],[-94.82,49.3],[-94.82,49.31],[-94.82,49.32],[-94.83,49.33],[-94.84,49.33],[-94.85,49.34],[-94.87,49.34],[-94.88,49.34],[-94.89,49.35],[-94.9,49.35],[-94.91,49.35],[-94.93,49.36],[-94.95,49.36],[-94.98,49.36],[-94.98,49.35],[-95,49.35],[-95.02,49.35],[-95.03,49.35],[-95.04,49.35],[-95.07,49.36],[-95.08,49.36],[-95.11,49.36],[-95.13,49.37],[-95.15,49.37],[-95.16,49.39],[-95.16,49.67],[-95.16,50.27],[-95.16,51.09],[-95.16,51.13],[-95.16,51.65],[-95.16,52.06],[-95.16,52.83],[-93.66,53.74],[-88.96,56.9],[-88.92,56.89],[-88.52,56.72],[-88.48,56.7],[-88.43,56.68],[-88.27,56.57],[-88.1,56.55],[-88.03,56.52],[-88,56.51],[-87.98,56.5],[-87.91,56.44],[-87.85,56.34],[-87.78,56.24],[-87.7,56.17],[-87.63,56.12],[-87.62,56.12],[-87.52,56.1],[-87.44,56.06],[-87.37,56.03],[-87.23,56.03],[-87.07,56],[-86.7,55.92],[-86.26,55.77],[-86.19,55.76],[-85.95,55.75],[-85.84,55.72],[-85.73,55.67],[-85.47,55.51],[-85.36,55.47],[-85.23,55.45],[-85.13,55.41],[-85.09,55.39],[-85.09,55.36],[-85.29,55.23],[-85.34,55.12],[-85.38,55.09],[-85.39,55.05],[-85.35,55.04],[-85.28,55.09],[-85.18,55.2],[-85.14,55.27],[-85.08,55.3],[-85,55.32],[-84.9,55.32],[-84.73,55.28],[-84.49,55.27],[-84.32,55.27],[-84.1,55.3],[-83.92,55.29],[-83.74,55.26],[-83.71,55.27],[-83.6,55.27],[-83.38,55.23],[-83.12,55.22],[-83.07,55.23],[-82.97,55.27],[-82.9,55.27],[-82.84,55.22],[-82.83,55.19],[-82.8,55.16],[-82.75,55.17],[-82.69,55.19],[-82.64,55.19],[-82.57,55.15],[-82.44,55.14],[-82.37,55.09],[-82.33,55.07],[-82.3,55.08],[-82.29,55.16],[-82.24,55.16],[-82.19,55.12],[-82.19,55.09],[-82.22,54.99],[-82.16,54.87],[-82.15,54.81],[-82.18,54.72],[-82.23,54.66],[-82.25,54.57],[-82.27,54.53],[-82.3,54.42],[-82.36,54.33],[-82.38,54.25],[-82.39,54.24],[-82.4,54.17],[-82.38,54.12],[-82.12,53.94],[-82.09,53.9],[-82.07,53.81],[-82.09,53.74],[-82.14,53.68],[-82.2,53.52],[-82.19,53.47],[-82.1,53.34],[-82.09,53.3],[-82.11,53.26],[-82.22,53.21],[-82.27,52.95],[-82.17,52.92],[-82.09,52.89],[-82,52.81],[-82,52.77],[-81.92,52.7],[-81.79,52.65],[-81.7,52.54],[-81.6,52.5],[-81.56,52.46],[-81.55,52.41],[-81.56,52.38],[-81.6,52.34],[-81.68,52.3],[-81.83,52.26],[-81.95,52.21],[-82.01,52.17],[-82.02,52.14],[-81.97,52.13],[-81.75,52.19],[-81.59,52.22],[-81.49,52.21],[-81.47,52.21],[-81.4,52.13],[-81.34,52.1],[-81.2,52.06],[-81,52.04],[-80.95,52.02],[-80.81,51.91],[-80.66,51.85],[-80.6,51.79],[-80.55,51.69],[-80.42,51.56],[-80.37,51.45],[-80.38,51.42],[-80.43,51.38],[-80.57,51.31],[-80.68,51.21],[-80.76,51.18],[-80.75,51.16],[-80.72,51.16],[-80.66,51.17],[-80.58,51.25],[-80.48,51.29],[-80.4,51.31],[-80.18,51.33],[-80.07,51.31],[-79.99,51.25],[-79.92,51.22],[-79.82,51.21],[-79.72,51.14],[-79.68,51.13],[-79.66,51.15],[-79.65,51.21],[-79.63,51.24],[-79.66,51.29],[-79.66,51.32],[-79.6,51.38],[-79.51,51.42]]]]}},{"type":"Feature","properties":{"NAME":"New Brunswick","CODE":"CA04"},"geometry":{"type":"Polygon","coordinates":[[[-67.43,45.39],[-67.44,45.4],[-67.44,45.41],[-67.45,45.41],[-67.45,45.42],[-67.46,45.42],[-67.47,45.43],[-67.48,45.43],[-67.48,45.44],[-67.48,45.45],[-67.49,45.45],[-67.49,45.46],[-67.49,45.47],[-67.49,45.48],[-67.5,45.48],[-67.5,45.49],[-67.49,45.49],[-67.48,45.5],[-67.47,45.5],[-67.46,45.5],[-67.47,45.51],[-67.46,45.51],[-67.45,45.51],[-67.45,45.5],[-67.44,45.5],[-67.44,45.51],[-67.43,45.51],[-67.42,45.5],[-67.41,45.51],[-67.42,45.51],[-67.42,45.52],[-67.43,45.53],[-67.42,45.53],[-67.42,45.54],[-67.42,45.55],[-67.42,45.56],[-67.42,45.57],[-67.42,45.58],[-67.43,45.58],[-67.43,45.59],[-67.44,45.59],[-67.44,45.6],[-67.45,45.6],[-67.46,45.6],[-67.47,45.6],[-67.48,45.6],[-67.49,45.6],[-67.49,45.59],[-67.5,45.59],[-67.51,45.59],[-67.52,45.59],[-67.53,45.59],[-67.54,45.59],[-67.54,45.6],[-67.55,45.59],[-67.57,45.59],[-67.58,45.6],[-67.59,45.6],[-67.6,45.6],[-67.61,45.6],[-67.62,45.6],[-67.62,45.61],[-67.63,45.61],[-67.64,45.62],[-67.65,45.62],[-67.66,45.62],[-67.67,45.62],[-67.68,45.63],[-67.68,45.64],[-67.69,45.64],[-67.69,45.65],[-67.7,45.66],[-67.7,45.67],[-67.71,45.67],[-67.72,45.68],[-67.73,45.68],[-67.73,45.67],[-67.74,45.66],[-67.75,45.66],[-67.76,45.66],[-67.77,45.66],[-67.77,45.67],[-67.78,45.68],[-67.79,45.67],[-67.8,45.67],[-67.8,45.68],[-67.81,45.68],[-67.81,45.69],[-67.81,45.7],[-67.8,45.7],[-67.81,45.71],[-67.81,45.72],[-67.8,45.73],[-67.79,45.73],[-67.79,45.74],[-67.8,45.75],[-67.81,45.76],[-67.81,45.77],[-67.8,45.78],[-67.8,45.79],[-67.8,45.8],[-67.79,45.81],[-67.78,45.81],[-67.77,45.81],[-67.76,45.82],[-67.76,45.83],[-67.77,45.83],[-67.77,45.84],[-67.78,45.84],[-67.78,45.85],[-67.79,45.85],[-67.79,45.86],[-67.8,45.87],[-67.79,45.88],[-67.79,45.89],[-67.77,45.89],[-67.77,45.9],[-67.76,45.9],[-67.75,45.91],[-67.75,45.92],[-67.76,45.93],[-67.77,45.93],[-67.78,45.94],[-67.77,45.95],[-67.78,46.38],[-67.79,47.06],[-67.8,47.06],[-67.81,47.07],[-67.82,47.07],[-67.83,47.08],[-67.84,47.08],[-67.85,47.08],[-67.85,47.09],[-67.86,47.09],[-67.87,47.1],[-67.88,47.11],[-67.89,47.11],[-67.89,47.12],[-67.9,47.13],[-67.9,47.14],[-67.91,47.14],[-67.92,47.15],[-67.93,47.15],[-67.94,47.16],[-67.95,47.17],[-67.95,47.18],[-67.95,47.19],[-67.96,47.19],[-67.96,47.2],[-67.97,47.2],[-67.98,47.2],[-67.98,47.21],[-68,47.22],[-68.02,47.23],[-68.03,47.24],[-68.04,47.25],[-68.06,47.25],[-68.06,47.26],[-68.07,47.26],[-68.08,47.26],[-68.09,47.27],[-68.1,47.27],[-68.11,47.28],[-68.12,47.28],[-68.12,47.29],[-68.13,47.3],[-68.14,47.31],[-68.15,47.31],[-68.16,47.32],[-68.17,47.32],[-68.17,47.33],[-68.18,47.33],[-68.19,47.33],[-68.2,47.34],[-68.21,47.34],[-68.22,47.34],[-68.22,47.35],[-68.23,47.35],[-68.24,47.35],[-68.25,47.35],[-68.26,47.35],[-68.27,47.35],[-68.28,47.35],[-68.29,47.36],[-68.3,47.36],[-68.31,47.36],[-68.32,47.36],[-68.33,47.36],[-68.34,47.36],[-68.35,47.35],[-68.36,47.35],[-68.36,47.34],[-68.37,47.34],[-68.38,47.33],[-68.38,47.32],[-68.38,47.31],[-68.38,47.3],[-68.38,47.29],[-68.39,47.28],[-68.4,47.28],[-68.41,47.29],[-68.42,47.29],[-68.43,47.28],[-68.44,47.28],[-68.45,47.28],[-68.46,47.29],[-68.47,47.29],[-68.47,47.3],[-68.48,47.3],[-68.49,47.3],[-68.5,47.3],[-68.51,47.3],[-68.52,47.3],[-68.53,47.29],[-68.54,47.28],[-68.55,47.28],[-68.56,47.28],[-68.57,47.28],[-68.58,47.28],[-68.58,47.27],[-68.59,47.27],[-68.59,47.26],[-68.6,47.26],[-68.6,47.25],[-68.61,47.25],[-68.62,47.25],[-68.63,47.25],[-68.64,47.24],[-68.65,47.24],[-68.66,47.24],[-68.67,47.24],[-68.67,47.25],[-68.68,47.25],[-68.69,47.24],[-68.7,47.24],[-68.71,47.24],[-68.72,47.24],[-68.73,47.24],[-68.74,47.23],[-68.75,47.23],[-68.76,47.23],[-68.77,47.22],[-68.78,47.22],[-68.79,47.22],[-68.8,47.22],[-68.81,47.22],[-68.82,47.21],[-68.83,47.21],[-68.84,47.2],[-68.85,47.2],[-68.86,47.2],[-68.87,47.2],[-68.88,47.19],[-68.89,47.19],[-68.89,47.18],[-68.9,47.18],[-68.91,47.19],[-68.92,47.19],[-68.92,47.2],[-68.93,47.2],[-68.94,47.2],[-68.95,47.21],[-68.96,47.21],[-68.97,47.21],[-68.98,47.22],[-68.99,47.23],[-69,47.23],[-69.01,47.24],[-69.02,47.24],[-69.03,47.24],[-69.03,47.25],[-69.04,47.26],[-69.04,47.27],[-69.04,47.28],[-69.05,47.29],[-69.05,47.3],[-69.04,47.3],[-69.02,47.31],[-69,47.31],[-68.99,47.31],[-68.98,47.32],[-68.97,47.32],[-68.95,47.32],[-68.94,47.32],[-68.93,47.32],[-68.92,47.33],[-68.9,47.33],[-68.89,47.33],[-68.88,47.33],[-68.87,47.34],[-68.86,47.34],[-68.84,47.34],[-68.83,47.34],[-68.82,47.35],[-68.8,47.35],[-68.79,47.35],[-68.78,47.36],[-68.77,47.36],[-68.75,47.37],[-68.72,47.37],[-68.71,47.38],[-68.7,47.38],[-68.69,47.38],[-68.68,47.39],[-68.65,47.4],[-68.64,47.4],[-68.64,47.41],[-68.63,47.41],[-68.62,47.41],[-68.61,47.41],[-68.61,47.42],[-68.6,47.42],[-68.59,47.42],[-68.58,47.42],[-68.48,47.49],[-68.38,47.55],[-68.38,47.79],[-68.38,47.87],[-68.38,47.92],[-68.31,47.92],[-68.13,47.93],[-68.12,48],[-67.94,48],[-67.93,48],[-67.6,48],[-67.59,48],[-67.59,47.99],[-67.6,47.99],[-67.6,47.98],[-67.59,47.97],[-67.59,47.96],[-67.6,47.95],[-67.6,47.94],[-67.59,47.94],[-67.59,47.93],[-67.58,47.93],[-67.58,47.92],[-67.57,47.92],[-67.56,47.92],[-67.55,47.92],[-67.54,47.92],[-67.53,47.92],[-67.52,47.91],[-67.51,47.91],[-67.5,47.91],[-67.49,47.91],[-67.48,47.9],[-67.47,47.9],[-67.46,47.9],[-67.45,47.9],[-67.45,47.89],[-67.44,47.89],[-67.43,47.88],[-67.42,47.88],[-67.41,47.88],[-67.4,47.87],[-67.39,47.87],[-67.39,47.86],[-67.38,47.85],[-67.37,47.85],[-67.37,47.86],[-67.36,47.86],[-67.35,47.86],[-67.34,47.87],[-67.34,47.88],[-67.35,47.88],[-67.35,47.89],[-67.34,47.89],[-67.33,47.89],[-67.32,47.88],[-67.31,47.88],[-67.3,47.88],[-67.3,47.89],[-67.29,47.9],[-67.29,47.89],[-67.28,47.89],[-67.27,47.89],[-67.26,47.89],[-67.26,47.88],[-67.25,47.88],[-67.24,47.88],[-67.23,47.88],[-67.22,47.87],[-67.21,47.87],[-67.2,47.87],[-67.19,47.87],[-67.18,47.88],[-67.17,47.88],[-67.17,47.89],[-67.16,47.89],[-67.15,47.89],[-67.14,47.89],[-67.14,47.9],[-67.14,47.91],[-67.13,47.91],[-67.12,47.91],[-67.11,47.91],[-67.1,47.91],[-67.09,47.91],[-67.09,47.92],[-67.08,47.92],[-67.07,47.92],[-67.06,47.93],[-67.05,47.93],[-67.04,47.93],[-67.04,47.92],[-67.03,47.92],[-67.02,47.91],[-67.01,47.91],[-67,47.91],[-66.99,47.9],[-66.98,47.9],[-66.97,47.9],[-66.97,47.89],[-66.96,47.89],[-66.95,47.89],[-66.95,47.9],[-66.95,47.91],[-66.96,47.91],[-66.97,47.91],[-66.97,47.92],[-66.96,47.93],[-66.96,47.94],[-66.96,47.95],[-66.95,47.95],[-66.94,47.96],[-66.93,47.97],[-66.92,47.98],[-66.91,47.98],[-66.9,47.99],[-66.89,47.99],[-66.88,47.99],[-66.87,48],[-66.86,48],[-66.85,48],[-66.84,48],[-66.84,47.99],[-66.83,47.99],[-66.82,47.99],[-66.8,47.99],[-66.79,48],[-66.78,48],[-66.77,48],[-66.76,48],[-66.75,48],[-66.75,48.01],[-66.73,48.01],[-66.72,48.01],[-66.71,48.01],[-66.7,48.01],[-66.69,48.02],[-66.68,48.02],[-66.66,48.02],[-66.65,48.02],[-66.64,48.03],[-66.63,48.03],[-66.62,48.03],[-66.61,48.03],[-66.6,48.03],[-66.53,48.02],[-66.37,48.05],[-66.22,48.01],[-66.17,48.01],[-66.04,47.98],[-65.99,47.94],[-65.8,47.89],[-65.69,47.86],[-65.63,47.79],[-65.63,47.7],[-65.61,47.67],[-65.57,47.65],[-65.51,47.65],[-65.47,47.66],[-65.42,47.69],[-65.33,47.76],[-65.19,47.81],[-65.02,47.83],[-65,47.83],[-64.97,47.79],[-64.94,47.78],[-64.86,47.8],[-64.75,47.76],[-64.71,47.71],[-64.75,47.66],[-64.85,47.57],[-64.86,47.56],[-64.89,47.51],[-64.87,47.41],[-64.9,47.35],[-65.05,47.24],[-65.13,47.16],[-65.22,47.11],[-65.25,47.07],[-65.24,47.06],[-65.11,47.03],[-65.03,47.06],[-64.85,47.02],[-64.84,46.99],[-64.87,46.94],[-64.93,46.91],[-64.95,46.87],[-64.9,46.74],[-64.88,46.71],[-64.77,46.69],[-64.74,46.61],[-64.69,46.54],[-64.64,46.5],[-64.62,46.47],[-64.63,46.41],[-64.55,46.35],[-64.56,46.29],[-64.55,46.25],[-64.5,46.24],[-64.34,46.26],[-64.25,46.24],[-64.14,46.2],[-63.92,46.18],[-63.87,46.17],[-63.86,46.14],[-63.88,46.1],[-63.92,46.08],[-64.03,46.05],[-64.04,46.03],[-64.03,46.02],[-63.97,46],[-63.93,46],[-63.99,45.93],[-64.05,45.94],[-64.11,45.95],[-64.12,45.95],[-64.29,45.83],[-64.28,45.84],[-64.29,45.85],[-64.34,45.86],[-64.36,45.85],[-64.41,45.81],[-64.44,45.76],[-64.49,45.74],[-64.52,45.75],[-64.52,45.76],[-64.49,45.85],[-64.53,45.86],[-64.55,45.85],[-64.65,45.74],[-64.71,45.66],[-64.75,45.63],[-64.77,45.62],[-64.82,45.64],[-64.89,45.6],[-65.06,45.55],[-65.26,45.45],[-65.46,45.37],[-65.58,45.28],[-65.77,45.25],[-65.88,45.22],[-65.94,45.22],[-66,45.24],[-66.03,45.27],[-66.07,45.34],[-66.03,45.4],[-65.97,45.44],[-65.96,45.48],[-65.98,45.48],[-66.01,45.47],[-66.05,45.42],[-66.1,45.39],[-66.13,45.36],[-66.14,45.35],[-66.07,45.24],[-66.08,45.21],[-66.14,45.2],[-66.19,45.16],[-66.27,45.14],[-66.29,45.13],[-66.41,45.1],[-66.42,45.08],[-66.46,45.07],[-66.49,45.1],[-66.55,45.12],[-66.66,45.1],[-66.79,45.04],[-66.9,45.05],[-66.92,45.11],[-66.95,45.12],[-66.99,45.08],[-67.05,45.07],[-67.08,45.08],[-67.17,45.18],[-67.2,45.19],[-67.25,45.18],[-67.25,45.17],[-67.26,45.18],[-67.28,45.18],[-67.29,45.17],[-67.29,45.16],[-67.29,45.15],[-67.3,45.15],[-67.3,45.14],[-67.31,45.14],[-67.32,45.13],[-67.33,45.12],[-67.34,45.12],[-67.35,45.12],[-67.36,45.13],[-67.37,45.13],[-67.38,45.14],[-67.38,45.15],[-67.39,45.15],[-67.41,45.16],[-67.41,45.17],[-67.42,45.17],[-67.42,45.18],[-67.43,45.18],[-67.44,45.19],[-67.44,45.2],[-67.44,45.21],[-67.44,45.22],[-67.44,45.23],[-67.45,45.23],[-67.45,45.24],[-67.47,45.25],[-67.47,45.26],[-67.47,45.27],[-67.48,45.27],[-67.47,45.27],[-67.47,45.28],[-67.48,45.28],[-67.47,45.29],[-67.47,45.3],[-67.46,45.3],[-67.45,45.31],[-67.45,45.32],[-67.45,45.33],[-67.44,45.33],[-67.44,45.34],[-67.43,45.34],[-67.42,45.35],[-67.43,45.36],[-67.42,45.37],[-67.42,45.38],[-67.43,45.39]]]}},{"type":"Feature","properties":{"NAME":"Yukon Territory","CODE":"CA12"},"geometry":{"type":"Polygon","coordinates":[[[-139.04,60],[-139.2,60.09],[-139.08,60.32],[-139.07,60.35],[-139.62,60.34],[-139.67,60.34],[-139.7,60.34],[-139.98,60.19],[-140.46,60.31],[-140.53,60.22],[-140.77,60.26],[-141,60.31],[-141,61],[-141,61.27],[-141,62],[-141,64],[-141,69.65],[-140.64,69.6],[-140.47,69.6],[-140.21,69.61],[-140.08,69.61],[-139.89,69.58],[-139.6,69.51],[-139.5,69.5],[-139.46,69.49],[-139.37,69.48],[-139.21,69.43],[-139.09,69.41],[-138.79,69.32],[-138.61,69.25],[-138.57,69.25],[-138.52,69.28],[-138.46,69.28],[-138.42,69.22],[-138.3,69.16],[-137.87,69.07],[-137.63,69],[-137.27,68.92],[-137.01,68.91],[-136.93,68.88],[-136.81,68.89],[-136.66,68.88],[-136.58,68.89],[-136.47,68.89],[-136.43,68.88],[-136.43,68.86],[-136.44,67.94],[-136.44,67.71],[-136.45,67.71],[-136.44,67.7],[-136.44,67.69],[-136.43,67.68],[-136.43,67.67],[-136.43,67.66],[-136.44,67.66],[-136.44,67.65],[-136.45,67.64],[-136.45,67.63],[-136.43,67.63],[-136.42,67.63],[-136.4,67.63],[-136.38,67.63],[-136.37,67.63],[-136.34,67.63],[-136.32,67.63],[-136.31,67.63],[-136.3,67.63],[-136.29,67.62],[-136.28,67.62],[-136.26,67.61],[-136.25,67.61],[-136.24,67.6],[-136.23,67.59],[-136.22,67.58],[-136.21,67.58],[-136.2,67.57],[-136.19,67.56],[-136.19,67.55],[-136.19,67.54],[-136.19,67.53],[-136.19,67.52],[-136.19,67.51],[-136.18,67.5],[-136.18,67.49],[-136.18,67.48],[-136.18,67.47],[-136.19,67.46],[-136.19,67.45],[-136.2,67.44],[-136.2,67.43],[-136.21,67.43],[-136.21,67.42],[-136.22,67.42],[-136.22,67.41],[-136.22,67.4],[-136.21,67.39],[-136.19,67.39],[-136.18,67.38],[-136.16,67.38],[-136.16,67.37],[-136.16,67.36],[-136.16,67.35],[-136.15,67.34],[-136.14,67.33],[-136.13,67.32],[-136.13,67.31],[-136.12,67.31],[-136.12,67.3],[-136.11,67.3],[-136.11,67.29],[-136.11,67.28],[-136.12,67.27],[-136.12,67.26],[-136.13,67.25],[-136.14,67.24],[-136.14,67.23],[-136.15,67.22],[-136.16,67.21],[-136.17,67.21],[-136.18,67.2],[-136.2,67.19],[-136.22,67.19],[-136.23,67.18],[-136.24,67.18],[-136.24,67.17],[-136.23,67.16],[-136.21,67.15],[-136.2,67.14],[-136.19,67.14],[-136.2,67.13],[-136.2,67.12],[-136.2,67.11],[-136.2,67.1],[-136.2,67.09],[-136.2,67.08],[-136.19,67.07],[-136.19,67.06],[-136.18,67.05],[-136.18,67.04],[-136.18,67.03],[-136.17,67.02],[-136.17,67.01],[-136.17,67],[-136.16,67],[-135.06,67],[-135.01,67],[-134.01,67],[-133.82,67],[-133.83,66.99],[-133.84,66.99],[-133.87,66.98],[-133.9,66.98],[-133.94,66.98],[-133.96,66.98],[-133.98,66.98],[-134,66.98],[-134.01,66.98],[-134.04,66.98],[-134.05,66.97],[-134.07,66.97],[-134.09,66.97],[-134.1,66.97],[-134.11,66.97],[-134.11,66.96],[-134.12,66.96],[-134.12,66.95],[-134.11,66.94],[-134.1,66.93],[-134.08,66.93],[-134.07,66.92],[-134.06,66.92],[-134.05,66.92],[-134.02,66.91],[-134,66.91],[-133.98,66.91],[-133.96,66.91],[-133.95,66.91],[-133.93,66.9],[-133.92,66.89],[-133.91,66.88],[-133.9,66.88],[-133.89,66.87],[-133.88,66.86],[-133.87,66.86],[-133.85,66.85],[-133.84,66.84],[-133.82,66.84],[-133.82,66.83],[-133.81,66.83],[-133.81,66.82],[-133.8,66.82],[-133.79,66.81],[-133.78,66.81],[-133.77,66.8],[-133.76,66.79],[-133.77,66.79],[-133.77,66.78],[-133.78,66.77],[-133.78,66.76],[-133.79,66.75],[-133.79,66.74],[-133.8,66.73],[-133.81,66.73],[-133.83,66.73],[-133.84,66.72],[-133.85,66.72],[-133.85,66.71],[-133.84,66.7],[-133.83,66.7],[-133.82,66.7],[-133.81,66.69],[-133.79,66.69],[-133.78,66.68],[-133.77,66.68],[-133.76,66.68],[-133.75,66.67],[-133.76,66.66],[-133.78,66.66],[-133.79,66.65],[-133.8,66.65],[-133.8,66.64],[-133.78,66.63],[-133.77,66.63],[-133.75,66.62],[-133.74,66.61],[-133.72,66.61],[-133.7,66.6],[-133.69,66.6],[-133.67,66.59],[-133.67,66.58],[-133.66,66.58],[-133.65,66.57],[-133.64,66.57],[-133.62,66.56],[-133.61,66.56],[-133.6,66.56],[-133.61,66.55],[-133.62,66.54],[-133.63,66.54],[-133.64,66.53],[-133.66,66.53],[-133.68,66.53],[-133.7,66.52],[-133.7,66.51],[-133.69,66.5],[-133.69,66.49],[-133.69,66.48],[-133.68,66.48],[-133.67,66.47],[-133.65,66.47],[-133.65,66.46],[-133.64,66.45],[-133.63,66.44],[-133.63,66.43],[-133.64,66.43],[-133.65,66.43],[-133.66,66.43],[-133.69,66.44],[-133.7,66.44],[-133.72,66.44],[-133.74,66.43],[-133.76,66.43],[-133.76,66.42],[-133.78,66.42],[-133.78,66.41],[-133.79,66.4],[-133.79,66.39],[-133.79,66.38],[-133.8,66.38],[-133.79,66.37],[-133.79,66.36],[-133.8,66.36],[-133.8,66.35],[-133.81,66.35],[-133.82,66.34],[-133.83,66.34],[-133.84,66.33],[-133.84,66.32],[-133.84,66.31],[-133.83,66.3],[-133.82,66.3],[-133.81,66.3],[-133.79,66.3],[-133.78,66.3],[-133.75,66.3],[-133.73,66.3],[-133.72,66.3],[-133.7,66.3],[-133.69,66.3],[-133.68,66.3],[-133.67,66.3],[-133.65,66.3],[-133.63,66.29],[-133.62,66.29],[-133.61,66.28],[-133.6,66.28],[-133.6,66.27],[-133.59,66.27],[-133.59,66.26],[-133.59,66.25],[-133.59,66.24],[-133.59,66.23],[-133.59,66.22],[-133.59,66.21],[-133.58,66.2],[-133.58,66.19],[-133.57,66.19],[-133.57,66.18],[-133.57,66.17],[-133.57,66.16],[-133.57,66.15],[-133.58,66.14],[-133.59,66.13],[-133.6,66.12],[-133.61,66.12],[-133.61,66.11],[-133.63,66.11],[-133.64,66.1],[-133.65,66.1],[-133.67,66.09],[-133.68,66.08],[-133.68,66.07],[-133.67,66.06],[-133.66,66.05],[-133.64,66.05],[-133.63,66.04],[-133.62,66.04],[-133.61,66.04],[-133.6,66.04],[-133.59,66.04],[-133.59,66.03],[-133.59,66.02],[-133.6,66.02],[-133.61,66.01],[-133.62,66.01],[-133.62,66],[-133.63,65.99],[-133.64,65.99],[-133.64,65.98],[-133.64,65.97],[-133.63,65.96],[-133.61,65.96],[-133.6,65.95],[-133.59,65.95],[-133.58,65.95],[-133.56,65.95],[-133.54,65.95],[-133.53,65.95],[-133.51,65.95],[-133.47,65.94],[-133.46,65.94],[-133.45,65.94],[-133.44,65.93],[-133.43,65.93],[-133.42,65.93],[-133.4,65.94],[-133.39,65.94],[-133.37,65.95],[-133.36,65.95],[-133.34,65.96],[-133.31,65.97],[-133.3,65.97],[-133.29,65.98],[-133.28,65.98],[-133.25,65.99],[-133.24,66],[-133.23,66],[-133.21,66],[-133.19,66.01],[-133.16,66.02],[-133.13,66.02],[-133.11,66.02],[-133.09,66.02],[-133.06,66.02],[-133.03,66.02],[-133.01,66.02],[-133,66.02],[-132.97,66.02],[-132.96,66.01],[-132.93,66.01],[-132.92,66.01],[-132.91,66],[-132.9,66],[-132.91,66],[-132.92,65.99],[-132.93,65.98],[-132.94,65.97],[-132.95,65.96],[-132.96,65.96],[-132.97,65.95],[-132.97,65.94],[-132.98,65.93],[-132.99,65.93],[-132.99,65.92],[-132.97,65.91],[-132.95,65.91],[-132.92,65.9],[-132.9,65.9],[-132.89,65.9],[-132.87,65.9],[-132.85,65.91],[-132.83,65.91],[-132.82,65.92],[-132.81,65.93],[-132.8,65.94],[-132.79,65.95],[-132.78,65.96],[-132.76,65.97],[-132.75,65.98],[-132.74,65.98],[-132.72,65.99],[-132.71,65.99],[-132.68,66],[-132.67,66.01],[-132.66,66.01],[-132.63,66.02],[-132.62,66.02],[-132.61,66.02],[-132.6,66.02],[-132.59,66.02],[-132.57,66.02],[-132.55,66.02],[-132.54,66.02],[-132.54,66.01],[-132.53,66],[-132.51,66],[-132.5,65.99],[-132.47,65.99],[-132.45,65.99],[-132.44,65.99],[-132.41,65.99],[-132.4,65.99],[-132.38,65.99],[-132.37,65.99],[-132.36,65.99],[-132.34,65.98],[-132.33,65.98],[-132.33,65.97],[-132.33,65.96],[-132.34,65.96],[-132.34,65.95],[-132.35,65.94],[-132.37,65.94],[-132.39,65.94],[-132.41,65.94],[-132.42,65.93],[-132.43,65.93],[-132.44,65.92],[-132.45,65.92],[-132.46,65.91],[-132.47,65.9],[-132.49,65.9],[-132.51,65.89],[-132.53,65.89],[-132.55,65.89],[-132.56,65.88],[-132.57,65.87],[-132.58,65.86],[-132.57,65.85],[-132.56,65.84],[-132.55,65.83],[-132.53,65.82],[-132.52,65.81],[-132.49,65.8],[-132.47,65.8],[-132.45,65.79],[-132.43,65.78],[-132.4,65.77],[-132.39,65.77],[-132.38,65.76],[-132.36,65.75],[-132.34,65.74],[-132.33,65.73],[-132.31,65.72],[-132.3,65.71],[-132.29,65.7],[-132.28,65.69],[-132.26,65.67],[-132.25,65.67],[-132.24,65.65],[-132.23,65.64],[-132.22,65.63],[-132.2,65.61],[-132.19,65.61],[-132.18,65.6],[-132.18,65.59],[-132.19,65.58],[-132.2,65.58],[-132.22,65.56],[-132.24,65.55],[-132.26,65.54],[-132.26,65.53],[-132.28,65.52],[-132.29,65.52],[-132.29,65.51],[-132.31,65.5],[-132.32,65.49],[-132.32,65.48],[-132.33,65.48],[-132.33,65.47],[-132.33,65.46],[-132.33,65.45],[-132.34,65.45],[-132.34,65.44],[-132.36,65.44],[-132.38,65.42],[-132.4,65.42],[-132.41,65.41],[-132.42,65.4],[-132.44,65.4],[-132.45,65.39],[-132.47,65.38],[-132.48,65.37],[-132.5,65.37],[-132.5,65.36],[-132.52,65.36],[-132.53,65.36],[-132.54,65.35],[-132.54,65.34],[-132.55,65.34],[-132.55,65.33],[-132.56,65.32],[-132.56,65.31],[-132.56,65.3],[-132.57,65.29],[-132.59,65.28],[-132.61,65.28],[-132.62,65.28],[-132.63,65.27],[-132.64,65.27],[-132.66,65.26],[-132.69,65.25],[-132.71,65.25],[-132.72,65.24],[-132.73,65.24],[-132.75,65.24],[-132.77,65.23],[-132.76,65.23],[-132.75,65.23],[-132.74,65.23],[-132.73,65.23],[-132.72,65.23],[-132.71,65.23],[-132.7,65.23],[-132.71,65.22],[-132.72,65.22],[-132.73,65.22],[-132.75,65.21],[-132.76,65.21],[-132.77,65.2],[-132.78,65.2],[-132.78,65.19],[-132.77,65.18],[-132.77,65.17],[-132.76,65.17],[-132.75,65.16],[-132.74,65.16],[-132.72,65.16],[-132.7,65.16],[-132.69,65.16],[-132.67,65.16],[-132.66,65.17],[-132.65,65.17],[-132.63,65.18],[-132.62,65.18],[-132.6,65.19],[-132.58,65.19],[-132.56,65.19],[-132.55,65.19],[-132.54,65.18],[-132.53,65.18],[-132.52,65.17],[-132.52,65.16],[-132.53,65.15],[-132.54,65.15],[-132.54,65.14],[-132.56,65.13],[-132.57,65.13],[-132.57,65.12],[-132.57,65.11],[-132.57,65.1],[-132.56,65.09],[-132.55,65.09],[-132.53,65.08],[-132.51,65.07],[-132.49,65.07],[-132.47,65.07],[-132.46,65.07],[-132.45,65.07],[-132.42,65.08],[-132.4,65.08],[-132.38,65.08],[-132.37,65.08],[-132.35,65.08],[-132.34,65.07],[-132.34,65.06],[-132.34,65.05],[-132.34,65.04],[-132.34,65.03],[-132.36,65.02],[-132.37,65.02],[-132.39,65.01],[-132.41,65],[-132.42,65],[-132.43,65],[-132.44,64.99],[-132.46,64.99],[-132.47,64.98],[-132.48,64.97],[-132.49,64.97],[-132.51,64.96],[-132.52,64.95],[-132.51,64.95],[-132.51,64.94],[-132.5,64.94],[-132.49,64.93],[-132.48,64.92],[-132.47,64.92],[-132.47,64.91],[-132.47,64.9],[-132.47,64.89],[-132.49,64.89],[-132.5,64.87],[-132.52,64.87],[-132.53,64.86],[-132.55,64.86],[-132.56,64.85],[-132.57,64.85],[-132.58,64.84],[-132.6,64.84],[-132.61,64.83],[-132.62,64.83],[-132.62,64.82],[-132.62,64.81],[-132.61,64.81],[-132.6,64.81],[-132.58,64.8],[-132.57,64.79],[-132.57,64.78],[-132.56,64.78],[-132.55,64.78],[-132.53,64.78],[-132.52,64.79],[-132.5,64.79],[-132.48,64.79],[-132.47,64.79],[-132.45,64.78],[-132.43,64.78],[-132.41,64.78],[-132.39,64.79],[-132.36,64.79],[-132.34,64.78],[-132.32,64.78],[-132.31,64.77],[-132.29,64.76],[-132.28,64.76],[-132.26,64.75],[-132.24,64.74],[-132.23,64.74],[-132.21,64.73],[-132.2,64.72],[-132.18,64.72],[-132.16,64.71],[-132.15,64.71],[-132.14,64.7],[-132.13,64.7],[-132.1,64.7],[-132.08,64.7],[-132.06,64.69],[-132.05,64.69],[-132.04,64.69],[-132.03,64.68],[-132.02,64.67],[-132.02,64.66],[-132.01,64.65],[-132.01,64.64],[-132,64.64],[-132,64.63],[-132,64.62],[-131.99,64.61],[-131.98,64.61],[-131.96,64.59],[-131.95,64.59],[-131.94,64.58],[-131.93,64.58],[-131.92,64.57],[-131.91,64.57],[-131.9,64.56],[-131.89,64.56],[-131.88,64.55],[-131.87,64.55],[-131.85,64.54],[-131.83,64.54],[-131.81,64.54],[-131.79,64.54],[-131.78,64.53],[-131.76,64.53],[-131.75,64.53],[-131.73,64.53],[-131.72,64.53],[-131.71,64.53],[-131.7,64.52],[-131.69,64.52],[-131.69,64.51],[-131.69,64.5],[-131.7,64.5],[-131.7,64.49],[-131.7,64.48],[-131.72,64.48],[-131.72,64.47],[-131.74,64.46],[-131.75,64.46],[-131.76,64.45],[-131.78,64.45],[-131.79,64.45],[-131.81,64.44],[-131.82,64.44],[-131.84,64.44],[-131.85,64.43],[-131.87,64.42],[-131.88,64.41],[-131.9,64.41],[-131.9,64.4],[-131.91,64.39],[-131.9,64.38],[-131.88,64.38],[-131.87,64.37],[-131.84,64.37],[-131.81,64.37],[-131.79,64.37],[-131.77,64.37],[-131.75,64.37],[-131.73,64.38],[-131.71,64.38],[-131.7,64.38],[-131.69,64.38],[-131.68,64.38],[-131.67,64.38],[-131.66,64.37],[-131.65,64.36],[-131.64,64.36],[-131.63,64.36],[-131.61,64.36],[-131.6,64.36],[-131.59,64.37],[-131.58,64.37],[-131.57,64.38],[-131.56,64.38],[-131.54,64.39],[-131.52,64.39],[-131.51,64.39],[-131.5,64.39],[-131.47,64.39],[-131.46,64.39],[-131.45,64.39],[-131.44,64.4],[-131.44,64.41],[-131.43,64.42],[-131.44,64.43],[-131.45,64.44],[-131.45,64.45],[-131.44,64.45],[-131.43,64.45],[-131.4,64.45],[-131.38,64.45],[-131.36,64.45],[-131.35,64.45],[-131.33,64.44],[-131.31,64.44],[-131.28,64.44],[-131.26,64.43],[-131.25,64.43],[-131.23,64.42],[-131.22,64.42],[-131.2,64.41],[-131.18,64.41],[-131.17,64.41],[-131.16,64.4],[-131.15,64.4],[-131.14,64.4],[-131.13,64.39],[-131.12,64.39],[-131.11,64.38],[-131.1,64.37],[-131.09,64.36],[-131.09,64.35],[-131.08,64.34],[-131.07,64.34],[-131.06,64.33],[-131.05,64.33],[-131.05,64.32],[-131.06,64.31],[-131.07,64.31],[-131.08,64.3],[-131.09,64.29],[-131.08,64.28],[-131.08,64.27],[-131.07,64.27],[-131.07,64.26],[-131.05,64.26],[-131.03,64.25],[-131.02,64.25],[-131,64.25],[-130.98,64.25],[-130.97,64.24],[-130.96,64.23],[-130.95,64.22],[-130.96,64.21],[-130.97,64.2],[-130.96,64.19],[-130.94,64.19],[-130.93,64.19],[-130.91,64.19],[-130.89,64.18],[-130.88,64.18],[-130.87,64.17],[-130.87,64.16],[-130.88,64.16],[-130.9,64.15],[-130.91,64.15],[-130.93,64.14],[-130.94,64.14],[-130.97,64.13],[-130.98,64.13],[-130.98,64.12],[-130.97,64.12],[-130.97,64.11],[-130.95,64.11],[-130.95,64.1],[-130.93,64.1],[-130.91,64.09],[-130.9,64.09],[-130.9,64.08],[-130.9,64.07],[-130.9,64.06],[-130.9,64.05],[-130.89,64.05],[-130.88,64.04],[-130.86,64.04],[-130.85,64.04],[-130.84,64.04],[-130.82,64.04],[-130.81,64.04],[-130.79,64.04],[-130.77,64.04],[-130.74,64.03],[-130.73,64.03],[-130.72,64.03],[-130.73,64.03],[-130.75,64.02],[-130.76,64.02],[-130.77,64.01],[-130.78,64.01],[-130.79,64],[-130.8,64],[-130.8,63.99],[-130.79,63.98],[-130.78,63.98],[-130.77,63.97],[-130.76,63.97],[-130.75,63.97],[-130.73,63.96],[-130.71,63.96],[-130.7,63.95],[-130.69,63.95],[-130.67,63.95],[-130.66,63.94],[-130.64,63.94],[-130.63,63.94],[-130.61,63.93],[-130.6,63.93],[-130.58,63.93],[-130.57,63.93],[-130.55,63.93],[-130.53,63.93],[-130.52,63.92],[-130.51,63.92],[-130.5,63.92],[-130.49,63.91],[-130.47,63.9],[-130.46,63.9],[-130.45,63.89],[-130.44,63.89],[-130.43,63.88],[-130.42,63.87],[-130.4,63.86],[-130.38,63.85],[-130.38,63.84],[-130.37,63.84],[-130.37,63.83],[-130.37,63.82],[-130.35,63.82],[-130.34,63.82],[-130.32,63.82],[-130.31,63.83],[-130.3,63.83],[-130.29,63.84],[-130.28,63.85],[-130.28,63.86],[-130.27,63.87],[-130.26,63.87],[-130.25,63.87],[-130.24,63.87],[-130.22,63.87],[-130.19,63.87],[-130.18,63.87],[-130.16,63.87],[-130.15,63.87],[-130.14,63.87],[-130.13,63.87],[-130.13,63.86],[-130.14,63.85],[-130.14,63.84],[-130.15,63.83],[-130.15,63.82],[-130.16,63.81],[-130.16,63.8],[-130.15,63.79],[-130.14,63.79],[-130.13,63.79],[-130.13,63.78],[-130.13,63.77],[-130.14,63.76],[-130.15,63.76],[-130.17,63.75],[-130.19,63.75],[-130.2,63.74],[-130.22,63.74],[-130.23,63.74],[-130.25,63.73],[-130.27,63.73],[-130.28,63.73],[-130.29,63.73],[-130.31,63.73],[-130.32,63.73],[-130.32,63.72],[-130.34,63.72],[-130.35,63.72],[-130.35,63.71],[-130.35,63.7],[-130.34,63.7],[-130.34,63.69],[-130.33,63.68],[-130.32,63.67],[-130.31,63.66],[-130.3,63.66],[-130.28,63.66],[-130.27,63.66],[-130.26,63.66],[-130.25,63.66],[-130.24,63.66],[-130.23,63.66],[-130.2,63.67],[-130.19,63.67],[-130.18,63.68],[-130.17,63.68],[-130.14,63.69],[-130.13,63.69],[-130.11,63.7],[-130.1,63.7],[-130.1,63.69],[-130.1,63.68],[-130.11,63.68],[-130.11,63.67],[-130.12,63.67],[-130.12,63.66],[-130.12,63.65],[-130.13,63.65],[-130.13,63.64],[-130.12,63.64],[-130.12,63.63],[-130.11,63.63],[-130.1,63.62],[-130.09,63.62],[-130.08,63.61],[-130.07,63.61],[-130.05,63.61],[-130.04,63.61],[-130.02,63.62],[-130.01,63.62],[-129.99,63.62],[-129.97,63.61],[-129.96,63.61],[-129.95,63.6],[-129.95,63.59],[-129.96,63.59],[-129.97,63.58],[-129.98,63.57],[-130,63.57],[-130,63.56],[-129.99,63.56],[-129.97,63.56],[-129.96,63.56],[-129.95,63.56],[-129.94,63.56],[-129.93,63.56],[-129.92,63.55],[-129.91,63.55],[-129.91,63.54],[-129.9,63.53],[-129.89,63.52],[-129.88,63.51],[-129.87,63.51],[-129.86,63.5],[-129.86,63.49],[-129.85,63.49],[-129.84,63.48],[-129.83,63.48],[-129.83,63.47],[-129.82,63.46],[-129.83,63.46],[-129.84,63.46],[-129.85,63.46],[-129.86,63.46],[-129.88,63.47],[-129.89,63.47],[-129.9,63.46],[-129.91,63.46],[-129.91,63.45],[-129.92,63.45],[-129.92,63.44],[-129.93,63.44],[-129.93,63.43],[-129.93,63.42],[-129.92,63.41],[-129.92,63.4],[-129.91,63.4],[-129.91,63.39],[-129.91,63.38],[-129.93,63.37],[-129.94,63.36],[-129.95,63.36],[-129.97,63.35],[-129.98,63.35],[-129.99,63.35],[-130.01,63.35],[-130.03,63.35],[-130.04,63.35],[-130.05,63.35],[-130.06,63.34],[-130.07,63.34],[-130.08,63.34],[-130.08,63.33],[-130.09,63.33],[-130.09,63.32],[-130.1,63.32],[-130.11,63.32],[-130.12,63.32],[-130.13,63.32],[-130.15,63.32],[-130.16,63.32],[-130.16,63.31],[-130.17,63.3],[-130.16,63.3],[-130.16,63.29],[-130.17,63.28],[-130.17,63.27],[-130.17,63.26],[-130.16,63.25],[-130.15,63.26],[-130.14,63.25],[-130.13,63.25],[-130.11,63.25],[-130.09,63.26],[-130.08,63.26],[-130.07,63.26],[-130.06,63.26],[-130.05,63.26],[-130.04,63.26],[-130.04,63.25],[-130.03,63.25],[-130.03,63.24],[-130.03,63.23],[-130.02,63.22],[-130.02,63.21],[-130.01,63.2],[-130,63.2],[-129.99,63.2],[-129.97,63.2],[-129.95,63.2],[-129.94,63.2],[-129.93,63.2],[-129.92,63.19],[-129.91,63.19],[-129.9,63.18],[-129.89,63.18],[-129.88,63.17],[-129.88,63.16],[-129.88,63.15],[-129.87,63.15],[-129.86,63.13],[-129.85,63.13],[-129.85,63.12],[-129.84,63.12],[-129.84,63.11],[-129.84,63.1],[-129.84,63.09],[-129.83,63.09],[-129.82,63.08],[-129.81,63.08],[-129.8,63.08],[-129.78,63.07],[-129.76,63.07],[-129.75,63.07],[-129.73,63.07],[-129.71,63.07],[-129.7,63.07],[-129.69,63.08],[-129.67,63.08],[-129.66,63.08],[-129.65,63.07],[-129.64,63.06],[-129.63,63.06],[-129.62,63.05],[-129.62,63.03],[-129.63,63.03],[-129.64,63.02],[-129.65,63.02],[-129.65,63.01],[-129.66,63],[-129.66,62.99],[-129.67,62.98],[-129.68,62.97],[-129.69,62.96],[-129.7,62.95],[-129.7,62.94],[-129.71,62.94],[-129.71,62.93],[-129.71,62.92],[-129.71,62.91],[-129.72,62.91],[-129.73,62.9],[-129.74,62.9],[-129.75,62.9],[-129.76,62.89],[-129.77,62.89],[-129.77,62.88],[-129.78,62.87],[-129.77,62.87],[-129.77,62.86],[-129.76,62.85],[-129.75,62.84],[-129.73,62.84],[-129.71,62.83],[-129.7,62.82],[-129.69,62.82],[-129.68,62.81],[-129.66,62.8],[-129.66,62.79],[-129.65,62.78],[-129.65,62.77],[-129.64,62.77],[-129.65,62.76],[-129.64,62.76],[-129.64,62.75],[-129.64,62.74],[-129.64,62.73],[-129.63,62.72],[-129.63,62.71],[-129.62,62.7],[-129.61,62.69],[-129.6,62.69],[-129.58,62.69],[-129.57,62.69],[-129.56,62.69],[-129.55,62.69],[-129.54,62.68],[-129.54,62.67],[-129.55,62.66],[-129.54,62.65],[-129.54,62.64],[-129.53,62.64],[-129.52,62.63],[-129.51,62.63],[-129.5,62.63],[-129.51,62.61],[-129.52,62.6],[-129.53,62.59],[-129.54,62.58],[-129.55,62.57],[-129.56,62.57],[-129.55,62.56],[-129.53,62.56],[-129.52,62.57],[-129.5,62.57],[-129.49,62.57],[-129.47,62.57],[-129.46,62.58],[-129.45,62.58],[-129.44,62.58],[-129.43,62.58],[-129.41,62.57],[-129.39,62.56],[-129.38,62.56],[-129.38,62.55],[-129.37,62.55],[-129.36,62.54],[-129.35,62.54],[-129.33,62.53],[-129.32,62.53],[-129.3,62.53],[-129.29,62.53],[-129.28,62.52],[-129.26,62.52],[-129.25,62.52],[-129.24,62.52],[-129.23,62.51],[-129.22,62.51],[-129.21,62.5],[-129.2,62.5],[-129.2,62.49],[-129.19,62.49],[-129.18,62.48],[-129.19,62.47],[-129.19,62.46],[-129.2,62.46],[-129.22,62.45],[-129.23,62.45],[-129.25,62.45],[-129.26,62.45],[-129.27,62.45],[-129.28,62.44],[-129.29,62.43],[-129.3,62.42],[-129.31,62.41],[-129.31,62.4],[-129.3,62.4],[-129.3,62.39],[-129.29,62.38],[-129.28,62.38],[-129.26,62.38],[-129.25,62.38],[-129.25,62.37],[-129.26,62.36],[-129.26,62.35],[-129.27,62.34],[-129.28,62.33],[-129.29,62.33],[-129.29,62.32],[-129.3,62.32],[-129.3,62.31],[-129.3,62.3],[-129.29,62.3],[-129.29,62.29],[-129.29,62.28],[-129.29,62.27],[-129.29,62.26],[-129.28,62.25],[-129.27,62.24],[-129.26,62.24],[-129.25,62.23],[-129.24,62.23],[-129.23,62.23],[-129.22,62.22],[-129.21,62.22],[-129.21,62.21],[-129.21,62.2],[-129.21,62.19],[-129.22,62.18],[-129.23,62.17],[-129.24,62.17],[-129.26,62.16],[-129.28,62.16],[-129.28,62.15],[-129.27,62.15],[-129.26,62.15],[-129.24,62.15],[-129.22,62.14],[-129.21,62.14],[-129.2,62.13],[-129.19,62.12],[-129.18,62.12],[-129.16,62.12],[-129.15,62.11],[-129.14,62.11],[-129.13,62.11],[-129.12,62.11],[-129.11,62.11],[-129.1,62.12],[-129.09,62.12],[-129.07,62.12],[-129.06,62.12],[-129.05,62.12],[-129.03,62.13],[-129,62.12],[-128.98,62.12],[-128.96,62.12],[-128.94,62.12],[-128.92,62.12],[-128.91,62.12],[-128.9,62.11],[-128.89,62.11],[-128.88,62.1],[-128.87,62.1],[-128.86,62.1],[-128.85,62.09],[-128.85,62.08],[-128.84,62.08],[-128.83,62.07],[-128.82,62.07],[-128.8,62.06],[-128.79,62.06],[-128.78,62.06],[-128.77,62.06],[-128.76,62.06],[-128.76,62.07],[-128.75,62.08],[-128.75,62.09],[-128.74,62.09],[-128.74,62.1],[-128.73,62.1],[-128.72,62.11],[-128.71,62.12],[-128.7,62.12],[-128.69,62.12],[-128.68,62.12],[-128.66,62.12],[-128.65,62.12],[-128.63,62.12],[-128.62,62.12],[-128.61,62.12],[-128.6,62.12],[-128.58,62.12],[-128.56,62.11],[-128.55,62.11],[-128.54,62.1],[-128.53,62.1],[-128.51,62.09],[-128.5,62.08],[-128.49,62.08],[-128.48,62.07],[-128.46,62.06],[-128.44,62.05],[-128.43,62.05],[-128.42,62.04],[-128.41,62.03],[-128.4,62.02],[-128.39,62.01],[-128.38,62],[-128.38,61.99],[-128.37,61.98],[-128.36,61.97],[-128.35,61.97],[-128.34,61.96],[-128.33,61.96],[-128.31,61.95],[-128.3,61.95],[-128.29,61.95],[-128.27,61.94],[-128.26,61.93],[-128.26,61.92],[-128.25,61.91],[-128.25,61.9],[-128.25,61.89],[-128.25,61.88],[-128.24,61.87],[-128.24,61.86],[-128.22,61.86],[-128.21,61.85],[-128.2,61.85],[-128.19,61.85],[-128.18,61.85],[-128.16,61.85],[-128.14,61.85],[-128.13,61.85],[-128.12,61.85],[-128.11,61.85],[-128.08,61.84],[-128.07,61.84],[-128.06,61.83],[-128.05,61.83],[-128.04,61.82],[-128.03,61.81],[-128.03,61.8],[-128.03,61.79],[-128.04,61.78],[-128.05,61.77],[-128.06,61.77],[-128.08,61.76],[-128.09,61.75],[-128.09,61.74],[-128.08,61.74],[-128.07,61.73],[-128.05,61.73],[-128.05,61.72],[-128.04,61.72],[-128.03,61.72],[-128.02,61.72],[-128.01,61.71],[-128,61.7],[-127.98,61.69],[-127.96,61.69],[-127.95,61.68],[-127.94,61.67],[-127.92,61.67],[-127.91,61.66],[-127.89,61.65],[-127.87,61.65],[-127.86,61.64],[-127.84,61.63],[-127.83,61.62],[-127.82,61.62],[-127.8,61.61],[-127.79,61.6],[-127.78,61.6],[-127.77,61.6],[-127.74,61.59],[-127.72,61.59],[-127.7,61.59],[-127.68,61.59],[-127.67,61.58],[-127.66,61.58],[-127.66,61.57],[-127.66,61.56],[-127.66,61.55],[-127.65,61.55],[-127.64,61.54],[-127.62,61.54],[-127.61,61.53],[-127.6,61.53],[-127.58,61.52],[-127.57,61.52],[-127.56,61.52],[-127.54,61.51],[-127.53,61.5],[-127.52,61.5],[-127.5,61.5],[-127.48,61.5],[-127.47,61.5],[-127.45,61.5],[-127.43,61.5],[-127.41,61.5],[-127.38,61.5],[-127.36,61.51],[-127.35,61.51],[-127.33,61.51],[-127.31,61.51],[-127.3,61.51],[-127.27,61.51],[-127.26,61.5],[-127.25,61.5],[-127.24,61.49],[-127.23,61.49],[-127.23,61.48],[-127.21,61.48],[-127.2,61.47],[-127.18,61.47],[-127.17,61.46],[-127.14,61.46],[-127.13,61.46],[-127.12,61.46],[-127.13,61.45],[-127.13,61.44],[-127.13,61.43],[-127.13,61.42],[-127.13,61.41],[-127.13,61.4],[-127.12,61.4],[-127.12,61.39],[-127.11,61.39],[-127.1,61.38],[-127.09,61.38],[-127.08,61.37],[-127.08,61.36],[-127.08,61.35],[-127.07,61.34],[-127.07,61.33],[-127.06,61.32],[-127.06,61.31],[-127.06,61.3],[-127.05,61.29],[-127.05,61.28],[-127.05,61.27],[-127.05,61.26],[-127.04,61.25],[-127.04,61.24],[-127.03,61.23],[-127.02,61.23],[-127.01,61.23],[-127,61.23],[-126.98,61.22],[-126.99,61.22],[-126.99,61.2],[-126.99,61.19],[-126.99,61.18],[-126.99,61.17],[-127,61.16],[-127.01,61.16],[-127.01,61.15],[-127.02,61.14],[-127.02,61.13],[-127.02,61.12],[-127.02,61.11],[-127.03,61.11],[-127.04,61.1],[-127.06,61.1],[-127.07,61.09],[-127.08,61.09],[-127.08,61.08],[-127.09,61.07],[-127.09,61.06],[-127.09,61.05],[-127.08,61.04],[-127.08,61.03],[-127.07,61.03],[-127.05,61.03],[-127.05,61.04],[-127.03,61.05],[-127.02,61.05],[-126.99,61.05],[-126.97,61.05],[-126.95,61.05],[-126.93,61.04],[-126.93,61.03],[-126.93,61.02],[-126.92,61.01],[-126.92,61],[-126.91,60.99],[-126.9,60.98],[-126.89,60.97],[-126.89,60.95],[-126.89,60.94],[-126.89,60.93],[-126.89,60.92],[-126.89,60.91],[-126.89,60.9],[-126.89,60.88],[-126.89,60.86],[-126.89,60.85],[-126.89,60.84],[-126.88,60.83],[-126.86,60.82],[-126.85,60.81],[-126.85,60.8],[-126.86,60.79],[-126.86,60.78],[-126.85,60.77],[-126.84,60.77],[-126.83,60.76],[-126.82,60.76],[-126.81,60.76],[-126.8,60.76],[-126.8,60.77],[-126.79,60.78],[-126.78,60.78],[-126.76,60.78],[-126.75,60.78],[-126.74,60.78],[-126.72,60.78],[-126.71,60.78],[-126.7,60.77],[-126.69,60.76],[-126.68,60.75],[-126.67,60.75],[-126.66,60.75],[-126.64,60.76],[-126.63,60.77],[-126.6,60.78],[-126.59,60.78],[-126.57,60.79],[-126.55,60.8],[-126.54,60.8],[-126.53,60.81],[-126.52,60.81],[-126.51,60.8],[-126.5,60.8],[-126.49,60.8],[-126.48,60.8],[-126.47,60.79],[-126.45,60.79],[-126.45,60.78],[-126.44,60.78],[-126.41,60.78],[-126.38,60.77],[-126.36,60.77],[-126.33,60.77],[-126.3,60.77],[-126.28,60.77],[-126.26,60.78],[-126.25,60.79],[-126.23,60.8],[-126.23,60.81],[-126.23,60.82],[-126.23,60.83],[-126.23,60.84],[-126.22,60.84],[-126.21,60.85],[-126.2,60.85],[-126.19,60.85],[-126.17,60.86],[-126.15,60.86],[-126.13,60.86],[-126.12,60.86],[-126.11,60.86],[-126.09,60.86],[-126.1,60.85],[-126.1,60.84],[-126.11,60.84],[-126.11,60.83],[-126.1,60.82],[-126.08,60.82],[-126.06,60.82],[-126.04,60.81],[-126.01,60.81],[-126,60.81],[-125.99,60.81],[-125.98,60.81],[-125.96,60.82],[-125.95,60.82],[-125.94,60.83],[-125.94,60.84],[-125.93,60.85],[-125.92,60.86],[-125.92,60.87],[-125.91,60.87],[-125.9,60.88],[-125.89,60.89],[-125.88,60.89],[-125.85,60.89],[-125.84,60.88],[-125.83,60.88],[-125.82,60.87],[-125.81,60.86],[-125.8,60.86],[-125.79,60.85],[-125.78,60.85],[-125.77,60.84],[-125.77,60.83],[-125.76,60.82],[-125.75,60.82],[-125.73,60.81],[-125.71,60.81],[-125.69,60.81],[-125.68,60.81],[-125.65,60.81],[-125.64,60.81],[-125.62,60.82],[-125.6,60.82],[-125.59,60.82],[-125.58,60.82],[-125.57,60.82],[-125.53,60.81],[-125.5,60.8],[-125.49,60.8],[-125.47,60.79],[-125.46,60.79],[-125.44,60.78],[-125.43,60.78],[-125.4,60.77],[-125.39,60.77],[-125.36,60.77],[-125.33,60.77],[-125.31,60.78],[-125.29,60.78],[-125.27,60.79],[-125.25,60.8],[-125.23,60.81],[-125.22,60.81],[-125.21,60.82],[-125.2,60.83],[-125.19,60.84],[-125.18,60.84],[-125.16,60.84],[-125.15,60.84],[-125.14,60.84],[-125.11,60.84],[-125.09,60.84],[-125.06,60.84],[-125.03,60.84],[-125.02,60.85],[-125.01,60.85],[-124.99,60.85],[-124.97,60.85],[-124.95,60.85],[-124.94,60.85],[-124.92,60.85],[-124.9,60.85],[-124.89,60.85],[-124.87,60.85],[-124.87,60.86],[-124.87,60.87],[-124.88,60.88],[-124.88,60.89],[-124.88,60.9],[-124.88,60.91],[-124.87,60.92],[-124.86,60.92],[-124.85,60.93],[-124.84,60.93],[-124.84,60.94],[-124.83,60.94],[-124.82,60.95],[-124.81,60.96],[-124.79,60.95],[-124.77,60.95],[-124.76,60.94],[-124.75,60.94],[-124.74,60.94],[-124.73,60.94],[-124.73,60.95],[-124.71,60.95],[-124.7,60.95],[-124.68,60.94],[-124.67,60.94],[-124.66,60.94],[-124.65,60.95],[-124.64,60.95],[-124.63,60.96],[-124.61,60.96],[-124.6,60.95],[-124.58,60.95],[-124.58,60.94],[-124.58,60.93],[-124.57,60.93],[-124.57,60.92],[-124.57,60.91],[-124.56,60.9],[-124.56,60.89],[-124.56,60.88],[-124.55,60.87],[-124.55,60.85],[-124.54,60.84],[-124.54,60.83],[-124.54,60.82],[-124.53,60.81],[-124.52,60.8],[-124.51,60.8],[-124.49,60.79],[-124.48,60.79],[-124.48,60.78],[-124.49,60.77],[-124.5,60.76],[-124.52,60.75],[-124.53,60.75],[-124.54,60.74],[-124.55,60.73],[-124.56,60.73],[-124.57,60.72],[-124.58,60.72],[-124.6,60.71],[-124.61,60.71],[-124.62,60.7],[-124.62,60.69],[-124.62,60.67],[-124.61,60.66],[-124.6,60.65],[-124.59,60.65],[-124.58,60.64],[-124.57,60.63],[-124.56,60.63],[-124.55,60.62],[-124.54,60.62],[-124.53,60.61],[-124.52,60.6],[-124.5,60.59],[-124.49,60.58],[-124.48,60.58],[-124.47,60.57],[-124.47,60.56],[-124.46,60.56],[-124.45,60.55],[-124.45,60.54],[-124.44,60.53],[-124.43,60.52],[-124.43,60.51],[-124.42,60.5],[-124.42,60.49],[-124.42,60.48],[-124.41,60.48],[-124.39,60.47],[-124.37,60.47],[-124.36,60.47],[-124.35,60.46],[-124.33,60.46],[-124.3,60.46],[-124.27,60.46],[-124.25,60.46],[-124.23,60.46],[-124.2,60.45],[-124.19,60.45],[-124.18,60.44],[-124.19,60.42],[-124.2,60.42],[-124.21,60.41],[-124.21,60.4],[-124.21,60.39],[-124.21,60.38],[-124.21,60.37],[-124.22,60.36],[-124.21,60.35],[-124.21,60.34],[-124.2,60.34],[-124.19,60.33],[-124.19,60.32],[-124.19,60.31],[-124.17,60.31],[-124.16,60.3],[-124.14,60.28],[-124.14,60.27],[-124.14,60.26],[-124.12,60.24],[-124.11,60.23],[-124.11,60.22],[-124.1,60.21],[-124.11,60.2],[-124.1,60.19],[-124.08,60.18],[-124.07,60.17],[-124.05,60.17],[-124.03,60.16],[-124.02,60.15],[-124,60.13],[-124,60.12],[-123.99,60.11],[-123.99,60.1],[-123.98,60.09],[-123.98,60.08],[-123.97,60.06],[-123.96,60.06],[-123.95,60.05],[-123.94,60.05],[-123.93,60.04],[-123.92,60.04],[-123.92,60.03],[-123.91,60.03],[-124,60],[-125,60],[-126,60],[-127,60],[-128,60],[-129,60],[-130,60],[-131,60],[-132,60],[-133,60],[-134,60],[-134.87,60],[-134.88,60],[-134.92,60],[-135,60],[-136,60],[-137,60],[-137.23,60],[-138,60],[-139,60],[-139.04,60]]]}},{"type":"Feature","properties":{"NAME":"British Columbia","CODE":"CA02"},"geometry":{"type":"MultiPolygon","coordinates":[[[[-125.12,48.92],[-125.16,48.91],[-125.18,48.93],[-125.15,48.95],[-125.11,48.96],[-125.09,48.95],[-125.12,48.92]]],[[[-123.86,49.18],[-123.87,49.19],[-123.84,49.2],[-123.81,49.19],[-123.81,49.18],[-123.78,49.17],[-123.74,49.17],[-123.73,49.15],[-123.74,49.15],[-123.78,49.14],[-123.82,49.15],[-123.86,49.17],[-123.86,49.18]]],[[[-123.62,49.04],[-123.67,49.05],[-123.69,49.09],[-123.67,49.09],[-123.64,49.08],[-123.61,49.05],[-123.62,49.04]]],[[[-131.13,54.62],[-131.15,54.61],[-131.17,54.61],[-131.18,54.62],[-131.13,54.62]]],[[[-130.83,54.62],[-130.81,54.61],[-130.83,54.59],[-130.95,54.53],[-130.99,54.52],[-131.03,54.52],[-131.04,54.53],[-131.02,54.57],[-131.03,54.61],[-131,54.62],[-130.98,54.62],[-130.93,54.61],[-130.86,54.62],[-130.83,54.62]]],[[[-130.66,55.66],[-130.65,55.66],[-130.64,55.66],[-130.65,55.65],[-130.65,55.64],[-130.66,55.64],[-130.66,55.63],[-130.66,55.66]]],[[[-130.5,55.31],[-130.5,55.32],[-130.49,55.33],[-130.49,55.34],[-130.48,55.34],[-130.47,55.34],[-130.47,55.33],[-130.48,55.33],[-130.48,55.32],[-130.48,55.31],[-130.49,55.31],[-130.49,55.3],[-130.5,55.3],[-130.5,55.31]]],[[[-130.32,54.95],[-130.31,54.95],[-130.31,54.96],[-130.3,54.96],[-130.29,54.97],[-130.25,54.97],[-130.24,54.95],[-130.25,54.93],[-130.39,54.82],[-130.43,54.8],[-130.47,54.8],[-130.48,54.82],[-130.38,54.89],[-130.32,54.95]]],[[[-130.5,54.89],[-130.5,54.9],[-130.49,54.9],[-130.49,54.91],[-130.49,54.9],[-130.48,54.9],[-130.48,54.91],[-130.47,54.91],[-130.46,54.91],[-130.45,54.91],[-130.5,54.89]]],[[[-123.04,48.49],[-123.05,48.48],[-123.08,48.47],[-123.12,48.5],[-123.18,48.56],[-123.18,48.59],[-123.16,48.61],[-123.13,48.62],[-123.08,48.59],[-123.06,48.57],[-123.07,48.52],[-123.04,48.49]]],[[[-123.38,48.89],[-123.41,48.89],[-123.49,48.91],[-123.57,48.96],[-123.57,48.98],[-123.55,48.98],[-123.45,48.94],[-123.38,48.92],[-123.37,48.9],[-123.38,48.89]]],[[[-123.47,48.74],[-123.5,48.74],[-123.53,48.79],[-123.58,48.9],[-123.56,48.91],[-123.53,48.89],[-123.48,48.87],[-123.43,48.8],[-123.4,48.78],[-123.41,48.77],[-123.46,48.75],[-123.47,48.74]]],[[[-123.25,48.75],[-123.26,48.74],[-123.29,48.74],[-123.31,48.75],[-123.33,48.78],[-123.32,48.8],[-123.3,48.8],[-123.26,48.77],[-123.25,48.75]]],[[[-125.36,50.05],[-125.29,50.01],[-125.1,49.84],[-124.95,49.75],[-124.93,49.72],[-124.96,49.63],[-124.84,49.5],[-124.74,49.47],[-124.6,49.45],[-124.41,49.38],[-124.15,49.32],[-123.97,49.24],[-123.91,49.14],[-123.82,49.1],[-123.74,48.95],[-123.67,48.9],[-123.63,48.84],[-123.62,48.77],[-123.57,48.72],[-123.54,48.67],[-123.55,48.63],[-123.58,48.58],[-123.57,48.56],[-123.53,48.56],[-123.5,48.59],[-123.45,48.7],[-123.42,48.71],[-123.39,48.7],[-123.36,48.66],[-123.35,48.57],[-123.27,48.47],[-123.29,48.43],[-123.32,48.41],[-123.37,48.39],[-123.41,48.39],[-123.48,48.41],[-123.54,48.4],[-123.61,48.35],[-123.63,48.35],[-123.74,48.36],[-123.76,48.38],[-123.8,48.39],[-123.86,48.38],[-123.92,48.39],[-124.16,48.47],[-124.44,48.53],[-124.49,48.59],[-124.59,48.57],[-124.7,48.59],[-124.98,48.71],[-125.16,48.77],[-125.18,48.8],[-125.24,48.81],[-125.24,48.84],[-125.12,48.87],[-125.08,48.89],[-125.01,48.95],[-124.87,49.02],[-124.83,49.12],[-124.84,49.2],[-124.86,49.26],[-124.9,49.25],[-124.91,49.23],[-124.91,49.19],[-124.89,49.15],[-124.88,49.13],[-124.94,49.06],[-124.98,49.02],[-125.01,49.02],[-125.06,49.02],[-125.15,49.01],[-125.24,49.02],[-125.28,49.01],[-125.28,49],[-125.32,48.98],[-125.35,48.98],[-125.37,49.03],[-125.43,49.04],[-125.47,49.02],[-125.51,48.97],[-125.59,48.95],[-125.67,48.97],[-125.72,49.02],[-125.77,49.04],[-125.93,49.09],[-125.97,49.13],[-125.97,49.14],[-125.93,49.15],[-125.82,49.13],[-125.78,49.14],[-125.72,49.19],[-125.72,49.21],[-125.74,49.22],[-125.78,49.2],[-125.81,49.19],[-125.83,49.19],[-125.82,49.23],[-125.88,49.27],[-125.87,49.31],[-125.89,49.33],[-125.93,49.3],[-126.05,49.27],[-126.06,49.27],[-126.07,49.3],[-125.97,49.39],[-125.98,49.41],[-126.01,49.41],[-126.04,49.38],[-126.09,49.36],[-126.11,49.38],[-126.11,49.43],[-126.12,49.45],[-126.21,49.42],[-126.24,49.42],[-126.31,49.44],[-126.34,49.43],[-126.36,49.4],[-126.39,49.39],[-126.42,49.4],[-126.48,49.48],[-126.5,49.48],[-126.53,49.48],[-126.54,49.42],[-126.56,49.41],[-126.6,49.42],[-126.65,49.48],[-126.64,49.52],[-126.61,49.58],[-126.58,49.61],[-126.49,49.63],[-126.36,49.62],[-126.21,49.64],[-126.16,49.66],[-126.17,49.68],[-126.21,49.68],[-126.39,49.65],[-126.45,49.65],[-126.54,49.67],[-126.56,49.68],[-126.58,49.7],[-126.57,49.72],[-126.49,49.77],[-126.51,49.8],[-126.54,49.81],[-126.57,49.8],[-126.6,49.75],[-126.63,49.74],[-126.66,49.75],[-126.72,49.83],[-126.72,49.85],[-126.72,49.87],[-126.7,49.89],[-126.7,49.91],[-126.7,49.92],[-126.72,49.92],[-126.73,49.92],[-126.74,49.91],[-126.78,49.9],[-126.8,49.91],[-126.87,49.99],[-126.91,49.99],[-126.93,49.98],[-126.9,49.94],[-126.91,49.93],[-126.94,49.91],[-126.96,49.91],[-126.98,49.91],[-126.98,49.92],[-126.97,49.94],[-126.97,49.96],[-126.99,49.97],[-127,49.98],[-127.02,49.98],[-127.03,49.96],[-127.02,49.94],[-127.03,49.92],[-127.05,49.9],[-127.07,49.87],[-127.09,49.87],[-127.18,49.87],[-127.26,49.89],[-127.29,49.93],[-127.29,49.96],[-127.26,49.99],[-127.26,50.03],[-127.21,50.12],[-127.2,50.13],[-127.23,50.15],[-127.28,50.13],[-127.31,50.13],[-127.34,50.15],[-127.38,50.15],[-127.39,50.13],[-127.37,50.11],[-127.39,50.09],[-127.41,50.06],[-127.46,50.05],[-127.5,50.06],[-127.54,50.08],[-127.56,50.12],[-127.55,50.16],[-127.57,50.17],[-127.65,50.14],[-127.67,50.15],[-127.7,50.16],[-127.89,50.11],[-127.97,50.12],[-127.97,50.15],[-127.92,50.17],[-127.88,50.22],[-127.87,50.26],[-127.92,50.28],[-127.95,50.34],[-127.99,50.34],[-128.03,50.33],[-128.05,50.34],[-128.06,50.36],[-128.03,50.42],[-127.99,50.45],[-127.9,50.48],[-127.73,50.48],[-127.68,50.46],[-127.62,50.42],[-127.58,50.41],[-127.57,50.43],[-127.64,50.51],[-127.64,50.53],[-127.62,50.55],[-127.56,50.56],[-127.53,50.57],[-127.53,50.59],[-127.54,50.6],[-127.56,50.61],[-127.59,50.61],[-127.6,50.6],[-127.63,50.6],[-127.66,50.6],[-127.7,50.61],[-127.75,50.62],[-127.8,50.63],[-127.85,50.63],[-127.88,50.62],[-127.9,50.61],[-127.89,50.6],[-127.86,50.59],[-127.82,50.59],[-127.79,50.59],[-127.76,50.59],[-127.73,50.58],[-127.72,50.57],[-127.72,50.55],[-127.74,50.54],[-127.76,50.54],[-127.83,50.52],[-127.94,50.51],[-128.02,50.49],[-128.05,50.49],[-128.08,50.52],[-128.07,50.54],[-128.09,50.55],[-128.13,50.53],[-128.15,50.47],[-128.2,50.47],[-128.34,50.58],[-128.37,50.59],[-128.42,50.66],[-128.46,50.69],[-128.5,50.77],[-128.49,50.8],[-128.46,50.81],[-128.31,50.82],[-128.13,50.86],[-128.05,50.87],[-127.56,50.76],[-127.41,50.7],[-127.29,50.64],[-127.09,50.58],[-126.65,50.48],[-126.56,50.49],[-126.4,50.46],[-126.19,50.44],[-126.03,50.41],[-125.92,50.38],[-125.54,50.32],[-125.49,50.23],[-125.36,50.05]]],[[[-123.21,48.79],[-123.18,48.8],[-123.14,48.8],[-123.1,48.79],[-123.1,48.77],[-123.16,48.77],[-123.21,48.79]]],[[[-133.07,54.21],[-133.14,54.22],[-133.16,54.24],[-133.13,54.26],[-133.08,54.24],[-133.06,54.22],[-133.07,54.21]]],[[[-130.3,54.82],[-130.28,54.81],[-130.32,54.76],[-130.38,54.73],[-130.4,54.73],[-130.41,54.76],[-130.37,54.78],[-130.34,54.81],[-130.3,54.82]]],[[[-130.85,54.51],[-130.85,54.49],[-130.87,54.48],[-130.89,54.47],[-130.91,54.47],[-130.93,54.47],[-130.94,54.48],[-130.94,54.5],[-130.91,54.51],[-130.89,54.52],[-130.86,54.52],[-130.85,54.51]]],[[[-130.8,54.46],[-130.78,54.46],[-130.78,54.44],[-130.79,54.44],[-130.82,54.43],[-130.84,54.43],[-130.84,54.44],[-130.84,54.46],[-130.8,54.46]]],[[[-130.79,54.41],[-130.78,54.4],[-130.78,54.38],[-130.8,54.38],[-130.83,54.38],[-130.84,54.39],[-130.84,54.4],[-130.82,54.41],[-130.79,54.41]]],[[[-132.24,53.79],[-132.23,53.77],[-132.23,53.76],[-132.24,53.73],[-132.26,53.72],[-132.28,53.72],[-132.3,53.73],[-132.3,53.75],[-132.29,53.77],[-132.27,53.78],[-132.24,53.79]]],[[[-130.48,54.25],[-130.5,54.26],[-130.52,54.26],[-130.56,54.29],[-130.58,54.31],[-130.6,54.33],[-130.57,54.34],[-130.56,54.34],[-130.55,54.33],[-130.52,54.32],[-130.5,54.3],[-130.47,54.29],[-130.45,54.27],[-130.48,54.25]]],[[[-130.76,54.15],[-130.78,54.14],[-130.83,54.15],[-130.87,54.19],[-130.87,54.21],[-130.84,54.22],[-130.82,54.21],[-130.78,54.19],[-130.75,54.16],[-130.76,54.15]]],[[[-130.67,54.13],[-130.66,54.14],[-130.64,54.14],[-130.62,54.14],[-130.61,54.13],[-130.61,54.11],[-130.62,54.11],[-130.65,54.11],[-130.67,54.13]]],[[[-130.28,54.16],[-130.26,54.14],[-130.25,54.13],[-130.26,54.12],[-130.28,54.12],[-130.32,54.13],[-130.35,54.15],[-130.34,54.16],[-130.32,54.17],[-130.28,54.16]]],[[[-130.22,54.04],[-130.22,54.02],[-130.23,54.01],[-130.25,54],[-130.28,54.01],[-130.3,54.03],[-130.31,54.05],[-130.31,54.07],[-130.29,54.09],[-130.26,54.08],[-130.22,54.04]]],[[[-130.44,53.9],[-130.51,53.88],[-130.64,53.94],[-130.69,53.95],[-130.72,53.94],[-130.73,53.92],[-130.71,53.89],[-130.74,53.88],[-130.76,53.88],[-130.8,53.94],[-130.79,53.96],[-130.71,53.99],[-130.66,54.04],[-130.49,54.09],[-130.41,54.07],[-130.39,54.05],[-130.39,54.04],[-130.33,53.98],[-130.36,53.95],[-130.44,53.9]]],[[[-130.58,53.84],[-130.59,53.83],[-130.63,53.81],[-130.69,53.82],[-130.7,53.83],[-130.63,53.85],[-130.59,53.85],[-130.58,53.84]]],[[[-130.45,53.8],[-130.46,53.79],[-130.49,53.78],[-130.52,53.79],[-130.53,53.81],[-130.51,53.82],[-130.46,53.83],[-130.45,53.8]]],[[[-132.54,53.15],[-132.53,53.14],[-132.56,53.13],[-132.6,53.12],[-132.64,53.11],[-132.67,53.11],[-132.69,53.13],[-132.67,53.14],[-132.63,53.14],[-132.6,53.15],[-132.56,53.15],[-132.54,53.15]]],[[[-132.46,53.74],[-132.55,53.7],[-132.63,53.67],[-132.65,53.67],[-132.64,53.65],[-132.61,53.65],[-132.58,53.66],[-132.54,53.66],[-132.53,53.66],[-132.52,53.64],[-132.56,53.62],[-132.56,53.61],[-132.57,53.59],[-132.56,53.58],[-132.53,53.58],[-132.51,53.6],[-132.41,53.63],[-132.39,53.65],[-132.26,53.67],[-132.26,53.68],[-132.23,53.7],[-132.21,53.72],[-132.21,53.74],[-132.19,53.79],[-132.19,53.82],[-132.14,53.94],[-132.15,53.96],[-132.21,54.03],[-132.18,54.03],[-132.11,54.02],[-132,54.03],[-131.82,54.09],[-131.76,54.15],[-131.73,54.14],[-131.78,53.98],[-131.92,53.84],[-131.94,53.79],[-131.95,53.71],[-132.01,53.57],[-132.01,53.52],[-131.95,53.45],[-132.03,53.3],[-132.05,53.28],[-132.11,53.26],[-132.23,53.25],[-132.28,53.23],[-132.27,53.22],[-132.24,53.21],[-132.27,53.19],[-132.5,53.17],[-132.62,53.19],[-132.71,53.25],[-132.76,53.26],[-132.78,53.28],[-132.75,53.31],[-132.76,53.33],[-132.8,53.33],[-132.83,53.35],[-132.82,53.37],[-132.79,53.38],[-132.69,53.38],[-132.64,53.37],[-132.58,53.32],[-132.53,53.32],[-132.51,53.33],[-132.59,53.38],[-132.58,53.41],[-132.61,53.43],[-132.79,53.45],[-132.85,53.48],[-132.94,53.48],[-132.97,53.52],[-133.03,53.55],[-133.07,53.58],[-133.05,53.63],[-133.11,53.67],[-133.1,53.72],[-133.2,53.78],[-133.2,53.84],[-133.24,53.88],[-133.25,53.96],[-133.23,53.98],[-133.18,54.01],[-133.17,54.03],[-133.19,54.11],[-133.17,54.15],[-133.1,54.16],[-132.91,54.12],[-132.79,54.13],[-132.73,54.12],[-132.7,54.09],[-132.76,53.99],[-132.74,53.98],[-132.72,53.97],[-132.65,54.03],[-132.43,54.11],[-132.38,54.1],[-132.35,54.07],[-132.35,54.05],[-132.25,53.96],[-132.26,53.91],[-132.25,53.87],[-132.27,53.84],[-132.33,53.79],[-132.46,53.74]]],[[[-132.08,53.22],[-132.08,53.21],[-132.1,53.19],[-132.12,53.19],[-132.15,53.2],[-132.15,53.21],[-132.13,53.22],[-132.11,53.23],[-132.08,53.22]]],[[[-130.65,53.51],[-130.68,53.49],[-130.7,53.49],[-130.73,53.5],[-130.74,53.52],[-130.73,53.52],[-130.71,53.53],[-130.68,53.53],[-130.65,53.51]]],[[[-132.31,52.99],[-132.31,52.98],[-132.34,52.97],[-132.36,52.97],[-132.38,52.97],[-132.41,52.98],[-132.42,52.99],[-132.41,53],[-132.38,53.01],[-132.35,53.01],[-132.33,53],[-132.31,52.99]]],[[[-130.46,53.72],[-130.44,53.73],[-130.42,53.74],[-130.42,53.75],[-130.41,53.77],[-130.41,53.78],[-130.4,53.79],[-130.38,53.8],[-130.36,53.79],[-130.34,53.77],[-130.34,53.76],[-130.34,53.74],[-130.32,53.72],[-130.3,53.71],[-130.28,53.71],[-130.26,53.7],[-130.25,53.68],[-130.24,53.66],[-130.24,53.65],[-130.21,53.64],[-130.18,53.62],[-130.17,53.6],[-130.17,53.58],[-130.19,53.57],[-130.21,53.58],[-130.24,53.59],[-130.29,53.61],[-130.3,53.61],[-130.47,53.66],[-130.49,53.69],[-130.46,53.72]]],[[[-130.01,53.55],[-129.99,53.52],[-130,53.51],[-130.03,53.5],[-130.05,53.51],[-130.08,53.54],[-130.07,53.56],[-130.04,53.55],[-130.01,53.55]]],[[[-129,53.8],[-128.97,53.78],[-128.99,53.76],[-129.02,53.74],[-129.04,53.73],[-129.08,53.72],[-129.1,53.72],[-129.12,53.72],[-129.13,53.73],[-129.11,53.75],[-129.09,53.77],[-129.06,53.78],[-129.05,53.78],[-129,53.8]]],[[[-131.78,52.91],[-131.83,52.9],[-131.88,52.91],[-131.96,53.01],[-131.92,53.02],[-131.89,53.02],[-131.79,52.99],[-131.74,52.97],[-131.73,52.96],[-131.74,52.94],[-131.78,52.91]]],[[[-131.77,52.84],[-131.79,52.84],[-131.83,52.84],[-131.86,52.84],[-131.87,52.86],[-131.84,52.87],[-131.82,52.87],[-131.75,52.86],[-131.77,52.84]]],[[[-131.73,52.79],[-131.71,52.78],[-131.7,52.77],[-131.71,52.76],[-131.73,52.75],[-131.77,52.75],[-131.78,52.76],[-131.78,52.77],[-131.73,52.79]]],[[[-129.16,53.67],[-129.13,53.69],[-129.05,53.69],[-128.99,53.7],[-128.94,53.69],[-128.97,53.65],[-128.96,53.62],[-129,53.6],[-129.09,53.61],[-129.15,53.59],[-129.18,53.52],[-129.2,53.49],[-129.22,53.47],[-129.24,53.44],[-129.26,53.43],[-129.27,53.44],[-129.28,53.46],[-129.27,53.48],[-129.22,53.58],[-129.24,53.62],[-129.23,53.65],[-129.16,53.67]]],[[[-129.42,53.38],[-129.43,53.35],[-129.43,53.34],[-129.46,53.34],[-129.48,53.34],[-129.48,53.36],[-129.5,53.38],[-129.5,53.4],[-129.47,53.41],[-129.45,53.41],[-129.42,53.38]]],[[[-129.26,53.39],[-129.28,53.37],[-129.32,53.38],[-129.33,53.39],[-129.33,53.4],[-129.32,53.41],[-129.29,53.41],[-129.28,53.41],[-129.26,53.39]]],[[[-129.89,53.2],[-129.97,53.19],[-130,53.17],[-130.04,53.18],[-130.21,53.35],[-130.29,53.38],[-130.38,53.4],[-130.44,53.45],[-130.53,53.54],[-130.6,53.55],[-130.63,53.58],[-130.64,53.63],[-130.59,53.65],[-130.54,53.64],[-130.43,53.59],[-130.12,53.5],[-130.06,53.45],[-130.03,53.44],[-129.88,53.29],[-129.87,53.23],[-129.89,53.2]]],[[[-129.96,53.53],[-129.96,53.57],[-129.97,53.59],[-130.02,53.6],[-130.09,53.62],[-130.14,53.65],[-130.35,53.84],[-130.34,53.88],[-130.31,53.9],[-130.28,53.91],[-130.21,53.89],[-130.14,53.84],[-130.12,53.84],[-130.1,53.82],[-130.04,53.79],[-129.95,53.74],[-129.8,53.62],[-129.72,53.54],[-129.65,53.5],[-129.58,53.49],[-129.56,53.47],[-129.56,53.44],[-129.59,53.38],[-129.57,53.31],[-129.58,53.28],[-129.62,53.27],[-129.73,53.28],[-129.82,53.38],[-129.89,53.41],[-129.94,53.45],[-129.96,53.51],[-129.96,53.53]]],[[[-131.63,52.73],[-131.55,52.75],[-131.53,52.73],[-131.56,52.68],[-131.56,52.67],[-131.56,52.65],[-131.58,52.64],[-131.59,52.64],[-131.61,52.65],[-131.63,52.65],[-131.64,52.64],[-131.63,52.63],[-131.64,52.61],[-131.66,52.61],[-131.68,52.61],[-131.7,52.63],[-131.71,52.67],[-131.75,52.7],[-131.74,52.71],[-131.69,52.73],[-131.64,52.73],[-131.63,52.73]]],[[[-129.11,53.36],[-129.16,53.35],[-129.19,53.36],[-129.2,53.39],[-129.14,53.42],[-129.13,53.45],[-129.12,53.46],[-129.12,53.48],[-129.13,53.5],[-129.13,53.51],[-129.11,53.52],[-129.08,53.51],[-129.07,53.5],[-129.07,53.48],[-129.06,53.47],[-129.02,53.42],[-129.01,53.39],[-129.06,53.37],[-129.11,53.36]]],[[[-129.39,53.3],[-129.4,53.27],[-129.41,53.26],[-129.43,53.26],[-129.45,53.26],[-129.46,53.26],[-129.46,53.28],[-129.46,53.29],[-129.44,53.29],[-129.43,53.3],[-129.41,53.3],[-129.39,53.3]]],[[[-129.7,53.1],[-129.72,53.09],[-129.79,53.11],[-129.81,53.15],[-129.78,53.16],[-129.72,53.14],[-129.69,53.12],[-129.7,53.1]]],[[[-131.42,52.58],[-131.44,52.56],[-131.46,52.55],[-131.49,52.55],[-131.49,52.57],[-131.48,52.58],[-131.46,52.59],[-131.43,52.59],[-131.42,52.58]]],[[[-129.37,53.26],[-129.34,53.29],[-129.34,53.33],[-129.31,53.34],[-129.22,53.28],[-129.24,53.19],[-129.23,53.17],[-129.24,53.15],[-129.29,53.15],[-129.36,53.16],[-129.4,53.2],[-129.37,53.26]]],[[[-129.56,53.05],[-129.57,53.03],[-129.59,53.02],[-129.61,53.03],[-129.63,53.03],[-129.64,53.04],[-129.63,53.06],[-129.62,53.06],[-129.6,53.06],[-129.56,53.05]]],[[[-129.64,53.01],[-129.65,52.99],[-129.67,52.99],[-129.69,53],[-129.72,53.01],[-129.73,53.03],[-129.71,53.03],[-129.68,53.04],[-129.66,53.03],[-129.64,53.01]]],[[[-129.41,53.02],[-129.45,53.02],[-129.54,53.11],[-129.61,53.15],[-129.63,53.18],[-129.63,53.19],[-129.61,53.2],[-129.56,53.19],[-129.51,53.17],[-129.48,53.12],[-129.45,53.1],[-129.42,53.1],[-129.41,53.08],[-129.4,53.07],[-129.4,53.05],[-129.41,53.02]]],[[[-131.34,52.38],[-131.38,52.38],[-131.41,52.42],[-131.4,52.45],[-131.36,52.47],[-131.32,52.45],[-131.34,52.43],[-131.34,52.38]]],[[[-129.4,52.81],[-129.41,52.8],[-129.43,52.8],[-129.45,52.81],[-129.45,52.83],[-129.45,52.84],[-129.43,52.85],[-129.41,52.86],[-129.4,52.85],[-129.38,52.83],[-129.4,52.81]]],[[[-132.05,53.19],[-132.02,53.22],[-131.96,53.23],[-131.9,53.23],[-131.82,53.15],[-131.75,53.12],[-131.71,53.08],[-131.72,53.04],[-131.76,53.04],[-131.81,53.06],[-131.89,53.08],[-132.01,53.04],[-132.04,53.01],[-131.99,52.95],[-131.97,52.87],[-131.91,52.82],[-131.84,52.81],[-131.82,52.79],[-131.87,52.76],[-131.82,52.68],[-131.71,52.57],[-131.61,52.55],[-131.56,52.5],[-131.54,52.44],[-131.37,52.3],[-131.33,52.28],[-131.3,52.29],[-131.29,52.32],[-131.24,52.34],[-131.22,52.34],[-131.19,52.32],[-131.19,52.28],[-131.16,52.25],[-131.12,52.24],[-131.09,52.24],[-131.08,52.23],[-131.08,52.22],[-131.1,52.21],[-131.12,52.21],[-131.14,52.21],[-131.17,52.21],[-131.18,52.22],[-131.21,52.2],[-131.22,52.19],[-131.22,52.18],[-131.24,52.18],[-131.26,52.17],[-131.28,52.18],[-131.32,52.23],[-131.34,52.21],[-131.32,52.18],[-131.33,52.16],[-131.35,52.15],[-131.37,52.15],[-131.58,52.33],[-131.63,52.36],[-131.66,52.39],[-131.65,52.44],[-131.74,52.46],[-131.81,52.53],[-131.88,52.57],[-132.01,52.61],[-132.12,52.69],[-132.14,52.7],[-132.15,52.73],[-132.15,52.75],[-132.13,52.76],[-132.09,52.77],[-132.06,52.77],[-132.03,52.78],[-132.05,52.8],[-132.07,52.81],[-132.11,52.81],[-132.14,52.8],[-132.17,52.79],[-132.19,52.78],[-132.23,52.77],[-132.25,52.77],[-132.28,52.78],[-132.35,52.85],[-132.4,52.9],[-132.4,52.93],[-132.38,52.94],[-132.35,52.96],[-132.31,52.96],[-132.27,52.97],[-132.23,52.98],[-132.23,52.99],[-132.26,53.01],[-132.32,53.01],[-132.37,53.02],[-132.4,53.03],[-132.42,53.03],[-132.46,53.02],[-132.51,53.02],[-132.54,53.03],[-132.55,53.04],[-132.57,53.05],[-132.61,53.06],[-132.62,53.07],[-132.58,53.09],[-132.48,53.1],[-132.42,53.12],[-132.32,53.12],[-132.11,53.16],[-132.06,53.18],[-132.05,53.19]]],[[[-131.19,52.08],[-131.19,52.13],[-131.17,52.14],[-131.11,52.13],[-131.09,52.13],[-131.06,52.13],[-131.03,52.13],[-131,52.11],[-131.01,52.1],[-131.04,52.1],[-131.07,52.1],[-131.1,52.09],[-131.1,52.08],[-131.08,52.06],[-131.06,52.05],[-131.07,52.04],[-131.08,52.03],[-131.09,52.03],[-131.09,52.02],[-131.09,52],[-131.1,51.99],[-131.13,51.99],[-131.18,52.03],[-131.19,52.04],[-131.19,52.08]]],[[[-128.75,52.94],[-128.77,52.94],[-128.85,52.78],[-128.84,52.7],[-128.86,52.68],[-128.94,52.66],[-128.99,52.66],[-129.17,52.85],[-129.18,52.92],[-129.23,52.95],[-129.27,53.01],[-129.26,53.06],[-129.21,53.09],[-129.2,53.14],[-129.16,53.19],[-129.17,53.2],[-129.13,53.26],[-129.15,53.28],[-129.15,53.31],[-129.09,53.33],[-129.04,53.33],[-128.94,53.24],[-128.72,53.13],[-128.64,53.05],[-128.62,52.99],[-128.62,52.91],[-128.66,52.75],[-128.65,52.7],[-128.68,52.66],[-128.71,52.66],[-128.77,52.66],[-128.79,52.7],[-128.79,52.76],[-128.72,52.88],[-128.71,52.92],[-128.75,52.94]]],[[[-128.56,52.83],[-128.52,52.82],[-128.52,52.8],[-128.52,52.79],[-128.52,52.78],[-128.52,52.76],[-128.52,52.75],[-128.53,52.73],[-128.53,52.72],[-128.54,52.7],[-128.56,52.69],[-128.58,52.69],[-128.59,52.7],[-128.6,52.72],[-128.59,52.73],[-128.59,52.74],[-128.58,52.76],[-128.58,52.78],[-128.57,52.79],[-128.57,52.81],[-128.58,52.82],[-128.56,52.83]]],[[[-129.04,52.46],[-129.09,52.47],[-129.17,52.59],[-129.28,52.65],[-129.33,52.71],[-129.36,52.77],[-129.33,52.83],[-129.31,52.82],[-129.21,52.72],[-129.05,52.64],[-129,52.6],[-129,52.57],[-129.04,52.46]]],[[[-128.32,52.63],[-128.35,52.65],[-128.33,52.69],[-128.37,52.75],[-128.36,52.76],[-128.25,52.79],[-128.23,52.79],[-128.22,52.77],[-128.26,52.71],[-128.28,52.7],[-128.3,52.64],[-128.32,52.63]]],[[[-128.48,52.76],[-128.45,52.76],[-128.43,52.74],[-128.41,52.63],[-128.38,52.58],[-128.38,52.56],[-128.4,52.56],[-128.44,52.57],[-128.48,52.62],[-128.46,52.69],[-128.48,52.73],[-128.48,52.76]]],[[[-128.62,52.63],[-128.59,52.6],[-128.59,52.57],[-128.56,52.52],[-128.57,52.48],[-128.63,52.48],[-128.69,52.52],[-128.73,52.53],[-128.81,52.51],[-128.85,52.52],[-128.86,52.54],[-128.86,52.55],[-128.79,52.56],[-128.78,52.58],[-128.62,52.63]]],[[[-128.44,52.55],[-128.43,52.54],[-128.4,52.53],[-128.39,52.52],[-128.38,52.51],[-128.39,52.5],[-128.41,52.49],[-128.44,52.49],[-128.45,52.49],[-128.48,52.52],[-128.47,52.54],[-128.44,52.55]]],[[[-128.37,52.45],[-128.38,52.44],[-128.42,52.41],[-128.47,52.4],[-128.5,52.41],[-128.49,52.43],[-128.39,52.46],[-128.37,52.45]]],[[[-128.72,52.32],[-128.76,52.32],[-128.79,52.38],[-128.83,52.43],[-128.82,52.45],[-128.78,52.46],[-128.72,52.45],[-128.7,52.43],[-128.7,52.36],[-128.72,52.32]]],[[[-128.16,52.32],[-128.19,52.31],[-128.22,52.32],[-128.22,52.33],[-128.22,52.34],[-128.2,52.35],[-128.19,52.36],[-128.17,52.37],[-128.18,52.38],[-128.19,52.4],[-128.18,52.41],[-128.15,52.42],[-128.13,52.41],[-128.13,52.4],[-128.12,52.38],[-128.11,52.37],[-128.12,52.35],[-128.12,52.34],[-128.13,52.33],[-128.16,52.32]]],[[[-128.46,52.22],[-128.49,52.19],[-128.51,52.18],[-128.53,52.18],[-128.55,52.21],[-128.54,52.23],[-128.5,52.24],[-128.46,52.22]]],[[[-128.39,52.25],[-128.37,52.25],[-128.36,52.24],[-128.37,52.22],[-128.38,52.21],[-128.4,52.21],[-128.42,52.21],[-128.44,52.22],[-128.44,52.23],[-128.43,52.24],[-128.39,52.25]]],[[[-128.09,52.29],[-128.11,52.28],[-128.13,52.26],[-128.18,52.25],[-128.21,52.26],[-128.21,52.27],[-128.18,52.28],[-128.14,52.29],[-128.11,52.3],[-128.09,52.29]]],[[[-128.25,52.22],[-128.29,52.19],[-128.31,52.18],[-128.33,52.17],[-128.36,52.17],[-128.38,52.18],[-128.36,52.19],[-128.34,52.22],[-128.31,52.23],[-128.28,52.23],[-128.25,52.22]]],[[[-128.06,52.27],[-128.03,52.29],[-128.01,52.29],[-127.97,52.24],[-127.97,52.21],[-128.05,52.21],[-128.09,52.23],[-128.06,52.27]]],[[[-128.25,52.07],[-128.28,52.07],[-128.32,52.13],[-128.26,52.18],[-128.23,52.19],[-128.21,52.17],[-128.23,52.14],[-128.22,52.11],[-128.25,52.07]]],[[[-127.95,52.12],[-128.06,52.1],[-128.13,52.11],[-128.15,52.12],[-128.14,52.16],[-128.09,52.18],[-127.95,52.17],[-127.93,52.15],[-127.95,52.12]]],[[[-128.51,51.92],[-128.53,51.93],[-128.53,51.94],[-128.52,51.95],[-128.51,51.97],[-128.48,51.99],[-128.46,51.99],[-128.45,51.98],[-128.45,51.96],[-128.47,51.94],[-128.48,51.93],[-128.51,51.92]]],[[[-127.81,51.98],[-127.9,51.97],[-127.92,52.01],[-127.89,52.06],[-127.9,52.09],[-127.88,52.12],[-127.81,52.22],[-127.75,52.25],[-127.71,52.24],[-127.67,52.25],[-127.6,52.29],[-127.5,52.32],[-127.42,52.4],[-127.33,52.42],[-127.31,52.42],[-127.27,52.35],[-127.29,52.32],[-127.32,52.3],[-127.58,52.23],[-127.68,52.17],[-127.73,52.13],[-127.75,52.1],[-127.75,52.05],[-127.76,52.02],[-127.81,51.98]]],[[[-128.09,51.84],[-128.16,51.83],[-128.2,51.89],[-128.25,51.9],[-128.27,51.92],[-128.23,51.97],[-128.22,52.03],[-128.18,52.05],[-128.13,52.06],[-128.08,52.06],[-128.01,52.05],[-127.98,52.01],[-128,51.96],[-128.06,51.9],[-128.07,51.85],[-128.09,51.84]]],[[[-128.07,51.68],[-128.07,51.71],[-128.05,51.71],[-128.03,51.71],[-128.01,51.7],[-128.01,51.68],[-128.03,51.67],[-128.07,51.68]]],[[[-128.16,51.66],[-128.11,51.63],[-128.03,51.62],[-127.97,51.59],[-127.94,51.55],[-127.94,51.52],[-127.93,51.48],[-127.94,51.45],[-127.98,51.45],[-128,51.47],[-128.1,51.5],[-128.2,51.64],[-128.19,51.65],[-128.16,51.66]]],[[[-127.7,51.49],[-127.69,51.51],[-127.67,51.53],[-127.65,51.55],[-127.63,51.54],[-127.61,51.53],[-127.62,51.51],[-127.65,51.48],[-127.66,51.47],[-127.7,51.47],[-127.7,51.49]]],[[[-129.14,50.82],[-129.17,50.81],[-129.19,50.82],[-129.21,50.82],[-129.21,50.84],[-129.19,50.85],[-129.18,50.86],[-129.16,50.86],[-129.14,50.85],[-129.14,50.82]]],[[[-128.94,50.8],[-128.97,50.8],[-129,50.8],[-129.01,50.81],[-129.01,50.82],[-129,50.83],[-128.98,50.84],[-128.97,50.84],[-128.95,50.83],[-128.94,50.8]]],[[[-128.77,50.78],[-128.78,50.77],[-128.8,50.77],[-128.82,50.77],[-128.84,50.78],[-128.84,50.79],[-128.83,50.8],[-128.82,50.82],[-128.79,50.81],[-128.77,50.78]]],[[[-128.62,50.81],[-128.63,50.8],[-128.64,50.79],[-128.67,50.78],[-128.7,50.77],[-128.71,50.77],[-128.73,50.78],[-128.74,50.8],[-128.73,50.8],[-128.7,50.81],[-128.67,50.82],[-128.65,50.82],[-128.63,50.82],[-128.62,50.81]]],[[[-127.6,51.05],[-127.63,51.04],[-127.65,51.04],[-127.67,51.05],[-127.67,51.07],[-127.65,51.08],[-127.64,51.08],[-127.62,51.08],[-127.6,51.07],[-127.6,51.05]]],[[[-127.93,50.91],[-127.95,50.91],[-127.97,50.9],[-128,50.9],[-128.03,50.9],[-128.05,50.9],[-128.07,50.91],[-128.07,50.92],[-128.05,50.93],[-128.01,50.94],[-128,50.95],[-127.97,50.96],[-127.94,50.95],[-127.93,50.91]]],[[[-127.75,50.86],[-127.77,50.85],[-127.8,50.86],[-127.84,50.87],[-127.84,50.89],[-127.81,50.9],[-127.76,50.89],[-127.75,50.87],[-127.75,50.86]]],[[[-126.81,50.88],[-126.83,50.87],[-126.86,50.86],[-126.88,50.86],[-126.91,50.86],[-126.92,50.87],[-126.91,50.88],[-126.9,50.89],[-126.87,50.9],[-126.85,50.9],[-126.82,50.89],[-126.81,50.88]]],[[[-126.78,50.85],[-126.74,50.87],[-126.65,50.83],[-126.64,50.82],[-126.66,50.8],[-126.75,50.81],[-126.82,50.8],[-126.91,50.82],[-126.86,50.84],[-126.82,50.84],[-126.78,50.85]]],[[[-126.68,50.78],[-126.68,50.76],[-126.68,50.75],[-126.71,50.74],[-126.75,50.75],[-126.75,50.77],[-126.74,50.77],[-126.7,50.78],[-126.68,50.78]]],[[[-126.94,50.65],[-127.12,50.63],[-127.18,50.64],[-127.19,50.65],[-127.14,50.67],[-126.97,50.67],[-126.94,50.66],[-126.94,50.65]]],[[[-126.65,50.72],[-126.65,50.7],[-126.66,50.69],[-126.69,50.69],[-126.7,50.69],[-126.72,50.7],[-126.72,50.71],[-126.7,50.71],[-126.68,50.72],[-126.65,50.72]]],[[[-126.75,50.6],[-126.74,50.59],[-126.75,50.59],[-126.77,50.58],[-126.79,50.58],[-126.8,50.59],[-126.81,50.61],[-126.79,50.62],[-126.75,50.6]]],[[[-126.35,50.82],[-126.26,50.79],[-126.24,50.77],[-126.29,50.74],[-126.32,50.7],[-126.45,50.7],[-126.54,50.68],[-126.59,50.69],[-126.6,50.7],[-126.59,50.72],[-126.56,50.73],[-126.53,50.77],[-126.46,50.8],[-126.35,50.82]]],[[[-126.63,50.58],[-126.66,50.58],[-126.67,50.58],[-126.68,50.59],[-126.68,50.6],[-126.67,50.61],[-126.65,50.61],[-126.63,50.61],[-126.61,50.61],[-126.61,50.6],[-126.62,50.59],[-126.63,50.58]]],[[[-126.41,50.66],[-126.41,50.64],[-126.43,50.63],[-126.46,50.62],[-126.5,50.61],[-126.54,50.6],[-126.56,50.61],[-126.56,50.63],[-126.54,50.64],[-126.46,50.66],[-126.42,50.66],[-126.41,50.66]]],[[[-126.32,50.59],[-126.32,50.56],[-126.4,50.54],[-126.5,50.53],[-126.57,50.53],[-126.59,50.54],[-126.59,50.55],[-126.56,50.56],[-126.34,50.59],[-126.32,50.59]]],[[[-126.01,50.43],[-126.02,50.45],[-125.98,50.46],[-125.91,50.46],[-125.86,50.44],[-125.87,50.43],[-125.89,50.42],[-126.01,50.43]]],[[[-127.34,50.05],[-127.32,50.05],[-127.31,50.04],[-127.32,50.02],[-127.32,50.01],[-127.35,50],[-127.37,49.99],[-127.38,50.01],[-127.37,50.02],[-127.36,50.04],[-127.34,50.05]]],[[[-125.77,50.42],[-125.73,50.43],[-125.69,50.43],[-125.64,50.44],[-125.6,50.44],[-125.59,50.42],[-125.6,50.41],[-125.64,50.4],[-125.67,50.39],[-125.71,50.39],[-125.75,50.39],[-125.77,50.4],[-125.78,50.4],[-125.77,50.42]]],[[[-125.23,50.36],[-125.26,50.36],[-125.28,50.36],[-125.3,50.36],[-125.33,50.37],[-125.35,50.39],[-125.36,50.41],[-125.36,50.42],[-125.34,50.43],[-125.32,50.43],[-125.3,50.44],[-125.28,50.43],[-125.27,50.42],[-125.24,50.4],[-125.22,50.38],[-125.23,50.36]]],[[[-125.18,50.33],[-125.16,50.32],[-125.16,50.31],[-125.17,50.3],[-125.18,50.28],[-125.19,50.28],[-125.21,50.28],[-125.22,50.3],[-125.21,50.32],[-125.18,50.33]]],[[[-125,50.35],[-125.01,50.33],[-125.02,50.32],[-125.04,50.31],[-125.06,50.32],[-125.08,50.34],[-125.07,50.35],[-125.03,50.36],[-125,50.35]]],[[[-125.09,50.27],[-125.06,50.26],[-125.06,50.24],[-125.07,50.23],[-125.09,50.22],[-125.11,50.2],[-125.13,50.18],[-125.16,50.17],[-125.17,50.18],[-125.17,50.19],[-125.16,50.21],[-125.15,50.22],[-125.15,50.25],[-125.14,50.26],[-125.09,50.27]]],[[[-124.7,50.25],[-124.74,50.23],[-124.78,50.24],[-124.81,50.28],[-124.81,50.29],[-124.77,50.3],[-124.74,50.29],[-124.7,50.25]]],[[[-124.85,50.16],[-124.89,50.16],[-124.93,50.22],[-124.95,50.23],[-124.99,50.3],[-124.95,50.31],[-124.89,50.29],[-124.82,50.19],[-124.85,50.16]]],[[[-125.27,50.24],[-125.25,50.2],[-125.27,50.15],[-125.22,50.07],[-125.23,50.05],[-125.26,50.05],[-125.32,50.13],[-125.39,50.21],[-125.39,50.23],[-125.38,50.24],[-125.38,50.27],[-125.37,50.28],[-125.34,50.29],[-125.32,50.29],[-125.31,50.29],[-125.29,50.27],[-125.27,50.24]]],[[[-126.69,49.61],[-126.73,49.6],[-126.77,49.6],[-126.81,49.63],[-126.9,49.65],[-126.98,49.72],[-126.96,49.76],[-126.94,49.78],[-126.95,49.79],[-127.03,49.8],[-127.03,49.82],[-126.9,49.86],[-126.84,49.85],[-126.8,49.81],[-126.68,49.65],[-126.69,49.61]]],[[[-124.96,50.07],[-125,50.06],[-125.05,50.06],[-125.11,50.14],[-125.09,50.16],[-125.04,50.19],[-125.04,50.21],[-125.02,50.22],[-125,50.22],[-124.94,50.12],[-124.96,50.07]]],[[[-126.59,49.63],[-126.62,49.63],[-126.63,49.65],[-126.63,49.67],[-126.61,49.67],[-126.59,49.67],[-126.57,49.65],[-126.57,49.63],[-126.59,49.63]]],[[[-124.72,49.87],[-124.7,49.86],[-124.7,49.85],[-124.7,49.83],[-124.73,49.83],[-124.75,49.84],[-124.75,49.86],[-124.75,49.87],[-124.72,49.87]]],[[[-126.2,49.38],[-126.18,49.36],[-126.19,49.34],[-126.14,49.28],[-126.16,49.27],[-126.23,49.29],[-126.27,49.29],[-126.28,49.31],[-126.28,49.36],[-126.2,49.38]]],[[[-124.09,49.74],[-124.19,49.69],[-124.22,49.7],[-124.23,49.72],[-124.15,49.77],[-124.08,49.79],[-124.06,49.78],[-124.09,49.74]]],[[[-126.09,49.18],[-126.11,49.2],[-126.1,49.21],[-126.08,49.22],[-126.06,49.21],[-126.04,49.21],[-126.04,49.19],[-126.06,49.18],[-126.09,49.18]]],[[[-124.74,49.51],[-124.77,49.51],[-124.8,49.52],[-124.85,49.59],[-124.81,49.59],[-124.79,49.56],[-124.75,49.54],[-124.74,49.51]]],[[[-125.91,49.19],[-125.95,49.2],[-125.99,49.22],[-125.99,49.23],[-125.95,49.24],[-125.91,49.24],[-125.89,49.22],[-125.91,49.19]]],[[[-124.63,49.55],[-124.61,49.53],[-124.63,49.52],[-124.68,49.51],[-124.7,49.54],[-124.66,49.55],[-124.63,49.55]]],[[[-124.69,49.74],[-124.69,49.79],[-124.66,49.8],[-124.63,49.78],[-124.58,49.75],[-124.51,49.72],[-124.42,49.71],[-124.31,49.62],[-124.21,49.56],[-124.19,49.53],[-124.24,49.53],[-124.28,49.54],[-124.33,49.55],[-124.38,49.57],[-124.45,49.59],[-124.54,49.63],[-124.62,49.69],[-124.69,49.74]]],[[[-123.42,49.5],[-123.38,49.48],[-123.38,49.46],[-123.41,49.46],[-123.45,49.46],[-123.46,49.49],[-123.45,49.5],[-123.42,49.5]]],[[[-123.39,49.36],[-123.44,49.35],[-123.45,49.35],[-123.45,49.37],[-123.42,49.41],[-123.38,49.41],[-123.37,49.38],[-123.39,49.36]]],[[[-124,60],[-123.91,60.03],[-123.9,60.03],[-123.89,60.02],[-123.88,60.02],[-123.88,60.01],[-123.86,60],[-124,60]]],[[[-134.87,60],[-134,60],[-133,60],[-132,60],[-131,60],[-130,60],[-129,60],[-128,60],[-127,60],[-126,60],[-125,60],[-124,60],[-123.83,60],[-123.8,60],[-123,60],[-122.98,60],[-122.84,60],[-122.76,60],[-122.72,60],[-122.59,60],[-122.58,60],[-122.51,60],[-122.35,60],[-122.23,60],[-122,60],[-121,60],[-120,60],[-120,59.91],[-120,59.58],[-120,59.52],[-120,59.09],[-120,59],[-120,58.73],[-120,58.39],[-120,58],[-120,57.94],[-120,57.32],[-120,57],[-120,56.94],[-120,56.15],[-120,56],[-120,55.89],[-120,55.66],[-120,55.35],[-120,55],[-120,54.74],[-120,54.34],[-120,54.09],[-120,54],[-120,53.81],[-119.98,53.81],[-119.97,53.79],[-119.96,53.78],[-119.93,53.78],[-119.89,53.77],[-119.89,53.75],[-119.89,53.74],[-119.91,53.72],[-119.9,53.71],[-119.85,53.71],[-119.84,53.7],[-119.83,53.7],[-119.81,53.71],[-119.81,53.7],[-119.78,53.69],[-119.74,53.66],[-119.74,53.65],[-119.72,53.63],[-119.72,53.62],[-119.72,53.61],[-119.75,53.59],[-119.77,53.6],[-119.8,53.6],[-119.85,53.61],[-119.89,53.62],[-119.91,53.62],[-119.92,53.6],[-119.9,53.58],[-119.87,53.56],[-119.87,53.55],[-119.9,53.52],[-119.87,53.51],[-119.85,53.51],[-119.82,53.5],[-119.79,53.49],[-119.78,53.47],[-119.78,53.46],[-119.75,53.42],[-119.72,53.39],[-119.7,53.38],[-119.68,53.38],[-119.67,53.37],[-119.65,53.37],[-119.61,53.36],[-119.61,53.37],[-119.61,53.38],[-119.61,53.39],[-119.6,53.39],[-119.56,53.37],[-119.51,53.37],[-119.49,53.36],[-119.44,53.36],[-119.41,53.36],[-119.39,53.36],[-119.36,53.34],[-119.35,53.32],[-119.36,53.31],[-119.35,53.3],[-119.33,53.27],[-119.27,53.22],[-119.25,53.18],[-119.24,53.18],[-119.23,53.19],[-119.23,53.2],[-119.18,53.19],[-119.17,53.19],[-119.14,53.17],[-119.13,53.17],[-119.08,53.16],[-119.05,53.14],[-119.06,53.12],[-119.04,53.12],[-119.02,53.13],[-119.02,53.15],[-119.02,53.16],[-119,53.18],[-119,53.22],[-119,53.23],[-118.98,53.24],[-118.95,53.23],[-118.92,53.22],[-118.89,53.2],[-118.84,53.18],[-118.82,53.17],[-118.79,53.15],[-118.79,53.14],[-118.78,53.13],[-118.75,53.12],[-118.74,53.12],[-118.74,53.11],[-118.76,53.08],[-118.77,53.07],[-118.79,53.04],[-118.78,53.05],[-118.77,53.04],[-118.74,53.05],[-118.73,53.05],[-118.71,53.05],[-118.69,53.03],[-118.67,53.04],[-118.66,53.03],[-118.65,53.02],[-118.66,53.01],[-118.65,53],[-118.67,52.98],[-118.67,52.97],[-118.65,52.95],[-118.63,52.94],[-118.62,52.92],[-118.61,52.9],[-118.61,52.89],[-118.6,52.88],[-118.58,52.88],[-118.57,52.89],[-118.56,52.9],[-118.53,52.9],[-118.5,52.91],[-118.49,52.9],[-118.46,52.88],[-118.46,52.87],[-118.45,52.85],[-118.41,52.85],[-118.39,52.85],[-118.4,52.84],[-118.42,52.81],[-118.42,52.8],[-118.42,52.77],[-118.38,52.75],[-118.34,52.74],[-118.34,52.73],[-118.34,52.72],[-118.31,52.69],[-118.3,52.68],[-118.3,52.66],[-118.35,52.64],[-118.36,52.63],[-118.36,52.61],[-118.34,52.6],[-118.34,52.58],[-118.33,52.58],[-118.29,52.57],[-118.28,52.57],[-118.28,52.56],[-118.3,52.54],[-118.3,52.53],[-118.27,52.51],[-118.25,52.49],[-118.24,52.48],[-118.2,52.48],[-118.23,52.45],[-118.25,52.44],[-118.25,52.43],[-118.24,52.41],[-118.23,52.41],[-118.19,52.4],[-118.17,52.4],[-118.15,52.41],[-118.14,52.42],[-118.1,52.41],[-118.07,52.42],[-118.06,52.43],[-118.05,52.46],[-118.06,52.47],[-118.03,52.48],[-118.02,52.5],[-118,52.5],[-117.98,52.5],[-117.98,52.48],[-117.94,52.46],[-117.9,52.43],[-117.89,52.42],[-117.85,52.41],[-117.79,52.4],[-117.78,52.41],[-117.77,52.4],[-117.75,52.37],[-117.74,52.37],[-117.75,52.34],[-117.77,52.33],[-117.81,52.32],[-117.83,52.31],[-117.84,52.3],[-117.85,52.27],[-117.84,52.25],[-117.81,52.22],[-117.72,52.21],[-117.7,52.21],[-117.68,52.21],[-117.65,52.17],[-117.62,52.14],[-117.61,52.14],[-117.6,52.14],[-117.56,52.16],[-117.48,52.16],[-117.43,52.16],[-117.41,52.16],[-117.37,52.17],[-117.37,52.18],[-117.37,52.2],[-117.36,52.21],[-117.36,52.2],[-117.32,52.14],[-117.33,52.11],[-117.33,52.1],[-117.32,52.07],[-117.27,52.05],[-117.26,52.04],[-117.22,52.03],[-117.23,52.01],[-117.22,52],[-117.18,51.98],[-117.17,51.98],[-117.13,51.96],[-117.13,51.95],[-117.09,51.92],[-117.04,51.9],[-117.04,51.88],[-117,51.84],[-116.97,51.81],[-116.97,51.8],[-116.97,51.77],[-116.97,51.76],[-116.93,51.74],[-116.93,51.73],[-116.89,51.71],[-116.88,51.71],[-116.84,51.71],[-116.82,51.7],[-116.8,51.72],[-116.81,51.74],[-116.81,51.75],[-116.76,51.78],[-116.74,51.81],[-116.72,51.8],[-116.68,51.81],[-116.67,51.81],[-116.66,51.8],[-116.64,51.78],[-116.64,51.77],[-116.64,51.76],[-116.62,51.75],[-116.62,51.73],[-116.58,51.71],[-116.58,51.7],[-116.58,51.67],[-116.54,51.65],[-116.49,51.62],[-116.47,51.6],[-116.46,51.57],[-116.45,51.57],[-116.44,51.57],[-116.41,51.56],[-116.39,51.55],[-116.39,51.53],[-116.39,51.51],[-116.38,51.5],[-116.37,51.48],[-116.35,51.47],[-116.31,51.46],[-116.3,51.46],[-116.29,51.43],[-116.28,51.42],[-116.29,51.4],[-116.3,51.38],[-116.28,51.35],[-116.28,51.34],[-116.27,51.32],[-116.25,51.31],[-116.22,51.3],[-116.21,51.3],[-116.17,51.3],[-116.15,51.29],[-116.16,51.27],[-116.15,51.27],[-116.12,51.26],[-116.08,51.25],[-116.07,51.24],[-116.04,51.23],[-116.03,51.22],[-116,51.2],[-116.02,51.18],[-116.02,51.17],[-116,51.14],[-116,51.12],[-115.98,51.12],[-115.91,51.08],[-115.9,51.08],[-115.89,51.09],[-115.81,51.08],[-115.76,51.05],[-115.76,51.04],[-115.73,51.02],[-115.69,51.02],[-115.66,51],[-115.65,51],[-115.63,50.98],[-115.61,50.95],[-115.59,50.91],[-115.58,50.91],[-115.57,50.9],[-115.59,50.88],[-115.67,50.87],[-115.67,50.86],[-115.67,50.85],[-115.64,50.84],[-115.58,50.84],[-115.57,50.83],[-115.56,50.81],[-115.56,50.8],[-115.52,50.79],[-115.49,50.78],[-115.49,50.77],[-115.46,50.76],[-115.45,50.75],[-115.42,50.74],[-115.41,50.72],[-115.39,50.71],[-115.37,50.71],[-115.35,50.73],[-115.32,50.72],[-115.31,50.7],[-115.3,50.69],[-115.3,50.68],[-115.28,50.66],[-115.29,50.65],[-115.31,50.63],[-115.3,50.63],[-115.27,50.6],[-115.23,50.58],[-115.24,50.56],[-115.23,50.55],[-115.21,50.53],[-115.2,50.53],[-115.18,50.55],[-115.18,50.56],[-115.15,50.57],[-115.11,50.57],[-115.08,50.58],[-115.05,50.57],[-115.02,50.58],[-115,50.56],[-114.97,50.51],[-114.96,50.49],[-114.92,50.45],[-114.88,50.44],[-114.87,50.43],[-114.87,50.4],[-114.86,50.39],[-114.85,50.39],[-114.82,50.38],[-114.81,50.36],[-114.78,50.36],[-114.77,50.35],[-114.77,50.34],[-114.8,50.33],[-114.8,50.32],[-114.78,50.3],[-114.77,50.3],[-114.77,50.27],[-114.77,50.26],[-114.73,50.19],[-114.74,50.17],[-114.74,50.15],[-114.73,50.11],[-114.71,50.08],[-114.67,50.05],[-114.68,50.03],[-114.67,49.98],[-114.7,49.93],[-114.7,49.91],[-114.7,49.89],[-114.68,49.87],[-114.66,49.84],[-114.66,49.81],[-114.66,49.77],[-114.67,49.76],[-114.65,49.73],[-114.67,49.7],[-114.68,49.68],[-114.68,49.67],[-114.68,49.64],[-114.73,49.62],[-114.75,49.61],[-114.76,49.59],[-114.73,49.56],[-114.7,49.55],[-114.68,49.55],[-114.65,49.54],[-114.6,49.55],[-114.59,49.55],[-114.61,49.48],[-114.62,49.45],[-114.62,49.42],[-114.61,49.41],[-114.6,49.39],[-114.58,49.38],[-114.55,49.37],[-114.55,49.36],[-114.54,49.36],[-114.52,49.35],[-114.51,49.34],[-114.5,49.32],[-114.5,49.31],[-114.47,49.29],[-114.47,49.27],[-114.43,49.26],[-114.41,49.25],[-114.41,49.24],[-114.42,49.23],[-114.42,49.21],[-114.4,49.2],[-114.35,49.2],[-114.31,49.18],[-114.3,49.18],[-114.26,49.18],[-114.21,49.17],[-114.19,49.15],[-114.18,49.14],[-114.18,49.13],[-114.15,49.07],[-114.11,49.05],[-114.09,49.04],[-114.08,49.03],[-114.08,49.02],[-114.1,49.01],[-114.11,48.99],[-114.41,48.99],[-114.73,49],[-115,49],[-115.47,49],[-116.06,48.99],[-117.03,48.99],[-117.43,49],[-118.2,49],[-118.84,49],[-119.32,49],[-119.42,49],[-119.63,49],[-119.76,49],[-119.9,49],[-120.44,49],[-120.86,49],[-121.1,49],[-121.11,49],[-121.52,49],[-121.95,49],[-122.25,48.99],[-122.27,48.99],[-122.34,49],[-122.75,49],[-122.77,49],[-122.84,49],[-122.86,49.01],[-122.91,49.06],[-122.96,49.07],[-123.06,49.05],[-123.07,49.04],[-123.06,49.01],[-123.06,49],[-123.09,49],[-123.12,49.01],[-123.17,49.07],[-123.14,49.13],[-123.24,49.15],[-123.26,49.21],[-123.25,49.27],[-123.23,49.28],[-123.18,49.27],[-123.05,49.29],[-122.94,49.31],[-122.9,49.35],[-122.86,49.45],[-122.89,49.47],[-122.92,49.46],[-122.94,49.39],[-123,49.35],[-123.15,49.32],[-123.27,49.32],[-123.3,49.33],[-123.31,49.36],[-123.3,49.44],[-123.32,49.48],[-123.27,49.56],[-123.26,49.57],[-123.26,49.59],[-123.25,49.61],[-123.24,49.63],[-123.2,49.66],[-123.19,49.68],[-123.19,49.69],[-123.21,49.7],[-123.23,49.69],[-123.25,49.68],[-123.26,49.66],[-123.28,49.64],[-123.29,49.62],[-123.33,49.6],[-123.38,49.58],[-123.42,49.56],[-123.49,49.53],[-123.52,49.5],[-123.53,49.44],[-123.59,49.41],[-123.67,49.43],[-123.76,49.46],[-123.95,49.5],[-123.97,49.52],[-124.03,49.58],[-124.08,49.61],[-124.11,49.64],[-124.09,49.68],[-124.06,49.73],[-124.03,49.74],[-124,49.73],[-123.9,49.62],[-123.85,49.55],[-123.82,49.54],[-123.81,49.6],[-123.75,49.63],[-123.67,49.66],[-123.66,49.67],[-123.68,49.68],[-123.8,49.67],[-123.86,49.67],[-123.95,49.8],[-123.92,49.83],[-123.92,49.87],[-123.98,49.97],[-123.98,49.98],[-123.96,50.01],[-123.86,50.04],[-123.82,50.06],[-123.81,50.09],[-123.84,50.13],[-123.94,50.19],[-123.97,50.2],[-124,50.19],[-123.99,50.17],[-123.88,50.12],[-123.86,50.09],[-123.88,50.08],[-124.02,50.03],[-124.06,49.99],[-124.06,49.97],[-124,49.89],[-123.99,49.87],[-124,49.84],[-124.04,49.84],[-124.08,49.9],[-124.1,49.9],[-124.11,49.89],[-124.11,49.87],[-124.13,49.85],[-124.16,49.8],[-124.24,49.8],[-124.4,49.76],[-124.47,49.79],[-124.6,49.83],[-124.76,49.95],[-124.88,50.01],[-124.9,50.03],[-124.9,50.05],[-124.87,50.05],[-124.8,50.03],[-124.76,50.02],[-124.75,50.04],[-124.79,50.07],[-124.8,50.1],[-124.77,50.14],[-124.69,50.2],[-124.67,50.25],[-124.67,50.29],[-124.74,50.35],[-124.72,50.38],[-124.7,50.4],[-124.62,50.42],[-124.56,50.42],[-124.48,50.44],[-124.41,50.48],[-124.39,50.51],[-124.44,50.52],[-124.53,50.47],[-124.59,50.45],[-124.68,50.45],[-124.75,50.44],[-124.83,50.38],[-124.88,50.35],[-124.95,50.36],[-124.99,50.42],[-125.03,50.43],[-125.06,50.41],[-125.08,50.38],[-125.11,50.37],[-125.13,50.4],[-125.11,50.45],[-124.97,50.58],[-124.89,50.68],[-124.9,50.76],[-124.93,50.81],[-124.92,50.85],[-124.88,50.89],[-124.87,50.92],[-124.92,50.91],[-124.94,50.9],[-125.01,50.81],[-124.97,50.7],[-125,50.62],[-125.15,50.51],[-125.21,50.46],[-125.25,50.45],[-125.29,50.45],[-125.32,50.49],[-125.38,50.5],[-125.41,50.54],[-125.42,50.55],[-125.46,50.53],[-125.48,50.49],[-125.5,50.47],[-125.53,50.46],[-125.57,50.47],[-125.59,50.49],[-125.58,50.6],[-125.56,50.63],[-125.5,50.69],[-125.51,50.72],[-125.53,50.72],[-125.57,50.7],[-125.62,50.65],[-125.66,50.51],[-125.72,50.48],[-125.75,50.46],[-125.81,50.48],[-125.83,50.5],[-125.8,50.54],[-125.83,50.55],[-126.02,50.5],[-126.12,50.51],[-126.18,50.5],[-126.24,50.5],[-126.27,50.51],[-126.28,50.53],[-126.22,50.57],[-126.05,50.62],[-126.04,50.64],[-126.09,50.64],[-126.23,50.61],[-126.27,50.62],[-126.28,50.64],[-126.08,50.68],[-125.87,50.68],[-125.74,50.72],[-125.66,50.78],[-125.64,50.84],[-125.65,50.86],[-125.64,50.88],[-125.58,50.91],[-125.56,50.95],[-125.57,51.03],[-125.62,51.09],[-125.64,51.1],[-125.64,51.04],[-125.61,50.98],[-125.63,50.94],[-125.71,50.88],[-125.72,50.86],[-125.72,50.8],[-125.78,50.75],[-125.86,50.73],[-125.9,50.73],[-126.21,50.7],[-126.22,50.72],[-126.18,50.77],[-126.08,50.79],[-126.06,50.81],[-126.09,50.82],[-126.19,50.83],[-126.23,50.87],[-126.29,50.85],[-126.39,50.87],[-126.43,50.87],[-126.54,50.83],[-126.57,50.84],[-126.59,50.86],[-126.59,50.91],[-126.52,50.92],[-126.31,50.92],[-126.26,50.92],[-126.25,50.94],[-126.25,50.95],[-126.3,50.96],[-126.42,50.96],[-126.48,50.98],[-126.55,51.02],[-126.6,51],[-126.62,50.95],[-126.72,50.92],[-126.76,50.92],[-126.82,50.93],[-126.85,50.98],[-126.87,50.98],[-126.96,50.96],[-127.01,50.88],[-127.03,50.87],[-127.08,50.86],[-127.19,50.87],[-127.27,50.9],[-127.45,50.94],[-127.5,50.96],[-127.56,51.03],[-127.57,51.05],[-127.54,51.06],[-127.42,51.05],[-127.24,51.05],[-126.96,51.06],[-126.89,51.06],[-126.78,51.02],[-126.74,51.03],[-126.73,51.05],[-126.77,51.12],[-126.72,51.18],[-126.73,51.2],[-126.77,51.19],[-126.83,51.14],[-126.89,51.11],[-127.34,51.09],[-127.47,51.1],[-127.56,51.13],[-127.57,51.15],[-127.64,51.17],[-127.66,51.16],[-127.65,51.13],[-127.67,51.11],[-127.74,51.12],[-127.82,51.15],[-127.89,51.21],[-127.85,51.24],[-127.53,51.27],[-127.31,51.3],[-127.19,51.34],[-127.19,51.36],[-127.22,51.37],[-127.39,51.33],[-127.51,51.33],[-127.54,51.33],[-127.55,51.35],[-127.49,51.38],[-127.5,51.39],[-127.55,51.4],[-127.65,51.38],[-127.79,51.32],[-127.83,51.33],[-127.84,51.34],[-127.83,51.36],[-127.75,51.38],[-127.73,51.41],[-127.58,51.47],[-127.57,51.56],[-127.54,51.61],[-127.42,51.65],[-127.34,51.66],[-127.32,51.69],[-127.33,51.69],[-127.37,51.7],[-127.44,51.68],[-127.55,51.66],[-127.63,51.63],[-127.69,51.57],[-127.8,51.54],[-127.83,51.55],[-127.86,51.57],[-127.85,51.59],[-127.8,51.61],[-127.75,51.61],[-127.74,51.62],[-127.75,51.64],[-127.82,51.67],[-127.91,51.67],[-127.95,51.72],[-127.95,51.79],[-127.89,51.91],[-127.86,51.94],[-127.74,51.97],[-127.71,51.98],[-127.69,52.06],[-127.62,52.14],[-127.57,52.16],[-127.55,52.15],[-127.53,52.11],[-127.5,52.11],[-127.47,52.14],[-127.48,52.17],[-127.46,52.2],[-127.32,52.25],[-127.23,52.3],[-127.18,52.31],[-127.03,52.29],[-126.93,52.17],[-126.81,52.09],[-126.73,52],[-126.71,52],[-126.69,52.03],[-126.7,52.06],[-126.82,52.18],[-126.92,52.24],[-126.98,52.33],[-126.97,52.36],[-126.92,52.37],[-126.82,52.37],[-126.82,52.4],[-126.86,52.41],[-126.94,52.4],[-127.06,52.37],[-127.12,52.37],[-127.19,52.39],[-127.23,52.45],[-127.24,52.5],[-127.23,52.53],[-127.18,52.57],[-127.05,52.63],[-126.98,52.69],[-126.97,52.73],[-126.99,52.84],[-127.04,52.87],[-127.07,52.88],[-127.11,52.87],[-127.04,52.78],[-127.09,52.68],[-127.17,52.62],[-127.33,52.54],[-127.37,52.47],[-127.42,52.46],[-127.52,52.48],[-127.55,52.47],[-127.57,52.45],[-127.52,52.4],[-127.55,52.36],[-127.74,52.31],[-127.79,52.37],[-127.82,52.36],[-127.86,52.27],[-127.89,52.26],[-127.93,52.33],[-127.89,52.39],[-127.92,52.43],[-127.92,52.45],[-127.88,52.46],[-127.77,52.44],[-127.76,52.46],[-127.8,52.48],[-127.89,52.5],[-127.99,52.47],[-128.01,52.43],[-128.01,52.41],[-128,52.4],[-128,52.38],[-128.02,52.35],[-128.05,52.34],[-128.07,52.35],[-128.08,52.37],[-128.09,52.38],[-128.08,52.4],[-128.09,52.41],[-128.1,52.46],[-128.08,52.49],[-128.1,52.52],[-128.13,52.52],[-128.19,52.5],[-128.22,52.48],[-128.26,52.36],[-128.32,52.32],[-128.37,52.3],[-128.41,52.31],[-128.4,52.35],[-128.31,52.42],[-128.28,52.49],[-128.29,52.54],[-128.17,52.74],[-128.12,52.76],[-127.98,52.74],[-127.95,52.74],[-127.96,52.77],[-128.13,52.8],[-128.16,52.83],[-128.14,52.86],[-128.07,52.88],[-128.05,52.9],[-128.07,52.91],[-128.12,52.92],[-128.16,52.91],[-128.27,52.88],[-128.3,52.83],[-128.32,52.81],[-128.38,52.81],[-128.49,52.83],[-128.5,52.85],[-128.52,52.87],[-128.52,52.95],[-128.56,53.05],[-128.63,53.13],[-128.68,53.17],[-128.75,53.2],[-128.82,53.22],[-128.87,53.26],[-128.94,53.34],[-128.95,53.37],[-128.94,53.41],[-128.96,53.43],[-128.94,53.47],[-128.95,53.48],[-129.02,53.49],[-129.06,53.52],[-129.07,53.55],[-129.03,53.56],[-128.96,53.55],[-128.9,53.56],[-128.86,53.52],[-128.77,53.51],[-128.69,53.45],[-128.6,53.43],[-128.49,53.44],[-128.39,53.46],[-128.27,53.45],[-128.22,53.43],[-128.18,53.39],[-128.19,53.37],[-128.18,53.34],[-128.09,53.35],[-128.04,53.29],[-128,53.28],[-127.99,53.32],[-128.01,53.36],[-128.23,53.51],[-128.27,53.52],[-128.32,53.5],[-128.39,53.49],[-128.46,53.51],[-128.51,53.49],[-128.59,53.49],[-128.66,53.51],[-128.75,53.55],[-128.83,53.58],[-128.9,53.66],[-128.87,53.71],[-128.88,53.73],[-128.9,53.76],[-128.9,53.78],[-128.8,53.8],[-128.76,53.83],[-128.7,53.84],[-128.61,53.84],[-128.58,53.84],[-128.58,53.85],[-128.61,53.86],[-128.66,53.86],[-128.69,53.86],[-128.73,53.87],[-128.76,53.87],[-128.78,53.9],[-128.79,53.93],[-128.74,53.99],[-128.76,54],[-128.8,53.99],[-128.97,53.84],[-129.02,53.82],[-129.17,53.77],[-129.22,53.75],[-129.31,53.67],[-129.39,53.64],[-129.4,53.62],[-129.36,53.58],[-129.34,53.53],[-129.38,53.43],[-129.44,53.43],[-129.47,53.45],[-129.51,53.48],[-129.6,53.56],[-129.66,53.58],[-129.73,53.62],[-129.82,53.7],[-129.97,53.8],[-130.17,53.96],[-130.19,54.08],[-130.14,54.16],[-130.18,54.17],[-130.29,54.18],[-130.35,54.23],[-130.44,54.34],[-130.53,54.36],[-130.57,54.39],[-130.55,54.45],[-130.48,54.49],[-130.51,54.52],[-130.51,54.56],[-130.54,54.61],[-130.54,54.62],[-130.51,54.63],[-130.44,54.6],[-130.37,54.54],[-130.31,54.51],[-130.16,54.35],[-130.1,54.32],[-130.06,54.32],[-130.05,54.35],[-130.07,54.37],[-130.13,54.43],[-130.29,54.53],[-130.4,54.64],[-130.4,54.66],[-130.37,54.69],[-130.25,54.72],[-130.17,54.83],[-130.12,54.86],[-130.11,54.88],[-130.16,54.89],[-130.17,54.9],[-130.14,54.94],[-130.07,54.96],[-130,54.95],[-129.95,54.95],[-129.91,54.98],[-129.94,55],[-130.02,55.01],[-130.04,55.02],[-130.03,55.05],[-129.93,55.13],[-129.81,55.26],[-129.72,55.39],[-129.65,55.41],[-129.61,55.41],[-129.56,55.42],[-129.55,55.44],[-129.62,55.46],[-129.73,55.45],[-129.8,55.45],[-129.85,55.5],[-129.86,55.56],[-129.87,55.57],[-129.92,55.57],[-129.92,55.53],[-129.88,55.48],[-129.86,55.4],[-129.86,55.35],[-130.02,55.12],[-130.14,55.03],[-130.18,55.03],[-130.19,55.06],[-130.16,55.12],[-130.12,55.17],[-130.03,55.24],[-130.02,55.27],[-130.01,55.27],[-130,55.27],[-130,55.28],[-129.99,55.28],[-129.99,55.29],[-130,55.3],[-130.01,55.34],[-130.04,55.36],[-130.04,55.37],[-130.04,55.38],[-130.05,55.39],[-130.05,55.4],[-130.06,55.4],[-130.06,55.41],[-130.05,55.41],[-130.05,55.42],[-130.05,55.43],[-130.05,55.44],[-130.06,55.45],[-130.07,55.46],[-130.07,55.47],[-130.08,55.47],[-130.09,55.48],[-130.1,55.48],[-130.1,55.49],[-130.11,55.49],[-130.11,55.5],[-130.11,55.51],[-130.11,55.52],[-130.11,55.53],[-130.12,55.53],[-130.13,55.53],[-130.13,55.54],[-130.13,55.55],[-130.14,55.55],[-130.14,55.56],[-130.14,55.57],[-130.13,55.57],[-130.14,55.57],[-130.14,55.58],[-130.15,55.59],[-130.14,55.59],[-130.15,55.59],[-130.15,55.6],[-130.14,55.6],[-130.14,55.61],[-130.13,55.61],[-130.13,55.62],[-130.14,55.62],[-130.14,55.63],[-130.13,55.63],[-130.13,55.64],[-130.12,55.64],[-130.13,55.65],[-130.12,55.66],[-130.13,55.67],[-130.12,55.68],[-130.13,55.68],[-130.13,55.69],[-130.14,55.69],[-130.14,55.7],[-130.15,55.7],[-130.16,55.71],[-130.17,55.71],[-130.17,55.72],[-130.16,55.72],[-130.16,55.73],[-130.16,55.74],[-130.16,55.75],[-130.17,55.75],[-130.17,55.76],[-130.17,55.77],[-130.11,55.82],[-130.1,55.83],[-130.09,55.83],[-130.08,55.84],[-130.07,55.84],[-130.07,55.85],[-130.07,55.86],[-130.06,55.86],[-130.06,55.87],[-130.06,55.88],[-130.05,55.88],[-130.04,55.88],[-130.04,55.89],[-130.03,55.89],[-130.02,55.91],[-130.01,55.92],[-130.02,55.92],[-130.03,55.92],[-130.02,55.93],[-130.02,55.96],[-130.01,55.98],[-130,55.99],[-130.02,56.02],[-130.03,56.04],[-130.04,56.04],[-130.06,56.07],[-130.1,56.12],[-130.25,56.1],[-130.34,56.13],[-130.36,56.13],[-130.43,56.14],[-130.45,56.2],[-130.47,56.24],[-130.54,56.25],[-130.59,56.26],[-130.62,56.27],[-130.64,56.28],[-130.74,56.34],[-130.75,56.34],[-130.78,56.37],[-130.79,56.37],[-130.81,56.37],[-130.83,56.37],[-130.88,56.38],[-131.02,56.4],[-131.07,56.4],[-131.08,56.4],[-131.2,56.45],[-131.47,56.55],[-131.55,56.59],[-131.58,56.6],[-131.84,56.59],[-131.87,56.7],[-131.91,56.75],[-131.88,56.8],[-132.13,56.87],[-132.13,56.88],[-132.07,57.01],[-132.06,57.04],[-132.38,57.09],[-132.37,57.09],[-132.26,57.21],[-132.36,57.34],[-132.38,57.35],[-132.56,57.5],[-132.65,57.6],[-132.77,57.7],[-132.87,57.84],[-133.01,57.95],[-133.08,58],[-133.08,58.01],[-133.09,58.01],[-133.18,58.14],[-133.18,58.15],[-133.2,58.16],[-133.27,58.21],[-133.37,58.28],[-133.46,58.37],[-133.45,58.38],[-133.46,58.38],[-133.46,58.39],[-133.38,58.43],[-133.7,58.6],[-133.79,58.68],[-133.85,58.73],[-134.28,58.86],[-134.34,58.91],[-134.32,58.95],[-134.37,58.96],[-134.41,58.97],[-134.39,59.03],[-134.45,59.08],[-134.48,59.12],[-134.56,59.12],[-134.68,59.19],[-134.7,59.24],[-134.96,59.27],[-135.02,59.33],[-135.02,59.34],[-135.03,59.34],[-135,59.38],[-135.1,59.42],[-135.09,59.42],[-135.1,59.43],[-135.07,59.45],[-135.05,59.46],[-135.03,59.48],[-135.03,59.54],[-135.03,59.56],[-135.12,59.62],[-135.13,59.62],[-135.14,59.63],[-135.15,59.63],[-135.16,59.63],[-135.17,59.63],[-135.21,59.66],[-135.23,59.7],[-135.24,59.7],[-135.25,59.7],[-135.48,59.8],[-135.72,59.73],[-135.85,59.69],[-135.86,59.69],[-135.95,59.66],[-136,59.66],[-136.19,59.64],[-136.26,59.62],[-136.35,59.6],[-136.24,59.56],[-136.24,59.54],[-136.23,59.52],[-136.28,59.49],[-136.3,59.46],[-136.36,59.45],[-136.37,59.45],[-136.47,59.46],[-136.47,59.28],[-136.49,59.27],[-136.49,59.26],[-136.49,59.25],[-136.58,59.16],[-136.81,59.15],[-136.94,59.1],[-137.03,59.07],[-137.09,59.05],[-137.19,59.02],[-137.27,59],[-137.45,58.91],[-137.52,58.9],[-137.54,58.9],[-137.53,58.9],[-137.53,58.91],[-137.51,58.97],[-137.51,58.99],[-137.6,59.23],[-138.37,59.64],[-138.63,59.77],[-138.71,59.91],[-139.02,59.99],[-139.04,60],[-139,60],[-138,60],[-137.23,60],[-137,60],[-136,60],[-135,60],[-134.92,60],[-134.87,60]]],[[[-130.65,54.73],[-130.64,54.73],[-130.64,54.74],[-130.65,54.74],[-130.65,54.75],[-130.58,54.78],[-130.56,54.77],[-130.54,54.76],[-130.55,54.73],[-130.61,54.72],[-130.64,54.72],[-130.65,54.73]]],[[[-130.65,54.73],[-130.65,54.73],[-130.65,54.73],[-130.65,54.73],[-130.66,54.73],[-130.66,54.73],[-130.66,54.73],[-130.65,54.73]]],[[[-130.04,55.36],[-130.04,55.36],[-130.04,55.36],[-130.04,55.36]]]]}},{"type":"Feature","properties":{"NAME":"Quebec","CODE":"CA10"},"geometry":{"type":"MultiPolygon","coordinates":[[[[-77.25,55.73],[-77.23,55.74],[-77.21,55.74],[-77.19,55.74],[-76.73,56.08],[-76.75,56.08],[-76.77,56.09],[-76.76,56.12],[-76.75,56.13],[-76.73,56.13],[-76.7,56.11],[-76.71,56.09],[-76.61,56.17],[-76.63,56.19],[-76.62,56.2],[-76.6,56.23],[-76.54,56.75],[-76.55,56.81],[-76.54,56.87],[-76.52,56.91],[-76.55,57.01],[-76.54,57.08],[-76.56,57.11],[-76.57,57.26],[-76.6,57.34],[-76.65,57.42],[-76.84,57.58],[-76.88,57.65],[-76.87,57.7],[-76.89,57.73],[-77.1,57.9],[-77.23,58.02],[-77.34,58.09],[-77.44,58.12],[-77.5,58.19],[-77.71,58.26],[-77.84,58.31],[-77.93,58.34],[-78.04,58.4],[-78.08,58.45],[-78.2,58.47],[-78.26,58.49],[-78.32,58.53],[-78.31,58.55],[-78.34,58.59],[-78.38,58.59],[-78.39,58.57],[-78.37,58.54],[-78.37,58.52],[-78.41,58.51],[-78.45,58.56],[-78.54,58.63],[-78.51,58.68],[-78.52,58.7],[-78.52,58.72],[-78.47,58.72],[-78.41,58.68],[-78.38,58.68],[-78.37,58.71],[-78.42,58.75],[-78.48,58.77],[-78.51,58.8],[-78.5,58.84],[-78.54,58.89],[-78.52,58.91],[-78.47,58.9],[-78.39,58.87],[-78.33,58.89],[-78.3,58.95],[-78.31,58.99],[-78.29,59.03],[-78.23,59.05],[-78.22,59.07],[-78.2,59.07],[-78.12,59.06],[-78.09,59.08],[-78.09,59.11],[-78.12,59.13],[-78.1,59.17],[-77.96,59.21],[-77.92,59.26],[-77.86,59.26],[-77.82,59.28],[-77.78,59.35],[-77.68,59.38],[-77.66,59.41],[-77.67,59.42],[-77.73,59.42],[-77.83,59.39],[-77.89,59.39],[-77.95,59.42],[-77.94,59.44],[-77.86,59.46],[-77.87,59.49],[-77.85,59.53],[-77.74,59.55],[-77.72,59.58],[-77.79,59.69],[-77.78,59.73],[-77.74,59.73],[-77.71,59.7],[-77.67,59.69],[-77.55,59.67],[-77.47,59.58],[-77.33,59.57],[-77.29,59.58],[-77.32,59.6],[-77.39,59.62],[-77.41,59.64],[-77.4,59.67],[-77.51,59.73],[-77.49,59.76],[-77.37,59.8],[-77.28,59.81],[-77.27,59.83],[-77.34,59.88],[-77.34,59.92],[-77.31,59.99],[-77.35,60.04],[-77.29,60.08],[-77.13,60.07],[-77.09,60.1],[-77,60.12],[-77.05,60.15],[-77.25,60.18],[-77.28,60.17],[-77.29,60.15],[-77.28,60.13],[-77.3,60.09],[-77.31,60.09],[-77.37,60.08],[-77.53,60.04],[-77.62,60.08],[-77.53,60.13],[-77.53,60.18],[-77.57,60.28],[-77.68,60.37],[-77.7,60.42],[-77.66,60.46],[-77.56,60.51],[-77.55,60.54],[-77.57,60.56],[-77.75,60.56],[-77.79,60.6],[-77.78,60.67],[-77.64,60.71],[-77.63,60.78],[-77.58,60.81],[-77.57,60.84],[-77.61,60.84],[-77.71,60.8],[-77.76,60.78],[-77.9,60.8],[-78.01,60.8],[-78.05,60.81],[-78.14,60.82],[-78.18,60.84],[-78.09,60.93],[-77.88,61.02],[-77.79,61.1],[-77.74,61.29],[-77.74,61.35],[-77.79,61.41],[-77.77,61.46],[-77.67,61.46],[-77.59,61.47],[-77.58,61.49],[-77.64,61.53],[-77.64,61.54],[-77.61,61.55],[-77.55,61.55],[-77.48,61.57],[-77.47,61.59],[-77.51,61.62],[-77.55,61.63],[-77.63,61.6],[-77.69,61.61],[-77.72,61.63],[-77.74,61.68],[-77.94,61.75],[-78.04,61.89],[-78.09,62],[-78.12,62.06],[-78.14,62.2],[-78.12,62.3],[-78.08,62.35],[-78,62.4],[-77.76,62.48],[-77.55,62.58],[-77.52,62.62],[-77.48,62.63],[-77.42,62.63],[-77.39,62.6],[-77.32,62.6],[-77.23,62.61],[-76.76,62.57],[-76.57,62.51],[-76.36,62.49],[-76.26,62.47],[-76.03,62.39],[-75.95,62.4],[-75.87,62.39],[-75.8,62.37],[-75.54,62.35],[-75.54,62.32],[-75.58,62.29],[-75.73,62.26],[-75.83,62.23],[-75.83,62.21],[-75.79,62.2],[-75.62,62.23],[-75.54,62.27],[-75.45,62.28],[-75.38,62.32],[-75.31,62.34],[-75.26,62.35],[-75.16,62.33],[-75.07,62.28],[-75.05,62.28],[-74.97,62.3],[-74.8,62.27],[-74.61,62.18],[-74.53,62.15],[-74.5,62.17],[-74.54,62.2],[-74.67,62.27],[-74.65,62.3],[-74.19,62.32],[-74.1,62.34],[-73.97,62.37],[-73.89,62.41],[-73.78,62.47],[-73.71,62.49],[-73.58,62.47],[-73.14,62.29],[-73.1,62.26],[-72.92,62.22],[-72.82,62.15],[-72.75,62.15],[-72.68,62.17],[-72.63,62.16],[-72.56,62.09],[-72.56,62.04],[-72.59,61.99],[-72.71,61.92],[-72.73,61.89],[-72.71,61.87],[-72.63,61.86],[-72.54,61.83],[-72.52,61.84],[-72.51,61.85],[-72.58,61.91],[-72.55,61.95],[-72.52,61.96],[-72.39,61.95],[-72.21,61.9],[-72.14,61.85],[-72.17,61.79],[-72.13,61.78],[-72.02,61.76],[-72,61.75],[-72.01,61.7],[-72,61.69],[-72.03,61.66],[-72.07,61.65],[-72.17,61.64],[-72.19,61.63],[-72.18,61.61],[-72.05,61.59],[-71.98,61.61],[-71.9,61.62],[-71.89,61.65],[-71.93,61.69],[-71.91,61.72],[-71.87,61.74],[-71.78,61.73],[-71.73,61.71],[-71.65,61.69],[-71.6,61.68],[-71.56,61.63],[-71.59,61.61],[-71.66,61.59],[-71.73,61.59],[-71.77,61.58],[-71.79,61.55],[-71.75,61.52],[-71.79,61.46],[-71.77,61.45],[-71.59,61.43],[-71.58,61.42],[-71.59,61.41],[-71.71,61.38],[-71.72,61.37],[-71.69,61.32],[-71.65,61.31],[-71.61,61.27],[-71.43,61.24],[-71.36,61.2],[-70.7,61.12],[-70.64,61.09],[-70.58,61.08],[-70.52,61.08],[-70.45,61.12],[-70.35,61.14],[-70.31,61.15],[-70.16,61.12],[-70.1,61.08],[-70.12,61],[-70.09,60.97],[-70.03,60.96],[-69.92,60.85],[-69.87,60.86],[-69.87,60.89],[-69.83,60.93],[-69.75,60.93],[-69.69,60.94],[-69.68,60.96],[-69.69,61.03],[-69.63,61.1],[-69.59,61.13],[-69.53,61.13],[-69.51,61.12],[-69.39,61],[-69.33,60.94],[-69.35,60.89],[-69.56,60.8],[-69.64,60.75],[-69.68,60.69],[-69.65,60.64],[-69.68,60.6],[-69.75,60.57],[-69.78,60.54],[-69.76,60.49],[-69.66,60.41],[-69.7,60.35],[-69.65,60.34],[-69.61,60.26],[-69.61,60.2],[-69.67,60.13],[-69.8,60.12],[-69.82,60.09],[-69.8,60.08],[-69.83,60.05],[-69.94,60.07],[-69.97,60.08],[-70.03,60.08],[-70.12,60.06],[-70.15,60.06],[-70.2,60.06],[-70.25,60.06],[-70.31,60.06],[-70.38,60.05],[-70.43,60.04],[-70.5,60.03],[-70.61,60.04],[-70.68,60.04],[-70.73,60.05],[-70.82,60.08],[-70.93,60.1],[-71.02,60.12],[-71.1,60.12],[-71.14,60.12],[-71.18,60.1],[-71.17,60.08],[-71.13,60.07],[-71.08,60.07],[-71.01,60.06],[-70.94,60.06],[-70.89,60.05],[-70.84,60.04],[-70.81,60.04],[-70.76,60.02],[-70.7,60.01],[-70.65,60],[-70.57,60],[-70.44,60.01],[-70.36,60.01],[-70.28,60.02],[-70.19,60.02],[-70.1,60.01],[-69.97,59.99],[-69.9,59.96],[-69.78,59.94],[-69.73,59.89],[-69.58,59.83],[-69.56,59.8],[-69.59,59.77],[-69.56,59.73],[-69.57,59.68],[-69.52,59.62],[-69.53,59.59],[-69.65,59.55],[-69.68,59.51],[-69.69,59.49],[-69.66,59.47],[-69.63,59.45],[-69.59,59.41],[-69.6,59.38],[-69.65,59.37],[-69.66,59.35],[-69.63,59.33],[-69.58,59.32],[-69.5,59.32],[-69.4,59.35],[-69.33,59.34],[-69.31,59.32],[-69.22,59.32],[-69.16,59.31],[-69.15,59.28],[-69.21,59.25],[-69.3,59.24],[-69.32,59.21],[-69.44,59.19],[-69.46,59.16],[-69.45,59.15],[-69.39,59.12],[-69.3,59.11],[-69.29,59.09],[-69.31,59.06],[-69.39,59.02],[-69.41,58.99],[-69.37,58.91],[-69.38,58.9],[-69.48,58.87],[-69.5,58.83],[-69.53,58.82],[-69.62,58.83],[-69.65,58.86],[-69.64,58.96],[-69.67,58.99],[-69.73,59],[-69.78,59.04],[-69.81,59.05],[-69.84,59.01],[-69.75,58.88],[-69.76,58.86],[-69.78,58.85],[-69.87,58.84],[-69.99,58.8],[-70.1,58.8],[-70.21,58.77],[-70.29,58.74],[-70.3,58.72],[-70.25,58.72],[-70.15,58.75],[-70.03,58.74],[-69.92,58.76],[-69.87,58.75],[-69.85,58.71],[-69.74,58.69],[-69.73,58.67],[-69.78,58.62],[-69.76,58.6],[-69.71,58.61],[-69.53,58.74],[-69.46,58.77],[-69.23,58.86],[-69.03,58.91],[-68.99,58.92],[-68.8,58.89],[-68.66,58.9],[-68.56,58.87],[-68.43,58.85],[-68.41,58.84],[-68.34,58.74],[-68.34,58.64],[-68.33,58.62],[-68.22,58.58],[-68.2,58.54],[-68.22,58.52],[-68.22,58.44],[-68.25,58.32],[-68.39,58.11],[-68.45,58.08],[-68.55,58.05],[-68.77,58.01],[-69,57.95],[-69.08,57.92],[-69.1,57.9],[-69.08,57.89],[-69.04,57.89],[-68.87,57.95],[-68.57,58],[-68.44,58.04],[-68.33,58.09],[-68.24,58.21],[-68.25,58.23],[-68.19,58.33],[-68.16,58.45],[-68.07,58.55],[-68.05,58.56],[-67.94,58.54],[-67.89,58.51],[-67.95,58.42],[-67.91,58.36],[-67.91,58.33],[-67.94,58.3],[-67.98,58.27],[-68.02,58.23],[-68.05,58.2],[-68.07,58.18],[-68.08,58.16],[-68.05,58.14],[-68.02,58.14],[-67.99,58.17],[-67.94,58.21],[-67.89,58.24],[-67.85,58.25],[-67.84,58.27],[-67.81,58.29],[-67.8,58.36],[-67.8,58.38],[-67.8,58.42],[-67.78,58.45],[-67.75,58.46],[-67.73,58.43],[-67.74,58.4],[-67.74,58.38],[-67.74,58.34],[-67.74,58.33],[-67.73,58.32],[-67.7,58.3],[-67.67,58.28],[-67.67,58.26],[-67.69,58.23],[-67.71,58.18],[-67.72,58.14],[-67.73,58.1],[-67.73,58.07],[-67.72,58.03],[-67.71,58],[-67.7,57.98],[-67.69,57.97],[-67.68,57.96],[-67.65,57.97],[-67.62,58],[-67.62,58.16],[-67.56,58.24],[-67.37,58.34],[-67.19,58.38],[-67.15,58.4],[-67.06,58.42],[-66.97,58.52],[-66.94,58.53],[-66.89,58.52],[-66.87,58.49],[-66.84,58.49],[-66.8,58.5],[-66.77,58.52],[-66.69,58.53],[-66.63,58.59],[-66.57,58.71],[-66.47,58.74],[-66.49,58.78],[-66.45,58.82],[-66.37,58.87],[-66.3,58.86],[-66.17,58.73],[-66.12,58.71],[-65.99,58.69],[-65.96,58.65],[-65.97,58.59],[-66.13,58.38],[-66.08,58.32],[-66.05,58.3],[-65.98,58.28],[-65.95,58.29],[-65.97,58.31],[-66.04,58.37],[-66.02,58.39],[-65.96,58.41],[-65.95,58.43],[-65.95,58.48],[-65.85,58.61],[-65.86,58.65],[-65.89,58.69],[-65.99,58.73],[-66.05,58.83],[-66.02,58.86],[-66,58.87],[-65.87,58.86],[-65.77,58.88],[-65.78,58.89],[-65.83,58.9],[-65.88,58.9],[-65.92,58.91],[-65.95,58.93],[-65.94,58.94],[-65.84,58.97],[-65.81,59],[-65.77,59.01],[-65.7,59],[-65.67,59],[-65.66,59.02],[-65.68,59.05],[-65.65,59.07],[-65.6,59.06],[-65.46,58.98],[-65.42,58.97],[-65.4,58.98],[-65.39,58.99],[-65.48,59.08],[-65.47,59.09],[-65.43,59.1],[-65.31,59.11],[-65.3,59.12],[-65.31,59.13],[-65.37,59.15],[-65.54,59.14],[-65.57,59.15],[-65.64,59.19],[-65.69,59.26],[-65.68,59.28],[-65.65,59.29],[-65.58,59.27],[-65.47,59.22],[-65.43,59.25],[-65.51,59.34],[-65.52,59.36],[-65.5,59.4],[-65.47,59.4],[-65.4,59.39],[-65.28,59.32],[-65.25,59.32],[-65.24,59.34],[-65.36,59.41],[-65.42,59.49],[-65.4,59.52],[-65.31,59.52],[-65.28,59.53],[-65.38,59.66],[-65.4,59.73],[-65.38,59.81],[-65.33,59.85],[-65.22,59.89],[-65.17,59.88],[-65.09,59.84],[-65.04,59.84],[-65.03,59.85],[-65.07,59.89],[-65,59.94],[-65.03,59.98],[-65.02,60.01],[-65.03,60.06],[-65.01,60.09],[-64.96,60.1],[-64.95,60.15],[-64.91,60.2],[-64.83,60.22],[-64.82,60.22],[-64.81,60.22],[-64.8,60.22],[-64.78,60.21],[-64.77,60.21],[-64.77,60.2],[-64.76,60.2],[-64.76,60.19],[-64.76,60.18],[-64.75,60.18],[-64.73,60.19],[-64.72,60.19],[-64.7,60.19],[-64.68,60.19],[-64.67,60.19],[-64.66,60.18],[-64.65,60.18],[-64.64,60.17],[-64.63,60.17],[-64.62,60.16],[-64.61,60.16],[-64.61,60.15],[-64.6,60.14],[-64.6,60.13],[-64.61,60.13],[-64.61,60.12],[-64.62,60.12],[-64.63,60.12],[-64.65,60.11],[-64.66,60.11],[-64.67,60.11],[-64.68,60.12],[-64.69,60.12],[-64.7,60.12],[-64.72,60.12],[-64.73,60.12],[-64.74,60.12],[-64.75,60.12],[-64.75,60.11],[-64.74,60.11],[-64.74,60.1],[-64.73,60.1],[-64.73,60.09],[-64.73,60.08],[-64.74,60.08],[-64.75,60.07],[-64.76,60.06],[-64.77,60.06],[-64.78,60.06],[-64.79,60.06],[-64.81,60.06],[-64.82,60.06],[-64.83,60.06],[-64.85,60.06],[-64.86,60.06],[-64.87,60.07],[-64.88,60.07],[-64.89,60.07],[-64.9,60.07],[-64.91,60.07],[-64.91,60.06],[-64.9,60.05],[-64.9,60.04],[-64.89,60.03],[-64.9,60.03],[-64.9,60.02],[-64.9,60.01],[-64.9,60],[-64.9,59.99],[-64.89,59.99],[-64.88,59.99],[-64.87,59.99],[-64.86,59.99],[-64.85,59.99],[-64.83,59.99],[-64.82,59.99],[-64.81,59.99],[-64.8,59.99],[-64.78,59.99],[-64.77,59.98],[-64.76,59.98],[-64.75,59.97],[-64.74,59.97],[-64.72,59.97],[-64.71,59.96],[-64.7,59.96],[-64.69,59.96],[-64.68,59.96],[-64.67,59.96],[-64.67,59.95],[-64.67,59.94],[-64.67,59.93],[-64.67,59.92],[-64.68,59.92],[-64.69,59.91],[-64.7,59.91],[-64.71,59.9],[-64.72,59.91],[-64.73,59.9],[-64.74,59.9],[-64.75,59.9],[-64.76,59.9],[-64.77,59.9],[-64.78,59.9],[-64.79,59.9],[-64.8,59.89],[-64.81,59.89],[-64.81,59.88],[-64.8,59.88],[-64.79,59.87],[-64.78,59.87],[-64.78,59.86],[-64.79,59.86],[-64.81,59.86],[-64.82,59.86],[-64.83,59.85],[-64.84,59.85],[-64.85,59.85],[-64.86,59.85],[-64.87,59.84],[-64.86,59.83],[-64.85,59.83],[-64.84,59.83],[-64.84,59.82],[-64.84,59.81],[-64.85,59.8],[-64.86,59.8],[-64.86,59.79],[-64.84,59.78],[-64.83,59.78],[-64.83,59.77],[-64.83,59.76],[-64.84,59.76],[-64.84,59.75],[-64.84,59.74],[-64.83,59.73],[-64.82,59.73],[-64.81,59.73],[-64.8,59.72],[-64.8,59.71],[-64.81,59.7],[-64.81,59.69],[-64.82,59.69],[-64.83,59.68],[-64.83,59.67],[-64.84,59.67],[-64.84,59.66],[-64.85,59.65],[-64.85,59.64],[-64.85,59.63],[-64.85,59.62],[-64.85,59.6],[-64.85,59.59],[-64.86,59.59],[-64.86,59.58],[-64.87,59.58],[-64.87,59.57],[-64.88,59.57],[-64.88,59.56],[-64.87,59.56],[-64.87,59.55],[-64.86,59.55],[-64.86,59.54],[-64.85,59.53],[-64.83,59.53],[-64.82,59.53],[-64.81,59.53],[-64.8,59.52],[-64.8,59.51],[-64.79,59.5],[-64.79,59.49],[-64.78,59.48],[-64.77,59.48],[-64.76,59.47],[-64.75,59.47],[-64.74,59.46],[-64.73,59.46],[-64.72,59.46],[-64.7,59.47],[-64.69,59.47],[-64.68,59.47],[-64.67,59.47],[-64.66,59.47],[-64.65,59.47],[-64.64,59.48],[-64.63,59.48],[-64.62,59.49],[-64.61,59.49],[-64.6,59.5],[-64.59,59.5],[-64.58,59.5],[-64.57,59.51],[-64.56,59.51],[-64.55,59.51],[-64.54,59.51],[-64.53,59.52],[-64.53,59.53],[-64.52,59.54],[-64.51,59.55],[-64.5,59.55],[-64.49,59.55],[-64.48,59.55],[-64.47,59.55],[-64.46,59.54],[-64.44,59.54],[-64.43,59.53],[-64.42,59.53],[-64.41,59.53],[-64.4,59.53],[-64.39,59.52],[-64.39,59.51],[-64.38,59.51],[-64.38,59.5],[-64.39,59.5],[-64.39,59.49],[-64.4,59.49],[-64.42,59.49],[-64.43,59.48],[-64.45,59.48],[-64.46,59.48],[-64.47,59.48],[-64.48,59.47],[-64.49,59.47],[-64.5,59.47],[-64.51,59.46],[-64.52,59.45],[-64.51,59.44],[-64.5,59.43],[-64.51,59.42],[-64.52,59.42],[-64.54,59.41],[-64.55,59.41],[-64.56,59.41],[-64.56,59.4],[-64.57,59.4],[-64.57,59.39],[-64.57,59.38],[-64.56,59.38],[-64.56,59.37],[-64.55,59.37],[-64.54,59.37],[-64.54,59.36],[-64.55,59.35],[-64.55,59.34],[-64.56,59.33],[-64.57,59.32],[-64.57,59.31],[-64.56,59.3],[-64.55,59.29],[-64.54,59.29],[-64.54,59.28],[-64.53,59.27],[-64.53,59.26],[-64.53,59.25],[-64.53,59.24],[-64.53,59.23],[-64.54,59.22],[-64.54,59.21],[-64.55,59.2],[-64.55,59.19],[-64.56,59.18],[-64.56,59.17],[-64.55,59.17],[-64.54,59.17],[-64.53,59.17],[-64.53,59.18],[-64.52,59.18],[-64.52,59.19],[-64.51,59.18],[-64.51,59.17],[-64.51,59.16],[-64.51,59.15],[-64.52,59.14],[-64.52,59.13],[-64.52,59.12],[-64.52,59.11],[-64.51,59.1],[-64.5,59.1],[-64.49,59.1],[-64.48,59.1],[-64.47,59.1],[-64.46,59.1],[-64.45,59.1],[-64.44,59.1],[-64.43,59.1],[-64.42,59.1],[-64.4,59.1],[-64.39,59.09],[-64.38,59.08],[-64.37,59.07],[-64.36,59.07],[-64.35,59.06],[-64.34,59.06],[-64.33,59.05],[-64.32,59.05],[-64.32,59.04],[-64.31,59.04],[-64.31,59.03],[-64.31,59.02],[-64.32,59.01],[-64.33,59.01],[-64.34,59.01],[-64.36,59],[-64.37,59],[-64.39,59],[-64.41,59],[-64.42,59],[-64.44,59],[-64.45,59],[-64.46,59],[-64.47,59],[-64.48,59],[-64.49,59],[-64.5,59],[-64.51,59],[-64.52,59],[-64.53,59.01],[-64.54,59.01],[-64.55,59.01],[-64.56,59.02],[-64.57,59.02],[-64.58,59.02],[-64.59,59.02],[-64.6,59.02],[-64.61,59.02],[-64.62,59.03],[-64.63,59.03],[-64.64,59.03],[-64.65,59.03],[-64.66,59.04],[-64.67,59.04],[-64.68,59.04],[-64.69,59.04],[-64.7,59.04],[-64.71,59.05],[-64.71,59.06],[-64.72,59.07],[-64.73,59.08],[-64.74,59.08],[-64.75,59.08],[-64.76,59.08],[-64.77,59.08],[-64.78,59.08],[-64.79,59.08],[-64.8,59.08],[-64.81,59.08],[-64.82,59.07],[-64.83,59.07],[-64.84,59.07],[-64.85,59.07],[-64.86,59.06],[-64.87,59.05],[-64.88,59.05],[-64.89,59.04],[-64.89,59.03],[-64.9,59.02],[-64.9,59.01],[-64.89,59],[-64.88,58.99],[-64.87,58.98],[-64.87,58.97],[-64.87,58.96],[-64.87,58.95],[-64.86,58.94],[-64.86,58.93],[-64.85,58.92],[-64.84,58.93],[-64.83,58.93],[-64.81,58.93],[-64.8,58.94],[-64.79,58.94],[-64.78,58.94],[-64.77,58.95],[-64.76,58.95],[-64.75,58.95],[-64.74,58.95],[-64.72,58.96],[-64.72,58.95],[-64.7,58.95],[-64.69,58.95],[-64.68,58.94],[-64.67,58.94],[-64.66,58.93],[-64.65,58.92],[-64.64,58.92],[-64.63,58.92],[-64.62,58.91],[-64.61,58.91],[-64.6,58.91],[-64.58,58.91],[-64.57,58.9],[-64.56,58.9],[-64.55,58.9],[-64.54,58.9],[-64.53,58.9],[-64.53,58.91],[-64.52,58.91],[-64.51,58.91],[-64.5,58.91],[-64.48,58.91],[-64.47,58.91],[-64.47,58.9],[-64.45,58.9],[-64.44,58.9],[-64.43,58.91],[-64.42,58.91],[-64.4,58.91],[-64.39,58.91],[-64.38,58.91],[-64.36,58.91],[-64.35,58.91],[-64.33,58.9],[-64.32,58.9],[-64.31,58.9],[-64.3,58.9],[-64.29,58.89],[-64.28,58.89],[-64.27,58.88],[-64.26,58.88],[-64.26,58.87],[-64.25,58.87],[-64.25,58.86],[-64.24,58.86],[-64.24,58.85],[-64.24,58.84],[-64.24,58.83],[-64.24,58.82],[-64.25,58.81],[-64.25,58.8],[-64.25,58.79],[-64.23,58.79],[-64.22,58.78],[-64.21,58.78],[-64.21,58.77],[-64.2,58.77],[-64.19,58.76],[-64.18,58.76],[-64.17,58.76],[-64.16,58.75],[-64.14,58.75],[-64.13,58.75],[-64.12,58.75],[-64.11,58.75],[-64.1,58.75],[-64.09,58.76],[-64.08,58.77],[-64.07,58.77],[-64.07,58.78],[-64.06,58.78],[-64.06,58.79],[-64.05,58.8],[-64.04,58.81],[-64.03,58.81],[-64.02,58.81],[-64,58.82],[-63.99,58.82],[-63.98,58.83],[-63.97,58.82],[-63.96,58.82],[-63.94,58.82],[-63.93,58.82],[-63.92,58.83],[-63.91,58.83],[-63.89,58.83],[-63.88,58.83],[-63.87,58.84],[-63.86,58.84],[-63.85,58.84],[-63.84,58.84],[-63.83,58.85],[-63.82,58.85],[-63.81,58.85],[-63.8,58.85],[-63.79,58.86],[-63.79,58.87],[-63.78,58.87],[-63.78,58.88],[-63.77,58.89],[-63.76,58.88],[-63.74,58.88],[-63.73,58.88],[-63.72,58.88],[-63.7,58.88],[-63.69,58.88],[-63.67,58.87],[-63.66,58.87],[-63.66,58.86],[-63.66,58.85],[-63.64,58.85],[-63.63,58.85],[-63.62,58.85],[-63.6,58.85],[-63.59,58.85],[-63.58,58.84],[-63.57,58.84],[-63.56,58.84],[-63.55,58.83],[-63.55,58.82],[-63.54,58.81],[-63.54,58.8],[-63.53,58.8],[-63.52,58.79],[-63.51,58.79],[-63.5,58.78],[-63.49,58.78],[-63.48,58.78],[-63.48,58.77],[-63.47,58.77],[-63.47,58.76],[-63.48,58.76],[-63.48,58.75],[-63.49,58.74],[-63.51,58.74],[-63.52,58.74],[-63.53,58.73],[-63.55,58.73],[-63.56,58.73],[-63.59,58.73],[-63.61,58.73],[-63.63,58.72],[-63.64,58.72],[-63.66,58.72],[-63.67,58.72],[-63.69,58.71],[-63.7,58.71],[-63.71,58.71],[-63.72,58.7],[-63.74,58.7],[-63.75,58.71],[-63.76,58.71],[-63.77,58.71],[-63.78,58.7],[-63.79,58.7],[-63.8,58.7],[-63.81,58.7],[-63.83,58.7],[-63.84,58.7],[-63.93,58.7],[-63.94,58.7],[-63.95,58.7],[-63.96,58.69],[-63.97,58.69],[-63.98,58.69],[-63.99,58.69],[-64,58.69],[-64.01,58.69],[-64.02,58.69],[-64.03,58.69],[-64.04,58.69],[-64.06,58.68],[-64.07,58.67],[-64.07,58.66],[-64.08,58.66],[-64.08,58.65],[-64.09,58.64],[-64.11,58.63],[-64.12,58.62],[-64.12,58.61],[-64.11,58.6],[-64.11,58.59],[-64.11,58.58],[-64.11,58.57],[-64.11,58.56],[-64.09,58.55],[-64.08,58.55],[-64.07,58.54],[-64.06,58.53],[-64.05,58.53],[-64.04,58.52],[-64.03,58.52],[-64.02,58.52],[-64.01,58.52],[-64,58.52],[-63.99,58.52],[-63.98,58.52],[-63.97,58.53],[-63.96,58.53],[-63.95,58.54],[-63.95,58.55],[-63.95,58.56],[-63.94,58.57],[-63.93,58.57],[-63.92,58.58],[-63.91,58.58],[-63.9,58.58],[-63.89,58.57],[-63.88,58.57],[-63.87,58.56],[-63.87,58.55],[-63.86,58.54],[-63.86,58.53],[-63.86,58.52],[-63.86,58.51],[-63.86,58.5],[-63.85,58.5],[-63.85,58.49],[-63.84,58.49],[-63.83,58.49],[-63.82,58.49],[-63.82,58.48],[-63.82,58.47],[-63.83,58.47],[-63.85,58.46],[-63.85,58.45],[-63.86,58.45],[-63.86,58.44],[-63.86,58.43],[-63.88,58.43],[-63.88,58.42],[-63.89,58.42],[-63.9,58.42],[-63.91,58.43],[-63.92,58.44],[-63.93,58.44],[-63.94,58.44],[-63.95,58.44],[-63.97,58.44],[-63.98,58.44],[-63.99,58.44],[-64,58.44],[-64.01,58.43],[-64.02,58.43],[-64.03,58.42],[-64.03,58.41],[-64.03,58.4],[-64.03,58.39],[-64.02,58.38],[-64.02,58.37],[-64.02,58.36],[-64.01,58.36],[-64.03,58.36],[-64.05,58.36],[-64.06,58.36],[-64.07,58.36],[-64.08,58.37],[-64.09,58.37],[-64.1,58.37],[-64.11,58.37],[-64.13,58.36],[-64.14,58.36],[-64.15,58.36],[-64.17,58.36],[-64.18,58.35],[-64.19,58.35],[-64.19,58.34],[-64.18,58.33],[-64.18,58.32],[-64.19,58.31],[-64.19,58.3],[-64.2,58.29],[-64.21,58.28],[-64.22,58.27],[-64.23,58.26],[-64.23,58.25],[-64.23,58.24],[-64.24,58.24],[-64.25,58.23],[-64.26,58.22],[-64.27,58.22],[-64.28,58.21],[-64.3,58.21],[-64.32,58.21],[-64.33,58.21],[-64.34,58.21],[-64.36,58.21],[-64.37,58.21],[-64.37,58.2],[-64.38,58.2],[-64.39,58.2],[-64.4,58.19],[-64.41,58.18],[-64.42,58.17],[-64.43,58.17],[-64.43,58.16],[-64.44,58.15],[-64.44,58.14],[-64.43,58.13],[-64.43,58.12],[-64.43,58.11],[-64.44,58.1],[-64.44,58.09],[-64.44,58.08],[-64.43,58.07],[-64.42,58.06],[-64.41,58.06],[-64.39,58.06],[-64.38,58.06],[-64.37,58.06],[-64.36,58.06],[-64.34,58.06],[-64.32,58.06],[-64.31,58.06],[-64.3,58.05],[-64.29,58.05],[-64.27,58.05],[-64.26,58.05],[-64.25,58.04],[-64.24,58.04],[-64.24,58.03],[-64.23,58.03],[-64.23,58.02],[-64.23,58.01],[-64.23,58],[-64.23,57.99],[-64.23,57.98],[-64.22,57.98],[-64.21,57.97],[-64.2,57.96],[-64.19,57.95],[-64.19,57.94],[-64.19,57.93],[-64.18,57.93],[-64.17,57.92],[-64.16,57.92],[-64.16,57.91],[-64.16,57.9],[-64.15,57.89],[-64.15,57.88],[-64.15,57.87],[-64.14,57.86],[-64.14,57.85],[-64.14,57.84],[-64.13,57.84],[-64.13,57.83],[-64.13,57.82],[-64.12,57.81],[-64.11,57.81],[-64.11,57.8],[-64.1,57.79],[-64.09,57.78],[-64.08,57.78],[-64.07,57.77],[-64.06,57.76],[-64.03,57.78],[-64.02,57.79],[-64.02,57.8],[-64.01,57.81],[-64,57.81],[-63.99,57.81],[-63.98,57.8],[-63.96,57.79],[-63.95,57.8],[-63.94,57.8],[-63.93,57.8],[-63.92,57.8],[-63.91,57.8],[-63.92,57.79],[-63.91,57.78],[-63.91,57.77],[-63.91,57.76],[-63.91,57.75],[-63.91,57.74],[-63.9,57.73],[-63.9,57.72],[-63.89,57.72],[-63.88,57.71],[-63.87,57.71],[-63.86,57.71],[-63.85,57.71],[-63.84,57.71],[-63.83,57.71],[-63.82,57.7],[-63.81,57.69],[-63.8,57.69],[-63.79,57.7],[-63.78,57.71],[-63.77,57.71],[-63.76,57.7],[-63.76,57.69],[-63.75,57.68],[-63.74,57.67],[-63.74,57.66],[-63.73,57.66],[-63.72,57.66],[-63.71,57.67],[-63.7,57.67],[-63.69,57.68],[-63.68,57.69],[-63.68,57.7],[-63.67,57.71],[-63.67,57.72],[-63.67,57.73],[-63.66,57.74],[-63.65,57.74],[-63.64,57.73],[-63.63,57.74],[-63.62,57.74],[-63.61,57.75],[-63.6,57.74],[-63.6,57.73],[-63.61,57.72],[-63.61,57.71],[-63.61,57.7],[-63.61,57.69],[-63.61,57.68],[-63.61,57.67],[-63.61,57.66],[-63.61,57.65],[-63.62,57.64],[-63.63,57.64],[-63.64,57.63],[-63.65,57.62],[-63.67,57.61],[-63.68,57.61],[-63.69,57.6],[-63.7,57.6],[-63.71,57.6],[-63.73,57.6],[-63.75,57.6],[-63.76,57.6],[-63.77,57.6],[-63.79,57.6],[-63.79,57.59],[-63.78,57.59],[-63.78,57.58],[-63.77,57.57],[-63.76,57.56],[-63.75,57.55],[-63.75,57.54],[-63.76,57.53],[-63.76,57.52],[-63.77,57.51],[-63.77,57.5],[-63.77,57.49],[-63.77,57.48],[-63.77,57.47],[-63.77,57.45],[-63.76,57.44],[-63.75,57.43],[-63.74,57.42],[-63.73,57.42],[-63.73,57.41],[-63.72,57.4],[-63.72,57.38],[-63.73,57.37],[-63.74,57.36],[-63.76,57.36],[-63.77,57.36],[-63.77,57.35],[-63.78,57.35],[-63.79,57.35],[-63.8,57.34],[-63.81,57.34],[-63.8,57.33],[-63.81,57.33],[-63.83,57.33],[-63.84,57.34],[-63.85,57.34],[-63.87,57.33],[-63.87,57.31],[-63.88,57.3],[-63.88,57.29],[-63.88,57.28],[-63.89,57.27],[-63.89,57.26],[-63.89,57.25],[-63.88,57.24],[-63.88,57.23],[-63.88,57.22],[-63.89,57.21],[-63.89,57.2],[-63.88,57.2],[-63.87,57.21],[-63.86,57.22],[-63.84,57.23],[-63.83,57.24],[-63.83,57.25],[-63.82,57.26],[-63.8,57.26],[-63.79,57.26],[-63.78,57.26],[-63.76,57.25],[-63.75,57.25],[-63.74,57.24],[-63.75,57.23],[-63.75,57.22],[-63.75,57.21],[-63.76,57.21],[-63.77,57.2],[-63.77,57.19],[-63.78,57.19],[-63.78,57.18],[-63.79,57.17],[-63.79,57.16],[-63.78,57.15],[-63.77,57.14],[-63.77,57.13],[-63.78,57.12],[-63.79,57.12],[-63.8,57.11],[-63.8,57.1],[-63.8,57.09],[-63.81,57.09],[-63.82,57.08],[-63.83,57.08],[-63.84,57.08],[-63.86,57.08],[-63.88,57.09],[-63.89,57.09],[-63.9,57.09],[-63.9,57.08],[-63.9,57.06],[-63.89,57.05],[-63.89,57.04],[-63.89,57.03],[-63.89,57.02],[-63.88,57.01],[-63.88,57],[-63.87,57],[-63.88,56.99],[-63.89,56.99],[-63.9,56.99],[-63.91,56.99],[-63.91,56.98],[-63.92,56.98],[-63.92,56.97],[-63.91,56.95],[-63.91,56.94],[-63.91,56.93],[-63.91,56.92],[-63.91,56.91],[-63.91,56.9],[-63.9,56.9],[-63.89,56.9],[-63.88,56.9],[-63.87,56.9],[-63.86,56.89],[-63.85,56.89],[-63.85,56.88],[-63.86,56.87],[-63.87,56.87],[-63.88,56.88],[-63.9,56.88],[-63.91,56.88],[-63.91,56.87],[-63.92,56.87],[-63.93,56.87],[-63.94,56.87],[-63.95,56.87],[-63.96,56.87],[-63.97,56.87],[-63.98,56.87],[-63.99,56.87],[-64,56.86],[-64.01,56.86],[-64.01,56.85],[-64.02,56.85],[-64.02,56.84],[-64.02,56.83],[-64.01,56.82],[-64.01,56.81],[-64.01,56.8],[-64.01,56.79],[-64.02,56.78],[-64.03,56.77],[-64.04,56.77],[-64.05,56.77],[-64.06,56.77],[-64.07,56.77],[-64.08,56.76],[-64.08,56.75],[-64.09,56.74],[-64.1,56.74],[-64.11,56.73],[-64.12,56.73],[-64.13,56.72],[-64.14,56.71],[-64.14,56.7],[-64.15,56.7],[-64.14,56.69],[-64.13,56.69],[-64.12,56.68],[-64.11,56.68],[-64.11,56.67],[-64.11,56.66],[-64.1,56.66],[-64.09,56.65],[-64.08,56.65],[-64.07,56.66],[-64.06,56.66],[-64.05,56.66],[-64.04,56.66],[-64.04,56.65],[-64.03,56.65],[-64.04,56.64],[-64.04,56.63],[-64.05,56.62],[-64.05,56.61],[-64.06,56.61],[-64.06,56.6],[-64.05,56.6],[-64.04,56.6],[-64.03,56.6],[-64.02,56.6],[-64.01,56.6],[-64,56.59],[-63.99,56.58],[-63.99,56.57],[-63.98,56.57],[-63.97,56.56],[-63.96,56.55],[-63.95,56.55],[-63.95,56.54],[-63.95,56.53],[-63.95,56.52],[-63.95,56.51],[-63.96,56.5],[-63.95,56.49],[-63.95,56.48],[-63.94,56.48],[-63.93,56.48],[-63.92,56.48],[-63.91,56.48],[-63.9,56.47],[-63.89,56.47],[-63.89,56.46],[-63.88,56.46],[-63.88,56.45],[-63.89,56.44],[-63.9,56.44],[-63.91,56.44],[-63.92,56.44],[-63.93,56.44],[-63.94,56.43],[-63.95,56.43],[-63.96,56.43],[-63.97,56.42],[-63.98,56.42],[-63.99,56.42],[-64,56.42],[-64.01,56.42],[-64.02,56.42],[-64.03,56.42],[-64.04,56.42],[-64.05,56.42],[-64.06,56.42],[-64.07,56.43],[-64.08,56.43],[-64.09,56.43],[-64.1,56.43],[-64.11,56.43],[-64.12,56.43],[-64.13,56.43],[-64.14,56.43],[-64.15,56.43],[-64.16,56.43],[-64.17,56.43],[-64.18,56.43],[-64.19,56.43],[-64.19,56.42],[-64.18,56.42],[-64.17,56.41],[-64.16,56.41],[-64.14,56.41],[-64.13,56.4],[-64.12,56.39],[-64.11,56.38],[-64.11,56.37],[-64.1,56.36],[-64.11,56.36],[-64.11,56.35],[-64.11,56.34],[-64.11,56.33],[-64.12,56.32],[-64.13,56.32],[-64.14,56.31],[-64.13,56.31],[-64.13,56.3],[-64.12,56.3],[-64.11,56.29],[-64.11,56.28],[-64.1,56.27],[-64.09,56.27],[-64.08,56.26],[-64.06,56.26],[-64.05,56.26],[-64.03,56.26],[-64.02,56.27],[-64.01,56.27],[-64,56.27],[-63.99,56.27],[-63.98,56.26],[-63.97,56.26],[-63.96,56.26],[-63.95,56.26],[-63.94,56.26],[-63.93,56.26],[-63.92,56.26],[-63.92,56.25],[-63.92,56.24],[-63.91,56.23],[-63.9,56.23],[-63.89,56.23],[-63.88,56.23],[-63.87,56.22],[-63.88,56.21],[-63.89,56.2],[-63.9,56.2],[-63.91,56.2],[-63.92,56.2],[-63.94,56.19],[-63.95,56.19],[-63.97,56.19],[-63.97,56.18],[-63.98,56.18],[-63.99,56.18],[-64,56.18],[-64.01,56.17],[-64.02,56.17],[-64.02,56.16],[-64.02,56.14],[-64.02,56.13],[-64.02,56.12],[-64.02,56.11],[-64.03,56.1],[-64.03,56.09],[-64.03,56.08],[-64.02,56.08],[-64.01,56.07],[-64,56.07],[-63.98,56.08],[-63.97,56.08],[-63.96,56.08],[-63.95,56.09],[-63.94,56.1],[-63.94,56.11],[-63.93,56.11],[-63.93,56.12],[-63.92,56.12],[-63.91,56.12],[-63.9,56.12],[-63.89,56.13],[-63.88,56.13],[-63.87,56.13],[-63.87,56.12],[-63.88,56.11],[-63.88,56.1],[-63.88,56.09],[-63.87,56.1],[-63.86,56.11],[-63.85,56.11],[-63.85,56.1],[-63.84,56.1],[-63.83,56.09],[-63.83,56.08],[-63.82,56.07],[-63.82,56.06],[-63.83,56.06],[-63.83,56.05],[-63.81,56.05],[-63.8,56.05],[-63.78,56.05],[-63.77,56.06],[-63.76,56.06],[-63.74,56.07],[-63.73,56.07],[-63.72,56.07],[-63.71,56.07],[-63.7,56.07],[-63.7,56.06],[-63.69,56.05],[-63.67,56.04],[-63.66,56.04],[-63.65,56.03],[-63.64,56.03],[-63.63,56.03],[-63.62,56.03],[-63.61,56.03],[-63.6,56.03],[-63.59,56.03],[-63.58,56.03],[-63.56,56.03],[-63.55,56.04],[-63.54,56.04],[-63.53,56.04],[-63.52,56.04],[-63.51,56.04],[-63.5,56.04],[-63.49,56.04],[-63.48,56.04],[-63.47,56.03],[-63.46,56.03],[-63.46,56.02],[-63.47,56.01],[-63.47,56],[-63.47,55.99],[-63.48,55.99],[-63.49,56],[-63.5,56],[-63.51,56.01],[-63.52,56.01],[-63.53,56],[-63.55,56],[-63.56,56],[-63.57,55.99],[-63.59,55.99],[-63.6,55.98],[-63.62,55.98],[-63.63,55.98],[-63.65,55.97],[-63.66,55.97],[-63.67,55.97],[-63.68,55.96],[-63.69,55.96],[-63.7,55.95],[-63.71,55.95],[-63.72,55.95],[-63.73,55.94],[-63.74,55.94],[-63.76,55.94],[-63.77,55.94],[-63.78,55.94],[-63.8,55.93],[-63.81,55.93],[-63.82,55.93],[-63.84,55.93],[-63.85,55.93],[-63.86,55.92],[-63.84,55.91],[-63.83,55.91],[-63.83,55.9],[-63.84,55.89],[-63.84,55.88],[-63.83,55.88],[-63.82,55.87],[-63.8,55.87],[-63.79,55.86],[-63.78,55.85],[-63.77,55.84],[-63.77,55.83],[-63.78,55.82],[-63.78,55.81],[-63.77,55.81],[-63.77,55.8],[-63.76,55.8],[-63.76,55.79],[-63.75,55.79],[-63.73,55.79],[-63.72,55.79],[-63.71,55.79],[-63.69,55.79],[-63.68,55.79],[-63.67,55.79],[-63.66,55.79],[-63.66,55.78],[-63.66,55.77],[-63.67,55.76],[-63.68,55.76],[-63.69,55.75],[-63.7,55.75],[-63.71,55.75],[-63.72,55.74],[-63.72,55.73],[-63.72,55.72],[-63.72,55.71],[-63.72,55.7],[-63.73,55.69],[-63.73,55.68],[-63.74,55.68],[-63.74,55.67],[-63.75,55.67],[-63.76,55.67],[-63.76,55.66],[-63.77,55.66],[-63.75,55.66],[-63.73,55.66],[-63.72,55.67],[-63.72,55.66],[-63.71,55.66],[-63.7,55.66],[-63.69,55.66],[-63.67,55.66],[-63.66,55.66],[-63.65,55.66],[-63.64,55.65],[-63.64,55.64],[-63.65,55.64],[-63.66,55.64],[-63.67,55.64],[-63.68,55.63],[-63.68,55.62],[-63.68,55.61],[-63.68,55.6],[-63.68,55.59],[-63.69,55.58],[-63.68,55.57],[-63.68,55.56],[-63.68,55.55],[-63.68,55.54],[-63.68,55.53],[-63.69,55.52],[-63.7,55.52],[-63.7,55.51],[-63.71,55.51],[-63.72,55.5],[-63.73,55.5],[-63.73,55.49],[-63.75,55.49],[-63.76,55.49],[-63.77,55.48],[-63.78,55.48],[-63.79,55.48],[-63.79,55.47],[-63.78,55.46],[-63.77,55.46],[-63.77,55.45],[-63.76,55.45],[-63.74,55.45],[-63.74,55.44],[-63.73,55.44],[-63.72,55.44],[-63.71,55.44],[-63.7,55.44],[-63.69,55.43],[-63.68,55.43],[-63.67,55.43],[-63.66,55.43],[-63.65,55.43],[-63.63,55.43],[-63.62,55.43],[-63.61,55.43],[-63.6,55.43],[-63.58,55.43],[-63.57,55.43],[-63.56,55.42],[-63.55,55.42],[-63.53,55.43],[-63.52,55.43],[-63.5,55.43],[-63.49,55.42],[-63.48,55.42],[-63.46,55.42],[-63.45,55.42],[-63.44,55.42],[-63.43,55.41],[-63.42,55.41],[-63.41,55.41],[-63.4,55.41],[-63.38,55.42],[-63.37,55.42],[-63.36,55.41],[-63.35,55.41],[-63.34,55.4],[-63.33,55.4],[-63.33,55.39],[-63.33,55.38],[-63.34,55.37],[-63.35,55.37],[-63.36,55.37],[-63.38,55.36],[-63.39,55.36],[-63.4,55.35],[-63.41,55.35],[-63.42,55.35],[-63.43,55.35],[-63.45,55.35],[-63.46,55.35],[-63.48,55.35],[-63.5,55.35],[-63.51,55.35],[-63.53,55.35],[-63.54,55.35],[-63.56,55.34],[-63.58,55.34],[-63.59,55.34],[-63.58,55.33],[-63.57,55.33],[-63.56,55.32],[-63.55,55.32],[-63.54,55.32],[-63.53,55.31],[-63.54,55.31],[-63.54,55.3],[-63.55,55.3],[-63.57,55.3],[-63.58,55.3],[-63.6,55.3],[-63.61,55.3],[-63.62,55.3],[-63.63,55.3],[-63.65,55.29],[-63.66,55.29],[-63.67,55.28],[-63.67,55.27],[-63.67,55.26],[-63.66,55.26],[-63.65,55.26],[-63.64,55.26],[-63.62,55.26],[-63.61,55.25],[-63.59,55.25],[-63.58,55.25],[-63.57,55.25],[-63.57,55.24],[-63.56,55.24],[-63.55,55.24],[-63.54,55.24],[-63.53,55.24],[-63.52,55.24],[-63.51,55.24],[-63.5,55.24],[-63.49,55.25],[-63.48,55.25],[-63.47,55.25],[-63.46,55.26],[-63.45,55.26],[-63.44,55.26],[-63.43,55.26],[-63.42,55.25],[-63.42,55.24],[-63.42,55.23],[-63.43,55.23],[-63.44,55.22],[-63.44,55.21],[-63.45,55.21],[-63.46,55.2],[-63.48,55.2],[-63.49,55.2],[-63.5,55.2],[-63.51,55.2],[-63.52,55.2],[-63.53,55.2],[-63.54,55.2],[-63.55,55.19],[-63.56,55.19],[-63.54,55.18],[-63.53,55.18],[-63.53,55.17],[-63.54,55.16],[-63.55,55.16],[-63.56,55.15],[-63.57,55.15],[-63.58,55.14],[-63.59,55.14],[-63.59,55.13],[-63.6,55.12],[-63.6,55.11],[-63.61,55.1],[-63.61,55.09],[-63.61,55.08],[-63.62,55.08],[-63.62,55.07],[-63.61,55.07],[-63.6,55.07],[-63.6,55.06],[-63.59,55.06],[-63.59,55.05],[-63.58,55.05],[-63.59,55.04],[-63.59,55.03],[-63.59,55.02],[-63.6,55.02],[-63.59,55.01],[-63.58,55.01],[-63.58,55],[-63.58,54.99],[-63.57,54.99],[-63.57,54.98],[-63.57,54.97],[-63.58,54.97],[-63.59,54.96],[-63.6,54.96],[-63.6,54.95],[-63.59,54.95],[-63.59,54.94],[-63.59,54.93],[-63.59,54.92],[-63.6,54.92],[-63.6,54.91],[-63.61,54.91],[-63.62,54.91],[-63.63,54.9],[-63.65,54.9],[-63.66,54.9],[-63.67,54.91],[-63.68,54.91],[-63.7,54.91],[-63.71,54.92],[-63.72,54.93],[-63.73,54.93],[-63.74,54.94],[-63.75,54.94],[-63.76,54.95],[-63.77,54.95],[-63.78,54.95],[-63.8,54.95],[-63.82,54.95],[-63.82,54.94],[-63.83,54.94],[-63.83,54.93],[-63.82,54.92],[-63.81,54.92],[-63.81,54.91],[-63.82,54.91],[-63.83,54.91],[-63.84,54.9],[-63.84,54.89],[-63.84,54.88],[-63.84,54.87],[-63.84,54.86],[-63.84,54.85],[-63.83,54.84],[-63.83,54.83],[-63.83,54.82],[-63.83,54.81],[-63.84,54.81],[-63.85,54.81],[-63.86,54.81],[-63.87,54.81],[-63.89,54.81],[-63.9,54.8],[-63.91,54.79],[-63.92,54.78],[-63.93,54.77],[-63.92,54.77],[-63.92,54.76],[-63.91,54.76],[-63.9,54.76],[-63.89,54.75],[-63.88,54.75],[-63.87,54.75],[-63.86,54.75],[-63.85,54.74],[-63.84,54.74],[-63.83,54.73],[-63.81,54.72],[-63.8,54.72],[-63.8,54.71],[-63.79,54.71],[-63.78,54.7],[-63.77,54.69],[-63.76,54.68],[-63.75,54.67],[-63.74,54.66],[-63.73,54.66],[-63.73,54.65],[-63.72,54.65],[-63.72,54.64],[-63.73,54.64],[-63.73,54.63],[-63.74,54.63],[-63.75,54.63],[-63.76,54.63],[-63.77,54.64],[-63.78,54.64],[-63.79,54.64],[-63.8,54.64],[-63.81,54.64],[-63.82,54.63],[-63.83,54.63],[-63.84,54.63],[-63.85,54.63],[-63.86,54.62],[-63.87,54.62],[-63.88,54.62],[-63.88,54.61],[-63.89,54.61],[-63.9,54.6],[-63.91,54.6],[-63.92,54.6],[-63.93,54.6],[-63.94,54.61],[-63.95,54.61],[-63.97,54.61],[-63.99,54.6],[-64,54.6],[-64.01,54.6],[-64.02,54.6],[-64.03,54.6],[-64.04,54.6],[-64.05,54.6],[-64.06,54.6],[-64.06,54.61],[-64.07,54.61],[-64.08,54.61],[-64.09,54.61],[-64.1,54.61],[-64.11,54.61],[-64.12,54.62],[-64.12,54.63],[-64.11,54.64],[-64.12,54.65],[-64.13,54.66],[-64.14,54.67],[-64.15,54.67],[-64.16,54.68],[-64.17,54.69],[-64.18,54.69],[-64.18,54.7],[-64.19,54.7],[-64.19,54.71],[-64.19,54.72],[-64.2,54.72],[-64.21,54.72],[-64.22,54.72],[-64.23,54.72],[-64.24,54.72],[-64.25,54.73],[-64.27,54.73],[-64.28,54.73],[-64.29,54.73],[-64.3,54.73],[-64.3,54.74],[-64.31,54.74],[-64.31,54.75],[-64.32,54.76],[-64.32,54.77],[-64.33,54.77],[-64.33,54.78],[-64.35,54.78],[-64.36,54.78],[-64.37,54.78],[-64.38,54.78],[-64.39,54.79],[-64.41,54.79],[-64.42,54.79],[-64.44,54.79],[-64.45,54.79],[-64.46,54.79],[-64.47,54.79],[-64.48,54.79],[-64.48,54.78],[-64.47,54.77],[-64.47,54.76],[-64.48,54.76],[-64.48,54.75],[-64.49,54.75],[-64.5,54.75],[-64.51,54.75],[-64.52,54.75],[-64.53,54.75],[-64.54,54.75],[-64.55,54.75],[-64.55,54.74],[-64.54,54.73],[-64.54,54.72],[-64.55,54.72],[-64.56,54.72],[-64.57,54.72],[-64.58,54.72],[-64.59,54.72],[-64.6,54.72],[-64.61,54.72],[-64.62,54.72],[-64.63,54.73],[-64.65,54.73],[-64.66,54.73],[-64.67,54.73],[-64.68,54.73],[-64.69,54.72],[-64.71,54.72],[-64.72,54.72],[-64.73,54.72],[-64.74,54.73],[-64.75,54.73],[-64.76,54.73],[-64.77,54.73],[-64.78,54.73],[-64.79,54.74],[-64.8,54.74],[-64.8,54.75],[-64.79,54.76],[-64.78,54.76],[-64.78,54.77],[-64.77,54.78],[-64.76,54.79],[-64.76,54.8],[-64.76,54.81],[-64.76,54.82],[-64.77,54.83],[-64.78,54.83],[-64.79,54.83],[-64.81,54.84],[-64.82,54.84],[-64.83,54.84],[-64.84,54.84],[-64.85,54.84],[-64.86,54.85],[-64.86,54.86],[-64.86,54.87],[-64.87,54.87],[-64.88,54.88],[-64.89,54.88],[-64.89,54.89],[-64.9,54.9],[-64.91,54.9],[-64.92,54.91],[-64.93,54.91],[-64.94,54.91],[-64.95,54.91],[-64.96,54.91],[-64.96,54.92],[-64.97,54.92],[-64.98,54.92],[-64.99,54.93],[-65,54.93],[-65.01,54.93],[-65.03,54.93],[-65.03,54.94],[-65.04,54.94],[-65.05,54.94],[-65.06,54.94],[-65.07,54.95],[-65.08,54.95],[-65.09,54.95],[-65.1,54.95],[-65.11,54.95],[-65.13,54.94],[-65.14,54.94],[-65.15,54.93],[-65.15,54.92],[-65.16,54.92],[-65.17,54.91],[-65.18,54.91],[-65.19,54.91],[-65.19,54.9],[-65.19,54.89],[-65.2,54.89],[-65.2,54.88],[-65.21,54.88],[-65.2,54.87],[-65.2,54.86],[-65.2,54.85],[-65.21,54.85],[-65.22,54.85],[-65.23,54.84],[-65.24,54.84],[-65.26,54.84],[-65.27,54.84],[-65.28,54.84],[-65.29,54.84],[-65.3,54.84],[-65.31,54.84],[-65.32,54.84],[-65.33,54.83],[-65.34,54.83],[-65.35,54.82],[-65.36,54.81],[-65.37,54.81],[-65.38,54.82],[-65.39,54.81],[-65.4,54.81],[-65.41,54.82],[-65.42,54.82],[-65.42,54.83],[-65.43,54.84],[-65.44,54.84],[-65.45,54.84],[-65.46,54.83],[-65.47,54.83],[-65.48,54.81],[-65.48,54.8],[-65.47,54.8],[-65.47,54.79],[-65.46,54.78],[-65.45,54.78],[-65.44,54.77],[-65.44,54.76],[-65.44,54.75],[-65.45,54.74],[-65.46,54.73],[-65.47,54.73],[-65.48,54.73],[-65.5,54.73],[-65.51,54.73],[-65.53,54.73],[-65.55,54.73],[-65.56,54.73],[-65.57,54.73],[-65.59,54.73],[-65.6,54.73],[-65.61,54.73],[-65.62,54.74],[-65.63,54.74],[-65.64,54.75],[-65.64,54.74],[-65.65,54.74],[-65.65,54.73],[-65.66,54.72],[-65.67,54.72],[-65.67,54.71],[-65.68,54.71],[-65.69,54.71],[-65.7,54.71],[-65.71,54.72],[-65.72,54.72],[-65.72,54.73],[-65.73,54.73],[-65.73,54.74],[-65.73,54.75],[-65.74,54.75],[-65.74,54.76],[-65.75,54.76],[-65.75,54.77],[-65.76,54.77],[-65.78,54.78],[-65.79,54.79],[-65.8,54.8],[-65.81,54.81],[-65.82,54.81],[-65.83,54.82],[-65.84,54.82],[-65.85,54.83],[-65.86,54.83],[-65.86,54.84],[-65.86,54.85],[-65.86,54.86],[-65.86,54.87],[-65.86,54.88],[-65.86,54.89],[-65.86,54.9],[-65.86,54.91],[-65.87,54.92],[-65.88,54.92],[-65.89,54.93],[-65.9,54.93],[-65.91,54.93],[-65.92,54.93],[-65.93,54.93],[-65.94,54.93],[-65.95,54.93],[-65.96,54.93],[-65.97,54.93],[-65.98,54.93],[-66,54.93],[-66.01,54.93],[-66.02,54.93],[-66.03,54.93],[-66.04,54.93],[-66.05,54.93],[-66.06,54.93],[-66.07,54.94],[-66.08,54.94],[-66.09,54.94],[-66.1,54.95],[-66.11,54.95],[-66.12,54.96],[-66.13,54.96],[-66.14,54.96],[-66.14,54.97],[-66.15,54.97],[-66.17,54.97],[-66.18,54.98],[-66.19,54.98],[-66.2,54.98],[-66.21,54.98],[-66.22,54.98],[-66.23,54.98],[-66.24,54.98],[-66.25,54.98],[-66.26,54.98],[-66.26,54.99],[-66.27,54.99],[-66.27,55],[-66.28,55.01],[-66.28,55.02],[-66.29,55.02],[-66.3,55.03],[-66.31,55.04],[-66.31,55.05],[-66.32,55.05],[-66.33,55.06],[-66.34,55.06],[-66.35,55.08],[-66.36,55.08],[-66.37,55.09],[-66.38,55.09],[-66.39,55.1],[-66.4,55.11],[-66.41,55.12],[-66.42,55.12],[-66.43,55.13],[-66.44,55.13],[-66.44,55.14],[-66.45,55.14],[-66.46,55.14],[-66.47,55.15],[-66.48,55.16],[-66.49,55.16],[-66.5,55.17],[-66.5,55.18],[-66.51,55.18],[-66.51,55.19],[-66.52,55.2],[-66.53,55.21],[-66.54,55.22],[-66.55,55.22],[-66.56,55.23],[-66.57,55.24],[-66.58,55.25],[-66.59,55.26],[-66.6,55.26],[-66.61,55.27],[-66.62,55.26],[-66.63,55.26],[-66.65,55.26],[-66.66,55.26],[-66.67,55.27],[-66.68,55.27],[-66.68,55.28],[-66.69,55.28],[-66.69,55.29],[-66.7,55.3],[-66.71,55.31],[-66.72,55.31],[-66.73,55.32],[-66.74,55.32],[-66.75,55.33],[-66.76,55.33],[-66.77,55.34],[-66.78,55.33],[-66.78,55.32],[-66.79,55.31],[-66.8,55.31],[-66.81,55.3],[-66.81,55.29],[-66.81,55.28],[-66.8,55.28],[-66.8,55.27],[-66.79,55.27],[-66.78,55.26],[-66.77,55.26],[-66.76,55.25],[-66.75,55.25],[-66.74,55.24],[-66.73,55.24],[-66.72,55.23],[-66.7,55.23],[-66.69,55.22],[-66.69,55.21],[-66.68,55.21],[-66.67,55.2],[-66.67,55.19],[-66.66,55.19],[-66.67,55.18],[-66.68,55.18],[-66.69,55.18],[-66.7,55.19],[-66.71,55.19],[-66.72,55.2],[-66.73,55.2],[-66.74,55.2],[-66.75,55.2],[-66.75,55.19],[-66.76,55.18],[-66.76,55.17],[-66.75,55.17],[-66.75,55.16],[-66.76,55.15],[-66.77,55.14],[-66.77,55.13],[-66.76,55.12],[-66.76,55.11],[-66.75,55.1],[-66.74,55.1],[-66.73,55.09],[-66.72,55.08],[-66.71,55.08],[-66.71,55.07],[-66.72,55.07],[-66.72,55.06],[-66.73,55.06],[-66.74,55.05],[-66.73,55.05],[-66.73,55.04],[-66.72,55.04],[-66.7,55.03],[-66.69,55.02],[-66.68,55.02],[-66.67,55.01],[-66.66,55.01],[-66.65,55.01],[-66.64,55],[-66.63,55],[-66.63,54.99],[-66.62,54.99],[-66.63,54.98],[-66.64,54.98],[-66.65,54.99],[-66.67,54.99],[-66.68,54.99],[-66.7,54.99],[-66.71,55],[-66.72,55],[-66.73,55],[-66.74,55],[-66.75,55],[-66.76,55],[-66.76,54.99],[-66.75,54.98],[-66.74,54.98],[-66.73,54.98],[-66.73,54.97],[-66.72,54.96],[-66.71,54.95],[-66.7,54.94],[-66.69,54.94],[-66.69,54.93],[-66.68,54.92],[-66.68,54.91],[-66.67,54.9],[-66.67,54.89],[-66.66,54.88],[-66.66,54.87],[-66.65,54.86],[-66.64,54.85],[-66.64,54.84],[-66.63,54.84],[-66.62,54.83],[-66.61,54.82],[-66.6,54.82],[-66.6,54.81],[-66.6,54.8],[-66.6,54.79],[-66.61,54.79],[-66.62,54.78],[-66.63,54.78],[-66.64,54.78],[-66.65,54.78],[-66.66,54.78],[-66.67,54.78],[-66.67,54.77],[-66.68,54.78],[-66.69,54.78],[-66.7,54.79],[-66.71,54.79],[-66.72,54.8],[-66.73,54.8],[-66.73,54.81],[-66.74,54.81],[-66.75,54.81],[-66.75,54.8],[-66.75,54.79],[-66.74,54.78],[-66.74,54.77],[-66.73,54.76],[-66.72,54.76],[-66.71,54.75],[-66.7,54.75],[-66.69,54.75],[-66.68,54.74],[-66.67,54.74],[-66.67,54.73],[-66.66,54.73],[-66.66,54.72],[-66.67,54.72],[-66.69,54.72],[-66.71,54.73],[-66.72,54.74],[-66.74,54.74],[-66.75,54.75],[-66.77,54.75],[-66.79,54.76],[-66.8,54.77],[-66.82,54.77],[-66.83,54.78],[-66.85,54.79],[-66.86,54.79],[-66.87,54.8],[-66.88,54.8],[-66.89,54.8],[-66.91,54.8],[-66.92,54.8],[-66.93,54.8],[-66.94,54.8],[-66.95,54.8],[-66.96,54.81],[-66.97,54.82],[-66.98,54.82],[-66.98,54.83],[-66.99,54.83],[-67,54.84],[-67.01,54.84],[-67.02,54.85],[-67.02,54.86],[-67.03,54.86],[-67.04,54.87],[-67.05,54.88],[-67.06,54.89],[-67.07,54.9],[-67.09,54.91],[-67.11,54.91],[-67.12,54.92],[-67.13,54.93],[-67.14,54.94],[-67.15,54.94],[-67.16,54.95],[-67.17,54.95],[-67.18,54.96],[-67.19,54.96],[-67.19,54.97],[-67.2,54.97],[-67.2,54.98],[-67.21,54.98],[-67.22,54.98],[-67.23,54.99],[-67.24,54.99],[-67.24,55],[-67.24,55.01],[-67.25,55.01],[-67.26,55.02],[-67.27,55.02],[-67.28,55.02],[-67.28,55.03],[-67.28,55.04],[-67.27,55.04],[-67.27,55.05],[-67.26,55.05],[-67.26,55.06],[-67.27,55.06],[-67.28,55.06],[-67.3,55.07],[-67.31,55.07],[-67.32,55.07],[-67.33,55.07],[-67.34,55.08],[-67.35,55.08],[-67.36,55.08],[-67.37,55.08],[-67.38,55.08],[-67.39,55.08],[-67.41,55.07],[-67.42,55.07],[-67.43,55.07],[-67.43,55.06],[-67.44,55.05],[-67.44,55.04],[-67.44,55.03],[-67.44,55.02],[-67.44,55.01],[-67.43,55],[-67.42,54.99],[-67.41,54.99],[-67.41,54.98],[-67.4,54.98],[-67.4,54.97],[-67.39,54.96],[-67.38,54.95],[-67.36,54.94],[-67.34,54.92],[-67.32,54.9],[-67.31,54.88],[-67.29,54.87],[-67.27,54.86],[-67.25,54.84],[-67.23,54.83],[-67.22,54.81],[-67.21,54.8],[-67.2,54.79],[-67.19,54.78],[-67.18,54.77],[-67.16,54.76],[-67.15,54.76],[-67.14,54.75],[-67.13,54.75],[-67.11,54.74],[-67.1,54.74],[-67.09,54.73],[-67.08,54.72],[-67.07,54.72],[-67.06,54.71],[-67.06,54.7],[-67.06,54.69],[-67.07,54.68],[-67.07,54.67],[-67.08,54.67],[-67.08,54.66],[-67.09,54.66],[-67.11,54.66],[-67.11,54.65],[-67.12,54.65],[-67.13,54.65],[-67.13,54.64],[-67.14,54.63],[-67.14,54.62],[-67.15,54.62],[-67.15,54.61],[-67.16,54.61],[-67.17,54.61],[-67.19,54.61],[-67.2,54.61],[-67.21,54.61],[-67.22,54.6],[-67.22,54.59],[-67.23,54.59],[-67.24,54.58],[-67.25,54.58],[-67.26,54.58],[-67.27,54.58],[-67.28,54.57],[-67.28,54.56],[-67.27,54.56],[-67.27,54.55],[-67.26,54.55],[-67.26,54.54],[-67.25,54.54],[-67.24,54.53],[-67.23,54.52],[-67.23,54.51],[-67.23,54.5],[-67.24,54.5],[-67.25,54.49],[-67.26,54.49],[-67.27,54.49],[-67.28,54.49],[-67.3,54.5],[-67.31,54.5],[-67.33,54.5],[-67.34,54.51],[-67.35,54.51],[-67.36,54.52],[-67.37,54.52],[-67.38,54.53],[-67.39,54.53],[-67.4,54.53],[-67.41,54.53],[-67.42,54.53],[-67.42,54.51],[-67.43,54.49],[-67.44,54.49],[-67.45,54.48],[-67.46,54.48],[-67.48,54.48],[-67.49,54.48],[-67.5,54.48],[-67.51,54.48],[-67.53,54.49],[-67.54,54.49],[-67.55,54.49],[-67.56,54.48],[-67.57,54.48],[-67.58,54.48],[-67.59,54.48],[-67.6,54.48],[-67.61,54.48],[-67.62,54.48],[-67.63,54.49],[-67.64,54.5],[-67.65,54.5],[-67.65,54.49],[-67.67,54.48],[-67.67,54.47],[-67.67,54.46],[-67.67,54.45],[-67.67,54.44],[-67.68,54.44],[-67.69,54.44],[-67.7,54.44],[-67.71,54.44],[-67.71,54.45],[-67.72,54.45],[-67.73,54.45],[-67.74,54.45],[-67.75,54.45],[-67.75,54.44],[-67.75,54.43],[-67.75,54.42],[-67.74,54.42],[-67.74,54.41],[-67.73,54.41],[-67.73,54.4],[-67.72,54.4],[-67.72,54.39],[-67.71,54.39],[-67.71,54.38],[-67.7,54.38],[-67.7,54.37],[-67.7,54.36],[-67.7,54.35],[-67.69,54.35],[-67.69,54.34],[-67.7,54.34],[-67.7,54.33],[-67.71,54.33],[-67.71,54.32],[-67.72,54.32],[-67.73,54.32],[-67.74,54.32],[-67.75,54.32],[-67.76,54.32],[-67.76,54.31],[-67.77,54.31],[-67.77,54.3],[-67.77,54.29],[-67.76,54.28],[-67.75,54.28],[-67.74,54.28],[-67.73,54.28],[-67.72,54.28],[-67.71,54.28],[-67.7,54.27],[-67.69,54.27],[-67.68,54.27],[-67.67,54.27],[-67.67,54.26],[-67.66,54.26],[-67.65,54.26],[-67.65,54.25],[-67.64,54.25],[-67.64,54.24],[-67.63,54.24],[-67.63,54.23],[-67.62,54.23],[-67.62,54.22],[-67.61,54.22],[-67.61,54.21],[-67.61,54.2],[-67.62,54.2],[-67.62,54.19],[-67.63,54.18],[-67.63,54.17],[-67.64,54.17],[-67.65,54.16],[-67.66,54.16],[-67.67,54.16],[-67.68,54.16],[-67.7,54.16],[-67.71,54.16],[-67.72,54.16],[-67.74,54.16],[-67.75,54.16],[-67.76,54.16],[-67.77,54.15],[-67.78,54.15],[-67.79,54.15],[-67.79,54.14],[-67.8,54.13],[-67.8,54.12],[-67.79,54.11],[-67.78,54.1],[-67.77,54.1],[-67.76,54.1],[-67.75,54.1],[-67.75,54.09],[-67.75,54.08],[-67.76,54.08],[-67.76,54.07],[-67.77,54.06],[-67.77,54.05],[-67.78,54.04],[-67.78,54.03],[-67.79,54.03],[-67.8,54.03],[-67.81,54.02],[-67.8,54.02],[-67.79,54.02],[-67.78,54.01],[-67.77,54.01],[-67.76,54.01],[-67.74,54],[-67.72,53.98],[-67.71,53.98],[-67.7,53.98],[-67.69,53.98],[-67.68,53.98],[-67.67,53.97],[-67.66,53.97],[-67.65,53.96],[-67.65,53.95],[-67.65,53.94],[-67.64,53.94],[-67.62,53.94],[-67.61,53.93],[-67.6,53.93],[-67.59,53.91],[-67.59,53.9],[-67.59,53.89],[-67.59,53.88],[-67.58,53.88],[-67.57,53.87],[-67.56,53.87],[-67.56,53.86],[-67.55,53.86],[-67.54,53.85],[-67.53,53.85],[-67.52,53.84],[-67.51,53.85],[-67.5,53.84],[-67.49,53.84],[-67.48,53.84],[-67.48,53.83],[-67.49,53.83],[-67.49,53.82],[-67.5,53.81],[-67.51,53.8],[-67.52,53.8],[-67.52,53.79],[-67.53,53.79],[-67.54,53.79],[-67.55,53.8],[-67.56,53.8],[-67.57,53.79],[-67.57,53.78],[-67.58,53.77],[-67.59,53.76],[-67.57,53.76],[-67.56,53.75],[-67.55,53.75],[-67.54,53.75],[-67.53,53.75],[-67.52,53.75],[-67.51,53.75],[-67.5,53.74],[-67.49,53.73],[-67.49,53.72],[-67.48,53.72],[-67.47,53.72],[-67.46,53.72],[-67.45,53.72],[-67.44,53.72],[-67.43,53.72],[-67.42,53.72],[-67.41,53.72],[-67.41,53.71],[-67.41,53.7],[-67.4,53.68],[-67.4,53.67],[-67.39,53.66],[-67.39,53.65],[-67.38,53.65],[-67.38,53.64],[-67.38,53.63],[-67.38,53.62],[-67.37,53.62],[-67.36,53.61],[-67.35,53.61],[-67.34,53.6],[-67.33,53.59],[-67.32,53.58],[-67.32,53.57],[-67.31,53.56],[-67.3,53.56],[-67.29,53.56],[-67.28,53.56],[-67.27,53.56],[-67.26,53.56],[-67.25,53.56],[-67.24,53.55],[-67.22,53.55],[-67.21,53.55],[-67.2,53.55],[-67.19,53.55],[-67.18,53.54],[-67.17,53.54],[-67.16,53.54],[-67.15,53.54],[-67.14,53.54],[-67.13,53.54],[-67.12,53.54],[-67.11,53.54],[-67.1,53.54],[-67.09,53.54],[-67.08,53.54],[-67.07,53.54],[-67.06,53.54],[-67.05,53.54],[-67.04,53.53],[-67.03,53.52],[-67.02,53.52],[-67.02,53.51],[-67.01,53.51],[-67.01,53.5],[-67,53.5],[-66.99,53.49],[-66.99,53.48],[-66.99,53.47],[-66.98,53.47],[-66.98,53.48],[-66.97,53.48],[-66.96,53.48],[-66.95,53.48],[-66.94,53.48],[-66.94,53.47],[-66.93,53.47],[-66.92,53.46],[-66.92,53.45],[-66.92,53.44],[-66.92,53.43],[-66.9,53.42],[-66.89,53.42],[-66.88,53.42],[-66.89,53.41],[-66.9,53.4],[-66.91,53.4],[-66.93,53.39],[-66.94,53.39],[-66.94,53.38],[-66.94,53.37],[-66.95,53.37],[-66.96,53.37],[-66.97,53.37],[-66.98,53.37],[-66.99,53.36],[-67,53.35],[-67,53.34],[-67.01,53.33],[-67,53.33],[-66.99,53.32],[-66.97,53.32],[-66.96,53.31],[-66.95,53.31],[-66.95,53.3],[-66.94,53.3],[-66.95,53.29],[-66.95,53.28],[-66.96,53.27],[-66.96,53.26],[-66.97,53.26],[-66.97,53.25],[-66.97,53.24],[-66.97,53.23],[-66.97,53.22],[-66.97,53.21],[-66.97,53.2],[-66.96,53.2],[-66.97,53.18],[-66.98,53.18],[-66.99,53.17],[-66.97,53.15],[-66.96,53.15],[-66.95,53.14],[-66.96,53.13],[-66.97,53.13],[-66.98,53.12],[-66.98,53.11],[-66.98,53.1],[-66.98,53.09],[-66.99,53.09],[-67.01,53.07],[-67.02,53.07],[-67.03,53.07],[-67.04,53.07],[-67.05,53.08],[-67.06,53.08],[-67.07,53.08],[-67.08,53.08],[-67.08,53.09],[-67.07,53.09],[-67.07,53.1],[-67.06,53.11],[-67.06,53.12],[-67.07,53.13],[-67.08,53.13],[-67.09,53.13],[-67.1,53.13],[-67.11,53.13],[-67.12,53.13],[-67.13,53.13],[-67.14,53.13],[-67.15,53.13],[-67.16,53.14],[-67.17,53.15],[-67.18,53.15],[-67.19,53.15],[-67.2,53.15],[-67.21,53.15],[-67.22,53.15],[-67.23,53.15],[-67.23,53.16],[-67.24,53.16],[-67.25,53.16],[-67.26,53.17],[-67.27,53.17],[-67.28,53.17],[-67.28,53.16],[-67.29,53.16],[-67.3,53.14],[-67.3,53.13],[-67.31,53.13],[-67.32,53.12],[-67.33,53.12],[-67.35,53.12],[-67.36,53.13],[-67.37,53.13],[-67.38,53.13],[-67.36,53.01],[-67.35,53],[-67.34,52.99],[-67.33,52.99],[-67.32,52.99],[-67.3,52.99],[-67.29,52.99],[-67.28,52.99],[-67.26,52.99],[-67.24,52.99],[-67.23,52.98],[-67.22,52.98],[-67.22,52.97],[-67.23,52.97],[-67.24,52.96],[-67.26,52.96],[-67.28,52.96],[-67.29,52.96],[-67.3,52.96],[-67.31,52.96],[-67.32,52.95],[-67.33,52.95],[-67.33,52.94],[-67.33,52.93],[-67.33,52.92],[-67.33,52.91],[-67.33,52.9],[-67.33,52.89],[-67.32,52.89],[-67.31,52.89],[-67.3,52.88],[-67.28,52.88],[-67.27,52.88],[-67.26,52.87],[-67.25,52.87],[-67.24,52.86],[-67.23,52.85],[-67.23,52.84],[-67.21,52.84],[-67.2,52.84],[-67.19,52.84],[-67.19,52.83],[-67.18,52.83],[-67.17,52.83],[-67.16,52.83],[-67.15,52.83],[-67.14,52.84],[-67.14,52.85],[-67.14,52.86],[-67.13,52.86],[-67.13,52.87],[-67.12,52.87],[-67.1,52.87],[-67.09,52.88],[-67.08,52.88],[-67.07,52.88],[-67.06,52.88],[-67.06,52.87],[-67.06,52.86],[-67.05,52.85],[-67.05,52.84],[-67.05,52.83],[-67.06,52.82],[-67.06,52.81],[-67.06,52.8],[-67.06,52.79],[-67.06,52.78],[-67.05,52.78],[-67.05,52.77],[-67.04,52.76],[-67.04,52.75],[-67.03,52.75],[-67.02,52.76],[-67.01,52.76],[-67,52.76],[-66.99,52.76],[-66.98,52.76],[-66.97,52.76],[-66.96,52.76],[-66.95,52.76],[-66.95,52.75],[-66.95,52.74],[-66.94,52.73],[-66.93,52.73],[-66.93,52.72],[-66.92,52.72],[-66.92,52.71],[-66.92,52.7],[-66.91,52.7],[-66.91,52.69],[-66.9,52.69],[-66.89,52.68],[-66.88,52.68],[-66.87,52.68],[-66.86,52.68],[-66.86,52.69],[-66.86,52.7],[-66.86,52.71],[-66.87,52.72],[-66.87,52.73],[-66.88,52.73],[-66.87,52.73],[-66.86,52.73],[-66.85,52.73],[-66.84,52.73],[-66.83,52.74],[-66.83,52.75],[-66.84,52.76],[-66.83,52.76],[-66.83,52.75],[-66.82,52.74],[-66.81,52.72],[-66.81,52.71],[-66.8,52.7],[-66.8,52.69],[-66.79,52.68],[-66.78,52.68],[-66.77,52.68],[-66.76,52.7],[-66.76,52.71],[-66.76,52.72],[-66.76,52.73],[-66.76,52.74],[-66.76,52.75],[-66.76,52.76],[-66.77,52.77],[-66.77,52.78],[-66.78,52.79],[-66.79,52.8],[-66.78,52.8],[-66.76,52.8],[-66.75,52.79],[-66.73,52.78],[-66.73,52.77],[-66.72,52.77],[-66.71,52.77],[-66.7,52.78],[-66.69,52.79],[-66.68,52.79],[-66.67,52.79],[-66.65,52.79],[-66.65,52.8],[-66.66,52.81],[-66.67,52.82],[-66.66,52.82],[-66.66,52.83],[-66.66,52.84],[-66.65,52.85],[-66.65,52.86],[-66.65,52.87],[-66.65,52.88],[-66.66,52.89],[-66.66,52.9],[-66.65,52.9],[-66.65,52.91],[-66.65,52.92],[-66.65,52.93],[-66.65,52.94],[-66.64,52.94],[-66.63,52.95],[-66.62,52.95],[-66.61,52.95],[-66.6,52.94],[-66.59,52.94],[-66.58,52.94],[-66.57,52.94],[-66.56,52.94],[-66.56,52.95],[-66.55,52.95],[-66.55,52.96],[-66.54,52.96],[-66.54,52.97],[-66.53,52.96],[-66.52,52.96],[-66.52,52.95],[-66.51,52.95],[-66.51,52.96],[-66.5,52.97],[-66.5,52.98],[-66.5,52.99],[-66.5,53],[-66.49,53.01],[-66.49,53.02],[-66.48,53.03],[-66.48,53.04],[-66.47,53.04],[-66.46,53.04],[-66.45,53.04],[-66.44,53.03],[-66.42,53.03],[-66.42,53.02],[-66.4,53.01],[-66.39,53.01],[-66.38,53.01],[-66.37,53],[-66.36,53],[-66.35,52.99],[-66.34,52.99],[-66.34,52.98],[-66.34,52.97],[-66.33,52.96],[-66.33,52.95],[-66.32,52.94],[-66.31,52.93],[-66.31,52.92],[-66.31,52.91],[-66.3,52.9],[-66.29,52.89],[-66.28,52.88],[-66.28,52.87],[-66.28,52.85],[-66.28,52.84],[-66.29,52.84],[-66.31,52.85],[-66.32,52.85],[-66.33,52.85],[-66.35,52.86],[-66.36,52.87],[-66.37,52.87],[-66.38,52.88],[-66.39,52.88],[-66.4,52.88],[-66.41,52.88],[-66.41,52.87],[-66.42,52.85],[-66.41,52.84],[-66.4,52.83],[-66.4,52.82],[-66.4,52.81],[-66.39,52.8],[-66.38,52.8],[-66.36,52.8],[-66.35,52.8],[-66.34,52.79],[-66.34,52.78],[-66.34,52.77],[-66.34,52.76],[-66.34,52.74],[-66.34,52.72],[-66.35,52.7],[-66.35,52.69],[-66.35,52.68],[-66.34,52.68],[-66.33,52.67],[-66.32,52.67],[-66.31,52.66],[-66.31,52.65],[-66.31,52.64],[-66.31,52.63],[-66.3,52.63],[-66.29,52.62],[-66.3,52.61],[-66.3,52.6],[-66.31,52.6],[-66.32,52.6],[-66.33,52.61],[-66.34,52.62],[-66.35,52.63],[-66.36,52.64],[-66.36,52.65],[-66.37,52.66],[-66.38,52.66],[-66.38,52.67],[-66.39,52.68],[-66.4,52.68],[-66.41,52.68],[-66.43,52.66],[-66.43,52.65],[-66.44,52.65],[-66.46,52.64],[-66.46,52.62],[-66.45,52.61],[-66.44,52.6],[-66.42,52.59],[-66.41,52.58],[-66.4,52.57],[-66.39,52.56],[-66.39,52.55],[-66.39,52.54],[-66.39,52.53],[-66.38,52.52],[-66.38,52.51],[-66.37,52.5],[-66.37,52.49],[-66.38,52.48],[-66.39,52.48],[-66.39,52.47],[-66.39,52.46],[-66.38,52.46],[-66.38,52.45],[-66.37,52.45],[-66.37,52.44],[-66.37,52.43],[-66.38,52.42],[-66.38,52.41],[-66.37,52.4],[-66.36,52.39],[-66.35,52.38],[-66.35,52.37],[-66.36,52.37],[-66.38,52.37],[-66.39,52.38],[-66.4,52.38],[-66.41,52.38],[-66.43,52.39],[-66.44,52.38],[-66.45,52.38],[-66.45,52.37],[-66.45,52.36],[-66.46,52.36],[-66.47,52.36],[-66.48,52.35],[-66.5,52.35],[-66.51,52.34],[-66.5,52.33],[-66.5,52.32],[-66.49,52.32],[-66.48,52.31],[-66.47,52.3],[-66.46,52.3],[-66.45,52.29],[-66.44,52.28],[-66.46,52.28],[-66.47,52.28],[-66.48,52.28],[-66.48,52.27],[-66.47,52.25],[-66.45,52.24],[-66.44,52.24],[-66.43,52.24],[-66.42,52.23],[-66.41,52.22],[-66.4,52.21],[-66.39,52.21],[-66.39,52.2],[-66.38,52.2],[-66.38,52.19],[-66.39,52.18],[-66.39,52.17],[-66.38,52.17],[-66.37,52.16],[-66.36,52.16],[-66.35,52.15],[-66.34,52.15],[-66.33,52.15],[-66.32,52.15],[-66.31,52.15],[-66.3,52.15],[-66.29,52.16],[-66.28,52.17],[-66.28,52.18],[-66.28,52.19],[-66.29,52.2],[-66.29,52.21],[-66.3,52.22],[-66.3,52.23],[-66.31,52.25],[-66.31,52.26],[-66.31,52.27],[-66.31,52.28],[-66.31,52.29],[-66.31,52.3],[-66.3,52.3],[-66.3,52.31],[-66.28,52.31],[-66.28,52.32],[-66.27,52.32],[-66.26,52.32],[-66.25,52.31],[-66.25,52.3],[-66.25,52.29],[-66.24,52.28],[-66.24,52.27],[-66.23,52.26],[-66.22,52.25],[-66.21,52.25],[-66.21,52.24],[-66.2,52.24],[-66.19,52.23],[-66.18,52.23],[-66.17,52.23],[-66.16,52.23],[-66.15,52.23],[-66.14,52.23],[-66.13,52.22],[-66.12,52.21],[-66.11,52.2],[-66.1,52.18],[-66.09,52.17],[-66.09,52.16],[-66.09,52.15],[-66.09,52.14],[-66.09,52.13],[-66.09,52.12],[-66.1,52.11],[-66.1,52.1],[-66.09,52.1],[-66.08,52.1],[-66.07,52.1],[-66.06,52.1],[-66.05,52.1],[-66.04,52.09],[-66.03,52.09],[-66.02,52.09],[-66.01,52.08],[-66.01,52.07],[-66.01,52.06],[-66,52.06],[-65.99,52.05],[-65.98,52.05],[-65.97,52.06],[-65.97,52.07],[-65.97,52.08],[-65.97,52.09],[-65.96,52.09],[-65.95,52.09],[-65.93,52.09],[-65.92,52.09],[-65.91,52.09],[-65.9,52.09],[-65.89,52.1],[-65.88,52.11],[-65.87,52.11],[-65.87,52.12],[-65.86,52.12],[-65.85,52.12],[-65.83,52.11],[-65.82,52.11],[-65.81,52.11],[-65.8,52.11],[-65.78,52.1],[-65.77,52.1],[-65.76,52.1],[-65.75,52.1],[-65.73,52.1],[-65.72,52.1],[-65.71,52.1],[-65.7,52.1],[-65.69,52.11],[-65.68,52.11],[-65.67,52.11],[-65.66,52.11],[-65.65,52.1],[-65.65,52.09],[-65.65,52.08],[-65.65,52.07],[-65.65,52.06],[-65.66,52.05],[-65.66,52.04],[-65.67,52.03],[-65.67,52.02],[-65.68,52.01],[-65.68,52],[-65.67,51.99],[-65.66,51.99],[-65.65,51.99],[-65.64,51.99],[-65.64,52],[-65.64,52.01],[-65.63,52.02],[-65.63,52.03],[-65.62,52.04],[-65.61,52.04],[-65.6,52.04],[-65.59,52.03],[-65.58,52.04],[-65.57,52.04],[-65.56,52.04],[-65.56,52.05],[-65.55,52.05],[-65.54,52.05],[-65.54,52.06],[-65.53,52.06],[-65.53,52.07],[-65.53,52.08],[-65.52,52.09],[-65.51,52.1],[-65.5,52.11],[-65.49,52.11],[-65.48,52.11],[-65.48,52.1],[-65.48,52.09],[-65.48,52.08],[-65.48,52.07],[-65.48,52.06],[-65.47,52.05],[-65.47,52.04],[-65.46,52.03],[-65.46,52.02],[-65.45,52.02],[-65.45,52.01],[-65.44,52.01],[-65.43,52.01],[-65.43,52],[-65.42,52],[-65.42,51.99],[-65.41,51.98],[-65.4,51.98],[-65.39,51.99],[-65.38,51.99],[-65.38,52],[-65.37,52],[-65.36,52],[-65.36,51.99],[-65.35,51.98],[-65.35,51.97],[-65.35,51.96],[-65.35,51.95],[-65.36,51.94],[-65.36,51.93],[-65.37,51.92],[-65.39,51.91],[-65.4,51.9],[-65.4,51.89],[-65.4,51.88],[-65.39,51.88],[-65.37,51.87],[-65.37,51.86],[-65.36,51.86],[-65.36,51.85],[-65.35,51.84],[-65.34,51.84],[-65.33,51.84],[-65.33,51.85],[-65.33,51.86],[-65.33,51.87],[-65.32,51.88],[-65.31,51.88],[-65.3,51.89],[-65.29,51.88],[-65.28,51.88],[-65.27,51.88],[-65.26,51.88],[-65.25,51.87],[-65.26,51.86],[-65.26,51.85],[-65.26,51.84],[-65.25,51.83],[-65.24,51.82],[-65.23,51.82],[-65.22,51.83],[-65.21,51.83],[-65.2,51.82],[-65.19,51.82],[-65.18,51.82],[-65.16,51.82],[-65.16,51.81],[-65.16,51.8],[-65.16,51.79],[-65.17,51.78],[-65.18,51.78],[-65.17,51.77],[-65.16,51.76],[-65.15,51.76],[-65.13,51.76],[-65.12,51.76],[-65.1,51.76],[-65.09,51.76],[-65.08,51.76],[-65.07,51.76],[-65.05,51.77],[-65.04,51.77],[-65.03,51.77],[-65.02,51.77],[-65.01,51.76],[-65,51.75],[-64.99,51.75],[-64.99,51.74],[-64.98,51.73],[-64.97,51.73],[-64.95,51.72],[-64.94,51.72],[-64.93,51.73],[-64.92,51.74],[-64.92,51.75],[-64.92,51.76],[-64.93,51.77],[-64.92,51.77],[-64.9,51.77],[-64.88,51.77],[-64.87,51.77],[-64.86,51.78],[-64.85,51.78],[-64.84,51.78],[-64.83,51.78],[-64.82,51.78],[-64.81,51.77],[-64.79,51.77],[-64.78,51.76],[-64.77,51.76],[-64.75,51.76],[-64.73,51.76],[-64.72,51.76],[-64.71,51.76],[-64.7,51.76],[-64.7,51.75],[-64.7,51.74],[-64.69,51.72],[-64.68,51.71],[-64.67,51.71],[-64.65,51.71],[-64.63,51.7],[-64.62,51.69],[-64.61,51.67],[-64.61,51.66],[-64.61,51.65],[-64.62,51.64],[-64.61,51.63],[-64.6,51.63],[-64.6,51.62],[-64.59,51.62],[-64.57,51.61],[-64.56,51.6],[-64.56,51.59],[-64.55,51.58],[-64.54,51.59],[-64.53,51.61],[-64.52,51.61],[-64.51,51.62],[-64.5,51.62],[-64.48,51.62],[-64.47,51.63],[-64.46,51.63],[-64.46,51.64],[-64.45,51.66],[-64.44,51.67],[-64.43,51.68],[-64.42,51.68],[-64.4,51.67],[-64.39,51.67],[-64.37,51.67],[-64.35,51.68],[-64.34,51.69],[-64.33,51.7],[-64.32,51.7],[-64.32,51.71],[-64.31,51.71],[-64.31,51.72],[-64.3,51.73],[-64.3,51.74],[-64.29,51.75],[-64.3,51.76],[-64.3,51.77],[-64.31,51.77],[-64.31,51.78],[-64.32,51.79],[-64.32,51.8],[-64.32,51.81],[-64.33,51.82],[-64.34,51.83],[-64.34,51.84],[-64.35,51.84],[-64.36,51.84],[-64.37,51.85],[-64.37,51.86],[-64.37,51.87],[-64.37,51.88],[-64.37,51.9],[-64.37,51.91],[-64.36,51.92],[-64.36,51.94],[-64.37,51.95],[-64.37,51.96],[-64.37,51.97],[-64.37,51.98],[-64.37,51.99],[-64.36,52],[-64.36,52.01],[-64.35,52.01],[-64.33,52.02],[-64.33,52.01],[-64.32,52.01],[-64.31,51.99],[-64.29,51.98],[-64.28,51.98],[-64.28,51.97],[-64.27,51.98],[-64.26,51.98],[-64.26,51.99],[-64.26,52],[-64.26,52.01],[-64.27,52.02],[-64.27,52.03],[-64.28,52.03],[-64.28,52.04],[-64.29,52.05],[-64.29,52.06],[-64.3,52.07],[-64.3,52.08],[-64.3,52.09],[-64.29,52.09],[-64.28,52.09],[-64.26,52.09],[-64.26,52.1],[-64.26,52.11],[-64.26,52.12],[-64.26,52.13],[-64.26,52.14],[-64.26,52.15],[-64.25,52.15],[-64.24,52.15],[-64.24,52.14],[-64.23,52.13],[-64.22,52.13],[-64.21,52.12],[-64.2,52.11],[-64.19,52.11],[-64.19,52.12],[-64.18,52.12],[-64.18,52.14],[-64.19,52.15],[-64.19,52.16],[-64.2,52.17],[-64.21,52.19],[-64.22,52.19],[-64.22,52.2],[-64.22,52.21],[-64.22,52.22],[-64.23,52.23],[-64.24,52.24],[-64.24,52.25],[-64.25,52.26],[-64.25,52.27],[-64.25,52.28],[-64.25,52.29],[-64.24,52.3],[-64.23,52.31],[-64.22,52.31],[-64.2,52.31],[-64.19,52.31],[-64.18,52.31],[-64.18,52.33],[-64.18,52.34],[-64.17,52.35],[-64.16,52.36],[-64.15,52.37],[-64.14,52.38],[-64.13,52.38],[-64.12,52.39],[-64.12,52.4],[-64.12,52.41],[-64.12,52.42],[-64.13,52.44],[-64.14,52.45],[-64.15,52.45],[-64.15,52.46],[-64.15,52.47],[-64.16,52.48],[-64.16,52.5],[-64.16,52.51],[-64.17,52.52],[-64.18,52.53],[-64.19,52.54],[-64.19,52.55],[-64.2,52.56],[-64.21,52.57],[-64.21,52.58],[-64.2,52.59],[-64.19,52.6],[-64.18,52.6],[-64.17,52.61],[-64.16,52.62],[-64.15,52.63],[-64.16,52.64],[-64.17,52.65],[-64.18,52.66],[-64.17,52.67],[-64.15,52.67],[-64.13,52.69],[-64.13,52.7],[-64.13,52.71],[-64.13,52.72],[-64.13,52.73],[-64.12,52.73],[-64.1,52.73],[-64.08,52.73],[-64.06,52.73],[-64.05,52.73],[-64.04,52.73],[-64.03,52.73],[-64.01,52.73],[-64,52.73],[-63.98,52.73],[-63.97,52.73],[-63.96,52.73],[-63.95,52.74],[-63.94,52.74],[-63.93,52.74],[-63.92,52.75],[-63.91,52.76],[-63.9,52.76],[-63.89,52.76],[-63.88,52.76],[-63.87,52.76],[-63.86,52.76],[-63.85,52.76],[-63.84,52.76],[-63.82,52.76],[-63.81,52.77],[-63.79,52.77],[-63.78,52.77],[-63.77,52.77],[-63.75,52.78],[-63.74,52.78],[-63.73,52.79],[-63.72,52.8],[-63.71,52.8],[-63.7,52.81],[-63.69,52.81],[-63.68,52.81],[-63.67,52.81],[-63.66,52.82],[-63.65,52.83],[-63.66,52.84],[-63.67,52.84],[-63.67,52.85],[-63.68,52.85],[-63.67,52.86],[-63.66,52.86],[-63.65,52.85],[-63.64,52.86],[-63.63,52.86],[-63.63,52.87],[-63.62,52.87],[-63.61,52.87],[-63.61,52.86],[-63.6,52.85],[-63.59,52.85],[-63.58,52.84],[-63.58,52.83],[-63.59,52.83],[-63.6,52.83],[-63.6,52.82],[-63.59,52.81],[-63.6,52.8],[-63.61,52.79],[-63.61,52.78],[-63.61,52.77],[-63.6,52.77],[-63.59,52.77],[-63.59,52.76],[-63.58,52.76],[-63.56,52.75],[-63.55,52.75],[-63.55,52.74],[-63.54,52.74],[-63.52,52.73],[-63.51,52.73],[-63.5,52.72],[-63.48,52.72],[-63.47,52.72],[-63.46,52.72],[-63.45,52.71],[-63.44,52.71],[-63.43,52.7],[-63.42,52.69],[-63.41,52.68],[-63.4,52.68],[-63.39,52.67],[-63.38,52.67],[-63.38,52.66],[-63.39,52.65],[-63.4,52.65],[-63.41,52.65],[-63.42,52.65],[-63.43,52.65],[-63.44,52.64],[-63.46,52.64],[-63.47,52.65],[-63.48,52.65],[-63.5,52.65],[-63.51,52.65],[-63.53,52.65],[-63.55,52.65],[-63.57,52.65],[-63.59,52.65],[-63.6,52.65],[-63.62,52.65],[-63.64,52.65],[-63.65,52.64],[-63.67,52.64],[-63.69,52.64],[-63.7,52.64],[-63.72,52.64],[-63.73,52.64],[-63.76,52.63],[-63.77,52.63],[-63.78,52.63],[-63.79,52.63],[-63.8,52.63],[-63.81,52.63],[-63.83,52.63],[-63.84,52.63],[-63.86,52.63],[-63.87,52.63],[-63.88,52.63],[-63.89,52.62],[-63.9,52.62],[-63.91,52.62],[-63.91,52.61],[-63.92,52.6],[-63.93,52.61],[-63.94,52.61],[-63.95,52.6],[-63.95,52.59],[-63.96,52.59],[-63.97,52.59],[-63.98,52.59],[-63.99,52.58],[-64,52.58],[-64.01,52.58],[-64.01,52.57],[-64.02,52.57],[-64.03,52.57],[-64.03,52.56],[-64.04,52.55],[-64.05,52.54],[-64.06,52.53],[-64.07,52.53],[-64.07,52.52],[-64.08,52.51],[-64.08,52.5],[-64.08,52.49],[-64.09,52.48],[-64.09,52.47],[-64.09,52.46],[-64.09,52.45],[-64.08,52.45],[-64.08,52.44],[-64.07,52.44],[-64.06,52.43],[-64.05,52.43],[-64.04,52.42],[-64.03,52.42],[-64.03,52.41],[-64.02,52.41],[-64.01,52.4],[-64.02,52.4],[-64.03,52.4],[-64.03,52.39],[-64.03,52.38],[-64.02,52.38],[-64.02,52.37],[-64.01,52.37],[-64.01,52.36],[-64,52.36],[-63.99,52.36],[-63.98,52.36],[-63.97,52.36],[-63.96,52.36],[-63.95,52.36],[-63.94,52.35],[-63.93,52.35],[-63.92,52.34],[-63.91,52.34],[-63.9,52.34],[-63.89,52.34],[-63.88,52.34],[-63.88,52.33],[-63.87,52.33],[-63.86,52.33],[-63.85,52.32],[-63.84,52.32],[-63.83,52.33],[-63.83,52.34],[-63.82,52.34],[-63.81,52.34],[-63.8,52.34],[-63.79,52.34],[-63.78,52.33],[-63.77,52.33],[-63.76,52.33],[-63.75,52.32],[-63.74,52.32],[-63.74,52.31],[-63.75,52.31],[-63.76,52.31],[-63.77,52.31],[-63.78,52.31],[-63.79,52.31],[-63.8,52.31],[-63.81,52.32],[-63.82,52.32],[-63.82,52.31],[-63.81,52.31],[-63.8,52.3],[-63.79,52.3],[-63.78,52.3],[-63.77,52.29],[-63.77,52.28],[-63.78,52.28],[-63.78,52.29],[-63.79,52.29],[-63.79,52.28],[-63.78,52.28],[-63.78,52.27],[-63.77,52.27],[-63.76,52.27],[-63.75,52.27],[-63.74,52.26],[-63.74,52.25],[-63.75,52.25],[-63.75,52.24],[-63.74,52.24],[-63.74,52.23],[-63.73,52.23],[-63.73,52.22],[-63.72,52.22],[-63.72,52.21],[-63.71,52.2],[-63.7,52.2],[-63.7,52.19],[-63.71,52.19],[-63.71,52.18],[-63.7,52.18],[-63.7,52.17],[-63.7,52.16],[-63.7,52.15],[-63.7,52.14],[-63.7,52.13],[-63.71,52.13],[-63.71,52.12],[-63.71,52.11],[-63.7,52.1],[-63.7,52.09],[-63.69,52.09],[-63.68,52.08],[-63.67,52.08],[-63.67,52.07],[-63.66,52.07],[-63.66,52.06],[-63.65,52.06],[-63.65,52.05],[-63.65,52.04],[-63.66,52.04],[-63.66,52.05],[-63.67,52.05],[-63.68,52.05],[-63.69,52.05],[-63.7,52.05],[-63.71,52.05],[-63.72,52.05],[-63.73,52.06],[-63.74,52.06],[-63.74,52.07],[-63.76,52.07],[-63.76,52.08],[-63.78,52.08],[-63.79,52.08],[-63.8,52.08],[-63.81,52.09],[-63.82,52.09],[-63.82,52.08],[-63.83,52.08],[-63.84,52.09],[-63.84,52.08],[-63.85,52.07],[-63.84,52.07],[-63.84,52.06],[-63.84,52.05],[-63.83,52.04],[-63.82,52.03],[-63.81,52.03],[-63.81,52.02],[-63.8,52.01],[-63.8,52],[-63.79,52],[-63,52],[-62.91,52],[-62,52],[-61.66,52],[-61.64,52],[-61,52],[-60.24,52],[-60.2,52],[-60,52],[-59,52],[-58,52],[-57.13,52],[-57.12,51.59],[-57.11,51.45],[-57.19,51.44],[-57.27,51.47],[-57.3,51.48],[-57.41,51.45],[-57.66,51.45],[-57.74,51.43],[-57.81,51.38],[-58.03,51.31],[-58.13,51.3],[-58.29,51.31],[-58.41,51.3],[-58.45,51.28],[-58.51,51.24],[-58.53,51.19],[-58.67,51.15],[-58.81,51.07],[-58.89,51.05],[-58.97,50.91],[-58.94,50.85],[-59.01,50.76],[-59.05,50.76],[-59.09,50.77],[-59.12,50.77],[-59.16,50.74],[-59.23,50.71],[-59.3,50.67],[-59.37,50.65],[-59.38,50.63],[-59.42,50.61],[-59.47,50.51],[-59.58,50.5],[-59.62,50.47],[-59.82,50.4],[-59.84,50.37],[-59.84,50.34],[-59.88,50.29],[-60.09,50.23],[-60.12,50.23],[-60.16,50.25],[-60.2,50.27],[-60.24,50.26],[-60.26,50.29],[-60.29,50.3],[-60.33,50.26],[-60.35,50.25],[-60.57,50.25],[-60.69,50.21],[-61.09,50.21],[-61.53,50.14],[-61.7,50.09],[-61.76,50.1],[-61.79,50.14],[-61.85,50.2],[-61.94,50.23],[-62.35,50.26],[-62.47,50.27],[-62.96,50.29],[-63.11,50.27],[-63.25,50.24],[-63.34,50.24],[-63.44,50.23],[-63.61,50.26],[-63.85,50.26],[-63.86,50.27],[-63.91,50.26],[-64.13,50.25],[-64.22,50.27],[-64.32,50.27],[-64.42,50.29],[-64.45,50.31],[-64.8,50.27],[-64.87,50.27],[-64.93,50.29],[-65.05,50.27],[-65.31,50.29],[-65.59,50.26],[-65.7,50.26],[-65.84,50.27],[-65.94,50.26],[-66,50.24],[-66.04,50.21],[-66.13,50.19],[-66.18,50.2],[-66.24,50.23],[-66.31,50.22],[-66.38,50.23],[-66.42,50.24],[-66.47,50.24],[-66.48,50.21],[-66.47,50.19],[-66.42,50.18],[-66.41,50.17],[-66.42,50.15],[-66.49,50.13],[-66.55,50.13],[-66.62,50.11],[-66.7,50.08],[-66.75,50.03],[-66.86,49.99],[-66.93,49.95],[-66.96,49.92],[-66.99,49.85],[-67.08,49.8],[-67.12,49.76],[-67.17,49.63],[-67.18,49.5],[-67.21,49.46],[-67.25,49.44],[-67.3,49.4],[-67.41,49.35],[-67.65,49.33],[-67.73,49.31],[-68,49.28],[-68.09,49.24],[-68.15,49.2],[-68.19,49.19],[-68.18,49.15],[-68.21,49.12],[-68.33,49.1],[-68.41,49.06],[-68.45,49.06],[-68.47,49.08],[-68.56,49.06],[-68.61,49.04],[-68.73,48.9],[-68.78,48.88],[-69.03,48.76],[-69.1,48.7],[-69.17,48.56],[-69.19,48.55],[-69.31,48.51],[-69.59,48.2],[-69.64,48.17],[-69.68,48.13],[-69.72,48.12],[-69.83,48.15],[-70.02,48.27],[-70.21,48.3],[-70.3,48.35],[-70.48,48.38],[-70.61,48.38],[-70.93,48.44],[-70.97,48.43],[-70.94,48.41],[-70.89,48.39],[-70.86,48.35],[-70.84,48.34],[-70.76,48.35],[-70.62,48.33],[-70.49,48.34],[-70.32,48.32],[-70.23,48.26],[-70.02,48.22],[-69.93,48.14],[-69.8,48.09],[-69.76,48.05],[-69.84,47.88],[-70.02,47.65],[-70.12,47.58],[-70.23,47.46],[-70.38,47.41],[-70.44,47.38],[-70.52,47.31],[-70.55,47.23],[-70.58,47.2],[-70.74,47.09],[-71.04,46.9],[-71.13,46.83],[-71.31,46.75],[-71.38,46.73],[-71.51,46.69],[-71.9,46.63],[-71.95,46.61],[-72,46.58],[-72.07,46.55],[-72.14,46.54],[-72.19,46.52],[-72.22,46.49],[-72.34,46.45],[-72.49,46.36],[-72.49,46.35],[-72.53,46.33],[-72.6,46.32],[-72.88,46.25],[-73.05,46.17],[-73.11,46.12],[-73.26,45.95],[-73.38,45.86],[-73.42,45.8],[-73.45,45.75],[-73.5,45.71],[-73.52,45.58],[-73.54,45.53],[-73.59,45.47],[-73.65,45.44],[-73.72,45.43],[-73.87,45.38],[-73.94,45.37],[-73.95,45.37],[-73.99,45.35],[-74.05,45.35],[-74.17,45.32],[-74.36,45.22],[-74.47,45.31],[-74.44,45.39],[-74.38,45.56],[-74.39,45.57],[-74.4,45.57],[-74.41,45.57],[-74.42,45.58],[-74.43,45.58],[-74.44,45.58],[-74.45,45.58],[-74.46,45.59],[-74.47,45.59],[-74.48,45.59],[-74.49,45.6],[-74.5,45.6],[-74.51,45.6],[-74.52,45.6],[-74.53,45.6],[-74.54,45.6],[-74.55,45.6],[-74.56,45.6],[-74.59,45.61],[-74.61,45.62],[-74.62,45.62],[-74.62,45.63],[-74.63,45.63],[-74.63,45.64],[-74.64,45.64],[-74.65,45.64],[-74.66,45.64],[-74.67,45.64],[-74.68,45.64],[-74.69,45.63],[-74.71,45.63],[-74.73,45.63],[-74.75,45.63],[-74.75,45.64],[-74.76,45.64],[-74.78,45.64],[-74.8,45.65],[-74.81,45.65],[-74.83,45.64],[-74.84,45.64],[-74.86,45.64],[-74.87,45.64],[-74.89,45.64],[-74.91,45.65],[-74.92,45.65],[-74.93,45.65],[-74.94,45.65],[-74.95,45.65],[-74.96,45.64],[-74.97,45.64],[-74.97,45.63],[-74.98,45.62],[-74.99,45.62],[-75,45.61],[-75.01,45.6],[-75.02,45.6],[-75.03,45.6],[-75.04,45.59],[-75.05,45.59],[-75.06,45.59],[-75.07,45.59],[-75.09,45.59],[-75.11,45.59],[-75.12,45.58],[-75.13,45.58],[-75.14,45.58],[-75.15,45.58],[-75.17,45.58],[-75.19,45.58],[-75.2,45.58],[-75.22,45.59],[-75.23,45.59],[-75.25,45.58],[-75.26,45.58],[-75.27,45.57],[-75.28,45.57],[-75.3,45.56],[-75.31,45.56],[-75.32,45.56],[-75.32,45.55],[-75.33,45.55],[-75.35,45.54],[-75.36,45.53],[-75.38,45.53],[-75.4,45.53],[-75.42,45.52],[-75.43,45.52],[-75.44,45.52],[-75.45,45.52],[-75.47,45.51],[-75.49,45.51],[-75.51,45.5],[-75.53,45.5],[-75.55,45.49],[-75.56,45.48],[-75.58,45.48],[-75.59,45.47],[-75.6,45.47],[-75.61,45.47],[-75.62,45.47],[-75.64,45.47],[-75.66,45.47],[-75.68,45.47],[-75.69,45.46],[-75.69,45.45],[-75.7,45.45],[-75.7,45.44],[-75.71,45.43],[-75.72,45.43],[-75.72,45.42],[-75.74,45.42],[-75.76,45.41],[-75.77,45.4],[-75.79,45.39],[-75.8,45.38],[-75.82,45.38],[-75.83,45.37],[-75.84,45.38],[-75.86,45.38],[-75.88,45.39],[-75.89,45.4],[-75.9,45.4],[-75.91,45.41],[-75.91,45.42],[-75.92,45.43],[-75.93,45.44],[-75.94,45.45],[-75.95,45.46],[-75.97,45.47],[-75.97,45.48],[-75.98,45.48],[-75.99,45.48],[-76,45.48],[-76.02,45.49],[-76.03,45.49],[-76.05,45.5],[-76.06,45.5],[-76.06,45.51],[-76.08,45.52],[-76.09,45.52],[-76.11,45.52],[-76.12,45.53],[-76.13,45.52],[-76.14,45.52],[-76.15,45.52],[-76.16,45.52],[-76.17,45.52],[-76.18,45.52],[-76.19,45.52],[-76.2,45.52],[-76.21,45.52],[-76.22,45.51],[-76.23,45.51],[-76.23,45.5],[-76.24,45.5],[-76.24,45.49],[-76.25,45.48],[-76.26,45.48],[-76.28,45.47],[-76.3,45.46],[-76.31,45.46],[-76.32,45.45],[-76.33,45.45],[-76.34,45.45],[-76.35,45.45],[-76.36,45.46],[-76.37,45.47],[-76.38,45.47],[-76.4,45.48],[-76.42,45.5],[-76.43,45.51],[-76.44,45.51],[-76.45,45.51],[-76.46,45.51],[-76.47,45.51],[-76.49,45.52],[-76.53,45.52],[-76.55,45.53],[-76.58,45.53],[-76.61,45.53],[-76.64,45.55],[-76.66,45.55],[-76.66,45.56],[-76.67,45.57],[-76.67,45.58],[-76.67,45.59],[-76.67,45.61],[-76.67,45.62],[-76.68,45.63],[-76.69,45.64],[-76.7,45.65],[-76.71,45.66],[-76.7,45.67],[-76.7,45.68],[-76.69,45.69],[-76.69,45.7],[-76.7,45.7],[-76.7,45.71],[-76.7,45.72],[-76.72,45.72],[-76.73,45.73],[-76.74,45.73],[-76.75,45.74],[-76.76,45.74],[-76.77,45.75],[-76.78,45.75],[-76.79,45.76],[-76.78,45.77],[-76.78,45.78],[-76.77,45.8],[-76.77,45.81],[-76.77,45.83],[-76.77,45.84],[-76.77,45.85],[-76.78,45.86],[-76.79,45.87],[-76.8,45.88],[-76.82,45.88],[-76.84,45.89],[-76.86,45.9],[-76.88,45.9],[-76.9,45.9],[-76.92,45.9],[-76.93,45.89],[-76.93,45.88],[-76.92,45.88],[-76.92,45.87],[-76.91,45.87],[-76.91,45.86],[-76.9,45.86],[-76.9,45.85],[-76.91,45.85],[-76.91,45.84],[-76.92,45.83],[-76.91,45.83],[-76.91,45.82],[-76.91,45.81],[-76.92,45.8],[-76.94,45.79],[-76.95,45.78],[-76.97,45.78],[-76.99,45.78],[-77,45.78],[-77,45.79],[-77.01,45.8],[-77.02,45.81],[-77.03,45.81],[-77.04,45.82],[-77.05,45.82],[-77.06,45.82],[-77.07,45.83],[-77.09,45.84],[-77.11,45.84],[-77.12,45.84],[-77.13,45.84],[-77.14,45.85],[-77.15,45.86],[-77.16,45.86],[-77.18,45.87],[-77.19,45.87],[-77.21,45.88],[-77.22,45.89],[-77.22,45.9],[-77.23,45.91],[-77.24,45.92],[-77.25,45.92],[-77.27,45.93],[-77.28,45.94],[-77.29,45.95],[-77.3,45.96],[-77.3,45.97],[-77.29,45.97],[-77.29,45.99],[-77.28,46],[-77.28,46.01],[-77.29,46.01],[-77.29,46.02],[-77.3,46.02],[-77.32,46.03],[-77.33,46.04],[-77.36,46.05],[-77.37,46.06],[-77.38,46.07],[-77.4,46.08],[-77.41,46.08],[-77.42,46.09],[-77.44,46.09],[-77.45,46.1],[-77.46,46.1],[-77.48,46.11],[-77.5,46.13],[-77.52,46.14],[-77.53,46.14],[-77.55,46.15],[-77.56,46.16],[-77.58,46.16],[-77.6,46.17],[-77.61,46.17],[-77.63,46.18],[-77.64,46.19],[-77.65,46.19],[-77.67,46.2],[-77.68,46.2],[-77.68,46.19],[-77.69,46.19],[-77.7,46.19],[-77.71,46.19],[-77.72,46.2],[-77.74,46.2],[-77.75,46.2],[-77.76,46.2],[-77.77,46.2],[-77.78,46.19],[-77.79,46.2],[-77.8,46.2],[-77.81,46.2],[-77.82,46.21],[-77.83,46.21],[-77.84,46.21],[-77.85,46.21],[-77.86,46.21],[-77.87,46.22],[-77.88,46.22],[-77.91,46.22],[-77.92,46.23],[-77.94,46.23],[-77.95,46.24],[-77.96,46.24],[-77.97,46.24],[-77.98,46.25],[-77.99,46.25],[-78,46.25],[-78.01,46.25],[-78.03,46.25],[-78.04,46.24],[-78.05,46.24],[-78.06,46.24],[-78.07,46.25],[-78.09,46.25],[-78.1,46.26],[-78.11,46.26],[-78.12,46.27],[-78.13,46.27],[-78.14,46.27],[-78.16,46.27],[-78.17,46.27],[-78.18,46.27],[-78.19,46.27],[-78.2,46.27],[-78.21,46.27],[-78.22,46.27],[-78.23,46.27],[-78.24,46.28],[-78.25,46.28],[-78.26,46.27],[-78.27,46.27],[-78.28,46.27],[-78.29,46.26],[-78.3,46.26],[-78.31,46.26],[-78.33,46.26],[-78.34,46.27],[-78.35,46.27],[-78.36,46.28],[-78.38,46.28],[-78.39,46.29],[-78.4,46.29],[-78.41,46.29],[-78.42,46.29],[-78.43,46.29],[-78.44,46.29],[-78.45,46.29],[-78.46,46.29],[-78.47,46.29],[-78.48,46.29],[-78.49,46.3],[-78.5,46.3],[-78.51,46.3],[-78.52,46.3],[-78.53,46.3],[-78.54,46.3],[-78.55,46.3],[-78.56,46.31],[-78.57,46.31],[-78.58,46.31],[-78.59,46.32],[-78.6,46.32],[-78.61,46.32],[-78.62,46.31],[-78.63,46.31],[-78.64,46.32],[-78.65,46.32],[-78.67,46.32],[-78.68,46.32],[-78.69,46.32],[-78.7,46.32],[-78.71,46.32],[-78.72,46.32],[-78.72,46.33],[-78.73,46.33],[-78.73,46.34],[-78.73,46.35],[-78.73,46.36],[-78.72,46.37],[-78.73,46.38],[-78.74,46.39],[-78.75,46.39],[-78.76,46.39],[-78.77,46.4],[-78.78,46.4],[-78.79,46.41],[-78.8,46.41],[-78.81,46.42],[-78.82,46.42],[-78.83,46.43],[-78.84,46.43],[-78.85,46.44],[-78.86,46.44],[-78.87,46.45],[-78.88,46.45],[-78.89,46.46],[-78.9,46.46],[-78.9,46.47],[-78.91,46.47],[-78.92,46.48],[-78.93,46.49],[-78.93,46.5],[-78.94,46.5],[-78.95,46.51],[-78.96,46.52],[-78.97,46.53],[-78.98,46.53],[-78.98,46.54],[-78.98,46.55],[-79,46.56],[-79.01,46.57],[-79.01,46.58],[-79.01,46.59],[-79.01,46.6],[-79.02,46.61],[-79.02,46.62],[-79.03,46.62],[-79.03,46.63],[-79.03,46.64],[-79.04,46.64],[-79.05,46.65],[-79.06,46.65],[-79.07,46.66],[-79.08,46.66],[-79.08,46.67],[-79.09,46.68],[-79.1,46.69],[-79.1,46.7],[-79.11,46.7],[-79.11,46.71],[-79.12,46.72],[-79.12,46.73],[-79.13,46.74],[-79.13,46.75],[-79.14,46.76],[-79.14,46.77],[-79.15,46.78],[-79.15,46.79],[-79.16,46.8],[-79.17,46.81],[-79.18,46.82],[-79.18,46.83],[-79.19,46.83],[-79.2,46.84],[-79.21,46.84],[-79.22,46.84],[-79.23,46.85],[-79.24,46.85],[-79.24,46.86],[-79.24,46.87],[-79.25,46.88],[-79.28,46.89],[-79.3,46.91],[-79.31,46.92],[-79.32,46.94],[-79.33,46.95],[-79.34,46.96],[-79.34,46.98],[-79.35,46.98],[-79.36,47],[-79.36,47.01],[-79.36,47.02],[-79.38,47.03],[-79.39,47.05],[-79.4,47.05],[-79.41,47.05],[-79.41,47.06],[-79.42,47.06],[-79.42,47.07],[-79.43,47.08],[-79.45,47.1],[-79.45,47.11],[-79.46,47.13],[-79.45,47.15],[-79.45,47.16],[-79.45,47.19],[-79.45,47.21],[-79.45,47.23],[-79.45,47.24],[-79.44,47.25],[-79.44,47.26],[-79.45,47.27],[-79.47,47.28],[-79.48,47.3],[-79.5,47.32],[-79.51,47.33],[-79.52,47.35],[-79.54,47.36],[-79.55,47.38],[-79.56,47.39],[-79.57,47.39],[-79.57,47.4],[-79.58,47.41],[-79.58,47.42],[-79.59,47.42],[-79.59,47.44],[-79.59,47.45],[-79.58,47.45],[-79.58,47.46],[-79.57,47.47],[-79.56,47.48],[-79.56,47.49],[-79.55,47.49],[-79.55,47.5],[-79.55,47.51],[-79.55,47.52],[-79.54,47.52],[-79.53,47.53],[-79.52,47.54],[-79.52,47.55],[-79.51,47.55],[-79.51,47.56],[-79.51,47.92],[-79.51,48.36],[-79.51,48.43],[-79.51,49.01],[-79.51,51.41],[-79.51,51.42],[-79.47,51.45],[-79.43,51.55],[-79.37,51.57],[-79.33,51.61],[-79.27,51.63],[-79.21,51.63],[-79.2,51.61],[-79.21,51.6],[-79.23,51.58],[-79.24,51.54],[-79.2,51.52],[-79.15,51.52],[-79.05,51.51],[-78.99,51.47],[-78.93,51.35],[-78.92,51.23],[-78.9,51.18],[-78.86,51.15],[-78.81,51.16],[-78.84,51.22],[-78.82,51.3],[-78.84,51.34],[-78.84,51.36],[-78.87,51.38],[-78.85,51.42],[-78.75,51.47],[-78.72,51.51],[-78.78,51.56],[-78.79,51.61],[-78.96,51.75],[-78.95,51.78],[-78.93,51.79],[-78.86,51.78],[-78.82,51.8],[-78.79,51.94],[-78.74,51.99],[-78.62,52.06],[-78.56,52.14],[-78.5,52.21],[-78.42,52.24],[-78.39,52.27],[-78.41,52.28],[-78.49,52.29],[-78.5,52.3],[-78.49,52.33],[-78.45,52.35],[-78.43,52.42],[-78.45,52.48],[-78.51,52.52],[-78.64,52.55],[-78.66,52.58],[-78.66,52.62],[-78.72,52.67],[-78.72,52.72],[-78.78,52.77],[-78.78,52.78],[-78.75,52.8],[-78.69,52.81],[-78.68,52.86],[-78.7,52.88],[-78.79,52.88],[-78.81,52.89],[-78.79,52.96],[-78.89,53.02],[-78.93,53.1],[-78.92,53.13],[-78.83,53.21],[-78.83,53.29],[-78.89,53.39],[-79,53.49],[-78.98,53.54],[-78.87,53.53],[-78.84,53.54],[-78.84,53.55],[-78.88,53.59],[-78.93,53.62],[-78.93,53.67],[-79.01,53.71],[-78.96,53.77],[-78.97,53.82],[-78.96,53.86],[-78.99,53.87],[-79,53.9],[-78.95,53.99],[-79.01,54.02],[-79.06,54.07],[-79.06,54.09],[-79.03,54.11],[-79.03,54.13],[-79.08,54.18],[-79.12,54.18],[-79.17,54.17],[-79.26,54.18],[-79.29,54.19],[-79.27,54.25],[-79.38,54.35],[-79.4,54.41],[-79.39,54.43],[-79.42,54.47],[-79.48,54.51],[-79.46,54.6],[-79.49,54.62],[-79.58,54.63],[-79.62,54.65],[-79.62,54.67],[-79.53,54.7],[-79.45,54.7],[-79.36,54.72],[-79.17,54.79],[-79.09,54.8],[-78.84,54.86],[-78.66,54.89],[-78.33,55.06],[-78.22,55.14],[-78.02,55.23],[-77.84,55.28],[-77.79,55.28],[-77.77,55.31],[-77.73,55.33],[-77.56,55.46],[-77.63,55.42],[-77.68,55.41],[-77.69,55.42],[-77.68,55.44],[-77.65,55.47],[-77.6,55.48],[-77.56,55.52],[-77.5,55.53],[-77.48,55.51],[-77.43,55.55],[-77.44,55.58],[-77.42,55.59],[-77.37,55.61],[-77.33,55.63],[-77.22,55.72],[-77.23,55.71],[-77.25,55.72],[-77.25,55.73]]],[[[-79.84,61.58],[-79.88,61.58],[-79.92,61.61],[-79.94,61.66],[-80.01,61.71],[-80.14,61.77],[-80.25,61.84],[-80.32,61.94],[-80.33,62.06],[-80.3,62.16],[-80.22,62.24],[-80.01,62.36],[-79.97,62.41],[-79.89,62.44],[-79.82,62.43],[-79.78,62.41],[-79.73,62.42],[-79.58,62.49],[-79.53,62.48],[-79.49,62.45],[-79.49,62.43],[-79.43,62.38],[-79.29,62.34],[-79.25,62.3],[-79.3,62.19],[-79.31,62.08],[-79.34,62.02],[-79.48,62],[-79.5,61.99],[-79.52,61.96],[-79.5,61.93],[-79.5,61.89],[-79.57,61.75],[-79.69,61.65],[-79.8,61.58],[-79.84,61.58]]],[[[-61.67,47.62],[-61.59,47.66],[-61.47,47.69],[-61.41,47.67],[-61.39,47.67],[-61.38,47.66],[-61.4,47.64],[-61.42,47.63],[-61.44,47.62],[-61.46,47.6],[-61.47,47.59],[-61.5,47.59],[-61.51,47.6],[-61.5,47.62],[-61.53,47.63],[-61.55,47.63],[-61.58,47.62],[-61.64,47.58],[-61.85,47.46],[-61.9,47.37],[-61.92,47.36],[-61.95,47.31],[-61.94,47.3],[-61.9,47.31],[-61.88,47.3],[-61.85,47.31],[-61.82,47.33],[-61.8,47.32],[-61.79,47.3],[-61.8,47.28],[-61.98,47.23],[-62.01,47.24],[-62.03,47.25],[-62.05,47.29],[-61.99,47.36],[-61.99,47.41],[-61.97,47.44],[-61.9,47.49],[-61.8,47.53],[-61.67,47.62]]],[[[-78.98,54.92],[-78.98,54.9],[-79.05,54.88],[-79.17,54.85],[-79.3,54.84],[-79.38,54.83],[-79.61,54.74],[-79.66,54.74],[-79.63,54.78],[-79.5,54.84],[-79.24,54.89],[-79.06,54.93],[-78.98,54.92]]],[[[-74.16,62.66],[-74.46,62.7],[-74.57,62.74],[-74.55,62.78],[-74.5,62.79],[-74.44,62.78],[-74.39,62.76],[-74.23,62.74],[-74.11,62.74],[-73.94,62.71],[-73.9,62.68],[-73.91,62.67],[-73.96,62.66],[-74.16,62.66]]],[[[-79.55,51.9],[-79.58,51.91],[-79.6,51.92],[-79.59,51.96],[-79.55,51.99],[-79.5,52.03],[-79.31,52.11],[-79.25,52.11],[-79.23,52.09],[-79.28,52.01],[-79.26,51.96],[-79.27,51.95],[-79.33,51.93],[-79.45,51.92],[-79.55,51.9]]],[[[-69.11,59.19],[-69.08,59.18],[-69.05,59.16],[-69.06,59.13],[-69,59.05],[-69.04,59.02],[-69.17,58.98],[-69.18,58.97],[-69.24,58.94],[-69.28,58.95],[-69.29,58.96],[-69.21,59.03],[-69.18,59.06],[-69.17,59.12],[-69.19,59.16],[-69.17,59.18],[-69.11,59.19]]],[[[-64.86,60.26],[-64.9,60.27],[-64.91,60.28],[-64.89,60.3],[-64.79,60.34],[-64.72,60.41],[-64.68,60.41],[-64.66,60.38],[-64.51,60.36],[-64.52,60.36],[-64.52,60.35],[-64.53,60.35],[-64.53,60.34],[-64.52,60.33],[-64.51,60.33],[-64.51,60.32],[-64.53,60.32],[-64.57,60.32],[-64.58,60.31],[-64.56,60.3],[-64.55,60.29],[-64.56,60.29],[-64.58,60.29],[-64.59,60.29],[-64.6,60.29],[-64.61,60.29],[-64.63,60.29],[-64.64,60.29],[-64.66,60.29],[-64.67,60.29],[-64.68,60.29],[-64.69,60.29],[-64.7,60.29],[-64.71,60.3],[-64.72,60.3],[-64.73,60.29],[-64.74,60.29],[-64.75,60.29],[-64.75,60.28],[-64.77,60.28],[-64.78,60.28],[-64.79,60.28],[-64.8,60.28],[-64.81,60.28],[-64.82,60.28],[-64.83,60.28],[-64.84,60.27],[-64.85,60.27],[-64.86,60.27],[-64.86,60.26]]],[[[-78.61,60.69],[-78.65,60.7],[-78.68,60.71],[-78.66,60.74],[-78.41,60.83],[-78.36,60.83],[-78.35,60.82],[-78.36,60.8],[-78.61,60.69]]],[[[-80.08,59.73],[-80.17,59.74],[-80.17,59.77],[-80.02,59.84],[-79.96,59.85],[-79.92,59.85],[-79.91,59.83],[-80.04,59.74],[-80.08,59.73]]],[[[-61.63,47.55],[-61.6,47.54],[-61.67,47.47],[-61.73,47.44],[-61.77,47.42],[-61.8,47.43],[-61.8,47.45],[-61.73,47.48],[-61.63,47.55]]],[[[-79.91,53.21],[-79.96,53.22],[-79.98,53.26],[-79.94,53.34],[-79.88,53.37],[-79.84,53.37],[-79.83,53.35],[-79.86,53.23],[-79.91,53.21]]],[[[-67.64,58.41],[-67.59,58.42],[-67.55,58.41],[-67.51,58.42],[-67.48,58.41],[-67.47,58.4],[-67.49,58.38],[-67.5,58.37],[-67.52,58.36],[-67.53,58.33],[-67.57,58.32],[-67.6,58.32],[-67.63,58.33],[-67.64,58.34],[-67.63,58.36],[-67.63,58.37],[-67.65,58.39],[-67.65,58.4],[-67.64,58.41]]],[[[-76.72,57.31],[-76.76,57.32],[-76.82,57.36],[-76.83,57.38],[-76.81,57.41],[-76.77,57.4],[-76.69,57.34],[-76.69,57.31],[-76.72,57.31]]],[[[-78.01,62.63],[-77.9,62.63],[-77.86,62.61],[-77.87,62.59],[-77.89,62.58],[-78.08,62.59],[-78.1,62.61],[-78.09,62.63],[-78.01,62.63]]],[[[-76.62,56.51],[-76.65,56.52],[-76.67,56.53],[-76.68,56.55],[-76.68,56.57],[-76.68,56.6],[-76.67,56.66],[-76.64,56.67],[-76.62,56.66],[-76.64,56.61],[-76.61,56.56],[-76.6,56.55],[-76.6,56.52],[-76.62,56.51]]],[[[-80.21,59.68],[-80.21,59.66],[-80.23,59.64],[-80.25,59.61],[-80.28,59.59],[-80.32,59.59],[-80.34,59.6],[-80.34,59.62],[-80.31,59.63],[-80.3,59.65],[-80.28,59.67],[-80.24,59.69],[-80.21,59.68]]],[[[-79.75,53.08],[-79.79,53.08],[-79.81,53.1],[-79.79,53.17],[-79.76,53.16],[-79.74,53.14],[-79.71,53.13],[-79.69,53.11],[-79.71,53.08],[-79.75,53.08]]],[[[-59.25,50.6],[-59.24,50.59],[-59.24,50.58],[-59.24,50.56],[-59.23,50.54],[-59.23,50.52],[-59.24,50.51],[-59.25,50.51],[-59.27,50.51],[-59.29,50.52],[-59.3,50.53],[-59.32,50.56],[-59.33,50.58],[-59.32,50.59],[-59.28,50.61],[-59.25,50.6]]],[[[-80.5,59.45],[-80.5,59.44],[-80.51,59.4],[-80.5,59.38],[-80.51,59.35],[-80.54,59.35],[-80.56,59.35],[-80.58,59.36],[-80.58,59.39],[-80.58,59.41],[-80.57,59.44],[-80.56,59.45],[-80.5,59.45]]],[[[-76.71,57.19],[-76.69,57.19],[-76.68,57.17],[-76.67,57.15],[-76.64,57.12],[-76.64,57.1],[-76.66,57.08],[-76.69,57.09],[-76.72,57.1],[-76.73,57.13],[-76.72,57.17],[-76.71,57.19]]],[[[-77.78,62.57],[-77.78,62.59],[-77.77,62.61],[-77.75,62.62],[-77.72,62.63],[-77.69,62.62],[-77.67,62.62],[-77.65,62.61],[-77.69,62.6],[-77.71,62.59],[-77.73,62.58],[-77.74,62.56],[-77.77,62.56],[-77.78,62.57]]],[[[-80.47,59.64],[-80.44,59.65],[-80.42,59.66],[-80.4,59.67],[-80.37,59.67],[-80.36,59.66],[-80.38,59.64],[-80.4,59.63],[-80.43,59.61],[-80.47,59.61],[-80.48,59.62],[-80.47,59.64]]],[[[-76.92,57.52],[-76.92,57.54],[-76.91,57.55],[-76.88,57.55],[-76.87,57.53],[-76.85,57.51],[-76.83,57.5],[-76.85,57.48],[-76.87,57.48],[-76.89,57.48],[-76.89,57.49],[-76.9,57.51],[-76.92,57.52]]],[[[-76.71,57.02],[-76.69,57.03],[-76.66,57.03],[-76.64,57.01],[-76.63,56.97],[-76.64,56.95],[-76.66,56.95],[-76.68,56.96],[-76.69,56.97],[-76.7,56.99],[-76.71,57.02]]],[[[-78.89,52.08],[-79,52.11],[-79,52.13],[-78.94,52.13],[-78.88,52.11],[-78.88,52.09],[-78.89,52.08]]],[[[-71.44,61.36],[-71.45,61.35],[-71.47,61.34],[-71.49,61.34],[-71.51,61.33],[-71.54,61.33],[-71.57,61.34],[-71.57,61.35],[-71.56,61.36],[-71.53,61.37],[-71.48,61.37],[-71.44,61.36]]],[[[-78.86,58.84],[-78.88,58.8],[-78.9,58.8],[-78.94,58.81],[-78.95,58.83],[-78.92,58.86],[-78.88,58.86],[-78.86,58.84]]],[[[-80.82,58.37],[-80.86,58.38],[-80.88,58.4],[-80.86,58.42],[-80.8,58.42],[-80.78,58.41],[-80.78,58.38],[-80.82,58.37]]],[[[-80.67,59.3],[-80.65,59.29],[-80.63,59.28],[-80.63,59.27],[-80.63,59.25],[-80.64,59.24],[-80.66,59.23],[-80.68,59.24],[-80.69,59.24],[-80.7,59.25],[-80.7,59.27],[-80.69,59.3],[-80.67,59.3]]],[[[-80.09,58.69],[-80.13,58.71],[-80.11,58.74],[-80.09,58.75],[-80.07,58.75],[-80.04,58.72],[-80.05,58.7],[-80.09,58.69]]],[[[-61.41,47.83],[-61.44,47.81],[-61.46,47.8],[-61.48,47.8],[-61.52,47.8],[-61.52,47.81],[-61.51,47.82],[-61.48,47.83],[-61.45,47.84],[-61.41,47.83]]],[[[-81.08,54.29],[-81.1,54.3],[-81.11,54.31],[-81.12,54.32],[-81.12,54.34],[-81.11,54.35],[-81.08,54.35],[-81.07,54.34],[-81.04,54.32],[-81.05,54.29],[-81.08,54.29]]],[[[-77.95,58.3],[-77.9,58.29],[-77.88,58.27],[-77.88,58.25],[-77.91,58.25],[-77.95,58.26],[-77.97,58.27],[-77.95,58.3]]],[[[-77.69,58.17],[-77.68,58.19],[-77.61,58.18],[-77.59,58.16],[-77.59,58.14],[-77.63,58.14],[-77.67,58.15],[-77.69,58.17]]],[[[-78.67,52.41],[-78.75,52.42],[-78.75,52.44],[-78.73,52.45],[-78.72,52.45],[-78.68,52.45],[-78.64,52.44],[-78.63,52.43],[-78.64,52.42],[-78.67,52.41]]],[[[-76.73,56.27],[-76.73,56.29],[-76.71,56.3],[-76.7,56.32],[-76.68,56.32],[-76.65,56.32],[-76.64,56.3],[-76.65,56.29],[-76.66,56.28],[-76.68,56.27],[-76.7,56.27],[-76.72,56.26],[-76.73,56.27]]],[[[-79.48,52.55],[-79.5,52.53],[-79.52,52.54],[-79.53,52.55],[-79.54,52.56],[-79.53,52.59],[-79.51,52.59],[-79.49,52.59],[-79.47,52.58],[-79.48,52.55]]],[[[-72.4,62.03],[-72.42,62.04],[-72.42,62.06],[-72.4,62.07],[-72.37,62.07],[-72.33,62.07],[-72.33,62.05],[-72.33,62.04],[-72.37,62.03],[-72.4,62.03]]],[[[-77.05,57.72],[-77.05,57.73],[-77.04,57.75],[-77.01,57.75],[-76.98,57.74],[-76.96,57.72],[-76.98,57.7],[-77,57.7],[-77.03,57.71],[-77.05,57.72]]],[[[-80.59,59.66],[-80.58,59.63],[-80.59,59.62],[-80.61,59.62],[-80.64,59.61],[-80.67,59.63],[-80.66,59.64],[-80.64,59.65],[-80.62,59.66],[-80.59,59.66]]],[[[-79.75,58.69],[-79.76,58.67],[-79.78,58.66],[-79.81,58.67],[-79.83,58.67],[-79.84,58.69],[-79.83,58.71],[-79.8,58.71],[-79.78,58.7],[-79.75,58.69]]],[[[-80.32,59.34],[-80.31,59.32],[-80.31,59.31],[-80.32,59.29],[-80.34,59.29],[-80.36,59.29],[-80.38,59.3],[-80.38,59.31],[-80.37,59.33],[-80.35,59.34],[-80.32,59.34]]],[[[-71.97,61.88],[-72.03,61.88],[-72.05,61.89],[-72.04,61.91],[-72.03,61.91],[-72,61.92],[-71.97,61.91],[-71.96,61.9],[-71.95,61.89],[-71.97,61.88]]],[[[-80.76,58.95],[-80.8,58.95],[-80.81,58.96],[-80.8,58.98],[-80.78,58.99],[-80.76,58.99],[-80.73,58.99],[-80.73,58.97],[-80.76,58.95]]],[[[-78.62,58.77],[-78.61,58.76],[-78.63,58.74],[-78.65,58.74],[-78.67,58.74],[-78.68,58.75],[-78.69,58.76],[-78.69,58.78],[-78.67,58.78],[-78.64,58.78],[-78.62,58.77]]],[[[-78.08,60.75],[-78.1,60.73],[-78.13,60.73],[-78.15,60.74],[-78.17,60.75],[-78.15,60.77],[-78.13,60.77],[-78.1,60.77],[-78.08,60.75]]],[[[-79.33,52.27],[-79.33,52.25],[-79.36,52.24],[-79.38,52.24],[-79.4,52.25],[-79.41,52.25],[-79.39,52.27],[-79.37,52.28],[-79.33,52.27]]],[[[-78.11,58.32],[-78.11,58.34],[-78.11,58.35],[-78.08,58.36],[-78.06,58.36],[-78.03,58.34],[-78.05,58.33],[-78.07,58.32],[-78.09,58.32],[-78.11,58.32]]],[[[-80.64,59.03],[-80.66,59.01],[-80.68,59.01],[-80.71,59.02],[-80.72,59.03],[-80.71,59.04],[-80.69,59.05],[-80.66,59.05],[-80.64,59.03]]],[[[-80.74,59.2],[-80.73,59.19],[-80.73,59.17],[-80.74,59.16],[-80.75,59.15],[-80.76,59.15],[-80.78,59.15],[-80.8,59.16],[-80.79,59.18],[-80.77,59.19],[-80.74,59.2]]],[[[-78.64,58.55],[-78.62,58.57],[-78.6,58.57],[-78.58,58.56],[-78.56,58.54],[-78.58,58.52],[-78.61,58.53],[-78.63,58.53],[-78.64,58.55]]],[[[-80.7,59.41],[-80.72,59.4],[-80.75,59.41],[-80.77,59.41],[-80.77,59.43],[-80.75,59.44],[-80.72,59.44],[-80.69,59.43],[-80.7,59.41]]],[[[-76.66,56.44],[-76.65,56.45],[-76.63,56.46],[-76.61,56.45],[-76.59,56.44],[-76.61,56.41],[-76.64,56.42],[-76.66,56.42],[-76.66,56.44]]],[[[-76.75,56.17],[-76.77,56.17],[-76.79,56.19],[-76.77,56.22],[-76.74,56.22],[-76.72,56.2],[-76.72,56.18],[-76.75,56.17]]],[[[-59.42,50.43],[-59.42,50.44],[-59.42,50.45],[-59.41,50.47],[-59.39,50.47],[-59.36,50.47],[-59.35,50.46],[-59.37,50.45],[-59.38,50.44],[-59.39,50.43],[-59.42,50.43]]],[[[-79.07,52.53],[-79.1,52.52],[-79.11,52.54],[-79.11,52.55],[-79.1,52.57],[-79.07,52.57],[-79.05,52.56],[-79.07,52.53]]],[[[-79.79,59.9],[-79.81,59.91],[-79.8,59.94],[-79.76,59.95],[-79.75,59.94],[-79.76,59.91],[-79.79,59.9]]],[[[-79.19,51.9],[-79.21,51.92],[-79.22,51.93],[-79.22,51.94],[-79.2,51.95],[-79.17,51.94],[-79.16,51.93],[-79.17,51.91],[-79.19,51.9]]],[[[-78.68,58.62],[-78.68,58.64],[-78.67,58.65],[-78.64,58.65],[-78.61,58.64],[-78.62,58.62],[-78.64,58.61],[-78.67,58.61],[-78.68,58.62]]],[[[-79.84,58.17],[-79.86,58.17],[-79.88,58.17],[-79.9,58.19],[-79.9,58.2],[-79.89,58.2],[-79.87,58.2],[-79.84,58.2],[-79.83,58.19],[-79.84,58.17]]],[[[-79.6,53.45],[-79.62,53.45],[-79.65,53.47],[-79.64,53.49],[-79.6,53.48],[-79.58,53.47],[-79.6,53.45]]],[[[-76.66,56.74],[-76.64,56.75],[-76.62,56.74],[-76.59,56.74],[-76.6,56.72],[-76.61,56.71],[-76.64,56.72],[-76.66,56.73],[-76.66,56.74]]],[[[-66.04,59.01],[-66.02,59.02],[-66,59.02],[-65.97,59.02],[-65.97,58.99],[-65.98,58.99],[-66.01,58.99],[-66.03,59],[-66.04,59.01]]],[[[-66.88,47.99],[-66.89,47.99],[-66.9,47.99],[-66.91,47.98],[-66.92,47.98],[-66.93,47.97],[-66.94,47.96],[-66.95,47.95],[-66.96,47.95],[-66.96,47.94],[-66.96,47.93],[-66.97,47.92],[-66.97,47.91],[-66.96,47.91],[-66.95,47.91],[-66.95,47.9],[-66.95,47.89],[-66.96,47.89],[-66.97,47.89],[-66.97,47.9],[-66.98,47.9],[-66.99,47.9],[-67,47.91],[-67.01,47.91],[-67.02,47.91],[-67.03,47.92],[-67.04,47.92],[-67.04,47.93],[-67.05,47.93],[-67.06,47.93],[-67.07,47.92],[-67.08,47.92],[-67.09,47.92],[-67.09,47.91],[-67.1,47.91],[-67.11,47.91],[-67.12,47.91],[-67.13,47.91],[-67.14,47.91],[-67.14,47.9],[-67.14,47.89],[-67.15,47.89],[-67.16,47.89],[-67.17,47.89],[-67.17,47.88],[-67.18,47.88],[-67.19,47.87],[-67.2,47.87],[-67.21,47.87],[-67.22,47.87],[-67.23,47.88],[-67.24,47.88],[-67.25,47.88],[-67.26,47.88],[-67.26,47.89],[-67.27,47.89],[-67.28,47.89],[-67.29,47.89],[-67.29,47.9],[-67.3,47.89],[-67.3,47.88],[-67.31,47.88],[-67.32,47.88],[-67.33,47.89],[-67.34,47.89],[-67.35,47.89],[-67.35,47.88],[-67.34,47.88],[-67.34,47.87],[-67.35,47.86],[-67.36,47.86],[-67.37,47.86],[-67.37,47.85],[-67.38,47.85],[-67.39,47.86],[-67.39,47.87],[-67.4,47.87],[-67.41,47.88],[-67.42,47.88],[-67.43,47.88],[-67.44,47.89],[-67.45,47.89],[-67.45,47.9],[-67.46,47.9],[-67.47,47.9],[-67.48,47.9],[-67.49,47.91],[-67.5,47.91],[-67.51,47.91],[-67.52,47.91],[-67.53,47.92],[-67.54,47.92],[-67.55,47.92],[-67.56,47.92],[-67.57,47.92],[-67.58,47.92],[-67.58,47.93],[-67.59,47.93],[-67.59,47.94],[-67.6,47.94],[-67.6,47.95],[-67.59,47.96],[-67.59,47.97],[-67.6,47.98],[-67.6,47.99],[-67.59,47.99],[-67.59,48],[-67.6,48],[-67.61,48],[-67.93,48],[-68.12,48],[-68.13,47.93],[-68.31,47.92],[-68.38,47.92],[-68.38,47.87],[-68.38,47.79],[-68.38,47.55],[-68.48,47.49],[-68.58,47.42],[-68.59,47.42],[-68.6,47.42],[-68.61,47.42],[-68.61,47.41],[-68.62,47.41],[-68.63,47.41],[-68.64,47.41],[-68.64,47.4],[-68.65,47.4],[-68.68,47.39],[-68.69,47.38],[-68.7,47.38],[-68.71,47.38],[-68.72,47.37],[-68.75,47.37],[-68.77,47.36],[-68.78,47.36],[-68.79,47.35],[-68.8,47.35],[-68.82,47.35],[-68.83,47.34],[-68.84,47.34],[-68.86,47.34],[-68.87,47.34],[-68.88,47.33],[-68.89,47.33],[-68.9,47.33],[-68.92,47.33],[-68.93,47.32],[-68.94,47.32],[-68.95,47.32],[-68.97,47.32],[-68.98,47.32],[-68.99,47.31],[-69,47.31],[-69.02,47.31],[-69.04,47.3],[-69.05,47.3],[-69.05,47.29],[-69.04,47.28],[-69.04,47.27],[-69.05,47.28],[-69.05,47.29],[-69.05,47.3],[-69.05,47.31],[-69.05,47.32],[-69.05,47.33],[-69.05,47.34],[-69.05,47.35],[-69.05,47.36],[-69.06,47.36],[-69.05,47.37],[-69.05,47.38],[-69.04,47.39],[-69.04,47.4],[-69.04,47.41],[-69.04,47.42],[-69.05,47.42],[-69.06,47.43],[-69.07,47.43],[-69.08,47.43],[-69.09,47.43],[-69.1,47.43],[-69.11,47.43],[-69.11,47.44],[-69.12,47.44],[-69.12,47.45],[-69.13,47.44],[-69.13,47.45],[-69.14,47.45],[-69.15,47.45],[-69.16,47.45],[-69.17,47.45],[-69.18,47.45],[-69.19,47.45],[-69.2,47.45],[-69.21,47.45],[-69.22,47.45],[-69.23,47.45],[-69.99,46.67],[-70.02,46.57],[-70.02,46.53],[-70.03,46.48],[-70.04,46.45],[-70.04,46.44],[-70.05,46.43],[-70.05,46.42],[-70.06,46.41],[-70.07,46.41],[-70.08,46.41],[-70.09,46.4],[-70.1,46.39],[-70.11,46.38],[-70.12,46.38],[-70.12,46.37],[-70.13,46.37],[-70.14,46.36],[-70.15,46.36],[-70.16,46.36],[-70.17,46.35],[-70.18,46.34],[-70.19,46.34],[-70.2,46.33],[-70.2,46.32],[-70.2,46.31],[-70.2,46.3],[-70.2,46.29],[-70.21,46.29],[-70.22,46.29],[-70.23,46.28],[-70.23,46.27],[-70.24,46.27],[-70.25,46.27],[-70.25,46.26],[-70.25,46.25],[-70.25,46.24],[-70.26,46.23],[-70.27,46.22],[-70.27,46.21],[-70.28,46.2],[-70.28,46.19],[-70.28,46.18],[-70.27,46.18],[-70.27,46.17],[-70.26,46.17],[-70.25,46.16],[-70.25,46.15],[-70.24,46.15],[-70.24,46.14],[-70.23,46.14],[-70.24,46.13],[-70.25,46.12],[-70.26,46.12],[-70.26,46.11],[-70.25,46.11],[-70.25,46.1],[-70.26,46.1],[-70.26,46.09],[-70.27,46.09],[-70.28,46.09],[-70.29,46.09],[-70.3,46.08],[-70.3,46.07],[-70.31,46.07],[-70.31,46.06],[-70.3,46.06],[-70.29,46.06],[-70.28,46.06],[-70.28,46.05],[-70.28,46.04],[-70.29,46.04],[-70.3,46.03],[-70.3,46.02],[-70.31,46.02],[-70.31,46.01],[-70.3,46],[-70.3,45.99],[-70.31,45.98],[-70.31,45.97],[-70.31,45.96],[-70.3,45.96],[-70.29,45.96],[-70.28,45.96],[-70.27,45.96],[-70.26,45.96],[-70.26,45.95],[-70.25,45.95],[-70.24,45.94],[-70.25,45.93],[-70.25,45.92],[-70.26,45.91],[-70.25,45.91],[-70.25,45.9],[-70.26,45.89],[-70.27,45.88],[-70.28,45.87],[-70.29,45.87],[-70.31,45.86],[-70.32,45.85],[-70.33,45.84],[-70.35,45.84],[-70.36,45.84],[-70.36,45.83],[-70.37,45.83],[-70.38,45.82],[-70.39,45.81],[-70.39,45.8],[-70.4,45.8],[-70.41,45.8],[-70.41,45.79],[-70.42,45.79],[-70.42,45.78],[-70.41,45.78],[-70.41,45.77],[-70.4,45.77],[-70.4,45.76],[-70.39,45.75],[-70.39,45.74],[-70.39,45.73],[-70.4,45.72],[-70.41,45.71],[-70.43,45.71],[-70.44,45.7],[-70.45,45.7],[-70.46,45.7],[-70.47,45.7],[-70.47,45.69],[-70.48,45.69],[-70.51,45.68],[-70.53,45.67],[-70.55,45.66],[-70.56,45.66],[-70.57,45.65],[-70.58,45.64],[-70.59,45.63],[-70.6,45.63],[-70.61,45.63],[-70.62,45.62],[-70.63,45.61],[-70.64,45.61],[-70.64,45.6],[-70.65,45.6],[-70.66,45.59],[-70.67,45.59],[-70.67,45.58],[-70.68,45.57],[-70.69,45.57],[-70.69,45.56],[-70.7,45.55],[-70.7,45.54],[-70.7,45.53],[-70.71,45.52],[-70.72,45.52],[-70.72,45.51],[-70.72,45.5],[-70.72,45.49],[-70.72,45.48],[-70.71,45.47],[-70.7,45.47],[-70.7,45.46],[-70.69,45.46],[-70.68,45.45],[-70.67,45.45],[-70.67,45.44],[-70.66,45.44],[-70.66,45.43],[-70.65,45.43],[-70.64,45.42],[-70.64,45.41],[-70.64,45.4],[-70.64,45.39],[-70.65,45.38],[-70.66,45.38],[-70.67,45.38],[-70.68,45.38],[-70.69,45.39],[-70.7,45.39],[-70.71,45.39],[-70.72,45.39],[-70.72,45.4],[-70.73,45.4],[-70.74,45.41],[-70.74,45.42],[-70.75,45.42],[-70.76,45.43],[-70.77,45.43],[-70.78,45.43],[-70.78,45.42],[-70.79,45.43],[-70.8,45.42],[-70.81,45.42],[-70.81,45.41],[-70.82,45.41],[-70.83,45.4],[-70.83,45.39],[-70.82,45.37],[-70.82,45.36],[-70.81,45.36],[-70.81,45.35],[-70.82,45.35],[-70.82,45.34],[-70.83,45.34],[-70.83,45.33],[-70.83,45.32],[-70.82,45.32],[-70.83,45.31],[-70.83,45.3],[-70.83,45.29],[-70.84,45.29],[-70.85,45.28],[-70.84,45.28],[-70.84,45.27],[-70.85,45.27],[-70.85,45.26],[-70.86,45.26],[-70.86,45.25],[-70.86,45.24],[-70.86,45.23],[-70.87,45.23],[-70.88,45.23],[-70.89,45.23],[-70.9,45.24],[-70.9,45.25],[-70.9,45.26],[-70.91,45.26],[-70.91,45.27],[-70.92,45.27],[-70.92,45.28],[-70.92,45.29],[-70.92,45.3],[-70.93,45.3],[-70.93,45.31],[-70.94,45.32],[-70.94,45.33],[-70.95,45.33],[-70.95,45.34],[-70.96,45.34],[-70.97,45.34],[-70.98,45.34],[-70.99,45.34],[-71,45.34],[-71.01,45.34],[-71.01,45.33],[-71.02,45.32],[-71.03,45.32],[-71.04,45.31],[-71.05,45.31],[-71.07,45.31],[-71.08,45.3],[-71.09,45.3],[-71.1,45.29],[-71.11,45.29],[-71.11,45.28],[-71.12,45.27],[-71.13,45.27],[-71.13,45.26],[-71.13,45.25],[-71.13,45.24],[-71.14,45.24],[-71.15,45.24],[-71.16,45.24],[-71.17,45.25],[-71.18,45.24],[-71.19,45.25],[-71.2,45.25],[-71.21,45.26],[-71.22,45.26],[-71.23,45.26],[-71.24,45.26],[-71.24,45.27],[-71.25,45.27],[-71.26,45.28],[-71.27,45.28],[-71.27,45.29],[-71.28,45.29],[-71.29,45.29],[-71.3,45.29],[-71.31,45.29],[-71.32,45.29],[-71.33,45.28],[-71.34,45.27],[-71.35,45.27],[-71.37,45.26],[-71.37,45.25],[-71.38,45.25],[-71.38,45.24],[-71.39,45.23],[-71.4,45.23],[-71.4,45.24],[-71.41,45.24],[-71.42,45.24],[-71.43,45.24],[-71.44,45.24],[-71.45,45.24],[-71.44,45.23],[-71.43,45.23],[-71.43,45.22],[-71.42,45.22],[-71.41,45.21],[-71.4,45.21],[-71.4,45.2],[-71.41,45.19],[-71.42,45.18],[-71.42,45.17],[-71.43,45.16],[-71.43,45.15],[-71.44,45.15],[-71.44,45.14],[-71.44,45.13],[-71.43,45.12],[-71.44,45.12],[-71.44,45.11],[-71.45,45.11],[-71.45,45.1],[-71.46,45.1],[-71.47,45.1],[-71.47,45.09],[-71.47,45.08],[-71.5,45.06],[-71.5,45.05],[-71.5,45.04],[-71.49,45.04],[-71.49,45.03],[-71.5,45.03],[-71.5,45.02],[-71.51,45.01],[-71.56,45.01],[-71.57,45.01],[-71.77,45.01],[-71.84,45.01],[-71.9,45.01],[-71.97,45.01],[-72.08,45],[-72.26,45],[-72.27,45],[-72.42,45.01],[-72.55,45.01],[-73.19,45.01],[-73.34,45.01],[-74.02,44.99],[-74.31,44.98],[-74.65,45],[-74.66,45],[-74.67,45],[-74.68,45],[-74.67,45.02],[-74.66,45.03],[-74.64,45.03],[-74.62,45.04],[-74.61,45.04],[-74.6,45.04],[-74.59,45.04],[-74.59,45.05],[-74.58,45.05],[-74.57,45.05],[-74.56,45.05],[-74.55,45.06],[-74.54,45.06],[-74.53,45.06],[-74.53,45.07],[-74.52,45.08],[-74.51,45.08],[-74.5,45.08],[-74.49,45.08],[-74.48,45.08],[-74.48,45.09],[-74.47,45.09],[-74.47,45.1],[-74.46,45.11],[-74.46,45.12],[-74.45,45.12],[-74.44,45.13],[-74.43,45.14],[-74.42,45.14],[-74.41,45.14],[-74.4,45.15],[-74.39,45.15],[-74.39,45.16],[-74.31,45.18],[-74.2,45.25],[-74.13,45.28],[-73.81,45.35],[-73.59,45.43],[-73.55,45.46],[-73.52,45.51],[-73.49,45.53],[-73.39,45.76],[-73.23,45.94],[-73.17,46],[-73.15,46.01],[-73.14,46.04],[-73.11,46.05],[-72.95,46.1],[-72.83,46.13],[-72.68,46.18],[-72.61,46.25],[-72.56,46.28],[-72.42,46.34],[-72.35,46.38],[-72.1,46.5],[-71.99,46.53],[-71.92,46.57],[-71.78,46.6],[-71.56,46.64],[-71.28,46.73],[-71.21,46.75],[-71.19,46.76],[-71.13,46.78],[-71.06,46.81],[-70.97,46.84],[-70.87,46.88],[-70.8,46.91],[-70.74,46.93],[-70.6,46.96],[-70.52,47],[-70.47,47.05],[-70.35,47.13],[-70.23,47.26],[-70.11,47.33],[-70,47.45],[-69.88,47.52],[-69.72,47.66],[-69.55,47.82],[-69.54,47.86],[-69.54,47.88],[-69.51,47.94],[-69.33,48.07],[-69.27,48.13],[-69.06,48.28],[-68.76,48.42],[-68.18,48.66],[-67.72,48.82],[-67.51,48.9],[-67.38,48.94],[-67.18,48.99],[-66.94,49.06],[-66.61,49.14],[-66.38,49.21],[-66.14,49.23],[-66,49.24],[-65.91,49.26],[-65.73,49.28],[-65.07,49.28],[-64.96,49.25],[-64.91,49.23],[-64.66,49.18],[-64.43,49.12],[-64.31,49.04],[-64.27,48.98],[-64.17,48.92],[-64.11,48.81],[-64.11,48.78],[-64.15,48.77],[-64.19,48.78],[-64.25,48.8],[-64.36,48.84],[-64.4,48.83],[-64.4,48.82],[-64.37,48.79],[-64.3,48.76],[-64.22,48.71],[-64.14,48.67],[-64.11,48.64],[-64.13,48.61],[-64.19,48.59],[-64.19,48.56],[-64.16,48.53],[-64.18,48.5],[-64.29,48.41],[-64.37,48.38],[-64.47,48.37],[-64.6,48.33],[-64.7,48.24],[-64.94,48.13],[-64.98,48.07],[-65.2,48],[-65.37,48],[-65.44,48.02],[-65.56,48.08],[-65.67,48.1],[-65.81,48.12],[-65.89,48.15],[-65.98,48.13],[-66.04,48.09],[-66.11,48.07],[-66.17,48.06],[-66.25,48.08],[-66.31,48.07],[-66.45,48.1],[-66.59,48.07],[-66.61,48.03],[-66.7,48.02],[-66.86,48],[-66.87,48],[-66.88,47.99]]],[[[-62.8,49.18],[-63.54,49.4],[-63.61,49.45],[-63.67,49.54],[-63.73,49.59],[-64.17,49.74],[-64.23,49.78],[-64.28,49.79],[-64.31,49.78],[-64.36,49.8],[-64.45,49.82],[-64.47,49.84],[-64.46,49.86],[-64.37,49.9],[-64.23,49.91],[-64.08,49.9],[-63.79,49.85],[-63.62,49.84],[-63.44,49.82],[-63.13,49.74],[-62.74,49.67],[-62.45,49.59],[-62.33,49.5],[-62.26,49.47],[-62.13,49.44],[-62.07,49.42],[-62.02,49.38],[-61.86,49.35],[-61.64,49.18],[-61.62,49.15],[-61.63,49.13],[-61.66,49.12],[-61.77,49.11],[-61.85,49.09],[-61.99,49.09],[-62.09,49.11],[-62.16,49.1],[-62.48,49.13],[-62.8,49.18]]]]}}]}