{"type":"FeatureCollection","features":[{"type":"Feature","properties":{"FID":0,"FIPS":"AJ","ISO2":"AZ","ISO3":"AZE","UN":31,"NAME":"Azerbaijan","AREA":8260,"POP2005":8352021,"REGION":142,"SUBREGION":145,"LON":47.395,"LAT":40.43},"geometry":{"type":"MultiPolygon","coordinates":[[[[45.08,39.77],[45.27,39.61],[45.32,39.55],[45.33,39.54],[45.33,39.53],[45.46,39.49],[45.47,39.49],[45.5,39.5],[45.51,39.51],[45.53,39.52],[45.56,39.53],[45.59,39.55],[45.61,39.55],[45.63,39.56],[45.73,39.58],[45.74,39.58],[45.76,39.58],[45.78,39.57],[45.8,39.56],[45.81,39.56],[45.82,39.55],[45.83,39.46],[45.83,39.45],[45.83,39.44],[45.86,39.35],[45.98,39.28],[45.99,39.27],[46,39.26],[46.01,39.25],[46.01,39.24],[46,39.24],[45.99,39.23],[45.98,39.22],[45.97,39.21],[45.97,39.19],[45.97,39.18],[45.97,39.17],[46.11,38.94],[46.12,38.91],[46.18,38.84],[46.08,38.87],[45.95,38.89],[45.84,38.9],[45.61,38.95],[45.54,38.97],[45.52,38.97],[45.48,38.98],[45.44,39],[45.43,39.01],[45.42,39.02],[45.42,39.03],[45.42,39.06],[45.35,39.16],[45.34,39.17],[45.31,39.2],[45.3,39.2],[45.28,39.19],[45.27,39.19],[45.23,39.2],[45.15,39.21],[45.14,39.22],[45.14,39.24],[45.14,39.25],[45.13,39.29],[45.12,39.31],[45.06,39.37],[45,39.42],[44.98,39.42],[44.96,39.43],[44.95,39.44],[44.93,39.48],[44.91,39.54],[44.91,39.55],[44.9,39.56],[44.89,39.61],[44.87,39.62],[44.81,39.63],[44.82,39.65],[44.8,39.68],[44.79,39.7],[44.78,39.71],[44.79,39.71],[44.8,39.71],[44.86,39.73],[44.88,39.73],[44.9,39.72],[44.92,39.72],[44.93,39.72],[44.95,39.73],[44.97,39.73],[45,39.75],[45.01,39.77],[45.03,39.77],[45.04,39.78],[45.05,39.78],[45.06,39.78],[45.07,39.77],[45.08,39.77]]],[[[45.24,40.98],[45.23,40.97],[45.21,40.98],[45.2,40.99],[45.2,41],[45.2,41.01],[45.21,41],[45.24,40.99],[45.24,40.98]]],[[[45.05,41.03],[45.03,41.03],[45.01,41.03],[44.99,41.05],[44.98,41.06],[44.98,41.08],[45,41.09],[45.02,41.09],[45.03,41.09],[45.05,41.07],[45.06,41.05],[45.05,41.04],[45.05,41.03]]],[[[46.57,41.87],[46.64,41.82],[46.65,41.82],[46.75,41.86],[46.76,41.86],[46.77,41.86],[46.77,41.85],[46.77,41.84],[46.77,41.83],[46.77,41.82],[46.77,41.81],[46.77,41.8],[46.78,41.79],[46.81,41.77],[46.86,41.73],[46.94,41.68],[47.02,41.62],[47.08,41.57],[47.1,41.57],[47.11,41.58],[47.13,41.58],[47.14,41.58],[47.14,41.57],[47.16,41.56],[47.25,41.43],[47.26,41.42],[47.26,41.4],[47.26,41.39],[47.26,41.38],[47.26,41.37],[47.26,41.36],[47.27,41.33],[47.27,41.32],[47.28,41.32],[47.29,41.31],[47.37,41.27],[47.56,41.21],[47.57,41.21],[47.58,41.21],[47.59,41.21],[47.6,41.22],[47.62,41.23],[47.64,41.23],[47.64,41.24],[47.66,41.24],[47.72,41.21],[47.75,41.2],[47.76,41.2],[47.77,41.2],[47.8,41.2],[47.86,41.21],[47.91,41.22],[47.92,41.23],[47.93,41.24],[47.92,41.25],[47.92,41.26],[47.91,41.27],[47.91,41.28],[47.91,41.29],[47.96,41.36],[48.07,41.46],[48.07,41.47],[48.1,41.48],[48.12,41.48],[48.15,41.49],[48.19,41.49],[48.23,41.5],[48.25,41.51],[48.37,41.57],[48.39,41.58],[48.4,41.59],[48.42,41.6],[48.42,41.61],[48.44,41.64],[48.53,41.77],[48.58,41.84],[48.61,41.82],[48.67,41.79],[48.68,41.78],[48.73,41.74],[48.78,41.68],[48.86,41.6],[48.88,41.57],[48.89,41.55],[48.9,41.53],[48.91,41.51],[48.99,41.44],[49,41.44],[49.01,41.43],[49.02,41.43],[49.03,41.42],[49.04,41.41],[49.14,41.28],[49.14,41.27],[49.14,41.26],[49.14,41.25],[49.14,41.24],[49.14,41.22],[49.16,41.15],[49.19,41.06],[49.21,41.04],[49.22,41.02],[49.23,41.01],[49.25,40.99],[49.4,40.85],[49.41,40.84],[49.42,40.83],[49.44,40.83],[49.46,40.83],[49.48,40.83],[49.49,40.82],[49.5,40.82],[49.52,40.8],[49.53,40.79],[49.54,40.78],[49.54,40.77],[49.53,40.75],[49.52,40.73],[49.51,40.71],[49.51,40.7],[49.51,40.69],[49.51,40.68],[49.53,40.66],[49.57,40.63],[49.58,40.63],[49.58,40.62],[49.7,40.58],[49.72,40.58],[49.8,40.56],[49.83,40.56],[49.86,40.56],[49.88,40.57],[49.92,40.58],[49.93,40.59],[49.97,40.59],[50,40.59],[50.03,40.58],[50.23,40.49],[50.24,40.49],[50.33,40.4],[50.35,40.39],[50.36,40.38],[50.36,40.37],[50.36,40.36],[50.37,40.33],[50.38,40.26],[50.35,40.27],[50.34,40.28],[50.31,40.3],[50.31,40.31],[50.3,40.31],[50.26,40.33],[50.22,40.34],[50.13,40.36],[50.12,40.36],[49.96,40.35],[49.85,40.32],[49.57,40.21],[49.52,40.17],[49.5,40.16],[49.49,40.15],[49.43,40.06],[49.42,40.05],[49.43,40.05],[49.43,40.04],[49.45,40.02],[49.45,39.97],[49.43,39.9],[49.4,39.75],[49.39,39.69],[49.38,39.69],[49.32,39.63],[49.31,39.62],[49.28,39.5],[49.28,39.49],[49.28,39.48],[49.29,39.48],[49.29,39.47],[49.3,39.46],[49.34,39.43],[49.35,39.43],[49.35,39.42],[49.38,39.41],[49.41,39.39],[49.41,39.38],[49.4,39.35],[49.35,39.32],[49.34,39.33],[49.33,39.34],[49.31,39.34],[49.3,39.34],[49.29,39.34],[49.28,39.34],[49.27,39.33],[49.26,39.32],[49.25,39.31],[49.24,39.3],[49.24,39.28],[49.2,39.06],[49.2,39.04],[49.2,39.03],[49.2,39.02],[49.19,39.02],[49.16,38.99],[49.16,38.98],[49.14,38.98],[49.13,38.97],[49.09,38.97],[49.08,38.96],[49.07,38.96],[49.06,38.97],[49.05,38.98],[49.05,39],[49.05,39.01],[49.06,39.01],[49.07,39.01],[49.1,39.02],[49.11,39.02],[49.12,39.02],[49.13,39.03],[49.14,39.04],[49.14,39.05],[49.15,39.06],[49.15,39.08],[49.15,39.09],[49.15,39.1],[49.14,39.1],[49.05,39.18],[49.04,39.18],[49.01,39.19],[49,39.19],[48.99,39.19],[48.98,39.18],[48.97,39.18],[48.96,39.17],[48.96,39.16],[48.93,39.11],[48.93,39.06],[48.93,39.05],[48.94,39.04],[48.95,39.03],[48.95,39.02],[48.94,38.96],[48.93,38.95],[48.91,38.91],[48.91,38.9],[48.9,38.89],[48.89,38.88],[48.88,38.87],[48.87,38.75],[48.87,38.57],[48.88,38.47],[48.88,38.45],[48.89,38.44],[48.85,38.45],[48.84,38.45],[48.83,38.45],[48.79,38.45],[48.78,38.44],[48.74,38.42],[48.67,38.39],[48.66,38.39],[48.63,38.39],[48.62,38.4],[48.61,38.41],[48.6,38.42],[48.57,38.47],[48.56,38.48],[48.44,38.62],[48.44,38.63],[48.43,38.63],[48.42,38.63],[48.41,38.62],[48.39,38.62],[48.36,38.61],[48.34,38.6],[48.33,38.6],[48.32,38.61],[48.25,38.66],[48.24,38.67],[48.24,38.69],[48.25,38.71],[48.25,38.72],[48.24,38.73],[48.23,38.73],[48.19,38.75],[48.15,38.76],[48.12,38.77],[48.1,38.78],[48.04,38.82],[48.02,38.83],[48.02,38.84],[48.02,38.85],[48.01,38.86],[48.01,38.87],[48.01,38.89],[48.01,38.9],[48.01,38.91],[48.07,38.95],[48.08,38.96],[48.14,38.97],[48.19,38.97],[48.23,38.97],[48.26,38.98],[48.27,38.98],[48.28,38.98],[48.29,38.99],[48.3,39],[48.31,39.01],[48.32,39.03],[48.33,39.04],[48.33,39.05],[48.33,39.06],[48.29,39.11],[48.29,39.12],[48.28,39.13],[48.27,39.13],[48.26,39.13],[48.24,39.14],[48.23,39.14],[48.22,39.15],[48.13,39.21],[48.12,39.25],[48.12,39.26],[48.12,39.28],[48.13,39.28],[48.14,39.3],[48.15,39.31],[48.16,39.32],[48.19,39.33],[48.2,39.34],[48.22,39.34],[48.24,39.34],[48.25,39.34],[48.28,39.35],[48.36,39.38],[48.36,39.4],[48.34,39.42],[48.34,39.43],[48.32,39.44],[48.28,39.47],[48.25,39.49],[48.21,39.53],[48.16,39.57],[48.09,39.64],[48.08,39.65],[48.07,39.66],[48.06,39.67],[48.04,39.68],[48.01,39.7],[47.99,39.71],[47.98,39.72],[47.82,39.68],[47.81,39.68],[47.8,39.67],[47.79,39.66],[47.78,39.64],[47.76,39.63],[47.54,39.52],[47.47,39.5],[47.45,39.5],[47.39,39.47],[47.34,39.43],[47.33,39.42],[47.32,39.4],[47.31,39.39],[47.29,39.38],[47.28,39.37],[47.21,39.34],[47.2,39.34],[47.19,39.34],[47.17,39.34],[47.16,39.33],[47.1,39.3],[47.05,39.24],[47.04,39.23],[47.04,39.2],[47.03,39.19],[46.96,39.16],[46.95,39.15],[46.94,39.15],[46.92,39.17],[46.91,39.17],[46.9,39.17],[46.88,39.17],[46.85,39.16],[46.84,39.16],[46.77,39.09],[46.75,39.08],[46.75,39.06],[46.75,39.05],[46.74,39.04],[46.65,38.98],[46.57,38.92],[46.54,38.88],[46.5,38.95],[46.49,38.96],[46.49,38.97],[46.5,38.99],[46.51,39.01],[46.51,39.02],[46.52,39.03],[46.52,39.04],[46.52,39.07],[46.52,39.08],[46.5,39.12],[46.5,39.13],[46.49,39.13],[46.48,39.14],[46.46,39.14],[46.44,39.15],[46.42,39.16],[46.42,39.17],[46.42,39.18],[46.41,39.19],[46.42,39.2],[46.42,39.21],[46.43,39.21],[46.43,39.22],[46.44,39.22],[46.45,39.22],[46.46,39.22],[46.47,39.22],[46.5,39.2],[46.54,39.19],[46.55,39.19],[46.62,39.22],[46.62,39.23],[46.58,39.25],[46.56,39.27],[46.4,39.38],[46.39,39.39],[46.39,39.4],[46.38,39.41],[46.38,39.42],[46.38,39.44],[46.39,39.44],[46.4,39.45],[46.41,39.45],[46.45,39.46],[46.49,39.47],[46.5,39.47],[46.51,39.47],[46.52,39.48],[46.55,39.54],[46.55,39.55],[46.54,39.56],[46.53,39.57],[46.53,39.58],[46.52,39.58],[46.36,39.63],[46.35,39.63],[46.34,39.63],[46.32,39.62],[46.31,39.62],[46.3,39.61],[46.26,39.6],[46.25,39.59],[46.24,39.59],[46.23,39.59],[46.21,39.6],[46.2,39.6],[46.19,39.61],[46.07,39.69],[46.06,39.7],[46.05,39.7],[46.04,39.72],[46.03,39.75],[46.02,39.76],[46.01,39.77],[46,39.77],[45.98,39.78],[45.96,39.78],[45.93,39.79],[45.91,39.8],[45.89,39.81],[45.88,39.81],[45.86,39.82],[45.84,39.83],[45.83,39.85],[45.82,39.86],[45.82,39.87],[45.81,39.88],[45.8,39.9],[45.8,39.91],[45.79,39.92],[45.78,39.94],[45.77,39.94],[45.75,39.95],[45.73,39.96],[45.7,39.96],[45.62,39.97],[45.61,39.97],[45.6,39.98],[45.59,39.98],[45.59,39.99],[45.6,40],[45.6,40.01],[45.61,40.01],[45.64,40.02],[45.68,40.03],[45.71,40.03],[45.76,40.02],[45.82,40.02],[45.85,40.02],[45.87,40.01],[45.89,40.01],[45.9,40.02],[45.91,40.02],[45.92,40.03],[45.97,40.11],[45.98,40.12],[46,40.21],[46,40.22],[46,40.23],[45.99,40.24],[45.96,40.27],[45.95,40.27],[45.92,40.27],[45.91,40.26],[45.89,40.27],[45.88,40.27],[45.66,40.38],[45.64,40.39],[45.54,40.45],[45.53,40.46],[45.41,40.61],[45.39,40.64],[45.39,40.65],[45.39,40.66],[45.39,40.67],[45.39,40.68],[45.42,40.72],[45.43,40.73],[45.44,40.74],[45.46,40.74],[45.52,40.76],[45.57,40.78],[45.58,40.78],[45.59,40.79],[45.6,40.8],[45.61,40.81],[45.62,40.83],[45.62,40.84],[45.62,40.86],[45.62,40.87],[45.61,40.88],[45.37,41],[45.35,41],[45.34,41],[45.1,41.06],[45.09,41.06],[45.08,41.08],[45.08,41.09],[45.07,41.1],[45.07,41.11],[45.08,41.11],[45.08,41.12],[45.09,41.12],[45.11,41.12],[45.13,41.12],[45.14,41.12],[45.17,41.12],[45.18,41.12],[45.2,41.12],[45.21,41.12],[45.22,41.13],[45.22,41.14],[45.22,41.15],[45.21,41.16],[45.19,41.17],[45.15,41.2],[45.14,41.2],[45.13,41.2],[45.05,41.22],[45.02,41.3],[45.05,41.32],[45.14,41.38],[45.19,41.41],[45.26,41.45],[45.27,41.45],[45.28,41.46],[45.29,41.46],[45.31,41.46],[45.33,41.46],[45.34,41.46],[45.35,41.46],[45.61,41.38],[45.72,41.35],[45.72,41.32],[45.71,41.31],[45.71,41.3],[45.71,41.29],[45.71,41.28],[45.72,41.28],[45.75,41.26],[45.8,41.23],[45.81,41.23],[45.85,41.21],[45.87,41.21],[45.9,41.2],[45.92,41.19],[45.97,41.18],[46,41.17],[46.03,41.17],[46.05,41.17],[46.06,41.17],[46.08,41.18],[46.1,41.18],[46.13,41.2],[46.14,41.2],[46.23,41.21],[46.24,41.21],[46.25,41.2],[46.27,41.18],[46.28,41.17],[46.29,41.16],[46.34,41.13],[46.36,41.12],[46.38,41.1],[46.48,41.06],[46.5,41.05],[46.51,41.05],[46.52,41.05],[46.62,41.1],[46.66,41.15],[46.67,41.16],[46.7,41.21],[46.71,41.26],[46.69,41.31],[46.69,41.32],[46.62,41.37],[46.59,41.38],[46.55,41.39],[46.51,41.4],[46.5,41.4],[46.33,41.48],[46.23,41.6],[46.22,41.63],[46.2,41.67],[46.19,41.69],[46.19,41.7],[46.2,41.73],[46.21,41.74],[46.21,41.75],[46.23,41.76],[46.24,41.76],[46.25,41.77],[46.26,41.76],[46.28,41.76],[46.3,41.76],[46.31,41.75],[46.32,41.75],[46.33,41.76],[46.35,41.77],[46.41,41.83],[46.42,41.84],[46.43,41.86],[46.44,41.87],[46.45,41.9],[46.51,41.89],[46.56,41.89],[46.57,41.88],[46.57,41.87]],[[45.51,40.61],[45.53,40.61],[45.57,40.63],[45.59,40.65],[45.57,40.66],[45.55,40.66],[45.52,40.67],[45.5,40.66],[45.49,40.64],[45.5,40.62],[45.51,40.61]]]]}},{"type":"Feature","properties":{"FID":0,"FIPS":"AL","ISO2":"AL","ISO3":"ALB","UN":8,"NAME":"Albania","AREA":2740,"POP2005":3153731,"REGION":150,"SUBREGION":39,"LON":20.068,"LAT":41.143},"geometry":{"type":"Polygon","coordinates":[[[19.44,41.02],[19.45,41.06],[19.51,41.25],[19.51,41.26],[19.51,41.27],[19.51,41.28],[19.5,41.29],[19.49,41.3],[19.48,41.31],[19.47,41.31],[19.45,41.31],[19.44,41.41],[19.52,41.57],[19.57,41.59],[19.59,41.61],[19.59,41.64],[19.57,41.69],[19.58,41.69],[19.58,41.7],[19.6,41.77],[19.6,41.79],[19.6,41.8],[19.6,41.81],[19.59,41.81],[19.52,41.84],[19.49,41.85],[19.47,41.85],[19.45,41.86],[19.43,41.86],[19.42,41.86],[19.41,41.86],[19.37,41.85],[19.34,41.91],[19.35,41.96],[19.37,42.07],[19.38,42.07],[19.38,42.08],[19.4,42.1],[19.4,42.11],[19.39,42.12],[19.37,42.13],[19.33,42.15],[19.3,42.17],[19.28,42.18],[19.28,42.19],[19.29,42.19],[19.52,42.45],[19.61,42.54],[19.61,42.55],[19.61,42.56],[19.61,42.57],[19.62,42.58],[19.63,42.6],[19.65,42.62],[19.66,42.63],[19.71,42.66],[19.72,42.66],[19.73,42.66],[19.75,42.64],[19.76,42.64],[19.77,42.6],[19.77,42.59],[19.76,42.59],[19.75,42.58],[19.75,42.55],[19.75,42.54],[19.77,42.51],[19.77,42.5],[19.79,42.49],[19.79,42.48],[19.8,42.48],[19.82,42.47],[19.92,42.51],[19.93,42.52],[20.05,42.56],[20.06,42.56],[20.07,42.56],[20.1,42.54],[20.11,42.53],[20.16,42.51],[20.17,42.51],[20.22,42.43],[20.22,42.42],[20.24,42.37],[20.24,42.36],[20.24,42.35],[20.24,42.33],[20.25,42.33],[20.25,42.32],[20.26,42.32],[20.36,42.31],[20.39,42.3],[20.45,42.28],[20.46,42.27],[20.47,42.27],[20.51,42.23],[20.52,42.21],[20.53,42.21],[20.59,42.04],[20.62,41.97],[20.62,41.96],[20.62,41.95],[20.62,41.94],[20.61,41.94],[20.59,41.93],[20.58,41.92],[20.58,41.91],[20.59,41.88],[20.57,41.88],[20.53,41.78],[20.52,41.75],[20.52,41.74],[20.51,41.73],[20.53,41.63],[20.47,41.56],[20.46,41.53],[20.46,41.52],[20.47,41.5],[20.51,41.46],[20.56,41.41],[20.56,41.4],[20.55,41.37],[20.52,41.35],[20.5,41.35],[20.5,41.34],[20.49,41.33],[20.5,41.32],[20.5,41.3],[20.52,41.25],[20.58,41.16],[20.6,41.09],[20.66,41.09],[20.67,41.09],[20.73,40.91],[20.74,40.91],[20.75,40.91],[20.76,40.9],[20.8,40.9],[20.81,40.9],[20.82,40.91],[20.83,40.92],[20.84,40.93],[20.85,40.94],[20.94,40.92],[20.96,40.91],[20.97,40.91],[20.98,40.9],[20.98,40.89],[20.98,40.86],[20.98,40.79],[21.02,40.72],[21.03,40.71],[21.04,40.7],[21.05,40.69],[21.05,40.68],[21.05,40.67],[21.05,40.66],[21.05,40.62],[21.04,40.57],[21.04,40.56],[20.95,40.47],[20.94,40.46],[20.92,40.46],[20.91,40.46],[20.91,40.47],[20.83,40.46],[20.79,40.43],[20.79,40.4],[20.76,40.31],[20.74,40.31],[20.73,40.3],[20.71,40.28],[20.71,40.27],[20.71,40.26],[20.72,40.25],[20.72,40.23],[20.72,40.22],[20.67,40.1],[20.66,40.09],[20.62,40.09],[20.61,40.08],[20.58,40.07],[20.56,40.07],[20.48,40.06],[20.48,40.07],[20.46,40.07],[20.45,40.07],[20.44,40.07],[20.42,40.06],[20.32,39.99],[20.34,39.92],[20.37,39.89],[20.41,39.85],[20.41,39.84],[20.41,39.82],[20.41,39.8],[20.4,39.8],[20.39,39.79],[20.38,39.79],[20.37,39.79],[20.31,39.81],[20.3,39.81],[20.29,39.81],[20.29,39.8],[20.3,39.77],[20.32,39.74],[20.32,39.73],[20.32,39.72],[20.22,39.65],[20.2,39.65],[20.19,39.65],[20.17,39.65],[20.14,39.66],[20.11,39.67],[20.1,39.67],[20.09,39.68],[20.03,39.7],[20.02,39.7],[20.01,39.7],[20.01,39.69],[20,39.69],[19.99,39.69],[19.98,39.7],[19.98,39.77],[19.99,39.87],[19.94,39.94],[19.87,40.04],[19.86,40.04],[19.85,40.05],[19.84,40.05],[19.83,40.05],[19.77,40.07],[19.76,40.08],[19.75,40.09],[19.73,40.1],[19.62,40.15],[19.51,40.19],[19.5,40.2],[19.46,40.22],[19.45,40.23],[19.4,40.28],[19.29,40.42],[19.32,40.44],[19.34,40.43],[19.39,40.39],[19.4,40.38],[19.41,40.36],[19.41,40.34],[19.42,40.33],[19.43,40.33],[19.44,40.33],[19.45,40.33],[19.46,40.33],[19.47,40.34],[19.48,40.35],[19.48,40.36],[19.49,40.44],[19.46,40.56],[19.45,40.57],[19.42,40.58],[19.41,40.58],[19.4,40.58],[19.39,40.58],[19.34,40.62],[19.31,40.65],[19.35,40.69],[19.36,40.7],[19.41,40.82],[19.41,40.87],[19.45,40.88],[19.46,40.88],[19.47,40.88],[19.48,40.89],[19.52,40.91],[19.52,40.93],[19.52,40.94],[19.51,40.97],[19.51,40.98],[19.46,41.01],[19.44,41.02]]]}},{"type":"Feature","properties":{"FID":0,"FIPS":"AM","ISO2":"AM","ISO3":"ARM","UN":51,"NAME":"Armenia","AREA":2820,"POP2005":3017661,"REGION":142,"SUBREGION":145,"LON":44.563,"LAT":40.534},"geometry":{"type":"MultiPolygon","coordinates":[[[[45.57,40.63],[45.53,40.61],[45.51,40.61],[45.5,40.62],[45.49,40.64],[45.5,40.66],[45.52,40.67],[45.55,40.66],[45.57,40.66],[45.59,40.65],[45.57,40.63]]],[[[45.15,41.2],[45.19,41.17],[45.21,41.16],[45.22,41.15],[45.22,41.14],[45.22,41.13],[45.21,41.12],[45.2,41.12],[45.18,41.12],[45.17,41.12],[45.14,41.12],[45.13,41.12],[45.11,41.12],[45.09,41.12],[45.08,41.12],[45.08,41.11],[45.07,41.11],[45.07,41.1],[45.08,41.09],[45.08,41.08],[45.09,41.06],[45.1,41.06],[45.34,41],[45.35,41],[45.37,41],[45.61,40.88],[45.62,40.87],[45.62,40.86],[45.62,40.84],[45.62,40.83],[45.61,40.81],[45.6,40.8],[45.59,40.79],[45.58,40.78],[45.57,40.78],[45.52,40.76],[45.46,40.74],[45.44,40.74],[45.43,40.73],[45.42,40.72],[45.39,40.68],[45.39,40.67],[45.39,40.66],[45.39,40.65],[45.39,40.64],[45.41,40.61],[45.53,40.46],[45.54,40.45],[45.64,40.39],[45.66,40.38],[45.88,40.27],[45.89,40.27],[45.91,40.26],[45.92,40.27],[45.95,40.27],[45.96,40.27],[45.99,40.24],[46,40.23],[46,40.22],[46,40.21],[45.98,40.12],[45.97,40.11],[45.92,40.03],[45.91,40.02],[45.9,40.02],[45.89,40.01],[45.87,40.01],[45.85,40.02],[45.82,40.02],[45.76,40.02],[45.71,40.03],[45.68,40.03],[45.64,40.02],[45.61,40.01],[45.6,40.01],[45.6,40],[45.59,39.99],[45.59,39.98],[45.6,39.98],[45.61,39.97],[45.62,39.97],[45.7,39.96],[45.73,39.96],[45.75,39.95],[45.77,39.94],[45.78,39.94],[45.79,39.92],[45.8,39.91],[45.8,39.9],[45.81,39.88],[45.82,39.87],[45.82,39.86],[45.83,39.85],[45.84,39.83],[45.86,39.82],[45.88,39.81],[45.89,39.81],[45.91,39.8],[45.93,39.79],[45.96,39.78],[45.98,39.78],[46,39.77],[46.01,39.77],[46.02,39.76],[46.03,39.75],[46.04,39.72],[46.05,39.7],[46.06,39.7],[46.07,39.69],[46.19,39.61],[46.2,39.6],[46.21,39.6],[46.23,39.59],[46.24,39.59],[46.25,39.59],[46.26,39.6],[46.3,39.61],[46.31,39.62],[46.32,39.62],[46.34,39.63],[46.35,39.63],[46.36,39.63],[46.52,39.58],[46.53,39.58],[46.53,39.57],[46.54,39.56],[46.55,39.55],[46.55,39.54],[46.52,39.48],[46.51,39.47],[46.5,39.47],[46.49,39.47],[46.45,39.46],[46.41,39.45],[46.4,39.45],[46.39,39.44],[46.38,39.44],[46.38,39.42],[46.38,39.41],[46.39,39.4],[46.39,39.39],[46.4,39.38],[46.56,39.27],[46.58,39.25],[46.62,39.23],[46.62,39.22],[46.55,39.19],[46.54,39.19],[46.5,39.2],[46.47,39.22],[46.46,39.22],[46.45,39.22],[46.44,39.22],[46.43,39.22],[46.43,39.21],[46.42,39.21],[46.42,39.2],[46.41,39.19],[46.42,39.18],[46.42,39.17],[46.42,39.16],[46.44,39.15],[46.46,39.14],[46.48,39.14],[46.49,39.13],[46.5,39.13],[46.5,39.12],[46.52,39.08],[46.52,39.07],[46.52,39.04],[46.52,39.03],[46.51,39.02],[46.51,39.01],[46.5,38.99],[46.49,38.97],[46.49,38.96],[46.5,38.95],[46.54,38.88],[46.52,38.88],[46.45,38.89],[46.38,38.91],[46.35,38.91],[46.3,38.9],[46.27,38.88],[46.26,38.88],[46.25,38.87],[46.24,38.86],[46.2,38.84],[46.18,38.84],[46.12,38.91],[46.11,38.94],[45.97,39.17],[45.97,39.18],[45.97,39.19],[45.97,39.21],[45.98,39.22],[45.99,39.23],[46,39.24],[46.01,39.24],[46.01,39.25],[46,39.26],[45.99,39.27],[45.98,39.28],[45.86,39.35],[45.83,39.44],[45.83,39.45],[45.83,39.46],[45.82,39.55],[45.81,39.56],[45.8,39.56],[45.78,39.57],[45.76,39.58],[45.74,39.58],[45.73,39.58],[45.63,39.56],[45.61,39.55],[45.59,39.55],[45.56,39.53],[45.53,39.52],[45.51,39.51],[45.5,39.5],[45.47,39.49],[45.46,39.49],[45.33,39.53],[45.33,39.54],[45.32,39.55],[45.27,39.61],[45.08,39.77],[45.07,39.77],[45.06,39.78],[45.05,39.78],[45.04,39.78],[45.03,39.77],[45.01,39.77],[45,39.75],[44.97,39.73],[44.95,39.73],[44.93,39.72],[44.92,39.72],[44.9,39.72],[44.88,39.73],[44.86,39.73],[44.8,39.71],[44.79,39.71],[44.78,39.71],[44.75,39.73],[44.65,39.8],[44.63,39.81],[44.59,39.83],[44.56,39.88],[44.55,39.89],[44.55,39.9],[44.55,39.91],[44.49,39.96],[44.4,40],[44.36,40.02],[44.35,40.02],[44.28,40.05],[44.05,40.01],[44.04,40.01],[44.03,40.01],[43.97,40.01],[43.93,40.01],[43.91,40.02],[43.67,40.1],[43.66,40.11],[43.65,40.12],[43.65,40.13],[43.66,40.14],[43.67,40.15],[43.68,40.15],[43.71,40.15],[43.72,40.16],[43.72,40.17],[43.66,40.27],[43.61,40.37],[43.58,40.45],[43.59,40.5],[43.65,40.53],[43.72,40.62],[43.74,40.67],[43.75,40.74],[43.75,40.75],[43.74,40.77],[43.67,40.92],[43.67,40.93],[43.61,40.99],[43.6,40.99],[43.59,41],[43.58,41],[43.57,41],[43.56,41],[43.55,41],[43.49,41.02],[43.48,41.02],[43.48,41.03],[43.45,41.09],[43.45,41.1],[43.46,41.11],[43.55,41.13],[43.56,41.14],[43.58,41.13],[43.6,41.13],[43.64,41.12],[43.73,41.11],[43.75,41.11],[43.76,41.11],[43.78,41.12],[43.8,41.12],[43.81,41.12],[43.83,41.14],[43.84,41.15],[43.85,41.16],[43.86,41.16],[43.88,41.16],[43.9,41.17],[43.99,41.16],[44.12,41.18],[44.15,41.19],[44.16,41.19],[44.17,41.2],[44.18,41.2],[44.25,41.22],[44.34,41.21],[44.43,41.19],[44.48,41.19],[44.56,41.19],[44.57,41.19],[44.73,41.21],[44.83,41.21],[44.85,41.21],[44.86,41.22],[44.88,41.22],[44.98,41.27],[45.02,41.3],[45.05,41.22],[45.13,41.2],[45.14,41.2],[45.15,41.2]],[[45.01,41.03],[45.03,41.03],[45.05,41.03],[45.05,41.04],[45.06,41.05],[45.05,41.07],[45.03,41.09],[45.02,41.09],[45,41.09],[44.98,41.08],[44.98,41.06],[44.99,41.05],[45.01,41.03]],[[45.2,41],[45.2,40.99],[45.21,40.98],[45.23,40.97],[45.24,40.98],[45.24,40.99],[45.21,41],[45.2,41.01],[45.2,41]]]]}},{"type":"Feature","properties":{"FID":0,"FIPS":"BK","ISO2":"BA","ISO3":"BIH","UN":70,"NAME":"Bosnia and Herzegovina","AREA":5120,"POP2005":3915238,"REGION":150,"SUBREGION":39,"LON":17.786,"LAT":44.169},"geometry":{"type":"Polygon","coordinates":[[[17.65,42.89],[17.58,42.94],[17.67,42.96],[17.68,42.96],[17.68,42.97],[17.69,42.98],[17.68,42.99],[17.67,43.02],[17.66,43.03],[17.66,43.04],[17.65,43.05],[17.64,43.06],[17.63,43.08],[17.59,43.1],[17.57,43.11],[17.56,43.12],[17.43,43.18],[17.31,43.27],[17.3,43.28],[17.29,43.3],[17.29,43.31],[17.28,43.33],[17.26,43.41],[17.26,43.42],[17.26,43.43],[17.27,43.44],[17.27,43.45],[17.26,43.46],[17.25,43.47],[17.22,43.48],[17.16,43.5],[17.11,43.51],[17.1,43.51],[17.07,43.53],[17.06,43.53],[17.05,43.54],[16.98,43.59],[16.96,43.6],[16.94,43.62],[16.83,43.73],[16.71,43.83],[16.71,43.84],[16.7,43.85],[16.7,43.86],[16.65,43.91],[16.64,43.92],[16.54,44.01],[16.53,44.02],[16.52,44.02],[16.5,44.02],[16.46,44.03],[16.44,44.03],[16.43,44.04],[16.42,44.04],[16.36,44.08],[16.34,44.09],[16.33,44.1],[16.32,44.12],[16.32,44.14],[16.31,44.15],[16.3,44.16],[16.28,44.18],[16.27,44.19],[16.25,44.2],[16.24,44.2],[16.21,44.2],[16.2,44.2],[16.17,44.19],[16.16,44.19],[16.15,44.19],[16.15,44.2],[16.14,44.2],[16.19,44.31],[16.2,44.35],[16.13,44.49],[16.13,44.5],[16.12,44.51],[16.11,44.51],[16.07,44.53],[16.03,44.57],[16.01,44.62],[15.96,44.69],[15.96,44.7],[15.94,44.71],[15.93,44.71],[15.88,44.71],[15.86,44.71],[15.77,44.78],[15.76,44.78],[15.74,44.8],[15.74,44.81],[15.74,44.82],[15.74,44.83],[15.77,44.92],[15.77,45.06],[15.77,45.07],[15.77,45.08],[15.78,45.16],[15.79,45.17],[15.79,45.18],[15.8,45.19],[15.81,45.2],[15.82,45.2],[15.83,45.21],[15.88,45.22],[15.93,45.23],[15.94,45.23],[16.02,45.22],[16.04,45.21],[16.11,45.13],[16.12,45.12],[16.2,45.04],[16.21,45.03],[16.22,45.03],[16.25,45.02],[16.26,45.01],[16.29,45],[16.34,45],[16.35,45],[16.36,45.01],[16.36,45.02],[16.37,45.04],[16.42,45.12],[16.48,45.19],[16.5,45.21],[16.51,45.22],[16.53,45.22],[16.53,45.23],[16.54,45.23],[16.59,45.23],[16.6,45.23],[16.63,45.22],[16.66,45.21],[16.68,45.2],[16.81,45.19],[16.82,45.19],[16.84,45.19],[16.85,45.19],[16.85,45.2],[16.91,45.27],[17.04,45.23],[17.04,45.21],[17.05,45.2],[17.07,45.19],[17.18,45.15],[17.19,45.15],[17.23,45.15],[17.24,45.15],[17.25,45.15],[17.28,45.18],[17.48,45.13],[17.48,45.12],[17.48,45.11],[17.49,45.11],[17.52,45.11],[17.6,45.11],[17.69,45.12],[17.76,45.09],[17.83,45.06],[17.85,45.05],[17.86,45.05],[17.87,45.05],[17.91,45.07],[17.93,45.08],[18.07,45.1],[18.11,45.09],[18.12,45.08],[18.13,45.08],[18.17,45.08],[18.18,45.08],[18.2,45.08],[18.21,45.09],[18.22,45.09],[18.22,45.1],[18.21,45.11],[18.21,45.12],[18.22,45.13],[18.23,45.14],[18.25,45.14],[18.27,45.14],[18.42,45.11],[18.63,45.08],[18.79,45],[18.8,44.99],[18.8,44.95],[18.8,44.94],[18.79,44.94],[18.78,44.94],[18.77,44.94],[18.76,44.95],[18.76,44.94],[18.77,44.92],[18.79,44.9],[18.83,44.87],[18.84,44.86],[18.85,44.86],[18.86,44.86],[18.96,44.85],[18.97,44.85],[19.03,44.86],[19.04,44.86],[19.12,44.9],[19.17,44.92],[19.18,44.92],[19.19,44.92],[19.3,44.91],[19.31,44.91],[19.37,44.89],[19.38,44.87],[19.38,44.86],[19.35,44.77],[19.34,44.77],[19.34,44.75],[19.31,44.7],[19.19,44.56],[19.14,44.52],[19.13,44.52],[19.12,44.52],[19.11,44.38],[19.1,44.36],[19.13,44.32],[19.13,44.31],[19.16,44.29],[19.17,44.28],[19.23,44.27],[19.24,44.27],[19.36,44.21],[19.49,44.12],[19.6,44.06],[19.62,44.05],[19.62,44.02],[19.53,43.96],[19.52,43.96],[19.51,43.96],[19.48,43.96],[19.43,43.96],[19.37,43.97],[19.36,43.97],[19.36,43.98],[19.35,43.98],[19.31,44],[19.24,44.01],[19.24,44],[19.25,43.96],[19.37,43.86],[19.44,43.8],[19.48,43.77],[19.49,43.76],[19.49,43.75],[19.5,43.74],[19.5,43.73],[19.51,43.72],[19.51,43.7],[19.51,43.69],[19.51,43.68],[19.49,43.59],[19.48,43.57],[19.41,43.58],[19.29,43.54],[19.23,43.51],[19.22,43.52],[19.21,43.52],[19.01,43.56],[18.95,43.51],[18.95,43.5],[18.96,43.46],[18.96,43.45],[18.98,43.45],[18.99,43.45],[19,43.45],[19.01,43.45],[19.02,43.44],[19.03,43.43],[19.09,43.31],[19.09,43.3],[19.08,43.26],[19.07,43.25],[19.07,43.24],[19.05,43.23],[19.02,43.24],[18.96,43.29],[18.95,43.29],[18.95,43.3],[18.95,43.31],[18.96,43.32],[18.96,43.33],[18.92,43.36],[18.91,43.36],[18.89,43.36],[18.87,43.35],[18.84,43.35],[18.71,43.26],[18.7,43.26],[18.7,43.25],[18.65,43.15],[18.64,43.14],[18.64,43.13],[18.65,43.12],[18.66,43.09],[18.66,43.08],[18.66,43.07],[18.65,43.05],[18.65,43.04],[18.64,43.04],[18.63,43.03],[18.58,43.03],[18.55,43.02],[18.54,43.02],[18.52,43.01],[18.51,43],[18.5,42.99],[18.48,42.97],[18.48,42.96],[18.45,42.83],[18.46,42.83],[18.46,42.82],[18.49,42.77],[18.52,42.73],[18.53,42.72],[18.54,42.72],[18.55,42.72],[18.56,42.72],[18.56,42.71],[18.58,42.66],[18.57,42.64],[18.57,42.63],[18.55,42.62],[18.54,42.61],[18.46,42.57],[18.41,42.61],[18.4,42.61],[18.36,42.63],[18.35,42.63],[18.34,42.63],[18.31,42.62],[18.3,42.62],[18.29,42.61],[18.28,42.62],[18.27,42.62],[18.23,42.64],[18.22,42.65],[18.16,42.7],[18,42.76],[17.98,42.77],[17.96,42.78],[17.88,42.82],[17.85,42.86],[17.84,42.86],[17.84,42.87],[17.8,42.9],[17.74,42.92],[17.71,42.93],[17.7,42.93],[17.69,42.92],[17.68,42.92],[17.65,42.89]]]}},{"type":"Feature","properties":{"FID":0,"FIPS":"BU","ISO2":"BG","ISO3":"BGR","UN":100,"NAME":"Bulgaria","AREA":11063,"POP2005":7744591,"REGION":150,"SUBREGION":151,"LON":25.231,"LAT":42.761},"geometry":{"type":"Polygon","coordinates":[[[27.88,42.84],[27.89,42.8],[27.9,42.78],[27.9,42.77],[27.9,42.71],[27.9,42.7],[27.89,42.7],[27.81,42.71],[27.78,42.71],[27.77,42.71],[27.74,42.71],[27.73,42.71],[27.63,42.63],[27.52,42.56],[27.51,42.55],[27.5,42.54],[27.45,42.48],[27.45,42.47],[27.45,42.46],[27.46,42.45],[27.51,42.43],[27.53,42.45],[27.55,42.45],[27.62,42.45],[27.68,42.42],[27.7,42.4],[27.7,42.39],[27.7,42.37],[27.75,42.26],[27.76,42.25],[27.78,42.23],[27.86,42.16],[27.9,42.13],[27.94,42.1],[27.97,42.07],[28,42.04],[28,42.03],[28.02,42],[28.02,41.99],[28.01,41.98],[27.97,41.98],[27.9,41.99],[27.87,42.01],[27.86,42.01],[27.84,42],[27.83,42],[27.71,41.98],[27.64,41.96],[27.63,41.95],[27.6,41.94],[27.58,41.91],[27.57,41.91],[27.56,41.91],[27.44,41.98],[27.41,41.99],[27.41,42],[27.39,42.01],[27.37,42.04],[27.37,42.06],[27.36,42.06],[27.31,42.09],[27.3,42.09],[27.29,42.1],[27.28,42.1],[27.23,42.11],[27.07,42.09],[27.04,42.09],[27.03,42.08],[26.96,42],[26.94,42.01],[26.93,42.01],[26.62,41.97],[26.57,41.94],[26.56,41.93],[26.57,41.9],[26.57,41.87],[26.56,41.85],[26.55,41.83],[26.54,41.83],[26.53,41.83],[26.48,41.82],[26.47,41.82],[26.45,41.83],[26.39,41.82],[26.38,41.82],[26.35,41.79],[26.34,41.77],[26.33,41.75],[26.33,41.74],[26.34,41.73],[26.35,41.72],[26.36,41.71],[26.31,41.71],[26.29,41.71],[26.28,41.71],[26.27,41.72],[26.24,41.74],[26.23,41.74],[26.22,41.74],[26.18,41.75],[26.17,41.75],[26.16,41.75],[26.14,41.74],[26.08,41.72],[26.07,41.71],[26.07,41.7],[26.07,41.69],[26.07,41.66],[26.1,41.63],[26.12,41.63],[26.13,41.63],[26.14,41.63],[26.18,41.54],[26.2,41.44],[26.14,41.35],[25.99,41.32],[25.98,41.32],[25.91,41.31],[25.89,41.31],[25.88,41.31],[25.81,41.34],[25.65,41.32],[25.57,41.32],[25.56,41.32],[25.55,41.31],[25.5,41.29],[25.34,41.25],[25.29,41.24],[25.28,41.24],[25.24,41.25],[25.19,41.3],[25.16,41.32],[25.06,41.36],[25.04,41.37],[24.9,41.41],[24.82,41.41],[24.82,41.4],[24.81,41.38],[24.81,41.35],[24.77,41.37],[24.61,41.43],[24.6,41.44],[24.57,41.49],[24.56,41.5],[24.47,41.55],[24.31,41.55],[24.3,41.55],[24.27,41.57],[24.26,41.57],[24.25,41.57],[24.21,41.55],[24.2,41.54],[24.16,41.54],[24.1,41.55],[24.09,41.55],[24.08,41.54],[24.07,41.52],[24.06,41.52],[24.07,41.48],[23.98,41.44],[23.97,41.44],[23.89,41.45],[23.8,41.44],[23.74,41.41],[23.64,41.38],[23.63,41.38],[23.6,41.38],[23.55,41.39],[23.54,41.4],[23.44,41.41],[23.3,41.41],[23.29,41.41],[23.27,41.4],[23.23,41.38],[23.23,41.37],[23.23,41.35],[23.21,41.34],[23.2,41.33],[23.19,41.33],[23.18,41.32],[23.12,41.32],[23.09,41.32],[22.98,41.34],[22.94,41.34],[22.96,41.35],[22.96,41.36],[22.96,41.37],[22.97,41.37],[22.96,41.48],[22.95,41.6],[22.95,41.63],[22.96,41.64],[22.99,41.67],[23.01,41.69],[23.02,41.7],[23.03,41.72],[23.03,41.73],[23.02,41.76],[23.01,41.77],[23,41.77],[22.97,41.77],[22.96,41.78],[22.94,41.81],[22.9,41.88],[22.88,41.94],[22.83,42.03],[22.82,42.03],[22.69,42.06],[22.61,42.1],[22.52,42.15],[22.41,42.28],[22.36,42.32],[22.41,42.34],[22.46,42.36],[22.52,42.4],[22.54,42.42],[22.54,42.43],[22.56,42.48],[22.56,42.49],[22.55,42.51],[22.54,42.52],[22.52,42.53],[22.47,42.56],[22.46,42.57],[22.45,42.6],[22.44,42.81],[22.44,42.82],[22.45,42.83],[22.51,42.87],[22.52,42.88],[22.59,42.89],[22.6,42.9],[22.61,42.9],[22.66,42.88],[22.73,42.89],[22.74,42.89],[22.75,42.89],[22.97,43.1],[22.99,43.13],[22.99,43.14],[23,43.19],[22.94,43.21],[22.91,43.23],[22.9,43.23],[22.85,43.28],[22.85,43.29],[22.84,43.29],[22.84,43.33],[22.83,43.33],[22.82,43.34],[22.77,43.39],[22.76,43.39],[22.72,43.4],[22.67,43.42],[22.63,43.43],[22.55,43.47],[22.54,43.47],[22.54,43.48],[22.41,43.71],[22.41,43.73],[22.37,43.83],[22.42,44.01],[22.54,44.06],[22.55,44.06],[22.61,44.12],[22.62,44.17],[22.65,44.21],[22.68,44.23],[22.69,44.22],[22.7,44.21],[22.91,44.11],[22.92,44.11],[22.95,44.1],[23,44.1],[23.02,44.09],[23.04,44.08],[23.05,44.07],[23.04,44.06],[23.03,44.05],[23,44.02],[23,44.01],[22.99,44.01],[22.98,44.01],[22.96,44.01],[22.92,44],[22.91,44],[22.89,43.99],[22.88,43.98],[22.84,43.91],[22.84,43.89],[22.85,43.87],[22.86,43.85],[22.88,43.84],[22.89,43.84],[22.97,43.82],[23.06,43.8],[23.07,43.8],[23.14,43.81],[23.15,43.81],[23.16,43.82],[23.2,43.83],[23.22,43.84],[23.25,43.85],[23.27,43.85],[23.28,43.85],[23.42,43.86],[23.43,43.85],[23.45,43.85],[23.51,43.84],[23.52,43.84],[23.53,43.83],[23.54,43.82],[23.57,43.81],[23.6,43.8],[23.61,43.8],[23.63,43.8],[23.77,43.79],[23.99,43.74],[24.07,43.72],[24.12,43.7],[24.16,43.69],[24.18,43.69],[24.19,43.68],[24.2,43.69],[24.22,43.69],[24.26,43.69],[24.29,43.7],[24.31,43.7],[24.32,43.7],[24.34,43.69],[24.35,43.7],[24.36,43.7],[24.41,43.72],[24.44,43.74],[24.46,43.74],[24.5,43.76],[24.51,43.76],[24.53,43.76],[24.56,43.76],[24.6,43.75],[24.61,43.75],[24.69,43.72],[24.71,43.72],[24.72,43.71],[24.79,43.71],[24.88,43.71],[25.02,43.71],[25.23,43.69],[25.26,43.68],[25.27,43.67],[25.31,43.65],[25.34,43.64],[25.35,43.63],[25.36,43.63],[25.38,43.62],[25.4,43.62],[25.42,43.63],[25.43,43.63],[25.44,43.63],[25.46,43.64],[25.53,43.64],[25.61,43.66],[25.68,43.69],[25.73,43.69],[25.74,43.7],[25.76,43.7],[25.77,43.71],[25.79,43.71],[25.88,43.78],[25.88,43.79],[25.89,43.8],[25.94,43.84],[25.95,43.85],[26.09,43.95],[26.11,43.97],[26.13,43.98],[26.14,43.99],[26.3,44.03],[26.38,44.04],[26.39,44.04],[26.41,44.04],[26.44,44.04],[26.48,44.05],[26.67,44.07],[26.8,44.09],[26.84,44.12],[26.89,44.13],[26.91,44.14],[27.04,44.15],[27.11,44.14],[27.17,44.13],[27.19,44.12],[27.2,44.12],[27.22,44.12],[27.24,44.12],[27.25,44.13],[27.27,44.13],[27.28,44.11],[27.28,44.1],[27.29,44.09],[27.3,44.08],[27.4,44.02],[27.42,44.02],[27.48,44.02],[27.61,44.02],[27.62,44.02],[27.63,44.03],[27.64,44.04],[27.65,44.04],[27.66,44.04],[27.67,44.03],[27.68,44.03],[27.68,44.02],[27.7,43.99],[27.71,43.98],[27.71,43.97],[27.72,43.97],[27.73,43.96],[27.74,43.96],[27.75,43.96],[27.81,43.96],[27.82,43.97],[27.83,43.97],[27.85,43.98],[27.87,43.98],[27.91,44],[27.92,44.01],[27.93,44],[27.95,43.99],[27.95,43.98],[27.95,43.97],[27.96,43.96],[27.96,43.95],[27.96,43.94],[27.99,43.87],[28,43.86],[28,43.85],[28.03,43.84],[28.05,43.83],[28.13,43.8],[28.18,43.78],[28.24,43.77],[28.26,43.76],[28.4,43.75],[28.48,43.74],[28.58,43.75],[28.58,43.73],[28.57,43.69],[28.57,43.6],[28.58,43.59],[28.59,43.58],[28.59,43.57],[28.6,43.57],[28.6,43.56],[28.61,43.55],[28.61,43.54],[28.61,43.53],[28.6,43.52],[28.6,43.51],[28.59,43.5],[28.56,43.46],[28.55,43.45],[28.54,43.44],[28.53,43.43],[28.48,43.39],[28.45,43.38],[28.43,43.39],[28.41,43.4],[28.39,43.41],[28.38,43.41],[28.34,43.42],[28.33,43.42],[28.3,43.42],[28.15,43.41],[28.15,43.4],[28.13,43.4],[28.12,43.39],[28.09,43.37],[28.09,43.36],[28.08,43.35],[28.07,43.32],[28.05,43.28],[28.02,43.23],[27.95,43.17],[27.89,43.04],[27.89,43.03],[27.89,43.01],[27.9,42.92],[27.9,42.9],[27.9,42.89],[27.9,42.86],[27.88,42.84]]]}},{"type":"Feature","properties":{"FID":0,"FIPS":"CY","ISO2":"CY","ISO3":"CYP","UN":196,"NAME":"Cyprus","AREA":924,"POP2005":836321,"REGION":142,"SUBREGION":145,"LON":33.219,"LAT":35.043},"geometry":{"type":"Polygon","coordinates":[[[33.65,35.35],[33.71,35.38],[33.75,35.4],[33.76,35.4],[33.77,35.4],[33.81,35.4],[33.85,35.4],[33.87,35.41],[33.97,35.44],[34.29,35.57],[34.31,35.58],[34.34,35.59],[34.34,35.6],[34.35,35.61],[34.36,35.61],[34.39,35.62],[34.55,35.68],[34.56,35.68],[34.58,35.69],[34.59,35.69],[34.57,35.64],[34.39,35.53],[34.28,35.48],[34.26,35.47],[34.23,35.46],[34.12,35.4],[33.96,35.31],[33.95,35.31],[33.94,35.3],[33.92,35.27],[33.91,35.25],[33.91,35.24],[33.9,35.22],[33.9,35.2],[33.9,35.16],[33.97,35.09],[34.03,35.05],[34.04,35.04],[34.05,35.02],[34.07,35],[34.08,34.99],[34.09,34.96],[34.08,34.96],[34.07,34.96],[34.06,34.96],[34.03,34.97],[34.03,34.98],[34.02,34.98],[33.98,34.98],[33.96,34.98],[33.93,34.97],[33.91,34.97],[33.9,34.96],[33.88,34.95],[33.88,34.94],[33.87,34.94],[33.86,34.94],[33.85,34.94],[33.84,34.95],[33.83,34.96],[33.81,34.97],[33.79,34.97],[33.76,34.97],[33.71,34.97],[33.7,34.97],[33.69,34.97],[33.68,34.97],[33.67,34.96],[33.66,34.96],[33.65,34.94],[33.64,34.92],[33.64,34.91],[33.64,34.9],[33.63,34.87],[33.64,34.87],[33.64,34.86],[33.61,34.82],[33.6,34.82],[33.52,34.78],[33.37,34.73],[33.33,34.72],[33.32,34.72],[33.27,34.71],[33.22,34.7],[33.15,34.7],[33.13,34.7],[33.12,34.7],[33.1,34.7],[33.07,34.68],[33.06,34.68],[33.03,34.66],[33.01,34.63],[33.01,34.6],[33.03,34.56],[32.98,34.57],[32.94,34.56],[32.94,34.59],[32.92,34.63],[32.9,34.65],[32.86,34.67],[32.83,34.67],[32.77,34.66],[32.76,34.66],[32.75,34.65],[32.74,34.65],[32.71,34.64],[32.7,34.64],[32.66,34.65],[32.64,34.66],[32.49,34.7],[32.47,34.71],[32.41,34.75],[32.4,34.75],[32.34,34.86],[32.34,34.87],[32.32,34.91],[32.28,35.04],[32.27,35.04],[32.27,35.06],[32.27,35.07],[32.27,35.08],[32.27,35.09],[32.28,35.1],[32.29,35.1],[32.3,35.09],[32.3,35.08],[32.31,35.08],[32.33,35.07],[32.34,35.05],[32.35,35.05],[32.37,35.04],[32.38,35.04],[32.4,35.04],[32.42,35.04],[32.43,35.05],[32.44,35.05],[32.46,35.06],[32.49,35.09],[32.5,35.1],[32.5,35.11],[32.52,35.14],[32.55,35.17],[32.57,35.17],[32.62,35.18],[32.65,35.19],[32.66,35.19],[32.72,35.18],[32.77,35.16],[32.81,35.15],[32.82,35.14],[32.83,35.14],[32.84,35.14],[32.86,35.15],[32.88,35.16],[32.9,35.17],[32.91,35.18],[32.91,35.19],[32.92,35.2],[32.93,35.26],[32.94,35.33],[32.92,35.36],[32.92,35.39],[32.94,35.39],[33,35.37],[33.27,35.34],[33.35,35.33],[33.37,35.33],[33.38,35.33],[33.43,35.33],[33.47,35.33],[33.48,35.33],[33.63,35.35],[33.65,35.35]]]}},{"type":"Feature","properties":{"FID":0,"FIPS":"DA","ISO2":"DK","ISO3":"DNK","UN":208,"NAME":"Denmark","AREA":4243,"POP2005":5416945,"REGION":150,"SUBREGION":154,"LON":9.264,"LAT":56.058},"geometry":{"type":"MultiPolygon","coordinates":[[[[11.51,54.83],[11.56,54.82],[11.64,54.88],[11.64,54.9],[11.64,54.91],[11.65,54.91],[11.66,54.9],[11.71,54.88],[11.73,54.85],[11.85,54.77],[11.86,54.75],[11.86,54.74],[11.86,54.69],[11.86,54.68],[11.84,54.67],[11.83,54.66],[11.79,54.64],[11.78,54.64],[11.74,54.65],[11.72,54.65],[11.69,54.66],[11.64,54.66],[11.59,54.66],[11.58,54.66],[11.52,54.64],[11.47,54.62],[11.46,54.62],[11.45,54.62],[11.38,54.65],[11.35,54.66],[11.31,54.68],[11.28,54.7],[11.26,54.71],[11.25,54.71],[11.19,54.73],[11.14,54.74],[11.13,54.74],[11.1,54.74],[11.03,54.76],[11.02,54.76],[10.99,54.78],[10.99,54.79],[11.03,54.81],[11.01,54.89],[11.01,54.9],[11.03,54.91],[11.04,54.92],[11.06,54.94],[11.07,54.94],[11.12,54.95],[11.14,54.95],[11.16,54.96],[11.19,54.96],[11.24,54.96],[11.28,54.95],[11.29,54.94],[11.33,54.92],[11.34,54.92],[11.34,54.91],[11.35,54.9],[11.35,54.89],[11.36,54.88],[11.39,54.87],[11.41,54.86],[11.51,54.83]]],[[[12.04,54.89],[12.06,54.89],[12.08,54.89],[12.09,54.89],[12.1,54.89],[12.11,54.89],[12.12,54.88],[12.14,54.87],[12.17,54.84],[12.17,54.83],[12.16,54.83],[12.12,54.81],[12.11,54.8],[12.09,54.79],[12.08,54.79],[12.07,54.79],[12.05,54.77],[11.98,54.71],[11.97,54.7],[11.96,54.69],[11.96,54.68],[11.96,54.66],[11.96,54.65],[11.96,54.63],[11.97,54.61],[11.97,54.59],[11.98,54.58],[11.98,54.57],[11.97,54.56],[11.96,54.56],[11.95,54.57],[11.93,54.57],[11.92,54.58],[11.87,54.65],[11.87,54.67],[11.88,54.69],[11.89,54.7],[11.9,54.72],[11.86,54.77],[11.8,54.84],[11.79,54.84],[11.78,54.85],[11.76,54.85],[11.75,54.86],[11.71,54.94],[11.73,54.95],[11.74,54.96],[11.75,54.96],[11.77,54.96],[11.85,54.96],[11.85,54.95],[11.87,54.95],[12,54.9],[12.02,54.9],[12.04,54.89]]],[[[10.43,54.84],[10.41,54.82],[10.4,54.82],[10.25,54.9],[10.24,54.91],[10.19,54.96],[10.19,54.97],[10.18,54.97],[10.19,54.98],[10.29,54.94],[10.31,54.93],[10.44,54.86],[10.43,54.84]]],[[[12.56,54.96],[12.55,54.95],[12.54,54.95],[12.52,54.94],[12.5,54.95],[12.47,54.96],[12.46,54.96],[12.4,54.96],[12.38,54.96],[12.36,54.96],[12.34,54.96],[12.31,54.95],[12.26,54.92],[12.18,54.88],[12.16,54.88],[12.15,54.89],[12.12,54.9],[12.13,54.95],[12.14,54.96],[12.18,54.98],[12.31,55.03],[12.39,55.03],[12.45,55.03],[12.51,55.02],[12.53,55.01],[12.54,55],[12.55,54.97],[12.56,54.96]]],[[[10.62,54.95],[10.56,54.95],[10.55,54.95],[10.52,54.98],[10.51,54.98],[10.5,55],[10.5,55.01],[10.51,55.01],[10.62,55.04],[10.63,55.04],[10.67,54.99],[10.68,54.99],[10.68,54.98],[10.67,54.98],[10.67,54.97],[10.62,54.95]]],[[[9.79,55.08],[9.97,55.01],[10,54.98],[10.01,54.98],[10.04,54.94],[10.07,54.9],[10.07,54.89],[10.07,54.88],[10.07,54.87],[9.99,54.86],[9.98,54.86],[9.96,54.86],[9.94,54.86],[9.93,54.86],[9.9,54.87],[9.8,54.9],[9.79,54.91],[9.78,54.91],[9.78,54.92],[9.77,54.93],[9.76,54.96],[9.76,54.98],[9.77,54.98],[9.78,54.97],[9.82,54.95],[9.83,54.94],[9.84,54.94],[9.84,54.95],[9.84,54.97],[9.84,54.98],[9.8,55.01],[9.79,55.02],[9.78,55.02],[9.74,55.01],[9.72,55.01],[9.7,55.01],[9.68,55.02],[9.63,55.05],[9.64,55.06],[9.66,55.07],[9.71,55.08],[9.72,55.08],[9.75,55.08],[9.77,55.08],[9.79,55.08]]],[[[10.76,54.78],[10.71,54.73],[10.7,54.73],[10.69,54.74],[10.68,54.75],[10.66,54.8],[10.65,54.84],[10.68,54.91],[10.69,54.92],[10.74,54.96],[10.77,54.98],[10.79,54.98],[10.8,54.99],[10.85,55.05],[10.89,55.1],[10.89,55.11],[10.91,55.14],[10.93,55.16],[10.94,55.16],[10.95,55.16],[10.96,55.16],[10.96,55.15],[10.96,55.14],[10.94,55.09],[10.93,55.08],[10.91,55.03],[10.9,55],[10.89,54.99],[10.88,54.98],[10.86,54.97],[10.84,54.94],[10.79,54.84],[10.76,54.78]]],[[[15.05,54.99],[15.04,54.99],[14.94,55.01],[14.88,55.03],[14.75,55.06],[14.73,55.07],[14.68,55.1],[14.7,55.22],[14.74,55.29],[14.75,55.3],[14.76,55.3],[14.76,55.31],[14.77,55.31],[14.8,55.28],[14.81,55.28],[14.81,55.27],[14.82,55.26],[14.84,55.25],[14.89,55.23],[15,55.19],[15.06,55.16],[15.07,55.16],[15.09,55.16],[15.12,55.15],[15.13,55.14],[15.14,55.14],[15.15,55.13],[15.15,55.09],[15.15,55.08],[15.11,55.03],[15.1,55.02],[15.08,55],[15.06,55],[15.05,54.99]]],[[[8.46,55.33],[8.45,55.33],[8.44,55.34],[8.43,55.35],[8.4,55.38],[8.39,55.4],[8.36,55.45],[8.36,55.46],[8.37,55.46],[8.38,55.47],[8.39,55.47],[8.4,55.47],[8.46,55.43],[8.46,55.42],[8.47,55.34],[8.46,55.33]]],[[[10.74,55.48],[10.79,55.36],[10.83,55.31],[10.84,55.29],[10.83,55.29],[10.82,55.2],[10.81,55.19],[10.79,55.13],[10.78,55.12],[10.74,55.07],[10.73,55.06],[10.67,55.06],[10.63,55.06],[10.62,55.06],[10.6,55.06],[10.58,55.05],[10.53,55.03],[10.52,55.03],[10.5,55.03],[10.15,55.08],[10.13,55.12],[10.15,55.12],[10.15,55.13],[10.15,55.14],[10.12,55.18],[10.11,55.19],[10.1,55.19],[10.01,55.19],[9.9,55.28],[9.9,55.29],[9.89,55.34],[9.81,55.44],[9.77,55.47],[9.73,55.47],[9.69,55.49],[9.68,55.49],[9.68,55.5],[9.75,55.54],[9.81,55.55],[9.82,55.55],[9.83,55.55],[9.84,55.54],[9.84,55.53],[9.84,55.52],[9.86,55.51],[9.87,55.51],[9.88,55.51],[9.89,55.51],[9.9,55.51],[9.92,55.51],[9.94,55.52],[10,55.54],[10.07,55.56],[10.13,55.57],[10.15,55.57],[10.16,55.58],[10.18,55.58],[10.21,55.6],[10.29,55.62],[10.3,55.62],[10.31,55.62],[10.33,55.61],[10.4,55.59],[10.41,55.59],[10.48,55.53],[10.47,55.52],[10.45,55.48],[10.43,55.47],[10.42,55.46],[10.42,55.45],[10.42,55.44],[10.43,55.44],[10.44,55.44],[10.47,55.44],[10.48,55.44],[10.6,55.48],[10.61,55.49],[10.61,55.52],[10.62,55.56],[10.61,55.59],[10.61,55.6],[10.6,55.61],[10.61,55.62],[10.62,55.62],[10.63,55.62],[10.63,55.61],[10.66,55.59],[10.74,55.5],[10.75,55.49],[10.74,55.48]]],[[[12.58,55.55],[12.57,55.55],[12.56,55.55],[12.55,55.55],[12.55,55.56],[12.53,55.57],[12.52,55.58],[12.51,55.61],[12.52,55.62],[12.55,55.64],[12.56,55.64],[12.58,55.67],[12.59,55.68],[12.61,55.7],[12.62,55.69],[12.65,55.64],[12.67,55.62],[12.68,55.6],[12.68,55.59],[12.58,55.55]]],[[[10.63,55.87],[10.64,55.86],[10.65,55.86],[10.66,55.87],[10.67,55.88],[10.67,55.89],[10.67,55.88],[10.67,55.87],[10.61,55.76],[10.6,55.76],[10.59,55.76],[10.54,55.76],[10.53,55.76],[10.53,55.77],[10.51,55.8],[10.51,55.81],[10.52,55.97],[10.52,55.98],[10.54,55.99],[10.55,56],[10.56,56],[10.56,55.99],[10.56,55.98],[10.56,55.97],[10.56,55.95],[10.62,55.87],[10.63,55.87]]],[[[12.57,55.99],[12.53,55.95],[12.53,55.94],[12.52,55.93],[12.52,55.92],[12.52,55.91],[12.56,55.87],[12.57,55.86],[12.57,55.85],[12.58,55.85],[12.6,55.8],[12.6,55.79],[12.6,55.77],[12.6,55.75],[12.58,55.73],[12.6,55.71],[12.6,55.7],[12.56,55.67],[12.55,55.66],[12.54,55.65],[12.52,55.64],[12.5,55.63],[12.5,55.61],[12.5,55.6],[12.49,55.6],[12.45,55.6],[12.44,55.61],[12.43,55.62],[12.42,55.62],[12.4,55.62],[12.39,55.61],[12.38,55.61],[12.34,55.59],[12.27,55.56],[12.25,55.55],[12.24,55.54],[12.21,55.5],[12.2,55.49],[12.19,55.48],[12.19,55.47],[12.19,55.46],[12.2,55.45],[12.21,55.44],[12.22,55.43],[12.23,55.42],[12.3,55.4],[12.34,55.4],[12.36,55.4],[12.38,55.4],[12.4,55.38],[12.43,55.36],[12.44,55.36],[12.44,55.35],[12.45,55.34],[12.45,55.33],[12.46,55.29],[12.45,55.28],[12.44,55.27],[12.43,55.26],[12.41,55.26],[12.33,55.23],[12.32,55.23],[12.29,55.23],[12.27,55.23],[12.24,55.24],[12.2,55.23],[12.18,55.22],[12.04,55.17],[12.03,55.17],[12.02,55.16],[12.01,55.16],[12.01,55.15],[12.02,55.15],[12.06,55.13],[12.07,55.13],[12.09,55.13],[12.1,55.13],[12.12,55.13],[12.13,55.13],[12.15,55.13],[12.17,55.12],[12.18,55.12],[12.18,55.11],[12.17,55.01],[12.17,55],[12.16,54.99],[12.07,54.97],[12.04,54.97],[12.01,54.97],[11.99,54.97],[11.98,54.98],[11.95,55],[11.94,55],[11.91,55.01],[11.91,55],[11.9,54.99],[11.9,54.98],[11.86,55.01],[11.84,55.02],[11.73,55.06],[11.78,55.13],[11.8,55.16],[11.74,55.2],[11.73,55.2],[11.72,55.21],[11.7,55.21],[11.68,55.2],[11.66,55.19],[11.61,55.19],[11.55,55.19],[11.54,55.19],[11.52,55.2],[11.45,55.21],[11.43,55.22],[11.42,55.22],[11.4,55.21],[11.35,55.2],[11.32,55.19],[11.31,55.19],[11.27,55.19],[11.26,55.19],[11.25,55.2],[11.24,55.2],[11.19,55.34],[11.22,55.39],[11.22,55.4],[11.2,55.45],[11.15,55.57],[11.14,55.58],[11.09,55.66],[11.08,55.67],[11.07,55.67],[10.99,55.69],[10.88,55.73],[10.87,55.73],[10.88,55.74],[10.89,55.74],[10.9,55.74],[10.94,55.74],[10.95,55.74],[11.13,55.72],[11.14,55.71],[11.15,55.71],[11.17,55.7],[11.19,55.7],[11.2,55.7],[11.21,55.7],[11.34,55.75],[11.49,55.84],[11.5,55.85],[11.5,55.86],[11.51,55.87],[11.51,55.88],[11.52,55.89],[11.52,55.9],[11.51,55.91],[11.51,55.92],[11.49,55.93],[11.48,55.94],[11.47,55.94],[11.45,55.94],[11.38,55.95],[11.36,55.95],[11.28,55.97],[11.28,55.98],[11.27,55.98],[11.27,55.99],[11.31,55.98],[11.41,55.96],[11.61,55.94],[11.66,55.94],[11.71,55.95],[11.74,55.96],[11.75,55.96],[11.76,55.97],[11.77,55.96],[11.78,55.96],[11.78,55.95],[11.74,55.92],[11.67,55.89],[11.67,55.81],[11.72,55.79],[11.73,55.8],[11.73,55.79],[11.74,55.79],[11.74,55.78],[11.77,55.76],[11.8,55.69],[11.8,55.68],[11.79,55.66],[11.82,55.67],[11.82,55.68],[11.83,55.68],[11.83,55.71],[11.84,55.76],[11.9,55.93],[11.91,55.93],[11.93,55.93],[11.94,55.92],[11.96,55.92],[11.99,55.91],[11.99,55.9],[12,55.89],[12.04,55.81],[12.04,55.79],[12.06,55.75],[12.06,55.74],[12.05,55.73],[12.05,55.72],[12.03,55.72],[12.01,55.72],[11.97,55.72],[11.94,55.68],[11.94,55.65],[12.06,55.65],[12.06,55.66],[12.09,55.7],[12.09,55.71],[12.09,55.72],[12.09,55.73],[12.09,55.74],[12.07,55.77],[12.04,55.92],[12.02,55.96],[12.01,55.96],[11.98,55.96],[11.93,55.95],[11.89,55.94],[11.88,55.94],[11.87,55.94],[11.85,55.94],[11.85,55.95],[11.85,55.96],[11.86,55.97],[11.87,55.97],[11.92,55.99],[12.17,56.1],[12.2,56.11],[12.28,56.13],[12.29,56.13],[12.3,56.13],[12.31,56.13],[12.33,56.12],[12.51,56.09],[12.53,56.08],[12.61,56.05],[12.62,56.04],[12.62,56.03],[12.59,56.01],[12.58,56],[12.57,56],[12.57,55.99]]],[[[11.57,56.67],[11.56,56.67],[11.55,56.67],[11.5,56.7],[11.5,56.71],[11.51,56.71],[11.64,56.72],[11.65,56.72],[11.57,56.67]]],[[[8.93,56.92],[8.88,56.8],[8.83,56.74],[8.77,56.69],[8.74,56.69],[8.73,56.69],[8.65,56.67],[8.64,56.7],[8.6,56.73],[8.56,56.74],[8.55,56.74],[8.54,56.74],[8.53,56.73],[8.52,56.73],[8.51,56.73],[8.51,56.74],[8.55,56.79],[8.62,56.83],[8.65,56.89],[8.66,56.89],[8.67,56.89],[8.7,56.89],[8.73,56.89],[8.74,56.9],[8.81,56.91],[8.82,56.91],[8.83,56.91],[8.84,56.94],[8.85,56.95],[8.86,56.95],[8.87,56.96],[8.9,56.95],[8.91,56.95],[8.93,56.92]]],[[[9.97,57.07],[10.12,57.02],[10.15,57.01],[10.16,57],[10.18,56.99],[10.21,56.99],[10.22,56.98],[10.23,56.98],[10.25,56.98],[10.31,56.98],[10.29,56.96],[10.28,56.95],[10.27,56.93],[10.27,56.92],[10.27,56.9],[10.28,56.83],[10.29,56.8],[10.3,56.75],[10.24,56.72],[10.16,56.72],[10.15,56.72],[9.87,56.65],[9.89,56.64],[9.93,56.64],[10,56.66],[10.08,56.69],[10.18,56.7],[10.32,56.7],[10.34,56.7],[10.35,56.69],[10.35,56.68],[10.36,56.67],[10.36,56.66],[10.36,56.65],[10.36,56.64],[10.36,56.63],[10.34,56.62],[10.33,56.62],[10.33,56.61],[10.31,56.61],[10.29,56.6],[10.27,56.59],[10.25,56.57],[10.22,56.55],[10.21,56.54],[10.19,56.47],[10.23,56.47],[10.23,56.49],[10.22,56.51],[10.22,56.54],[10.23,56.55],[10.24,56.55],[10.31,56.58],[10.33,56.57],[10.36,56.56],[10.37,56.55],[10.41,56.53],[10.43,56.52],[10.51,56.51],[10.53,56.51],[10.59,56.51],[10.65,56.52],[10.77,56.53],[10.79,56.53],[10.84,56.52],[10.85,56.52],[10.86,56.52],[10.87,56.51],[10.96,56.45],[10.96,56.44],[10.92,56.34],[10.91,56.33],[10.74,56.16],[10.67,56.19],[10.68,56.19],[10.69,56.19],[10.69,56.21],[10.69,56.22],[10.68,56.22],[10.67,56.23],[10.65,56.23],[10.64,56.23],[10.63,56.23],[10.62,56.23],[10.61,56.22],[10.59,56.21],[10.55,56.18],[10.55,56.17],[10.55,56.16],[10.55,56.15],[10.57,56.13],[10.58,56.12],[10.57,56.11],[10.56,56.1],[10.55,56.1],[10.54,56.1],[10.52,56.1],[10.39,56.16],[10.35,56.2],[10.36,56.2],[10.43,56.22],[10.44,56.22],[10.48,56.22],[10.51,56.27],[10.5,56.27],[10.45,56.29],[10.4,56.29],[10.25,56.18],[10.23,56.17],[10.22,56.15],[10.21,56.14],[10.22,56.13],[10.23,56.13],[10.24,56.12],[10.26,56.1],[10.26,56.08],[10.28,56.02],[10.25,55.92],[10.25,55.91],[10.19,55.83],[10.18,55.83],[10.17,55.83],[10.15,55.84],[10.14,55.84],[10.14,55.85],[10.13,55.86],[10.13,55.87],[10.12,55.87],[10.11,55.88],[10.09,55.88],[10.06,55.88],[10.05,55.88],[10.01,55.88],[9.98,55.87],[9.87,55.85],[9.87,55.84],[9.88,55.84],[9.89,55.83],[9.92,55.83],[9.96,55.83],[10,55.82],[10.04,55.82],[10.05,55.81],[10.05,55.75],[9.99,55.7],[9.83,55.67],[9.81,55.67],[9.8,55.67],[9.74,55.68],[9.73,55.69],[9.72,55.69],[9.69,55.7],[9.67,55.71],[9.65,55.71],[9.64,55.71],[9.56,55.71],[9.55,55.71],[9.55,55.7],[9.56,55.7],[9.57,55.69],[9.59,55.69],[9.62,55.7],[9.64,55.69],[9.65,55.69],[9.72,55.65],[9.82,55.6],[9.7,55.53],[9.59,55.43],[9.59,55.42],[9.59,55.41],[9.6,55.4],[9.61,55.39],[9.6,55.38],[9.6,55.37],[9.66,55.29],[9.67,55.28],[9.68,55.27],[9.69,55.27],[9.71,55.27],[9.71,55.26],[9.71,55.24],[9.69,55.2],[9.68,55.19],[9.66,55.19],[9.64,55.18],[9.63,55.18],[9.62,55.19],[9.61,55.19],[9.59,55.19],[9.58,55.19],[9.56,55.19],[9.49,55.15],[9.46,55.13],[9.46,55.12],[9.51,55.05],[9.55,55.03],[9.64,55.02],[9.72,54.99],[9.73,54.99],[9.73,54.98],[9.75,54.95],[9.76,54.9],[9.77,54.89],[9.75,54.84],[9.74,54.83],[9.73,54.83],[9.63,54.85],[9.62,54.85],[9.61,54.89],[9.63,54.9],[9.64,54.9],[9.65,54.91],[9.64,54.92],[9.63,54.92],[9.61,54.93],[9.6,54.93],[9.59,54.93],[9.5,54.87],[9.46,54.84],[9.45,54.84],[9.45,54.83],[9.41,54.83],[9.39,54.84],[9.38,54.83],[9.37,54.82],[9.36,54.81],[9.34,54.81],[9.25,54.81],[9.24,54.82],[9.23,54.82],[9.23,54.83],[9.23,54.85],[9.22,54.85],[9.17,54.87],[8.94,54.91],[8.92,54.91],[8.84,54.91],[8.83,54.91],[8.79,54.91],[8.76,54.9],[8.72,54.89],[8.7,54.89],[8.69,54.9],[8.66,54.91],[8.65,54.98],[8.68,55.11],[8.56,55.1],[8.56,55.09],[8.56,55.08],[8.5,55.06],[8.49,55.06],[8.48,55.07],[8.47,55.07],[8.47,55.09],[8.46,55.12],[8.46,55.13],[8.47,55.17],[8.47,55.18],[8.48,55.18],[8.48,55.19],[8.49,55.2],[8.51,55.2],[8.56,55.19],[8.57,55.19],[8.59,55.19],[8.59,55.18],[8.57,55.17],[8.56,55.16],[8.55,55.15],[8.57,55.14],[8.59,55.14],[8.63,55.13],[8.64,55.13],[8.68,55.13],[8.69,55.14],[8.69,55.15],[8.69,55.16],[8.66,55.2],[8.66,55.26],[8.66,55.3],[8.66,55.31],[8.66,55.32],[8.66,55.33],[8.64,55.4],[8.62,55.43],[8.61,55.44],[8.6,55.44],[8.59,55.44],[8.54,55.45],[8.48,55.45],[8.47,55.45],[8.45,55.45],[8.44,55.45],[8.31,55.55],[8.26,55.49],[8.1,55.54],[8.09,55.55],[8.09,55.57],[8.12,55.59],[8.13,55.6],[8.14,55.63],[8.18,55.71],[8.18,55.72],[8.19,55.74],[8.18,55.76],[8.17,55.85],[8.15,55.9],[8.14,55.94],[8.13,55.96],[8.13,55.98],[8.13,55.99],[8.14,55.98],[8.15,55.98],[8.15,55.97],[8.15,55.96],[8.16,55.95],[8.16,55.94],[8.17,55.92],[8.17,55.9],[8.18,55.84],[8.18,55.81],[8.19,55.81],[8.2,55.81],[8.28,55.84],[8.32,55.86],[8.39,55.89],[8.4,55.9],[8.38,55.92],[8.32,56.01],[8.32,56.02],[8.31,56.05],[8.27,56.08],[8.26,56.08],[8.22,56.09],[8.15,56.11],[8.14,56.11],[8.14,56.1],[8.14,56.08],[8.15,56.07],[8.14,56],[8.13,55.99],[8.12,56],[8.11,56],[8.11,56.02],[8.1,56.05],[8.1,56.07],[8.11,56.12],[8.12,56.35],[8.12,56.45],[8.12,56.53],[8.12,56.55],[8.12,56.56],[8.16,56.64],[8.16,56.65],[8.18,56.67],[8.2,56.69],[8.21,56.71],[8.22,56.71],[8.23,56.7],[8.24,56.69],[8.22,56.66],[8.21,56.65],[8.2,56.64],[8.21,56.64],[8.25,56.6],[8.33,56.58],[8.39,56.58],[8.4,56.58],[8.42,56.58],[8.47,56.56],[8.52,56.54],[8.59,56.5],[8.63,56.48],[8.65,56.47],[8.73,56.48],[8.74,56.49],[8.75,56.49],[8.75,56.5],[8.76,56.55],[8.77,56.56],[8.76,56.56],[8.76,56.57],[8.73,56.58],[8.71,56.58],[8.71,56.59],[8.68,56.61],[8.68,56.62],[8.84,56.72],[8.85,56.73],[8.86,56.75],[8.87,56.76],[8.95,56.8],[8.97,56.81],[9.07,56.81],[9.08,56.81],[9.11,56.8],[9.11,56.79],[9.15,56.7],[9.14,56.7],[9.13,56.69],[9.05,56.63],[9.04,56.6],[9.05,56.59],[9.06,56.57],[9.06,56.56],[9.07,56.56],[9.08,56.56],[9.09,56.57],[9.1,56.58],[9.1,56.59],[9.1,56.6],[9.1,56.61],[9.11,56.61],[9.18,56.63],[9.21,56.63],[9.23,56.63],[9.25,56.63],[9.27,56.63],[9.28,56.62],[9.28,56.61],[9.28,56.6],[9.27,56.6],[9.25,56.58],[9.27,56.56],[9.28,56.55],[9.31,56.53],[9.32,56.52],[9.32,56.53],[9.37,56.54],[9.37,56.55],[9.38,56.56],[9.37,56.57],[9.36,56.57],[9.34,56.57],[9.32,56.68],[9.3,56.7],[9.29,56.7],[9.29,56.71],[9.28,56.7],[9.27,56.7],[9.26,56.69],[9.19,56.67],[9.18,56.67],[9.17,56.67],[9.17,56.68],[9.16,56.89],[9.18,56.92],[9.29,57],[9.3,57],[9.31,57],[9.37,57.01],[9.41,57.02],[9.43,57.02],[9.47,57.02],[9.48,57.02],[9.52,57.02],[9.55,57.01],[9.56,57.01],[9.69,57.04],[9.76,57.05],[9.78,57.05],[9.81,57.05],[9.85,57.05],[9.94,57.05],[9.95,57.05],[9.95,57.06],[9.97,57.07]]],[[[11.2,57.31],[11.08,57.25],[11.06,57.24],[11.02,57.23],[11,57.22],[10.98,57.22],[10.96,57.24],[10.95,57.25],[10.93,57.25],[10.92,57.25],[10.91,57.25],[10.9,57.24],[10.88,57.25],[10.87,57.25],[10.86,57.26],[10.85,57.26],[10.86,57.27],[10.92,57.3],[11.03,57.32],[11.14,57.33],[11.15,57.33],[11.18,57.33],[11.19,57.33],[11.19,57.32],[11.2,57.31]]],[[[10.43,57.59],[10.43,57.58],[10.44,57.55],[10.44,57.54],[10.45,57.53],[10.45,57.52],[10.53,57.41],[10.54,57.23],[10.54,57.22],[10.53,57.22],[10.51,57.22],[10.45,57.19],[10.44,57.18],[10.42,57.16],[10.41,57.14],[10.34,56.99],[10.24,56.99],[10.23,56.99],[10.22,56.99],[10.19,57],[10.15,57.02],[10.12,57.04],[10.03,57.08],[10.02,57.09],[10.01,57.09],[10,57.09],[9.5,57.05],[9.29,57.01],[9.27,57],[9.26,57],[9.24,57],[9.23,57],[9.22,57],[9.2,57.01],[9.18,57.02],[9.16,57.03],[9.14,57.04],[9.12,57.05],[9.12,57.04],[9.12,57.03],[9.11,57.03],[9.04,57.01],[9.03,57.01],[9.03,57.02],[9.02,57.02],[9.01,57.03],[9,57.02],[8.89,57],[8.83,56.97],[8.78,56.95],[8.77,56.95],[8.76,56.95],[8.74,56.96],[8.72,56.96],[8.68,56.95],[8.67,56.95],[8.62,56.89],[8.62,56.87],[8.62,56.86],[8.61,56.85],[8.61,56.84],[8.57,56.82],[8.56,56.81],[8.53,56.8],[8.51,56.8],[8.5,56.8],[8.49,56.79],[8.48,56.78],[8.46,56.7],[8.42,56.68],[8.44,56.67],[8.45,56.67],[8.49,56.67],[8.51,56.67],[8.52,56.67],[8.54,56.67],[8.55,56.68],[8.57,56.69],[8.58,56.69],[8.59,56.69],[8.6,56.68],[8.61,56.63],[8.6,56.61],[8.55,56.58],[8.54,56.58],[8.53,56.59],[8.52,56.59],[8.48,56.63],[8.46,56.64],[8.46,56.65],[8.45,56.65],[8.44,56.66],[8.4,56.67],[8.37,56.68],[8.25,56.7],[8.24,56.71],[8.24,56.74],[8.23,56.76],[8.24,56.77],[8.24,56.78],[8.25,56.81],[8.26,56.82],[8.26,56.83],[8.29,56.86],[8.34,56.91],[8.38,56.95],[8.45,57.01],[8.58,57.1],[8.6,57.12],[8.62,57.12],[8.63,57.13],[8.64,57.13],[8.65,57.12],[8.71,57.11],[8.74,57.1],[8.77,57.1],[8.8,57.1],[8.85,57.11],[8.89,57.12],[9.02,57.15],[9.08,57.15],[9.16,57.14],[9.2,57.14],[9.24,57.14],[9.27,57.14],[9.38,57.15],[9.39,57.15],[9.41,57.16],[9.46,57.18],[9.47,57.18],[9.5,57.19],[9.54,57.21],[9.55,57.22],[9.58,57.24],[9.65,57.3],[9.71,57.37],[9.72,57.38],[9.73,57.4],[9.76,57.44],[9.77,57.45],[9.79,57.46],[9.95,57.58],[9.96,57.59],[9.97,57.59],[10,57.59],[10.04,57.59],[10.1,57.59],[10.13,57.59],[10.16,57.59],[10.18,57.59],[10.22,57.6],[10.27,57.61],[10.29,57.62],[10.3,57.63],[10.41,57.67],[10.45,57.7],[10.51,57.73],[10.54,57.74],[10.56,57.74],[10.58,57.75],[10.61,57.74],[10.64,57.74],[10.65,57.74],[10.62,57.73],[10.58,57.71],[10.56,57.7],[10.53,57.68],[10.51,57.67],[10.48,57.65],[10.46,57.63],[10.46,57.62],[10.45,57.62],[10.44,57.6],[10.43,57.59]]]]}},{"type":"Feature","properties":{"FID":0,"FIPS":"EI","ISO2":"IE","ISO3":"IRL","UN":372,"NAME":"Ireland","AREA":6889,"POP2005":4143294,"REGION":150,"SUBREGION":154,"LON":-8.152,"LAT":53.177},"geometry":{"type":"MultiPolygon","coordinates":[[[[-9.66,53.22],[-9.69,53.22],[-9.7,53.22],[-9.7,53.23],[-9.71,53.23],[-9.73,53.26],[-9.72,53.27],[-9.67,53.28],[-9.66,53.28],[-9.64,53.25],[-9.65,53.23],[-9.66,53.22]]],[[[-9.96,54.02],[-9.94,54],[-9.94,53.99],[-9.92,53.95],[-9.93,53.92],[-9.94,53.89],[-9.94,53.88],[-9.95,53.88],[-9.96,53.88],[-9.98,53.88],[-10.06,53.91],[-10.06,53.92],[-10.06,53.93],[-10.15,53.96],[-10.17,53.96],[-10.26,53.97],[-10.27,53.98],[-10.2,54.01],[-10.19,54.01],[-10.16,54.01],[-10.13,54],[-10.12,54],[-10.07,54.02],[-10.06,54.02],[-9.97,54.02],[-9.96,54.02]]],[[[-8.44,54.94],[-8.45,54.95],[-8.46,54.95],[-8.45,54.95],[-8.45,54.96],[-8.44,54.96],[-8.44,54.95],[-8.44,54.94]]],[[[-8.52,54.96],[-8.53,54.96],[-8.55,54.97],[-8.56,54.97],[-8.56,54.99],[-8.55,55.01],[-8.54,55.02],[-8.53,55.02],[-8.53,55.01],[-8.49,55],[-8.49,54.99],[-8.48,54.98],[-8.49,54.97],[-8.52,54.96]]],[[[-7.41,54.95],[-7.44,54.88],[-7.46,54.86],[-7.48,54.83],[-7.55,54.76],[-7.74,54.71],[-7.82,54.73],[-7.83,54.74],[-7.84,54.73],[-7.92,54.7],[-7.93,54.7],[-7.91,54.67],[-7.91,54.66],[-7.86,54.63],[-7.85,54.63],[-7.78,54.63],[-7.75,54.59],[-7.83,54.55],[-7.95,54.53],[-8.05,54.51],[-8.17,54.46],[-8.16,54.44],[-8.07,54.37],[-8.06,54.37],[-8.04,54.36],[-8.03,54.36],[-7.94,54.3],[-7.9,54.29],[-7.88,54.29],[-7.88,54.28],[-7.87,54.25],[-7.87,54.23],[-7.87,54.22],[-7.86,54.22],[-7.85,54.21],[-7.82,54.2],[-7.75,54.2],[-7.7,54.2],[-7.63,54.17],[-7.62,54.17],[-7.62,54.16],[-7.62,54.15],[-7.61,54.14],[-7.56,54.13],[-7.33,54.11],[-7.31,54.11],[-7.29,54.12],[-7.28,54.13],[-7.15,54.23],[-7.14,54.25],[-7.14,54.26],[-7.18,54.29],[-7.16,54.34],[-7.06,54.41],[-7.04,54.42],[-7.03,54.42],[-6.97,54.4],[-6.93,54.38],[-6.92,54.37],[-6.88,54.34],[-6.87,54.34],[-6.85,54.29],[-6.74,54.18],[-6.66,54.06],[-6.63,54.05],[-6.63,54.04],[-6.62,54.04],[-6.61,54.04],[-6.57,54.05],[-6.45,54.06],[-6.37,54.1],[-6.37,54.11],[-6.36,54.11],[-6.35,54.12],[-6.34,54.12],[-6.29,54.11],[-6.28,54.11],[-6.27,54.1],[-6.27,54.09],[-6.24,54.08],[-6.17,54.04],[-6.16,54.03],[-6.14,54.03],[-6.13,54.03],[-6.11,54],[-6.1,54],[-6.11,53.99],[-6.12,53.98],[-6.14,53.98],[-6.15,53.97],[-6.16,53.97],[-6.23,53.99],[-6.29,54],[-6.31,54.01],[-6.33,54.01],[-6.34,54.01],[-6.35,54.01],[-6.36,54.01],[-6.38,53.95],[-6.38,53.92],[-6.38,53.91],[-6.37,53.9],[-6.36,53.89],[-6.35,53.88],[-6.34,53.88],[-6.34,53.87],[-6.33,53.87],[-6.29,53.86],[-6.25,53.83],[-6.24,53.78],[-6.25,53.75],[-6.25,53.73],[-6.25,53.72],[-6.24,53.68],[-6.24,53.67],[-6.21,53.64],[-6.15,53.59],[-6.14,53.59],[-6.12,53.59],[-6.1,53.58],[-6.08,53.56],[-6.08,53.55],[-6.08,53.54],[-6.08,53.53],[-6.08,53.52],[-6.15,53.39],[-6.16,53.38],[-6.22,53.35],[-6.22,53.34],[-6.18,53.31],[-6.11,53.25],[-6.04,53.11],[-6.03,53.11],[-6.01,52.95],[-6.07,52.87],[-6.11,52.84],[-6.12,52.83],[-6.14,52.8],[-6.14,52.79],[-6.15,52.78],[-6.15,52.77],[-6.15,52.74],[-6.19,52.7],[-6.2,52.69],[-6.21,52.67],[-6.22,52.66],[-6.22,52.64],[-6.22,52.63],[-6.22,52.62],[-6.22,52.61],[-6.21,52.61],[-6.21,52.6],[-6.2,52.58],[-6.2,52.56],[-6.2,52.55],[-6.21,52.54],[-6.23,52.52],[-6.25,52.5],[-6.36,52.39],[-6.46,52.38],[-6.47,52.38],[-6.47,52.37],[-6.5,52.36],[-6.5,52.35],[-6.41,52.29],[-6.41,52.28],[-6.38,52.28],[-6.33,52.25],[-6.32,52.24],[-6.33,52.23],[-6.33,52.22],[-6.36,52.18],[-6.37,52.18],[-6.39,52.18],[-6.4,52.18],[-6.47,52.19],[-6.62,52.19],[-6.79,52.22],[-6.82,52.19],[-6.83,52.17],[-6.87,52.16],[-6.9,52.17],[-6.91,52.2],[-6.92,52.21],[-6.98,52.28],[-7,52.28],[-7,52.27],[-6.99,52.26],[-6.97,52.23],[-6.97,52.22],[-6.97,52.17],[-7,52.14],[-7.04,52.13],[-7.1,52.13],[-7.11,52.13],[-7.16,52.15],[-7.37,52.13],[-7.43,52.13],[-7.58,52.1],[-7.62,52.06],[-7.6,52.06],[-7.57,52.06],[-7.55,52.06],[-7.55,52.05],[-7.58,51.99],[-7.59,51.99],[-7.71,51.94],[-7.72,51.94],[-7.81,51.94],[-7.82,51.94],[-7.83,51.95],[-7.85,51.98],[-7.85,51.96],[-7.85,51.95],[-7.85,51.94],[-7.89,51.89],[-8.02,51.84],[-8.09,51.81],[-8.17,51.79],[-8.23,51.8],[-8.24,51.8],[-8.24,51.81],[-8.23,51.83],[-8.22,51.83],[-8.21,51.84],[-8.18,51.85],[-8.21,51.88],[-8.29,51.89],[-8.37,51.89],[-8.38,51.89],[-8.39,51.89],[-8.41,51.88],[-8.42,51.88],[-8.43,51.88],[-8.42,51.88],[-8.4,51.88],[-8.37,51.88],[-8.36,51.88],[-8.35,51.87],[-8.34,51.87],[-8.3,51.82],[-8.3,51.8],[-8.3,51.76],[-8.31,51.74],[-8.34,51.72],[-8.35,51.72],[-8.42,51.71],[-8.52,51.66],[-8.54,51.65],[-8.56,51.63],[-8.69,51.57],[-8.7,51.57],[-8.74,51.58],[-8.88,51.57],[-8.98,51.56],[-9.11,51.55],[-9.16,51.52],[-9.23,51.48],[-9.35,51.47],[-9.37,51.47],[-9.38,51.47],[-9.46,51.53],[-9.64,51.51],[-9.7,51.47],[-9.71,51.47],[-9.72,51.46],[-9.77,51.45],[-9.8,51.45],[-9.81,51.45],[-9.82,51.45],[-9.82,51.47],[-9.8,51.49],[-9.78,51.5],[-9.72,51.53],[-9.7,51.53],[-9.68,51.54],[-9.67,51.54],[-9.65,51.55],[-9.59,51.59],[-9.59,51.61],[-9.68,51.58],[-9.79,51.55],[-9.8,51.54],[-9.83,51.54],[-9.84,51.54],[-9.85,51.54],[-9.85,51.55],[-9.78,51.58],[-9.74,51.6],[-9.61,51.64],[-9.55,51.66],[-9.53,51.66],[-9.52,51.66],[-9.47,51.68],[-9.46,51.68],[-9.45,51.69],[-9.44,51.71],[-9.45,51.73],[-9.54,51.75],[-9.55,51.72],[-9.63,51.69],[-9.66,51.68],[-9.67,51.68],[-9.78,51.66],[-9.81,51.65],[-9.93,51.63],[-9.93,51.62],[-9.94,51.62],[-9.95,51.61],[-10.03,51.59],[-10.04,51.59],[-10.13,51.59],[-10.13,51.61],[-10.06,51.64],[-9.99,51.68],[-9.98,51.71],[-9.99,51.71],[-10,51.71],[-10,51.72],[-9.98,51.73],[-9.97,51.73],[-9.91,51.76],[-9.78,51.8],[-9.59,51.87],[-9.58,51.87],[-9.64,51.87],[-9.69,51.86],[-9.71,51.86],[-9.94,51.8],[-10.05,51.77],[-10.1,51.75],[-10.18,51.79],[-10.17,51.81],[-10.18,51.82],[-10.18,51.83],[-10.2,51.85],[-10.21,51.85],[-10.23,51.85],[-10.24,51.84],[-10.25,51.84],[-10.34,51.78],[-10.35,51.84],[-10.37,51.88],[-10.26,51.99],[-10.25,51.99],[-10.12,52.03],[-10.1,52.03],[-10.09,52.03],[-10.06,52.04],[-9.99,52.05],[-9.8,52.12],[-9.76,52.15],[-9.81,52.15],[-9.84,52.15],[-9.87,52.15],[-9.89,52.15],[-9.94,52.15],[-10.03,52.14],[-10.05,52.13],[-10.09,52.12],[-10.19,52.11],[-10.28,52.11],[-10.33,52.11],[-10.37,52.11],[-10.38,52.1],[-10.44,52.09],[-10.45,52.09],[-10.47,52.1],[-10.47,52.11],[-10.47,52.13],[-10.47,52.15],[-10.47,52.18],[-10.46,52.18],[-10.36,52.23],[-10.27,52.27],[-10.25,52.27],[-10.2,52.28],[-10.17,52.29],[-10.16,52.29],[-10.16,52.28],[-10.16,52.27],[-9.95,52.23],[-9.92,52.23],[-9.88,52.23],[-9.75,52.24],[-9.74,52.24],[-9.74,52.25],[-9.75,52.25],[-9.77,52.26],[-9.78,52.27],[-9.79,52.26],[-9.84,52.29],[-9.84,52.38],[-9.76,52.44],[-9.68,52.51],[-9.68,52.55],[-9.67,52.55],[-9.66,52.56],[-9.65,52.56],[-9.63,52.57],[-9.62,52.57],[-9.37,52.58],[-9.36,52.58],[-9.36,52.57],[-9.33,52.57],[-9.22,52.59],[-8.98,52.63],[-8.82,52.67],[-8.85,52.69],[-8.95,52.72],[-9.03,52.73],[-9.03,52.72],[-9.07,52.69],[-9.09,52.67],[-9.13,52.63],[-9.15,52.62],[-9.16,52.62],[-9.17,52.62],[-9.18,52.62],[-9.24,52.61],[-9.48,52.62],[-9.55,52.64],[-9.69,52.6],[-9.7,52.6],[-9.71,52.59],[-9.7,52.58],[-9.71,52.58],[-9.79,52.56],[-9.89,52.55],[-9.9,52.55],[-9.93,52.55],[-9.94,52.56],[-9.93,52.56],[-9.92,52.57],[-9.91,52.57],[-9.85,52.59],[-9.82,52.59],[-9.81,52.59],[-9.73,52.64],[-9.56,52.75],[-9.49,52.8],[-9.41,52.89],[-9.39,52.93],[-9.46,52.93],[-9.47,52.93],[-9.47,52.94],[-9.28,53.14],[-9.27,53.15],[-9.26,53.15],[-9.25,53.15],[-9.23,53.14],[-9.2,53.13],[-9.17,53.11],[-9.15,53.11],[-9.07,53.12],[-9,53.15],[-9.03,53.16],[-9.04,53.16],[-9.05,53.16],[-9.04,53.17],[-8.98,53.16],[-8.94,53.14],[-8.94,53.26],[-8.96,53.27],[-9.03,53.27],[-9.04,53.27],[-9.05,53.27],[-9.1,53.26],[-9.17,53.25],[-9.2,53.25],[-9.23,53.25],[-9.3,53.24],[-9.44,53.23],[-9.45,53.23],[-9.48,53.23],[-9.5,53.22],[-9.61,53.23],[-9.62,53.24],[-9.63,53.24],[-9.62,53.25],[-9.61,53.3],[-9.59,53.32],[-9.58,53.32],[-9.57,53.32],[-9.56,53.34],[-9.55,53.38],[-9.56,53.38],[-9.65,53.39],[-9.66,53.38],[-9.7,53.36],[-9.71,53.34],[-9.74,53.31],[-9.78,53.3],[-9.79,53.29],[-9.9,53.31],[-9.9,53.32],[-9.89,53.35],[-9.88,53.35],[-9.84,53.37],[-9.82,53.37],[-9.81,53.38],[-9.8,53.38],[-9.79,53.39],[-9.79,53.4],[-9.8,53.41],[-9.81,53.42],[-9.88,53.41],[-9.92,53.39],[-9.93,53.38],[-9.96,53.37],[-9.97,53.37],[-10.01,53.38],[-10.18,53.41],[-10.2,53.54],[-10.19,53.55],[-10.04,53.6],[-10,53.61],[-9.99,53.61],[-9.88,53.61],[-9.8,53.6],[-9.79,53.59],[-9.78,53.59],[-9.71,53.59],[-9.7,53.6],[-9.76,53.6],[-9.78,53.6],[-9.8,53.6],[-9.82,53.61],[-9.86,53.63],[-9.9,53.64],[-9.91,53.65],[-9.92,53.69],[-9.91,53.76],[-9.9,53.76],[-9.85,53.77],[-9.68,53.78],[-9.63,53.78],[-9.62,53.78],[-9.61,53.78],[-9.59,53.78],[-9.57,53.8],[-9.58,53.8],[-9.59,53.8],[-9.62,53.81],[-9.61,53.84],[-9.6,53.84],[-9.59,53.84],[-9.58,53.85],[-9.56,53.86],[-9.57,53.89],[-9.57,53.9],[-9.7,53.9],[-9.73,53.9],[-9.76,53.89],[-9.77,53.89],[-9.78,53.89],[-9.79,53.88],[-9.82,53.87],[-9.84,53.87],[-9.9,53.86],[-9.91,53.86],[-9.94,53.87],[-9.91,53.95],[-9.9,53.95],[-9.87,53.95],[-9.86,53.95],[-9.82,53.94],[-9.81,53.94],[-9.81,53.93],[-9.81,53.92],[-9.81,53.91],[-9.8,53.91],[-9.79,53.91],[-9.79,53.92],[-9.79,53.94],[-9.79,53.95],[-9.83,53.98],[-9.85,54],[-9.94,54.06],[-9.94,54.11],[-9.93,54.12],[-9.95,54.18],[-10.01,54.22],[-10.02,54.22],[-10.08,54.15],[-10.07,54.13],[-10.06,54.1],[-10.06,54.09],[-10.07,54.09],[-10.08,54.09],[-10.09,54.09],[-10.11,54.09],[-10.12,54.09],[-10.12,54.1],[-10.13,54.1],[-10.13,54.11],[-10.11,54.23],[-10.08,54.26],[-10.06,54.27],[-10.01,54.3],[-10,54.3],[-9.89,54.26],[-9.88,54.26],[-9.89,54.25],[-9.91,54.23],[-9.92,54.22],[-9.93,54.22],[-9.94,54.22],[-9.95,54.22],[-9.96,54.22],[-9.96,54.23],[-9.97,54.23],[-9.98,54.23],[-9.98,54.22],[-9.97,54.21],[-9.96,54.21],[-9.92,54.21],[-9.9,54.21],[-9.89,54.21],[-9.87,54.23],[-9.85,54.27],[-9.85,54.31],[-9.85,54.32],[-9.84,54.33],[-9.8,54.33],[-9.8,54.34],[-9.75,54.33],[-9.74,54.33],[-9.59,54.31],[-9.5,54.31],[-9.34,54.32],[-9.27,54.3],[-9.21,54.27],[-9.2,54.24],[-9.15,54.18],[-9.13,54.16],[-9.13,54.17],[-9.13,54.2],[-9.06,54.28],[-9.05,54.29],[-9.04,54.29],[-9.03,54.29],[-8.94,54.28],[-8.93,54.28],[-8.92,54.28],[-8.91,54.28],[-8.75,54.26],[-8.62,54.26],[-8.48,54.27],[-8.47,54.27],[-8.51,54.32],[-8.52,54.33],[-8.53,54.33],[-8.58,54.34],[-8.59,54.34],[-8.6,54.34],[-8.63,54.33],[-8.65,54.33],[-8.67,54.34],[-8.67,54.35],[-8.66,54.35],[-8.65,54.36],[-8.43,54.45],[-8.4,54.46],[-8.38,54.47],[-8.35,54.47],[-8.28,54.47],[-8.27,54.52],[-8.2,54.57],[-8.17,54.59],[-8.19,54.63],[-8.39,54.62],[-8.56,54.61],[-8.58,54.61],[-8.63,54.62],[-8.68,54.63],[-8.7,54.64],[-8.75,54.65],[-8.79,54.66],[-8.8,54.69],[-8.8,54.7],[-8.74,54.73],[-8.73,54.73],[-8.67,54.76],[-8.62,54.77],[-8.53,54.78],[-8.49,54.79],[-8.37,54.83],[-8.35,54.84],[-8.32,54.87],[-8.31,54.87],[-8.32,54.88],[-8.34,54.9],[-8.35,54.91],[-8.37,54.9],[-8.38,54.9],[-8.38,54.89],[-8.38,54.88],[-8.39,54.88],[-8.4,54.88],[-8.44,54.9],[-8.46,54.91],[-8.46,54.92],[-8.46,54.94],[-8.4,54.93],[-8.38,54.94],[-8.4,54.95],[-8.43,54.97],[-8.46,54.99],[-8.46,55],[-8.32,55.11],[-8.18,55.14],[-8.02,55.18],[-7.98,55.22],[-7.95,55.2],[-7.9,55.18],[-7.87,55.2],[-7.86,55.22],[-7.79,55.24],[-7.8,55.22],[-7.81,55.2],[-7.81,55.18],[-7.77,55.18],[-7.71,55.16],[-7.7,55.15],[-7.7,55.13],[-7.7,55.11],[-7.71,55.1],[-7.7,55.09],[-7.69,55.09],[-7.67,55.14],[-7.67,55.15],[-7.68,55.17],[-7.7,55.21],[-7.71,55.22],[-7.72,55.22],[-7.72,55.21],[-7.72,55.2],[-7.71,55.17],[-7.72,55.17],[-7.74,55.18],[-7.75,55.19],[-7.79,55.2],[-7.79,55.21],[-7.76,55.23],[-7.74,55.25],[-7.7,55.26],[-7.67,55.27],[-7.66,55.27],[-7.64,55.27],[-7.63,55.26],[-7.53,55.13],[-7.53,55.12],[-7.53,55.11],[-7.53,55.1],[-7.54,55.09],[-7.56,55.08],[-7.58,55.08],[-7.6,55.06],[-7.62,55.05],[-7.64,55.04],[-7.68,54.95],[-7.66,54.95],[-7.64,54.96],[-7.61,54.98],[-7.58,55.01],[-7.56,55.01],[-7.52,55.03],[-7.51,55.03],[-7.48,55.04],[-7.47,55.04],[-7.46,55.04],[-7.45,55.05],[-7.45,55.06],[-7.45,55.13],[-7.46,55.14],[-7.51,55.18],[-7.53,55.19],[-7.54,55.19],[-7.55,55.2],[-7.55,55.21],[-7.55,55.22],[-7.51,55.27],[-7.39,55.29],[-7.35,55.33],[-7.4,55.38],[-7.39,55.38],[-7.38,55.38],[-7.37,55.38],[-7.24,55.35],[-7.19,55.33],[-7.18,55.33],[-7.05,55.27],[-6.96,55.25],[-6.94,55.24],[-6.93,55.24],[-6.94,55.22],[-6.95,55.21],[-7.07,55.17],[-7.14,55.15],[-7.16,55.15],[-7.18,55.13],[-7.2,55.12],[-7.25,55.07],[-7.33,55.05],[-7.41,54.95]]]]}},{"type":"Feature","properties":{"FID":0,"FIPS":"EN","ISO2":"EE","ISO3":"EST","UN":233,"NAME":"Estonia","AREA":4239,"POP2005":1344312,"REGION":150,"SUBREGION":154,"LON":25.793,"LAT":58.674},"geometry":{"type":"MultiPolygon","coordinates":[[[[23.99,58.1],[23.98,58.1],[23.96,58.1],[23.95,58.1],[23.95,58.11],[23.94,58.11],[23.94,58.12],[23.94,58.13],[23.94,58.14],[23.95,58.15],[23.96,58.15],[23.96,58.16],[23.98,58.16],[24,58.16],[24.01,58.15],[24.02,58.15],[24.02,58.14],[24.02,58.13],[24.02,58.11],[24.01,58.11],[24,58.1],[23.99,58.1]]],[[[22.99,58.6],[23.09,58.56],[23.26,58.5],[23.27,58.49],[23.29,58.48],[23.32,58.46],[23.33,58.45],[23.33,58.44],[23.33,58.43],[23.27,58.43],[23.25,58.43],[23.23,58.44],[23.21,58.45],[23.2,58.45],[23.14,58.44],[23.08,58.41],[23.06,58.39],[23.03,58.36],[22.76,58.24],[22.65,58.23],[22.58,58.24],[22.52,58.24],[22.49,58.24],[22.48,58.24],[22.38,58.22],[22.37,58.22],[22.29,58.19],[22.28,58.18],[22.27,58.18],[22.27,58.17],[22.27,58.16],[22.27,58.15],[22.28,58.14],[22.27,58.1],[22.26,58.09],[22.2,57.99],[22.1,57.93],[22.07,57.92],[22.05,57.91],[22.04,57.91],[22.02,57.91],[22.01,57.91],[22,57.92],[21.99,57.92],[21.98,57.96],[21.99,57.98],[22.08,58.08],[22.09,58.08],[22.1,58.09],[22.11,58.08],[22.15,58.09],[22.2,58.14],[22.2,58.15],[22.19,58.16],[22.18,58.16],[22.14,58.16],[22.13,58.16],[22.08,58.17],[22.07,58.17],[21.88,58.25],[21.87,58.26],[21.85,58.28],[21.84,58.29],[21.84,58.3],[21.87,58.34],[21.89,58.34],[21.9,58.34],[21.96,58.34],[22.01,58.35],[22.01,58.36],[22,58.38],[21.92,58.46],[21.91,58.46],[21.9,58.47],[21.88,58.47],[21.87,58.48],[21.85,58.49],[21.83,58.51],[21.84,58.51],[21.93,58.52],[21.98,58.52],[22,58.52],[22.11,58.49],[22.19,58.55],[22.2,58.55],[22.33,58.58],[22.5,58.6],[22.62,58.59],[22.77,58.6],[22.78,58.61],[22.81,58.62],[22.82,58.62],[22.87,58.62],[22.91,58.62],[22.92,58.62],[22.98,58.6],[22.99,58.6]]],[[[23.36,58.53],[23.23,58.53],[23.21,58.53],[23.09,58.58],[23.07,58.59],[23.06,58.6],[23.06,58.61],[23.06,58.62],[23.07,58.62],[23.14,58.67],[23.15,58.67],[23.17,58.68],[23.19,58.68],[23.2,58.68],[23.22,58.68],[23.25,58.67],[23.27,58.66],[23.32,58.65],[23.34,58.64],[23.35,58.64],[23.39,58.57],[23.4,58.56],[23.4,58.55],[23.38,58.53],[23.36,58.53]]],[[[23.28,58.96],[23.18,58.96],[23.16,58.96],[23.15,58.97],[23.14,58.97],[23.14,58.98],[23.11,59.02],[23.12,59.03],[23.13,59.03],[23.14,59.04],[23.15,59.04],[23.18,59.04],[23.19,59.04],[23.33,59.04],[23.34,59.03],[23.35,59.03],[23.36,59.03],[23.37,59.02],[23.39,59.01],[23.39,59],[23.39,58.99],[23.39,58.98],[23.38,58.98],[23.37,58.97],[23.29,58.96],[23.28,58.96]]],[[[22.75,59],[22.8,59],[22.84,59],[22.86,59],[22.93,58.98],[22.95,58.97],[23.04,58.85],[23.05,58.84],[23.02,58.82],[23,58.83],[22.96,58.84],[22.95,58.84],[22.88,58.83],[22.87,58.82],[22.88,58.82],[22.89,58.81],[22.89,58.79],[22.88,58.78],[22.85,58.77],[22.82,58.77],[22.8,58.77],[22.78,58.78],[22.78,58.79],[22.78,58.8],[22.79,58.8],[22.8,58.8],[22.82,58.81],[22.83,58.82],[22.81,58.83],[22.8,58.83],[22.78,58.82],[22.75,58.81],[22.74,58.8],[22.72,58.78],[22.7,58.75],[22.69,58.74],[22.69,58.73],[22.68,58.72],[22.68,58.71],[22.67,58.7],[22.65,58.7],[22.62,58.69],[22.6,58.69],[22.57,58.69],[22.55,58.69],[22.53,58.69],[22.52,58.69],[22.48,58.7],[22.47,58.7],[22.46,58.71],[22.47,58.72],[22.47,58.76],[22.45,58.83],[22.45,58.84],[22.43,58.85],[22.41,58.87],[22.39,58.88],[22.38,58.89],[22.37,58.89],[22.34,58.89],[22.28,58.89],[22.25,58.88],[22.23,58.88],[22.18,58.89],[22.16,58.89],[22.06,58.92],[22.05,58.93],[22.04,58.94],[22.05,58.95],[22.07,58.95],[22.19,58.95],[22.38,58.95],[22.43,58.97],[22.47,58.98],[22.49,58.99],[22.52,59.02],[22.58,59.07],[22.7,59.05],[22.7,59.04],[22.7,59.02],[22.7,59.01],[22.72,59],[22.73,59],[22.75,59]]],[[[25.78,59.63],[25.87,59.6],[25.98,59.63],[26.03,59.62],[26.04,59.62],[26.08,59.6],[26.26,59.59],[26.39,59.56],[26.46,59.54],[26.48,59.53],[26.5,59.53],[26.52,59.54],[26.54,59.54],[26.56,59.55],[26.57,59.55],[26.58,59.56],[26.59,59.56],[26.62,59.56],[26.65,59.55],[26.68,59.55],[26.74,59.52],[26.77,59.5],[26.82,59.48],[26.85,59.47],[26.86,59.47],[26.88,59.46],[26.92,59.45],[26.96,59.45],[26.98,59.44],[27.03,59.44],[27.09,59.44],[27.18,59.45],[27.39,59.45],[27.43,59.45],[27.44,59.45],[27.46,59.45],[27.48,59.44],[27.51,59.43],[27.55,59.43],[27.85,59.41],[27.88,59.41],[27.89,59.41],[27.93,59.42],[27.95,59.42],[27.98,59.44],[27.99,59.45],[28,59.46],[28.02,59.48],[28.03,59.48],[28.08,59.45],[28.11,59.44],[28.17,59.4],[28.18,59.39],[28.19,59.38],[28.2,59.37],[28.19,59.36],[28.18,59.33],[28.17,59.31],[28.16,59.3],[28.14,59.29],[28.09,59.28],[28.05,59.28],[28.03,59.28],[28.01,59.28],[28,59.28],[27.97,59.29],[27.95,59.29],[27.92,59.28],[27.91,59.27],[27.88,59.23],[27.84,59.15],[27.81,59.1],[27.8,59.09],[27.79,59.06],[27.7,58.99],[27.69,58.98],[27.6,58.93],[27.55,58.91],[27.53,58.9],[27.49,58.88],[27.46,58.85],[27.44,58.83],[27.43,58.82],[27.43,58.81],[27.42,58.8],[27.42,58.79],[27.42,58.78],[27.45,58.69],[27.49,58.58],[27.49,58.57],[27.5,58.56],[27.5,58.55],[27.52,58.51],[27.52,58.5],[27.54,58.45],[27.54,58.41],[27.54,58.39],[27.54,58.37],[27.54,58.36],[27.53,58.35],[27.52,58.34],[27.5,58.33],[27.49,58.32],[27.47,58.3],[27.46,58.3],[27.46,58.28],[27.47,58.23],[27.47,58.21],[27.48,58.21],[27.48,58.2],[27.55,58.14],[27.55,58.13],[27.57,58.13],[27.58,58.12],[27.6,58.11],[27.61,58.11],[27.63,58.1],[27.64,58.1],[27.65,58.09],[27.66,58.09],[27.67,58.08],[27.68,58.07],[27.68,58.06],[27.69,57.97],[27.77,57.9],[27.79,57.9],[27.8,57.89],[27.81,57.89],[27.82,57.88],[27.82,57.87],[27.81,57.86],[27.79,57.85],[27.75,57.84],[27.73,57.84],[27.7,57.83],[27.67,57.83],[27.63,57.83],[27.58,57.82],[27.55,57.82],[27.41,57.69],[27.4,57.68],[27.35,57.6],[27.35,57.59],[27.35,57.58],[27.35,57.57],[27.36,57.55],[27.36,57.54],[27.37,57.54],[27.31,57.53],[27.09,57.56],[27.08,57.56],[27.07,57.57],[27.05,57.59],[27.04,57.6],[27.03,57.6],[27.02,57.61],[27,57.62],[26.97,57.62],[26.91,57.63],[26.9,57.63],[26.88,57.63],[26.87,57.63],[26.7,57.58],[26.64,57.56],[26.63,57.55],[26.62,57.55],[26.61,57.53],[26.6,57.53],[26.54,57.52],[26.52,57.52],[26.51,57.53],[26.31,57.6],[26.3,57.61],[26.29,57.62],[26.27,57.63],[26.2,57.7],[26.04,57.82],[25.95,57.85],[25.88,57.86],[25.84,57.86],[25.8,57.87],[25.62,57.92],[25.46,57.99],[25.45,58],[25.45,58.01],[25.45,58.02],[25.44,58.03],[25.42,58.04],[25.31,58.08],[25.3,58.08],[25.29,58.08],[25.28,58.08],[25.27,58.08],[25.26,58.07],[25.26,58.06],[25.29,58.05],[25.3,58.04],[25.3,58.03],[25.3,58.02],[25.3,58.01],[25.29,58.01],[25.29,58],[25.25,57.99],[25.23,57.99],[25.22,58],[25.21,58.01],[25.21,58.03],[25.2,58.04],[25.2,58.05],[25.19,58.06],[25.18,58.07],[25.17,58.07],[25.16,58.08],[25.14,58.08],[25.12,58.08],[25.09,58.07],[25.07,58.06],[25.06,58.06],[25.04,58.05],[25.02,58.04],[24.72,57.97],[24.56,57.96],[24.55,57.95],[24.54,57.95],[24.45,57.91],[24.44,57.9],[24.44,57.89],[24.43,57.89],[24.43,57.88],[24.42,57.87],[24.4,57.87],[24.37,57.87],[24.32,57.87],[24.34,57.92],[24.35,57.94],[24.35,57.95],[24.36,57.97],[24.39,58],[24.4,58.02],[24.41,58.03],[24.43,58.04],[24.43,58.05],[24.46,58.08],[24.47,58.12],[24.47,58.13],[24.47,58.15],[24.47,58.16],[24.45,58.18],[24.47,58.24],[24.47,58.25],[24.48,58.25],[24.49,58.26],[24.5,58.26],[24.53,58.27],[24.54,58.28],[24.55,58.3],[24.56,58.3],[24.56,58.31],[24.56,58.32],[24.56,58.33],[24.54,58.34],[24.52,58.35],[24.46,58.38],[24.42,58.39],[24.39,58.39],[24.36,58.39],[24.35,58.39],[24.34,58.39],[24.33,58.38],[24.3,58.36],[24.3,58.35],[24.29,58.34],[24.29,58.33],[24.29,58.32],[24.29,58.31],[24.28,58.31],[24.25,58.28],[24.24,58.27],[24.11,58.23],[24.1,58.24],[24.09,58.24],[24.06,58.27],[24.05,58.27],[24.01,58.3],[23.99,58.31],[23.97,58.32],[23.95,58.32],[23.94,58.33],[23.83,58.35],[23.78,58.35],[23.77,58.35],[23.73,58.37],[23.68,58.43],[23.63,58.52],[23.62,58.53],[23.52,58.56],[23.5,58.58],[23.5,58.69],[23.52,58.74],[23.53,58.74],[23.54,58.75],[23.55,58.74],[23.57,58.74],[23.58,58.73],[23.6,58.73],[23.73,58.74],[23.87,58.77],[23.88,58.77],[23.86,58.78],[23.83,58.79],[23.8,58.8],[23.79,58.8],[23.59,58.79],[23.48,58.81],[23.42,58.9],[23.42,58.91],[23.42,58.92],[23.43,58.94],[23.45,58.94],[23.48,58.94],[23.51,58.94],[23.58,58.95],[23.59,58.95],[23.64,58.97],[23.64,58.98],[23.63,59],[23.62,59.02],[23.59,59.03],[23.57,59.04],[23.56,59.05],[23.57,59.04],[23.57,59.03],[23.6,59.02],[23.61,59.02],[23.61,59.01],[23.61,59],[23.56,58.99],[23.51,58.98],[23.47,58.98],[23.45,58.99],[23.44,59],[23.41,59.01],[23.41,59.02],[23.43,59.05],[23.43,59.06],[23.44,59.06],[23.48,59.09],[23.47,59.19],[23.46,59.2],[23.46,59.21],[23.47,59.21],[23.5,59.23],[23.51,59.23],[23.61,59.24],[23.71,59.23],[23.73,59.23],[23.74,59.23],[23.75,59.24],[23.74,59.25],[23.73,59.27],[23.72,59.27],[23.73,59.28],[23.74,59.28],[23.83,59.29],[23.86,59.28],[23.89,59.27],[23.91,59.27],[23.94,59.27],[24.03,59.29],[24.02,59.36],[24.02,59.37],[24.02,59.38],[24.03,59.38],[24.04,59.39],[24.05,59.39],[24.07,59.39],[24.08,59.39],[24.11,59.39],[24.12,59.38],[24.15,59.36],[24.18,59.35],[24.19,59.34],[24.2,59.34],[24.21,59.34],[24.32,59.43],[24.32,59.46],[24.33,59.46],[24.34,59.47],[24.35,59.47],[24.36,59.47],[24.39,59.48],[24.41,59.47],[24.54,59.46],[24.72,59.45],[24.79,59.51],[24.78,59.52],[24.78,59.53],[24.77,59.56],[24.78,59.56],[24.79,59.57],[24.8,59.56],[24.86,59.55],[24.87,59.54],[24.89,59.52],[24.91,59.51],[24.93,59.51],[25.05,59.51],[25.1,59.53],[25.11,59.53],[25.12,59.53],[25.15,59.53],[25.26,59.51],[25.28,59.51],[25.32,59.5],[25.36,59.49],[25.39,59.49],[25.41,59.49],[25.49,59.56],[25.49,59.57],[25.47,59.65],[25.47,59.66],[25.48,59.66],[25.49,59.66],[25.59,59.6],[25.6,59.6],[25.61,59.59],[25.63,59.57],[25.64,59.56],[25.66,59.56],[25.67,59.56],[25.7,59.57],[25.71,59.57],[25.71,59.58],[25.71,59.59],[25.71,59.6],[25.69,59.61],[25.69,59.62],[25.67,59.65],[25.68,59.66],[25.69,59.67],[25.71,59.67],[25.72,59.66],[25.77,59.64],[25.78,59.63]]]]}},{"type":"Feature","properties":{"FID":0,"FIPS":"AU","ISO2":"AT","ISO3":"AUT","UN":40,"NAME":"Austria","AREA":8245,"POP2005":8291979,"REGION":150,"SUBREGION":155,"LON":14.912,"LAT":47.683},"geometry":{"type":"Polygon","coordinates":[[[13.83,48.77],[13.86,48.77],[13.88,48.76],[13.99,48.72],[14.01,48.71],[14.05,48.67],[14.05,48.66],[14.18,48.6],[14.28,48.58],[14.39,48.59],[14.45,48.62],[14.51,48.63],[14.61,48.63],[14.62,48.63],[14.65,48.61],[14.66,48.61],[14.7,48.58],[14.71,48.59],[14.72,48.6],[14.72,48.61],[14.72,48.64],[14.72,48.65],[14.71,48.66],[14.72,48.69],[14.73,48.69],[14.73,48.7],[14.81,48.78],[14.82,48.78],[14.83,48.79],[14.84,48.79],[14.85,48.79],[14.89,48.78],[14.96,48.8],[14.98,48.94],[14.98,48.97],[14.98,48.98],[15,49.01],[15.01,49.02],[15.03,49.02],[15.07,49.02],[15.16,49],[15.3,48.99],[15.35,48.99],[15.37,48.98],[15.39,48.97],[15.45,48.95],[15.51,48.92],[15.52,48.92],[15.55,48.91],[15.56,48.91],[15.59,48.9],[15.68,48.87],[15.69,48.86],[15.75,48.86],[15.85,48.86],[15.96,48.8],[16.02,48.78],[16.06,48.76],[16.08,48.76],[16.1,48.75],[16.33,48.73],[16.37,48.73],[16.38,48.73],[16.39,48.74],[16.4,48.74],[16.41,48.75],[16.42,48.76],[16.43,48.78],[16.45,48.81],[16.46,48.81],[16.54,48.81],[16.64,48.79],[16.66,48.79],[16.67,48.78],[16.71,48.75],[16.78,48.72],[16.79,48.72],[16.83,48.72],[16.84,48.72],[16.86,48.72],[16.87,48.73],[16.88,48.73],[16.89,48.73],[16.9,48.72],[16.91,48.71],[16.92,48.7],[16.95,48.62],[16.94,48.57],[16.93,48.53],[16.91,48.51],[16.87,48.47],[16.86,48.47],[16.86,48.45],[16.84,48.38],[16.84,48.37],[16.84,48.36],[16.85,48.36],[16.92,48.28],[16.93,48.28],[16.95,48.28],[16.95,48.26],[16.95,48.24],[16.98,48.19],[17,48.17],[17.02,48.15],[17.03,48.15],[17.04,48.14],[17.07,48.13],[17.08,48.09],[17.12,48.04],[17.17,48.01],[17.15,48],[17.11,47.97],[17.06,47.88],[17.05,47.85],[17.05,47.8],[17.06,47.79],[17.07,47.77],[17.07,47.73],[17.05,47.71],[16.95,47.7],[16.91,47.69],[16.82,47.68],[16.77,47.69],[16.76,47.69],[16.74,47.7],[16.73,47.7],[16.73,47.71],[16.73,47.73],[16.72,47.73],[16.64,47.76],[16.61,47.76],[16.56,47.76],[16.45,47.7],[16.43,47.67],[16.45,47.66],[16.49,47.65],[16.59,47.63],[16.6,47.63],[16.63,47.64],[16.64,47.63],[16.65,47.63],[16.66,47.62],[16.67,47.61],[16.71,47.54],[16.7,47.52],[16.66,47.46],[16.59,47.42],[16.48,47.42],[16.47,47.42],[16.46,47.42],[16.45,47.42],[16.45,47.41],[16.46,47.37],[16.49,47.28],[16.48,47.26],[16.47,47.26],[16.45,47.24],[16.42,47.21],[16.45,47.15],[16.46,47.15],[16.47,47.15],[16.51,47.12],[16.51,47.01],[16.5,47],[16.48,47],[16.45,47.01],[16.41,47.01],[16.35,47.01],[16.3,47.01],[16.28,46.99],[16.25,46.96],[16.14,46.88],[16.11,46.87],[16.01,46.84],[15.99,46.84],[15.99,46.83],[15.99,46.76],[15.99,46.75],[15.87,46.72],[15.85,46.72],[15.83,46.72],[15.81,46.72],[15.6,46.69],[15.41,46.65],[15.14,46.66],[15.11,46.66],[15.1,46.66],[15.07,46.65],[15.06,46.65],[15.05,46.65],[14.87,46.62],[14.86,46.61],[14.84,46.58],[14.83,46.57],[14.82,46.54],[14.81,46.51],[14.54,46.41],[14.48,46.42],[14.16,46.44],[14.15,46.44],[14.13,46.46],[14.13,46.47],[14.12,46.48],[14.11,46.48],[14.09,46.49],[14.08,46.49],[13.94,46.52],[13.85,46.52],[13.78,46.52],[13.72,46.53],[13.61,46.55],[13.56,46.56],[13.55,46.56],[13.43,46.56],[13.26,46.56],[12.83,46.63],[12.82,46.63],[12.79,46.65],[12.77,46.65],[12.76,46.65],[12.75,46.65],[12.75,46.64],[12.74,46.64],[12.73,46.64],[12.69,46.66],[12.59,46.66],[12.55,46.66],[12.49,46.68],[12.44,46.69],[12.41,46.7],[12.4,46.71],[12.39,46.72],[12.38,46.73],[12.3,46.84],[12.23,46.89],[12.19,46.91],[12.18,46.91],[12.16,46.93],[12.14,46.97],[12.13,47],[12.13,47.01],[12.13,47.02],[12.14,47.02],[12.15,47.02],[12.19,47.03],[12.2,47.03],[12.2,47.04],[12.22,47.06],[12.23,47.07],[12.23,47.08],[12.23,47.09],[12.22,47.09],[12.19,47.09],[12.18,47.09],[12.14,47.09],[12.07,47.06],[11.77,46.98],[11.76,46.98],[11.74,46.98],[11.73,46.98],[11.71,46.99],[11.71,47],[11.63,47.01],[11.62,47.01],[11.48,47.01],[11.19,46.97],[11.17,46.97],[11.16,46.96],[11.12,46.93],[11.11,46.92],[11.1,46.91],[11.09,46.91],[11.1,46.91],[11.1,46.89],[11.1,46.88],[11.07,46.83],[11.07,46.82],[11.02,46.77],[10.89,46.77],[10.83,46.79],[10.79,46.8],[10.76,46.82],[10.77,46.83],[10.76,46.83],[10.76,46.84],[10.69,46.87],[10.68,46.88],[10.67,46.88],[10.65,46.87],[10.64,46.87],[10.6,46.86],[10.57,46.85],[10.56,46.85],[10.5,46.85],[10.48,46.86],[10.47,46.87],[10.49,46.93],[10.49,46.94],[10.43,46.98],[10.4,47],[10.39,47],[10.36,47],[10.35,46.99],[10.32,46.96],[10.31,46.93],[10.23,46.88],[10.22,46.88],[10.17,46.86],[10.15,46.85],[10.14,46.85],[10.12,46.85],[10.11,46.85],[10.06,46.87],[9.94,46.91],[9.88,46.94],[9.87,46.96],[9.88,46.97],[9.88,46.98],[9.89,46.99],[9.89,47],[9.88,47.02],[9.87,47.02],[9.72,47.05],[9.63,47.06],[9.6,47.06],[9.6,47.07],[9.61,47.07],[9.63,47.09],[9.64,47.1],[9.63,47.13],[9.62,47.15],[9.57,47.24],[9.53,47.27],[9.54,47.28],[9.6,47.35],[9.61,47.36],[9.61,47.37],[9.62,47.37],[9.63,47.37],[9.64,47.37],[9.65,47.37],[9.66,47.38],[9.67,47.39],[9.67,47.4],[9.65,47.46],[9.61,47.47],[9.59,47.47],[9.57,47.49],[9.56,47.5],[9.56,47.51],[9.57,47.54],[9.58,47.54],[9.61,47.53],[9.65,47.53],[9.69,47.53],[9.73,47.53],[9.74,47.55],[9.74,47.56],[9.75,47.57],[9.76,47.59],[9.77,47.59],[9.78,47.59],[9.81,47.59],[9.96,47.54],[10.04,47.49],[10.23,47.38],[10.23,47.37],[10.21,47.32],[10.17,47.27],[10.22,47.27],[10.23,47.28],[10.27,47.29],[10.33,47.31],[10.34,47.31],[10.43,47.4],[10.47,47.44],[10.47,47.48],[10.46,47.49],[10.44,47.53],[10.43,47.58],[10.44,47.58],[10.47,47.59],[10.48,47.59],[10.48,47.58],[10.57,47.54],[10.69,47.55],[10.91,47.52],[10.97,47.4],[10.98,47.4],[11.01,47.4],[11.03,47.4],[11.1,47.4],[11.11,47.4],[11.3,47.43],[11.46,47.51],[11.51,47.51],[11.55,47.52],[11.57,47.52],[11.58,47.52],[11.58,47.53],[11.68,47.59],[11.92,47.61],[12.01,47.62],[12.06,47.62],[12.11,47.62],[12.14,47.61],[12.2,47.61],[12.21,47.62],[12.21,47.63],[12.21,47.64],[12.2,47.66],[12.46,47.67],[12.51,47.63],[12.52,47.63],[12.57,47.64],[12.58,47.64],[12.6,47.67],[12.61,47.67],[12.67,47.69],[12.72,47.68],[12.74,47.68],[12.82,47.63],[12.83,47.62],[12.81,47.62],[12.8,47.61],[12.79,47.59],[12.79,47.58],[12.8,47.56],[12.81,47.55],[12.95,47.48],[12.96,47.48],[13.01,47.47],[13.02,47.47],[13.05,47.49],[13.05,47.5],[13.1,47.64],[13.1,47.65],[13.08,47.68],[13.07,47.69],[13.06,47.71],[13.03,47.72],[13.02,47.73],[13.01,47.72],[13,47.72],[13,47.71],[12.99,47.71],[12.98,47.71],[12.92,47.72],[12.91,47.72],[12.91,47.73],[12.94,47.78],[12.95,47.79],[12.97,47.81],[13.01,47.85],[12.97,47.91],[12.92,47.96],[12.87,47.99],[12.86,48],[12.86,48.01],[12.85,48.02],[12.84,48.03],[12.81,48.05],[12.79,48.06],[12.77,48.08],[12.76,48.09],[12.75,48.11],[12.76,48.12],[12.76,48.13],[12.77,48.13],[12.87,48.2],[12.88,48.2],[13.02,48.26],[13.15,48.29],[13.26,48.3],[13.28,48.3],[13.29,48.31],[13.31,48.32],[13.34,48.33],[13.39,48.37],[13.42,48.39],[13.44,48.42],[13.44,48.44],[13.46,48.51],[13.46,48.52],[13.45,48.54],[13.44,48.55],[13.44,48.56],[13.44,48.57],[13.45,48.57],[13.51,48.58],[13.52,48.59],[13.53,48.59],[13.6,48.57],[13.65,48.55],[13.66,48.55],[13.67,48.54],[13.68,48.53],[13.73,48.52],[13.8,48.58],[13.82,48.62],[13.82,48.63],[13.83,48.64],[13.81,48.74],[13.83,48.77]]]}},{"type":"Feature","properties":{"FID":0,"FIPS":"EZ","ISO2":"CZ","ISO3":"CZE","UN":203,"NAME":"Czech Republic","AREA":7727,"POP2005":10191762,"REGION":150,"SUBREGION":151,"LON":15.338,"LAT":49.743},"geometry":{"type":"Polygon","coordinates":[[[14.7,48.58],[14.66,48.61],[14.65,48.61],[14.62,48.63],[14.61,48.63],[14.51,48.63],[14.45,48.62],[14.39,48.59],[14.28,48.58],[14.18,48.6],[14.05,48.66],[14.05,48.67],[14.01,48.71],[13.99,48.72],[13.88,48.76],[13.86,48.77],[13.83,48.77],[13.82,48.78],[13.81,48.78],[13.82,48.79],[13.82,48.8],[13.81,48.8],[13.8,48.81],[13.79,48.83],[13.78,48.84],[13.77,48.84],[13.76,48.84],[13.76,48.85],[13.75,48.86],[13.75,48.87],[13.74,48.87],[13.74,48.88],[13.73,48.88],[13.72,48.88],[13.71,48.88],[13.69,48.88],[13.68,48.88],[13.67,48.9],[13.66,48.9],[13.65,48.91],[13.64,48.91],[13.63,48.94],[13.63,48.95],[13.61,48.95],[13.6,48.95],[13.59,48.96],[13.59,48.97],[13.58,48.97],[13.56,48.97],[13.51,48.97],[13.4,49.01],[13.4,49.05],[13.39,49.05],[13.32,49.1],[13.31,49.1],[13.17,49.17],[13.03,49.29],[12.97,49.33],[12.96,49.34],[12.95,49.34],[12.89,49.35],[12.88,49.34],[12.89,49.33],[12.88,49.33],[12.8,49.34],[12.79,49.34],[12.67,49.42],[12.6,49.53],[12.58,49.56],[12.55,49.62],[12.52,49.67],[12.52,49.68],[12.51,49.68],[12.48,49.69],[12.46,49.7],[12.47,49.78],[12.55,49.9],[12.55,49.91],[12.55,49.92],[12.54,49.92],[12.49,49.98],[12.47,49.99],[12.43,49.99],[12.31,50.05],[12.27,50.07],[12.21,50.11],[12.19,50.13],[12.19,50.14],[12.2,50.14],[12.21,50.16],[12.21,50.17],[12.12,50.31],[12.09,50.32],[12.18,50.32],[12.2,50.31],[12.28,50.22],[12.32,50.21],[12.33,50.24],[12.4,50.31],[12.49,50.37],[12.51,50.39],[12.52,50.39],[12.62,50.41],[12.67,50.41],[12.73,50.43],[12.75,50.44],[12.77,50.44],[12.78,50.45],[12.82,50.45],[12.83,50.45],[12.86,50.44],[12.9,50.43],[12.9,50.42],[12.92,50.41],[12.94,50.41],[12.95,50.41],[12.99,50.42],[13.01,50.44],[13.02,50.44],[13.08,50.5],[13.18,50.5],[13.19,50.5],[13.2,50.52],[13.21,50.52],[13.22,50.54],[13.22,50.55],[13.22,50.56],[13.25,50.59],[13.38,50.63],[13.41,50.61],[13.42,50.61],[13.44,50.6],[13.46,50.6],[13.47,50.6],[13.52,50.64],[13.52,50.65],[13.51,50.65],[13.54,50.69],[13.58,50.71],[13.63,50.72],[13.67,50.73],[13.73,50.73],[13.89,50.77],[13.9,50.79],[13.99,50.81],[14.16,50.84],[14.31,50.88],[14.37,50.94],[14.32,50.95],[14.26,50.99],[14.27,51.01],[14.29,51.04],[14.3,51.05],[14.31,51.05],[14.49,51.04],[14.57,51.01],[14.6,50.98],[14.63,50.92],[14.63,50.88],[14.62,50.86],[14.65,50.85],[14.72,50.83],[14.74,50.82],[14.77,50.82],[14.78,50.82],[14.8,50.82],[14.82,50.86],[14.83,50.87],[14.97,50.86],[15,50.87],[15.01,50.87],[15.02,50.95],[15.02,50.97],[15.01,50.98],[15.18,51.02],[15.24,50.99],[15.28,50.98],[15.29,50.95],[15.28,50.94],[15.27,50.93],[15.27,50.92],[15.27,50.91],[15.28,50.89],[15.3,50.86],[15.31,50.86],[15.33,50.85],[15.36,50.85],[15.36,50.84],[15.37,50.83],[15.38,50.78],[15.49,50.79],[15.61,50.77],[15.79,50.74],[15.95,50.69],[16.02,50.63],[16.07,50.64],[16.12,50.66],[16.14,50.66],[16.24,50.67],[16.33,50.67],[16.34,50.66],[16.37,50.64],[16.43,50.6],[16.44,50.59],[16.45,50.58],[16.45,50.57],[16.41,50.52],[16.37,50.5],[16.36,50.5],[16.35,50.5],[16.34,50.5],[16.32,50.51],[16.31,50.5],[16.21,50.45],[16.2,50.44],[16.2,50.43],[16.21,50.42],[16.22,50.41],[16.27,50.39],[16.3,50.38],[16.37,50.36],[16.44,50.32],[16.46,50.3],[16.55,50.23],[16.56,50.21],[16.57,50.2],[16.57,50.18],[16.56,50.16],[16.57,50.16],[16.59,50.14],[16.61,50.12],[16.64,50.11],[16.7,50.1],[16.71,50.1],[16.72,50.1],[16.73,50.1],[16.79,50.14],[16.8,50.17],[16.81,50.17],[16.82,50.18],[16.84,50.2],[16.85,50.2],[16.91,50.22],[16.97,50.22],[17,50.22],[16.97,50.31],[16.94,50.34],[16.87,50.41],[16.87,50.42],[16.89,50.44],[16.9,50.44],[16.91,50.44],[16.94,50.44],[17.06,50.41],[17.12,50.4],[17.2,50.36],[17.21,50.36],[17.23,50.34],[17.28,50.32],[17.38,50.28],[17.43,50.27],[17.62,50.27],[17.63,50.27],[17.66,50.27],[17.67,50.27],[17.69,50.3],[17.7,50.31],[17.69,50.32],[17.7,50.32],[17.72,50.32],[17.73,50.32],[17.75,50.3],[17.76,50.23],[17.76,50.21],[17.7,50.18],[17.69,50.18],[17.65,50.17],[17.63,50.17],[17.62,50.17],[17.61,50.17],[17.6,50.16],[17.6,50.15],[17.61,50.15],[17.66,50.11],[17.84,49.99],[17.87,49.98],[17.88,49.98],[17.89,49.98],[17.91,49.98],[17.92,49.98],[17.93,49.98],[18.01,50.01],[18.05,50.06],[18.09,50.04],[18.27,49.96],[18.35,49.94],[18.55,49.92],[18.56,49.92],[18.58,49.91],[18.58,49.81],[18.63,49.74],[18.79,49.68],[18.81,49.67],[18.84,49.59],[18.85,49.55],[18.85,49.53],[18.85,49.52],[18.79,49.51],[18.66,49.5],[18.58,49.5],[18.57,49.5],[18.56,49.49],[18.55,49.49],[18.55,49.48],[18.55,49.46],[18.54,49.45],[18.39,49.34],[18.38,49.33],[18.32,49.31],[18.31,49.3],[18.28,49.3],[18.27,49.3],[18.22,49.29],[18.21,49.29],[18.21,49.28],[18.18,49.25],[18.18,49.24],[18.17,49.21],[18.16,49.17],[18.16,49.16],[18.14,49.15],[18.15,49.13],[18.15,49.12],[18.12,49.08],[18.07,49.04],[17.91,48.98],[17.84,48.93],[17.76,48.88],[17.71,48.86],[17.68,48.85],[17.66,48.85],[17.65,48.85],[17.5,48.84],[17.42,48.83],[17.4,48.82],[17.39,48.82],[17.38,48.83],[17.33,48.85],[17.25,48.87],[17.24,48.87],[17.23,48.87],[17.19,48.87],[17.11,48.83],[17.04,48.77],[17.02,48.74],[16.99,48.68],[16.95,48.62],[16.92,48.7],[16.91,48.71],[16.9,48.72],[16.89,48.73],[16.88,48.73],[16.87,48.73],[16.86,48.72],[16.84,48.72],[16.83,48.72],[16.79,48.72],[16.78,48.72],[16.71,48.75],[16.67,48.78],[16.66,48.79],[16.64,48.79],[16.54,48.81],[16.46,48.81],[16.45,48.81],[16.43,48.78],[16.42,48.76],[16.41,48.75],[16.4,48.74],[16.39,48.74],[16.38,48.73],[16.37,48.73],[16.33,48.73],[16.1,48.75],[16.08,48.76],[16.06,48.76],[16.02,48.78],[15.96,48.8],[15.85,48.86],[15.75,48.86],[15.69,48.86],[15.68,48.87],[15.59,48.9],[15.56,48.91],[15.55,48.91],[15.52,48.92],[15.51,48.92],[15.45,48.95],[15.39,48.97],[15.37,48.98],[15.35,48.99],[15.3,48.99],[15.16,49],[15.07,49.02],[15.03,49.02],[15.01,49.02],[15,49.01],[14.98,48.98],[14.98,48.97],[14.98,48.94],[14.96,48.8],[14.89,48.78],[14.85,48.79],[14.84,48.79],[14.83,48.79],[14.82,48.78],[14.81,48.78],[14.73,48.7],[14.73,48.69],[14.72,48.69],[14.71,48.66],[14.72,48.65],[14.72,48.64],[14.72,48.61],[14.72,48.6],[14.71,48.59],[14.7,48.58]]]}},{"type":"Feature","properties":{"FID":0,"FIPS":"FI","ISO2":"FI","ISO3":"FIN","UN":246,"NAME":"Finland","AREA":30459,"POP2005":5246004,"REGION":150,"SUBREGION":154,"LON":26.272,"LAT":64.504},"geometry":{"type":"MultiPolygon","coordinates":[[[[23.71,59.93],[23.65,59.92],[23.62,59.93],[23.6,59.92],[23.51,59.92],[23.4,59.9],[23.39,59.9],[23.38,59.9],[23.37,59.91],[23.37,59.92],[23.38,59.93],[23.52,59.96],[23.53,59.96],[23.54,59.96],[23.55,59.96],[23.72,59.93],[23.73,59.93],[23.71,59.93]]],[[[22.83,59.96],[22.84,59.95],[22.94,59.96],[22.98,59.96],[23,59.96],[23.05,59.96],[23.07,59.96],[23.07,59.95],[23.06,59.9],[23.05,59.9],[23.04,59.9],[23.02,59.9],[22.95,59.9],[22.93,59.9],[22.92,59.9],[22.89,59.9],[22.88,59.91],[22.85,59.92],[22.81,59.95],[22.8,59.95],[22.81,59.97],[22.82,59.97],[22.82,59.98],[22.83,59.97],[22.83,59.96]]],[[[22.44,60],[22.38,59.99],[22.37,59.99],[22.37,60],[22.35,60.03],[22.35,60.05],[22.35,60.06],[22.35,60.07],[22.36,60.07],[22.36,60.08],[22.4,60.08],[22.42,60.08],[22.43,60.08],[22.44,60.07],[22.45,60.06],[22.45,60.05],[22.45,60.01],[22.44,60]]],[[[21.6,60.1],[21.52,60.09],[21.51,60.1],[21.48,60.11],[21.5,60.14],[21.53,60.16],[21.55,60.16],[21.56,60.17],[21.6,60.16],[21.63,60.16],[21.65,60.16],[21.66,60.16],[21.66,60.15],[21.64,60.11],[21.64,60.1],[21.6,60.1]]],[[[21.75,60.11],[21.74,60.11],[21.73,60.11],[21.7,60.11],[21.7,60.12],[21.7,60.17],[21.71,60.18],[21.72,60.18],[21.72,60.19],[21.83,60.19],[21.86,60.19],[21.87,60.19],[21.89,60.18],[21.89,60.17],[21.86,60.16],[21.79,60.12],[21.75,60.11]]],[[[21.4,60.18],[21.39,60.16],[21.31,60.17],[21.27,60.19],[21.29,60.2],[21.3,60.2],[21.31,60.2],[21.34,60.2],[21.35,60.2],[21.39,60.19],[21.4,60.18]]],[[[22,60.13],[21.99,60.13],[21.96,60.13],[21.95,60.13],[21.94,60.14],[21.94,60.16],[21.94,60.17],[21.94,60.18],[21.95,60.18],[22.03,60.2],[22.06,60.2],[22.07,60.2],[22.07,60.19],[22.03,60.14],[22.02,60.14],[22,60.13]]],[[[25.85,60.2],[25.83,60.19],[25.82,60.2],[25.81,60.2],[25.81,60.21],[25.82,60.21],[25.84,60.22],[25.85,60.22],[25.88,60.21],[25.87,60.21],[25.86,60.2],[25.85,60.2]]],[[[22.82,60.23],[22.84,60.19],[22.85,60.13],[22.85,60.12],[22.84,60.1],[22.84,60.09],[22.74,60],[22.73,60],[22.68,60],[22.63,60.01],[22.6,59.98],[22.6,60],[22.6,60.01],[22.57,60.03],[22.53,60.01],[22.52,60],[22.51,60],[22.47,60],[22.47,60.07],[22.42,60.11],[22.41,60.15],[22.43,60.19],[22.44,60.21],[22.45,60.22],[22.46,60.22],[22.47,60.22],[22.48,60.21],[22.59,60.2],[22.64,60.21],[22.73,60.22],[22.82,60.23]]],[[[22.24,60.18],[22.22,60.18],[22.21,60.18],[22.21,60.19],[22.21,60.2],[22.22,60.22],[22.23,60.23],[22.24,60.23],[22.24,60.24],[22.25,60.24],[22.29,60.25],[22.31,60.22],[22.3,60.22],[22.29,60.21],[22.26,60.19],[22.24,60.18]]],[[[25.68,60.23],[25.64,60.2],[25.6,60.21],[25.59,60.21],[25.56,60.26],[25.56,60.27],[25.58,60.29],[25.59,60.29],[25.61,60.29],[25.67,60.25],[25.68,60.25],[25.68,60.24],[25.68,60.23]]],[[[22.34,60.28],[22.34,60.27],[22.33,60.26],[22.32,60.26],[22.31,60.27],[22.3,60.27],[22.29,60.27],[22.28,60.27],[22.23,60.25],[22.21,60.24],[22.22,60.27],[22.21,60.27],[22.14,60.28],[22.18,60.27],[22.18,60.26],[22.17,60.26],[22.15,60.26],[22.13,60.26],[22.08,60.26],[22.07,60.26],[22.07,60.27],[22.07,60.28],[22.07,60.29],[22.08,60.3],[22.1,60.31],[22.21,60.31],[22.22,60.31],[22.24,60.31],[22.32,60.29],[22.34,60.29],[22.34,60.28]]],[[[22.38,60.29],[22.37,60.29],[22.32,60.32],[22.32,60.34],[22.33,60.34],[22.34,60.34],[22.4,60.35],[22.47,60.33],[22.48,60.32],[22.47,60.32],[22.47,60.31],[22.46,60.31],[22.45,60.31],[22.42,60.3],[22.38,60.29]]],[[[21.98,60.32],[21.97,60.32],[21.96,60.33],[21.95,60.33],[21.9,60.34],[21.82,60.36],[21.8,60.37],[21.79,60.37],[21.79,60.38],[21.79,60.39],[21.8,60.46],[21.81,60.47],[21.82,60.47],[21.83,60.47],[21.9,60.44],[21.93,60.42],[22,60.36],[22,60.34],[22,60.33],[21.98,60.32]]],[[[21.75,60.5],[21.69,60.45],[21.68,60.45],[21.68,60.46],[21.69,60.47],[21.7,60.48],[21.7,60.49],[21.73,60.52],[21.74,60.52],[21.75,60.53],[21.76,60.53],[21.76,60.52],[21.76,60.5],[21.75,60.5]]],[[[21.33,60.48],[21.32,60.48],[21.28,60.48],[21.23,60.55],[21.23,60.56],[21.25,60.55],[21.28,60.54],[21.3,60.52],[21.32,60.5],[21.33,60.48]]],[[[21.48,60.52],[21.43,60.47],[21.42,60.47],[21.41,60.47],[21.32,60.52],[21.32,60.54],[21.33,60.55],[21.34,60.56],[21.36,60.56],[21.37,60.56],[21.39,60.56],[21.46,60.54],[21.48,60.53],[21.48,60.52]]],[[[21.29,60.61],[21.29,60.56],[21.28,60.56],[21.23,60.59],[21.22,60.6],[21.21,60.61],[21.21,60.62],[21.22,60.62],[21.26,60.64],[21.27,60.64],[21.28,60.63],[21.29,60.61]]],[[[21.33,60.88],[21.32,60.88],[21.26,60.88],[21.25,60.95],[21.25,60.96],[21.27,60.97],[21.29,60.97],[21.3,60.97],[21.3,60.96],[21.32,60.95],[21.35,60.93],[21.36,60.92],[21.33,60.88]]],[[[21.08,63.28],[21.29,63.24],[21.3,63.24],[21.35,63.25],[21.37,63.26],[21.41,63.25],[21.42,63.25],[21.43,63.2],[21.42,63.19],[21.31,63.15],[21.3,63.15],[21.28,63.15],[21.25,63.15],[21.25,63.16],[21.2,63.19],[21.19,63.19],[21.18,63.19],[21.18,63.18],[21.18,63.17],[21.16,63.17],[21.15,63.17],[21.14,63.18],[21.13,63.19],[21.1,63.24],[21.08,63.27],[21.08,63.28]]],[[[22.18,63.27],[22.17,63.26],[22.08,63.28],[22.06,63.29],[22.04,63.3],[22.04,63.31],[22.05,63.31],[22.07,63.32],[22.09,63.32],[22.19,63.32],[22.2,63.32],[22.21,63.31],[22.21,63.3],[22.19,63.27],[22.18,63.27]]],[[[21.32,63.29],[21.23,63.32],[21.23,63.33],[21.24,63.33],[21.29,63.35],[21.3,63.35],[21.34,63.35],[21.35,63.35],[21.38,63.34],[21.35,63.3],[21.32,63.29]]],[[[22.87,63.8],[22.87,63.77],[22.85,63.78],[22.82,63.78],[22.77,63.78],[22.75,63.78],[22.71,63.77],[22.68,63.78],[22.67,63.79],[22.67,63.8],[22.68,63.8],[22.68,63.81],[22.7,63.82],[22.81,63.88],[22.87,63.87],[22.88,63.87],[22.89,63.87],[22.9,63.87],[22.92,63.83],[22.92,63.82],[22.91,63.82],[22.89,63.81],[22.88,63.81],[22.87,63.8]]],[[[24.73,64.94],[24.72,64.94],[24.71,64.95],[24.6,64.96],[24.6,64.97],[24.59,64.97],[24.57,64.99],[24.55,65.03],[24.56,65.04],[24.62,65.06],[24.63,65.06],[24.65,65.06],[24.68,65.07],[24.7,65.07],[24.81,65.08],[24.83,65.08],[24.85,65.08],[25.02,65.04],[25.03,65.04],[25.04,65.04],[25.03,65.03],[25.02,65.03],[25,65.03],[24.96,65.02],[24.85,65],[24.82,64.96],[24.73,64.94]]],[[[24.46,65.76],[24.45,65.76],[24.44,65.77],[24.44,65.78],[24.45,65.79],[24.46,65.79],[24.48,65.79],[24.5,65.78],[24.46,65.76]]],[[[28.17,69.91],[28.2,69.91],[28.23,69.9],[28.28,69.9],[28.31,69.89],[28.32,69.89],[28.34,69.88],[28.36,69.85],[28.37,69.84],[28.37,69.83],[28.38,69.83],[28.41,69.82],[28.7,69.77],[28.74,69.76],[28.91,69.73],[28.95,69.73],[28.99,69.72],[29.01,69.72],[29.1,69.71],[29.11,69.7],[29.13,69.69],[29.18,69.64],[29.18,69.63],[29.3,69.5],[29.3,69.49],[29.3,69.48],[29.29,69.46],[29.27,69.45],[29.12,69.37],[29.06,69.34],[29.03,69.33],[29,69.32],[28.99,69.31],[28.93,69.29],[28.92,69.28],[28.9,69.28],[28.84,69.24],[28.83,69.24],[28.82,69.23],[28.8,69.19],[28.78,69.16],[28.78,69.15],[28.78,69.13],[28.78,69.12],[28.79,69.12],[28.8,69.11],[28.83,69.09],[28.86,69.08],[28.89,69.07],[28.96,69.05],[28.91,69.04],[28.88,69.04],[28.86,69.03],[28.75,69],[28.46,68.92],[28.45,68.92],[28.44,68.91],[28.43,68.9],[28.43,68.89],[28.45,68.88],[28.46,68.88],[28.48,68.87],[28.51,68.87],[28.57,68.87],[28.71,68.88],[28.74,68.88],[28.79,68.86],[28.81,68.85],[28.82,68.85],[28.82,68.84],[28.8,68.82],[28.8,68.8],[28.76,68.76],[28.76,68.75],[28.74,68.73],[28.66,68.68],[28.53,68.59],[28.51,68.58],[28.47,68.54],[28.46,68.53],[28.56,68.39],[28.66,68.24],[28.69,68.2],[28.7,68.19],[28.82,68.17],[29.16,68.12],[29.36,68.08],[29.38,68.06],[29.54,67.94],[29.69,67.81],[29.73,67.8],[29.9,67.74],[30.03,67.69],[29.98,67.57],[29.96,67.54],[29.95,67.53],[29.93,67.51],[29.9,67.49],[29.88,67.48],[29.75,67.42],[29.52,67.29],[29.16,67.03],[29.13,67.01],[29.09,66.98],[29.09,66.97],[29.08,66.96],[29.08,66.94],[29.07,66.91],[29.07,66.9],[29.07,66.88],[29.08,66.88],[29.09,66.86],[29.09,66.85],[29.1,66.85],[29.12,66.83],[29.13,66.82],[29.2,66.77],[29.22,66.77],[29.25,66.75],[29.26,66.75],[29.27,66.74],[29.32,66.71],[29.33,66.7],[29.35,66.68],[29.36,66.67],[29.39,66.63],[29.41,66.6],[29.55,66.47],[29.57,66.43],[29.57,66.41],[29.58,66.4],[29.58,66.39],[29.59,66.38],[29.63,66.34],[29.64,66.32],[29.77,66.21],[29.78,66.2],[29.8,66.19],[29.83,66.18],[29.85,66.16],[29.88,66.15],[29.9,66.14],[29.91,66.13],[29.92,66.11],[29.95,66.05],[30.03,65.92],[30.09,65.84],[30.1,65.83],[30.1,65.82],[30.13,65.72],[30.14,65.71],[30.14,65.7],[30.13,65.68],[30.12,65.67],[30.11,65.67],[30.09,65.67],[30.07,65.68],[30.04,65.69],[30.02,65.69],[29.99,65.69],[29.82,65.65],[29.83,65.59],[29.8,65.54],[29.78,65.53],[29.76,65.52],[29.75,65.51],[29.74,65.48],[29.74,65.46],[29.75,65.42],[29.75,65.35],[29.75,65.34],[29.71,65.32],[29.68,65.31],[29.66,65.3],[29.62,65.28],[29.61,65.27],[29.6,65.26],[29.6,65.25],[29.6,65.24],[29.61,65.23],[29.63,65.23],[29.64,65.22],[29.65,65.22],[29.67,65.22],[29.74,65.23],[29.79,65.23],[29.81,65.22],[29.83,65.22],[29.84,65.22],[29.85,65.22],[29.87,65.21],[29.87,65.2],[29.87,65.13],[29.87,65.12],[29.86,65.12],[29.84,65.11],[29.81,65.1],[29.77,65.09],[29.73,65.09],[29.68,65.08],[29.66,65.08],[29.64,65.07],[29.63,65.06],[29.62,65.06],[29.62,65.05],[29.61,65.02],[29.61,65.01],[29.61,65],[29.61,64.99],[29.64,64.93],[29.64,64.91],[29.65,64.91],[29.67,64.89],[29.71,64.85],[29.73,64.84],[29.74,64.83],[29.75,64.82],[29.77,64.81],[29.79,64.8],[29.8,64.79],[29.82,64.79],[29.84,64.79],[29.89,64.79],[29.93,64.8],[29.95,64.8],[30.05,64.8],[30.07,64.79],[30.09,64.79],[30.12,64.79],[30.13,64.78],[30.14,64.77],[30.21,64.67],[30.21,64.66],[30.2,64.65],[30.19,64.64],[30.18,64.63],[30.17,64.63],[30.14,64.62],[30.07,64.6],[30.03,64.6],[30.02,64.6],[29.98,64.59],[29.98,64.58],[29.98,64.57],[29.99,64.55],[30.01,64.51],[30.05,64.5],[30.07,64.5],[30.09,64.48],[30.09,64.47],[30.08,64.45],[30.06,64.42],[30.05,64.41],[30.07,64.4],[30.12,64.37],[30.13,64.36],[30.14,64.36],[30.16,64.35],[30.17,64.35],[30.2,64.35],[30.32,64.33],[30.36,64.32],[30.39,64.31],[30.55,64.25],[30.56,64.24],[30.57,64.24],[30.57,64.23],[30.58,64.23],[30.58,64.22],[30.61,64.1],[30.61,64.09],[30.61,64.08],[30.61,64.06],[30.59,64.05],[30.56,64.02],[30.54,64.01],[30.53,64],[30.49,63.98],[30.47,63.97],[30.4,63.93],[30.28,63.83],[30.26,63.82],[30.21,63.8],[30.14,63.78],[30.11,63.77],[30.06,63.77],[30.03,63.76],[30.01,63.76],[30,63.75],[29.99,63.74],[30,63.74],[30,63.73],[30.21,63.61],[30.23,63.6],[30.24,63.59],[30.25,63.59],[30.31,63.57],[30.36,63.56],[30.39,63.55],[30.4,63.55],[30.45,63.51],[30.46,63.5],[30.47,63.49],[30.48,63.48],[30.65,63.44],[30.71,63.42],[30.91,63.35],[31.19,63.24],[31.22,63.22],[31.24,63.21],[31.25,63.2],[31.38,63.07],[31.52,62.99],[31.52,62.98],[31.59,62.91],[31.57,62.9],[31.52,62.85],[31.5,62.84],[31.48,62.82],[31.47,62.81],[31.43,62.76],[31.32,62.62],[31.31,62.6],[31.29,62.56],[31.28,62.54],[31.27,62.52],[31.26,62.51],[31.25,62.5],[31.08,62.41],[30.96,62.34],[30.83,62.27],[30.79,62.25],[30.7,62.21],[30.63,62.17],[30.4,62.02],[30.3,61.96],[30.2,61.89],[30.16,61.86],[30.14,61.85],[30.01,61.74],[29.99,61.73],[29.81,61.61],[29.8,61.6],[29.68,61.53],[29.65,61.52],[29.5,61.44],[29.36,61.36],[29.35,61.35],[29.33,61.34],[29.3,61.32],[29.29,61.3],[29.28,61.3],[29.27,61.29],[29.25,61.28],[29.21,61.25],[29.17,61.23],[29.16,61.23],[29.07,61.2],[28.97,61.16],[28.82,61.11],[28.81,61.1],[28.72,61.05],[28.67,61],[28.65,60.98],[28.64,60.97],[28.63,60.96],[28.62,60.96],[28.61,60.96],[28.58,60.96],[28.55,60.96],[28.53,60.95],[28.52,60.95],[28.47,60.92],[28.39,60.89],[28.35,60.87],[28.34,60.86],[28.33,60.85],[28.33,60.84],[28.3,60.82],[28.27,60.8],[28.25,60.79],[28.09,60.71],[27.89,60.59],[27.81,60.55],[27.79,60.57],[27.77,60.57],[27.76,60.58],[27.75,60.57],[27.74,60.57],[27.73,60.55],[27.73,60.54],[27.74,60.51],[27.67,60.5],[27.61,60.51],[27.48,60.51],[27.47,60.5],[27.47,60.48],[27.3,60.5],[27.27,60.52],[27.27,60.54],[27.22,60.58],[27.21,60.59],[27.03,60.54],[27.03,60.53],[27.02,60.53],[26.97,60.45],[26.96,60.44],[26.95,60.45],[26.91,60.48],[26.81,60.47],[26.74,60.45],[26.67,60.43],[26.56,60.43],[26.5,60.44],[26.5,60.45],[26.48,60.46],[26.48,60.47],[26.47,60.47],[26.47,60.48],[26.48,60.49],[26.56,60.57],[26.58,60.59],[26.59,60.6],[26.62,60.61],[26.63,60.61],[26.65,60.61],[26.67,60.61],[26.69,60.6],[26.7,60.59],[26.73,60.58],[26.75,60.57],[26.75,60.58],[26.72,60.62],[26.7,60.64],[26.69,60.64],[26.66,60.65],[26.65,60.65],[26.62,60.64],[26.61,60.64],[26.55,60.58],[26.53,60.56],[26.46,60.51],[26.46,60.5],[26.45,60.49],[26.45,60.48],[26.46,60.47],[26.47,60.46],[26.48,60.45],[26.48,60.44],[26.48,60.43],[26.47,60.43],[26.46,60.42],[26.42,60.39],[26.41,60.39],[26.15,60.39],[26.06,60.42],[26.05,60.43],[26.05,60.42],[26.11,60.33],[26.11,60.32],[26.09,60.31],[26.08,60.3],[26.07,60.29],[26.04,60.29],[26.04,60.3],[26.04,60.31],[26.05,60.31],[26.04,60.32],[26,60.34],[25.89,60.39],[25.88,60.39],[25.84,60.4],[25.86,60.39],[25.88,60.38],[25.91,60.36],[25.92,60.35],[25.93,60.25],[25.93,60.24],[25.92,60.24],[25.91,60.24],[25.9,60.24],[25.89,60.24],[25.88,60.25],[25.88,60.26],[25.87,60.27],[25.87,60.28],[25.86,60.28],[25.75,60.31],[25.74,60.31],[25.74,60.3],[25.74,60.29],[25.75,60.29],[25.79,60.27],[25.8,60.27],[25.83,60.27],[25.84,60.27],[25.85,60.27],[25.78,60.23],[25.77,60.23],[25.72,60.25],[25.67,60.27],[25.65,60.29],[25.65,60.3],[25.65,60.34],[25.66,60.34],[25.67,60.34],[25.69,60.34],[25.7,60.34],[25.69,60.34],[25.69,60.36],[25.68,60.36],[25.67,60.36],[25.66,60.36],[25.65,60.36],[25.58,60.33],[25.55,60.31],[25.49,60.25],[25.48,60.25],[25.37,60.26],[25.2,60.24],[25.19,60.24],[25.15,60.22],[25.16,60.22],[25.18,60.21],[25.19,60.21],[25.2,60.21],[25.2,60.2],[25.2,60.19],[25.19,60.18],[25.07,60.16],[24.96,60.14],[24.95,60.14],[24.85,60.14],[24.75,60.14],[24.6,60.12],[24.61,60.09],[24.59,60.06],[24.59,60.05],[24.48,59.99],[24.46,59.99],[24.42,59.99],[24.42,60.03],[24.37,60.07],[24.36,60.07],[24.33,60.07],[24.29,60.07],[24.29,60.06],[24.28,60.06],[24.22,60.04],[24.07,60.02],[23.8,59.96],[23.7,59.95],[23.63,59.95],[23.62,59.95],[23.56,59.97],[23.51,59.97],[23.43,59.95],[23.43,59.96],[23.48,60],[23.52,60.02],[23.54,60.02],[23.54,60.03],[23.55,60.07],[23.54,60.07],[23.52,60.07],[23.49,60.06],[23.37,59.94],[23.25,59.84],[23.19,59.83],[22.91,59.8],[22.89,59.81],[22.93,59.84],[23.09,59.88],[23.11,59.88],[23.16,59.88],[23.17,59.89],[23.26,59.92],[23.3,59.96],[23.33,60],[23.34,60.02],[23.34,60.03],[23.33,60.03],[23.32,60.02],[23.31,60.02],[23.3,60],[23.28,59.98],[23.25,59.95],[23.23,59.93],[23.22,59.92],[23.12,59.92],[23.11,59.92],[23.1,59.93],[23.1,59.94],[23.11,59.97],[23.17,59.98],[23.2,59.99],[23.22,60],[23.23,60],[23.26,60.04],[23.25,60.04],[23.2,60.05],[23.19,60.05],[23.15,60.05],[23.13,60.04],[23.11,60.04],[23.1,60.04],[23.08,60.03],[23.07,60.03],[23.05,60.04],[23,60.05],[22.99,60.06],[22.99,60.08],[23,60.09],[23.02,60.1],[23.04,60.12],[23.03,60.13],[23.02,60.13],[22.97,60.11],[22.91,60.13],[22.87,60.15],[22.87,60.18],[22.9,60.21],[22.91,60.22],[22.92,60.23],[22.93,60.23],[22.96,60.25],[22.97,60.25],[23.01,60.28],[23.02,60.29],[23.09,60.34],[23.09,60.35],[23.08,60.35],[23.07,60.35],[23.06,60.35],[22.92,60.3],[22.81,60.26],[22.79,60.26],[22.76,60.24],[22.74,60.24],[22.73,60.23],[22.7,60.23],[22.66,60.22],[22.57,60.21],[22.56,60.21],[22.45,60.24],[22.46,60.26],[22.46,60.27],[22.48,60.28],[22.49,60.28],[22.54,60.31],[22.62,60.37],[22.63,60.38],[22.63,60.39],[22.62,60.39],[22.48,60.39],[22.28,60.39],[22.26,60.4],[22.24,60.41],[22.18,60.43],[22.11,60.45],[22.08,60.44],[22.01,60.47],[21.97,60.49],[21.95,60.51],[21.95,60.52],[21.94,60.52],[21.87,60.52],[21.85,60.52],[21.84,60.52],[21.84,60.51],[21.86,60.47],[21.8,60.48],[21.8,60.56],[21.8,60.57],[21.81,60.58],[21.83,60.58],[21.83,60.59],[21.82,60.62],[21.77,60.6],[21.66,60.55],[21.59,60.51],[21.58,60.56],[21.56,60.57],[21.55,60.57],[21.52,60.58],[21.51,60.58],[21.5,60.57],[21.49,60.57],[21.47,60.56],[21.45,60.56],[21.43,60.57],[21.42,60.59],[21.36,60.65],[21.36,60.67],[21.36,60.68],[21.36,60.69],[21.39,60.69],[21.39,60.76],[21.36,60.81],[21.33,60.87],[21.39,60.94],[21.41,61.03],[21.44,61.17],[21.49,61.24],[21.54,61.28],[21.55,61.31],[21.53,61.45],[21.52,61.51],[21.51,61.51],[21.5,61.52],[21.46,61.55],[21.47,61.56],[21.49,61.57],[21.5,61.57],[21.6,61.55],[21.66,61.53],[21.67,61.55],[21.6,61.6],[21.54,61.65],[21.47,61.76],[21.48,61.77],[21.49,61.8],[21.41,61.89],[21.36,61.93],[21.3,61.94],[21.29,61.95],[21.28,61.95],[21.25,62.01],[21.29,62.07],[21.31,62.11],[21.33,62.15],[21.38,62.18],[21.38,62.19],[21.39,62.2],[21.39,62.21],[21.37,62.26],[21.34,62.35],[21.33,62.35],[21.26,62.38],[21.16,62.41],[21.11,62.45],[21.11,62.49],[21.13,62.55],[21.07,62.59],[21.06,62.6],[21.07,62.61],[21.1,62.76],[21.11,62.77],[21.13,62.79],[21.14,62.79],[21.3,62.86],[21.34,62.85],[21.35,62.85],[21.36,62.86],[21.37,62.86],[21.38,62.86],[21.38,62.87],[21.4,62.89],[21.43,62.94],[21.45,62.97],[21.45,63.01],[21.43,63.03],[21.43,63.04],[21.44,63.04],[21.5,63.07],[21.51,63.07],[21.52,63.07],[21.54,63.06],[21.55,63.05],[21.55,63.04],[21.56,63.04],[21.62,63.02],[21.67,63.02],[21.68,63.02],[21.69,63.02],[21.68,63.03],[21.66,63.05],[21.65,63.05],[21.61,63.07],[21.57,63.08],[21.56,63.08],[21.52,63.12],[21.52,63.13],[21.5,63.16],[21.49,63.19],[21.49,63.2],[21.5,63.21],[21.5,63.22],[21.53,63.23],[21.54,63.23],[21.56,63.23],[21.57,63.22],[21.58,63.21],[21.63,63.19],[21.65,63.19],[21.69,63.21],[21.87,63.26],[21.88,63.26],[21.89,63.25],[21.89,63.21],[21.97,63.18],[22.09,63.22],[22.18,63.23],[22.22,63.24],[22.34,63.27],[22.34,63.28],[22.37,63.31],[22.37,63.32],[22.36,63.34],[22.33,63.37],[22.32,63.37],[22.3,63.38],[22.27,63.39],[22.2,63.42],[22.19,63.43],[22.19,63.44],[22.19,63.45],[22.19,63.46],[22.28,63.52],[22.29,63.53],[22.33,63.52],[22.34,63.52],[22.38,63.49],[22.4,63.47],[22.43,63.5],[22.49,63.57],[22.5,63.58],[22.51,63.6],[22.5,63.61],[22.5,63.62],[22.59,63.7],[22.66,63.7],[22.67,63.7],[22.68,63.7],[22.7,63.69],[22.7,63.68],[22.71,63.66],[22.71,63.65],[22.73,63.62],[22.74,63.62],[22.75,63.62],[22.78,63.63],[22.82,63.64],[22.9,63.7],[22.93,63.76],[22.93,63.77],[22.92,63.77],[22.92,63.8],[23.07,63.85],[23.14,63.88],[23.15,63.88],[23.2,63.88],[23.21,63.89],[23.32,63.9],[23.37,63.94],[23.37,63.99],[23.38,64.04],[23.39,64.05],[23.4,64.05],[23.42,64.05],[23.43,64.05],[23.51,64.04],[23.6,64.06],[23.61,64.1],[23.65,64.14],[23.69,64.16],[23.71,64.16],[23.72,64.18],[23.86,64.24],[23.93,64.27],[23.92,64.28],[23.93,64.3],[23.99,64.38],[24,64.39],[24.12,64.44],[24.21,64.47],[24.28,64.5],[24.34,64.52],[24.36,64.54],[24.38,64.58],[24.37,64.6],[24.37,64.61],[24.37,64.62],[24.38,64.63],[24.43,64.67],[24.54,64.74],[24.54,64.75],[24.54,64.8],[24.73,64.85],[24.8,64.87],[25,64.89],[25.08,64.91],[25.09,64.91],[25.1,64.91],[25.11,64.91],[25.12,64.91],[25.18,64.87],[25.19,64.85],[25.2,64.84],[25.23,64.82],[25.25,64.81],[25.26,64.81],[25.3,64.81],[25.32,64.82],[25.34,64.82],[25.36,64.83],[25.37,64.89],[25.37,64.9],[25.36,64.91],[25.35,64.91],[25.34,64.91],[25.32,64.9],[25.3,64.9],[25.23,64.93],[25.19,64.96],[25.19,64.97],[25.21,64.99],[25.22,64.99],[25.31,64.98],[25.32,64.98],[25.34,64.97],[25.36,64.96],[25.38,64.95],[25.41,64.94],[25.42,64.94],[25.44,64.95],[25.45,64.95],[25.45,64.96],[25.41,65.03],[25.37,65.08],[25.36,65.09],[25.35,65.1],[25.3,65.11],[25.29,65.11],[25.27,65.17],[25.29,65.27],[25.3,65.29],[25.32,65.35],[25.36,65.41],[25.36,65.45],[25.35,65.48],[25.31,65.51],[25.3,65.52],[25.22,65.55],[25.21,65.56],[25.2,65.56],[25.18,65.56],[25.17,65.56],[25.15,65.55],[25.14,65.55],[25.12,65.56],[25.11,65.56],[25.09,65.57],[25.09,65.59],[25.09,65.6],[25.08,65.61],[25.07,65.61],[24.9,65.65],[24.88,65.65],[24.8,65.66],[24.77,65.66],[24.75,65.65],[24.67,65.66],[24.56,65.72],[24.56,65.73],[24.55,65.73],[24.55,65.75],[24.55,65.77],[24.55,65.78],[24.56,65.79],[24.63,65.85],[24.69,65.9],[24.63,65.89],[24.62,65.89],[24.56,65.83],[24.56,65.82],[24.54,65.8],[24.45,65.79],[24.42,65.77],[24.41,65.77],[24.23,65.77],[24.21,65.78],[24.18,65.79],[24.17,65.79],[24.17,65.81],[24.17,65.82],[24.17,65.83],[24.16,65.84],[24.03,66.02],[23.97,66.07],[23.95,66.1],[23.94,66.12],[23.93,66.14],[23.91,66.15],[23.89,66.16],[23.88,66.16],[23.86,66.16],[23.85,66.16],[23.82,66.17],[23.81,66.17],[23.75,66.19],[23.73,66.19],[23.73,66.2],[23.72,66.2],[23.68,66.26],[23.67,66.3],[23.66,66.31],[23.66,66.32],[23.64,66.43],[23.64,66.44],[23.65,66.45],[23.66,66.46],[23.67,66.47],[23.73,66.5],[23.81,66.54],[23.83,66.54],[23.86,66.55],[23.87,66.55],[23.88,66.56],[23.89,66.57],[23.89,66.58],[23.9,66.68],[23.9,66.71],[23.89,66.74],[23.89,66.75],[23.94,66.79],[23.95,66.79],[23.99,66.79],[24,66.79],[24.01,66.8],[24,66.81],[23.95,66.87],[23.94,66.88],[23.87,66.93],[23.79,66.98],[23.76,66.99],[23.74,67],[23.73,67.01],[23.68,67.05],[23.58,67.15],[23.57,67.16],[23.59,67.23],[23.59,67.25],[23.61,67.26],[23.63,67.27],[23.64,67.27],[23.68,67.28],[23.71,67.28],[23.73,67.28],[23.74,67.28],[23.75,67.29],[23.77,67.31],[23.78,67.33],[23.77,67.41],[23.77,67.42],[23.76,67.42],[23.73,67.43],[23.58,67.45],[23.55,67.45],[23.54,67.45],[23.53,67.45],[23.51,67.44],[23.5,67.44],[23.49,67.44],[23.47,67.44],[23.46,67.44],[23.45,67.45],[23.43,67.47],[23.43,67.48],[23.43,67.49],[23.47,67.56],[23.51,67.67],[23.49,67.71],[23.47,67.82],[23.48,67.86],[23.49,67.87],[23.49,67.88],[23.51,67.88],[23.55,67.89],[23.6,67.89],[23.61,67.9],[23.64,67.91],[23.65,67.92],[23.66,67.92],[23.67,67.93],[23.67,67.94],[23.66,67.95],[23.65,67.95],[23.64,67.96],[23.53,67.99],[23.39,68.04],[23.38,68.06],[23.37,68.06],[23.35,68.08],[23.07,68.29],[23.06,68.29],[23.05,68.29],[22.97,68.32],[22.94,68.32],[22.91,68.33],[22.9,68.33],[22.86,68.36],[22.83,68.38],[22.82,68.39],[22.67,68.42],[22.66,68.42],[22.58,68.43],[22.5,68.44],[22.43,68.45],[22.37,68.46],[22.17,68.46],[22.15,68.47],[22.06,68.48],[22.05,68.48],[22.04,68.48],[22.04,68.49],[22.04,68.5],[22.02,68.51],[22,68.52],[21.96,68.54],[21.93,68.56],[21.9,68.57],[21.88,68.57],[21.86,68.57],[21.82,68.57],[21.81,68.57],[21.77,68.57],[21.76,68.58],[21.74,68.58],[21.72,68.59],[21.71,68.6],[21.71,68.61],[21.71,68.62],[21.7,68.62],[21.64,68.64],[21.62,68.65],[21.6,68.66],[21.59,68.66],[21.55,68.66],[21.5,68.67],[21.49,68.67],[21.47,68.68],[21.45,68.69],[21.42,68.72],[21.22,68.82],[21.21,68.82],[21.08,68.87],[21.06,68.87],[21.02,68.88],[20.99,68.88],[20.96,68.88],[20.95,68.88],[20.91,68.89],[20.9,68.89],[20.89,68.89],[20.89,68.9],[20.88,68.91],[20.89,68.93],[20.92,68.94],[20.93,68.95],[20.94,68.95],[20.94,68.96],[20.93,68.97],[20.91,68.99],[20.88,69],[20.87,69],[20.85,69.01],[20.79,69.02],[20.74,69.03],[20.65,69.04],[20.6,69.05],[20.58,69.06],[20.61,69.07],[20.68,69.09],[20.7,69.09],[20.72,69.1],[20.74,69.1],[20.77,69.09],[20.82,69.09],[20.84,69.08],[20.94,69.06],[20.98,69.05],[21.03,69.03],[21.06,69.03],[21.07,69.04],[21.07,69.05],[21.09,69.06],[21.1,69.08],[21.11,69.1],[21.11,69.11],[21.08,69.12],[21.07,69.13],[21.05,69.14],[21.04,69.16],[21.03,69.21],[21.04,69.22],[21.05,69.23],[21.32,69.33],[21.68,69.28],[22,69.08],[22.04,69.05],[22.21,68.95],[22.2,68.95],[22.2,68.94],[22.19,68.94],[22.2,68.93],[22.28,68.88],[22.35,68.84],[22.36,68.81],[22.37,68.79],[22.4,68.71],[22.5,68.73],[22.55,68.74],[22.8,68.69],[22.86,68.69],[23.06,68.7],[23.07,68.69],[23.1,68.67],[23.14,68.65],[23.16,68.64],[23.19,68.63],[23.2,68.63],[23.26,68.64],[23.28,68.64],[23.29,68.65],[23.33,68.66],[23.41,68.68],[23.47,68.69],[23.52,68.7],[23.58,68.7],[23.66,68.71],[23.68,68.71],[23.69,68.71],[23.7,68.72],[23.71,68.72],[23.74,68.74],[23.76,68.76],[23.78,68.78],[23.8,68.79],[23.8,68.8],[23.82,68.82],[23.82,68.83],[23.83,68.83],[23.86,68.83],[23.9,68.83],[23.98,68.83],[24.03,68.83],[24.05,68.82],[24.06,68.82],[24.07,68.82],[24.08,68.81],[24.09,68.81],[24.09,68.8],[24.1,68.8],[24.12,68.78],[24.2,68.75],[24.22,68.75],[24.34,68.71],[24.35,68.71],[24.36,68.71],[24.42,68.7],[24.45,68.7],[24.51,68.7],[24.58,68.69],[24.63,68.69],[24.69,68.68],[24.75,68.66],[24.77,68.65],[24.8,68.64],[24.81,68.63],[24.83,68.62],[24.83,68.61],[24.84,68.61],[24.86,68.59],[24.93,68.58],[25.08,68.62],[25.1,68.63],[25.1,68.64],[25.11,68.64],[25.11,68.65],[25.11,68.66],[25.1,68.67],[25.11,68.68],[25.16,68.77],[25.17,68.79],[25.19,68.8],[25.21,68.82],[25.23,68.83],[25.36,68.87],[25.39,68.88],[25.41,68.89],[25.43,68.89],[25.44,68.89],[25.47,68.89],[25.49,68.89],[25.51,68.89],[25.55,68.88],[25.57,68.88],[25.59,68.88],[25.61,68.88],[25.62,68.88],[25.63,68.89],[25.65,68.9],[25.65,68.91],[25.66,68.91],[25.69,68.93],[25.76,68.99],[25.77,69.05],[25.73,69.11],[25.71,69.21],[25.71,69.25],[25.74,69.32],[25.75,69.34],[25.77,69.35],[25.81,69.37],[25.83,69.38],[25.84,69.39],[25.87,69.49],[25.95,69.58],[25.96,69.59],[25.96,69.6],[25.97,69.62],[25.98,69.63],[25.97,69.64],[25.96,69.65],[25.95,69.66],[25.94,69.66],[25.94,69.67],[25.95,69.67],[25.95,69.68],[25.97,69.69],[25.98,69.7],[25.99,69.71],[26,69.71],[26.01,69.71],[26.1,69.73],[26.13,69.73],[26.16,69.74],[26.17,69.75],[26.37,69.85],[26.38,69.85],[26.39,69.87],[26.4,69.87],[26.42,69.89],[26.42,69.9],[26.44,69.91],[26.45,69.93],[26.47,69.94],[26.48,69.94],[26.6,69.95],[26.62,69.95],[26.81,69.95],[26.86,69.95],[26.86,69.94],[26.87,69.93],[26.89,69.93],[26.9,69.92],[27.04,69.91],[27.05,69.91],[27.07,69.91],[27.08,69.91],[27.21,69.93],[27.28,69.95],[27.29,69.95],[27.3,69.95],[27.31,69.96],[27.31,69.97],[27.3,69.97],[27.3,69.98],[27.3,69.99],[27.42,70.02],[27.57,70.06],[27.57,70.07],[27.6,70.07],[27.87,70.09],[27.9,70.09],[27.92,70.09],[27.93,70.09],[27.94,70.08],[27.96,70.07],[27.97,70.06],[27.98,70.05],[27.98,70.04],[27.97,70.04],[27.97,70.02],[27.98,70.01],[27.98,70],[28,69.99],[28.09,69.94],[28.11,69.93],[28.15,69.92],[28.17,69.91]]]]}},{"type":"Feature","properties":{"FID":0,"FIPS":"FR","ISO2":"FR","ISO3":"FRA","UN":250,"NAME":"France","AREA":55010,"POP2005":60990544,"REGION":150,"SUBREGION":155,"LON":2.55,"LAT":46.565},"geometry":{"type":"MultiPolygon","coordinates":[[[[9.49,42.62],[9.49,42.6],[9.48,42.61],[9.48,42.62],[9.46,42.63],[9.46,42.64],[9.49,42.62]]],[[[9.45,42.68],[9.45,42.65],[9.45,42.63],[9.47,42.58],[9.48,42.58],[9.51,42.56],[9.51,42.57],[9.51,42.58],[9.5,42.59],[9.5,42.6],[9.52,42.57],[9.53,42.55],[9.53,42.54],[9.56,42.27],[9.56,42.19],[9.56,42.13],[9.55,42.12],[9.55,42.1],[9.45,42],[9.43,41.98],[9.41,41.95],[9.41,41.94],[9.4,41.88],[9.4,41.86],[9.4,41.85],[9.4,41.84],[9.4,41.83],[9.4,41.82],[9.4,41.7],[9.38,41.66],[9.38,41.65],[9.37,41.64],[9.32,41.6],[9.27,41.52],[9.24,41.45],[9.25,41.43],[9.25,41.42],[9.25,41.41],[9.22,41.37],[9.21,41.37],[9.19,41.36],[9.18,41.37],[9.13,41.39],[9.12,41.43],[8.98,41.48],[8.97,41.48],[8.94,41.49],[8.92,41.5],[8.79,41.56],[8.79,41.61],[8.79,41.63],[8.8,41.64],[8.81,41.64],[8.81,41.63],[8.82,41.63],[8.87,41.65],[8.88,41.65],[8.91,41.68],[8.92,41.68],[8.92,41.69],[8.91,41.69],[8.88,41.7],[8.86,41.7],[8.85,41.7],[8.84,41.7],[8.8,41.71],[8.73,41.73],[8.71,41.76],[8.75,41.81],[8.79,41.85],[8.8,41.9],[8.8,41.91],[8.78,41.92],[8.78,41.93],[8.77,41.93],[8.75,41.93],[8.74,41.93],[8.74,41.92],[8.73,41.92],[8.72,41.91],[8.71,41.91],[8.67,41.91],[8.63,41.91],[8.59,41.96],[8.59,41.97],[8.61,41.97],[8.63,41.97],[8.65,41.97],[8.66,41.98],[8.67,41.98],[8.67,41.99],[8.66,42.01],[8.74,42.04],[8.74,42.05],[8.74,42.06],[8.68,42.11],[8.64,42.12],[8.61,42.13],[8.59,42.17],[8.57,42.22],[8.62,42.25],[8.65,42.26],[8.68,42.27],[8.69,42.27],[8.69,42.28],[8.63,42.34],[8.62,42.35],[8.61,42.35],[8.6,42.35],[8.58,42.35],[8.58,42.38],[8.66,42.51],[8.71,42.57],[8.72,42.57],[8.89,42.63],[9.05,42.68],[9.06,42.69],[9.08,42.71],[9.09,42.71],[9.12,42.73],[9.15,42.73],[9.25,42.72],[9.26,42.72],[9.27,42.7],[9.28,42.69],[9.28,42.68],[9.29,42.67],[9.29,42.68],[9.31,42.69],[9.32,42.7],[9.34,42.73],[9.34,42.74],[9.34,42.75],[9.34,42.79],[9.34,42.8],[9.33,42.81],[9.32,42.82],[9.31,42.83],[9.31,42.84],[9.34,42.99],[9.35,43],[9.38,43.01],[9.42,43.01],[9.46,42.99],[9.49,42.81],[9.49,42.8],[9.49,42.79],[9.47,42.77],[9.47,42.76],[9.46,42.72],[9.45,42.69],[9.45,42.68]]],[[[-1.19,45.82],[-1.21,45.81],[-1.24,45.86],[-1.25,45.87],[-1.28,45.91],[-1.29,45.91],[-1.32,45.92],[-1.34,45.94],[-1.37,45.95],[-1.37,45.96],[-1.38,45.97],[-1.4,46.05],[-1.39,46.05],[-1.36,46.05],[-1.36,46.04],[-1.27,46],[-1.23,45.97],[-1.17,45.9],[-1.17,45.89],[-1.18,45.85],[-1.19,45.83],[-1.19,45.82]]],[[[-1.26,46.16],[-1.28,46.16],[-1.3,46.16],[-1.32,46.16],[-1.51,46.2],[-1.52,46.21],[-1.53,46.22],[-1.55,46.24],[-1.55,46.25],[-1.5,46.26],[-1.49,46.26],[-1.48,46.26],[-1.47,46.26],[-1.29,46.2],[-1.26,46.17],[-1.25,46.16],[-1.26,46.16]]],[[[-2.27,46.69],[-2.28,46.69],[-2.36,46.7],[-2.37,46.7],[-2.38,46.71],[-2.38,46.72],[-2.38,46.73],[-2.37,46.73],[-2.36,46.74],[-2.35,46.74],[-2.33,46.73],[-2.3,46.72],[-2.28,46.7],[-2.27,46.7],[-2.27,46.69]]],[[[-2.2,47.02],[-2.14,46.95],[-2.14,46.94],[-2.14,46.92],[-2.14,46.91],[-2.15,46.91],[-2.18,46.95],[-2.2,46.96],[-2.21,46.96],[-2.22,46.97],[-2.23,46.97],[-2.25,46.96],[-2.26,46.97],[-2.29,47.02],[-2.28,47.03],[-2.26,47.03],[-2.25,47.03],[-2.23,47.03],[-2.22,47.03],[-2.21,47.02],[-2.2,47.02]]],[[[-3.07,47.31],[-3.08,47.29],[-3.09,47.29],[-3.11,47.3],[-3.12,47.3],[-3.16,47.3],[-3.17,47.3],[-3.19,47.3],[-3.21,47.3],[-3.22,47.3],[-3.22,47.31],[-3.24,47.31],[-3.24,47.32],[-3.26,47.37],[-3.26,47.38],[-3.25,47.39],[-3.24,47.39],[-3.06,47.32],[-3.06,47.31],[-3.07,47.31]]],[[[-5.05,48.45],[-5.1,48.44],[-5.13,48.45],[-5.13,48.46],[-5.11,48.48],[-5.07,48.48],[-5.05,48.48],[-5.04,48.47],[-5.05,48.46],[-5.05,48.45]]],[[[-3.58,48.8],[-3.58,48.81],[-3.57,48.81],[-3.56,48.81],[-3.57,48.81],[-3.58,48.8]]],[[[2.54,51.09],[2.6,51],[2.6,50.93],[2.65,50.82],[2.78,50.76],[2.87,50.71],[2.9,50.7],[2.94,50.74],[2.96,50.76],[3.01,50.77],[3.02,50.77],[3.03,50.77],[3.04,50.78],[3.05,50.78],[3.12,50.79],[3.14,50.79],[3.15,50.79],[3.16,50.78],[3.17,50.78],[3.18,50.76],[3.19,50.75],[3.2,50.73],[3.24,50.67],[3.24,50.66],[3.28,50.54],[3.3,50.53],[3.3,50.52],[3.37,50.5],[3.37,50.49],[3.45,50.51],[3.46,50.51],[3.52,50.52],[3.61,50.5],[3.62,50.49],[3.65,50.46],[3.66,50.46],[3.67,50.44],[3.67,50.43],[3.68,50.4],[3.77,50.35],[3.89,50.34],[3.98,50.34],[4.03,50.36],[4.04,50.36],[4.17,50.28],[4.19,50.24],[4.17,50.14],[4.15,50.01],[4.15,49.98],[4.17,49.98],[4.18,49.98],[4.21,49.96],[4.23,49.96],[4.25,49.96],[4.32,49.97],[4.41,49.95],[4.43,49.95],[4.45,49.94],[4.46,49.94],[4.51,49.95],[4.67,50],[4.68,50],[4.69,50.04],[4.7,50.06],[4.69,50.06],[4.69,50.07],[4.69,50.08],[4.7,50.09],[4.76,50.14],[4.82,50.17],[4.83,50.17],[4.88,50.16],[4.89,50.14],[4.89,50.13],[4.88,50.13],[4.85,50.1],[4.84,50.07],[4.82,49.99],[4.86,49.81],[4.87,49.8],[4.91,49.79],[4.92,49.79],[4.93,49.79],[4.95,49.79],[4.96,49.8],[4.98,49.8],[5,49.8],[5.33,49.66],[5.39,49.62],[5.4,49.62],[5.42,49.61],[5.43,49.61],[5.44,49.6],[5.47,49.54],[5.48,49.54],[5.48,49.53],[5.47,49.53],[5.46,49.52],[5.47,49.51],[5.48,49.5],[5.51,49.51],[5.53,49.51],[5.59,49.53],[5.63,49.54],[5.7,49.54],[5.79,49.55],[5.81,49.55],[5.81,49.54],[5.84,49.51],[5.86,49.5],[5.98,49.45],[6.09,49.45],[6.12,49.47],[6.12,49.48],[6.12,49.49],[6.16,49.5],[6.17,49.51],[6.23,49.51],[6.24,49.51],[6.25,49.51],[6.3,49.48],[6.33,49.47],[6.36,49.46],[6.41,49.48],[6.42,49.48],[6.47,49.46],[6.51,49.44],[6.53,49.43],[6.54,49.43],[6.55,49.42],[6.59,49.36],[6.69,49.24],[6.72,49.19],[6.71,49.19],[6.71,49.18],[6.72,49.17],[6.73,49.17],[6.74,49.16],[6.82,49.15],[6.83,49.15],[6.84,49.16],[6.86,49.17],[6.86,49.18],[6.85,49.19],[6.84,49.2],[6.84,49.21],[6.85,49.22],[6.92,49.22],[6.93,49.22],[7.02,49.19],[7.09,49.13],[7.15,49.12],[7.29,49.11],[7.36,49.14],[7.37,49.16],[7.37,49.17],[7.38,49.17],[7.41,49.18],[7.42,49.18],[7.43,49.18],[7.49,49.16],[7.63,49.07],[7.63,49.06],[7.65,49.05],[7.67,49.04],[7.74,49.04],[7.82,49.05],[7.93,49.05],[7.94,49.05],[8.04,49.01],[8.05,49.01],[8.16,48.98],[8.23,48.96],[8.21,48.96],[8.19,48.95],[8.14,48.9],[8.14,48.89],[8.12,48.87],[8.11,48.85],[8.11,48.84],[8.11,48.82],[8.1,48.82],[8.09,48.8],[7.96,48.72],[7.88,48.66],[7.8,48.58],[7.75,48.42],[7.74,48.4],[7.74,48.39],[7.74,48.37],[7.75,48.34],[7.75,48.33],[7.69,48.28],[7.61,48.16],[7.58,48.12],[7.58,48.11],[7.57,48.09],[7.57,48.06],[7.57,48.05],[7.57,48.04],[7.57,48.03],[7.58,48.03],[7.61,48.01],[7.62,48],[7.62,47.99],[7.62,47.98],[7.62,47.97],[7.58,47.9],[7.56,47.86],[7.53,47.79],[7.51,47.7],[7.51,47.69],[7.52,47.67],[7.53,47.66],[7.54,47.66],[7.56,47.64],[7.57,47.64],[7.59,47.61],[7.59,47.6],[7.59,47.59],[7.59,47.58],[7.59,47.59],[7.57,47.58],[7.56,47.58],[7.55,47.58],[7.55,47.57],[7.52,47.56],[7.51,47.56],[7.5,47.55],[7.5,47.54],[7.5,47.5],[7.5,47.49],[7.45,47.47],[7.43,47.46],[7.42,47.45],[7.39,47.43],[7.38,47.43],[7.36,47.43],[7.34,47.44],[7.31,47.44],[7.28,47.43],[7.25,47.42],[7.24,47.42],[7.19,47.44],[7.18,47.45],[7.15,47.5],[7.03,47.51],[6.99,47.5],[6.88,47.37],[6.88,47.36],[6.93,47.36],[6.98,47.36],[7,47.37],[6.97,47.29],[6.84,47.17],[6.85,47.16],[6.79,47.13],[6.7,47.06],[6.68,47.03],[6.64,47],[6.63,47],[6.62,46.99],[6.57,46.98],[6.53,46.97],[6.46,46.9],[6.45,46.84],[6.46,46.78],[6.45,46.77],[6.43,46.76],[6.37,46.72],[6.36,46.71],[6.35,46.71],[6.27,46.68],[6.13,46.59],[6.13,46.58],[6.13,46.54],[6.09,46.45],[6.07,46.43],[6.11,46.41],[6.15,46.39],[6.16,46.38],[6.16,46.37],[6.15,46.36],[6.12,46.31],[6.11,46.3],[6.12,46.27],[6.12,46.26],[6.11,46.25],[6.08,46.25],[6.07,46.25],[6.06,46.25],[6.03,46.24],[6.01,46.23],[5.98,46.22],[5.97,46.21],[5.97,46.2],[6,46.15],[6.12,46.15],[6.13,46.15],[6.15,46.15],[6.19,46.17],[6.25,46.22],[6.27,46.26],[6.24,46.32],[6.23,46.32],[6.23,46.33],[6.24,46.34],[6.24,46.35],[6.25,46.36],[6.3,46.39],[6.31,46.4],[6.33,46.41],[6.49,46.45],[6.51,46.46],[6.52,46.46],[6.63,46.46],[6.7,46.45],[6.74,46.45],[6.79,46.43],[6.8,46.43],[6.81,46.42],[6.81,46.41],[6.81,46.4],[6.8,46.38],[6.78,46.17],[6.78,46.16],[6.78,46.15],[6.79,46.14],[6.87,46.09],[6.93,46.05],[7.01,46],[7.03,45.96],[7.04,45.93],[7,45.89],[6.99,45.88],[6.98,45.87],[6.97,45.87],[6.94,45.86],[6.92,45.85],[6.91,45.85],[6.9,45.85],[6.88,45.86],[6.87,45.86],[6.82,45.84],[6.81,45.83],[6.8,45.8],[6.8,45.78],[6.81,45.73],[6.81,45.72],[6.97,45.6],[6.99,45.53],[7,45.52],[7.09,45.48],[7.15,45.43],[7.16,45.38],[7.13,45.26],[7.07,45.22],[6.94,45.18],[6.83,45.15],[6.82,45.16],[6.77,45.17],[6.76,45.17],[6.7,45.15],[6.69,45.15],[6.68,45.14],[6.64,45.13],[6.63,45.12],[6.62,45.11],[6.66,45.04],[6.75,44.92],[6.78,44.91],[6.84,44.87],[6.86,44.87],[6.89,44.86],[6.9,44.86],[6.92,44.86],[6.94,44.87],[6.95,44.87],[6.96,44.87],[6.97,44.86],[7,44.85],[7.01,44.85],[7.03,44.83],[7.03,44.74],[6.98,44.69],[6.97,44.69],[6.95,44.66],[6.85,44.54],[6.85,44.52],[6.88,44.38],[6.88,44.37],[6.98,44.28],[7.03,44.25],[7.35,44.13],[7.42,44.13],[7.47,44.14],[7.52,44.16],[7.62,44.18],[7.66,44.17],[7.66,44.15],[7.66,44.14],[7.66,44.13],[7.67,44.12],[7.71,44.09],[7.71,44.08],[7.7,44.07],[7.66,44.01],[7.6,43.97],[7.5,43.89],[7.5,43.88],[7.49,43.88],[7.49,43.87],[7.49,43.86],[7.5,43.85],[7.51,43.82],[7.53,43.79],[7.52,43.79],[7.51,43.79],[7.48,43.78],[7.44,43.76],[7.43,43.77],[7.42,43.77],[7.4,43.76],[7.39,43.75],[7.39,43.74],[7.39,43.73],[7.32,43.71],[7.25,43.7],[7.24,43.7],[7.16,43.66],[7.15,43.66],[7.08,43.57],[6.89,43.44],[6.88,43.43],[6.85,43.42],[6.79,43.42],[6.64,43.31],[6.64,43.29],[6.68,43.29],[6.69,43.29],[6.7,43.28],[6.7,43.27],[6.64,43.19],[6.6,43.19],[6.53,43.19],[6.41,43.16],[6.19,43.13],[6.18,43.13],[6.17,43.12],[6.17,43.11],[6.16,43.1],[6.16,43.07],[6.17,43.05],[6.14,43.06],[6.12,43.06],[6.06,43.1],[5.96,43.12],[5.94,43.09],[5.93,43.08],[5.87,43.06],[5.86,43.06],[5.84,43.06],[5.83,43.06],[5.78,43.08],[5.78,43.09],[5.78,43.1],[5.79,43.11],[5.82,43.12],[5.69,43.19],[5.68,43.19],[5.67,43.19],[5.52,43.21],[5.42,43.22],[5.4,43.22],[5.38,43.22],[5.36,43.22],[5.36,43.23],[5.35,43.23],[5.36,43.25],[5.37,43.26],[5.37,43.27],[5.37,43.28],[5.36,43.33],[5.36,43.34],[5.35,43.35],[5.34,43.36],[5.32,43.37],[5.31,43.37],[5.27,43.36],[5.26,43.35],[5.25,43.34],[5.22,43.34],[5.21,43.34],[5.1,43.34],[5.06,43.34],[5.04,43.35],[5.03,43.35],[5.04,43.38],[5.04,43.39],[5.05,43.39],[5.06,43.4],[5.08,43.4],[5.08,43.41],[5.09,43.4],[5.14,43.42],[5.15,43.42],[5.19,43.43],[5.23,43.46],[5.23,43.47],[5.23,43.49],[5.23,43.5],[5.03,43.56],[5.02,43.55],[5.01,43.52],[5.01,43.51],[5.02,43.49],[5.02,43.48],[5.03,43.48],[5.04,43.48],[5.05,43.48],[5.06,43.47],[5.04,43.46],[5.04,43.45],[5.04,43.44],[5.02,43.43],[5,43.42],[4.99,43.43],[4.96,43.42],[4.94,43.43],[4.92,43.44],[4.88,43.42],[4.85,43.41],[4.83,43.41],[4.83,43.4],[4.84,43.4],[4.84,43.39],[4.82,43.4],[4.79,43.41],[4.78,43.41],[4.75,43.42],[4.74,43.43],[4.74,43.44],[4.74,43.45],[4.75,43.49],[4.75,43.51],[4.75,43.52],[4.74,43.54],[4.72,43.56],[4.71,43.57],[4.71,43.58],[4.7,43.58],[4.73,43.44],[4.73,43.43],[4.74,43.42],[4.73,43.4],[4.74,43.4],[4.75,43.39],[4.76,43.39],[4.77,43.38],[4.77,43.37],[4.75,43.37],[4.65,43.36],[4.62,43.36],[4.61,43.36],[4.6,43.36],[4.58,43.37],[4.57,43.38],[4.57,43.39],[4.59,43.41],[4.6,43.42],[4.6,43.43],[4.59,43.44],[4.58,43.44],[4.57,43.45],[4.54,43.46],[4.51,43.46],[4.47,43.46],[4.45,43.46],[4.44,43.46],[4.42,43.45],[4.33,43.46],[4.32,43.46],[4.32,43.47],[4.32,43.49],[4.32,43.5],[4.31,43.51],[4.29,43.51],[4.25,43.49],[4.24,43.49],[4.29,43.46],[4.21,43.46],[4.19,43.46],[4.16,43.47],[4.13,43.49],[4.13,43.5],[4.12,43.51],[4.13,43.51],[4.14,43.51],[4.14,43.52],[4.14,43.53],[4.13,43.54],[4.12,43.55],[4.11,43.55],[4.1,43.56],[4.06,43.56],[4.05,43.56],[3.96,43.54],[3.92,43.52],[3.91,43.52],[3.84,43.48],[3.72,43.41],[3.55,43.32],[3.43,43.29],[3.42,43.29],[3.4,43.29],[3.33,43.27],[3.31,43.26],[3.26,43.23],[3.14,43.14],[3.08,43.07],[3.08,43.04],[3.04,42.95],[3,42.88],[2.96,42.85],[2.96,42.84],[2.97,42.81],[2.98,42.81],[3.01,42.8],[3.04,42.73],[3.04,42.62],[3.04,42.61],[3.05,42.55],[3.06,42.54],[3.07,42.54],[3.09,42.53],[3.11,42.53],[3.12,42.52],[3.14,42.52],[3.16,42.48],[3.17,42.45],[3.18,42.44],[3.17,42.44],[3.16,42.43],[3.11,42.43],[3.09,42.43],[3.08,42.44],[3.05,42.46],[3.05,42.47],[3.04,42.48],[2.95,42.48],[2.73,42.42],[2.68,42.4],[2.66,42.38],[2.67,42.36],[2.67,42.34],[2.54,42.33],[2.53,42.33],[2.48,42.34],[2.47,42.35],[2.44,42.38],[2.33,42.42],[2.28,42.43],[2.27,42.44],[2.26,42.44],[2.15,42.42],[2.14,42.42],[2.13,42.41],[2.12,42.4],[2.12,42.39],[2.12,42.38],[2.09,42.36],[2.06,42.36],[2.02,42.35],[2,42.36],[1.99,42.37],[1.98,42.38],[1.97,42.38],[1.96,42.41],[1.91,42.45],[1.85,42.47],[1.78,42.49],[1.72,42.51],[1.72,42.52],[1.73,42.53],[1.74,42.55],[1.74,42.56],[1.75,42.57],[1.77,42.57],[1.78,42.57],[1.74,42.62],[1.7,42.63],[1.56,42.66],[1.49,42.65],[1.48,42.65],[1.45,42.6],[1.42,42.65],[1.39,42.69],[1.36,42.72],[1.33,42.72],[1.32,42.72],[1.17,42.71],[1.15,42.72],[1.15,42.73],[1.14,42.73],[1.14,42.74],[1.14,42.75],[1.13,42.76],[1.12,42.77],[1.09,42.78],[1.08,42.78],[0.9,42.81],[0.82,42.83],[0.72,42.86],[0.71,42.86],[0.69,42.85],[0.67,42.84],[0.65,42.78],[0.66,42.75],[0.67,42.75],[0.68,42.73],[0.68,42.71],[0.68,42.69],[0.66,42.69],[0.6,42.7],[0.56,42.7],[0.51,42.69],[0.5,42.69],[0.43,42.69],[0.27,42.7],[0.27,42.71],[0.26,42.72],[0.19,42.73],[0.18,42.73],[0.17,42.73],[0.14,42.72],[0.11,42.71],[0.01,42.69],[0,42.69],[-0.01,42.69],[-0.05,42.69],[-0.06,42.69],[-0.06,42.7],[-0.06,42.71],[-0.06,42.72],[-0.12,42.76],[-0.15,42.78],[-0.18,42.78],[-0.21,42.79],[-0.26,42.82],[-0.3,42.84],[-0.31,42.84],[-0.31,42.85],[-0.32,42.84],[-0.32,42.83],[-0.39,42.8],[-0.55,42.78],[-0.56,42.78],[-0.71,42.88],[-0.72,42.89],[-0.73,42.9],[-0.73,42.91],[-0.72,42.92],[-0.72,42.94],[-0.74,42.96],[-0.75,42.97],[-0.76,42.97],[-0.77,42.97],[-0.79,42.96],[-0.79,42.95],[-0.82,42.95],[-0.93,42.95],[-0.95,42.96],[-0.99,42.98],[-1.07,43.01],[-1.2,43.05],[-1.3,43.07],[-1.34,43.04],[-1.35,43.03],[-1.36,43.03],[-1.4,43.04],[-1.43,43.04],[-1.43,43.05],[-1.45,43.05],[-1.45,43.06],[-1.47,43.09],[-1.47,43.1],[-1.46,43.1],[-1.45,43.1],[-1.43,43.12],[-1.42,43.12],[-1.41,43.14],[-1.39,43.2],[-1.38,43.22],[-1.38,43.25],[-1.39,43.26],[-1.41,43.27],[-1.5,43.29],[-1.66,43.31],[-1.69,43.31],[-1.71,43.3],[-1.73,43.3],[-1.78,43.34],[-1.78,43.36],[-1.73,43.38],[-1.67,43.38],[-1.59,43.43],[-1.58,43.44],[-1.53,43.51],[-1.53,43.52],[-1.49,43.57],[-1.44,43.64],[-1.44,43.67],[-1.44,43.69],[-1.43,43.78],[-1.35,44.05],[-1.34,44.07],[-1.33,44.09],[-1.3,44.2],[-1.26,44.39],[-1.26,44.45],[-1.25,44.5],[-1.25,44.51],[-1.25,44.52],[-1.23,44.56],[-1.21,44.63],[-1.16,44.66],[-1.15,44.66],[-1.13,44.65],[-1.09,44.65],[-1.05,44.66],[-1.04,44.67],[-1.04,44.68],[-1.06,44.71],[-1.12,44.76],[-1.13,44.76],[-1.16,44.77],[-1.17,44.78],[-1.18,44.77],[-1.23,44.71],[-1.23,44.7],[-1.24,44.69],[-1.25,44.68],[-1.25,44.67],[-1.25,44.66],[-1.25,44.76],[-1.21,45.01],[-1.17,45.21],[-1.15,45.37],[-1.15,45.39],[-1.15,45.43],[-1.14,45.49],[-1.14,45.5],[-1.09,45.55],[-1.08,45.56],[-1.08,45.57],[-1.07,45.57],[-1.06,45.57],[-1.05,45.57],[-1.05,45.56],[-1.05,45.55],[-1.06,45.54],[-1.06,45.53],[-1.06,45.52],[-1.04,45.51],[-1,45.48],[-0.99,45.48],[-0.98,45.47],[-0.97,45.47],[-0.95,45.46],[-0.94,45.46],[-0.92,45.45],[-0.81,45.37],[-0.8,45.36],[-0.77,45.32],[-0.76,45.3],[-0.74,45.23],[-0.73,45.23],[-0.73,45.21],[-0.73,45.19],[-0.71,45.13],[-0.71,45.11],[-0.7,45.1],[-0.55,44.9],[-0.54,44.89],[-0.54,44.9],[-0.54,44.98],[-0.54,44.99],[-0.55,45.02],[-0.6,45.05],[-0.62,45.06],[-0.63,45.07],[-0.64,45.08],[-0.65,45.09],[-0.66,45.1],[-0.67,45.12],[-0.67,45.14],[-0.71,45.32],[-0.72,45.36],[-0.75,45.42],[-0.75,45.43],[-0.78,45.46],[-0.79,45.47],[-0.8,45.49],[-0.86,45.53],[-1,45.61],[-1.08,45.66],[-1.09,45.66],[-1.17,45.69],[-1.22,45.7],[-1.23,45.7],[-1.24,45.7],[-1.24,45.71],[-1.23,45.78],[-1.23,45.79],[-1.19,45.8],[-1.15,45.8],[-1.15,45.87],[-1.08,45.9],[-1.07,45.9],[-1.07,45.91],[-1.05,46.01],[-1.05,46.03],[-1.05,46.04],[-1.12,46.13],[-1.15,46.15],[-1.11,46.26],[-1.11,46.32],[-1.16,46.33],[-1.17,46.33],[-1.2,46.32],[-1.21,46.31],[-1.22,46.31],[-1.22,46.29],[-1.27,46.3],[-1.47,46.39],[-1.65,46.45],[-1.79,46.49],[-1.82,46.57],[-1.83,46.58],[-1.86,46.64],[-1.91,46.69],[-1.92,46.69],[-2.01,46.76],[-2.03,46.78],[-2.06,46.79],[-2.08,46.8],[-2.1,46.81],[-2.11,46.81],[-2.12,46.82],[-2.13,46.84],[-2.13,46.85],[-2.13,46.89],[-2.13,46.9],[-2.12,46.9],[-2.09,46.94],[-2.04,46.98],[-1.98,47.03],[-1.99,47.04],[-2,47.06],[-2.01,47.07],[-2.02,47.08],[-2.05,47.1],[-2.06,47.1],[-2.07,47.1],[-2.11,47.12],[-2.12,47.12],[-2.17,47.13],[-2.17,47.22],[-2.16,47.24],[-2.15,47.24],[-2.13,47.28],[-2.04,47.29],[-2,47.28],[-1.94,47.27],[-1.92,47.27],[-1.9,47.25],[-1.89,47.25],[-1.8,47.21],[-1.77,47.21],[-1.75,47.21],[-1.74,47.21],[-1.73,47.21],[-1.88,47.29],[-1.9,47.29],[-1.92,47.3],[-2,47.32],[-2.02,47.32],[-2.03,47.32],[-2.13,47.31],[-2.19,47.28],[-2.19,47.27],[-2.27,47.24],[-2.29,47.24],[-2.43,47.26],[-2.48,47.28],[-2.54,47.3],[-2.53,47.39],[-2.48,47.41],[-2.47,47.42],[-2.45,47.41],[-2.44,47.4],[-2.41,47.41],[-2.41,47.42],[-2.46,47.45],[-2.47,47.45],[-2.48,47.45],[-2.49,47.45],[-2.49,47.49],[-2.49,47.5],[-2.48,47.5],[-2.47,47.5],[-2.42,47.5],[-2.38,47.5],[-2.37,47.5],[-2.36,47.5],[-2.39,47.51],[-2.51,47.53],[-2.58,47.54],[-2.66,47.51],[-2.79,47.49],[-2.82,47.49],[-2.83,47.5],[-2.84,47.5],[-2.87,47.54],[-2.87,47.55],[-2.86,47.55],[-2.85,47.55],[-2.81,47.55],[-2.77,47.55],[-2.75,47.54],[-2.74,47.54],[-2.73,47.55],[-2.69,47.59],[-2.69,47.6],[-2.68,47.61],[-2.68,47.62],[-2.69,47.63],[-2.7,47.64],[-2.89,47.6],[-2.92,47.58],[-3.09,47.59],[-3.1,47.59],[-3.12,47.6],[-3.13,47.6],[-3.13,47.59],[-3.13,47.53],[-3.13,47.52],[-3.12,47.5],[-3.1,47.48],[-3.09,47.47],[-3.11,47.47],[-3.13,47.48],[-3.15,47.52],[-3.15,47.53],[-3.14,47.53],[-3.14,47.54],[-3.13,47.54],[-3.13,47.56],[-3.13,47.57],[-3.13,47.58],[-3.14,47.59],[-3.15,47.61],[-3.16,47.61],[-3.19,47.63],[-3.22,47.65],[-3.51,47.76],[-3.63,47.78],[-3.79,47.79],[-3.83,47.8],[-3.85,47.81],[-3.88,47.82],[-3.89,47.83],[-3.89,47.84],[-3.9,47.85],[-3.98,47.89],[-4.1,47.88],[-4.15,47.85],[-4.16,47.84],[-4.16,47.83],[-4.17,47.82],[-4.18,47.8],[-4.21,47.8],[-4.26,47.8],[-4.27,47.8],[-4.36,47.8],[-4.37,47.8],[-4.37,47.81],[-4.37,47.82],[-4.37,47.83],[-4.35,47.84],[-4.34,47.84],[-4.34,47.85],[-4.35,47.87],[-4.36,47.9],[-4.39,47.93],[-4.42,47.96],[-4.44,47.97],[-4.45,47.98],[-4.49,48],[-4.5,48.01],[-4.53,48.02],[-4.54,48.02],[-4.59,48.02],[-4.69,48.03],[-4.72,48.04],[-4.73,48.04],[-4.71,48.07],[-4.7,48.07],[-4.36,48.11],[-4.35,48.11],[-4.33,48.1],[-4.31,48.1],[-4.3,48.1],[-4.29,48.1],[-4.28,48.12],[-4.28,48.14],[-4.28,48.15],[-4.28,48.16],[-4.3,48.19],[-4.31,48.2],[-4.32,48.21],[-4.44,48.24],[-4.46,48.24],[-4.47,48.24],[-4.49,48.24],[-4.5,48.23],[-4.49,48.23],[-4.51,48.2],[-4.54,48.18],[-4.54,48.17],[-4.55,48.17],[-4.56,48.17],[-4.62,48.27],[-4.62,48.28],[-4.57,48.33],[-4.56,48.34],[-4.55,48.34],[-4.54,48.34],[-4.53,48.34],[-4.54,48.32],[-4.55,48.31],[-4.55,48.3],[-4.54,48.3],[-4.54,48.29],[-4.53,48.29],[-4.41,48.28],[-4.26,48.28],[-4.21,48.3],[-4.19,48.3],[-4.3,48.32],[-4.4,48.33],[-4.44,48.33],[-4.44,48.34],[-4.44,48.35],[-4.61,48.34],[-4.71,48.34],[-4.75,48.33],[-4.76,48.33],[-4.76,48.34],[-4.77,48.34],[-4.78,48.35],[-4.78,48.37],[-4.79,48.37],[-4.79,48.42],[-4.79,48.43],[-4.78,48.51],[-4.76,48.53],[-4.74,48.55],[-4.73,48.56],[-4.7,48.57],[-4.63,48.58],[-4.6,48.57],[-4.59,48.56],[-4.59,48.57],[-4.57,48.62],[-4.56,48.62],[-4.54,48.63],[-4.54,48.64],[-4.35,48.67],[-4.17,48.69],[-3.99,48.72],[-3.97,48.73],[-3.97,48.71],[-3.97,48.7],[-3.96,48.69],[-3.95,48.66],[-3.86,48.64],[-3.85,48.66],[-3.86,48.68],[-3.83,48.71],[-3.83,48.72],[-3.81,48.73],[-3.73,48.71],[-3.72,48.71],[-3.68,48.7],[-3.64,48.68],[-3.6,48.68],[-3.58,48.68],[-3.53,48.74],[-3.56,48.77],[-3.57,48.77],[-3.58,48.77],[-3.58,48.78],[-3.58,48.79],[-3.54,48.83],[-3.51,48.84],[-3.48,48.84],[-3.38,48.82],[-3.37,48.83],[-3.23,48.87],[-3.22,48.87],[-3.12,48.87],[-3.06,48.83],[-2.88,48.68],[-2.81,48.61],[-2.72,48.53],[-2.7,48.51],[-2.69,48.5],[-2.47,48.62],[-2.46,48.63],[-2.46,48.64],[-2.42,48.65],[-2.31,48.68],[-2.28,48.67],[-2.13,48.64],[-2.04,48.6],[-1.98,48.51],[-1.97,48.51],[-1.95,48.52],[-1.95,48.53],[-1.94,48.53],[-1.95,48.58],[-1.96,48.58],[-1.96,48.59],[-1.97,48.59],[-1.98,48.6],[-1.99,48.59],[-2.01,48.6],[-2.01,48.63],[-2.01,48.64],[-2.02,48.65],[-1.99,48.69],[-1.93,48.7],[-1.85,48.71],[-1.84,48.69],[-1.84,48.68],[-1.86,48.67],[-1.87,48.66],[-1.87,48.65],[-1.85,48.63],[-1.85,48.62],[-1.84,48.62],[-1.83,48.61],[-1.81,48.61],[-1.79,48.61],[-1.72,48.61],[-1.65,48.62],[-1.63,48.62],[-1.62,48.62],[-1.61,48.63],[-1.59,48.64],[-1.52,48.64],[-1.47,48.64],[-1.37,48.64],[-1.45,48.68],[-1.49,48.69],[-1.5,48.69],[-1.56,48.74],[-1.56,48.75],[-1.58,48.84],[-1.58,48.86],[-1.56,48.91],[-1.56,49.02],[-1.58,49.01],[-1.59,49.02],[-1.6,49.04],[-1.61,49.09],[-1.61,49.22],[-1.68,49.29],[-1.71,49.32],[-1.74,49.35],[-1.75,49.36],[-1.78,49.37],[-1.79,49.38],[-1.8,49.37],[-1.81,49.38],[-1.85,49.5],[-1.85,49.57],[-1.84,49.58],[-1.84,49.59],[-1.84,49.6],[-1.84,49.61],[-1.85,49.64],[-1.85,49.65],[-1.86,49.65],[-1.86,49.66],[-1.88,49.66],[-1.9,49.67],[-1.91,49.67],[-1.94,49.67],[-1.95,49.68],[-1.94,49.72],[-1.94,49.73],[-1.93,49.73],[-1.91,49.73],[-1.84,49.71],[-1.72,49.68],[-1.67,49.66],[-1.65,49.66],[-1.62,49.66],[-1.54,49.66],[-1.52,49.66],[-1.5,49.66],[-1.48,49.68],[-1.47,49.69],[-1.47,49.7],[-1.41,49.7],[-1.38,49.71],[-1.37,49.71],[-1.32,49.7],[-1.29,49.69],[-1.26,49.68],[-1.24,49.66],[-1.23,49.63],[-1.23,49.62],[-1.23,49.61],[-1.26,49.6],[-1.29,49.58],[-1.3,49.58],[-1.3,49.57],[-1.3,49.56],[-1.3,49.55],[-1.3,49.54],[-1.29,49.53],[-1.29,49.52],[-1.26,49.5],[-1.26,49.49],[-1.25,49.48],[-1.24,49.47],[-1.17,49.41],[-1.11,49.37],[-1.1,49.37],[-1.09,49.38],[-1.08,49.39],[-1.07,49.39],[-1.07,49.4],[-0.98,49.4],[-0.93,49.4],[-0.92,49.39],[-0.91,49.38],[-0.9,49.38],[-0.89,49.37],[-0.87,49.37],[-0.85,49.37],[-0.83,49.36],[-0.73,49.35],[-0.62,49.34],[-0.58,49.34],[-0.5,49.35],[-0.42,49.34],[-0.41,49.34],[-0.38,49.33],[-0.37,49.33],[-0.36,49.32],[-0.3,49.3],[-0.29,49.3],[-0.23,49.28],[-0.1,49.3],[-0.09,49.3],[-0.07,49.31],[-0.04,49.31],[0,49.33],[0.06,49.35],[0.08,49.36],[0.09,49.36],[0.1,49.38],[0.11,49.39],[0.13,49.4],[0.15,49.41],[0.17,49.41],[0.23,49.43],[0.27,49.43],[0.29,49.43],[0.37,49.44],[0.39,49.44],[0.42,49.45],[0.45,49.46],[0.46,49.47],[0.47,49.47],[0.49,49.49],[0.48,49.48],[0.44,49.47],[0.39,49.46],[0.37,49.46],[0.35,49.45],[0.32,49.45],[0.31,49.45],[0.26,49.46],[0.16,49.47],[0.12,49.48],[0.11,49.49],[0.08,49.51],[0.07,49.52],[0.07,49.53],[0.08,49.53],[0.17,49.69],[0.18,49.7],[0.19,49.7],[0.21,49.72],[0.27,49.73],[0.31,49.74],[0.43,49.79],[0.56,49.84],[0.59,49.85],[0.64,49.87],[0.68,49.87],[0.69,49.88],[0.71,49.88],[1.07,49.93],[1.2,49.97],[1.22,49.98],[1.23,49.98],[1.37,50.07],[1.39,50.08],[1.41,50.08],[1.44,50.1],[1.46,50.12],[1.51,50.2],[1.53,50.29],[1.55,50.35],[1.55,50.36],[1.56,50.37],[1.58,50.37],[1.6,50.37],[1.56,50.4],[1.56,50.41],[1.58,50.53],[1.56,50.69],[1.56,50.71],[1.6,50.81],[1.63,50.88],[1.73,50.94],[1.75,50.95],[1.77,50.96],[1.79,50.96],[1.94,50.99],[2.23,51.04],[2.36,51.05],[2.38,51.05],[2.41,51.05],[2.42,51.06],[2.49,51.08],[2.52,51.08],[2.54,51.09]]]]}},{"type":"Feature","properties":{"FID":0,"FIPS":"GG","ISO2":"GE","ISO3":"GEO","UN":268,"NAME":"Georgia","AREA":6949,"POP2005":4473409,"REGION":142,"SUBREGION":145,"LON":43.518,"LAT":42.176},"geometry":{"type":"Polygon","coordinates":[[[41.55,42.41],[41.54,42.45],[41.53,42.49],[41.53,42.52],[41.52,42.52],[41.53,42.54],[41.53,42.55],[41.52,42.56],[41.5,42.63],[41.49,42.66],[41.48,42.68],[41.47,42.69],[41.46,42.71],[41.45,42.72],[41.44,42.73],[41.43,42.74],[41.41,42.74],[41.37,42.76],[41.22,42.8],[41.21,42.8],[41.2,42.8],[41.19,42.8],[41.18,42.79],[41.17,42.79],[41.16,42.79],[41.15,42.8],[41.1,42.84],[41.09,42.85],[41.09,42.89],[41.08,42.92],[41.07,42.93],[41.03,42.97],[41.02,42.98],[41.01,42.99],[41,42.99],[40.99,42.99],[40.96,42.98],[40.95,42.97],[40.94,42.97],[40.93,42.97],[40.92,42.98],[40.91,43],[40.88,43.05],[40.86,43.06],[40.84,43.07],[40.83,43.07],[40.81,43.08],[40.8,43.08],[40.73,43.09],[40.72,43.09],[40.66,43.09],[40.36,43.16],[40.27,43.24],[40.27,43.25],[40.25,43.27],[40.22,43.31],[40.22,43.32],[40.11,43.35],[40.05,43.37],[40,43.38],[40.01,43.41],[40.02,43.44],[40.08,43.55],[40.09,43.55],[40.09,43.56],[40.11,43.57],[40.13,43.57],[40.16,43.58],[40.18,43.58],[40.2,43.59],[40.22,43.59],[40.25,43.58],[40.3,43.58],[40.32,43.57],[40.34,43.56],[40.35,43.56],[40.37,43.55],[40.49,43.52],[40.52,43.51],[40.54,43.51],[40.57,43.51],[40.58,43.51],[40.59,43.52],[40.6,43.52],[40.61,43.53],[40.64,43.54],[40.66,43.55],[40.68,43.55],[40.69,43.55],[40.7,43.54],[40.72,43.52],[40.74,43.51],[40.75,43.5],[40.81,43.49],[40.83,43.48],[40.86,43.48],[40.88,43.47],[40.9,43.46],[40.96,43.42],[41.01,43.4],[41.02,43.39],[41.04,43.38],[41.06,43.37],[41.08,43.37],[41.12,43.38],[41.13,43.38],[41.17,43.39],[41.19,43.38],[41.21,43.38],[41.44,43.3],[41.56,43.23],[41.59,43.22],[41.6,43.22],[42.03,43.19],[42.11,43.2],[42.16,43.23],[42.17,43.23],[42.18,43.24],[42.2,43.24],[42.27,43.24],[42.36,43.24],[42.37,43.24],[42.39,43.24],[42.41,43.24],[42.43,43.24],[42.45,43.23],[42.47,43.23],[42.48,43.22],[42.49,43.22],[42.53,43.18],[42.54,43.18],[42.61,43.15],[42.63,43.14],[42.64,43.14],[42.65,43.15],[42.66,43.15],[42.67,43.15],[42.67,43.16],[42.68,43.17],[42.69,43.18],[42.7,43.18],[42.77,43.19],[42.85,43.18],[42.86,43.18],[42.86,43.17],[42.95,43.12],[43.01,43.07],[43.01,43.06],[43.13,42.97],[43.15,42.96],[43.18,42.94],[43.2,42.94],[43.21,42.93],[43.38,42.9],[43.39,42.9],[43.45,42.89],[43.53,42.87],[43.56,42.86],[43.59,42.85],[43.6,42.84],[43.62,42.84],[43.62,42.83],[43.64,42.81],[43.65,42.8],[43.67,42.79],[43.7,42.78],[43.71,42.78],[43.76,42.78],[43.82,42.75],[43.83,42.75],[43.84,42.74],[43.84,42.73],[43.82,42.72],[43.81,42.7],[43.76,42.67],[43.74,42.66],[43.74,42.65],[43.73,42.65],[43.74,42.64],[43.74,42.63],[43.77,42.61],[43.78,42.6],[43.91,42.58],[44.18,42.62],[44.19,42.63],[44.2,42.63],[44.21,42.63],[44.22,42.64],[44.23,42.64],[44.24,42.65],[44.24,42.66],[44.37,42.71],[44.5,42.75],[44.53,42.76],[44.55,42.76],[44.57,42.76],[44.59,42.76],[44.63,42.75],[44.64,42.75],[44.66,42.75],[44.67,42.74],[44.68,42.74],[44.7,42.73],[44.75,42.7],[44.76,42.69],[44.77,42.67],[44.81,42.66],[44.85,42.74],[44.86,42.75],[44.87,42.75],[44.89,42.76],[44.9,42.76],[44.93,42.76],[44.94,42.76],[44.95,42.76],[44.96,42.75],[44.97,42.74],[44.98,42.73],[45,42.72],[45.02,42.71],[45.05,42.7],[45.05,42.69],[45.06,42.69],[45.07,42.69],[45.08,42.7],[45.09,42.7],[45.12,42.71],[45.13,42.71],[45.15,42.71],[45.16,42.71],[45.17,42.7],[45.21,42.68],[45.22,42.67],[45.24,42.65],[45.32,42.58],[45.32,42.57],[45.33,42.56],[45.34,42.56],[45.34,42.55],[45.34,42.54],[45.35,42.53],[45.36,42.53],[45.38,42.53],[45.43,42.54],[45.48,42.55],[45.49,42.55],[45.53,42.55],[45.55,42.55],[45.58,42.55],[45.7,42.52],[45.73,42.51],[45.73,42.5],[45.74,42.49],[45.76,42.48],[45.76,42.47],[45.76,42.46],[45.71,42.36],[45.69,42.32],[45.66,42.26],[45.65,42.24],[45.64,42.23],[45.64,42.22],[45.64,42.21],[45.65,42.2],[45.66,42.2],[45.99,42.03],[46.05,42.02],[46.23,42],[46.24,42],[46.25,42],[46.39,41.94],[46.41,41.94],[46.42,41.93],[46.43,41.92],[46.45,41.9],[46.44,41.87],[46.43,41.86],[46.42,41.84],[46.41,41.83],[46.35,41.77],[46.33,41.76],[46.32,41.75],[46.31,41.75],[46.3,41.76],[46.28,41.76],[46.26,41.76],[46.25,41.77],[46.24,41.76],[46.23,41.76],[46.21,41.75],[46.21,41.74],[46.2,41.73],[46.19,41.7],[46.19,41.69],[46.2,41.67],[46.22,41.63],[46.23,41.6],[46.33,41.48],[46.5,41.4],[46.51,41.4],[46.55,41.39],[46.59,41.38],[46.62,41.37],[46.69,41.32],[46.69,41.31],[46.71,41.26],[46.7,41.21],[46.67,41.16],[46.66,41.15],[46.62,41.1],[46.52,41.05],[46.51,41.05],[46.5,41.05],[46.48,41.06],[46.38,41.1],[46.36,41.12],[46.34,41.13],[46.29,41.16],[46.28,41.17],[46.27,41.18],[46.25,41.2],[46.24,41.21],[46.23,41.21],[46.14,41.2],[46.13,41.2],[46.1,41.18],[46.08,41.18],[46.06,41.17],[46.05,41.17],[46.03,41.17],[46,41.17],[45.97,41.18],[45.92,41.19],[45.9,41.2],[45.87,41.21],[45.85,41.21],[45.81,41.23],[45.8,41.23],[45.75,41.26],[45.72,41.28],[45.71,41.28],[45.71,41.29],[45.71,41.3],[45.71,41.31],[45.72,41.32],[45.72,41.35],[45.61,41.38],[45.35,41.46],[45.34,41.46],[45.33,41.46],[45.31,41.46],[45.29,41.46],[45.28,41.46],[45.27,41.45],[45.26,41.45],[45.19,41.41],[45.14,41.38],[45.05,41.32],[45.02,41.3],[44.98,41.27],[44.88,41.22],[44.86,41.22],[44.85,41.21],[44.83,41.21],[44.73,41.21],[44.57,41.19],[44.56,41.19],[44.48,41.19],[44.43,41.19],[44.34,41.21],[44.25,41.22],[44.18,41.2],[44.17,41.2],[44.16,41.19],[44.15,41.19],[44.12,41.18],[43.99,41.16],[43.9,41.17],[43.88,41.16],[43.86,41.16],[43.85,41.16],[43.84,41.15],[43.83,41.14],[43.81,41.12],[43.8,41.12],[43.78,41.12],[43.76,41.11],[43.75,41.11],[43.73,41.11],[43.64,41.12],[43.6,41.13],[43.58,41.13],[43.56,41.14],[43.55,41.13],[43.46,41.11],[43.47,41.13],[43.48,41.14],[43.47,41.14],[43.46,41.17],[43.45,41.17],[43.43,41.18],[43.43,41.19],[43.39,41.2],[43.37,41.2],[43.35,41.2],[43.23,41.19],[43.13,41.32],[43.04,41.37],[43.02,41.39],[42.89,41.51],[42.84,41.58],[42.83,41.59],[42.82,41.59],[42.68,41.59],[42.65,41.59],[42.61,41.59],[42.6,41.58],[42.59,41.58],[42.56,41.51],[42.55,41.49],[42.48,41.44],[42.47,41.43],[42.45,41.44],[42.37,41.46],[42.31,41.48],[42.29,41.49],[42.27,41.49],[42.18,41.51],[42.17,41.51],[42.1,41.51],[41.98,41.52],[41.97,41.52],[41.96,41.52],[41.95,41.52],[41.95,41.51],[41.92,41.49],[41.91,41.48],[41.9,41.48],[41.88,41.46],[41.84,41.43],[41.83,41.43],[41.82,41.43],[41.76,41.47],[41.73,41.49],[41.57,41.52],[41.53,41.52],[41.61,41.63],[41.62,41.64],[41.64,41.65],[41.65,41.64],[41.66,41.64],[41.68,41.67],[41.73,41.72],[41.73,41.73],[41.77,41.81],[41.77,41.82],[41.78,41.84],[41.77,41.89],[41.76,41.96],[41.66,42.12],[41.66,42.13],[41.65,42.14],[41.65,42.15],[41.66,42.17],[41.66,42.18],[41.65,42.22],[41.63,42.27],[41.6,42.35],[41.59,42.36],[41.55,42.41]]]}},{"type":"Feature","properties":{"FID":0,"FIPS":"GM","ISO2":"DE","ISO3":"DEU","UN":276,"NAME":"Germany","AREA":34895,"POP2005":82652369,"REGION":150,"SUBREGION":155,"LON":9.851,"LAT":51.11},"geometry":{"type":"MultiPolygon","coordinates":[[[[8.71,47.7],[8.68,47.69],[8.68,47.7],[8.67,47.7],[8.67,47.71],[8.68,47.71],[8.7,47.71],[8.71,47.71],[8.71,47.7]]],[[[6.81,53.6],[6.8,53.6],[6.78,53.6],[6.75,53.6],[6.73,53.59],[6.72,53.59],[6.73,53.58],[6.75,53.56],[6.69,53.57],[6.67,53.57],[6.66,53.58],[6.66,53.59],[6.66,53.6],[6.67,53.6],[6.75,53.62],[6.76,53.62],[6.77,53.62],[6.8,53.6],[6.81,53.6]]],[[[6.94,53.67],[6.89,53.67],[6.88,53.67],[6.9,53.68],[6.94,53.68],[7.06,53.69],[7.08,53.69],[7.09,53.69],[7.09,53.68],[7.08,53.68],[6.94,53.67]]],[[[7.24,53.7],[7.16,53.7],[7.15,53.7],[7.14,53.7],[7.14,53.71],[7.17,53.72],[7.2,53.73],[7.3,53.73],[7.33,53.73],[7.34,53.73],[7.34,53.72],[7.35,53.72],[7.33,53.72],[7.26,53.71],[7.24,53.7]]],[[[8.19,53.73],[8.12,53.71],[8.13,53.72],[8.13,53.73],[8.14,53.73],[8.16,53.74],[8.17,53.73],[8.18,53.73],[8.19,53.73]]],[[[7.62,53.75],[7.63,53.74],[7.62,53.74],[7.61,53.75],[7.59,53.75],[7.58,53.75],[7.52,53.75],[7.51,53.74],[7.48,53.72],[7.47,53.72],[7.47,53.73],[7.47,53.74],[7.47,53.75],[7.48,53.76],[7.49,53.76],[7.52,53.76],[7.58,53.76],[7.61,53.76],[7.62,53.76],[7.62,53.75]]],[[[7.76,53.76],[7.67,53.76],[7.66,53.76],[7.67,53.76],[7.67,53.77],[7.68,53.78],[7.7,53.78],[7.8,53.78],[7.81,53.78],[7.81,53.77],[7.76,53.76]]],[[[8.43,53.93],[8.42,53.93],[8.41,53.93],[8.41,53.95],[8.41,53.96],[8.42,53.96],[8.43,53.97],[8.44,53.97],[8.46,53.96],[8.43,53.93]]],[[[11.46,53.96],[11.45,53.96],[11.43,53.96],[11.42,53.96],[11.39,53.97],[11.38,53.98],[11.37,53.98],[11.37,53.99],[11.38,53.99],[11.38,54],[11.4,54.01],[11.44,54.02],[11.45,54.02],[11.46,54.02],[11.47,54.02],[11.49,54.02],[11.49,54.01],[11.48,53.98],[11.47,53.97],[11.46,53.96]]],[[[13.94,54.02],[13.93,54.02],[13.93,54.03],[13.94,54.03],[13.94,54.02]]],[[[8.7,54.04],[8.69,54.04],[8.68,54.04],[8.68,54.05],[8.67,54.05],[8.67,54.06],[8.67,54.07],[8.67,54.08],[8.68,54.08],[8.69,54.08],[8.7,54.06],[8.7,54.04]]],[[[11.54,54.06],[11.51,54.05],[11.52,54.06],[11.53,54.08],[11.54,54.08],[11.56,54.09],[11.56,54.1],[11.61,54.1],[11.57,54.08],[11.54,54.06]]],[[[14,54.06],[14.11,54],[14.18,53.95],[14.19,53.95],[14.21,53.93],[14.23,53.93],[14.22,53.9],[14.22,53.87],[14.2,53.88],[14.19,53.88],[14.08,53.87],[14.04,53.87],[14.03,53.87],[14.01,53.85],[13.99,53.85],[13.95,53.84],[13.89,53.84],[13.88,53.84],[13.83,53.85],[13.82,53.85],[13.82,53.86],[13.83,53.87],[13.84,53.87],[13.87,53.88],[13.93,53.9],[13.94,53.91],[13.96,53.94],[13.98,53.96],[14.01,53.95],[14.03,53.94],[14.05,53.94],[14.06,53.98],[14.05,54.01],[14.01,54.01],[14.01,54.03],[14,54.04],[13.98,54.06],[13.95,54.06],[13.93,54.06],[13.92,54.05],[13.93,54.04],[13.91,54.03],[13.9,54.01],[13.86,54],[13.82,54.04],[13.81,54.07],[13.82,54.1],[13.8,54.11],[13.76,54.14],[13.76,54.15],[13.76,54.16],[13.77,54.17],[13.78,54.17],[13.8,54.17],[13.81,54.17],[13.82,54.16],[13.83,54.14],[13.83,54.13],[13.87,54.11],[13.89,54.09],[13.92,54.08],[13.94,54.08],[13.96,54.07],[14,54.06]]],[[[10.98,54.38],[10.99,54.38],[11.02,54.38],[11.01,54.38],[11,54.38],[10.99,54.38],[10.98,54.38]]],[[[12.73,54.42],[12.69,54.42],[12.7,54.42],[12.7,54.43],[12.71,54.43],[12.73,54.42]]],[[[8.89,54.46],[8.84,54.46],[8.83,54.46],[8.82,54.47],[8.81,54.47],[8.81,54.5],[8.82,54.5],[8.86,54.52],[8.87,54.52],[8.92,54.52],[8.94,54.52],[8.96,54.52],[8.96,54.51],[8.93,54.47],[8.92,54.47],[8.91,54.47],[8.91,54.46],[8.89,54.46]]],[[[11.31,54.41],[11.14,54.41],[11.12,54.41],[11.02,54.44],[11.01,54.45],[11.01,54.46],[11.01,54.48],[11.02,54.49],[11.03,54.5],[11.03,54.51],[11.04,54.52],[11.06,54.53],[11.07,54.53],[11.18,54.52],[11.23,54.51],[11.23,54.5],[11.24,54.5],[11.24,54.49],[11.27,54.46],[11.3,54.43],[11.3,54.42],[11.31,54.41]]],[[[8.66,54.49],[8.63,54.49],[8.62,54.49],[8.61,54.49],[8.61,54.5],[8.6,54.51],[8.59,54.52],[8.59,54.53],[8.6,54.53],[8.64,54.55],[8.69,54.55],[8.7,54.55],[8.71,54.55],[8.71,54.53],[8.69,54.51],[8.68,54.5],[8.67,54.5],[8.66,54.49]]],[[[13.07,54.49],[13.06,54.47],[13.06,54.48],[13.06,54.49],[13.06,54.5],[13.1,54.59],[13.1,54.6],[13.11,54.6],[13.12,54.6],[13.14,54.6],[13.15,54.6],[13.16,54.58],[13.11,54.53],[13.07,54.49]]],[[[13.38,54.64],[13.39,54.61],[13.41,54.59],[13.43,54.58],[13.46,54.57],[13.48,54.58],[13.52,54.58],[13.59,54.59],[13.62,54.59],[13.63,54.59],[13.64,54.59],[13.65,54.58],[13.67,54.57],[13.68,54.56],[13.68,54.54],[13.68,54.53],[13.67,54.52],[13.65,54.52],[13.64,54.51],[13.59,54.49],[13.59,54.48],[13.58,54.48],[13.58,54.47],[13.58,54.46],[13.58,54.45],[13.58,54.44],[13.62,54.4],[13.63,54.4],[13.65,54.4],[13.67,54.4],[13.68,54.4],[13.7,54.39],[13.71,54.38],[13.73,54.35],[13.74,54.33],[13.73,54.28],[13.73,54.27],[13.71,54.27],[13.7,54.28],[13.69,54.28],[13.7,54.28],[13.71,54.3],[13.71,54.32],[13.69,54.35],[13.68,54.35],[13.51,54.34],[13.5,54.34],[13.47,54.33],[13.36,54.27],[13.36,54.26],[13.4,54.27],[13.41,54.27],[13.42,54.26],[13.43,54.25],[13.43,54.24],[13.42,54.23],[13.4,54.22],[13.39,54.22],[13.32,54.25],[13.27,54.26],[13.26,54.26],[13.25,54.26],[13.16,54.31],[13.12,54.33],[13.12,54.34],[13.13,54.37],[13.14,54.37],[13.15,54.38],[13.16,54.38],[13.2,54.37],[13.22,54.37],[13.24,54.37],[13.26,54.38],[13.27,54.38],[13.24,54.41],[13.21,54.43],[13.16,54.43],[13.23,54.47],[13.23,54.49],[13.17,54.51],[13.15,54.55],[13.23,54.55],[13.26,54.55],[13.3,54.55],[13.34,54.57],[13.37,54.58],[13.38,54.56],[13.39,54.54],[13.42,54.52],[13.45,54.49],[13.48,54.48],[13.5,54.49],[13.52,54.51],[13.5,54.55],[13.46,54.55],[13.43,54.57],[13.38,54.58],[13.38,54.61],[13.36,54.6],[13.33,54.58],[13.31,54.57],[13.29,54.56],[13.28,54.56],[13.25,54.56],[13.24,54.56],[13.22,54.63],[13.22,54.64],[13.23,54.64],[13.23,54.65],[13.24,54.66],[13.26,54.67],[13.28,54.67],[13.29,54.67],[13.36,54.68],[13.38,54.68],[13.42,54.68],[13.43,54.68],[13.44,54.68],[13.44,54.67],[13.43,54.66],[13.42,54.66],[13.4,54.65],[13.39,54.65],[13.38,54.64]]],[[[8.36,54.61],[8.35,54.61],[8.34,54.62],[8.33,54.62],[8.3,54.66],[8.29,54.66],[8.29,54.67],[8.3,54.67],[8.31,54.69],[8.34,54.71],[8.35,54.71],[8.36,54.71],[8.4,54.63],[8.37,54.61],[8.36,54.61]]],[[[8.57,54.69],[8.56,54.68],[8.49,54.69],[8.48,54.69],[8.4,54.7],[8.4,54.71],[8.41,54.73],[8.41,54.74],[8.43,54.74],[8.45,54.75],[8.46,54.75],[8.54,54.76],[8.55,54.75],[8.57,54.75],[8.58,54.75],[8.59,54.74],[8.6,54.72],[8.57,54.69]]],[[[10.98,54.38],[10.96,54.38],[10.99,54.37],[11.02,54.37],[11.04,54.37],[11.07,54.38],[11.09,54.21],[11.09,54.2],[11.06,54.18],[11.06,54.17],[10.89,54.09],[10.88,54.09],[10.87,54.09],[10.84,54.09],[10.82,54.09],[10.8,54.09],[10.77,54.06],[10.76,54.05],[10.76,54.04],[10.76,54.03],[10.76,54.02],[10.77,54.01],[10.78,54],[10.79,54],[10.8,53.99],[10.82,53.99],[10.86,53.99],[10.87,53.99],[10.88,53.99],[10.88,53.98],[10.89,53.96],[10.89,53.95],[10.86,53.92],[10.82,53.89],[10.9,53.93],[10.9,53.96],[10.96,53.98],[11.01,53.99],[11.05,54.01],[11.1,54.01],[11.18,54.02],[11.19,54.01],[11.2,53.99],[11.24,53.94],[11.25,53.94],[11.26,53.93],[11.27,53.93],[11.41,53.92],[11.48,53.96],[11.49,53.99],[11.49,54],[11.52,54.03],[11.53,54.03],[11.54,54.03],[11.55,54.03],[11.57,54.03],[11.58,54.04],[11.63,54.08],[11.63,54.09],[11.62,54.1],[11.62,54.11],[11.63,54.11],[11.64,54.12],[11.68,54.15],[11.69,54.16],[11.7,54.16],[11.75,54.16],[11.99,54.17],[12.13,54.19],[12.33,54.29],[12.34,54.3],[12.36,54.31],[12.44,54.39],[12.48,54.44],[12.53,54.47],[12.54,54.46],[12.64,54.45],[12.66,54.45],[12.68,54.45],[12.8,54.44],[12.89,54.44],[12.91,54.44],[12.92,54.43],[12.92,54.42],[12.88,54.41],[12.76,54.41],[12.73,54.42],[12.71,54.43],[12.7,54.43],[12.68,54.42],[12.66,54.41],[12.64,54.41],[12.47,54.4],[12.46,54.39],[12.43,54.37],[12.37,54.31],[12.37,54.3],[12.36,54.3],[12.37,54.27],[12.37,54.26],[12.39,54.26],[12.4,54.25],[12.41,54.25],[12.45,54.25],[12.46,54.25],[12.45,54.25],[12.44,54.25],[12.43,54.26],[12.42,54.26],[12.41,54.27],[12.42,54.28],[12.43,54.29],[12.48,54.33],[12.55,54.36],[12.58,54.37],[12.63,54.37],[12.68,54.38],[12.77,54.37],[13.02,54.4],[13.11,54.28],[13.12,54.27],[13.13,54.27],[13.21,54.25],[13.28,54.24],[13.29,54.23],[13.38,54.17],[13.45,54.1],[13.46,54.1],[13.48,54.09],[13.49,54.09],[13.5,54.09],[13.48,54.12],[13.5,54.12],[13.71,54.17],[13.72,54.17],[13.79,54.11],[13.8,54.09],[13.8,54.08],[13.79,54.05],[13.83,53.99],[13.87,53.91],[13.86,53.9],[13.82,53.88],[13.81,53.86],[13.81,53.85],[13.81,53.84],[13.96,53.77],[14.22,53.7],[14.25,53.7],[14.27,53.7],[14.28,53.7],[14.31,53.56],[14.41,53.34],[14.41,53.3],[14.39,53.14],[14.38,53.12],[14.38,53.1],[14.35,53.05],[14.34,53.05],[14.3,53.02],[14.29,53.02],[14.23,52.99],[14.22,52.99],[14.2,52.98],[14.17,52.97],[14.15,52.96],[14.15,52.95],[14.15,52.86],[14.2,52.82],[14.21,52.82],[14.35,52.75],[14.36,52.74],[14.38,52.73],[14.45,52.67],[14.48,52.65],[14.51,52.64],[14.52,52.64],[14.53,52.64],[14.55,52.63],[14.56,52.62],[14.59,52.61],[14.6,52.6],[14.64,52.58],[14.64,52.57],[14.64,52.5],[14.64,52.49],[14.62,52.48],[14.59,52.44],[14.58,52.44],[14.57,52.43],[14.56,52.43],[14.55,52.43],[14.54,52.42],[14.54,52.41],[14.53,52.4],[14.58,52.29],[14.6,52.27],[14.66,52.26],[14.69,52.25],[14.7,52.25],[14.71,52.24],[14.76,52.07],[14.72,51.95],[14.72,51.94],[14.69,51.9],[14.65,51.87],[14.64,51.87],[14.64,51.86],[14.62,51.85],[14.61,51.84],[14.6,51.84],[14.6,51.83],[14.6,51.82],[14.61,51.81],[14.66,51.73],[14.67,51.72],[14.68,51.71],[14.7,51.7],[14.72,51.69],[14.73,51.69],[14.76,51.67],[14.76,51.66],[14.76,51.62],[14.76,51.61],[14.76,51.6],[14.75,51.6],[14.71,51.55],[14.74,51.53],[14.74,51.52],[14.84,51.5],[14.92,51.48],[14.95,51.47],[14.96,51.47],[14.98,51.44],[14.98,51.37],[14.97,51.36],[14.98,51.34],[14.99,51.33],[15,51.32],[15.01,51.31],[15.03,51.3],[15.04,51.29],[15.04,51.27],[15.03,51.24],[14.99,51.12],[14.98,51.08],[14.97,51.05],[14.96,51.05],[14.93,51],[14.9,50.96],[14.83,50.89],[14.82,50.88],[14.83,50.87],[14.82,50.86],[14.8,50.82],[14.78,50.82],[14.77,50.82],[14.74,50.82],[14.72,50.83],[14.65,50.85],[14.62,50.86],[14.63,50.88],[14.63,50.92],[14.6,50.98],[14.57,51.01],[14.49,51.04],[14.31,51.05],[14.3,51.05],[14.29,51.04],[14.27,51.01],[14.26,50.99],[14.32,50.95],[14.37,50.94],[14.31,50.88],[14.16,50.84],[13.99,50.81],[13.9,50.79],[13.89,50.77],[13.73,50.73],[13.67,50.73],[13.63,50.72],[13.58,50.71],[13.54,50.69],[13.51,50.65],[13.52,50.65],[13.52,50.64],[13.47,50.6],[13.46,50.6],[13.44,50.6],[13.42,50.61],[13.41,50.61],[13.38,50.63],[13.25,50.59],[13.22,50.56],[13.22,50.55],[13.22,50.54],[13.21,50.52],[13.2,50.52],[13.19,50.5],[13.18,50.5],[13.08,50.5],[13.02,50.44],[13.01,50.44],[12.99,50.42],[12.95,50.41],[12.94,50.41],[12.92,50.41],[12.9,50.42],[12.9,50.43],[12.86,50.44],[12.83,50.45],[12.82,50.45],[12.78,50.45],[12.77,50.44],[12.75,50.44],[12.73,50.43],[12.67,50.41],[12.62,50.41],[12.52,50.39],[12.51,50.39],[12.49,50.37],[12.4,50.31],[12.33,50.24],[12.32,50.21],[12.28,50.22],[12.2,50.31],[12.18,50.32],[12.09,50.32],[12.12,50.31],[12.21,50.17],[12.21,50.16],[12.2,50.14],[12.19,50.14],[12.19,50.13],[12.21,50.11],[12.27,50.07],[12.31,50.05],[12.43,49.99],[12.47,49.99],[12.49,49.98],[12.54,49.92],[12.55,49.92],[12.55,49.91],[12.55,49.9],[12.47,49.78],[12.46,49.7],[12.48,49.69],[12.51,49.68],[12.52,49.68],[12.52,49.67],[12.55,49.62],[12.58,49.56],[12.6,49.53],[12.67,49.42],[12.79,49.34],[12.8,49.34],[12.88,49.33],[12.89,49.33],[12.88,49.34],[12.89,49.35],[12.95,49.34],[12.96,49.34],[12.97,49.33],[13.03,49.29],[13.17,49.17],[13.31,49.1],[13.32,49.1],[13.39,49.05],[13.4,49.05],[13.4,49.01],[13.51,48.97],[13.56,48.97],[13.58,48.97],[13.59,48.97],[13.59,48.96],[13.6,48.95],[13.61,48.95],[13.63,48.95],[13.63,48.94],[13.64,48.91],[13.65,48.91],[13.66,48.9],[13.67,48.9],[13.68,48.88],[13.69,48.88],[13.71,48.88],[13.72,48.88],[13.73,48.88],[13.74,48.88],[13.74,48.87],[13.75,48.87],[13.75,48.86],[13.76,48.85],[13.76,48.84],[13.77,48.84],[13.78,48.84],[13.79,48.83],[13.8,48.81],[13.81,48.8],[13.82,48.8],[13.82,48.79],[13.81,48.78],[13.82,48.78],[13.83,48.77],[13.81,48.74],[13.83,48.64],[13.82,48.63],[13.82,48.62],[13.8,48.58],[13.73,48.52],[13.68,48.53],[13.67,48.54],[13.66,48.55],[13.65,48.55],[13.6,48.57],[13.53,48.59],[13.52,48.59],[13.51,48.58],[13.45,48.57],[13.44,48.57],[13.44,48.56],[13.44,48.55],[13.45,48.54],[13.46,48.52],[13.46,48.51],[13.44,48.44],[13.44,48.42],[13.42,48.39],[13.39,48.37],[13.34,48.33],[13.31,48.32],[13.29,48.31],[13.28,48.3],[13.26,48.3],[13.15,48.29],[13.02,48.26],[12.88,48.2],[12.87,48.2],[12.77,48.13],[12.76,48.13],[12.76,48.12],[12.75,48.11],[12.76,48.09],[12.77,48.08],[12.79,48.06],[12.81,48.05],[12.84,48.03],[12.85,48.02],[12.86,48.01],[12.86,48],[12.87,47.99],[12.92,47.96],[12.97,47.91],[13.01,47.85],[12.97,47.81],[12.95,47.79],[12.94,47.78],[12.91,47.73],[12.91,47.72],[12.92,47.72],[12.98,47.71],[12.99,47.71],[13,47.71],[13,47.72],[13.01,47.72],[13.02,47.73],[13.03,47.72],[13.06,47.71],[13.07,47.69],[13.08,47.68],[13.1,47.65],[13.1,47.64],[13.05,47.5],[13.05,47.49],[13.02,47.47],[13.01,47.47],[12.96,47.48],[12.95,47.48],[12.81,47.55],[12.8,47.56],[12.79,47.58],[12.79,47.59],[12.8,47.61],[12.81,47.62],[12.83,47.62],[12.82,47.63],[12.74,47.68],[12.72,47.68],[12.67,47.69],[12.61,47.67],[12.6,47.67],[12.58,47.64],[12.57,47.64],[12.52,47.63],[12.51,47.63],[12.46,47.67],[12.2,47.66],[12.21,47.64],[12.21,47.63],[12.21,47.62],[12.2,47.61],[12.14,47.61],[12.11,47.62],[12.06,47.62],[12.01,47.62],[11.92,47.61],[11.68,47.59],[11.58,47.53],[11.58,47.52],[11.57,47.52],[11.55,47.52],[11.51,47.51],[11.46,47.51],[11.3,47.43],[11.11,47.4],[11.1,47.4],[11.03,47.4],[11.01,47.4],[10.98,47.4],[10.97,47.4],[10.91,47.52],[10.69,47.55],[10.57,47.54],[10.48,47.58],[10.48,47.59],[10.47,47.59],[10.44,47.58],[10.43,47.58],[10.44,47.53],[10.46,47.49],[10.47,47.48],[10.47,47.44],[10.43,47.4],[10.34,47.31],[10.33,47.31],[10.27,47.29],[10.23,47.28],[10.22,47.27],[10.17,47.27],[10.21,47.32],[10.23,47.37],[10.23,47.38],[10.04,47.49],[9.96,47.54],[9.81,47.59],[9.78,47.59],[9.77,47.59],[9.76,47.59],[9.75,47.57],[9.74,47.56],[9.74,47.55],[9.73,47.53],[9.69,47.53],[9.65,47.53],[9.61,47.53],[9.58,47.54],[9.57,47.54],[9.48,47.58],[9.26,47.66],[9.09,47.69],[9.08,47.69],[9.04,47.69],[9.02,47.69],[9.01,47.68],[9,47.68],[8.99,47.67],[8.97,47.67],[8.95,47.66],[8.93,47.65],[8.92,47.65],[8.9,47.65],[8.89,47.65],[8.88,47.65],[8.86,47.7],[8.84,47.72],[8.81,47.74],[8.8,47.74],[8.8,47.73],[8.78,47.72],[8.77,47.72],[8.77,47.71],[8.78,47.71],[8.8,47.68],[8.76,47.69],[8.74,47.7],[8.72,47.7],[8.73,47.7],[8.73,47.71],[8.74,47.75],[8.74,47.76],[8.73,47.76],[8.69,47.79],[8.66,47.8],[8.62,47.8],[8.61,47.8],[8.57,47.81],[8.56,47.81],[8.48,47.77],[8.47,47.77],[8.41,47.7],[8.41,47.68],[8.43,47.67],[8.48,47.65],[8.49,47.65],[8.52,47.65],[8.53,47.65],[8.53,47.66],[8.54,47.66],[8.55,47.67],[8.58,47.67],[8.61,47.67],[8.62,47.66],[8.63,47.66],[8.63,47.65],[8.6,47.6],[8.59,47.6],[8.58,47.59],[8.57,47.6],[8.57,47.61],[8.56,47.62],[8.53,47.63],[8.52,47.63],[8.51,47.63],[8.48,47.61],[8.46,47.6],[8.44,47.57],[8.39,47.58],[8.29,47.61],[8.28,47.61],[8.24,47.62],[8.21,47.62],[8.2,47.62],[8.19,47.62],[8.11,47.58],[8.1,47.57],[8.09,47.56],[8.03,47.56],[7.93,47.55],[7.92,47.55],[7.91,47.55],[7.91,47.56],[7.77,47.55],[7.7,47.54],[7.66,47.55],[7.62,47.56],[7.67,47.57],[7.67,47.58],[7.68,47.6],[7.67,47.61],[7.64,47.6],[7.59,47.58],[7.59,47.59],[7.59,47.6],[7.59,47.61],[7.57,47.64],[7.56,47.64],[7.54,47.66],[7.53,47.66],[7.52,47.67],[7.51,47.69],[7.51,47.7],[7.53,47.79],[7.56,47.86],[7.58,47.9],[7.62,47.97],[7.62,47.98],[7.62,47.99],[7.62,48],[7.61,48.01],[7.58,48.03],[7.57,48.03],[7.57,48.04],[7.57,48.05],[7.57,48.06],[7.57,48.09],[7.58,48.11],[7.58,48.12],[7.61,48.16],[7.69,48.28],[7.75,48.33],[7.75,48.34],[7.74,48.37],[7.74,48.39],[7.74,48.4],[7.75,48.42],[7.8,48.58],[7.88,48.66],[7.96,48.72],[8.09,48.8],[8.1,48.82],[8.11,48.82],[8.11,48.84],[8.11,48.85],[8.12,48.87],[8.14,48.89],[8.14,48.9],[8.19,48.95],[8.21,48.96],[8.23,48.96],[8.16,48.98],[8.05,49.01],[8.04,49.01],[7.94,49.05],[7.93,49.05],[7.82,49.05],[7.74,49.04],[7.67,49.04],[7.65,49.05],[7.63,49.06],[7.63,49.07],[7.49,49.16],[7.43,49.18],[7.42,49.18],[7.41,49.18],[7.38,49.17],[7.37,49.17],[7.37,49.16],[7.36,49.14],[7.29,49.11],[7.15,49.12],[7.09,49.13],[7.02,49.19],[6.93,49.22],[6.92,49.22],[6.85,49.22],[6.84,49.21],[6.84,49.2],[6.85,49.19],[6.86,49.18],[6.86,49.17],[6.84,49.16],[6.83,49.15],[6.82,49.15],[6.74,49.16],[6.73,49.17],[6.72,49.17],[6.71,49.18],[6.71,49.19],[6.72,49.19],[6.69,49.24],[6.59,49.36],[6.55,49.42],[6.54,49.43],[6.53,49.43],[6.51,49.44],[6.47,49.46],[6.42,49.48],[6.41,49.48],[6.36,49.46],[6.36,49.49],[6.36,49.53],[6.42,49.67],[6.47,49.69],[6.49,49.7],[6.51,49.71],[6.53,49.81],[6.52,49.81],[6.48,49.81],[6.43,49.81],[6.4,49.82],[6.32,49.85],[6.25,49.88],[6.23,49.9],[6.17,49.95],[6.14,49.99],[6.13,50.01],[6.11,50.06],[6.12,50.09],[6.13,50.12],[6.13,50.13],[6.14,50.15],[6.16,50.22],[6.17,50.22],[6.17,50.23],[6.28,50.28],[6.35,50.31],[6.4,50.32],[6.37,50.44],[6.37,50.45],[6.34,50.48],[6.33,50.49],[6.32,50.5],[6.31,50.5],[6.26,50.5],[6.25,50.59],[6.27,50.62],[6.17,50.66],[6.05,50.72],[6.01,50.76],[6.01,50.8],[6.01,50.84],[6.03,50.85],[6.05,50.85],[6.06,50.85],[6.07,50.85],[6.08,50.87],[6.08,50.91],[6.08,50.92],[6.03,50.98],[6.02,50.98],[5.95,50.98],[5.93,50.98],[5.91,50.97],[5.9,50.97],[5.89,50.97],[5.87,51.02],[5.86,51.04],[5.87,51.05],[5.9,51.06],[5.91,51.06],[6,51.08],[6.1,51.13],[6.09,51.17],[6.08,51.17],[6.08,51.18],[6.08,51.19],[6.07,51.21],[6.07,51.22],[6.08,51.24],[6.14,51.3],[6.22,51.36],[6.22,51.37],[6.22,51.47],[6.21,51.51],[6.2,51.52],[6.16,51.56],[6.14,51.57],[6.13,51.57],[6.09,51.6],[6.09,51.61],[6.03,51.71],[5.95,51.75],[5.98,51.76],[5.99,51.76],[5.99,51.77],[5.99,51.78],[5.98,51.78],[5.96,51.81],[6,51.83],[6.12,51.89],[6.18,51.9],[6.35,51.85],[6.46,51.85],[6.53,51.87],[6.59,51.9],[6.68,51.91],[6.69,51.91],[6.7,51.9],[6.72,51.9],[6.75,51.91],[6.78,51.92],[6.79,51.93],[6.83,51.97],[6.83,51.98],[6.83,51.99],[6.8,52.01],[6.79,52.01],[6.73,52.03],[6.74,52.08],[6.76,52.12],[6.84,52.12],[6.85,52.12],[6.86,52.12],[6.87,52.13],[6.88,52.14],[6.88,52.15],[6.9,52.17],[6.96,52.19],[7.04,52.23],[7.05,52.24],[7.03,52.27],[7.03,52.28],[7.03,52.29],[7.03,52.3],[7.04,52.31],[7.06,52.34],[7.07,52.35],[7.07,52.36],[7.07,52.39],[7.06,52.39],[7.06,52.4],[6.99,52.46],[6.98,52.46],[6.97,52.45],[6.97,52.44],[6.95,52.44],[6.95,52.43],[6.76,52.46],[6.75,52.46],[6.71,52.49],[6.7,52.49],[6.69,52.55],[6.72,52.56],[6.76,52.56],[6.76,52.57],[6.73,52.62],[6.72,52.63],[6.76,52.65],[6.77,52.65],[6.78,52.65],[6.89,52.65],[6.9,52.65],[6.91,52.65],[6.92,52.64],[7.03,52.63],[7.04,52.63],[7.05,52.64],[7.05,52.65],[7.06,52.66],[7.06,52.72],[7.07,52.75],[7.07,52.77],[7.07,52.79],[7.07,52.8],[7.07,52.81],[7.08,52.82],[7.09,52.84],[7.13,52.89],[7.18,52.93],[7.19,52.96],[7.2,52.97],[7.21,53],[7.21,53.02],[7.21,53.18],[7.21,53.24],[7.25,53.31],[7.26,53.32],[7.27,53.32],[7.32,53.32],[7.33,53.32],[7.34,53.31],[7.35,53.31],[7.35,53.3],[7.36,53.3],[7.36,53.31],[7.35,53.32],[7.34,53.32],[7.33,53.32],[7.23,53.34],[7.18,53.34],[7.13,53.34],[7.09,53.34],[7.07,53.34],[7.06,53.34],[7.05,53.34],[7.04,53.35],[7.02,53.37],[7.02,53.38],[7.01,53.41],[7.02,53.41],[7.02,53.44],[7.03,53.48],[7.09,53.58],[7.1,53.59],[7.18,53.64],[7.23,53.66],[7.24,53.67],[7.3,53.69],[7.34,53.69],[7.45,53.69],[7.47,53.69],[7.48,53.68],[7.51,53.67],[7.52,53.67],[7.58,53.68],[7.7,53.7],[7.84,53.71],[7.88,53.72],[7.91,53.72],[7.95,53.72],[7.98,53.72],[8.01,53.71],[8.02,53.71],[8.03,53.7],[8.02,53.69],[8.02,53.68],[8.03,53.67],[8.05,53.64],[8.06,53.63],[8.12,53.59],[8.16,53.56],[8.17,53.55],[8.17,53.54],[8.17,53.53],[8.17,53.52],[8.16,53.52],[8.13,53.51],[8.12,53.51],[8.1,53.5],[8.08,53.5],[8.06,53.5],[8.07,53.48],[8.07,53.47],[8.08,53.46],[8.1,53.44],[8.21,53.4],[8.22,53.4],[8.23,53.4],[8.24,53.4],[8.25,53.4],[8.28,53.42],[8.29,53.42],[8.29,53.43],[8.31,53.45],[8.31,53.46],[8.31,53.47],[8.32,53.5],[8.32,53.51],[8.32,53.52],[8.31,53.52],[8.31,53.53],[8.3,53.53],[8.29,53.52],[8.27,53.52],[8.26,53.52],[8.24,53.52],[8.23,53.52],[8.23,53.53],[8.24,53.56],[8.24,53.59],[8.26,53.6],[8.27,53.61],[8.28,53.61],[8.31,53.62],[8.32,53.62],[8.34,53.61],[8.49,53.55],[8.52,53.51],[8.51,53.51],[8.5,53.5],[8.5,53.49],[8.49,53.48],[8.48,53.47],[8.48,53.45],[8.48,53.42],[8.48,53.41],[8.49,53.38],[8.49,53.37],[8.5,53.36],[8.5,53.35],[8.51,53.36],[8.51,53.37],[8.51,53.42],[8.51,53.43],[8.5,53.45],[8.5,53.46],[8.5,53.47],[8.5,53.48],[8.51,53.49],[8.56,53.52],[8.57,53.52],[8.57,53.53],[8.57,53.54],[8.56,53.55],[8.51,53.62],[8.49,53.64],[8.49,53.65],[8.49,53.66],[8.48,53.67],[8.48,53.68],[8.48,53.69],[8.49,53.7],[8.55,53.82],[8.57,53.85],[8.58,53.86],[8.6,53.88],[8.61,53.88],[8.65,53.89],[8.67,53.89],[8.68,53.9],[8.68,53.89],[8.71,53.88],[8.71,53.87],[8.71,53.86],[8.73,53.86],[8.76,53.85],[8.78,53.84],[8.8,53.84],[8.85,53.83],[8.91,53.83],[9.02,53.85],[9.11,53.86],[9.13,53.87],[9.21,53.87],[9.22,53.87],[9.28,53.86],[9.29,53.85],[9.32,53.83],[9.35,53.8],[9.38,53.76],[9.41,53.73],[9.42,53.72],[9.55,53.61],[9.56,53.6],[9.57,53.59],[9.58,53.59],[9.67,53.56],[9.7,53.55],[9.77,53.54],[9.8,53.53],[9.81,53.53],[9.82,53.53],[9.83,53.53],[9.83,53.54],[9.83,53.55],[9.82,53.55],[9.78,53.56],[9.77,53.56],[9.74,53.56],[9.72,53.57],[9.7,53.57],[9.68,53.57],[9.66,53.58],[9.57,53.61],[9.56,53.62],[9.55,53.63],[9.44,53.74],[9.43,53.75],[9.42,53.77],[9.41,53.79],[9.39,53.82],[9.34,53.85],[9.33,53.86],[9.29,53.87],[9.28,53.88],[9.23,53.89],[9.22,53.89],[9.21,53.89],[9.06,53.9],[8.99,53.89],[8.98,53.89],[8.97,53.9],[8.95,53.91],[8.93,53.92],[8.91,53.93],[8.9,53.94],[8.88,53.96],[8.85,54.01],[8.84,54.03],[8.85,54.04],[8.87,54.04],[8.88,54.05],[8.89,54.04],[8.93,54.04],[8.95,54.03],[8.96,54.02],[8.97,54.02],[8.98,54.02],[9,54.03],[9.01,54.04],[9.01,54.05],[9.02,54.09],[8.97,54.13],[8.86,54.12],[8.85,54.13],[8.83,54.15],[8.82,54.16],[8.81,54.17],[8.82,54.19],[8.82,54.21],[8.84,54.25],[8.85,54.26],[8.88,54.29],[8.83,54.29],[8.7,54.27],[8.69,54.27],[8.68,54.27],[8.67,54.27],[8.66,54.27],[8.64,54.27],[8.63,54.28],[8.61,54.3],[8.61,54.31],[8.6,54.32],[8.6,54.33],[8.62,54.38],[8.63,54.39],[8.64,54.4],[8.65,54.4],[8.77,54.41],[8.82,54.42],[8.83,54.41],[8.84,54.41],[8.85,54.4],[8.86,54.41],[8.89,54.41],[8.99,54.45],[9.01,54.46],[9.02,54.47],[9.02,54.48],[9.02,54.49],[9.02,54.5],[9.01,54.51],[8.97,54.54],[8.96,54.54],[8.95,54.55],[8.94,54.55],[8.92,54.56],[8.85,54.62],[8.81,54.67],[8.8,54.69],[8.75,54.71],[8.73,54.72],[8.7,54.75],[8.66,54.8],[8.65,54.81],[8.64,54.83],[8.64,54.84],[8.57,54.85],[8.58,54.86],[8.58,54.87],[8.55,54.87],[8.39,54.87],[8.3,54.86],[8.3,54.85],[8.29,54.83],[8.29,54.79],[8.29,54.78],[8.3,54.77],[8.3,54.74],[8.29,54.74],[8.28,54.74],[8.28,54.75],[8.28,54.77],[8.28,54.82],[8.28,54.84],[8.29,54.9],[8.3,54.91],[8.3,54.93],[8.31,54.94],[8.37,55.03],[8.38,55.05],[8.39,55.05],[8.4,55.06],[8.41,55.06],[8.45,55.05],[8.46,55.05],[8.44,55.02],[8.42,55.01],[8.41,55.01],[8.4,55.01],[8.37,54.99],[8.35,54.97],[8.35,54.95],[8.42,54.93],[8.42,54.92],[8.42,54.91],[8.43,54.91],[8.46,54.9],[8.47,54.9],[8.49,54.9],[8.6,54.91],[8.6,54.92],[8.66,54.91],[8.69,54.9],[8.7,54.89],[8.72,54.89],[8.76,54.9],[8.79,54.91],[8.83,54.91],[8.84,54.91],[8.92,54.91],[8.94,54.91],[9.17,54.87],[9.22,54.85],[9.23,54.85],[9.23,54.83],[9.23,54.82],[9.24,54.82],[9.25,54.81],[9.34,54.81],[9.36,54.81],[9.37,54.82],[9.38,54.83],[9.39,54.84],[9.41,54.83],[9.45,54.83],[9.44,54.82],[9.44,54.81],[9.44,54.8],[9.58,54.83],[9.66,54.81],[9.79,54.79],[9.89,54.79],[9.9,54.79],[9.91,54.79],[9.92,54.79],[9.94,54.78],[9.96,54.77],[9.97,54.76],[9.98,54.76],[10.04,54.67],[10.04,54.66],[10.04,54.63],[10.03,54.55],[10.01,54.53],[10.01,54.52],[10,54.52],[9.97,54.51],[9.89,54.48],[9.87,54.48],[9.85,54.48],[9.84,54.48],[9.84,54.47],[9.85,54.46],[9.86,54.46],[9.87,54.45],[9.88,54.45],[9.89,54.45],[10.01,54.47],[10.1,54.49],[10.11,54.49],[10.13,54.49],[10.37,54.44],[10.61,54.36],[10.63,54.35],[10.64,54.35],[10.64,54.34],[10.65,54.34],[10.65,54.33],[10.68,54.31],[10.69,54.31],[10.71,54.31],[10.77,54.31],[10.78,54.31],[10.79,54.31],[10.8,54.31],[10.82,54.32],[10.83,54.33],[10.84,54.33],[10.84,54.34],[10.88,54.36],[10.94,54.38],[10.95,54.38],[10.98,54.38]]]]}},{"type":"Feature","properties":{"FID":0,"FIPS":"GR","ISO2":"GR","ISO3":"GRC","UN":300,"NAME":"Greece","AREA":12890,"POP2005":11099737,"REGION":150,"SUBREGION":39,"LON":21.766,"LAT":39.666},"geometry":{"type":"MultiPolygon","coordinates":[[[[24.13,34.86],[24.13,34.81],[24.12,34.81],[24.08,34.82],[24.07,34.83],[24.06,34.84],[24.05,34.85],[24.07,34.87],[24.11,34.87],[24.12,34.86],[24.13,34.86]]],[[[26.9,35.36],[26.88,35.34],[26.86,35.35],[26.85,35.35],[26.85,35.36],[26.85,35.37],[26.9,35.42],[27,35.43],[27.02,35.43],[27,35.4],[26.96,35.39],[26.9,35.36]]],[[[23.86,35.52],[23.97,35.52],[24,35.52],[24.04,35.53],[24.07,35.55],[24.08,35.57],[24.08,35.58],[24.09,35.59],[24.12,35.6],[24.13,35.6],[24.14,35.6],[24.17,35.59],[24.18,35.59],[24.2,35.54],[24.2,35.53],[24.19,35.51],[24.18,35.51],[24.17,35.5],[24.16,35.5],[24.14,35.5],[24.13,35.5],[24.11,35.5],[24.11,35.49],[24.1,35.49],[24.11,35.49],[24.17,35.45],[24.18,35.45],[24.27,35.37],[24.27,35.36],[24.29,35.36],[24.32,35.35],[24.33,35.35],[24.35,35.35],[24.37,35.35],[24.46,35.36],[24.48,35.37],[24.5,35.37],[24.59,35.38],[24.6,35.38],[24.61,35.39],[24.62,35.39],[24.63,35.4],[24.79,35.41],[24.96,35.4],[25.05,35.38],[25.05,35.37],[25.05,35.36],[25.05,35.35],[25.06,35.34],[25.2,35.33],[25.28,35.33],[25.3,35.34],[25.36,35.34],[25.38,35.34],[25.39,35.33],[25.4,35.31],[25.41,35.31],[25.43,35.29],[25.45,35.29],[25.46,35.29],[25.49,35.3],[25.56,35.32],[25.62,35.33],[25.66,35.34],[25.77,35.34],[25.77,35.33],[25.76,35.32],[25.75,35.31],[25.73,35.3],[25.73,35.29],[25.72,35.26],[25.73,35.26],[25.74,35.26],[25.74,35.27],[25.74,35.29],[25.75,35.28],[25.76,35.27],[25.75,35.25],[25.74,35.23],[25.72,35.22],[25.71,35.17],[25.72,35.16],[25.73,35.14],[25.76,35.13],[25.78,35.12],[25.79,35.11],[25.8,35.11],[25.81,35.11],[25.82,35.11],[25.83,35.12],[25.87,35.15],[25.9,35.18],[26.03,35.22],[26.03,35.23],[26.04,35.23],[26.09,35.22],[26.11,35.2],[26.22,35.24],[26.3,35.28],[26.29,35.13],[26.27,35.09],[26.24,35.04],[26.24,35.03],[26.21,35.02],[26.14,35],[26.12,34.99],[26.11,34.99],[26.1,35],[26.1,35.01],[26.09,35.01],[26.09,35.02],[25.99,35.03],[25.6,35.01],[25.59,35.01],[25.58,35],[25.56,35],[25.56,34.99],[25.55,34.99],[25.51,34.98],[25.5,34.98],[25.34,34.98],[25.19,34.95],[25.02,34.93],[24.93,34.93],[24.82,34.94],[24.75,34.94],[24.76,34.95],[24.76,35.02],[24.76,35.03],[24.76,35.05],[24.74,35.07],[24.74,35.08],[24.72,35.09],[24.7,35.1],[24.69,35.1],[24.69,35.09],[24.68,35.09],[24.64,35.09],[24.59,35.1],[24.57,35.1],[24.56,35.1],[24.55,35.12],[24.54,35.14],[24.53,35.14],[24.4,35.19],[24.39,35.19],[24.2,35.2],[24.19,35.2],[24.14,35.2],[24.1,35.2],[24.07,35.19],[24.05,35.19],[24.04,35.19],[24.03,35.19],[24.03,35.2],[23.95,35.22],[23.89,35.23],[23.82,35.25],[23.7,35.23],[23.69,35.23],[23.68,35.22],[23.6,35.23],[23.59,35.23],[23.59,35.24],[23.52,35.29],[23.52,35.3],[23.57,35.53],[23.58,35.57],[23.59,35.59],[23.61,35.61],[23.61,35.6],[23.61,35.57],[23.61,35.53],[23.62,35.52],[23.65,35.5],[23.66,35.5],[23.67,35.5],[23.7,35.5],[23.72,35.51],[23.73,35.51],[23.73,35.55],[23.73,35.56],[23.73,35.58],[23.71,35.6],[23.71,35.64],[23.71,35.65],[23.72,35.67],[23.74,35.69],[23.75,35.69],[23.77,35.67],[23.78,35.67],[23.77,35.66],[23.77,35.65],[23.77,35.61],[23.78,35.56],[23.78,35.55],[23.79,35.55],[23.79,35.54],[23.8,35.54],[23.84,35.52],[23.85,35.52],[23.86,35.52]]],[[[27.16,35.45],[27.14,35.4],[27.12,35.43],[27.07,35.59],[27.07,35.6],[27.07,35.61],[27.12,35.67],[27.16,35.72],[27.16,35.73],[27.16,35.75],[27.16,35.77],[27.16,35.8],[27.21,35.83],[27.22,35.83],[27.23,35.83],[27.23,35.82],[27.23,35.81],[27.22,35.73],[27.21,35.72],[27.18,35.6],[27.2,35.48],[27.16,35.45]]],[[[23.33,35.83],[23.33,35.82],[23.3,35.85],[23.28,35.88],[23.27,35.9],[23.28,35.9],[23.28,35.89],[23.3,35.89],[23.31,35.88],[23.32,35.88],[23.33,35.87],[23.33,35.85],[23.33,35.83]]],[[[23.05,36.14],[23.04,36.14],[23,36.14],[22.99,36.15],[22.93,36.18],[22.92,36.19],[22.91,36.2],[22.91,36.23],[22.9,36.32],[22.89,36.33],[22.93,36.38],[22.95,36.39],[22.96,36.38],[22.97,36.35],[22.99,36.33],[22.99,36.32],[23.01,36.31],[23.02,36.3],[23.09,36.26],[23.1,36.25],[23.11,36.24],[23.06,36.15],[23.05,36.14]]],[[[25.84,36.35],[25.78,36.35],[25.77,36.35],[25.74,36.35],[25.73,36.36],[25.73,36.37],[25.73,36.38],[25.77,36.4],[25.8,36.39],[25.86,36.36],[25.86,36.35],[25.85,36.35],[25.84,36.35]]],[[[25.4,36.39],[25.39,36.39],[25.39,36.4],[25.39,36.41],[25.4,36.41],[25.41,36.41],[25.41,36.4],[25.4,36.39]]],[[[27.79,35.89],[27.78,35.89],[27.77,35.89],[27.73,35.91],[27.73,35.92],[27.72,35.93],[27.72,35.94],[27.72,35.95],[27.73,35.98],[27.74,36.1],[27.72,36.17],[27.79,36.25],[27.8,36.27],[27.81,36.27],[27.88,36.32],[27.9,36.33],[27.91,36.34],[28.07,36.41],[28.11,36.42],[28.21,36.44],[28.21,36.45],[28.21,36.46],[28.22,36.46],[28.23,36.45],[28.23,36.44],[28.24,36.43],[28.21,36.34],[28.19,36.3],[28.14,36.21],[28.12,36.19],[28.06,36.11],[28.01,36.07],[27.96,36.05],[27.95,36.03],[27.93,36.02],[27.91,35.99],[27.9,35.98],[27.89,35.96],[27.87,35.93],[27.84,35.91],[27.8,35.89],[27.79,35.89]]],[[[27.4,36.37],[27.32,36.41],[27.3,36.42],[27.3,36.46],[27.3,36.47],[27.35,36.48],[27.36,36.48],[27.36,36.47],[27.44,36.41],[27.45,36.41],[27.45,36.4],[27.44,36.39],[27.42,36.38],[27.41,36.38],[27.4,36.37]]],[[[25.46,36.33],[25.45,36.33],[25.42,36.34],[25.39,36.34],[25.42,36.36],[25.43,36.4],[25.42,36.43],[25.39,36.46],[25.37,36.46],[25.37,36.47],[25.38,36.48],[25.4,36.47],[25.42,36.47],[25.43,36.47],[25.45,36.45],[25.45,36.44],[25.48,36.42],[25.49,36.41],[25.49,36.4],[25.48,36.36],[25.47,36.34],[25.46,36.33]]],[[[26.34,36.51],[26.32,36.51],[26.31,36.51],[26.3,36.51],[26.29,36.52],[26.27,36.56],[26.26,36.58],[26.26,36.59],[26.27,36.59],[26.38,36.64],[26.39,36.64],[26.41,36.63],[26.46,36.6],[26.47,36.58],[26.41,36.56],[26.35,36.52],[26.36,36.51],[26.34,36.51]]],[[[27.86,36.53],[27.84,36.52],[27.8,36.55],[27.79,36.56],[27.77,36.58],[27.77,36.59],[27.81,36.63],[27.83,36.64],[27.85,36.65],[27.86,36.65],[27.87,36.64],[27.87,36.62],[27.88,36.6],[27.88,36.59],[27.88,36.54],[27.87,36.54],[27.86,36.53]]],[[[24.95,36.59],[24.92,36.59],[24.91,36.6],[24.86,36.64],[24.85,36.64],[24.84,36.65],[24.84,36.66],[24.86,36.66],[24.87,36.66],[24.94,36.63],[24.95,36.62],[24.96,36.6],[24.96,36.59],[24.95,36.59]]],[[[25.09,36.63],[25.08,36.63],[25.07,36.63],[25.06,36.64],[25.1,36.69],[25.14,36.72],[25.15,36.72],[25.19,36.72],[25.18,36.71],[25.16,36.68],[25.14,36.66],[25.12,36.65],[25.1,36.64],[25.09,36.63]]],[[[21.79,36.74],[21.77,36.7],[21.75,36.71],[21.75,36.72],[21.76,36.75],[21.76,36.76],[21.78,36.74],[21.79,36.74]]],[[[24.41,36.66],[24.33,36.65],[24.32,36.65],[24.32,36.66],[24.32,36.67],[24.34,36.73],[24.34,36.74],[24.35,36.75],[24.51,36.77],[24.53,36.77],[24.54,36.77],[24.55,36.76],[24.55,36.7],[24.55,36.69],[24.54,36.68],[24.54,36.67],[24.48,36.66],[24.41,36.66]]],[[[25.39,36.65],[25.36,36.65],[25.34,36.65],[25.26,36.73],[25.26,36.76],[25.26,36.77],[25.28,36.78],[25.3,36.79],[25.31,36.79],[25.33,36.78],[25.41,36.72],[25.39,36.66],[25.39,36.65]]],[[[24.66,36.75],[24.65,36.75],[24.63,36.75],[24.62,36.76],[24.61,36.78],[24.62,36.79],[24.64,36.79],[24.65,36.79],[24.66,36.78],[24.67,36.77],[24.67,36.76],[24.67,36.75],[24.66,36.75]]],[[[21.7,36.74],[21.69,36.74],[21.7,36.77],[21.7,36.79],[21.7,36.8],[21.71,36.8],[21.73,36.79],[21.72,36.77],[21.7,36.74]]],[[[24.56,36.78],[24.55,36.77],[24.54,36.77],[24.54,36.78],[24.53,36.79],[24.52,36.8],[24.52,36.81],[24.52,36.82],[24.52,36.83],[24.56,36.85],[24.59,36.83],[24.6,36.82],[24.59,36.81],[24.59,36.8],[24.58,36.78],[24.57,36.78],[24.56,36.78]]],[[[25.46,36.82],[25.45,36.82],[25.43,36.82],[25.42,36.83],[25.42,36.84],[25.47,36.87],[25.48,36.85],[25.48,36.84],[25.48,36.83],[25.46,36.82]]],[[[25.83,36.78],[25.79,36.76],[25.77,36.76],[25.76,36.77],[25.74,36.78],[25.74,36.79],[25.84,36.84],[25.96,36.89],[25.98,36.87],[25.92,36.84],[25.83,36.78]]],[[[26.97,36.68],[26.97,36.67],[26.95,36.67],[26.95,36.68],[26.92,36.71],[26.92,36.72],[26.92,36.76],[27.06,36.84],[27.15,36.88],[27.17,36.89],[27.18,36.89],[27.28,36.9],[27.34,36.88],[27.35,36.88],[27.35,36.87],[27.36,36.87],[27.36,36.86],[27.34,36.85],[27.33,36.84],[27.3,36.84],[27.28,36.83],[27.24,36.83],[27.22,36.82],[27.04,36.77],[27.03,36.76],[26.99,36.75],[26.98,36.75],[26.97,36.74],[26.97,36.7],[26.97,36.68]]],[[[25.68,36.88],[25.67,36.88],[25.61,36.88],[25.61,36.89],[25.64,36.9],[25.65,36.91],[25.67,36.9],[25.68,36.88]]],[[[25.08,36.95],[25.07,36.94],[25.07,36.95],[25.03,36.98],[25.02,36.98],[25.02,37],[25.03,37.01],[25.03,37.02],[25.05,37.03],[25.06,37.03],[25.08,37.04],[25.09,37.04],[25.08,36.95]]],[[[24.71,36.9],[24.7,36.92],[24.68,36.93],[24.66,36.98],[24.64,37.03],[24.64,37.04],[24.65,37.04],[24.66,37.04],[24.7,37.03],[24.71,37.03],[24.74,36.99],[24.75,36.99],[24.77,36.96],[24.77,36.95],[24.76,36.94],[24.73,36.92],[24.72,36.91],[24.71,36.9]]],[[[26.98,36.92],[26.97,36.92],[26.95,36.93],[26.94,36.93],[26.92,36.95],[26.88,37.07],[26.89,37.07],[26.89,37.08],[26.96,37.06],[26.99,37.04],[27.05,36.99],[27.05,36.95],[27.05,36.94],[26.98,36.92]]],[[[25.83,37.09],[25.82,37.09],[25.8,37.1],[25.79,37.1],[25.78,37.12],[25.79,37.12],[25.83,37.13],[25.84,37.11],[25.84,37.1],[25.83,37.09]]],[[[25.25,37.01],[25.19,36.97],[25.17,36.98],[25.15,36.98],[25.12,36.99],[25.12,37],[25.11,37.01],[25.1,37.02],[25.1,37.03],[25.11,37.06],[25.13,37.09],[25.15,37.11],[25.16,37.12],[25.22,37.14],[25.27,37.14],[25.28,37.13],[25.27,37.05],[25.26,37.04],[25.25,37.01]]],[[[26.89,37.1],[26.86,37.09],[26.85,37.1],[26.82,37.11],[26.77,37.17],[26.77,37.18],[26.78,37.19],[26.79,37.19],[26.82,37.19],[26.86,37.18],[26.87,37.15],[26.89,37.11],[26.89,37.1]]],[[[25.46,36.92],[25.45,36.92],[25.44,36.92],[25.43,36.92],[25.34,37.07],[25.34,37.08],[25.35,37.09],[25.5,37.19],[25.51,37.19],[25.54,37.2],[25.55,37.2],[25.57,37.18],[25.58,37.17],[25.58,37.16],[25.6,37.14],[25.6,37.12],[25.6,37.11],[25.59,37.06],[25.59,37.04],[25.58,37.02],[25.56,36.96],[25.55,36.95],[25.49,36.93],[25.46,36.92]]],[[[24.54,37.18],[24.53,37.13],[24.51,37.11],[24.5,37.11],[24.5,37.12],[24.49,37.12],[24.46,37.14],[24.44,37.13],[24.43,37.13],[24.42,37.12],[24.41,37.13],[24.42,37.16],[24.43,37.17],[24.44,37.18],[24.46,37.2],[24.48,37.2],[24.49,37.2],[24.52,37.2],[24.53,37.19],[24.54,37.19],[24.54,37.18]]],[[[26.77,37.19],[26.76,37.19],[26.77,37.2],[26.77,37.21],[26.78,37.21],[26.79,37.21],[26.79,37.2],[26.77,37.19]]],[[[23.16,37.24],[23.14,37.24],[23.13,37.24],[23.12,37.24],[23.1,37.27],[23.1,37.28],[23.11,37.28],[23.12,37.28],[23.13,37.28],[23.14,37.28],[23.15,37.27],[23.16,37.27],[23.17,37.26],[23.16,37.25],[23.16,37.24]]],[[[23.41,37.3],[23.4,37.3],[23.38,37.3],[23.37,37.3],[23.39,37.31],[23.48,37.35],[23.52,37.37],[23.55,37.37],[23.56,37.37],[23.58,37.37],[23.58,37.36],[23.57,37.36],[23.5,37.32],[23.5,37.31],[23.45,37.31],[23.41,37.3]]],[[[24.38,37.31],[24.37,37.31],[24.37,37.42],[24.37,37.43],[24.4,37.46],[24.41,37.47],[24.44,37.48],[24.44,37.47],[24.43,37.44],[24.45,37.43],[24.46,37.43],[24.47,37.43],[24.48,37.41],[24.48,37.4],[24.48,37.39],[24.45,37.35],[24.42,37.33],[24.4,37.31],[24.38,37.31]]],[[[25.36,37.41],[25.33,37.42],[25.31,37.47],[25.31,37.48],[25.31,37.49],[25.33,37.5],[25.35,37.5],[25.4,37.49],[25.46,37.47],[25.46,37.45],[25.46,37.44],[25.37,37.41],[25.36,37.41]]],[[[24.95,37.39],[24.88,37.36],[24.89,37.49],[24.89,37.5],[24.89,37.51],[24.91,37.51],[24.93,37.51],[24.93,37.5],[24.94,37.5],[24.94,37.49],[24.95,37.48],[24.97,37.41],[24.97,37.4],[24.96,37.39],[24.95,37.39]]],[[[23.5,37.51],[23.48,37.5],[23.45,37.51],[23.43,37.52],[23.43,37.53],[23.48,37.54],[23.52,37.53],[23.52,37.52],[23.52,37.51],[23.51,37.51],[23.5,37.51]]],[[[25.23,37.53],[25.21,37.53],[25.2,37.53],[25.17,37.53],[25.11,37.55],[25,37.64],[24.98,37.66],[24.98,37.67],[24.98,37.68],[25.01,37.68],[25.04,37.68],[25.05,37.68],[25.07,37.65],[25.08,37.65],[25.14,37.65],[25.18,37.64],[25.19,37.64],[25.21,37.63],[25.24,37.62],[25.25,37.61],[25.25,37.59],[25.26,37.58],[25.25,37.58],[25.23,37.54],[25.23,37.53]]],[[[24.3,37.53],[24.29,37.52],[24.28,37.53],[24.27,37.53],[24.27,37.59],[24.27,37.61],[24.28,37.62],[24.28,37.63],[24.29,37.63],[24.3,37.66],[24.33,37.68],[24.35,37.68],[24.37,37.68],[24.39,37.67],[24.41,37.66],[24.41,37.65],[24.4,37.62],[24.39,37.61],[24.38,37.6],[24.37,37.59],[24.37,37.58],[24.32,37.54],[24.31,37.53],[24.3,37.53]]],[[[26.02,37.51],[25.98,37.51],[25.98,37.52],[25.98,37.53],[25.98,37.54],[25.98,37.55],[26.05,37.62],[26.06,37.63],[26.07,37.63],[26.08,37.64],[26.31,37.68],[26.35,37.69],[26.36,37.69],[26.36,37.68],[26.36,37.67],[26.32,37.63],[26.31,37.62],[26.3,37.61],[26.27,37.59],[26.21,37.56],[26.02,37.51]]],[[[23.51,37.69],[23.49,37.68],[23.48,37.68],[23.46,37.69],[23.43,37.73],[23.42,37.76],[23.43,37.76],[23.46,37.77],[23.51,37.77],[23.54,37.77],[23.56,37.77],[23.56,37.76],[23.57,37.76],[23.56,37.76],[23.56,37.75],[23.52,37.7],[23.51,37.69]]],[[[27.07,37.71],[27.06,37.71],[27.06,37.7],[27.04,37.7],[26.9,37.66],[26.82,37.64],[26.75,37.69],[26.71,37.71],[26.69,37.7],[26.65,37.7],[26.64,37.7],[26.62,37.69],[26.61,37.68],[26.6,37.67],[26.59,37.68],[26.58,37.69],[26.57,37.73],[26.6,37.76],[26.67,37.79],[26.73,37.81],[26.74,37.81],[26.75,37.81],[26.99,37.78],[27.03,37.77],[27.07,37.73],[27.07,37.71]]],[[[20.9,37.8],[20.99,37.73],[21,37.71],[20.99,37.7],[20.94,37.72],[20.92,37.73],[20.91,37.73],[20.9,37.73],[20.88,37.73],[20.87,37.73],[20.87,37.72],[20.84,37.69],[20.84,37.68],[20.84,37.65],[20.83,37.65],[20.81,37.65],[20.71,37.72],[20.7,37.73],[20.63,37.81],[20.63,37.82],[20.62,37.85],[20.62,37.86],[20.63,37.88],[20.64,37.9],[20.68,37.92],[20.7,37.93],[20.79,37.85],[20.86,37.83],[20.89,37.81],[20.9,37.8]]],[[[24.79,38],[24.96,37.87],[25,37.77],[25,37.76],[24.99,37.73],[24.96,37.69],[24.95,37.69],[24.92,37.72],[24.91,37.72],[24.87,37.77],[24.83,37.81],[24.77,37.87],[24.75,37.88],[24.74,37.88],[24.72,37.87],[24.71,37.87],[24.69,37.93],[24.69,37.95],[24.69,37.96],[24.7,37.97],[24.74,37.99],[24.78,38],[24.79,38]]],[[[23.46,37.88],[23.45,37.88],[23.41,37.89],[23.41,37.9],[23.4,37.91],[23.41,37.93],[23.44,37.99],[23.48,38],[23.49,38],[23.5,38],[23.51,38],[23.52,37.99],[23.54,37.99],[23.54,37.98],[23.55,37.93],[23.54,37.92],[23.47,37.88],[23.46,37.88]]],[[[20.61,38.39],[20.68,38.28],[20.81,38.12],[20.81,38.11],[20.8,38.07],[20.79,38.06],[20.73,38.06],[20.56,38.09],[20.52,38.1],[20.51,38.1],[20.38,38.16],[20.34,38.17],[20.34,38.18],[20.34,38.2],[20.36,38.23],[20.4,38.33],[20.44,38.33],[20.47,38.31],[20.48,38.31],[20.49,38.31],[20.5,38.32],[20.51,38.32],[20.52,38.33],[20.54,38.34],[20.55,38.36],[20.55,38.37],[20.55,38.39],[20.54,38.41],[20.53,38.43],[20.53,38.44],[20.54,38.47],[20.55,38.47],[20.56,38.47],[20.57,38.47],[20.61,38.39]]],[[[20.74,38.31],[20.72,38.3],[20.71,38.31],[20.7,38.32],[20.67,38.35],[20.64,38.4],[20.62,38.46],[20.61,38.47],[20.65,38.5],[20.66,38.5],[20.67,38.49],[20.71,38.45],[20.71,38.44],[20.74,38.37],[20.76,38.33],[20.76,38.32],[20.74,38.31]]],[[[26.03,38.18],[26.02,38.15],[26,38.16],[25.97,38.16],[25.96,38.17],[25.93,38.2],[25.86,38.24],[25.86,38.25],[25.87,38.26],[25.87,38.27],[25.91,38.29],[25.92,38.3],[25.94,38.3],[25.99,38.34],[25.99,38.38],[25.99,38.39],[25.95,38.45],[25.94,38.46],[25.92,38.47],[25.91,38.47],[25.89,38.47],[25.88,38.48],[25.86,38.49],[25.85,38.5],[25.85,38.51],[25.83,38.54],[25.82,38.54],[25.84,38.57],[25.85,38.58],[25.86,38.58],[25.87,38.59],[25.89,38.59],[26,38.6],[26.14,38.56],[26.15,38.56],[26.16,38.55],[26.16,38.54],[26.14,38.43],[26.13,38.42],[26.13,38.41],[26.15,38.36],[26.16,38.33],[26.16,38.3],[26.1,38.25],[26.04,38.19],[26.03,38.18]]],[[[20.9,38.55],[20.9,38.54],[20.9,38.55],[20.9,38.57],[20.91,38.58],[20.94,38.6],[20.94,38.59],[20.9,38.55]]],[[[25.6,38.53],[25.56,38.53],[25.53,38.59],[25.53,38.6],[25.57,38.61],[25.59,38.6],[25.61,38.59],[25.62,38.58],[25.61,38.54],[25.6,38.53]]],[[[20.64,38.58],[20.54,38.56],[20.54,38.57],[20.54,38.59],[20.56,38.68],[20.56,38.69],[20.6,38.78],[20.64,38.83],[20.65,38.83],[20.66,38.84],[20.7,38.84],[20.71,38.83],[20.72,38.83],[20.73,38.81],[20.73,38.8],[20.72,38.63],[20.72,38.62],[20.64,38.58]]],[[[24.68,38.8],[24.68,38.78],[24.66,38.77],[24.65,38.76],[24.63,38.77],[24.62,38.77],[24.61,38.77],[24.61,38.78],[24.6,38.79],[24.59,38.79],[24.57,38.78],[24.57,38.77],[24.57,38.76],[24.55,38.77],[24.54,38.78],[24.46,38.88],[24.45,38.9],[24.45,38.95],[24.46,38.96],[24.46,38.97],[24.48,38.98],[24.49,38.98],[24.5,38.97],[24.51,38.97],[24.58,38.93],[24.67,38.82],[24.68,38.81],[24.68,38.8]]],[[[23.46,38.85],[23.47,38.84],[23.52,38.81],[23.59,38.77],[23.77,38.71],[23.85,38.68],[23.95,38.66],[24.01,38.67],[24.15,38.65],[24.15,38.57],[24.19,38.39],[24.25,38.23],[24.26,38.22],[24.27,38.2],[24.3,38.19],[24.34,38.16],[24.43,38.14],[24.46,38.14],[24.47,38.14],[24.48,38.14],[24.55,38.14],[24.57,38.15],[24.59,38.06],[24.59,38.05],[24.59,38.04],[24.59,38.03],[24.58,38],[24.56,37.99],[24.52,37.96],[24.51,37.95],[24.5,37.95],[24.48,37.96],[24.39,37.99],[24.33,38.05],[24.21,38.16],[24.15,38.22],[24.11,38.29],[24.05,38.37],[24.06,38.37],[24.06,38.38],[24.05,38.39],[24,38.4],[23.98,38.39],[23.97,38.39],[23.94,38.39],[23.91,38.38],[23.81,38.39],[23.77,38.39],[23.67,38.41],[23.64,38.42],[23.62,38.45],[23.62,38.47],[23.63,38.48],[23.64,38.5],[23.64,38.51],[23.63,38.52],[23.63,38.54],[23.62,38.54],[23.6,38.57],[23.49,38.63],[23.33,38.74],[23.2,38.83],[23.16,38.85],[23.15,38.85],[23.14,38.85],[23.13,38.85],[23.12,38.84],[23.1,38.84],[22.83,38.82],[22.83,38.83],[22.83,38.84],[22.84,38.85],[22.84,38.86],[22.85,38.86],[22.93,38.89],[23.1,38.98],[23.13,39],[23.28,39.04],[23.29,39.04],[23.3,39.04],[23.31,39.04],[23.32,39.03],[23.37,39.01],[23.38,39.01],[23.38,39],[23.38,38.99],[23.37,38.98],[23.38,38.98],[23.38,38.97],[23.45,38.87],[23.46,38.85]]],[[[23.74,39.08],[23.72,39.07],[23.71,39.07],[23.66,39.09],[23.59,39.2],[23.59,39.21],[23.6,39.21],[23.61,39.2],[23.78,39.13],[23.79,39.12],[23.79,39.11],[23.77,39.1],[23.77,39.09],[23.75,39.08],[23.74,39.08]]],[[[23.51,39.16],[23.46,39.13],[23.4,39.14],[23.39,39.15],[23.39,39.16],[23.4,39.16],[23.44,39.2],[23.46,39.21],[23.47,39.21],[23.49,39.2],[23.5,39.19],[23.51,39.19],[23.51,39.18],[23.51,39.17],[23.51,39.16]]],[[[20.2,39.17],[20.18,39.17],[20.17,39.18],[20.16,39.18],[20.14,39.2],[20.12,39.22],[20.12,39.23],[20.12,39.24],[20.13,39.24],[20.14,39.24],[20.16,39.22],[20.19,39.2],[20.2,39.19],[20.2,39.18],[20.2,39.17]]],[[[23.86,39.14],[23.86,39.13],[23.85,39.13],[23.84,39.14],[23.83,39.15],[23.92,39.26],[23.95,39.29],[23.96,39.29],[23.96,39.28],[23.98,39.27],[23.98,39.26],[23.92,39.18],[23.9,39.16],[23.86,39.14]]],[[[26.38,39.27],[26.41,39.25],[26.48,39.22],[26.53,39.15],[26.61,39.05],[26.61,39.04],[26.62,39.03],[26.62,39.02],[26.61,39.01],[26.52,38.97],[26.45,38.97],[26.39,38.97],[26.32,38.98],[26.19,39.02],[26.14,39.04],[26.09,39.07],[26.09,39.08],[26.11,39.09],[26.12,39.09],[26.17,39.1],[26.28,39.16],[26.29,39.17],[26.29,39.18],[26.29,39.19],[26.26,39.2],[26.25,39.2],[26.24,39.2],[26.23,39.2],[26.2,39.2],[26.17,39.2],[26.16,39.19],[26.16,39.17],[26.15,39.16],[26.11,39.11],[26.09,39.09],[26.08,39.09],[26.07,39.08],[26.06,39.09],[26.05,39.09],[25.99,39.1],[25.89,39.14],[25.86,39.15],[25.84,39.18],[25.83,39.18],[25.86,39.25],[25.86,39.26],[25.88,39.27],[25.91,39.29],[25.92,39.29],[25.92,39.28],[25.93,39.28],[25.95,39.27],[25.98,39.27],[26.17,39.32],[26.17,39.33],[26.18,39.33],[26.17,39.35],[26.16,39.37],[26.17,39.37],[26.18,39.38],[26.22,39.38],[26.23,39.38],[26.32,39.37],[26.4,39.34],[26.42,39.33],[26.41,39.32],[26.39,39.31],[26.39,39.3],[26.38,39.28],[26.38,39.27]]],[[[24.99,39.47],[24.98,39.48],[24.97,39.51],[24.97,39.52],[24.98,39.53],[24.98,39.54],[25,39.56],[25.01,39.56],[25.02,39.56],[25.03,39.56],[25.05,39.55],[25.05,39.54],[25.05,39.53],[25.05,39.52],[25.03,39.5],[24.99,39.47]]],[[[19.93,39.79],[19.95,39.78],[19.95,39.77],[19.95,39.76],[19.94,39.74],[19.93,39.73],[19.92,39.72],[19.91,39.72],[19.88,39.72],[19.85,39.71],[19.84,39.7],[19.84,39.68],[19.85,39.65],[19.93,39.48],[19.93,39.47],[20.02,39.43],[20.03,39.43],[20.05,39.44],[20.06,39.44],[20.06,39.45],[20.07,39.45],[20.12,39.38],[20.12,39.37],[20.11,39.37],[20.11,39.36],[20.08,39.37],[19.88,39.44],[19.88,39.45],[19.86,39.48],[19.85,39.49],[19.85,39.52],[19.85,39.54],[19.84,39.55],[19.82,39.58],[19.81,39.59],[19.74,39.63],[19.68,39.67],[19.67,39.68],[19.64,39.74],[19.64,39.76],[19.65,39.77],[19.67,39.79],[19.69,39.8],[19.7,39.79],[19.79,39.79],[19.8,39.79],[19.86,39.82],[19.93,39.79]]],[[[19.4,39.84],[19.39,39.84],[19.38,39.84],[19.38,39.85],[19.38,39.87],[19.42,39.87],[19.43,39.87],[19.43,39.86],[19.4,39.84]]],[[[25.44,40.01],[25.39,39.95],[25.36,39.91],[25.35,39.9],[25.34,39.88],[25.34,39.85],[25.35,39.84],[25.35,39.83],[25.36,39.83],[25.37,39.81],[25.36,39.79],[25.34,39.79],[25.32,39.79],[25.31,39.8],[25.3,39.8],[25.29,39.8],[25.29,39.81],[25.27,39.87],[25.28,39.89],[25.28,39.9],[25.27,39.91],[25.26,39.91],[25.24,39.91],[25.23,39.91],[25.21,39.9],[25.21,39.89],[25.18,39.85],[25.18,39.84],[25.2,39.83],[25.22,39.81],[25.23,39.8],[25.22,39.8],[25.17,39.8],[25.16,39.8],[25.07,39.84],[25.06,39.85],[25.05,39.86],[25.04,39.96],[25.05,39.98],[25.05,39.99],[25.13,40.01],[25.14,40.01],[25.23,40],[25.27,39.99],[25.37,40.01],[25.45,40.03],[25.45,40.01],[25.44,40.01]]],[[[25.6,40.4],[25.57,40.4],[25.56,40.4],[25.52,40.42],[25.49,40.44],[25.46,40.45],[25.46,40.46],[25.44,40.48],[25.49,40.5],[25.53,40.51],[25.54,40.51],[25.56,40.51],[25.57,40.51],[25.58,40.51],[25.66,40.49],[25.69,40.47],[25.7,40.47],[25.7,40.46],[25.7,40.43],[25.7,40.42],[25.69,40.42],[25.66,40.41],[25.61,40.4],[25.6,40.4]]],[[[24.77,40.63],[24.77,40.61],[24.67,40.58],[24.64,40.57],[24.64,40.58],[24.6,40.61],[24.59,40.62],[24.57,40.62],[24.57,40.63],[24.53,40.62],[24.51,40.64],[24.51,40.66],[24.52,40.69],[24.53,40.71],[24.54,40.72],[24.57,40.75],[24.6,40.78],[24.62,40.79],[24.64,40.8],[24.66,40.8],[24.7,40.78],[24.73,40.77],[24.76,40.75],[24.76,40.73],[24.77,40.63]]],[[[26.29,41.71],[26.31,41.71],[26.36,41.71],[26.4,41.69],[26.52,41.63],[26.57,41.61],[26.6,41.55],[26.64,41.42],[26.64,41.41],[26.64,41.38],[26.64,41.37],[26.64,41.36],[26.63,41.35],[26.62,41.34],[26.61,41.33],[26.6,41.33],[26.41,41.26],[26.39,41.25],[26.38,41.25],[26.37,41.25],[26.36,41.26],[26.32,41.23],[26.32,41.09],[26.37,41.03],[26.38,41.03],[26.38,41.02],[26.36,40.96],[26.36,40.95],[26.29,40.9],[26.25,40.89],[26.21,40.88],[26.17,40.82],[26.13,40.76],[26.13,40.75],[26.12,40.75],[26.11,40.74],[26.09,40.74],[26.07,40.73],[26.05,40.73],[26.05,40.74],[26.04,40.74],[26.04,40.76],[26.03,40.79],[26.04,40.81],[26.02,40.83],[25.91,40.85],[25.81,40.85],[25.77,40.85],[25.75,40.85],[25.72,40.85],[25.68,40.85],[25.58,40.87],[25.5,40.89],[25.42,40.91],[25.36,40.94],[25.35,40.94],[25.32,40.95],[25.3,40.95],[25.24,40.94],[25.18,40.94],[25.14,40.95],[25.13,40.95],[25.13,40.96],[25.13,40.97],[25.14,40.98],[25.16,40.99],[25.17,40.99],[25.15,41.01],[25.14,41.01],[25.07,41.01],[25.04,41.01],[25.04,41],[24.89,40.92],[24.86,40.9],[24.8,40.85],[24.78,40.85],[24.63,40.86],[24.62,40.86],[24.6,40.9],[24.57,40.95],[24.56,40.95],[24.51,40.95],[24.43,40.94],[24.4,40.94],[24.39,40.93],[24.34,40.9],[24.32,40.88],[24.32,40.87],[24.31,40.85],[24.32,40.83],[24.16,40.74],[24.15,40.74],[24.1,40.72],[24.08,40.72],[24.07,40.72],[24.05,40.72],[23.99,40.73],[23.97,40.74],[23.92,40.76],[23.91,40.76],[23.89,40.77],[23.85,40.79],[23.84,40.79],[23.73,40.76],[23.72,40.75],[23.72,40.74],[23.71,40.74],[23.7,40.71],[23.69,40.69],[23.69,40.68],[23.69,40.67],[23.8,40.58],[23.82,40.51],[23.82,40.49],[23.82,40.48],[23.82,40.46],[23.83,40.46],[23.84,40.45],[23.86,40.42],[23.87,40.41],[23.88,40.4],[23.89,40.4],[23.92,40.38],[23.96,40.38],[24,40.38],[24.01,40.39],[24.17,40.35],[24.18,40.35],[24.24,40.31],[24.38,40.19],[24.39,40.18],[24.39,40.17],[24.4,40.16],[24.4,40.15],[24.4,40.14],[24.39,40.14],[24.32,40.12],[24.31,40.12],[24.3,40.12],[24.29,40.13],[24.29,40.14],[24.29,40.15],[24.17,40.27],[24.16,40.28],[24.15,40.28],[24.12,40.29],[24.11,40.29],[24.1,40.29],[24.05,40.29],[24.03,40.3],[24,40.31],[23.99,40.32],[23.97,40.33],[23.96,40.34],[23.95,40.35],[23.94,40.36],[23.92,40.36],[23.91,40.37],[23.85,40.37],[23.83,40.37],[23.73,40.35],[23.71,40.34],[23.7,40.32],[23.69,40.31],[23.69,40.3],[23.7,40.27],[23.7,40.26],[23.73,40.24],[23.77,40.2],[23.78,40.19],[23.79,40.19],[23.8,40.19],[23.88,40.17],[23.91,40.16],[23.97,40.13],[23.99,40.11],[24.02,40.03],[24.02,40.01],[24.01,40.01],[23.99,39.95],[23.94,39.94],[23.93,39.94],[23.9,39.97],[23.83,40.03],[23.79,40.08],[23.79,40.09],[23.76,40.13],[23.73,40.17],[23.7,40.19],[23.67,40.22],[23.65,40.23],[23.64,40.23],[23.41,40.28],[23.4,40.28],[23.39,40.28],[23.38,40.27],[23.35,40.24],[23.34,40.23],[23.33,40.22],[23.33,40.21],[23.33,40.2],[23.37,40.14],[23.48,40.05],[23.5,40.03],[23.51,40.03],[23.6,40],[23.61,39.99],[23.68,39.97],[23.75,39.93],[23.75,39.92],[23.74,39.92],[23.73,39.92],[23.71,39.91],[23.64,39.92],[23.61,39.92],[23.6,39.92],[23.44,39.97],[23.38,39.99],[23.32,40.12],[23.32,40.13],[23.32,40.18],[23.32,40.19],[23.32,40.2],[23.31,40.22],[23.31,40.23],[23.3,40.23],[23.29,40.24],[23.27,40.25],[23.26,40.25],[23.18,40.27],[23.11,40.3],[22.9,40.4],[22.84,40.48],[22.86,40.5],[22.87,40.5],[22.89,40.5],[22.92,40.51],[22.95,40.52],[22.96,40.53],[22.97,40.54],[22.98,40.55],[22.98,40.56],[22.95,40.62],[22.95,40.63],[22.94,40.63],[22.91,40.64],[22.9,40.65],[22.87,40.64],[22.86,40.63],[22.86,40.62],[22.86,40.6],[22.85,40.59],[22.82,40.57],[22.81,40.57],[22.7,40.52],[22.65,40.51],[22.59,40.48],[22.58,40.46],[22.61,40.41],[22.62,40.39],[22.63,40.38],[22.61,40.29],[22.6,40.28],[22.55,40.16],[22.55,40.15],[22.55,40.13],[22.57,40.06],[22.59,40.01],[22.62,40],[22.63,39.99],[22.69,39.97],[22.7,39.96],[22.71,39.95],[22.85,39.79],[22.86,39.78],[22.86,39.77],[22.86,39.75],[22.86,39.73],[22.87,39.72],[22.91,39.62],[22.92,39.59],[22.93,39.58],[22.94,39.58],[22.95,39.57],[23.02,39.53],[23.12,39.46],[23.14,39.44],[23.26,39.33],[23.27,39.32],[23.28,39.31],[23.33,39.23],[23.33,39.22],[23.34,39.19],[23.34,39.18],[23.34,39.17],[23.32,39.15],[23.21,39.1],[23.16,39.09],[23.12,39.09],[23.09,39.09],[23.08,39.09],[23.06,39.09],[23.05,39.1],[23.07,39.13],[23.07,39.14],[23.08,39.15],[23.09,39.15],[23.11,39.15],[23.11,39.14],[23.12,39.14],[23.11,39.13],[23.11,39.12],[23.1,39.1],[23.11,39.1],[23.17,39.13],[23.21,39.15],[23.22,39.18],[23.22,39.19],[23.18,39.26],[23.16,39.27],[23.12,39.3],[23.12,39.31],[23,39.35],[22.95,39.36],[22.94,39.36],[22.83,39.27],[22.82,39.27],[22.82,39.25],[22.82,39.24],[22.82,39.22],[22.82,39.21],[22.83,39.19],[22.85,39.16],[22.86,39.16],[22.88,39.17],[22.88,39.18],[22.91,39.16],[22.96,39.12],[22.97,39.11],[23,39.07],[23,39.04],[23.03,39.04],[23.07,39.04],[23.05,39.02],[23.01,38.98],[22.94,38.93],[22.83,38.89],[22.76,38.87],[22.75,38.87],[22.73,38.87],[22.68,38.88],[22.66,38.88],[22.65,38.89],[22.65,38.9],[22.64,38.9],[22.62,38.91],[22.61,38.91],[22.53,38.88],[22.52,38.88],[22.52,38.86],[22.55,38.83],[22.56,38.83],[22.58,38.83],[22.59,38.83],[22.61,38.82],[22.62,38.83],[22.67,38.83],[22.71,38.82],[22.76,38.79],[22.77,38.78],[22.95,38.75],[23.06,38.69],[23.07,38.68],[23.09,38.65],[23.11,38.63],[23.12,38.63],[23.13,38.63],[23.17,38.64],[23.19,38.65],[23.19,38.66],[23.28,38.65],[23.29,38.65],[23.32,38.65],[23.32,38.64],[23.33,38.62],[23.34,38.62],[23.34,38.61],[23.34,38.6],[23.31,38.57],[23.34,38.54],[23.4,38.51],[23.47,38.5],[23.54,38.5],[23.59,38.46],[23.59,38.45],[23.6,38.43],[23.66,38.36],[23.68,38.35],[23.8,38.32],[23.85,38.31],[23.93,38.3],[23.96,38.28],[24.07,38.2],[24.07,38.19],[24.07,38.16],[24.06,38.14],[24.01,38.07],[24.01,37.97],[24.03,37.87],[24.06,37.84],[24.09,37.8],[24.09,37.78],[24.09,37.77],[24.07,37.69],[24.06,37.68],[24.04,37.66],[24.03,37.65],[23.95,37.67],[23.94,37.67],[23.92,37.72],[23.91,37.76],[23.89,37.78],[23.86,37.8],[23.85,37.81],[23.82,37.82],[23.77,37.83],[23.56,37.97],[23.56,37.98],[23.57,37.99],[23.59,38],[23.59,38.01],[23.6,38.02],[23.6,38.03],[23.59,38.04],[23.58,38.04],[23.57,38.04],[23.52,38.04],[23.51,38.04],[23.46,38.02],[23.43,38],[23.42,37.99],[23.41,37.98],[23.33,37.98],[23.25,37.98],[23.24,37.98],[23.23,37.97],[23.18,37.95],[23.15,37.93],[23.14,37.93],[23.13,37.92],[23.11,37.91],[23.06,37.91],[23.04,37.92],[23.02,37.92],[23.01,37.92],[22.99,37.88],[23,37.85],[23.01,37.84],[23.02,37.84],[23.06,37.84],[23.08,37.84],[23.1,37.84],[23.15,37.76],[23.16,37.62],[23.17,37.61],[23.2,37.59],[23.28,37.55],[23.32,37.53],[23.33,37.53],[23.34,37.53],[23.36,37.54],[23.36,37.55],[23.37,37.55],[23.36,37.57],[23.35,37.59],[23.33,37.6],[23.33,37.61],[23.41,37.59],[23.42,37.53],[23.45,37.51],[23.5,37.48],[23.52,37.46],[23.52,37.44],[23.51,37.43],[23.5,37.42],[23.42,37.41],[23.41,37.41],[23.39,37.41],[23.38,37.41],[23.35,37.42],[23.27,37.4],[23.23,37.38],[23.2,37.31],[23.2,37.3],[23.18,37.29],[23.15,37.3],[23.07,37.35],[23.07,37.36],[23.07,37.39],[23.07,37.4],[23.08,37.39],[23.09,37.39],[23.11,37.39],[23.14,37.42],[23.14,37.44],[23.13,37.45],[22.98,37.52],[22.93,37.53],[22.93,37.54],[22.78,37.59],[22.77,37.59],[22.76,37.59],[22.74,37.58],[22.73,37.57],[22.72,37.56],[22.72,37.55],[22.73,37.49],[22.73,37.48],[22.76,37.41],[22.81,37.35],[22.91,37.19],[22.91,37.18],[22.9,37.17],[22.89,37.14],[22.9,37.13],[22.9,37.12],[22.91,37.11],[22.92,37.11],[22.93,37.12],[22.95,37.12],[22.96,37.12],[23.01,37.02],[23.01,36.99],[23.01,36.94],[23.02,36.93],[23.05,36.87],[23.09,36.82],[23.11,36.77],[23.09,36.75],[23.07,36.74],[23.06,36.74],[23.05,36.74],[23.03,36.73],[23.03,36.72],[23.03,36.66],[23.03,36.64],[23.03,36.63],[23.04,36.63],[23.08,36.58],[23.11,36.56],[23.2,36.46],[23.2,36.45],[23.2,36.44],[23.2,36.43],[23.14,36.43],[23.09,36.44],[22.97,36.52],[22.95,36.55],[22.89,36.65],[22.79,36.8],[22.78,36.8],[22.77,36.8],[22.73,36.81],[22.64,36.8],[22.63,36.8],[22.6,36.79],[22.59,36.79],[22.57,36.77],[22.51,36.67],[22.48,36.61],[22.48,36.59],[22.48,36.53],[22.49,36.52],[22.49,36.5],[22.5,36.5],[22.5,36.49],[22.51,36.49],[22.51,36.47],[22.51,36.45],[22.49,36.39],[22.48,36.4],[22.4,36.47],[22.38,36.54],[22.36,36.7],[22.3,36.81],[22.24,36.87],[22.19,36.89],[22.15,36.95],[22.16,37],[22.16,37.01],[22.16,37.02],[22.15,37.02],[22.12,37.03],[22.07,37.03],[22.06,37.03],[22.05,37.03],[22.03,37.02],[21.98,37.01],[21.95,37],[21.94,36.99],[21.93,36.98],[21.93,36.97],[21.92,36.87],[21.92,36.86],[21.93,36.85],[21.93,36.82],[21.94,36.81],[21.95,36.8],[21.96,36.8],[21.94,36.76],[21.88,36.72],[21.87,36.72],[21.87,36.73],[21.85,36.76],[21.83,36.78],[21.83,36.79],[21.83,36.8],[21.82,36.8],[21.82,36.81],[21.81,36.81],[21.77,36.8],[21.76,36.79],[21.7,36.81],[21.7,36.82],[21.69,36.84],[21.69,36.87],[21.69,36.88],[21.69,36.89],[21.7,36.91],[21.71,36.92],[21.71,36.93],[21.71,36.94],[21.71,36.95],[21.64,37.01],[21.61,37.03],[21.58,37.06],[21.58,37.07],[21.57,37.15],[21.56,37.15],[21.57,37.16],[21.58,37.19],[21.58,37.2],[21.59,37.21],[21.61,37.22],[21.63,37.23],[21.67,37.27],[21.68,37.27],[21.7,37.3],[21.7,37.31],[21.7,37.33],[21.68,37.38],[21.66,37.42],[21.65,37.44],[21.61,37.51],[21.58,37.53],[21.57,37.54],[21.56,37.55],[21.53,37.57],[21.4,37.65],[21.29,37.78],[21.28,37.79],[21.23,37.81],[21.22,37.82],[21.21,37.82],[21.17,37.83],[21.15,37.83],[21.12,37.84],[21.11,37.84],[21.11,37.85],[21.11,37.88],[21.11,37.89],[21.12,37.93],[21.13,37.94],[21.14,37.94],[21.15,37.93],[21.16,37.93],[21.18,37.93],[21.19,37.93],[21.21,37.94],[21.22,37.95],[21.28,37.99],[21.32,38.03],[21.37,38.11],[21.37,38.14],[21.37,38.15],[21.37,38.16],[21.38,38.21],[21.45,38.2],[21.47,38.19],[21.48,38.18],[21.53,38.16],[21.54,38.16],[21.59,38.15],[21.61,38.15],[21.64,38.16],[21.67,38.17],[21.68,38.17],[21.72,38.22],[21.72,38.23],[21.73,38.25],[21.74,38.27],[21.74,38.28],[21.77,38.3],[21.78,38.31],[21.85,38.34],[21.86,38.34],[21.96,38.33],[22.02,38.31],[22.02,38.3],[22.03,38.29],[22.04,38.27],[22.17,38.2],[22.18,38.2],[22.22,38.19],[22.22,38.18],[22.38,38.15],[22.46,38.13],[22.54,38.11],[22.65,38.08],[22.71,38.05],[22.72,38.04],[22.73,38.04],[22.76,38.01],[22.8,37.97],[22.86,37.94],[22.87,37.94],[22.91,37.94],[22.94,37.94],[22.95,37.95],[22.96,37.95],[22.97,37.96],[22.97,37.97],[22.98,37.98],[22.95,38],[22.91,38.02],[22.89,38.03],[22.87,38.03],[22.86,38.03],[22.85,38.03],[22.86,38.03],[22.86,38.04],[22.88,38.05],[22.94,38.08],[22.95,38.08],[22.96,38.08],[23,38.07],[23.01,38.07],[23.02,38.06],[23.05,38.06],[23.06,38.06],[23.1,38.06],[23.11,38.06],[23.13,38.06],[23.17,38.07],[23.21,38.1],[23.22,38.1],[23.23,38.15],[23.22,38.16],[23.12,38.21],[23.02,38.22],[22.97,38.21],[22.94,38.21],[22.94,38.19],[22.92,38.2],[22.84,38.23],[22.78,38.23],[22.77,38.24],[22.69,38.32],[22.59,38.33],[22.53,38.34],[22.51,38.38],[22.46,38.42],[22.46,38.43],[22.42,38.44],[22.41,38.45],[22.4,38.45],[22.38,38.39],[22.38,38.38],[22.39,38.36],[22.4,38.35],[22.39,38.34],[22.38,38.34],[22.38,38.33],[22.37,38.33],[22.19,38.34],[22.17,38.35],[22.13,38.37],[22.04,38.4],[21.98,38.41],[21.95,38.41],[21.71,38.35],[21.66,38.35],[21.64,38.35],[21.6,38.34],[21.55,38.32],[21.53,38.31],[21.46,38.37],[21.37,38.43],[21.35,38.43],[21.34,38.4],[21.34,38.39],[21.27,38.34],[21.24,38.32],[21.18,38.3],[21.17,38.3],[21.16,38.3],[21.15,38.3],[21.11,38.35],[21.11,38.36],[21.11,38.37],[21.13,38.38],[21.14,38.39],[21.14,38.4],[21.12,38.43],[21.12,38.44],[21.11,38.43],[21.1,38.43],[21.11,38.43],[21.11,38.44],[21.11,38.45],[21.09,38.5],[20.99,38.67],[20.9,38.73],[20.81,38.76],[20.77,38.76],[20.76,38.76],[20.73,38.8],[20.73,38.81],[20.75,38.91],[20.78,38.93],[20.97,38.94],[21.03,38.93],[21.03,38.92],[21.03,38.91],[21.02,38.9],[21.03,38.9],[21.03,38.89],[21.05,38.88],[21.08,38.86],[21.09,38.86],[21.14,38.93],[21.17,38.98],[21.16,38.98],[21.15,39],[21.14,39.02],[21.11,39.05],[21.1,39.05],[21.09,39.05],[21.08,39.06],[21.05,39.01],[20.93,39.06],[20.83,39.11],[20.82,39.11],[20.77,39.09],[20.76,39.02],[20.79,39],[20.82,38.98],[20.83,38.97],[20.83,38.96],[20.82,38.96],[20.74,38.95],[20.73,38.95],[20.73,38.96],[20.71,38.98],[20.7,38.99],[20.7,39],[20.71,39.01],[20.71,39.02],[20.7,39.05],[20.7,39.06],[20.69,39.07],[20.68,39.08],[20.53,39.19],[20.48,39.27],[20.47,39.28],[20.39,39.28],[20.35,39.29],[20.34,39.29],[20.3,39.31],[20.3,39.32],[20.29,39.33],[20.21,39.44],[20.25,39.44],[20.23,39.52],[20.19,39.62],[20.18,39.63],[20.16,39.63],[20.06,39.68],[20.05,39.68],[20.01,39.69],[20.01,39.7],[20.02,39.7],[20.03,39.7],[20.09,39.68],[20.1,39.67],[20.11,39.67],[20.14,39.66],[20.17,39.65],[20.19,39.65],[20.2,39.65],[20.22,39.65],[20.32,39.72],[20.32,39.73],[20.32,39.74],[20.3,39.77],[20.29,39.8],[20.29,39.81],[20.3,39.81],[20.31,39.81],[20.37,39.79],[20.38,39.79],[20.39,39.79],[20.4,39.8],[20.41,39.8],[20.41,39.82],[20.41,39.84],[20.41,39.85],[20.37,39.89],[20.34,39.92],[20.32,39.99],[20.42,40.06],[20.44,40.07],[20.45,40.07],[20.46,40.07],[20.48,40.07],[20.48,40.06],[20.56,40.07],[20.58,40.07],[20.61,40.08],[20.62,40.09],[20.66,40.09],[20.67,40.1],[20.72,40.22],[20.72,40.23],[20.72,40.25],[20.71,40.26],[20.71,40.27],[20.71,40.28],[20.73,40.3],[20.74,40.31],[20.76,40.31],[20.79,40.4],[20.79,40.43],[20.83,40.46],[20.91,40.47],[20.91,40.46],[20.92,40.46],[20.94,40.46],[20.95,40.47],[21.04,40.56],[21.04,40.57],[21.05,40.62],[21.05,40.66],[21.05,40.67],[21.05,40.68],[21.05,40.69],[21.04,40.7],[21.03,40.71],[21.02,40.72],[20.98,40.79],[20.98,40.86],[21.12,40.86],[21.15,40.86],[21.32,40.87],[21.34,40.87],[21.36,40.87],[21.37,40.88],[21.38,40.89],[21.4,40.91],[21.41,40.91],[21.42,40.92],[21.51,40.91],[21.53,40.91],[21.54,40.91],[21.55,40.89],[21.57,40.88],[21.57,40.87],[21.58,40.87],[21.6,40.87],[21.78,40.93],[21.79,40.93],[21.91,41.05],[21.91,41.06],[21.91,41.07],[21.92,41.09],[21.97,41.13],[21.98,41.13],[22.21,41.17],[22.26,41.17],[22.3,41.15],[22.34,41.13],[22.43,41.12],[22.45,41.12],[22.48,41.12],[22.58,41.12],[22.59,41.12],[22.72,41.14],[22.73,41.15],[22.74,41.15],[22.74,41.16],[22.76,41.23],[22.76,41.25],[22.77,41.3],[22.76,41.3],[22.76,41.31],[22.77,41.32],[22.78,41.33],[22.8,41.35],[22.81,41.35],[22.93,41.34],[22.94,41.34],[22.98,41.34],[23.09,41.32],[23.12,41.32],[23.18,41.32],[23.19,41.33],[23.2,41.33],[23.21,41.34],[23.23,41.35],[23.23,41.37],[23.23,41.38],[23.27,41.4],[23.29,41.41],[23.3,41.41],[23.44,41.41],[23.54,41.4],[23.55,41.39],[23.6,41.38],[23.63,41.38],[23.64,41.38],[23.74,41.41],[23.8,41.44],[23.89,41.45],[23.97,41.44],[23.98,41.44],[24.07,41.48],[24.06,41.52],[24.07,41.52],[24.08,41.54],[24.09,41.55],[24.1,41.55],[24.16,41.54],[24.2,41.54],[24.21,41.55],[24.25,41.57],[24.26,41.57],[24.27,41.57],[24.3,41.55],[24.31,41.55],[24.47,41.55],[24.56,41.5],[24.57,41.49],[24.6,41.44],[24.61,41.43],[24.77,41.37],[24.81,41.35],[24.81,41.38],[24.82,41.4],[24.82,41.41],[24.9,41.41],[25.04,41.37],[25.06,41.36],[25.16,41.32],[25.19,41.3],[25.24,41.25],[25.28,41.24],[25.29,41.24],[25.34,41.25],[25.5,41.29],[25.55,41.31],[25.56,41.32],[25.57,41.32],[25.65,41.32],[25.81,41.34],[25.88,41.31],[25.89,41.31],[25.91,41.31],[25.98,41.32],[25.99,41.32],[26.14,41.35],[26.2,41.44],[26.18,41.54],[26.14,41.63],[26.13,41.63],[26.12,41.63],[26.1,41.63],[26.07,41.66],[26.07,41.69],[26.07,41.7],[26.07,41.71],[26.08,41.72],[26.14,41.74],[26.16,41.75],[26.17,41.75],[26.18,41.75],[26.22,41.74],[26.23,41.74],[26.24,41.74],[26.27,41.72],[26.28,41.71],[26.29,41.71]]]]}},{"type":"Feature","properties":{"FID":0,"FIPS":"HR","ISO2":"HR","ISO3":"HRV","UN":191,"NAME":"Croatia","AREA":5592,"POP2005":455149,"REGION":150,"SUBREGION":39,"LON":16.693,"LAT":45.723},"geometry":{"type":"MultiPolygon","coordinates":[[[[16.9,42.73],[16.89,42.73],[16.84,42.73],[16.83,42.73],[16.82,42.73],[16.81,42.74],[16.81,42.77],[16.82,42.78],[16.86,42.78],[16.87,42.78],[16.93,42.77],[16.94,42.77],[16.94,42.76],[16.93,42.74],[16.92,42.73],[16.91,42.73],[16.9,42.73]]],[[[17.75,42.69],[17.74,42.69],[17.73,42.7],[17.7,42.71],[17.69,42.71],[17.64,42.72],[17.61,42.72],[17.55,42.73],[17.37,42.76],[17.36,42.76],[17.34,42.77],[17.33,42.78],[17.32,42.79],[17.36,42.8],[17.38,42.8],[17.4,42.8],[17.66,42.74],[17.67,42.73],[17.73,42.71],[17.74,42.7],[17.75,42.69]]],[[[16.82,42.96],[16.86,42.96],[16.87,42.96],[16.9,42.96],[16.91,42.97],[16.94,42.97],[16.97,42.98],[17.02,42.98],[17.05,42.98],[17.14,42.96],[17.18,42.92],[17.13,42.91],[17.12,42.91],[16.98,42.93],[16.94,42.91],[16.87,42.9],[16.83,42.9],[16.72,42.92],[16.67,42.93],[16.66,42.92],[16.64,42.93],[16.67,42.95],[16.71,42.96],[16.69,42.97],[16.63,42.98],[16.64,42.98],[16.64,42.99],[16.69,42.99],[16.72,42.98],[16.73,42.98],[16.76,42.97],[16.77,42.97],[16.82,42.96]]],[[[17.3,43.01],[17.43,42.96],[17.44,42.95],[17.45,42.95],[17.52,42.92],[17.66,42.88],[17.65,42.89],[17.68,42.92],[17.69,42.92],[17.7,42.93],[17.71,42.93],[17.74,42.92],[17.8,42.9],[17.84,42.87],[17.84,42.86],[17.85,42.86],[17.88,42.82],[17.96,42.78],[17.98,42.77],[18,42.76],[18.16,42.7],[18.22,42.65],[18.23,42.64],[18.27,42.62],[18.28,42.62],[18.29,42.61],[18.3,42.62],[18.31,42.62],[18.34,42.63],[18.35,42.63],[18.36,42.63],[18.4,42.61],[18.41,42.61],[18.46,42.57],[18.45,42.52],[18.45,42.51],[18.45,42.5],[18.46,42.49],[18.47,42.48],[18.48,42.47],[18.5,42.45],[18.52,42.44],[18.52,42.43],[18.53,42.4],[18.52,42.4],[18.51,42.4],[18.5,42.41],[18.36,42.5],[18.21,42.58],[18.06,42.66],[17.88,42.77],[17.75,42.8],[17.73,42.8],[17.55,42.84],[17.44,42.87],[17.36,42.91],[17.22,42.98],[17.2,42.98],[17.19,42.98],[17.18,42.98],[17.17,42.98],[17.14,42.98],[17.07,42.99],[17.01,43.01],[17,43.05],[17.01,43.05],[17.02,43.05],[17.27,43.01],[17.3,43.01]]],[[[16.21,43.02],[16.09,43.01],[16.06,43.01],[16.05,43.06],[16.07,43.07],[16.09,43.08],[16.1,43.08],[16.11,43.08],[16.14,43.08],[16.18,43.08],[16.23,43.08],[16.25,43.07],[16.25,43.06],[16.21,43.02]]],[[[16.56,43.23],[16.58,43.21],[16.59,43.22],[16.61,43.21],[16.65,43.22],[16.66,43.21],[16.66,43.2],[16.69,43.18],[16.7,43.17],[16.72,43.16],[16.81,43.16],[16.96,43.15],[17.12,43.14],[17.16,43.14],[17.19,43.13],[17.16,43.12],[17.11,43.12],[17.06,43.11],[16.88,43.12],[16.75,43.13],[16.67,43.12],[16.65,43.12],[16.53,43.14],[16.46,43.16],[16.43,43.17],[16.38,43.19],[16.37,43.19],[16.38,43.2],[16.46,43.21],[16.48,43.21],[16.52,43.21],[16.56,43.18],[16.58,43.18],[16.55,43.21],[16.52,43.22],[16.53,43.23],[16.54,43.23],[16.55,43.23],[16.56,43.23]]],[[[16.85,43.27],[16.84,43.27],[16.83,43.27],[16.79,43.27],[16.72,43.27],[16.71,43.27],[16.69,43.26],[16.63,43.26],[16.58,43.27],[16.52,43.28],[16.49,43.28],[16.42,43.31],[16.41,43.32],[16.41,43.33],[16.43,43.39],[16.44,43.39],[16.6,43.38],[16.7,43.37],[16.75,43.36],[16.78,43.36],[16.8,43.35],[16.81,43.35],[16.88,43.32],[16.89,43.32],[16.89,43.31],[16.89,43.3],[16.85,43.27]]],[[[16.39,43.33],[16.38,43.33],[16.37,43.33],[16.31,43.35],[16.21,43.38],[16.2,43.4],[16.2,43.41],[16.21,43.41],[16.24,43.41],[16.25,43.41],[16.28,43.41],[16.33,43.39],[16.39,43.34],[16.39,43.33]]],[[[15.69,43.63],[15.68,43.63],[15.67,43.64],[15.64,43.65],[15.61,43.67],[15.61,43.68],[15.63,43.67],[15.66,43.67],[15.67,43.66],[15.7,43.64],[15.69,43.63]]],[[[15.35,43.81],[15.38,43.78],[15.33,43.79],[15.25,43.84],[15.24,43.85],[15.23,43.87],[15.22,43.87],[15.23,43.88],[15.24,43.88],[15.25,43.86],[15.26,43.85],[15.27,43.85],[15.29,43.84],[15.32,43.83],[15.34,43.81],[15.35,43.81]]],[[[15.45,43.89],[15.44,43.89],[15.41,43.89],[15.35,43.93],[15.3,43.96],[15.26,44],[15.26,44.01],[15.27,44.01],[15.28,44.01],[15.38,43.97],[15.38,43.96],[15.45,43.9],[15.45,43.89]]],[[[15.25,44.02],[15.24,44.02],[15.18,44.05],[15.13,44.08],[15.07,44.13],[15.06,44.15],[15.06,44.16],[15.07,44.16],[15.16,44.11],[15.17,44.1],[15.24,44.05],[15.25,44.05],[15.26,44.02],[15.25,44.02]]],[[[14.86,44.17],[14.99,44.08],[15.02,44.07],[15.03,44.04],[15.04,44.03],[15.05,44.01],[15.08,43.99],[15.09,43.98],[15.1,43.98],[15.1,43.99],[15.12,43.98],[15.12,43.97],[15.13,43.96],[15.14,43.95],[15.18,43.93],[15.22,43.91],[15.23,43.9],[15.22,43.9],[15.22,43.89],[15.19,43.87],[15.18,43.88],[15.15,43.89],[15.14,43.9],[15.11,43.92],[15.1,43.93],[15.07,43.96],[15.06,43.97],[15.05,43.99],[15.04,44],[15.03,44.01],[14.99,44.06],[14.98,44.06],[14.97,44.07],[14.94,44.09],[14.92,44.11],[14.88,44.13],[14.87,44.13],[14.86,44.13],[14.85,44.14],[14.83,44.14],[14.82,44.15],[14.82,44.16],[14.84,44.15],[14.85,44.15],[14.86,44.14],[14.87,44.14],[14.86,44.16],[14.85,44.17],[14.86,44.17]]],[[[14.84,44.61],[14.87,44.61],[14.88,44.61],[14.91,44.61],[14.93,44.6],[14.96,44.58],[14.97,44.56],[14.99,44.54],[15.01,44.53],[15.04,44.53],[15.04,44.52],[15.05,44.52],[15.07,44.48],[15.06,44.48],[15.05,44.48],[15.04,44.5],[15.02,44.5],[15.01,44.51],[14.99,44.52],[14.97,44.53],[14.95,44.55],[14.92,44.55],[14.91,44.54],[14.94,44.54],[14.99,44.49],[15.06,44.43],[15.1,44.41],[15.07,44.43],[15.05,44.45],[15.04,44.48],[15.05,44.48],[15.06,44.48],[15.09,44.46],[15.12,44.44],[15.24,44.35],[15.25,44.34],[15.25,44.33],[15.22,44.31],[15.18,44.32],[15.17,44.3],[15.14,44.3],[15.13,44.31],[15.11,44.32],[15.1,44.33],[15.1,44.34],[15.09,44.37],[15.11,44.37],[15.12,44.38],[15.1,44.39],[15.08,44.4],[15.06,44.39],[15.04,44.39],[15.02,44.42],[14.98,44.46],[14.91,44.48],[14.9,44.49],[14.92,44.51],[14.74,44.68],[14.74,44.69],[14.73,44.69],[14.73,44.7],[14.74,44.7],[14.74,44.69],[14.79,44.66],[14.84,44.61]]],[[[14.52,44.47],[14.51,44.47],[14.37,44.59],[14.35,44.66],[14.34,44.7],[14.34,44.71],[14.38,44.7],[14.39,44.69],[14.39,44.68],[14.4,44.67],[14.39,44.66],[14.39,44.63],[14.4,44.62],[14.41,44.6],[14.42,44.59],[14.43,44.58],[14.48,44.54],[14.49,44.53],[14.5,44.52],[14.52,44.51],[14.53,44.5],[14.53,44.49],[14.53,44.48],[14.52,44.47]]],[[[14.76,44.8],[14.78,44.79],[14.82,44.76],[14.86,44.72],[14.87,44.71],[14.86,44.7],[14.85,44.7],[14.84,44.7],[14.74,44.76],[14.7,44.76],[14.66,44.8],[14.69,44.8],[14.7,44.81],[14.73,44.8],[14.71,44.82],[14.7,44.83],[14.69,44.84],[14.72,44.85],[14.74,44.85],[14.76,44.84],[14.76,44.8]]],[[[14.46,44.91],[14.45,44.88],[14.46,44.83],[14.47,44.81],[14.46,44.78],[14.47,44.76],[14.47,44.74],[14.47,44.7],[14.51,44.67],[14.53,44.64],[14.53,44.63],[14.52,44.62],[14.52,44.61],[14.49,44.61],[14.48,44.61],[14.45,44.63],[14.39,44.7],[14.39,44.73],[14.37,44.75],[14.37,44.8],[14.33,44.85],[14.32,44.89],[14.29,44.91],[14.3,44.93],[14.31,44.95],[14.34,44.92],[14.34,44.91],[14.36,44.91],[14.37,44.91],[14.39,44.91],[14.4,44.91],[14.39,44.96],[14.36,45.04],[14.35,45.05],[14.34,45.06],[14.32,45.06],[14.31,45.07],[14.28,45.1],[14.27,45.12],[14.28,45.13],[14.31,45.17],[14.32,45.18],[14.35,45.17],[14.36,45.16],[14.37,45.15],[14.36,45.14],[14.35,45.12],[14.36,45.1],[14.38,45.05],[14.41,45.01],[14.42,44.99],[14.43,44.98],[14.46,44.98],[14.48,44.96],[14.46,44.95],[14.46,44.91]]],[[[14.76,44.94],[14.73,44.94],[14.72,44.94],[14.7,44.95],[14.64,44.97],[14.56,45.02],[14.49,45.03],[14.48,45.04],[14.46,45.05],[14.44,45.07],[14.43,45.07],[14.43,45.08],[14.43,45.09],[14.46,45.13],[14.52,45.15],[14.54,45.24],[14.55,45.25],[14.56,45.25],[14.58,45.24],[14.59,45.24],[14.6,45.23],[14.66,45.12],[14.7,45.07],[14.79,45.01],[14.81,45],[14.81,44.99],[14.82,44.98],[14.81,44.98],[14.8,44.97],[14.76,44.94]]],[[[16.57,46.48],[16.59,46.47],[16.6,46.48],[16.61,46.48],[16.63,46.48],[16.66,46.47],[16.8,46.39],[16.84,46.37],[16.87,46.36],[16.87,46.35],[16.88,46.34],[16.88,46.31],[16.88,46.3],[16.89,46.28],[16.92,46.26],[16.94,46.25],[16.97,46.23],[17.04,46.21],[17.15,46.18],[17.16,46.18],[17.18,46.16],[17.19,46.15],[17.23,46.1],[17.24,46.08],[17.25,46.05],[17.26,46.02],[17.31,45.98],[17.35,45.95],[17.36,45.95],[17.39,45.94],[17.42,45.94],[17.42,45.93],[17.43,45.94],[17.43,45.95],[17.46,45.95],[17.58,45.94],[17.59,45.94],[17.59,45.93],[17.63,45.91],[17.64,45.89],[17.65,45.88],[17.65,45.85],[17.66,45.84],[17.67,45.84],[17.88,45.78],[18.01,45.79],[18.15,45.79],[18.19,45.78],[18.2,45.78],[18.22,45.78],[18.23,45.78],[18.24,45.77],[18.25,45.76],[18.26,45.76],[18.33,45.76],[18.34,45.75],[18.41,45.75],[18.42,45.75],[18.44,45.75],[18.55,45.8],[18.56,45.8],[18.59,45.83],[18.6,45.83],[18.61,45.85],[18.62,45.86],[18.72,45.91],[18.78,45.9],[18.81,45.9],[18.82,45.91],[18.83,45.88],[18.83,45.87],[18.88,45.83],[18.89,45.83],[18.9,45.82],[18.91,45.82],[18.92,45.81],[18.95,45.78],[18.96,45.78],[18.97,45.67],[18.97,45.66],[18.96,45.65],[18.94,45.63],[18.93,45.63],[18.91,45.62],[18.91,45.61],[18.9,45.58],[18.9,45.57],[18.91,45.57],[18.93,45.55],[18.93,45.54],[18.94,45.54],[18.95,45.54],[18.96,45.54],[18.97,45.54],[19,45.56],[19.01,45.56],[19.02,45.56],[19.1,45.52],[19.1,45.51],[19.1,45.5],[19.09,45.49],[19.07,45.49],[19.06,45.49],[19.05,45.49],[19.04,45.49],[19.03,45.49],[19.02,45.5],[19.01,45.5],[19,45.49],[19,45.48],[18.98,45.39],[18.98,45.38],[18.99,45.37],[19.11,45.3],[19.14,45.29],[19.19,45.27],[19.26,45.25],[19.29,45.24],[19.32,45.24],[19.34,45.23],[19.36,45.23],[19.39,45.24],[19.4,45.24],[19.42,45.23],[19.43,45.21],[19.42,45.19],[19.42,45.18],[19.41,45.17],[19.35,45.17],[19.26,45.18],[19.25,45.18],[19.25,45.19],[19.23,45.2],[19.22,45.21],[19.21,45.21],[19.19,45.22],[19.17,45.22],[19.16,45.21],[19.1,45.1],[19.12,45.03],[19.05,44.93],[19.04,44.93],[19.03,44.93],[19.01,44.92],[19.01,44.91],[19,44.9],[19.01,44.89],[19.02,44.89],[19.03,44.88],[19.04,44.86],[19.03,44.86],[18.97,44.85],[18.96,44.85],[18.86,44.86],[18.85,44.86],[18.84,44.86],[18.83,44.87],[18.79,44.9],[18.77,44.92],[18.76,44.94],[18.76,44.95],[18.77,44.94],[18.78,44.94],[18.79,44.94],[18.8,44.94],[18.8,44.95],[18.8,44.99],[18.79,45],[18.63,45.08],[18.42,45.11],[18.27,45.14],[18.25,45.14],[18.23,45.14],[18.22,45.13],[18.21,45.12],[18.21,45.11],[18.22,45.1],[18.22,45.09],[18.21,45.09],[18.2,45.08],[18.18,45.08],[18.17,45.08],[18.13,45.08],[18.12,45.08],[18.11,45.09],[18.07,45.1],[17.93,45.08],[17.91,45.07],[17.87,45.05],[17.86,45.05],[17.85,45.05],[17.83,45.06],[17.76,45.09],[17.69,45.12],[17.6,45.11],[17.52,45.11],[17.49,45.11],[17.48,45.11],[17.48,45.12],[17.48,45.13],[17.28,45.18],[17.25,45.15],[17.24,45.15],[17.23,45.15],[17.19,45.15],[17.18,45.15],[17.07,45.19],[17.05,45.2],[17.04,45.21],[17.04,45.23],[16.91,45.27],[16.85,45.2],[16.85,45.19],[16.84,45.19],[16.82,45.19],[16.81,45.19],[16.68,45.2],[16.66,45.21],[16.63,45.22],[16.6,45.23],[16.59,45.23],[16.54,45.23],[16.53,45.23],[16.53,45.22],[16.51,45.22],[16.5,45.21],[16.48,45.19],[16.42,45.12],[16.37,45.04],[16.36,45.02],[16.36,45.01],[16.35,45],[16.34,45],[16.29,45],[16.26,45.01],[16.25,45.02],[16.22,45.03],[16.21,45.03],[16.2,45.04],[16.12,45.12],[16.11,45.13],[16.04,45.21],[16.02,45.22],[15.94,45.23],[15.93,45.23],[15.88,45.22],[15.83,45.21],[15.82,45.2],[15.81,45.2],[15.8,45.19],[15.79,45.18],[15.79,45.17],[15.78,45.16],[15.77,45.08],[15.77,45.07],[15.77,45.06],[15.77,44.92],[15.74,44.83],[15.74,44.82],[15.74,44.81],[15.74,44.8],[15.76,44.78],[15.77,44.78],[15.86,44.71],[15.88,44.71],[15.93,44.71],[15.94,44.71],[15.96,44.7],[15.96,44.69],[16.01,44.62],[16.03,44.57],[16.07,44.53],[16.11,44.51],[16.12,44.51],[16.13,44.5],[16.13,44.49],[16.2,44.35],[16.19,44.31],[16.14,44.2],[16.15,44.2],[16.15,44.19],[16.16,44.19],[16.17,44.19],[16.2,44.2],[16.21,44.2],[16.24,44.2],[16.25,44.2],[16.27,44.19],[16.28,44.18],[16.3,44.16],[16.31,44.15],[16.32,44.14],[16.32,44.12],[16.33,44.1],[16.34,44.09],[16.36,44.08],[16.42,44.04],[16.43,44.04],[16.44,44.03],[16.46,44.03],[16.5,44.02],[16.52,44.02],[16.53,44.02],[16.54,44.01],[16.64,43.92],[16.65,43.91],[16.7,43.86],[16.7,43.85],[16.71,43.84],[16.71,43.83],[16.83,43.73],[16.94,43.62],[16.96,43.6],[16.98,43.59],[17.05,43.54],[17.06,43.53],[17.07,43.53],[17.1,43.51],[17.11,43.51],[17.16,43.5],[17.22,43.48],[17.25,43.47],[17.26,43.46],[17.27,43.45],[17.27,43.44],[17.26,43.43],[17.26,43.42],[17.26,43.41],[17.28,43.33],[17.29,43.31],[17.29,43.3],[17.3,43.28],[17.31,43.27],[17.43,43.18],[17.56,43.12],[17.57,43.11],[17.59,43.1],[17.63,43.08],[17.64,43.06],[17.65,43.05],[17.66,43.04],[17.66,43.03],[17.67,43.02],[17.68,42.99],[17.69,42.98],[17.68,42.97],[17.68,42.96],[17.67,42.96],[17.58,42.94],[17.53,42.95],[17.52,42.95],[17.51,42.96],[17.49,42.98],[17.47,42.99],[17.47,43.02],[17.45,43.03],[17.33,43.11],[17.32,43.12],[17.25,43.15],[17.22,43.16],[17.18,43.17],[17.13,43.2],[17.07,43.23],[17.06,43.25],[17.05,43.27],[17.04,43.28],[16.94,43.37],[16.88,43.4],[16.86,43.41],[16.84,43.41],[16.81,43.41],[16.76,43.41],[16.74,43.42],[16.64,43.44],[16.62,43.45],[16.5,43.5],[16.47,43.53],[16.46,43.54],[16.43,43.55],[16.36,43.55],[16.35,43.55],[16.31,43.54],[16.19,43.51],[16.17,43.5],[16.17,43.49],[16.12,43.48],[16.11,43.48],[16.09,43.48],[16.04,43.48],[16.03,43.48],[15.99,43.5],[15.93,43.56],[15.92,43.57],[15.91,43.62],[15.91,43.63],[15.92,43.63],[15.93,43.63],[15.94,43.63],[15.96,43.63],[15.97,43.63],[15.94,43.68],[15.79,43.76],[15.78,43.76],[15.69,43.78],[15.6,43.84],[15.53,43.88],[15.53,43.89],[15.52,43.9],[15.5,43.91],[15.48,43.92],[15.46,43.92],[15.45,43.93],[15.41,43.97],[15.28,44.07],[15.23,44.12],[15.15,44.2],[15.16,44.22],[15.11,44.26],[15.12,44.28],[15.14,44.28],[15.15,44.28],[15.15,44.27],[15.18,44.25],[15.2,44.26],[15.21,44.26],[15.19,44.28],[15.21,44.28],[15.21,44.29],[15.23,44.28],[15.28,44.25],[15.29,44.25],[15.29,44.26],[15.28,44.31],[15.26,44.32],[15.27,44.33],[15.29,44.32],[15.34,44.29],[15.38,44.27],[15.41,44.26],[15.51,44.25],[15.52,44.26],[15.53,44.26],[15.53,44.27],[15.52,44.27],[15.52,44.28],[15.5,44.28],[15.48,44.27],[15.48,44.28],[15.45,44.28],[15.28,44.36],[15.26,44.37],[15.18,44.44],[15.14,44.47],[15.1,44.52],[15.03,44.56],[15.02,44.56],[15.01,44.56],[15,44.57],[14.99,44.58],[14.98,44.6],[14.97,44.61],[14.93,44.66],[14.9,44.69],[14.89,44.7],[14.89,44.71],[14.89,44.72],[14.88,44.8],[14.88,44.82],[14.88,44.84],[14.88,44.85],[14.88,44.86],[14.89,44.89],[14.9,44.89],[14.91,44.91],[14.92,44.95],[14.92,44.97],[14.84,45.11],[14.82,45.12],[14.8,45.12],[14.76,45.13],[14.75,45.14],[14.73,45.14],[14.72,45.15],[14.67,45.18],[14.59,45.25],[14.48,45.31],[14.46,45.32],[14.44,45.32],[14.33,45.35],[14.32,45.35],[14.29,45.33],[14.29,45.32],[14.28,45.31],[14.25,45.23],[14.25,45.21],[14.25,45.2],[14.25,45.19],[14.24,45.16],[14.23,45.15],[14.23,45.14],[14.22,45.12],[14.18,45.09],[14.17,45.08],[14.16,45.08],[14.15,45.08],[14.15,45.07],[14.16,45.04],[14.17,45],[14.17,44.99],[14.17,44.98],[14.15,44.96],[14.14,44.96],[14.09,44.96],[14,44.9],[13.99,44.88],[13.98,44.85],[13.97,44.84],[13.97,44.83],[13.98,44.82],[13.99,44.82],[14,44.81],[13.91,44.77],[13.9,44.77],[13.82,44.85],[13.81,44.87],[13.83,44.87],[13.84,44.88],[13.76,44.98],[13.68,45.05],[13.6,45.16],[13.6,45.25],[13.59,45.25],[13.58,45.3],[13.53,45.4],[13.5,45.49],[13.5,45.5],[13.51,45.51],[13.55,45.49],[13.59,45.48],[13.6,45.48],[13.61,45.47],[13.63,45.46],[13.64,45.45],[13.65,45.45],[13.67,45.45],[13.68,45.45],[13.7,45.44],[13.91,45.45],[13.95,45.46],[13.98,45.46],[13.99,45.46],[14,45.47],[14.14,45.48],[14.39,45.48],[14.4,45.49],[14.41,45.49],[14.42,45.49],[14.49,45.53],[14.5,45.54],[14.5,45.55],[14.54,45.61],[14.56,45.66],[14.58,45.67],[14.6,45.67],[14.61,45.67],[14.61,45.66],[14.61,45.64],[14.61,45.63],[14.62,45.62],[14.63,45.61],[14.72,45.53],[14.82,45.47],[14.83,45.47],[14.86,45.47],[14.91,45.48],[14.92,45.49],[14.98,45.5],[15.09,45.47],[15.15,45.43],[15.16,45.43],[15.17,45.43],[15.28,45.46],[15.31,45.53],[15.3,45.54],[15.29,45.59],[15.31,45.63],[15.35,45.65],[15.37,45.7],[15.37,45.71],[15.36,45.71],[15.35,45.72],[15.3,45.71],[15.3,45.7],[15.3,45.69],[15.29,45.69],[15.28,45.7],[15.28,45.71],[15.29,45.73],[15.3,45.74],[15.31,45.75],[15.32,45.76],[15.33,45.77],[15.5,45.84],[15.6,45.85],[15.61,45.85],[15.62,45.85],[15.62,45.84],[15.63,45.84],[15.63,45.83],[15.65,45.82],[15.66,45.82],[15.69,45.84],[15.7,45.84],[15.72,45.94],[15.72,46.04],[15.72,46.05],[15.71,46.05],[15.71,46.06],[15.68,46.07],[15.66,46.07],[15.64,46.08],[15.63,46.09],[15.61,46.12],[15.6,46.14],[15.6,46.15],[15.61,46.17],[15.65,46.21],[15.65,46.22],[15.66,46.22],[15.67,46.23],[15.68,46.23],[15.7,46.23],[15.8,46.23],[16.02,46.3],[16.08,46.33],[16.08,46.35],[16.07,46.36],[16.07,46.37],[16.08,46.38],[16.14,46.41],[16.27,46.42],[16.25,46.49],[16.25,46.5],[16.26,46.51],[16.27,46.51],[16.29,46.53],[16.34,46.53],[16.38,46.54],[16.46,46.52],[16.47,46.52],[16.49,46.51],[16.5,46.51],[16.49,46.5],[16.5,46.5],[16.52,46.49],[16.56,46.48],[16.57,46.48]]]]}},{"type":"Feature","properties":{"FID":0,"FIPS":"HU","ISO2":"HU","ISO3":"HUN","UN":348,"NAME":"Hungary","AREA":9210,"POP2005":10086387,"REGION":150,"SUBREGION":151,"LON":19.134,"LAT":47.07},"geometry":{"type":"Polygon","coordinates":[[[18.82,45.91],[18.81,45.9],[18.78,45.9],[18.72,45.91],[18.62,45.86],[18.61,45.85],[18.6,45.83],[18.59,45.83],[18.56,45.8],[18.55,45.8],[18.44,45.75],[18.42,45.75],[18.41,45.75],[18.34,45.75],[18.33,45.76],[18.26,45.76],[18.25,45.76],[18.24,45.77],[18.23,45.78],[18.22,45.78],[18.2,45.78],[18.19,45.78],[18.15,45.79],[18.01,45.79],[17.88,45.78],[17.67,45.84],[17.66,45.84],[17.65,45.85],[17.65,45.88],[17.64,45.89],[17.63,45.91],[17.59,45.93],[17.59,45.94],[17.58,45.94],[17.46,45.95],[17.43,45.95],[17.43,45.94],[17.42,45.93],[17.42,45.94],[17.39,45.94],[17.36,45.95],[17.35,45.95],[17.31,45.98],[17.26,46.02],[17.25,46.05],[17.24,46.08],[17.23,46.1],[17.19,46.15],[17.18,46.16],[17.16,46.18],[17.15,46.18],[17.04,46.21],[16.97,46.23],[16.94,46.25],[16.92,46.26],[16.89,46.28],[16.88,46.3],[16.88,46.31],[16.88,46.34],[16.87,46.35],[16.87,46.36],[16.84,46.37],[16.8,46.39],[16.66,46.47],[16.63,46.48],[16.61,46.48],[16.53,46.51],[16.41,46.66],[16.39,46.7],[16.38,46.72],[16.36,46.72],[16.33,46.75],[16.32,46.76],[16.31,46.79],[16.32,46.8],[16.34,46.81],[16.35,46.84],[16.35,46.85],[16.3,46.87],[16.29,46.87],[16.27,46.87],[16.23,46.88],[16.19,46.87],[16.18,46.86],[16.15,46.86],[16.14,46.86],[16.11,46.87],[16.14,46.88],[16.25,46.96],[16.28,46.99],[16.3,47.01],[16.35,47.01],[16.41,47.01],[16.45,47.01],[16.48,47],[16.5,47],[16.51,47.01],[16.51,47.12],[16.47,47.15],[16.46,47.15],[16.45,47.15],[16.42,47.21],[16.45,47.24],[16.47,47.26],[16.48,47.26],[16.49,47.28],[16.46,47.37],[16.45,47.41],[16.45,47.42],[16.46,47.42],[16.47,47.42],[16.48,47.42],[16.59,47.42],[16.66,47.46],[16.7,47.52],[16.71,47.54],[16.67,47.61],[16.66,47.62],[16.65,47.63],[16.64,47.63],[16.63,47.64],[16.6,47.63],[16.59,47.63],[16.49,47.65],[16.45,47.66],[16.43,47.67],[16.45,47.7],[16.56,47.76],[16.61,47.76],[16.64,47.76],[16.72,47.73],[16.73,47.73],[16.73,47.71],[16.73,47.7],[16.74,47.7],[16.76,47.69],[16.77,47.69],[16.82,47.68],[16.91,47.69],[16.95,47.7],[17.05,47.71],[17.07,47.73],[17.07,47.77],[17.06,47.79],[17.05,47.8],[17.05,47.85],[17.06,47.88],[17.11,47.97],[17.15,48],[17.17,48.01],[17.18,48.02],[17.19,48.02],[17.24,48.03],[17.25,48.02],[17.26,48.01],[17.27,48],[17.31,48],[17.34,48],[17.36,47.99],[17.41,47.95],[17.44,47.92],[17.45,47.91],[17.46,47.9],[17.47,47.89],[17.49,47.88],[17.71,47.77],[17.78,47.75],[17.79,47.75],[17.9,47.75],[17.92,47.75],[17.98,47.76],[18.09,47.76],[18.12,47.76],[18.13,47.76],[18.2,47.75],[18.3,47.74],[18.31,47.74],[18.34,47.74],[18.38,47.75],[18.41,47.75],[18.45,47.77],[18.54,47.77],[18.6,47.76],[18.64,47.76],[18.66,47.76],[18.67,47.76],[18.68,47.76],[18.69,47.77],[18.72,47.79],[18.73,47.79],[18.73,47.8],[18.74,47.81],[18.75,47.81],[18.77,47.82],[18.79,47.82],[18.85,47.82],[18.86,47.83],[18.85,47.83],[18.82,47.86],[18.79,47.87],[18.77,47.87],[18.77,47.88],[18.76,47.9],[18.76,47.91],[18.76,47.92],[18.76,47.93],[18.77,47.97],[18.83,48.04],[18.84,48.05],[18.85,48.05],[18.91,48.06],[18.97,48.06],[18.99,48.07],[19,48.07],[19.04,48.07],[19.14,48.06],[19.21,48.06],[19.46,48.09],[19.47,48.09],[19.48,48.09],[19.48,48.1],[19.49,48.13],[19.5,48.14],[19.5,48.15],[19.51,48.17],[19.52,48.21],[19.53,48.21],[19.54,48.21],[19.63,48.23],[19.64,48.23],[19.66,48.23],[19.75,48.21],[19.78,48.2],[19.79,48.2],[19.79,48.19],[19.79,48.18],[19.9,48.13],[19.91,48.13],[19.92,48.13],[19.94,48.13],[19.94,48.14],[19.96,48.15],[19.97,48.16],[20,48.17],[20.02,48.17],[20.06,48.18],[20.09,48.2],[20.14,48.23],[20.24,48.27],[20.28,48.26],[20.28,48.25],[20.29,48.25],[20.29,48.26],[20.3,48.26],[20.32,48.27],[20.34,48.29],[20.36,48.3],[20.37,48.31],[20.4,48.36],[20.41,48.37],[20.41,48.39],[20.42,48.41],[20.44,48.43],[20.44,48.44],[20.46,48.45],[20.5,48.48],[20.5,48.5],[20.54,48.54],[20.64,48.56],[20.66,48.56],[20.71,48.57],[20.81,48.58],[20.82,48.58],[20.83,48.58],[20.84,48.57],[20.85,48.56],[20.87,48.55],[20.94,48.53],[20.95,48.52],[21.08,48.51],[21.15,48.51],[21.25,48.52],[21.31,48.55],[21.43,48.58],[21.44,48.58],[21.45,48.57],[21.51,48.55],[21.61,48.5],[21.62,48.5],[21.62,48.49],[21.62,48.48],[21.62,48.47],[21.63,48.45],[21.71,48.36],[21.72,48.36],[21.73,48.35],[21.78,48.34],[21.82,48.34],[21.83,48.34],[21.84,48.35],[21.84,48.36],[21.85,48.36],[21.86,48.37],[21.94,48.38],[21.96,48.38],[22.03,48.39],[22.06,48.39],[22.07,48.38],[22.09,48.38],[22.1,48.38],[22.11,48.38],[22.15,48.41],[22.17,48.41],[22.21,48.42],[22.22,48.42],[22.23,48.42],[22.27,48.41],[22.27,48.4],[22.27,48.36],[22.35,48.27],[22.38,48.25],[22.38,48.24],[22.45,48.24],[22.48,48.25],[22.49,48.25],[22.5,48.25],[22.51,48.24],[22.57,48.19],[22.6,48.15],[22.6,48.14],[22.6,48.13],[22.6,48.12],[22.61,48.11],[22.62,48.1],[22.63,48.1],[22.64,48.09],[22.65,48.09],[22.67,48.09],[22.68,48.09],[22.7,48.1],[22.74,48.11],[22.78,48.12],[22.79,48.12],[22.8,48.12],[22.84,48.09],[22.85,48.08],[22.88,48.05],[22.89,48.04],[22.89,48.03],[22.88,48.02],[22.86,47.99],[22.89,47.95],[22.78,47.85],[22.78,47.84],[22.77,47.84],[22.65,47.78],[22.63,47.77],[22.61,47.77],[22.59,47.77],[22.56,47.77],[22.55,47.77],[22.5,47.79],[22.49,47.79],[22.47,47.8],[22.45,47.8],[22.45,47.79],[22.32,47.75],[22.28,47.73],[22.27,47.72],[22.23,47.68],[22.22,47.68],[22.19,47.63],[22.19,47.6],[22.18,47.59],[22.16,47.59],[22.12,47.58],[22.04,47.54],[22.03,47.53],[22.02,47.52],[22.02,47.51],[22.01,47.51],[22.01,47.5],[22.01,47.48],[22.01,47.47],[22.02,47.46],[22.02,47.45],[22.02,47.42],[22.02,47.4],[22.01,47.39],[22.01,47.38],[22,47.38],[22,47.37],[21.99,47.37],[21.96,47.37],[21.94,47.36],[21.93,47.36],[21.92,47.35],[21.87,47.3],[21.87,47.29],[21.84,47.24],[21.84,47.23],[21.84,47.22],[21.85,47.21],[21.85,47.2],[21.85,47.19],[21.84,47.19],[21.79,47.12],[21.78,47.11],[21.77,47.11],[21.75,47.1],[21.73,47.09],[21.71,47.08],[21.65,47.03],[21.65,47.02],[21.66,47.02],[21.69,47.01],[21.7,47.01],[21.7,47],[21.69,46.99],[21.67,46.96],[21.61,46.88],[21.55,46.84],[21.53,46.83],[21.52,46.81],[21.49,46.76],[21.49,46.75],[21.5,46.74],[21.52,46.73],[21.53,46.73],[21.53,46.72],[21.52,46.71],[21.49,46.69],[21.47,46.69],[21.45,46.69],[21.44,46.68],[21.33,46.62],[21.32,46.62],[21.31,46.59],[21.29,46.53],[21.29,46.46],[21.22,46.41],[21.21,46.4],[21.2,46.39],[21.19,46.38],[21.18,46.36],[21.18,46.33],[21.18,46.3],[21.08,46.25],[21.06,46.24],[21.05,46.24],[21.04,46.24],[20.99,46.26],[20.87,46.28],[20.85,46.28],[20.83,46.28],[20.82,46.27],[20.8,46.27],[20.78,46.26],[20.76,46.25],[20.75,46.24],[20.72,46.19],[20.73,46.18],[20.73,46.17],[20.72,46.17],[20.71,46.16],[20.7,46.15],[20.68,46.14],[20.63,46.13],[20.62,46.13],[20.58,46.16],[20.56,46.16],[20.54,46.17],[20.49,46.18],[20.34,46.16],[20.29,46.15],[20.28,46.15],[20.27,46.14],[20.26,46.13],[20.26,46.12],[20.2,46.15],[20.12,46.17],[20.11,46.17],[19.96,46.17],[19.86,46.16],[19.85,46.15],[19.84,46.15],[19.75,46.16],[19.7,46.18],[19.67,46.18],[19.66,46.18],[19.57,46.17],[19.56,46.17],[19.51,46.14],[19.5,46.14],[19.51,46.13],[19.52,46.12],[19.51,46.11],[19.47,46.08],[19.46,46.07],[19.29,45.99],[19.28,45.99],[19.16,45.99],[19.15,45.99],[19.14,46.02],[19.13,46.02],[19.12,46.02],[19.11,46.03],[19.1,46.02],[19.09,46.02],[19.08,46.02],[19.01,45.97],[19.01,45.96],[19,45.95],[18.86,45.91],[18.84,45.91],[18.82,45.91]]]}},{"type":"Feature","properties":{"FID":0,"FIPS":"IC","ISO2":"IS","ISO3":"ISL","UN":352,"NAME":"Iceland","AREA":10025,"POP2005":295732,"REGION":150,"SUBREGION":154,"LON":-18.48,"LAT":64.764},"geometry":{"type":"Polygon","coordinates":[[[-15.07,66.14],[-15.14,66.14],[-15.15,66.14],[-15.16,66.13],[-15.17,66.12],[-15.18,66.12],[-15.18,66.11],[-15.15,66.1],[-15.01,66.05],[-14.93,66.04],[-14.83,66.05],[-14.82,66.05],[-14.78,66.06],[-14.75,66.06],[-14.73,66.07],[-14.71,66.06],[-14.69,66.06],[-14.68,66.05],[-14.66,66.04],[-14.62,65.99],[-14.61,65.97],[-14.61,65.96],[-14.61,65.95],[-14.62,65.91],[-14.63,65.91],[-14.65,65.88],[-14.73,65.85],[-14.76,65.84],[-14.78,65.84],[-14.8,65.83],[-14.82,65.81],[-14.86,65.77],[-14.87,65.76],[-14.85,65.73],[-14.83,65.72],[-14.82,65.72],[-14.8,65.73],[-14.75,65.74],[-14.68,65.75],[-14.67,65.75],[-14.64,65.76],[-14.42,65.79],[-14.38,65.79],[-14.35,65.79],[-14.34,65.79],[-14.34,65.78],[-14.33,65.78],[-14.31,65.67],[-14.41,65.61],[-14.51,65.55],[-14.53,65.54],[-14.54,65.53],[-14.55,65.53],[-14.56,65.5],[-14.55,65.5],[-14.53,65.53],[-14.33,65.64],[-14.31,65.65],[-14.29,65.66],[-14.28,65.66],[-14.19,65.63],[-14,65.6],[-13.99,65.6],[-13.97,65.61],[-13.96,65.61],[-13.94,65.61],[-13.91,65.61],[-13.87,65.61],[-13.86,65.61],[-13.68,65.55],[-13.61,65.51],[-13.61,65.5],[-13.61,65.49],[-13.61,65.48],[-13.64,65.42],[-13.67,65.38],[-13.68,65.37],[-13.73,65.32],[-13.74,65.31],[-13.66,65.3],[-13.6,65.28],[-13.58,65.27],[-13.57,65.27],[-13.57,65.26],[-13.61,65.23],[-13.63,65.22],[-13.64,65.22],[-13.66,65.21],[-13.7,65.21],[-13.75,65.2],[-13.76,65.2],[-13.79,65.2],[-13.86,65.2],[-14.03,65.19],[-14.04,65.19],[-14.02,65.19],[-14.01,65.19],[-13.98,65.19],[-13.95,65.19],[-13.92,65.19],[-13.87,65.2],[-13.85,65.2],[-13.65,65.19],[-13.62,65.19],[-13.64,65.16],[-13.59,65.12],[-13.52,65.11],[-13.5,65.07],[-13.59,65.01],[-13.59,65],[-13.6,65],[-13.62,64.99],[-13.64,64.99],[-13.66,64.98],[-13.68,64.98],[-13.77,64.99],[-13.78,64.99],[-13.78,65],[-13.79,65],[-13.82,65.01],[-13.82,65.02],[-13.85,65.03],[-13.87,65.04],[-13.89,65.04],[-13.99,65.06],[-14.01,65.02],[-13.87,64.97],[-13.76,64.94],[-13.74,64.94],[-13.71,64.93],[-13.7,64.93],[-13.7,64.92],[-13.71,64.92],[-13.71,64.91],[-13.76,64.91],[-13.81,64.91],[-13.94,64.92],[-14.05,64.93],[-14.04,64.92],[-14.03,64.91],[-14.01,64.91],[-13.96,64.91],[-13.93,64.9],[-13.9,64.9],[-13.87,64.9],[-13.86,64.9],[-13.85,64.9],[-13.8,64.88],[-13.79,64.88],[-13.78,64.87],[-13.77,64.87],[-13.77,64.86],[-13.77,64.85],[-13.82,64.83],[-13.87,64.8],[-13.91,64.8],[-14.01,64.8],[-14.04,64.79],[-14.04,64.78],[-14.05,64.78],[-14.04,64.77],[-14.02,64.76],[-14.02,64.75],[-14.01,64.75],[-14,64.75],[-13.99,64.74],[-14.02,64.72],[-14.06,64.71],[-14.08,64.71],[-14.23,64.69],[-14.24,64.69],[-14.25,64.69],[-14.32,64.71],[-14.33,64.71],[-14.33,64.72],[-14.37,64.75],[-14.42,64.78],[-14.43,64.79],[-14.44,64.79],[-14.47,64.8],[-14.49,64.8],[-14.51,64.8],[-14.45,64.78],[-14.39,64.72],[-14.37,64.67],[-14.37,64.66],[-14.43,64.61],[-14.44,64.61],[-14.46,64.61],[-14.51,64.59],[-14.56,64.59],[-14.57,64.59],[-14.58,64.59],[-14.59,64.58],[-14.58,64.58],[-14.57,64.57],[-14.53,64.55],[-14.52,64.55],[-14.51,64.55],[-14.5,64.55],[-14.48,64.54],[-14.47,64.54],[-14.46,64.55],[-14.46,64.54],[-14.47,64.51],[-14.54,64.41],[-14.54,64.4],[-14.57,64.4],[-14.6,64.4],[-14.71,64.41],[-14.87,64.34],[-14.89,64.3],[-14.88,64.28],[-14.93,64.26],[-14.96,64.25],[-14.97,64.26],[-15.08,64.29],[-15.09,64.3],[-15.1,64.3],[-15.22,64.3],[-15.29,64.33],[-15.38,64.37],[-15.39,64.37],[-15.38,64.36],[-15.37,64.34],[-15.37,64.33],[-15.37,64.31],[-15.38,64.28],[-15.39,64.28],[-15.44,64.26],[-15.45,64.25],[-15.5,64.24],[-15.51,64.24],[-15.64,64.23],[-15.68,64.22],[-15.71,64.21],[-15.8,64.18],[-16.02,64.13],[-16.03,64.13],[-16.04,64.1],[-16.18,64.04],[-16.2,64.03],[-16.21,64.03],[-16.23,64.02],[-16.26,64.02],[-16.34,63.99],[-16.43,63.92],[-16.44,63.91],[-16.45,63.91],[-16.49,63.9],[-16.61,63.86],[-16.8,63.83],[-16.89,63.87],[-16.95,63.91],[-16.96,63.91],[-16.97,63.92],[-17.01,63.86],[-17.01,63.82],[-17.02,63.79],[-17.12,63.79],[-17.14,63.79],[-17.2,63.79],[-17.24,63.8],[-17.25,63.8],[-17.31,63.78],[-17.32,63.78],[-17.72,63.71],[-17.84,63.73],[-17.85,63.73],[-17.86,63.73],[-17.87,63.73],[-17.97,63.67],[-17.96,63.62],[-17.94,63.61],[-17.92,63.6],[-17.87,63.6],[-17.86,63.6],[-17.87,63.58],[-17.91,63.54],[-17.93,63.53],[-17.95,63.52],[-18.11,63.48],[-18.15,63.47],[-18.16,63.47],[-18.3,63.45],[-18.57,63.42],[-18.71,63.39],[-18.73,63.39],[-18.77,63.39],[-19.09,63.41],[-19.28,63.43],[-19.39,63.46],[-19.6,63.5],[-19.63,63.51],[-19.73,63.53],[-19.78,63.54],[-19.84,63.54],[-19.87,63.55],[-20.05,63.54],[-20.07,63.54],[-20.09,63.53],[-20.11,63.53],[-20.14,63.53],[-20.17,63.54],[-20.2,63.54],[-20.22,63.55],[-20.5,63.67],[-20.52,63.69],[-20.53,63.7],[-20.54,63.71],[-20.54,63.72],[-20.54,63.73],[-20.54,63.75],[-20.49,63.77],[-20.48,63.77],[-20.46,63.77],[-20.44,63.77],[-20.41,63.76],[-20.39,63.76],[-20.37,63.74],[-20.34,63.73],[-20.32,63.73],[-20.31,63.73],[-20.35,63.76],[-20.36,63.76],[-20.38,63.77],[-20.44,63.78],[-20.51,63.77],[-20.56,63.75],[-20.57,63.75],[-20.58,63.74],[-20.58,63.73],[-20.58,63.72],[-20.59,63.72],[-20.65,63.73],[-20.73,63.76],[-20.71,63.76],[-20.69,63.76],[-20.68,63.76],[-20.66,63.76],[-20.61,63.76],[-20.6,63.77],[-20.67,63.85],[-20.68,63.85],[-20.69,63.84],[-20.75,63.81],[-20.75,63.8],[-20.8,63.79],[-20.81,63.8],[-20.85,63.79],[-20.87,63.8],[-20.9,63.81],[-20.95,63.82],[-21.01,63.83],[-21.06,63.84],[-21.07,63.84],[-21.12,63.85],[-21.16,63.87],[-21.18,63.88],[-21.19,63.88],[-21.19,63.92],[-21.19,63.93],[-21.18,63.93],[-21.16,63.93],[-21.15,63.94],[-21.13,63.93],[-21.12,63.93],[-21.11,63.93],[-21.06,63.94],[-21.05,63.94],[-21.05,63.95],[-21.17,63.95],[-21.19,63.95],[-21.2,63.95],[-21.26,63.94],[-21.3,63.92],[-21.32,63.89],[-21.37,63.87],[-21.43,63.85],[-21.62,63.82],[-21.64,63.82],[-21.66,63.83],[-21.68,63.84],[-21.7,63.84],[-21.85,63.85],[-21.93,63.84],[-21.95,63.84],[-22.05,63.84],[-22.14,63.84],[-22.25,63.85],[-22.33,63.86],[-22.42,63.85],[-22.67,63.81],[-22.68,63.8],[-22.69,63.81],[-22.72,63.83],[-22.74,63.98],[-22.73,64.06],[-22.72,64.07],[-22.7,64.08],[-22.69,64.08],[-22.67,64.08],[-22.66,64.08],[-22.64,64.07],[-22.63,64.07],[-22.59,64.04],[-22.57,64.03],[-22.55,64.01],[-22.55,63.99],[-22.52,63.98],[-22.45,63.98],[-22.4,63.97],[-22.4,63.98],[-22.39,63.98],[-22.38,63.98],[-22.39,63.99],[-22.37,64.01],[-22.26,64.03],[-22.25,64.03],[-22.24,64.03],[-22.21,64.02],[-22.2,64.02],[-22.19,64.02],[-22.05,64.05],[-21.97,64.07],[-21.91,64.11],[-21.92,64.11],[-21.94,64.12],[-21.97,64.15],[-21.97,64.16],[-21.87,64.16],[-21.82,64.15],[-21.75,64.16],[-21.7,64.18],[-21.7,64.19],[-21.81,64.23],[-21.82,64.23],[-21.84,64.23],[-21.87,64.23],[-21.88,64.23],[-21.84,64.28],[-21.76,64.34],[-21.75,64.34],[-21.65,64.37],[-21.62,64.37],[-21.59,64.38],[-21.58,64.38],[-21.57,64.37],[-21.57,64.36],[-21.55,64.36],[-21.49,64.36],[-21.43,64.37],[-21.36,64.39],[-21.37,64.39],[-21.48,64.4],[-21.63,64.4],[-21.65,64.4],[-21.68,64.4],[-21.73,64.39],[-21.74,64.39],[-21.75,64.38],[-21.79,64.36],[-21.79,64.35],[-21.8,64.35],[-21.81,64.34],[-21.94,64.3],[-21.98,64.3],[-21.99,64.3],[-22.02,64.3],[-22.09,64.31],[-22.1,64.31],[-22.02,64.42],[-22.02,64.44],[-21.98,64.5],[-21.78,64.58],[-21.71,64.61],[-21.7,64.61],[-21.69,64.61],[-21.66,64.61],[-21.65,64.61],[-21.64,64.59],[-21.61,64.59],[-21.58,64.57],[-21.5,64.57],[-21.57,64.58],[-21.58,64.61],[-21.61,64.61],[-21.65,64.61],[-21.66,64.61],[-21.68,64.61],[-21.68,64.62],[-21.61,64.64],[-21.6,64.64],[-21.56,64.64],[-21.52,64.64],[-21.51,64.64],[-21.51,64.65],[-21.61,64.65],[-21.7,64.63],[-21.95,64.55],[-22.03,64.52],[-22.09,64.47],[-22.16,64.45],[-22.17,64.45],[-22.18,64.46],[-22.2,64.47],[-22.35,64.56],[-22.36,64.56],[-22.41,64.65],[-22.33,64.69],[-22.31,64.69],[-22.3,64.7],[-22.32,64.76],[-22.33,64.76],[-22.41,64.81],[-22.54,64.8],[-22.68,64.8],[-22.69,64.8],[-22.87,64.8],[-22.88,64.8],[-22.95,64.8],[-23.04,64.8],[-23.05,64.8],[-23.14,64.8],[-23.17,64.8],[-23.2,64.81],[-23.25,64.82],[-23.27,64.82],[-23.28,64.83],[-23.29,64.83],[-23.39,64.82],[-23.53,64.81],[-23.63,64.77],[-23.63,64.76],[-23.63,64.75],[-23.64,64.74],[-23.66,64.74],[-23.83,64.73],[-23.84,64.73],[-23.85,64.73],[-23.9,64.74],[-23.91,64.74],[-23.92,64.75],[-23.95,64.77],[-24.02,64.83],[-24.05,64.85],[-24.05,64.86],[-24.06,64.89],[-23.94,64.92],[-23.87,64.92],[-23.83,64.93],[-23.82,64.92],[-23.78,64.91],[-23.75,64.91],[-23.72,64.9],[-23.7,64.89],[-23.67,64.89],[-23.65,64.89],[-23.63,64.9],[-23.55,64.92],[-23.54,64.93],[-23.52,64.94],[-23.5,64.95],[-23.36,64.97],[-23.35,64.97],[-23.24,64.99],[-23.22,65],[-23.2,65.01],[-23.19,65.02],[-22.98,65.01],[-22.97,65.01],[-22.96,65.01],[-22.96,65],[-22.62,65.02],[-22.61,65.02],[-22.6,65.03],[-22.57,65.04],[-22.53,65.05],[-22.52,65.05],[-22.36,65.06],[-22.32,65.06],[-22.28,65.05],[-22.23,65.04],[-22.23,65.03],[-22.22,65.03],[-22.17,65.03],[-22.15,65.03],[-21.95,65.03],[-21.84,65.03],[-21.8,65.06],[-21.73,65.16],[-21.73,65.17],[-21.73,65.19],[-21.73,65.2],[-21.74,65.2],[-21.76,65.2],[-21.79,65.2],[-21.81,65.2],[-21.82,65.2],[-21.83,65.19],[-21.84,65.19],[-21.84,65.18],[-21.84,65.17],[-21.88,65.16],[-21.91,65.14],[-21.99,65.12],[-22.04,65.11],[-22.07,65.11],[-22.08,65.11],[-22.28,65.13],[-22.54,65.16],[-22.55,65.16],[-22.56,65.16],[-22.56,65.17],[-22.5,65.23],[-22.4,65.27],[-22.35,65.29],[-22.31,65.3],[-22.28,65.31],[-22.23,65.31],[-22.22,65.31],[-22.16,65.33],[-22.06,65.36],[-22.02,65.38],[-21.98,65.39],[-21.92,65.41],[-21.91,65.42],[-21.86,65.42],[-21.82,65.42],[-21.79,65.42],[-21.76,65.43],[-21.7,65.45],[-21.8,65.43],[-21.82,65.43],[-21.87,65.45],[-21.94,65.46],[-21.94,65.47],[-21.99,65.5],[-22.04,65.5],[-22.11,65.48],[-22.12,65.48],[-22.18,65.44],[-22.2,65.43],[-22.21,65.43],[-22.22,65.42],[-22.23,65.42],[-22.29,65.44],[-22.33,65.48],[-22.34,65.48],[-22.34,65.49],[-22.33,65.49],[-22.32,65.49],[-22.32,65.5],[-22.31,65.5],[-22.29,65.5],[-22.27,65.5],[-22.23,65.52],[-22.21,65.52],[-22.16,65.54],[-22.15,65.55],[-22.11,65.59],[-22.12,65.59],[-22.13,65.59],[-22.16,65.58],[-22.17,65.57],[-22.18,65.56],[-22.19,65.55],[-22.2,65.54],[-22.23,65.53],[-22.26,65.53],[-22.32,65.52],[-22.47,65.5],[-22.5,65.5],[-22.5,65.51],[-22.57,65.53],[-22.68,65.53],[-22.72,65.5],[-22.73,65.5],[-22.74,65.5],[-22.78,65.5],[-22.85,65.56],[-22.91,65.56],[-23.02,65.54],[-23.05,65.54],[-23.09,65.54],[-23.15,65.55],[-23.2,65.5],[-23.21,65.49],[-23.22,65.48],[-23.23,65.48],[-23.25,65.48],[-23.3,65.48],[-23.38,65.49],[-23.62,65.46],[-23.66,65.46],[-23.66,65.45],[-23.71,65.42],[-23.72,65.42],[-23.74,65.42],[-23.88,65.4],[-23.91,65.4],[-23.96,65.41],[-23.98,65.41],[-23.98,65.42],[-23.99,65.44],[-24,65.45],[-24.02,65.47],[-24.18,65.5],[-24.27,65.5],[-24.41,65.49],[-24.45,65.48],[-24.46,65.48],[-24.51,65.49],[-24.54,65.5],[-24.47,65.53],[-24.4,65.55],[-24.38,65.56],[-24.37,65.56],[-24.37,65.57],[-24.37,65.58],[-24.37,65.59],[-24.38,65.59],[-24.38,65.6],[-24.37,65.61],[-24.33,65.64],[-24.32,65.64],[-24.31,65.64],[-24.16,65.61],[-24.15,65.61],[-24.14,65.61],[-24.14,65.6],[-24.13,65.59],[-24.12,65.59],[-24.05,65.56],[-24.04,65.56],[-23.89,65.52],[-23.88,65.52],[-23.85,65.52],[-23.81,65.53],[-23.91,65.55],[-24.01,65.59],[-24.06,65.62],[-24.07,65.63],[-24.08,65.64],[-24.08,65.65],[-24.07,65.65],[-23.96,65.64],[-23.95,65.64],[-23.91,65.63],[-23.81,65.61],[-23.8,65.61],[-23.81,65.62],[-23.83,65.62],[-23.87,65.64],[-23.92,65.66],[-23.93,65.66],[-23.94,65.66],[-23.95,65.66],[-23.99,65.67],[-24,65.67],[-24.01,65.67],[-24.04,65.68],[-24.06,65.69],[-24.07,65.7],[-24.11,65.73],[-24.12,65.74],[-24.12,65.75],[-24.13,65.78],[-24.13,65.79],[-24.11,65.8],[-24.11,65.81],[-24.1,65.81],[-24.02,65.8],[-23.95,65.77],[-23.82,65.74],[-23.73,65.72],[-23.68,65.71],[-23.63,65.7],[-23.62,65.7],[-23.61,65.7],[-23.57,65.67],[-23.57,65.66],[-23.55,65.65],[-23.55,65.64],[-23.53,65.63],[-23.41,65.65],[-23.34,65.67],[-23.37,65.67],[-23.39,65.67],[-23.45,65.67],[-23.51,65.7],[-23.52,65.7],[-23.54,65.72],[-23.5,65.72],[-23.48,65.73],[-23.46,65.73],[-23.45,65.73],[-23.44,65.73],[-23.37,65.73],[-23.25,65.74],[-23.23,65.74],[-23.19,65.78],[-23.21,65.78],[-23.23,65.77],[-23.25,65.77],[-23.31,65.76],[-23.4,65.75],[-23.53,65.75],[-23.55,65.75],[-23.58,65.75],[-23.73,65.77],[-23.74,65.78],[-23.76,65.78],[-23.77,65.79],[-23.84,65.83],[-23.85,65.84],[-23.87,65.87],[-23.87,65.88],[-23.87,65.89],[-23.84,65.91],[-23.84,65.92],[-23.83,65.92],[-23.81,65.92],[-23.79,65.92],[-23.68,65.9],[-23.64,65.89],[-23.45,65.86],[-23.25,65.84],[-23.23,65.83],[-23.22,65.84],[-23.21,65.84],[-23.22,65.84],[-23.3,65.86],[-23.38,65.87],[-23.44,65.88],[-23.56,65.9],[-23.59,65.91],[-23.6,65.91],[-23.75,65.97],[-23.8,66],[-23.81,66],[-23.82,66.01],[-23.82,66.02],[-23.82,66.03],[-23.82,66.04],[-23.8,66.06],[-23.79,66.06],[-23.78,66.07],[-23.77,66.07],[-23.73,66.07],[-23.64,66.05],[-23.62,66.05],[-23.53,66.03],[-23.41,66],[-23.4,65.99],[-23.39,65.99],[-23.38,65.99],[-23.37,65.99],[-23.42,66.03],[-23.43,66.03],[-23.51,66.06],[-23.52,66.06],[-23.53,66.06],[-23.54,66.06],[-23.59,66.08],[-23.6,66.08],[-23.61,66.09],[-23.67,66.11],[-23.58,66.16],[-23.54,66.18],[-23.47,66.2],[-23.46,66.2],[-23.45,66.2],[-23.35,66.19],[-23.27,66.17],[-23.16,66.14],[-23.03,66.11],[-23.03,66.1],[-22.99,66.08],[-22.98,66.08],[-22.98,66.07],[-22.98,66.03],[-22.81,65.99],[-22.76,66.05],[-22.76,66.06],[-22.75,66.06],[-22.68,66.05],[-22.62,66.01],[-22.61,66],[-22.59,65.98],[-22.58,65.96],[-22.59,65.93],[-22.6,65.91],[-22.61,65.9],[-22.62,65.89],[-22.64,65.86],[-22.66,65.84],[-22.66,65.83],[-22.65,65.83],[-22.64,65.83],[-22.63,65.83],[-22.57,65.91],[-22.53,65.96],[-22.5,65.97],[-22.42,65.92],[-22.42,65.91],[-22.43,65.88],[-22.43,65.87],[-22.44,65.87],[-22.45,65.86],[-22.46,65.85],[-22.47,65.84],[-22.47,65.83],[-22.46,65.83],[-22.45,65.83],[-22.44,65.84],[-22.43,65.85],[-22.4,65.88],[-22.39,65.89],[-22.39,65.9],[-22.39,65.93],[-22.4,65.96],[-22.41,65.99],[-22.5,66.08],[-22.59,66.11],[-22.61,66.11],[-22.66,66.12],[-22.72,66.13],[-22.75,66.13],[-22.77,66.13],[-22.83,66.14],[-22.83,66.15],[-22.84,66.15],[-22.91,66.17],[-22.94,66.19],[-22.95,66.2],[-22.96,66.21],[-22.97,66.22],[-22.97,66.23],[-22.92,66.24],[-22.86,66.26],[-22.83,66.26],[-22.8,66.26],[-22.74,66.26],[-22.73,66.26],[-22.66,66.24],[-22.59,66.23],[-22.55,66.23],[-22.46,66.26],[-22.43,66.27],[-22.45,66.27],[-22.49,66.27],[-22.52,66.27],[-22.55,66.27],[-22.67,66.29],[-22.71,66.29],[-22.83,66.32],[-22.94,66.3],[-22.95,66.3],[-22.98,66.3],[-23.03,66.3],[-23.05,66.31],[-23.07,66.31],[-23.13,66.33],[-23.15,66.33],[-23.18,66.34],[-23.19,66.35],[-23.19,66.36],[-23.13,66.36],[-23.06,66.39],[-23.08,66.44],[-22.95,66.47],[-22.94,66.47],[-22.89,66.47],[-22.86,66.46],[-22.74,66.44],[-22.61,66.44],[-22.42,66.43],[-22.26,66.34],[-22.2,66.27],[-22.09,66.27],[-21.98,66.27],[-21.97,66.27],[-21.77,66.19],[-21.75,66.18],[-21.73,66.16],[-21.64,66.07],[-21.64,66.06],[-21.64,66.05],[-21.65,66.02],[-21.62,66.06],[-21.51,66.06],[-21.4,66.03],[-21.39,65.98],[-21.52,65.97],[-21.53,65.97],[-21.59,65.96],[-21.6,65.96],[-21.6,65.95],[-21.6,65.94],[-21.59,65.94],[-21.58,65.94],[-21.55,65.95],[-21.54,65.95],[-21.53,65.95],[-21.47,65.96],[-21.46,65.96],[-21.41,65.96],[-21.39,65.96],[-21.38,65.96],[-21.3,65.93],[-21.29,65.92],[-21.28,65.92],[-21.28,65.89],[-21.28,65.86],[-21.34,65.74],[-21.34,65.73],[-21.4,65.7],[-21.44,65.69],[-21.47,65.69],[-21.48,65.69],[-21.59,65.69],[-21.64,65.72],[-21.66,65.74],[-21.66,65.75],[-21.66,65.76],[-21.67,65.76],[-21.68,65.77],[-21.72,65.77],[-21.77,65.77],[-21.78,65.77],[-21.78,65.76],[-21.65,65.65],[-21.62,65.64],[-21.6,65.64],[-21.59,65.64],[-21.54,65.64],[-21.5,65.64],[-21.49,65.64],[-21.48,65.64],[-21.42,65.64],[-21.41,65.63],[-21.4,65.63],[-21.31,65.6],[-21.3,65.58],[-21.3,65.57],[-21.3,65.55],[-21.3,65.53],[-21.28,65.48],[-21.2,65.44],[-21.2,65.43],[-21.19,65.39],[-21.19,65.34],[-21.12,65.22],[-21.08,65.16],[-21.07,65.18],[-21.07,65.19],[-21.09,65.23],[-21.1,65.44],[-21.09,65.45],[-21.08,65.46],[-21.07,65.46],[-21.06,65.45],[-21.05,65.45],[-21.04,65.44],[-20.98,65.43],[-20.98,65.44],[-20.99,65.46],[-20.99,65.47],[-20.99,65.48],[-20.98,65.51],[-20.98,65.52],[-20.95,65.57],[-20.94,65.58],[-20.93,65.59],[-20.92,65.59],[-20.85,65.63],[-20.73,65.67],[-20.68,65.69],[-20.66,65.69],[-20.63,65.68],[-20.62,65.67],[-20.64,65.62],[-20.64,65.57],[-20.64,65.55],[-20.64,65.54],[-20.5,65.49],[-20.49,65.49],[-20.47,65.49],[-20.46,65.49],[-20.45,65.49],[-20.45,65.5],[-20.33,65.63],[-20.27,65.71],[-20.26,65.72],[-20.26,65.74],[-20.27,65.77],[-20.31,65.86],[-20.38,65.92],[-20.4,65.95],[-20.41,66.01],[-20.42,66.04],[-20.42,66.08],[-20.42,66.09],[-20.18,66.13],[-20.17,66.13],[-20.09,66.13],[-20.09,66.12],[-19.99,66.02],[-19.94,65.96],[-19.93,65.94],[-19.92,65.94],[-19.87,65.91],[-19.85,65.9],[-19.79,65.88],[-19.77,65.88],[-19.75,65.89],[-19.74,65.88],[-19.7,65.86],[-19.66,65.79],[-19.66,65.77],[-19.65,65.76],[-19.64,65.75],[-19.61,65.74],[-19.46,65.73],[-19.45,65.73],[-19.43,65.73],[-19.42,65.74],[-19.4,65.79],[-19.39,65.83],[-19.39,65.84],[-19.42,65.88],[-19.45,65.92],[-19.47,65.93],[-19.47,65.94],[-19.48,65.94],[-19.48,65.98],[-19.46,66.05],[-19.45,66.06],[-19.44,66.06],[-19.39,66.08],[-19.38,66.08],[-19.26,66.09],[-19.23,66.09],[-19.15,66.08],[-19.08,66.08],[-19.09,66.13],[-19.09,66.14],[-19.08,66.15],[-19.07,66.16],[-18.99,66.18],[-18.97,66.19],[-18.86,66.2],[-18.85,66.2],[-18.79,66.19],[-18.78,66.19],[-18.68,66.17],[-18.65,66.15],[-18.63,66.14],[-18.56,66.09],[-18.55,66.08],[-18.53,66.06],[-18.52,66.02],[-18.53,66],[-18.54,65.98],[-18.54,65.97],[-18.53,65.97],[-18.44,65.95],[-18.38,65.95],[-18.36,65.95],[-18.34,65.94],[-18.33,65.94],[-18.28,65.91],[-18.21,65.82],[-18.2,65.81],[-18.18,65.74],[-18.09,65.66],[-18.07,65.64],[-18.06,65.64],[-18.05,65.65],[-18.05,65.66],[-18.06,65.82],[-18.07,65.84],[-18.1,65.89],[-18.14,65.92],[-18.15,65.92],[-18.16,65.92],[-18.17,65.91],[-18.18,65.91],[-18.22,65.93],[-18.29,66.01],[-18.32,66.06],[-18.33,66.15],[-18.33,66.16],[-18.3,66.17],[-18.29,66.18],[-18.25,66.18],[-18.22,66.17],[-18.16,66.17],[-18.08,66.16],[-18.02,66.16],[-17.97,66.15],[-17.95,66.15],[-17.91,66.15],[-17.91,66.14],[-17.75,66.08],[-17.73,66.07],[-17.72,66.06],[-17.61,65.99],[-17.42,65.98],[-17.42,65.99],[-17.36,66.06],[-17.34,66.1],[-17.27,66.17],[-17.23,66.19],[-17.22,66.19],[-17.21,66.2],[-17.13,66.21],[-17.1,66.21],[-17.05,66.21],[-17.04,66.21],[-17.02,66.2],[-16.99,66.19],[-16.97,66.19],[-16.91,66.13],[-16.74,66.11],[-16.59,66.09],[-16.66,66.13],[-16.69,66.16],[-16.56,66.19],[-16.53,66.2],[-16.51,66.2],[-16.45,66.23],[-16.44,66.24],[-16.43,66.25],[-16.42,66.27],[-16.42,66.28],[-16.43,66.29],[-16.51,66.39],[-16.58,66.47],[-16.58,66.48],[-16.57,66.49],[-16.56,66.5],[-16.53,66.51],[-16.47,66.52],[-16.43,66.52],[-16.36,66.51],[-16.24,66.51],[-16.18,66.53],[-16.17,66.53],[-16.03,66.54],[-16.02,66.54],[-15.96,66.51],[-15.89,66.49],[-15.85,66.42],[-15.83,66.42],[-15.71,66.4],[-15.7,66.38],[-15.68,66.35],[-15.68,66.34],[-15.69,66.33],[-15.72,66.31],[-15.74,66.3],[-15.75,66.29],[-15.73,66.27],[-15.7,66.23],[-15.69,66.22],[-15.56,66.22],[-15.38,66.14],[-15.37,66.15],[-15.36,66.16],[-15.34,66.18],[-15.33,66.2],[-15.33,66.22],[-15.21,66.26],[-15.15,66.27],[-15.13,66.27],[-15.11,66.28],[-15.1,66.28],[-15.01,66.33],[-15.01,66.34],[-15,66.35],[-14.97,66.37],[-14.96,66.37],[-14.94,66.38],[-14.93,66.38],[-14.91,66.39],[-14.89,66.39],[-14.86,66.39],[-14.84,66.39],[-14.71,66.37],[-14.71,66.35],[-14.8,66.33],[-14.96,66.29],[-14.98,66.29],[-15,66.28],[-15.01,66.28],[-15.01,66.27],[-14.99,66.26],[-14.98,66.25],[-14.97,66.25],[-14.95,66.23],[-14.94,66.22],[-14.94,66.21],[-14.94,66.2],[-14.95,66.19],[-14.96,66.18],[-14.98,66.17],[-15.02,66.16],[-15.07,66.14]]]}},{"type":"Feature","properties":{"FID":0,"FIPS":"IS","ISO2":"IL","ISO3":"ISR","UN":376,"NAME":"Israel","AREA":2171,"POP2005":6692037,"REGION":142,"SUBREGION":145,"LON":34.851,"LAT":31.026},"geometry":{"type":"MultiPolygon","coordinates":[[[[35.26,31.79],[35.25,31.79],[35.24,31.8],[35.25,31.81],[35.26,31.81],[35.26,31.8],[35.26,31.79]]],[[[35.62,33.25],[35.63,33.24],[35.63,33.25],[35.64,33.25],[35.65,33.26],[35.67,33.25],[35.68,33.25],[35.68,33.24],[35.67,33.21],[35.67,33.2],[35.65,33.13],[35.65,33.09],[35.64,33.05],[35.63,33],[35.63,32.94],[35.63,32.93],[35.63,32.91],[35.62,32.9],[35.61,32.9],[35.62,32.89],[35.64,32.87],[35.64,32.86],[35.64,32.85],[35.64,32.81],[35.66,32.81],[35.66,32.8],[35.67,32.78],[35.66,32.76],[35.65,32.73],[35.65,32.7],[35.65,32.69],[35.63,32.69],[35.62,32.68],[35.61,32.68],[35.57,32.65],[35.55,32.41],[35.55,32.39],[35.48,32.41],[35.42,32.48],[35.42,32.49],[35.41,32.5],[35.4,32.51],[35.36,32.52],[35.35,32.52],[35.32,32.52],[35.31,32.52],[35.3,32.52],[35.28,32.52],[35.27,32.52],[35.26,32.52],[35.21,32.55],[35.18,32.53],[35.09,32.48],[35.08,32.47],[35.07,32.45],[35.06,32.42],[35.05,32.39],[35.05,32.38],[35.05,32.37],[35.05,32.36],[35.03,32.24],[35.02,32.24],[34.98,32.15],[34.99,32.13],[35.01,32.05],[35.01,32.03],[35,31.98],[34.99,31.97],[34.97,31.86],[34.97,31.83],[34.97,31.82],[34.98,31.82],[35.01,31.82],[35.04,31.82],[35.11,31.83],[35.15,31.81],[35.21,31.75],[35.17,31.75],[35.16,31.74],[35.1,31.71],[35,31.65],[34.99,31.63],[34.96,31.6],[34.95,31.59],[34.95,31.58],[34.95,31.56],[34.95,31.52],[34.95,31.5],[34.94,31.49],[34.94,31.48],[34.91,31.44],[34.89,31.42],[34.88,31.41],[34.88,31.39],[34.89,31.38],[34.9,31.37],[34.9,31.36],[34.91,31.36],[34.92,31.35],[34.93,31.35],[34.95,31.35],[35.14,31.36],[35.21,31.38],[35.23,31.38],[35.24,31.38],[35.26,31.4],[35.37,31.48],[35.38,31.49],[35.4,31.49],[35.41,31.5],[35.44,31.5],[35.46,31.5],[35.48,31.5],[35.48,31.45],[35.48,31.43],[35.47,31.41],[35.47,31.4],[35.45,31.35],[35.41,31.23],[35.43,31.2],[35.45,31.17],[35.46,31.16],[35.46,31.15],[35.46,31.12],[35.45,31.1],[35.4,30.96],[35.4,30.95],[35.39,30.94],[35.37,30.93],[35.36,30.92],[35.35,30.92],[35.34,30.89],[35.3,30.79],[35.29,30.76],[35.26,30.68],[35.22,30.62],[35.21,30.59],[35.16,30.44],[35.16,30.41],[35.16,30.32],[35.17,30.15],[35.16,30.13],[35.16,30.12],[35.16,30.11],[35.14,30.09],[35.13,30.08],[35.11,30.06],[35.1,30.05],[35.1,30.04],[35.07,29.95],[35.07,29.92],[35.07,29.9],[35.07,29.89],[35.08,29.88],[35.08,29.86],[35.01,29.64],[34.98,29.58],[34.98,29.57],[34.98,29.55],[34.97,29.55],[34.96,29.55],[34.94,29.52],[34.9,29.49],[34.88,29.53],[34.86,29.6],[34.87,29.61],[34.87,29.62],[34.87,29.64],[34.87,29.65],[34.87,29.66],[34.85,29.74],[34.75,29.99],[34.72,30.09],[34.61,30.36],[34.55,30.41],[34.54,30.43],[34.56,30.49],[34.49,30.69],[34.4,30.86],[34.29,31.16],[34.27,31.22],[34.33,31.26],[34.37,31.29],[34.37,31.3],[34.37,31.31],[34.37,31.35],[34.36,31.36],[34.39,31.39],[34.48,31.47],[34.51,31.5],[34.54,31.52],[34.56,31.53],[34.56,31.55],[34.49,31.6],[34.51,31.63],[34.55,31.68],[34.59,31.73],[34.67,31.88],[34.7,31.94],[34.71,31.95],[34.73,32],[34.73,32.01],[34.78,32.13],[34.8,32.18],[34.8,32.19],[34.83,32.29],[34.87,32.41],[34.87,32.42],[34.9,32.51],[34.94,32.71],[34.95,32.76],[34.95,32.78],[34.95,32.81],[34.95,32.82],[34.95,32.83],[34.96,32.83],[34.98,32.84],[34.99,32.84],[35,32.82],[35.01,32.82],[35.02,32.81],[35.03,32.82],[35.04,32.82],[35.06,32.84],[35.07,32.85],[35.07,32.86],[35.08,32.88],[35.08,32.89],[35.07,32.95],[35.07,32.96],[35.08,32.99],[35.09,33.02],[35.1,33.07],[35.1,33.08],[35.1,33.09],[35.11,33.1],[35.27,33.1],[35.32,33.09],[35.35,33.06],[35.38,33.06],[35.42,33.07],[35.43,33.07],[35.51,33.09],[35.51,33.1],[35.51,33.12],[35.52,33.12],[35.52,33.13],[35.53,33.13],[35.54,33.19],[35.54,33.2],[35.59,33.27],[35.62,33.25]]]]}},{"type":"Feature","properties":{"FID":0,"FIPS":"IT","ISO2":"IT","ISO3":"ITA","UN":380,"NAME":"Italy","AREA":29411,"POP2005":5864636,"REGION":150,"SUBREGION":39,"LON":12.8,"LAT":42.7},"geometry":{"type":"MultiPolygon","coordinates":[[[[12.13,47],[12.14,46.97],[12.16,46.93],[12.18,46.91],[12.19,46.91],[12.23,46.89],[12.3,46.84],[12.38,46.73],[12.39,46.72],[12.4,46.71],[12.41,46.7],[12.44,46.69],[12.49,46.68],[12.55,46.66],[12.59,46.66],[12.69,46.66],[12.73,46.64],[12.74,46.64],[12.75,46.64],[12.75,46.65],[12.76,46.65],[12.77,46.65],[12.79,46.65],[12.82,46.63],[12.83,46.63],[13.26,46.56],[13.43,46.56],[13.55,46.56],[13.56,46.56],[13.61,46.55],[13.72,46.53],[13.72,46.52],[13.72,46.51],[13.71,46.49],[13.7,46.46],[13.7,46.45],[13.69,46.45],[13.66,46.45],[13.51,46.38],[13.44,46.35],[13.38,46.3],[13.38,46.29],[13.41,46.22],[13.42,46.21],[13.43,46.21],[13.45,46.22],[13.46,46.22],[13.46,46.23],[13.49,46.23],[13.55,46.22],[13.66,46.19],[13.66,46.18],[13.67,46.18],[13.67,46.17],[13.65,46.15],[13.65,46.14],[13.59,46.1],[13.57,46.09],[13.56,46.09],[13.55,46.09],[13.55,46.08],[13.54,46.08],[13.52,46.06],[13.48,46.01],[13.5,45.99],[13.52,45.98],[13.54,45.97],[13.56,45.97],[13.57,45.98],[13.58,45.99],[13.59,45.99],[13.6,45.99],[13.63,45.99],[13.64,45.98],[13.64,45.95],[13.63,45.94],[13.62,45.91],[13.61,45.91],[13.61,45.9],[13.59,45.89],[13.58,45.85],[13.6,45.81],[13.61,45.81],[13.7,45.78],[13.78,45.76],[13.79,45.75],[13.8,45.75],[13.84,45.72],[13.92,45.64],[13.92,45.63],[13.86,45.59],[13.85,45.59],[13.83,45.58],[13.8,45.59],[13.72,45.6],[13.79,45.6],[13.8,45.6],[13.8,45.61],[13.74,45.69],[13.73,45.7],[13.66,45.75],[13.63,45.77],[13.58,45.78],[13.55,45.79],[13.54,45.78],[13.53,45.77],[13.52,45.76],[13.52,45.75],[13.52,45.74],[13.53,45.73],[13.5,45.71],[13.43,45.68],[13.42,45.68],[13.39,45.67],[13.38,45.68],[13.39,45.68],[13.41,45.68],[13.41,45.69],[13.42,45.69],[13.43,45.7],[13.43,45.71],[13.41,45.72],[13.41,45.73],[13.37,45.74],[13.22,45.78],[13.19,45.78],[13.13,45.77],[13.11,45.77],[13.11,45.76],[13.07,45.72],[13.07,45.71],[13.07,45.7],[13.1,45.65],[13.09,45.64],[13.06,45.63],[13,45.63],[12.92,45.62],[12.86,45.6],[12.8,45.57],[12.71,45.53],[12.64,45.5],[12.62,45.49],[12.59,45.48],[12.43,45.43],[12.42,45.43],[12.41,45.43],[12.41,45.44],[12.41,45.45],[12.42,45.46],[12.44,45.48],[12.45,45.48],[12.45,45.49],[12.46,45.49],[12.48,45.5],[12.5,45.5],[12.51,45.5],[12.5,45.49],[12.49,45.49],[12.5,45.48],[12.51,45.48],[12.51,45.49],[12.52,45.49],[12.58,45.54],[12.58,45.55],[12.5,45.57],[12.48,45.57],[12.39,45.53],[12.29,45.48],[12.28,45.47],[12.16,45.31],[12.15,45.3],[12.15,45.29],[12.16,45.26],[12.23,45.2],[12.36,45.06],[12.44,45.01],[12.48,44.99],[12.49,44.99],[12.5,44.99],[12.51,44.99],[12.52,44.98],[12.54,44.97],[12.54,44.96],[12.49,44.87],[12.48,44.85],[12.47,44.84],[12.46,44.82],[12.45,44.82],[12.44,44.81],[12.43,44.85],[12.43,44.86],[12.43,44.87],[12.44,44.88],[12.44,44.89],[12.44,44.9],[12.43,44.9],[12.42,44.9],[12.41,44.9],[12.39,44.87],[12.4,44.79],[12.36,44.8],[12.31,44.84],[12.29,44.84],[12.28,44.83],[12.26,44.78],[12.26,44.77],[12.25,44.73],[12.25,44.72],[12.24,44.7],[12.25,44.69],[12.28,44.48],[12.29,44.45],[12.35,44.29],[12.36,44.27],[12.37,44.25],[12.42,44.2],[12.43,44.18],[12.45,44.17],[12.52,44.11],[12.55,44.09],[12.68,43.99],[12.7,43.98],[12.72,43.98],[12.74,43.97],[12.75,43.97],[12.77,43.97],[12.81,43.97],[12.82,43.96],[12.9,43.92],[13.05,43.84],[13.06,43.83],[13.13,43.79],[13.17,43.75],[13.19,43.74],[13.29,43.68],[13.3,43.67],[13.36,43.65],[13.43,43.62],[13.47,43.61],[13.48,43.61],[13.49,43.61],[13.55,43.6],[13.56,43.6],[13.6,43.57],[13.62,43.55],[13.63,43.54],[13.62,43.54],[13.62,43.53],[13.62,43.5],[13.63,43.49],[13.63,43.48],[13.71,43.35],[13.85,43.08],[13.86,43.01],[13.87,42.97],[13.88,42.96],[13.88,42.94],[13.9,42.91],[13.91,42.9],[13.92,42.84],[13.94,42.8],[13.98,42.71],[13.99,42.71],[14.02,42.67],[14.06,42.62],[14.07,42.6],[14.13,42.54],[14.2,42.48],[14.5,42.26],[14.56,42.22],[14.57,42.22],[14.61,42.2],[14.63,42.2],[14.66,42.19],[14.71,42.17],[14.72,42.17],[14.72,42.16],[14.71,42.14],[14.72,42.11],[14.72,42.1],[14.73,42.09],[14.74,42.09],[14.76,42.08],[14.82,42.05],[14.84,42.04],[14.89,42.02],[14.9,42.02],[14.94,42.02],[15,42],[15.02,41.99],[15.03,41.98],[15.06,41.96],[15.07,41.95],[15.1,41.94],[15.14,41.93],[15.15,41.93],[15.17,41.92],[15.37,41.91],[15.4,41.9],[15.41,41.9],[15.46,41.91],[15.5,41.91],[15.6,41.92],[15.67,41.92],[15.68,41.92],[15.69,41.91],[15.76,41.92],[15.77,41.92],[15.86,41.92],[15.91,41.94],[16.01,41.95],[16.02,41.95],[16.03,41.95],[16.05,41.94],[16.08,41.94],[16.14,41.91],[16.15,41.91],[16.19,41.84],[16.2,41.83],[16.2,41.82],[16.2,41.8],[16.19,41.78],[16.16,41.76],[16.14,41.74],[16.03,41.68],[15.99,41.66],[15.97,41.65],[15.94,41.64],[15.93,41.64],[15.93,41.63],[15.91,41.63],[15.9,41.62],[15.89,41.61],[15.89,41.59],[15.89,41.58],[15.89,41.57],[15.89,41.56],[15.9,41.54],[15.9,41.52],[15.92,41.49],[15.93,41.48],[15.98,41.44],[15.99,41.44],[16.03,41.42],[16.08,41.41],[16.09,41.4],[16.19,41.37],[16.49,41.25],[16.66,41.19],[16.79,41.16],[17.05,41.08],[17.18,41.03],[17.19,41.03],[17.25,40.99],[17.28,40.97],[17.29,40.97],[17.3,40.96],[17.32,40.94],[17.47,40.83],[17.48,40.83],[17.5,40.82],[17.76,40.73],[17.94,40.68],[18.01,40.64],[18.03,40.61],[18.04,40.58],[18.04,40.56],[18.04,40.55],[18.08,40.52],[18.13,40.49],[18.27,40.41],[18.42,40.29],[18.43,40.29],[18.44,40.27],[18.46,40.23],[18.51,40.14],[18.51,40.13],[18.52,40.11],[18.51,40.1],[18.48,40.05],[18.47,40.04],[18.45,40.03],[18.44,40.03],[18.42,40],[18.42,39.99],[18.4,39.94],[18.39,39.91],[18.4,39.9],[18.4,39.89],[18.39,39.82],[18.39,39.81],[18.38,39.8],[18.37,39.8],[18.35,39.79],[18.33,39.8],[18.33,39.81],[18.31,39.82],[18.3,39.82],[18.27,39.83],[18.25,39.83],[18.23,39.83],[18.2,39.84],[18.18,39.85],[18.16,39.86],[18.09,39.9],[18.08,39.91],[18.05,39.93],[18.04,39.93],[18.04,39.94],[18,39.99],[17.99,40],[18,40],[18.01,40],[18.02,40.01],[18.02,40.02],[18.02,40.09],[18.02,40.1],[18.01,40.11],[17.91,40.26],[17.86,40.28],[17.79,40.29],[17.76,40.3],[17.68,40.3],[17.67,40.3],[17.64,40.3],[17.55,40.3],[17.51,40.3],[17.5,40.3],[17.39,40.33],[17.2,40.41],[17.2,40.42],[17.25,40.45],[17.27,40.47],[17.29,40.47],[17.31,40.47],[17.32,40.48],[17.33,40.49],[17.32,40.49],[17.32,40.5],[17.31,40.5],[17.09,40.52],[17.08,40.52],[17.07,40.52],[17.05,40.52],[17.02,40.51],[17,40.5],[16.95,40.47],[16.94,40.47],[16.93,40.46],[16.91,40.45],[16.87,40.41],[16.86,40.39],[16.8,40.32],[16.79,40.3],[16.75,40.25],[16.75,40.24],[16.75,40.23],[16.74,40.22],[16.74,40.21],[16.7,40.15],[16.68,40.14],[16.64,40.12],[16.62,40.1],[16.61,40.09],[16.61,40.08],[16.6,40.05],[16.6,40.04],[16.61,40],[16.61,39.99],[16.56,39.9],[16.54,39.87],[16.5,39.82],[16.49,39.81],[16.49,39.79],[16.49,39.78],[16.49,39.77],[16.49,39.75],[16.53,39.67],[16.53,39.66],[16.54,39.65],[16.55,39.65],[16.56,39.64],[16.6,39.63],[16.63,39.62],[16.74,39.62],[16.82,39.57],[16.96,39.49],[17.03,39.47],[17.14,39.4],[17.15,39.39],[17.14,39.37],[17.13,39.36],[17.12,39.32],[17.11,39.31],[17.11,39.26],[17.12,39.1],[17.12,39.09],[17.14,39.06],[17.14,39.05],[17.15,39.04],[17.17,39.03],[17.17,39],[17.17,38.96],[17.13,38.92],[17.1,38.9],[17.1,38.91],[17.09,38.91],[16.98,38.94],[16.97,38.94],[16.96,38.94],[16.94,38.94],[16.93,38.94],[16.84,38.92],[16.83,38.92],[16.73,38.88],[16.62,38.82],[16.61,38.81],[16.59,38.8],[16.57,38.78],[16.55,38.74],[16.54,38.72],[16.53,38.71],[16.53,38.7],[16.55,38.65],[16.56,38.6],[16.57,38.55],[16.57,38.52],[16.58,38.45],[16.58,38.44],[16.57,38.43],[16.57,38.42],[16.53,38.39],[16.52,38.38],[16.49,38.36],[16.47,38.35],[16.45,38.34],[16.41,38.32],[16.36,38.31],[16.35,38.31],[16.33,38.3],[16.17,38.14],[16.16,38.13],[16.16,38.11],[16.14,38.08],[16.14,38.06],[16.14,38.05],[16.14,38.03],[16.13,38.02],[16.12,37.98],[16.11,37.97],[16.09,37.95],[16.07,37.93],[16.06,37.92],[16.05,37.92],[16,37.92],[15.95,37.92],[15.92,37.93],[15.87,37.93],[15.79,37.92],[15.78,37.92],[15.76,37.92],[15.72,37.93],[15.68,37.95],[15.67,37.96],[15.66,37.96],[15.64,37.99],[15.64,38],[15.63,38.01],[15.63,38.02],[15.64,38.06],[15.64,38.18],[15.63,38.19],[15.63,38.2],[15.63,38.21],[15.63,38.22],[15.63,38.23],[15.65,38.24],[15.71,38.26],[15.72,38.26],[15.73,38.26],[15.74,38.26],[15.76,38.27],[15.79,38.28],[15.8,38.28],[15.81,38.3],[15.82,38.31],[15.9,38.45],[15.91,38.47],[15.92,38.52],[15.92,38.53],[15.93,38.54],[15.92,38.55],[15.89,38.58],[15.88,38.59],[15.85,38.61],[15.84,38.62],[15.83,38.62],[15.83,38.63],[15.83,38.64],[15.84,38.65],[15.85,38.66],[15.86,38.66],[15.98,38.72],[15.99,38.72],[16.02,38.72],[16.05,38.72],[16.07,38.72],[16.09,38.72],[16.1,38.71],[16.13,38.72],[16.17,38.74],[16.18,38.74],[16.18,38.75],[16.2,38.77],[16.21,38.79],[16.21,38.8],[16.22,38.83],[16.22,38.84],[16.22,38.87],[16.22,38.91],[16.22,38.92],[16.22,38.93],[16.19,38.93],[16.16,38.95],[16.15,38.95],[16.1,39.02],[16.1,39.03],[16.06,39.13],[16.06,39.18],[16.06,39.19],[16.06,39.23],[16.05,39.26],[16.04,39.33],[16.03,39.34],[16.03,39.35],[15.99,39.44],[15.98,39.45],[15.93,39.51],[15.92,39.52],[15.9,39.53],[15.85,39.61],[15.81,39.68],[15.8,39.71],[15.79,39.79],[15.78,39.85],[15.78,39.86],[15.78,39.87],[15.78,39.88],[15.76,39.92],[15.75,39.93],[15.73,39.96],[15.71,39.98],[15.67,40.03],[15.66,40.03],[15.64,40.04],[15.63,40.06],[15.61,40.07],[15.59,40.07],[15.58,40.08],[15.57,40.08],[15.56,40.08],[15.52,40.07],[15.51,40.07],[15.5,40.07],[15.46,40.03],[15.42,39.99],[15.41,39.99],[15.37,40],[15.36,40],[15.34,40.01],[15.31,40.03],[15.27,40.07],[15.26,40.08],[15.15,40.16],[15.13,40.17],[15.12,40.17],[15.11,40.17],[15.1,40.17],[15.01,40.2],[14.94,40.23],[14.93,40.27],[14.96,40.34],[14.99,40.35],[14.99,40.36],[14.99,40.37],[14.99,40.38],[14.99,40.39],[14.99,40.4],[14.96,40.45],[14.9,40.55],[14.89,40.57],[14.84,40.62],[14.83,40.63],[14.83,40.64],[14.78,40.67],[14.77,40.67],[14.76,40.68],[14.74,40.68],[14.69,40.64],[14.63,40.65],[14.62,40.65],[14.58,40.61],[14.51,40.62],[14.46,40.62],[14.4,40.6],[14.33,40.57],[14.33,40.59],[14.34,40.62],[14.35,40.63],[14.36,40.63],[14.37,40.63],[14.38,40.63],[14.4,40.64],[14.47,40.7],[14.48,40.7],[14.48,40.71],[14.47,40.72],[14.46,40.74],[14.45,40.75],[14.32,40.82],[14.31,40.83],[14.29,40.84],[14.27,40.84],[14.26,40.84],[14.23,40.83],[14.22,40.82],[14.21,40.81],[14.17,40.81],[14.07,40.82],[14.05,40.86],[14.03,40.9],[14.02,40.92],[13.99,40.96],[13.98,40.97],[13.9,41.08],[13.84,41.15],[13.8,41.19],[13.79,41.2],[13.78,41.21],[13.74,41.23],[13.72,41.25],[13.71,41.25],[13.65,41.26],[13.64,41.26],[13.62,41.26],[13.61,41.25],[13.57,41.24],[13.56,41.24],[13.29,41.3],[13.28,41.3],[13.27,41.3],[13.21,41.28],[13.17,41.27],[13.15,41.26],[13.13,41.25],[13.11,41.24],[13.03,41.26],[13.03,41.27],[13.01,41.29],[13,41.3],[12.98,41.32],[12.98,41.33],[12.95,41.35],[12.93,41.37],[12.91,41.38],[12.89,41.4],[12.86,41.41],[12.67,41.46],[12.66,41.46],[12.65,41.46],[12.58,41.51],[12.52,41.57],[12.47,41.61],[12.45,41.62],[12.44,41.63],[12.36,41.69],[12.35,41.7],[12.22,41.78],[12.21,41.79],[12.21,41.81],[12.2,41.82],[12.18,41.87],[12.16,41.88],[12.15,41.9],[12.13,41.92],[12.12,41.93],[12.02,41.99],[11.92,42.03],[11.91,42.04],[11.89,42.04],[11.88,42.04],[11.86,42.03],[11.84,42.03],[11.83,42.03],[11.82,42.03],[11.8,42.06],[11.75,42.13],[11.74,42.15],[11.74,42.16],[11.73,42.18],[11.7,42.22],[11.63,42.29],[11.63,42.3],[11.62,42.3],[11.53,42.34],[11.5,42.36],[11.45,42.37],[11.39,42.4],[11.38,42.41],[11.36,42.41],[11.27,42.42],[11.26,42.42],[11.23,42.42],[11.21,42.41],[11.2,42.39],[11.19,42.37],[11.18,42.37],[11.18,42.36],[11.17,42.37],[11.11,42.39],[11.1,42.39],[11.1,42.4],[11.09,42.41],[11.08,42.43],[11.09,42.43],[11.1,42.44],[11.11,42.45],[11.11,42.44],[11.12,42.44],[11.13,42.44],[11.15,42.44],[11.16,42.44],[11.17,42.45],[11.18,42.48],[11.19,42.49],[11.19,42.5],[11.19,42.51],[11.18,42.53],[11.16,42.55],[11.08,42.63],[10.97,42.72],[10.96,42.73],[10.93,42.74],[10.92,42.75],[10.89,42.76],[10.86,42.77],[10.76,42.83],[10.77,42.84],[10.77,42.85],[10.78,42.89],[10.78,42.9],[10.77,42.91],[10.74,42.92],[10.73,42.93],[10.69,42.95],[10.67,42.95],[10.59,42.96],[10.53,43.05],[10.54,43.06],[10.54,43.12],[10.54,43.15],[10.54,43.18],[10.53,43.22],[10.52,43.25],[10.51,43.27],[10.42,43.4],[10.38,43.44],[10.37,43.45],[10.36,43.46],[10.33,43.47],[10.32,43.48],[10.3,43.53],[10.3,43.54],[10.29,43.55],[10.29,43.59],[10.28,43.69],[10.28,43.7],[10.28,43.71],[10.28,43.73],[10.27,43.75],[10.27,43.79],[10.27,43.8],[10.25,43.84],[10.24,43.87],[10.23,43.88],[10.22,43.9],[10.21,43.91],[10.18,43.95],[10.12,44],[10.11,44.01],[10.09,44.02],[10.07,44.03],[10.05,44.04],[10.03,44.04],[9.98,44.05],[9.71,44.12],[9.66,44.14],[9.37,44.28],[9.34,44.31],[9.33,44.31],[9.23,44.35],[8.82,44.43],[8.76,44.43],[8.75,44.43],[8.74,44.43],[8.73,44.42],[8.64,44.39],[8.5,44.33],[8.49,44.32],[8.45,44.29],[8.44,44.28],[8.44,44.27],[8.45,44.26],[8.41,44.19],[8.4,44.18],[8.39,44.17],[8.33,44.16],[8.31,44.16],[8.29,44.15],[8.28,44.15],[8.27,44.14],[8.24,44.1],[8.23,44.1],[8.16,43.99],[8.15,43.99],[8.15,43.98],[8.16,43.97],[8.17,43.96],[8.17,43.95],[8.07,43.89],[7.95,43.85],[7.91,43.84],[7.77,43.81],[7.74,43.8],[7.67,43.78],[7.66,43.78],[7.61,43.79],[7.59,43.79],[7.58,43.79],[7.57,43.79],[7.53,43.78],[7.53,43.79],[7.51,43.82],[7.5,43.85],[7.49,43.86],[7.49,43.87],[7.49,43.88],[7.5,43.88],[7.5,43.89],[7.6,43.97],[7.66,44.01],[7.7,44.07],[7.71,44.08],[7.71,44.09],[7.67,44.12],[7.66,44.13],[7.66,44.14],[7.66,44.15],[7.66,44.17],[7.62,44.18],[7.52,44.16],[7.47,44.14],[7.42,44.13],[7.35,44.13],[7.03,44.25],[6.98,44.28],[6.88,44.37],[6.88,44.38],[6.85,44.52],[6.85,44.54],[6.95,44.66],[6.97,44.69],[6.98,44.69],[7.03,44.74],[7.03,44.83],[7.01,44.85],[7,44.85],[6.97,44.86],[6.96,44.87],[6.95,44.87],[6.94,44.87],[6.92,44.86],[6.9,44.86],[6.89,44.86],[6.86,44.87],[6.84,44.87],[6.78,44.91],[6.75,44.92],[6.66,45.04],[6.62,45.11],[6.63,45.12],[6.64,45.13],[6.68,45.14],[6.69,45.15],[6.7,45.15],[6.76,45.17],[6.77,45.17],[6.82,45.16],[6.83,45.15],[6.94,45.18],[7.07,45.22],[7.13,45.26],[7.16,45.38],[7.15,45.43],[7.09,45.48],[7,45.52],[6.99,45.53],[6.97,45.6],[6.81,45.72],[6.81,45.73],[6.8,45.78],[6.8,45.8],[6.81,45.83],[6.82,45.84],[6.87,45.86],[6.88,45.86],[6.9,45.85],[6.91,45.85],[6.92,45.85],[6.94,45.86],[6.97,45.87],[6.98,45.87],[6.99,45.88],[7,45.89],[7.04,45.93],[7.06,45.91],[7.08,45.9],[7.09,45.89],[7.1,45.88],[7.11,45.88],[7.12,45.88],[7.18,45.88],[7.19,45.88],[7.2,45.88],[7.23,45.9],[7.29,45.92],[7.3,45.92],[7.34,45.92],[7.38,45.91],[7.39,45.92],[7.43,45.93],[7.46,45.94],[7.54,45.98],[7.65,45.98],[7.71,45.94],[7.74,45.93],[7.78,45.92],[7.85,45.92],[7.86,45.92],[7.87,45.95],[7.88,45.97],[7.88,45.98],[7.9,45.99],[7.91,45.99],[7.95,45.99],[7.97,46],[8,46],[8.01,46.01],[8.02,46.01],[8.15,46.15],[8.16,46.18],[8.16,46.19],[8.14,46.22],[8.14,46.23],[8.3,46.42],[8.31,46.42],[8.36,46.45],[8.37,46.45],[8.43,46.46],[8.44,46.46],[8.45,46.46],[8.46,46.45],[8.46,46.44],[8.47,46.38],[8.47,46.37],[8.46,46.33],[8.45,46.32],[8.44,46.32],[8.44,46.3],[8.43,46.29],[8.44,46.25],[8.45,46.25],[8.46,46.23],[8.61,46.12],[8.62,46.12],[8.69,46.1],[8.7,46.1],[8.71,46.1],[8.72,46.11],[8.73,46.11],[8.75,46.12],[8.82,46.1],[8.83,46.1],[8.84,46.09],[8.84,46.08],[8.85,46.08],[8.85,46.07],[8.85,46.06],[8.85,46.05],[8.82,46.04],[8.82,46.03],[8.81,45.99],[8.83,45.98],[8.9,45.96],[8.9,45.95],[8.93,45.9],[8.94,45.88],[8.94,45.87],[8.95,45.84],[9,45.83],[9.04,45.84],[9.08,45.9],[9.09,45.9],[9.08,45.91],[9.08,45.92],[9.07,45.92],[9.03,45.93],[9.03,45.94],[9.02,45.94],[9,45.97],[9,45.98],[9.02,46.02],[9.04,46.06],[9.08,46.12],[9.13,46.16],[9.14,46.17],[9.16,46.17],[9.18,46.18],[9.19,46.19],[9.24,46.23],[9.24,46.24],[9.28,46.29],[9.29,46.32],[9.29,46.33],[9.3,46.35],[9.28,46.42],[9.27,46.43],[9.26,46.43],[9.25,46.43],[9.25,46.44],[9.25,46.45],[9.27,46.49],[9.28,46.5],[9.29,46.5],[9.3,46.5],[9.3,46.51],[9.36,46.51],[9.37,46.51],[9.46,46.47],[9.45,46.43],[9.46,46.39],[9.46,46.38],[9.52,46.32],[9.54,46.31],[9.55,46.31],[9.58,46.3],[9.63,46.29],[9.7,46.3],[9.71,46.3],[9.77,46.34],[9.81,46.36],[9.85,46.37],[9.9,46.38],[9.91,46.38],[9.94,46.38],[9.95,46.38],[9.98,46.36],[9.99,46.36],[9.99,46.35],[9.98,46.34],[9.98,46.33],[9.99,46.29],[10.06,46.23],[10.06,46.22],[10.07,46.22],[10.08,46.22],[10.13,46.23],[10.14,46.23],[10.17,46.25],[10.17,46.26],[10.18,46.27],[10.15,46.39],[10.09,46.42],[10.07,46.43],[10.06,46.44],[10.05,46.44],[10.05,46.45],[10.04,46.45],[10.04,46.5],[10.04,46.51],[10.05,46.54],[10.12,46.61],[10.18,46.63],[10.23,46.64],[10.24,46.64],[10.25,46.62],[10.25,46.61],[10.25,46.6],[10.24,46.59],[10.25,46.59],[10.25,46.58],[10.3,46.56],[10.31,46.55],[10.34,46.55],[10.45,46.54],[10.46,46.54],[10.46,46.55],[10.47,46.55],[10.48,46.56],[10.48,46.59],[10.49,46.59],[10.49,46.62],[10.47,46.64],[10.45,46.76],[10.47,46.87],[10.48,46.86],[10.5,46.85],[10.56,46.85],[10.57,46.85],[10.6,46.86],[10.64,46.87],[10.65,46.87],[10.67,46.88],[10.68,46.88],[10.69,46.87],[10.76,46.84],[10.76,46.83],[10.77,46.83],[10.76,46.82],[10.79,46.8],[10.83,46.79],[10.89,46.77],[11.02,46.77],[11.07,46.82],[11.07,46.83],[11.1,46.88],[11.1,46.89],[11.1,46.91],[11.09,46.91],[11.1,46.91],[11.11,46.92],[11.12,46.93],[11.16,46.96],[11.17,46.97],[11.19,46.97],[11.48,47.01],[11.62,47.01],[11.63,47.01],[11.71,47],[11.71,46.99],[11.73,46.98],[11.74,46.98],[11.76,46.98],[11.77,46.98],[12.07,47.06],[12.14,47.09],[12.18,47.09],[12.19,47.09],[12.22,47.09],[12.23,47.09],[12.23,47.08],[12.23,47.07],[12.22,47.06],[12.2,47.04],[12.2,47.03],[12.19,47.03],[12.15,47.02],[12.14,47.02],[12.13,47.02],[12.13,47.01],[12.13,47]],[[12.46,43.9],[12.47,43.9],[12.49,43.91],[12.5,43.92],[12.51,43.94],[12.51,43.98],[12.51,43.99],[12.49,43.99],[12.47,43.99],[12.46,43.98],[12.45,43.98],[12.42,43.96],[12.41,43.95],[12.4,43.95],[12.4,43.93],[12.41,43.91],[12.42,43.91],[12.46,43.9]],[[12.45,41.9],[12.46,41.9],[12.45,41.91],[12.45,41.9]]],[[[12.42,45.42],[12.43,45.42],[12.43,45.41],[12.42,45.41],[12.38,45.42],[12.37,45.42],[12.35,45.38],[12.34,45.37],[12.33,45.36],[12.32,45.34],[12.32,45.35],[12.36,45.42],[12.37,45.42],[12.37,45.43],[12.38,45.43],[12.39,45.43],[12.4,45.43],[12.42,45.42]]],[[[9.84,43.03],[9.82,43],[9.81,43.01],[9.8,43.01],[9.8,43.02],[9.79,43.03],[9.8,43.06],[9.82,43.08],[9.83,43.08],[9.83,43.07],[9.85,43.05],[9.85,43.04],[9.84,43.03]]],[[[10.44,42.84],[10.43,42.72],[10.43,42.71],[10.42,42.71],[10.36,42.76],[10.35,42.76],[10.34,42.77],[10.3,42.76],[10.23,42.75],[10.21,42.73],[10.16,42.73],[10.15,42.73],[10.14,42.73],[10.13,42.74],[10.12,42.74],[10.12,42.75],[10.1,42.77],[10.1,42.78],[10.1,42.79],[10.11,42.8],[10.12,42.8],[10.13,42.81],[10.14,42.81],[10.18,42.81],[10.21,42.81],[10.22,42.8],[10.23,42.79],[10.24,42.79],[10.35,42.8],[10.36,42.81],[10.38,42.83],[10.39,42.85],[10.39,42.86],[10.41,42.87],[10.42,42.87],[10.44,42.86],[10.44,42.85],[10.44,42.84]]],[[[10.09,42.57],[10.08,42.57],[10.07,42.58],[10.07,42.59],[10.08,42.62],[10.09,42.62],[10.1,42.59],[10.1,42.58],[10.09,42.57]]],[[[10.92,42.33],[10.91,42.32],[10.9,42.33],[10.87,42.36],[10.86,42.37],[10.88,42.39],[10.89,42.39],[10.9,42.39],[10.91,42.37],[10.93,42.34],[10.92,42.33]]],[[[10.32,42.32],[10.31,42.32],[10.29,42.32],[10.29,42.33],[10.29,42.34],[10.29,42.35],[10.3,42.35],[10.31,42.35],[10.32,42.35],[10.33,42.34],[10.33,42.33],[10.32,42.32]]],[[[9.51,41.15],[9.56,41.12],[9.63,40.99],[9.51,40.93],[9.5,40.92],[9.51,40.91],[9.53,40.91],[9.57,40.91],[9.61,40.92],[9.66,40.85],[9.75,40.68],[9.75,40.67],[9.75,40.66],[9.74,40.64],[9.74,40.63],[9.75,40.6],[9.79,40.55],[9.8,40.54],[9.81,40.54],[9.82,40.53],[9.83,40.53],[9.83,40.52],[9.81,40.47],[9.8,40.44],[9.77,40.4],[9.76,40.39],[9.76,40.38],[9.75,40.38],[9.74,40.38],[9.73,40.37],[9.71,40.36],[9.7,40.35],[9.66,40.31],[9.64,40.28],[9.63,40.26],[9.62,40.26],[9.62,40.25],[9.62,40.24],[9.62,40.2],[9.63,40.19],[9.65,40.15],[9.66,40.13],[9.69,40.11],[9.7,40.1],[9.71,40.04],[9.7,39.94],[9.68,39.81],[9.67,39.78],[9.67,39.76],[9.67,39.75],[9.67,39.74],[9.68,39.74],[9.68,39.73],[9.68,39.71],[9.65,39.55],[9.64,39.49],[9.63,39.43],[9.6,39.33],[9.57,39.23],[9.56,39.2],[9.56,39.19],[9.58,39.19],[9.58,39.18],[9.57,39.15],[9.56,39.14],[9.52,39.12],[9.44,39.12],[9.41,39.14],[9.39,39.16],[9.37,39.18],[9.34,39.19],[9.32,39.21],[9.29,39.21],[9.02,39.27],[9.01,39.27],[9.01,39.26],[9.01,39.13],[9.02,39.1],[9.02,39.08],[9.04,39.05],[9.01,38.99],[8.91,38.91],[8.9,38.9],[8.86,38.88],[8.85,38.88],[8.84,38.88],[8.71,38.92],[8.65,38.89],[8.62,38.92],[8.57,39.01],[8.55,39.05],[8.51,39.06],[8.5,39.06],[8.48,39.04],[8.47,39.04],[8.47,39.02],[8.45,39.01],[8.45,38.99],[8.44,38.97],[8.43,38.96],[8.41,38.96],[8.4,38.96],[8.36,39.02],[8.36,39.04],[8.35,39.07],[8.35,39.08],[8.35,39.09],[8.36,39.11],[8.42,39.11],[8.43,39.11],[8.45,39.09],[8.45,39.1],[8.45,39.09],[8.46,39.09],[8.47,39.1],[8.46,39.12],[8.43,39.16],[8.43,39.17],[8.4,39.2],[8.37,39.23],[8.42,39.27],[8.43,39.28],[8.43,39.29],[8.43,39.3],[8.42,39.34],[8.41,39.34],[8.4,39.34],[8.39,39.34],[8.39,39.35],[8.37,39.37],[8.37,39.38],[8.39,39.45],[8.41,39.49],[8.45,39.63],[8.45,39.64],[8.44,39.68],[8.44,39.76],[8.45,39.76],[8.46,39.76],[8.47,39.75],[8.49,39.72],[8.5,39.73],[8.52,39.75],[8.54,39.78],[8.55,39.82],[8.56,39.84],[8.56,39.85],[8.56,39.87],[8.55,39.87],[8.55,39.88],[8.53,39.9],[8.52,39.91],[8.51,39.91],[8.47,39.91],[8.46,39.91],[8.44,39.9],[8.42,39.89],[8.4,39.9],[8.39,39.9],[8.39,39.91],[8.4,39.95],[8.41,40],[8.41,40.02],[8.46,40.14],[8.46,40.23],[8.46,40.32],[8.37,40.49],[8.31,40.58],[8.3,40.59],[8.29,40.59],[8.2,40.62],[8.19,40.62],[8.17,40.6],[8.17,40.59],[8.17,40.58],[8.16,40.57],[8.16,40.56],[8.15,40.58],[8.14,40.59],[8.14,40.6],[8.14,40.62],[8.15,40.62],[8.16,40.63],[8.18,40.64],[8.17,40.69],[8.15,40.72],[8.15,40.74],[8.19,40.91],[8.23,40.94],[8.23,40.93],[8.23,40.91],[8.28,40.86],[8.29,40.86],[8.3,40.85],[8.31,40.85],[8.36,40.84],[8.46,40.82],[8.48,40.82],[8.51,40.82],[8.54,40.83],[8.58,40.84],[8.6,40.85],[8.61,40.85],[8.62,40.86],[8.62,40.88],[8.63,40.88],[8.63,40.89],[8.64,40.89],[8.65,40.9],[8.69,40.91],[8.71,40.91],[8.74,40.92],[8.75,40.91],[8.77,40.91],[8.78,40.91],[8.79,40.92],[8.81,40.93],[8.84,40.96],[8.85,40.97],[8.86,40.98],[8.87,41],[9.01,41.12],[9.04,41.13],[9.05,41.13],[9.16,41.19],[9.16,41.24],[9.18,41.25],[9.23,41.26],[9.51,41.15]]],[[[8.34,41.06],[8.33,41.05],[8.31,41.06],[8.29,41.06],[8.28,41.06],[8.27,41.05],[8.24,41.03],[8.24,40.99],[8.22,40.99],[8.21,40.99],[8.21,41],[8.23,41.04],[8.29,41.1],[8.31,41.12],[8.32,41.12],[8.35,41.09],[8.34,41.07],[8.34,41.06]]],[[[12.96,40.88],[12.95,40.89],[12.95,40.9],[12.94,40.9],[12.95,40.91],[12.95,40.92],[12.97,40.93],[12.99,40.93],[12.98,40.9],[12.97,40.9],[12.96,40.88]]],[[[13.95,40.7],[13.89,40.69],[13.86,40.7],[13.85,40.71],[13.85,40.73],[13.87,40.76],[13.88,40.76],[13.94,40.74],[13.95,40.74],[13.96,40.73],[13.96,40.72],[13.96,40.71],[13.95,40.7]]],[[[14.21,40.56],[14.24,40.55],[14.25,40.56],[14.26,40.56],[14.26,40.55],[14.25,40.54],[14.24,40.55],[14.23,40.55],[14.22,40.54],[14.2,40.54],[14.2,40.55],[14.2,40.56],[14.21,40.56]]],[[[8.29,39.09],[8.28,39.09],[8.25,39.1],[8.25,39.11],[8.22,39.14],[8.22,39.15],[8.22,39.16],[8.24,39.17],[8.3,39.19],[8.31,39.14],[8.31,39.13],[8.31,39.12],[8.3,39.11],[8.3,39.09],[8.29,39.09]]],[[[15.21,38.77],[15.19,38.78],[15.19,38.79],[15.21,38.81],[15.22,38.81],[15.23,38.81],[15.24,38.81],[15.24,38.8],[15.23,38.78],[15.22,38.77],[15.21,38.77]]],[[[13.17,38.69],[13.16,38.69],[13.15,38.69],[13.15,38.7],[13.16,38.71],[13.16,38.72],[13.17,38.72],[13.18,38.72],[13.19,38.72],[13.2,38.71],[13.2,38.7],[13.18,38.69],[13.17,38.69]]],[[[14.87,38.53],[14.85,38.53],[14.84,38.54],[14.8,38.56],[14.79,38.56],[14.79,38.57],[14.8,38.58],[14.81,38.58],[14.86,38.58],[14.87,38.58],[14.87,38.57],[14.87,38.56],[14.87,38.53]]],[[[14.96,38.45],[14.95,38.45],[14.91,38.47],[14.9,38.48],[14.9,38.49],[14.9,38.51],[14.91,38.52],[14.92,38.52],[14.96,38.52],[14.97,38.51],[14.96,38.45]]],[[[14.99,38.36],[14.98,38.36],[14.98,38.37],[14.96,38.38],[14.95,38.38],[14.94,38.4],[14.95,38.42],[14.96,38.43],[14.97,38.43],[15,38.4],[15,38.38],[15,38.37],[14.99,38.37],[14.99,38.36]]],[[[15.53,38.14],[15.51,38.09],[15.51,38.08],[15.5,38.08],[15.5,38.07],[15.43,38],[15.37,37.95],[15.37,37.94],[15.23,37.78],[15.22,37.76],[15.22,37.71],[15.2,37.65],[15.18,37.58],[15.17,37.56],[15.16,37.55],[15.15,37.55],[15.15,37.54],[15.12,37.52],[15.1,37.5],[15.09,37.49],[15.09,37.48],[15.09,37.46],[15.09,37.36],[15.09,37.35],[15.09,37.34],[15.19,37.18],[15.2,37.16],[15.23,37.13],[15.23,37.12],[15.25,37.11],[15.26,37.11],[15.27,37.11],[15.29,37.11],[15.3,37.11],[15.3,37.1],[15.31,37.1],[15.32,37.04],[15.32,37.01],[15.26,36.98],[15.21,36.95],[15.18,36.94],[15.15,36.92],[15.15,36.91],[15.11,36.84],[15.1,36.8],[15.1,36.78],[15.1,36.76],[15.11,36.75],[15.12,36.74],[15.14,36.69],[15.14,36.68],[15.13,36.67],[15.1,36.65],[15.09,36.65],[15.08,36.65],[15.05,36.68],[15.04,36.69],[15.03,36.7],[15.02,36.7],[14.9,36.73],[14.89,36.73],[14.87,36.73],[14.86,36.73],[14.81,36.72],[14.78,36.7],[14.72,36.72],[14.55,36.78],[14.46,36.83],[14.46,36.84],[14.44,36.87],[14.42,36.9],[14.41,36.91],[14.41,36.92],[14.39,36.94],[14.37,36.97],[14.35,36.98],[14.34,36.99],[14.28,37.04],[14.27,37.05],[14.25,37.06],[14.15,37.1],[14.14,37.1],[14.11,37.11],[14.09,37.11],[14,37.11],[13.96,37.1],[13.94,37.09],[13.93,37.09],[13.89,37.1],[13.88,37.1],[13.74,37.16],[13.67,37.19],[13.66,37.2],[13.65,37.21],[13.64,37.22],[13.57,37.27],[13.56,37.28],[13.54,37.28],[13.51,37.29],[13.41,37.32],[13.33,37.36],[13.28,37.39],[13.27,37.4],[13.27,37.41],[13.26,37.42],[13.22,37.45],[13.17,37.49],[13.16,37.49],[13.15,37.49],[13.09,37.49],[12.99,37.54],[12.98,37.55],[12.97,37.55],[12.95,37.56],[12.93,37.57],[12.92,37.57],[12.8,37.58],[12.78,37.58],[12.76,37.57],[12.73,37.57],[12.72,37.56],[12.69,37.56],[12.67,37.55],[12.66,37.56],[12.65,37.56],[12.51,37.66],[12.47,37.7],[12.43,37.79],[12.42,37.8],[12.43,37.8],[12.44,37.81],[12.45,37.81],[12.46,37.82],[12.48,37.86],[12.48,37.87],[12.48,37.88],[12.47,37.92],[12.51,38.01],[12.52,38.02],[12.56,38.06],[12.73,38.14],[12.82,38.07],[12.88,38.03],[12.89,38.02],[12.9,38.02],[12.91,38.02],[12.92,38.02],[12.93,38.03],[12.96,38.03],[13.02,38.06],[13.06,38.08],[13.07,38.09],[13.07,38.1],[13.06,38.12],[13.06,38.13],[13.05,38.13],[13.05,38.14],[13.09,38.18],[13.1,38.19],[13.32,38.22],[13.36,38.19],[13.37,38.17],[13.38,38.15],[13.37,38.14],[13.36,38.13],[13.37,38.12],[13.37,38.11],[13.38,38.11],[13.71,37.98],[13.75,37.97],[13.77,37.97],[13.79,37.97],[13.82,37.98],[13.89,38],[13.91,38.01],[13.92,38.01],[13.94,38.03],[13.95,38.03],[14.01,38.04],[14.13,38.02],[14.24,38.01],[14.31,38.01],[14.37,38.02],[14.52,38.04],[14.63,38.07],[14.64,38.07],[14.64,38.08],[14.66,38.09],[14.79,38.15],[14.87,38.17],[14.96,38.16],[14.97,38.16],[15.07,38.12],[15.09,38.12],[15.1,38.13],[15.15,38.15],[15.3,38.21],[15.51,38.29],[15.52,38.3],[15.54,38.3],[15.55,38.3],[15.65,38.27],[15.65,38.26],[15.64,38.26],[15.61,38.25],[15.6,38.25],[15.59,38.24],[15.58,38.24],[15.57,38.23],[15.56,38.21],[15.53,38.14]]],[[[12.07,37.95],[12.08,37.95],[12.05,37.95],[12.04,37.96],[12.03,37.98],[12.03,37.99],[12.06,37.99],[12.07,37.95]]],[[[12.35,37.91],[12.29,37.92],[12.28,37.92],[12.27,37.93],[12.27,37.94],[12.28,37.94],[12.31,37.94],[12.33,37.94],[12.34,37.93],[12.37,37.92],[12.36,37.91],[12.35,37.91]]],[[[12.02,36.74],[12,36.74],[11.99,36.74],[11.95,36.76],[11.93,36.79],[11.92,36.8],[11.92,36.82],[11.93,36.83],[11.94,36.83],[11.94,36.84],[11.95,36.84],[11.96,36.84],[12,36.83],[12.01,36.83],[12.05,36.8],[12.05,36.79],[12.06,36.77],[12.05,36.76],[12.05,36.75],[12.04,36.75],[12.03,36.74],[12.02,36.74]]]]}},{"type":"Feature","properties":{"FID":0,"FIPS":"LG","ISO2":"LV","ISO3":"LVA","UN":428,"NAME":"Latvia","AREA":6205,"POP2005":2301793,"REGION":150,"SUBREGION":154,"LON":25.641,"LAT":56.858},"geometry":{"type":"Polygon","coordinates":[[[21.07,56.44],[21.06,56.51],[21.03,56.61],[21.04,56.64],[21.05,56.67],[21.06,56.69],[21.07,56.74],[21.07,56.75],[21.06,56.78],[21.06,56.79],[21.05,56.81],[21.05,56.82],[21.05,56.83],[21.05,56.84],[21.06,56.84],[21.07,56.84],[21.07,56.85],[21.14,56.87],[21.22,56.91],[21.26,56.92],[21.36,56.99],[21.39,57.02],[21.4,57.03],[21.41,57.05],[21.42,57.07],[21.42,57.09],[21.41,57.1],[21.41,57.12],[21.41,57.23],[21.41,57.24],[21.42,57.28],[21.42,57.29],[21.43,57.3],[21.44,57.31],[21.45,57.31],[21.46,57.32],[21.48,57.33],[21.6,57.44],[21.64,57.49],[21.67,57.52],[21.67,57.53],[21.68,57.54],[21.71,57.56],[21.73,57.57],[21.73,57.58],[21.75,57.58],[21.85,57.59],[21.86,57.6],[21.9,57.59],[21.91,57.59],[21.93,57.59],[21.98,57.59],[22,57.6],[22.01,57.6],[22.03,57.61],[22.05,57.62],[22.1,57.63],[22.28,57.69],[22.47,57.74],[22.49,57.74],[22.58,57.76],[22.6,57.76],[22.61,57.76],[22.61,57.75],[22.61,57.74],[22.6,57.74],[22.6,57.73],[22.58,57.7],[22.58,57.68],[22.59,57.65],[22.6,57.63],[22.64,57.59],[22.65,57.58],[22.67,57.57],[22.75,57.53],[22.91,57.45],[22.93,57.43],[22.94,57.43],[22.95,57.42],[23.01,57.4],[23.05,57.38],[23.08,57.38],[23.1,57.37],[23.13,57.37],[23.14,57.36],[23.17,57.31],[23.24,57.17],[23.24,57.16],[23.25,57.12],[23.25,57.1],[23.26,57.1],[23.31,57.07],[23.33,57.06],[23.34,57.06],[23.35,57.05],[23.59,56.98],[23.65,56.97],[23.66,56.97],[23.67,56.97],[23.77,56.97],[23.79,56.97],[23.85,56.98],[23.87,56.99],[23.95,57.01],[23.98,57.02],[24.16,57.1],[24.22,57.13],[24.37,57.21],[24.37,57.22],[24.39,57.23],[24.4,57.25],[24.41,57.26],[24.41,57.27],[24.41,57.28],[24.41,57.35],[24.41,57.36],[24.36,57.58],[24.33,57.7],[24.31,57.73],[24.3,57.73],[24.3,57.74],[24.29,57.79],[24.29,57.83],[24.29,57.85],[24.32,57.87],[24.37,57.87],[24.4,57.87],[24.42,57.87],[24.43,57.88],[24.43,57.89],[24.44,57.89],[24.44,57.9],[24.45,57.91],[24.54,57.95],[24.55,57.95],[24.56,57.96],[24.72,57.97],[25.02,58.04],[25.04,58.05],[25.06,58.06],[25.07,58.06],[25.09,58.07],[25.12,58.08],[25.14,58.08],[25.16,58.08],[25.17,58.07],[25.18,58.07],[25.19,58.06],[25.2,58.05],[25.2,58.04],[25.21,58.03],[25.21,58.01],[25.22,58],[25.23,57.99],[25.25,57.99],[25.29,58],[25.29,58.01],[25.3,58.01],[25.3,58.02],[25.3,58.03],[25.3,58.04],[25.29,58.05],[25.26,58.06],[25.26,58.07],[25.27,58.08],[25.28,58.08],[25.29,58.08],[25.3,58.08],[25.31,58.08],[25.42,58.04],[25.44,58.03],[25.45,58.02],[25.45,58.01],[25.45,58],[25.46,57.99],[25.62,57.92],[25.8,57.87],[25.84,57.86],[25.88,57.86],[25.95,57.85],[26.04,57.82],[26.2,57.7],[26.27,57.63],[26.29,57.62],[26.3,57.61],[26.31,57.6],[26.51,57.53],[26.52,57.52],[26.54,57.52],[26.6,57.53],[26.61,57.53],[26.62,57.55],[26.63,57.55],[26.64,57.56],[26.7,57.58],[26.87,57.63],[26.88,57.63],[26.9,57.63],[26.91,57.63],[26.97,57.62],[27,57.62],[27.02,57.61],[27.03,57.6],[27.04,57.6],[27.05,57.59],[27.07,57.57],[27.08,57.56],[27.09,57.56],[27.31,57.53],[27.37,57.54],[27.43,57.53],[27.45,57.53],[27.47,57.53],[27.55,57.54],[27.54,57.49],[27.53,57.45],[27.53,57.44],[27.54,57.43],[27.56,57.42],[27.58,57.42],[27.61,57.41],[27.69,57.38],[27.82,57.32],[27.85,57.31],[27.86,57.3],[27.87,57.29],[27.86,57.26],[27.85,57.19],[27.85,57.17],[27.77,57.06],[27.7,56.91],[27.73,56.87],[27.76,56.87],[27.79,56.88],[27.81,56.88],[27.82,56.88],[27.84,56.88],[27.86,56.87],[27.93,56.83],[27.94,56.82],[27.93,56.8],[27.93,56.79],[27.92,56.79],[27.94,56.72],[28.01,56.65],[28.11,56.52],[28.15,56.47],[28.18,56.41],[28.23,56.29],[28.24,56.28],[28.24,56.27],[28.24,56.26],[28.2,56.19],[28.2,56.18],[28.18,56.16],[28.17,56.15],[28.16,56.16],[28.15,56.16],[28.13,56.17],[28.12,56.17],[27.93,56.11],[27.92,56.1],[27.9,56.08],[27.89,56.07],[27.8,56],[27.71,55.96],[27.66,55.93],[27.65,55.92],[27.64,55.91],[27.63,55.86],[27.63,55.85],[27.63,55.84],[27.62,55.82],[27.6,55.79],[27.56,55.79],[27.53,55.79],[27.31,55.81],[27.21,55.83],[27.16,55.85],[27.15,55.85],[26.99,55.84],[26.98,55.83],[26.91,55.78],[26.9,55.77],[26.89,55.75],[26.89,55.74],[26.88,55.74],[26.88,55.73],[26.86,55.72],[26.85,55.71],[26.77,55.69],[26.75,55.69],[26.73,55.69],[26.69,55.7],[26.67,55.71],[26.66,55.71],[26.65,55.7],[26.63,55.7],[26.63,55.69],[26.62,55.68],[26.61,55.67],[26.59,55.67],[26.57,55.68],[26.53,55.68],[26.51,55.68],[26.5,55.69],[26.38,55.71],[26.36,55.72],[26.34,55.73],[26.31,55.74],[26.27,55.76],[26.27,55.77],[26.26,55.77],[26.26,55.78],[26.24,55.81],[26.24,55.82],[26.22,55.84],[26.21,55.85],[26.2,55.86],[26.19,55.87],[26.06,55.94],[26.01,55.95],[26,55.96],[25.94,55.98],[25.93,55.98],[25.89,56],[25.71,56.09],[25.7,56.1],[25.7,56.11],[25.7,56.12],[25.58,56.15],[25.43,56.17],[25.33,56.17],[25.26,56.18],[25.18,56.18],[25.16,56.18],[25.15,56.19],[25.13,56.19],[25.11,56.2],[25.1,56.2],[25.08,56.21],[25.07,56.22],[25,56.3],[24.99,56.3],[24.98,56.33],[24.97,56.35],[24.96,56.38],[24.94,56.41],[24.92,56.44],[24.92,56.45],[24.91,56.45],[24.9,56.45],[24.89,56.45],[24.88,56.45],[24.65,56.37],[24.6,56.33],[24.58,56.31],[24.56,56.29],[24.48,56.27],[24.47,56.27],[24.45,56.27],[24.43,56.27],[24.42,56.28],[24.4,56.28],[24.38,56.3],[24.36,56.3],[24.34,56.31],[24.33,56.31],[24.32,56.31],[24.27,56.29],[24.18,56.26],[24.16,56.26],[24.15,56.26],[24.14,56.26],[24.07,56.28],[24.07,56.29],[24.01,56.32],[23.99,56.32],[23.95,56.33],[23.87,56.34],[23.74,56.36],[23.73,56.36],[23.61,56.36],[23.6,56.36],[23.59,56.36],[23.58,56.35],[23.57,56.34],[23.56,56.34],[23.55,56.34],[23.52,56.33],[23.45,56.34],[23.44,56.34],[23.37,56.37],[23.36,56.37],[23.33,56.38],[23.32,56.38],[23.3,56.38],[23.18,56.37],[23.17,56.36],[23.17,56.35],[23.18,56.35],[23.15,56.32],[23.13,56.31],[23.11,56.31],[23.1,56.31],[23.07,56.31],[23.05,56.32],[23.04,56.33],[23.03,56.33],[23.02,56.35],[23.01,56.36],[23.01,56.37],[23,56.38],[22.99,56.39],[22.99,56.4],[22.96,56.42],[22.95,56.42],[22.94,56.42],[22.93,56.42],[22.92,56.42],[22.89,56.41],[22.86,56.4],[22.85,56.39],[22.84,56.38],[22.83,56.38],[22.69,56.36],[22.67,56.36],[22.66,56.36],[22.65,56.37],[22.64,56.38],[22.63,56.38],[22.62,56.39],[22.61,56.39],[22.59,56.4],[22.55,56.4],[22.52,56.4],[22.5,56.41],[22.48,56.41],[22.31,56.4],[22.15,56.42],[22.14,56.42],[22.07,56.42],[22.05,56.42],[22.04,56.41],[21.91,56.37],[21.74,56.32],[21.57,56.3],[21.45,56.25],[21.43,56.24],[21.42,56.24],[21.41,56.24],[21.39,56.24],[21.38,56.24],[21.36,56.24],[21.35,56.24],[21.26,56.18],[21.24,56.17],[21.24,56.16],[21.23,56.14],[21.23,56.12],[21.23,56.11],[21.22,56.1],[21.22,56.09],[21.21,56.09],[21.2,56.08],[21.15,56.09],[21.12,56.09],[21.11,56.09],[21.09,56.08],[21.06,56.08],[21.05,56.08],[21.05,56.11],[21.04,56.13],[21.03,56.16],[21.02,56.17],[21.01,56.18],[21,56.18],[20.99,56.19],[20.98,56.23],[20.97,56.25],[20.97,56.36],[21,56.51],[21.02,56.51],[21.03,56.51],[21.04,56.46],[21.07,56.44]]]}},{"type":"Feature","properties":{"FID":0,"FIPS":"BO","ISO2":"BY","ISO3":"BLR","UN":112,"NAME":"Belarus","AREA":20748,"POP2005":9795287,"REGION":150,"SUBREGION":151,"LON":28.047,"LAT":53.54},"geometry":{"type":"Polygon","coordinates":[[[26.61,55.67],[26.62,55.68],[26.63,55.69],[26.63,55.7],[26.65,55.7],[26.66,55.71],[26.67,55.71],[26.69,55.7],[26.73,55.69],[26.75,55.69],[26.77,55.69],[26.85,55.71],[26.86,55.72],[26.88,55.73],[26.88,55.74],[26.89,55.74],[26.89,55.75],[26.9,55.77],[26.91,55.78],[26.98,55.83],[26.99,55.84],[27.15,55.85],[27.16,55.85],[27.21,55.83],[27.31,55.81],[27.53,55.79],[27.56,55.79],[27.6,55.79],[27.62,55.82],[27.63,55.84],[27.63,55.85],[27.63,55.86],[27.64,55.91],[27.65,55.92],[27.66,55.93],[27.71,55.96],[27.8,56],[27.89,56.07],[27.9,56.08],[27.92,56.1],[27.93,56.11],[28.12,56.17],[28.13,56.17],[28.15,56.16],[28.16,56.16],[28.17,56.15],[28.18,56.13],[28.19,56.13],[28.31,56.05],[28.34,56.05],[28.35,56.05],[28.35,56.06],[28.36,56.06],[28.36,56.07],[28.37,56.08],[28.38,56.09],[28.39,56.1],[28.52,56.1],[28.54,56.1],[28.61,56.1],[28.63,56.1],[28.65,56.09],[28.7,56.04],[28.7,56.03],[28.71,56.03],[28.71,56.02],[28.71,56.01],[28.71,56],[28.71,55.99],[28.72,55.98],[28.73,55.96],[28.74,55.96],[28.75,55.95],[28.83,55.94],[28.85,55.94],[28.85,55.95],[28.84,55.96],[28.85,55.96],[28.85,55.97],[28.86,55.98],[28.87,55.98],[29.01,56.02],[29.02,56.03],[29.03,56.03],[29.06,56.03],[29.14,56.02],[29.17,56.02],[29.4,55.96],[29.41,55.96],[29.43,55.95],[29.45,55.93],[29.46,55.92],[29.46,55.91],[29.44,55.91],[29.42,55.9],[29.41,55.9],[29.4,55.89],[29.36,55.8],[29.36,55.79],[29.37,55.77],[29.38,55.76],[29.39,55.76],[29.39,55.75],[29.48,55.7],[29.49,55.69],[29.52,55.69],[29.53,55.69],[29.54,55.7],[29.66,55.77],[29.91,55.85],[29.93,55.85],[29.95,55.85],[29.97,55.86],[30.25,55.85],[30.47,55.81],[30.49,55.8],[30.6,55.73],[30.61,55.72],[30.61,55.7],[30.66,55.66],[30.75,55.6],[30.76,55.6],[30.77,55.59],[30.78,55.59],[30.8,55.6],[30.84,55.61],[30.85,55.62],[30.86,55.62],[30.88,55.62],[30.89,55.62],[30.91,55.61],[30.92,55.61],[30.93,55.6],[30.93,55.58],[30.94,55.5],[30.94,55.42],[30.94,55.4],[30.93,55.39],[30.92,55.38],[30.91,55.38],[30.89,55.38],[30.86,55.35],[30.83,55.33],[30.82,55.31],[30.81,55.3],[30.81,55.29],[30.82,55.29],[30.82,55.28],[30.91,55.2],[30.92,55.2],[30.94,55.19],[30.95,55.19],[30.98,55.15],[31.03,55.06],[31.03,55.05],[31.03,55.04],[31.02,55.03],[30.94,54.97],[30.94,54.96],[30.92,54.96],[30.9,54.95],[30.86,54.95],[30.84,54.92],[30.8,54.85],[30.79,54.84],[30.78,54.81],[30.78,54.8],[30.78,54.79],[30.79,54.79],[30.83,54.78],[30.84,54.78],[30.88,54.77],[30.92,54.75],[31,54.71],[31.01,54.71],[31.1,54.65],[31.14,54.58],[31.13,54.57],[31.11,54.55],[31.1,54.53],[31.09,54.52],[31.08,54.51],[31.08,54.5],[31.09,54.5],[31.09,54.49],[31.11,54.48],[31.13,54.48],[31.2,54.46],[31.22,54.46],[31.23,54.46],[31.31,54.35],[31.31,54.34],[31.31,54.32],[31.31,54.3],[31.33,54.25],[31.33,54.24],[31.52,54.15],[31.54,54.14],[31.68,54.11],[31.72,54.11],[31.73,54.11],[31.75,54.11],[31.76,54.1],[31.84,54.06],[31.85,54.06],[31.86,54.01],[31.86,53.97],[31.83,53.89],[31.81,53.86],[31.81,53.85],[31.79,53.85],[31.78,53.85],[31.77,53.83],[31.76,53.81],[31.76,53.8],[31.88,53.78],[31.9,53.78],[31.94,53.79],[31.97,53.8],[31.99,53.8],[32.12,53.82],[32.33,53.76],[32.45,53.73],[32.46,53.72],[32.48,53.71],[32.49,53.71],[32.51,53.69],[32.51,53.68],[32.5,53.67],[32.49,53.66],[32.44,53.65],[32.42,53.65],[32.41,53.65],[32.41,53.64],[32.42,53.61],[32.43,53.6],[32.44,53.58],[32.44,53.57],[32.45,53.56],[32.47,53.55],[32.48,53.55],[32.62,53.5],[32.63,53.5],[32.64,53.5],[32.65,53.5],[32.66,53.5],[32.67,53.5],[32.74,53.47],[32.74,53.46],[32.74,53.45],[32.74,53.44],[32.72,53.36],[32.61,53.31],[32.45,53.22],[32.44,53.21],[32.43,53.2],[32.41,53.19],[32.3,53.13],[32.22,53.11],[32.15,53.09],[32.14,53.09],[32.12,53.09],[32.11,53.09],[31.96,53.09],[31.92,53.1],[31.8,53.12],[31.8,53.13],[31.8,53.15],[31.79,53.16],[31.79,53.18],[31.78,53.19],[31.77,53.2],[31.63,53.22],[31.62,53.22],[31.44,53.21],[31.43,53.21],[31.42,53.21],[31.41,53.2],[31.39,53.18],[31.39,53.16],[31.38,53.15],[31.38,53.12],[31.39,53.11],[31.39,53.1],[31.32,53.05],[31.27,53.02],[31.39,52.91],[31.41,52.89],[31.44,52.88],[31.48,52.86],[31.49,52.86],[31.51,52.86],[31.54,52.86],[31.54,52.85],[31.58,52.81],[31.58,52.8],[31.59,52.79],[31.59,52.78],[31.6,52.74],[31.59,52.74],[31.59,52.73],[31.57,52.71],[31.56,52.7],[31.55,52.7],[31.54,52.7],[31.52,52.7],[31.51,52.7],[31.5,52.69],[31.51,52.68],[31.58,52.59],[31.59,52.59],[31.61,52.49],[31.63,52.37],[31.63,52.36],[31.61,52.34],[31.61,52.33],[31.6,52.33],[31.59,52.32],[31.6,52.31],[31.7,52.22],[31.76,52.18],[31.77,52.17],[31.78,52.17],[31.79,52.16],[31.79,52.15],[31.79,52.12],[31.78,52.11],[31.73,52.11],[31.62,52.11],[31.52,52.12],[31.5,52.12],[31.42,52.12],[31.38,52.12],[31.36,52.12],[31.35,52.12],[31.34,52.11],[31.32,52.1],[31.3,52.09],[31.29,52.08],[31.13,52.09],[31.11,52.09],[30.97,52.08],[30.96,52.08],[30.94,52.07],[30.94,52.06],[30.93,52.06],[30.93,52.03],[30.96,52],[30.9,51.98],[30.82,51.95],[30.75,51.9],[30.66,51.83],[30.66,51.82],[30.66,51.81],[30.67,51.8],[30.67,51.79],[30.63,51.71],[30.62,51.7],[30.57,51.64],[30.55,51.54],[30.59,51.49],[30.64,51.37],[30.64,51.33],[30.62,51.33],[30.61,51.32],[30.57,51.3],[30.55,51.25],[30.46,51.3],[30.35,51.36],[30.35,51.39],[30.35,51.4],[30.35,51.41],[30.34,51.41],[30.21,51.48],[30.2,51.49],[30.18,51.49],[30.16,51.49],[30.14,51.49],[30.04,51.49],[30.01,51.49],[29.98,51.49],[29.91,51.47],[29.88,51.46],[29.83,51.44],[29.77,51.44],[29.76,51.44],[29.75,51.45],[29.74,51.45],[29.73,51.46],[29.73,51.47],[29.73,51.48],[29.72,51.49],[29.71,51.5],[29.68,51.5],[29.67,51.5],[29.63,51.49],[29.62,51.49],[29.41,51.4],[29.35,51.38],[29.34,51.37],[29.32,51.38],[29.31,51.38],[29.31,51.39],[29.3,51.4],[29.25,51.5],[29.25,51.51],[29.24,51.54],[29.18,51.62],[29.17,51.63],[29.16,51.63],[29.12,51.64],[29.09,51.64],[29.08,51.64],[29.07,51.64],[29.05,51.63],[28.84,51.55],[28.83,51.55],[28.81,51.53],[28.79,51.52],[28.77,51.49],[28.77,51.48],[28.76,51.48],[28.76,51.47],[28.77,51.45],[28.77,51.42],[28.76,51.41],[28.75,51.41],[28.74,51.41],[28.67,51.44],[28.66,51.45],[28.65,51.46],[28.65,51.47],[28.64,51.51],[28.63,51.53],[28.63,51.54],[28.63,51.55],[28.63,51.56],[28.63,51.57],[28.62,51.57],[28.49,51.58],[28.48,51.58],[28.46,51.58],[28.43,51.57],[28.32,51.59],[28.27,51.66],[28.26,51.66],[28.24,51.66],[28.22,51.66],[28.21,51.66],[28.19,51.64],[28.18,51.64],[28.17,51.63],[28.16,51.61],[28.14,51.59],[28.14,51.58],[28.11,51.57],[28.1,51.57],[28.09,51.56],[28.07,51.56],[28.01,51.56],[27.99,51.56],[27.98,51.57],[27.95,51.58],[27.93,51.59],[27.92,51.59],[27.91,51.6],[27.9,51.61],[27.89,51.62],[27.87,51.62],[27.86,51.62],[27.85,51.62],[27.84,51.61],[27.82,51.6],[27.81,51.59],[27.81,51.58],[27.81,51.57],[27.82,51.56],[27.82,51.54],[27.82,51.53],[27.81,51.52],[27.75,51.47],[27.74,51.47],[27.68,51.49],[27.71,51.55],[27.73,51.56],[27.73,51.57],[27.73,51.58],[27.73,51.59],[27.72,51.59],[27.71,51.6],[27.69,51.6],[27.6,51.62],[27.51,51.63],[27.46,51.6],[27.45,51.6],[27.42,51.6],[27.29,51.6],[27.28,51.6],[27.27,51.6],[27.2,51.67],[27.2,51.69],[27.2,51.71],[27.21,51.72],[27.21,51.74],[27.21,51.75],[27.2,51.76],[27.18,51.76],[27.16,51.77],[27.08,51.77],[27.03,51.77],[27.02,51.77],[27,51.77],[26.97,51.75],[26.95,51.75],[26.93,51.75],[26.92,51.75],[26.89,51.76],[26.82,51.77],[26.77,51.79],[26.72,51.8],[26.67,51.81],[26.65,51.82],[26.64,51.82],[26.61,51.82],[26.57,51.82],[26.53,51.81],[26.5,51.81],[26.46,51.81],[26.45,51.81],[26.44,51.82],[26.44,51.83],[26.44,51.85],[26.44,51.86],[26.42,51.86],[26.36,51.86],[26.34,51.86],[26.3,51.85],[26.29,51.85],[26.21,51.86],[26.18,51.86],[26.17,51.86],[26.15,51.88],[26.14,51.88],[26.03,51.91],[25.82,51.94],[25.78,51.94],[25.77,51.94],[25.74,51.93],[25.73,51.93],[25.7,51.92],[25.68,51.92],[25.6,51.92],[25.56,51.92],[25.55,51.92],[25.44,51.92],[25.36,51.93],[25.34,51.93],[25.31,51.94],[25.28,51.95],[25.26,51.96],[25.24,51.96],[25.18,51.96],[25.17,51.96],[25.09,51.94],[25.05,51.93],[24.99,51.91],[24.9,51.9],[24.89,51.9],[24.74,51.89],[24.7,51.89],[24.41,51.89],[24.4,51.89],[24.39,51.89],[24.38,51.88],[24.32,51.83],[24.31,51.82],[24.31,51.81],[24.3,51.79],[24.3,51.77],[24.3,51.76],[24.29,51.75],[24.29,51.74],[24.28,51.74],[24.07,51.63],[24.04,51.61],[24.01,51.6],[23.99,51.59],[23.97,51.59],[23.95,51.59],[23.94,51.59],[23.94,51.6],[23.93,51.61],[23.93,51.62],[23.92,51.62],[23.91,51.63],[23.9,51.63],[23.9,51.64],[23.77,51.65],[23.75,51.65],[23.74,51.65],[23.67,51.64],[23.65,51.64],[23.64,51.63],[23.62,51.62],[23.61,51.62],[23.61,51.61],[23.61,51.6],[23.62,51.59],[23.63,51.57],[23.65,51.54],[23.65,51.53],[23.65,51.52],[23.64,51.52],[23.61,51.53],[23.58,51.53],[23.57,51.53],[23.56,51.54],[23.56,51.55],[23.54,51.59],[23.54,51.65],[23.55,51.66],[23.56,51.66],[23.56,51.67],[23.55,51.69],[23.56,51.75],[23.61,51.91],[23.61,51.92],[23.63,51.95],[23.66,52.01],[23.64,52.08],[23.59,52.11],[23.36,52.2],[23.35,52.21],[23.34,52.21],[23.3,52.21],[23.22,52.22],[23.21,52.23],[23.19,52.23],[23.16,52.28],[23.24,52.37],[23.25,52.38],[23.38,52.5],[23.4,52.51],[23.42,52.52],[23.5,52.57],[23.52,52.57],[23.6,52.6],[23.63,52.61],[23.66,52.61],[23.69,52.62],[23.71,52.62],[23.72,52.62],[23.74,52.61],[23.75,52.62],[23.88,52.68],[23.91,52.69],[23.92,52.7],[23.93,52.71],[23.94,52.72],[23.94,52.73],[23.94,52.75],[23.94,52.77],[23.93,52.86],[23.93,52.95],[23.93,53.01],[23.86,53.2],[23.79,53.31],[23.7,53.45],[23.68,53.48],[23.68,53.49],[23.67,53.5],[23.64,53.56],[23.62,53.6],[23.61,53.62],[23.61,53.64],[23.59,53.68],[23.59,53.69],[23.58,53.73],[23.54,53.84],[23.51,53.89],[23.51,53.91],[23.5,53.92],[23.5,53.94],[23.5,53.95],[23.52,53.95],[23.54,53.94],[23.57,53.94],[23.59,53.93],[23.6,53.93],[23.71,53.92],[23.78,53.94],[23.9,53.94],[23.99,53.94],[24.02,53.94],[24.07,53.94],[24.09,53.94],[24.1,53.94],[24.11,53.94],[24.12,53.95],[24.14,53.96],[24.16,53.97],[24.18,53.97],[24.2,53.97],[24.21,53.96],[24.22,53.96],[24.24,53.95],[24.25,53.94],[24.25,53.93],[24.26,53.92],[24.26,53.91],[24.27,53.9],[24.28,53.9],[24.38,53.89],[24.39,53.89],[24.41,53.9],[24.46,53.92],[24.47,53.92],[24.51,53.95],[24.52,53.95],[24.61,53.99],[24.68,54],[24.69,54],[24.7,54],[24.7,53.99],[24.71,53.98],[24.71,53.97],[24.72,53.97],[24.73,53.97],[24.82,53.98],[24.83,53.99],[24.84,54],[24.84,54.02],[24.84,54.03],[24.84,54.04],[24.83,54.05],[24.83,54.06],[24.82,54.06],[24.81,54.08],[24.8,54.09],[24.8,54.1],[24.8,54.11],[24.84,54.14],[24.85,54.15],[24.86,54.15],[24.95,54.16],[24.97,54.16],[24.98,54.16],[24.99,54.16],[25,54.15],[25.01,54.14],[25.02,54.13],[25.03,54.13],[25.04,54.13],[25.07,54.13],[25.08,54.14],[25.1,54.14],[25.16,54.17],[25.18,54.19],[25.2,54.21],[25.21,54.22],[25.35,54.25],[25.37,54.25],[25.39,54.26],[25.41,54.26],[25.42,54.27],[25.44,54.29],[25.45,54.3],[25.47,54.3],[25.47,54.31],[25.48,54.31],[25.5,54.3],[25.57,54.25],[25.57,54.24],[25.58,54.24],[25.55,54.2],[25.54,54.2],[25.51,54.19],[25.5,54.18],[25.53,54.15],[25.54,54.15],[25.55,54.14],[25.66,54.14],[25.67,54.14],[25.68,54.14],[25.77,54.15],[25.77,54.16],[25.79,54.16],[25.79,54.17],[25.81,54.24],[25.81,54.25],[25.8,54.25],[25.72,54.33],[25.71,54.33],[25.7,54.34],[25.7,54.33],[25.69,54.33],[25.68,54.32],[25.66,54.32],[25.64,54.31],[25.61,54.31],[25.58,54.31],[25.57,54.31],[25.56,54.32],[25.55,54.32],[25.55,54.33],[25.55,54.35],[25.55,54.36],[25.56,54.37],[25.65,54.52],[25.66,54.53],[25.67,54.53],[25.72,54.55],[25.73,54.55],[25.75,54.56],[25.76,54.57],[25.76,54.58],[25.77,54.59],[25.76,54.6],[25.76,54.61],[25.76,54.62],[25.75,54.63],[25.73,54.65],[25.73,54.66],[25.73,54.67],[25.73,54.68],[25.74,54.78],[25.74,54.79],[25.79,54.87],[25.8,54.88],[25.87,54.94],[25.88,54.94],[25.91,54.95],[25.93,54.96],[25.94,54.95],[26.08,54.96],[26.16,54.98],[26.21,55.02],[26.22,55.03],[26.25,55.07],[26.25,55.08],[26.25,55.09],[26.25,55.11],[26.25,55.12],[26.26,55.13],[26.28,55.14],[26.28,55.15],[26.48,55.16],[26.5,55.15],[26.52,55.15],[26.64,55.19],[26.77,55.25],[26.79,55.26],[26.8,55.26],[26.81,55.27],[26.82,55.28],[26.81,55.29],[26.8,55.3],[26.78,55.31],[26.77,55.31],[26.65,55.33],[26.63,55.33],[26.62,55.33],[26.57,55.31],[26.55,55.31],[26.53,55.32],[26.51,55.32],[26.47,55.33],[26.46,55.34],[26.46,55.35],[26.53,55.45],[26.63,55.59],[26.63,55.6],[26.63,55.61],[26.62,55.64],[26.62,55.66],[26.61,55.67]]]}},{"type":"Feature","properties":{"FID":0,"FIPS":"LH","ISO2":"LT","ISO3":"LTU","UN":440,"NAME":"Lithuania","AREA":6268,"POP2005":3425077,"REGION":150,"SUBREGION":154,"LON":23.897,"LAT":55.336},"geometry":{"type":"MultiPolygon","coordinates":[[[[21.04,55.33],[20.98,55.28],[20.94,55.29],[20.98,55.33],[21,55.35],[21.04,55.4],[21.05,55.41],[21.05,55.42],[21.06,55.45],[21.08,55.5],[21.09,55.52],[21.09,55.53],[21.09,55.55],[21.1,55.59],[21.1,55.66],[21.09,55.68],[21.09,55.7],[21.09,55.72],[21.1,55.72],[21.11,55.7],[21.12,55.69],[21.13,55.68],[21.14,55.63],[21.13,55.58],[21.1,55.42],[21.05,55.33],[21.04,55.33]]],[[[25,56.3],[25.07,56.22],[25.08,56.21],[25.1,56.2],[25.11,56.2],[25.13,56.19],[25.15,56.19],[25.16,56.18],[25.18,56.18],[25.26,56.18],[25.33,56.17],[25.43,56.17],[25.58,56.15],[25.7,56.12],[25.7,56.11],[25.7,56.1],[25.71,56.09],[25.89,56],[25.93,55.98],[25.94,55.98],[26,55.96],[26.01,55.95],[26.06,55.94],[26.19,55.87],[26.2,55.86],[26.21,55.85],[26.22,55.84],[26.24,55.82],[26.24,55.81],[26.26,55.78],[26.26,55.77],[26.27,55.77],[26.27,55.76],[26.31,55.74],[26.34,55.73],[26.36,55.72],[26.38,55.71],[26.5,55.69],[26.51,55.68],[26.53,55.68],[26.57,55.68],[26.59,55.67],[26.61,55.67],[26.62,55.66],[26.62,55.64],[26.63,55.61],[26.63,55.6],[26.63,55.59],[26.53,55.45],[26.46,55.35],[26.46,55.34],[26.47,55.33],[26.51,55.32],[26.53,55.32],[26.55,55.31],[26.57,55.31],[26.62,55.33],[26.63,55.33],[26.65,55.33],[26.77,55.31],[26.78,55.31],[26.8,55.3],[26.81,55.29],[26.82,55.28],[26.81,55.27],[26.8,55.26],[26.79,55.26],[26.77,55.25],[26.64,55.19],[26.52,55.15],[26.5,55.15],[26.48,55.16],[26.28,55.15],[26.28,55.14],[26.26,55.13],[26.25,55.12],[26.25,55.11],[26.25,55.09],[26.25,55.08],[26.25,55.07],[26.22,55.03],[26.21,55.02],[26.16,54.98],[26.08,54.96],[25.94,54.95],[25.93,54.96],[25.91,54.95],[25.88,54.94],[25.87,54.94],[25.8,54.88],[25.79,54.87],[25.74,54.79],[25.74,54.78],[25.73,54.68],[25.73,54.67],[25.73,54.66],[25.73,54.65],[25.75,54.63],[25.76,54.62],[25.76,54.61],[25.76,54.6],[25.77,54.59],[25.76,54.58],[25.76,54.57],[25.75,54.56],[25.73,54.55],[25.72,54.55],[25.67,54.53],[25.66,54.53],[25.65,54.52],[25.56,54.37],[25.55,54.36],[25.55,54.35],[25.55,54.33],[25.55,54.32],[25.56,54.32],[25.57,54.31],[25.58,54.31],[25.61,54.31],[25.64,54.31],[25.66,54.32],[25.68,54.32],[25.69,54.33],[25.7,54.33],[25.7,54.34],[25.71,54.33],[25.72,54.33],[25.8,54.25],[25.81,54.25],[25.81,54.24],[25.79,54.17],[25.79,54.16],[25.77,54.16],[25.77,54.15],[25.68,54.14],[25.67,54.14],[25.66,54.14],[25.55,54.14],[25.54,54.15],[25.53,54.15],[25.5,54.18],[25.51,54.19],[25.54,54.2],[25.55,54.2],[25.58,54.24],[25.57,54.24],[25.57,54.25],[25.5,54.3],[25.48,54.31],[25.47,54.31],[25.47,54.3],[25.45,54.3],[25.44,54.29],[25.42,54.27],[25.41,54.26],[25.39,54.26],[25.37,54.25],[25.35,54.25],[25.21,54.22],[25.2,54.21],[25.18,54.19],[25.16,54.17],[25.1,54.14],[25.08,54.14],[25.07,54.13],[25.04,54.13],[25.03,54.13],[25.02,54.13],[25.01,54.14],[25,54.15],[24.99,54.16],[24.98,54.16],[24.97,54.16],[24.95,54.16],[24.86,54.15],[24.85,54.15],[24.84,54.14],[24.8,54.11],[24.8,54.1],[24.8,54.09],[24.81,54.08],[24.82,54.06],[24.83,54.06],[24.83,54.05],[24.84,54.04],[24.84,54.03],[24.84,54.02],[24.84,54],[24.83,53.99],[24.82,53.98],[24.73,53.97],[24.72,53.97],[24.71,53.97],[24.71,53.98],[24.7,53.99],[24.7,54],[24.69,54],[24.68,54],[24.61,53.99],[24.52,53.95],[24.51,53.95],[24.47,53.92],[24.46,53.92],[24.41,53.9],[24.39,53.89],[24.38,53.89],[24.28,53.9],[24.27,53.9],[24.26,53.91],[24.26,53.92],[24.25,53.93],[24.25,53.94],[24.24,53.95],[24.22,53.96],[24.21,53.96],[24.2,53.97],[24.18,53.97],[24.16,53.97],[24.14,53.96],[24.12,53.95],[24.11,53.94],[24.1,53.94],[24.09,53.94],[24.07,53.94],[24.02,53.94],[23.99,53.94],[23.9,53.94],[23.78,53.94],[23.71,53.92],[23.6,53.93],[23.59,53.93],[23.57,53.94],[23.54,53.94],[23.52,53.95],[23.5,53.95],[23.51,53.96],[23.52,54.03],[23.52,54.05],[23.49,54.12],[23.48,54.14],[23.46,54.17],[23.46,54.18],[23.36,54.23],[23.35,54.24],[23.33,54.25],[23.2,54.29],[23.12,54.3],[23,54.38],[22.99,54.39],[22.87,54.41],[22.86,54.41],[22.84,54.41],[22.83,54.4],[22.81,54.4],[22.81,54.39],[22.79,54.36],[22.78,54.38],[22.74,54.42],[22.73,54.43],[22.71,54.44],[22.71,54.45],[22.7,54.46],[22.69,54.47],[22.69,54.49],[22.69,54.52],[22.7,54.54],[22.72,54.69],[22.72,54.7],[22.75,54.72],[22.81,54.77],[22.82,54.77],[22.83,54.77],[22.84,54.78],[22.85,54.78],[22.86,54.8],[22.87,54.81],[22.87,54.82],[22.86,54.84],[22.85,54.88],[22.85,54.89],[22.84,54.9],[22.73,54.96],[22.72,54.96],[22.7,54.96],[22.68,54.96],[22.66,54.96],[22.65,54.96],[22.64,54.96],[22.64,54.97],[22.6,55.04],[22.6,55.05],[22.51,55.06],[22.28,55.07],[22.26,55.07],[22.2,55.06],[22.18,55.06],[22.15,55.05],[22.14,55.05],[22.13,55.05],[22.12,55.04],[22.11,55.03],[22.1,55.03],[22.08,55.03],[22.06,55.03],[22.05,55.03],[21.73,55.13],[21.72,55.14],[21.72,55.15],[21.65,55.18],[21.64,55.19],[21.56,55.2],[21.43,55.25],[21.39,55.28],[21.38,55.29],[21.37,55.29],[21.36,55.29],[21.33,55.27],[21.3,55.26],[21.28,55.25],[21.27,55.25],[21.26,55.25],[21.27,55.26],[21.27,55.28],[21.29,55.28],[21.29,55.29],[21.28,55.32],[21.25,55.34],[21.26,55.37],[21.24,55.37],[21.23,55.36],[21.2,55.34],[21.18,55.34],[21.19,55.35],[21.24,55.42],[21.25,55.44],[21.25,55.46],[21.24,55.47],[21.2,55.58],[21.14,55.68],[21.12,55.71],[21.11,55.72],[21.1,55.72],[21.08,55.73],[21.07,55.74],[21.06,55.78],[21.05,55.88],[21.04,55.9],[21.04,55.92],[21.05,55.93],[21.06,55.95],[21.06,55.96],[21.07,55.98],[21.07,55.99],[21.06,56.05],[21.06,56.06],[21.05,56.08],[21.06,56.08],[21.09,56.08],[21.11,56.09],[21.12,56.09],[21.15,56.09],[21.2,56.08],[21.21,56.09],[21.22,56.09],[21.22,56.1],[21.23,56.11],[21.23,56.12],[21.23,56.14],[21.24,56.16],[21.24,56.17],[21.26,56.18],[21.35,56.24],[21.36,56.24],[21.38,56.24],[21.39,56.24],[21.41,56.24],[21.42,56.24],[21.43,56.24],[21.45,56.25],[21.57,56.3],[21.74,56.32],[21.91,56.37],[22.04,56.41],[22.05,56.42],[22.07,56.42],[22.14,56.42],[22.15,56.42],[22.31,56.4],[22.48,56.41],[22.5,56.41],[22.52,56.4],[22.55,56.4],[22.59,56.4],[22.61,56.39],[22.62,56.39],[22.63,56.38],[22.64,56.38],[22.65,56.37],[22.66,56.36],[22.67,56.36],[22.69,56.36],[22.83,56.38],[22.84,56.38],[22.85,56.39],[22.86,56.4],[22.89,56.41],[22.92,56.42],[22.93,56.42],[22.94,56.42],[22.95,56.42],[22.96,56.42],[22.99,56.4],[22.99,56.39],[23,56.38],[23.01,56.37],[23.01,56.36],[23.02,56.35],[23.03,56.33],[23.04,56.33],[23.05,56.32],[23.07,56.31],[23.1,56.31],[23.11,56.31],[23.13,56.31],[23.15,56.32],[23.18,56.35],[23.17,56.35],[23.17,56.36],[23.18,56.37],[23.3,56.38],[23.32,56.38],[23.33,56.38],[23.36,56.37],[23.37,56.37],[23.44,56.34],[23.45,56.34],[23.52,56.33],[23.55,56.34],[23.56,56.34],[23.57,56.34],[23.58,56.35],[23.59,56.36],[23.6,56.36],[23.61,56.36],[23.73,56.36],[23.74,56.36],[23.87,56.34],[23.95,56.33],[23.99,56.32],[24.01,56.32],[24.07,56.29],[24.07,56.28],[24.14,56.26],[24.15,56.26],[24.16,56.26],[24.18,56.26],[24.27,56.29],[24.32,56.31],[24.33,56.31],[24.34,56.31],[24.36,56.3],[24.38,56.3],[24.4,56.28],[24.42,56.28],[24.43,56.27],[24.45,56.27],[24.47,56.27],[24.48,56.27],[24.56,56.29],[24.58,56.31],[24.6,56.33],[24.65,56.37],[24.88,56.45],[24.89,56.45],[24.9,56.45],[24.91,56.45],[24.92,56.45],[24.92,56.44],[24.94,56.41],[24.96,56.38],[24.97,56.35],[24.98,56.33],[24.99,56.3],[25,56.3]]]]}},{"type":"Feature","properties":{"FID":0,"FIPS":"LO","ISO2":"SK","ISO3":"SVK","UN":703,"NAME":"Slovakia","AREA":4808,"POP2005":5386995,"REGION":150,"SUBREGION":151,"LON":19.491,"LAT":48.707},"geometry":{"type":"Polygon","coordinates":[[[17.25,48.02],[17.24,48.03],[17.19,48.02],[17.18,48.02],[17.17,48.01],[17.12,48.04],[17.08,48.09],[17.07,48.13],[17.04,48.14],[17.03,48.15],[17.02,48.15],[17,48.17],[16.98,48.19],[16.95,48.24],[16.95,48.26],[16.95,48.28],[16.93,48.28],[16.92,48.28],[16.85,48.36],[16.84,48.36],[16.84,48.37],[16.84,48.38],[16.86,48.45],[16.86,48.47],[16.87,48.47],[16.91,48.51],[16.93,48.53],[16.94,48.57],[16.95,48.62],[16.99,48.68],[17.02,48.74],[17.04,48.77],[17.11,48.83],[17.19,48.87],[17.23,48.87],[17.24,48.87],[17.25,48.87],[17.33,48.85],[17.38,48.83],[17.39,48.82],[17.4,48.82],[17.42,48.83],[17.5,48.84],[17.65,48.85],[17.66,48.85],[17.68,48.85],[17.71,48.86],[17.76,48.88],[17.84,48.93],[17.91,48.98],[18.07,49.04],[18.12,49.08],[18.15,49.12],[18.15,49.13],[18.14,49.15],[18.16,49.16],[18.16,49.17],[18.17,49.21],[18.18,49.24],[18.18,49.25],[18.21,49.28],[18.21,49.29],[18.22,49.29],[18.27,49.3],[18.28,49.3],[18.31,49.3],[18.32,49.31],[18.38,49.33],[18.39,49.34],[18.54,49.45],[18.55,49.46],[18.55,49.48],[18.55,49.49],[18.56,49.49],[18.57,49.5],[18.58,49.5],[18.66,49.5],[18.79,49.51],[18.85,49.52],[18.97,49.48],[18.97,49.46],[18.97,49.41],[18.97,49.4],[18.98,49.4],[18.99,49.39],[19.03,49.39],[19.16,49.4],[19.18,49.41],[19.2,49.42],[19.2,49.43],[19.2,49.45],[19.24,49.5],[19.24,49.51],[19.27,49.52],[19.27,49.53],[19.28,49.53],[19.45,49.6],[19.48,49.6],[19.52,49.57],[19.54,49.54],[19.57,49.46],[19.58,49.46],[19.66,49.41],[19.71,49.4],[19.77,49.41],[19.78,49.41],[19.79,49.41],[19.79,49.4],[19.8,49.37],[19.83,49.28],[19.83,49.27],[19.82,49.27],[19.8,49.25],[19.77,49.23],[19.77,49.22],[19.77,49.21],[19.78,49.2],[19.79,49.2],[19.84,49.19],[19.85,49.19],[19.87,49.2],[19.91,49.22],[19.91,49.23],[19.92,49.23],[19.94,49.23],[19.98,49.23],[20,49.22],[20,49.21],[20.02,49.2],[20.04,49.19],[20.06,49.18],[20.07,49.17],[20.08,49.17],[20.09,49.18],[20.09,49.2],[20.09,49.21],[20.1,49.25],[20.14,49.31],[20.21,49.34],[20.33,49.38],[20.36,49.39],[20.6,49.4],[20.74,49.39],[20.81,49.33],[20.91,49.3],[20.92,49.3],[20.96,49.3],[20.98,49.31],[21.04,49.36],[21.05,49.41],[21.07,49.42],[21.08,49.42],[21.28,49.46],[21.29,49.46],[21.4,49.43],[21.44,49.41],[21.46,49.41],[21.47,49.41],[21.5,49.42],[21.53,49.43],[21.61,49.44],[21.62,49.44],[21.84,49.38],[21.96,49.34],[22.02,49.28],[22.02,49.27],[22.02,49.25],[22.02,49.23],[22.03,49.22],[22.04,49.21],[22.05,49.21],[22.23,49.16],[22.32,49.14],[22.34,49.14],[22.36,49.14],[22.53,49.09],[22.54,49.09],[22.56,49.08],[22.55,49.04],[22.54,49],[22.53,48.99],[22.46,48.95],[22.43,48.89],[22.39,48.8],[22.39,48.79],[22.33,48.69],[22.32,48.68],[22.23,48.63],[22.17,48.59],[22.16,48.58],[22.16,48.57],[22.15,48.41],[22.11,48.38],[22.1,48.38],[22.09,48.38],[22.07,48.38],[22.06,48.39],[22.03,48.39],[21.96,48.38],[21.94,48.38],[21.86,48.37],[21.85,48.36],[21.84,48.36],[21.84,48.35],[21.83,48.34],[21.82,48.34],[21.78,48.34],[21.73,48.35],[21.72,48.36],[21.71,48.36],[21.63,48.45],[21.62,48.47],[21.62,48.48],[21.62,48.49],[21.62,48.5],[21.61,48.5],[21.51,48.55],[21.45,48.57],[21.44,48.58],[21.43,48.58],[21.31,48.55],[21.25,48.52],[21.15,48.51],[21.08,48.51],[20.95,48.52],[20.94,48.53],[20.87,48.55],[20.85,48.56],[20.84,48.57],[20.83,48.58],[20.82,48.58],[20.81,48.58],[20.71,48.57],[20.66,48.56],[20.64,48.56],[20.54,48.54],[20.5,48.5],[20.5,48.48],[20.46,48.45],[20.44,48.44],[20.44,48.43],[20.42,48.41],[20.41,48.39],[20.41,48.37],[20.4,48.36],[20.37,48.31],[20.36,48.3],[20.34,48.29],[20.32,48.27],[20.3,48.26],[20.29,48.26],[20.29,48.25],[20.28,48.25],[20.28,48.26],[20.24,48.27],[20.14,48.23],[20.09,48.2],[20.06,48.18],[20.02,48.17],[20,48.17],[19.97,48.16],[19.96,48.15],[19.94,48.14],[19.94,48.13],[19.92,48.13],[19.91,48.13],[19.9,48.13],[19.79,48.18],[19.79,48.19],[19.79,48.2],[19.78,48.2],[19.75,48.21],[19.66,48.23],[19.64,48.23],[19.63,48.23],[19.54,48.21],[19.53,48.21],[19.52,48.21],[19.51,48.17],[19.5,48.15],[19.5,48.14],[19.49,48.13],[19.48,48.1],[19.48,48.09],[19.47,48.09],[19.46,48.09],[19.21,48.06],[19.14,48.06],[19.04,48.07],[19,48.07],[18.99,48.07],[18.97,48.06],[18.91,48.06],[18.85,48.05],[18.84,48.05],[18.83,48.04],[18.77,47.97],[18.76,47.93],[18.76,47.92],[18.76,47.91],[18.76,47.9],[18.77,47.88],[18.77,47.87],[18.79,47.87],[18.82,47.86],[18.85,47.83],[18.86,47.83],[18.85,47.82],[18.79,47.82],[18.77,47.82],[18.75,47.81],[18.74,47.81],[18.73,47.8],[18.73,47.79],[18.72,47.79],[18.69,47.77],[18.68,47.76],[18.67,47.76],[18.66,47.76],[18.64,47.76],[18.6,47.76],[18.54,47.77],[18.45,47.77],[18.41,47.75],[18.38,47.75],[18.34,47.74],[18.31,47.74],[18.3,47.74],[18.2,47.75],[18.13,47.76],[18.12,47.76],[18.09,47.76],[17.98,47.76],[17.92,47.75],[17.9,47.75],[17.79,47.75],[17.78,47.75],[17.71,47.77],[17.49,47.88],[17.47,47.89],[17.46,47.9],[17.45,47.91],[17.44,47.92],[17.41,47.95],[17.36,47.99],[17.34,48],[17.31,48],[17.27,48],[17.26,48.01],[17.25,48.02]]]}},{"type":"Feature","properties":{"FID":0,"FIPS":"LS","ISO2":"LI","ISO3":"LIE","UN":438,"NAME":"Liechtenstein","AREA":16,"POP2005":34598,"REGION":150,"SUBREGION":155,"LON":9.555,"LAT":47.153},"geometry":{"type":"Polygon","coordinates":[[[9.53,47.27],[9.57,47.24],[9.62,47.15],[9.63,47.13],[9.64,47.1],[9.63,47.09],[9.61,47.07],[9.6,47.07],[9.6,47.06],[9.54,47.07],[9.51,47.06],[9.48,47.06],[9.47,47.06],[9.51,47.09],[9.51,47.1],[9.51,47.11],[9.51,47.12],[9.51,47.14],[9.5,47.15],[9.49,47.17],[9.48,47.18],[9.48,47.19],[9.49,47.2],[9.49,47.22],[9.5,47.23],[9.53,47.27]]]}},{"type":"Feature","properties":{"FID":0,"FIPS":"MK","ISO2":"MK","ISO3":"MKD","UN":807,"NAME":"The former Yugoslav Republic of Macedonia","AREA":2543,"POP2005":2033655,"REGION":150,"SUBREGION":39,"LON":21.698,"LAT":41.6},"geometry":{"type":"Polygon","coordinates":[[[20.82,40.91],[20.81,40.9],[20.8,40.9],[20.76,40.9],[20.75,40.91],[20.74,40.91],[20.73,40.91],[20.67,41.09],[20.66,41.09],[20.6,41.09],[20.58,41.16],[20.52,41.25],[20.5,41.3],[20.5,41.32],[20.49,41.33],[20.5,41.34],[20.5,41.35],[20.52,41.35],[20.55,41.37],[20.56,41.4],[20.56,41.41],[20.51,41.46],[20.47,41.5],[20.46,41.52],[20.46,41.53],[20.47,41.56],[20.53,41.63],[20.51,41.73],[20.52,41.74],[20.52,41.75],[20.53,41.78],[20.57,41.88],[20.59,41.88],[20.61,41.87],[20.61,41.86],[20.62,41.86],[20.63,41.86],[20.7,41.86],[20.71,41.86],[20.73,41.86],[20.74,41.87],[20.77,41.92],[20.78,41.93],[20.78,41.94],[20.78,41.95],[20.76,41.97],[20.76,41.98],[20.76,41.99],[20.77,42.04],[20.77,42.05],[20.79,42.08],[20.8,42.09],[20.81,42.09],[20.91,42.12],[21.11,42.2],[21.12,42.2],[21.13,42.2],[21.14,42.2],[21.21,42.15],[21.22,42.15],[21.3,42.15],[21.31,42.15],[21.34,42.19],[21.35,42.2],[21.46,42.26],[21.47,42.27],[21.48,42.27],[21.62,42.25],[21.68,42.24],[21.7,42.23],[21.71,42.23],[21.72,42.23],[21.74,42.24],[21.78,42.26],[21.79,42.26],[21.79,42.27],[21.79,42.28],[21.8,42.29],[21.81,42.3],[21.84,42.33],[21.85,42.33],[21.86,42.33],[22.02,42.32],[22.06,42.3],[22.07,42.3],[22.08,42.3],[22.18,42.31],[22.2,42.31],[22.2,42.32],[22.21,42.32],[22.21,42.33],[22.22,42.34],[22.31,42.36],[22.32,42.36],[22.33,42.36],[22.34,42.36],[22.36,42.32],[22.41,42.28],[22.52,42.15],[22.61,42.1],[22.69,42.06],[22.82,42.03],[22.83,42.03],[22.88,41.94],[22.9,41.88],[22.94,41.81],[22.96,41.78],[22.97,41.77],[23,41.77],[23.01,41.77],[23.02,41.76],[23.03,41.73],[23.03,41.72],[23.02,41.7],[23.01,41.69],[22.99,41.67],[22.96,41.64],[22.95,41.63],[22.95,41.6],[22.96,41.48],[22.97,41.37],[22.96,41.37],[22.96,41.36],[22.96,41.35],[22.94,41.34],[22.93,41.34],[22.81,41.35],[22.8,41.35],[22.78,41.33],[22.77,41.32],[22.76,41.31],[22.76,41.3],[22.77,41.3],[22.76,41.25],[22.76,41.23],[22.74,41.16],[22.74,41.15],[22.73,41.15],[22.72,41.14],[22.59,41.12],[22.58,41.12],[22.48,41.12],[22.45,41.12],[22.43,41.12],[22.34,41.13],[22.3,41.15],[22.26,41.17],[22.21,41.17],[21.98,41.13],[21.97,41.13],[21.92,41.09],[21.91,41.07],[21.91,41.06],[21.91,41.05],[21.79,40.93],[21.78,40.93],[21.6,40.87],[21.58,40.87],[21.57,40.87],[21.57,40.88],[21.55,40.89],[21.54,40.91],[21.53,40.91],[21.51,40.91],[21.42,40.92],[21.41,40.91],[21.4,40.91],[21.38,40.89],[21.37,40.88],[21.36,40.87],[21.34,40.87],[21.32,40.87],[21.15,40.86],[21.12,40.86],[20.98,40.86],[20.98,40.89],[20.98,40.9],[20.97,40.91],[20.96,40.91],[20.94,40.92],[20.85,40.94],[20.84,40.93],[20.83,40.92],[20.82,40.91]]]}},{"type":"Feature","properties":{"FID":0,"FIPS":"MT","ISO2":"MT","ISO3":"MLT","UN":470,"NAME":"Malta","AREA":32,"POP2005":402617,"REGION":150,"SUBREGION":39,"LON":14.442,"LAT":35.89},"geometry":{"type":"MultiPolygon","coordinates":[[[[14.56,35.82],[14.52,35.8],[14.42,35.82],[14.38,35.84],[14.38,35.85],[14.37,35.85],[14.35,35.87],[14.34,35.88],[14.33,35.9],[14.32,35.97],[14.33,35.98],[14.36,35.99],[14.37,35.99],[14.38,35.99],[14.44,35.96],[14.51,35.92],[14.55,35.89],[14.56,35.88],[14.57,35.87],[14.57,35.83],[14.57,35.82],[14.56,35.82]]],[[[14.27,36.01],[14.25,36.01],[14.24,36.01],[14.2,36.02],[14.19,36.02],[14.19,36.03],[14.18,36.05],[14.18,36.06],[14.19,36.07],[14.21,36.07],[14.23,36.08],[14.25,36.07],[14.31,36.05],[14.32,36.05],[14.34,36.03],[14.28,36.01],[14.27,36.01]]]]}},{"type":"Feature","properties":{"FID":0,"FIPS":"BE","ISO2":"BE","ISO3":"BEL","UN":56,"NAME":"Belgium","AREA":0,"POP2005":10398049,"REGION":150,"SUBREGION":155,"LON":4.664,"LAT":50.643},"geometry":{"type":"Polygon","coordinates":[[[4.3,51.26],[4.31,51.26],[4.33,51.29],[4.29,51.31],[4.28,51.32],[4.28,51.34],[4.26,51.35],[4.25,51.38],[4.28,51.38],[4.35,51.36],[4.36,51.36],[4.39,51.36],[4.41,51.36],[4.42,51.36],[4.43,51.36],[4.44,51.38],[4.42,51.4],[4.4,51.41],[4.4,51.42],[4.39,51.45],[4.4,51.45],[4.48,51.48],[4.49,51.48],[4.54,51.49],[4.55,51.48],[4.54,51.46],[4.54,51.45],[4.54,51.44],[4.54,51.43],[4.55,51.43],[4.64,51.42],[4.65,51.42],[4.67,51.43],[4.67,51.44],[4.7,51.46],[4.71,51.47],[4.76,51.5],[4.77,51.5],[4.78,51.5],[4.79,51.5],[4.81,51.5],[4.83,51.49],[4.85,51.48],[4.84,51.46],[4.83,51.43],[4.85,51.41],[4.93,51.4],[4.94,51.4],[4.96,51.41],[4.99,51.43],[5,51.44],[5.01,51.45],[5.01,51.47],[5.02,51.48],[5.04,51.49],[5.07,51.47],[5.08,51.47],[5.1,51.45],[5.1,51.44],[5.1,51.43],[5.09,51.41],[5.08,51.41],[5.08,51.4],[5.08,51.39],[5.14,51.32],[5.16,51.32],[5.17,51.31],[5.19,51.32],[5.2,51.32],[5.22,51.31],[5.23,51.31],[5.24,51.31],[5.24,51.3],[5.24,51.26],[5.33,51.26],[5.4,51.27],[5.41,51.27],[5.47,51.28],[5.48,51.29],[5.49,51.3],[5.5,51.3],[5.51,51.29],[5.52,51.29],[5.55,51.27],[5.56,51.26],[5.57,51.22],[5.64,51.2],[5.75,51.19],[5.83,51.17],[5.85,51.16],[5.86,51.15],[5.85,51.14],[5.82,51.12],[5.78,51.03],[5.76,50.99],[5.76,50.96],[5.66,50.88],[5.65,50.88],[5.64,50.86],[5.64,50.85],[5.64,50.84],[5.65,50.83],[5.66,50.82],[5.68,50.81],[5.69,50.81],[5.7,50.81],[5.71,50.79],[5.71,50.78],[5.7,50.77],[5.69,50.76],[5.7,50.76],[5.74,50.76],[5.8,50.77],[5.87,50.76],[5.9,50.75],[5.93,50.76],[6.01,50.76],[6.05,50.72],[6.17,50.66],[6.27,50.62],[6.25,50.59],[6.26,50.5],[6.31,50.5],[6.32,50.5],[6.33,50.49],[6.34,50.48],[6.37,50.45],[6.37,50.44],[6.4,50.32],[6.35,50.31],[6.28,50.28],[6.17,50.23],[6.17,50.22],[6.16,50.22],[6.14,50.15],[6.13,50.13],[6.12,50.13],[6.03,50.16],[6.03,50.17],[6.03,50.18],[6.02,50.18],[6.01,50.18],[5.98,50.17],[5.97,50.17],[5.89,50.11],[5.89,50.1],[5.88,50.08],[5.83,49.99],[5.79,49.96],[5.78,49.96],[5.77,49.95],[5.75,49.91],[5.73,49.84],[5.75,49.8],[5.75,49.79],[5.76,49.79],[5.79,49.78],[5.87,49.72],[5.88,49.71],[5.9,49.66],[5.9,49.64],[5.86,49.57],[5.84,49.55],[5.83,49.55],[5.81,49.55],[5.79,49.55],[5.7,49.54],[5.63,49.54],[5.59,49.53],[5.53,49.51],[5.51,49.51],[5.48,49.5],[5.47,49.51],[5.46,49.52],[5.47,49.53],[5.48,49.53],[5.48,49.54],[5.47,49.54],[5.44,49.6],[5.43,49.61],[5.42,49.61],[5.4,49.62],[5.39,49.62],[5.33,49.66],[5,49.8],[4.98,49.8],[4.96,49.8],[4.95,49.79],[4.93,49.79],[4.92,49.79],[4.91,49.79],[4.87,49.8],[4.86,49.81],[4.82,49.99],[4.84,50.07],[4.85,50.1],[4.88,50.13],[4.89,50.13],[4.89,50.14],[4.88,50.16],[4.83,50.17],[4.82,50.17],[4.76,50.14],[4.7,50.09],[4.69,50.08],[4.69,50.07],[4.69,50.06],[4.7,50.06],[4.69,50.04],[4.68,50],[4.67,50],[4.51,49.95],[4.46,49.94],[4.45,49.94],[4.43,49.95],[4.41,49.95],[4.32,49.97],[4.25,49.96],[4.23,49.96],[4.21,49.96],[4.18,49.98],[4.17,49.98],[4.15,49.98],[4.15,50.01],[4.17,50.14],[4.19,50.24],[4.17,50.28],[4.04,50.36],[4.03,50.36],[3.98,50.34],[3.89,50.34],[3.77,50.35],[3.68,50.4],[3.67,50.43],[3.67,50.44],[3.66,50.46],[3.65,50.46],[3.62,50.49],[3.61,50.5],[3.52,50.52],[3.46,50.51],[3.45,50.51],[3.37,50.49],[3.37,50.5],[3.3,50.52],[3.3,50.53],[3.28,50.54],[3.24,50.66],[3.24,50.67],[3.2,50.73],[3.19,50.75],[3.18,50.76],[3.17,50.78],[3.16,50.78],[3.15,50.79],[3.14,50.79],[3.12,50.79],[3.05,50.78],[3.04,50.78],[3.03,50.77],[3.02,50.77],[3.01,50.77],[2.96,50.76],[2.94,50.74],[2.9,50.7],[2.87,50.71],[2.78,50.76],[2.65,50.82],[2.6,50.93],[2.6,51],[2.54,51.09],[2.55,51.09],[2.56,51.1],[2.86,51.21],[2.96,51.25],[3.02,51.28],[3.1,51.31],[3.11,51.32],[3.13,51.32],[3.18,51.34],[3.37,51.37],[3.37,51.31],[3.38,51.28],[3.38,51.27],[3.39,51.27],[3.43,51.25],[3.44,51.24],[3.45,51.24],[3.47,51.24],[3.48,51.24],[3.52,51.25],[3.52,51.26],[3.52,51.27],[3.52,51.28],[3.52,51.29],[3.6,51.3],[3.61,51.3],[3.67,51.29],[3.78,51.27],[3.79,51.26],[3.8,51.26],[3.79,51.24],[3.79,51.23],[3.79,51.22],[3.8,51.22],[3.81,51.22],[3.89,51.21],[3.9,51.2],[3.9,51.21],[3.95,51.21],[4.06,51.25],[4.13,51.28],[4.16,51.29],[4.17,51.3],[4.21,51.33],[4.23,51.34],[4.24,51.35],[4.26,51.34],[4.26,51.32],[4.28,51.3],[4.31,51.29],[4.31,51.28],[4.3,51.27],[4.3,51.26]]]}},{"type":"Feature","properties":{"FID":0,"FIPS":"FO","ISO2":"FO","ISO3":"FRO","UN":234,"NAME":"Faroe Islands","AREA":0,"POP2005":48205,"REGION":150,"SUBREGION":154,"LON":-6.864,"LAT":62.05},"geometry":{"type":"MultiPolygon","coordinates":[[[[-6.66,61.39],[-6.67,61.39],[-6.72,61.41],[-6.85,61.47],[-6.96,61.6],[-6.96,61.62],[-6.95,61.64],[-6.93,61.64],[-6.91,61.64],[-6.89,61.65],[-6.73,61.58],[-6.72,61.57],[-6.71,61.56],[-6.66,61.43],[-6.64,61.4],[-6.66,61.39]]],[[[-6.6,61.82],[-6.63,61.76],[-6.64,61.75],[-6.65,61.74],[-6.71,61.78],[-6.84,61.82],[-6.87,61.84],[-6.91,61.9],[-6.91,61.91],[-6.86,61.91],[-6.78,61.9],[-6.66,61.86],[-6.65,61.85],[-6.6,61.83],[-6.6,61.82]]],[[[-7.05,62.07],[-7.05,62.06],[-7.06,62.05],[-7.17,62.02],[-7.19,62.02],[-7.2,62.02],[-7.19,62.03],[-7.19,62.04],[-7.2,62.05],[-7.21,62.06],[-7.23,62.06],[-7.25,62.04],[-7.35,62.05],[-7.38,62.06],[-7.38,62.07],[-7.43,62.12],[-7.43,62.13],[-7.43,62.14],[-7.43,62.15],[-7.23,62.16],[-7.22,62.16],[-7.16,62.13],[-7.06,62.1],[-7.04,62.09],[-7.04,62.08],[-7.05,62.07]]],[[[-6.71,61.94],[-6.72,61.93],[-6.77,61.95],[-6.87,62],[-6.96,62.05],[-7.04,62.11],[-7.13,62.13],[-7.23,62.17],[-7.24,62.18],[-7.23,62.19],[-7.23,62.2],[-7.21,62.28],[-7.2,62.3],[-7.19,62.31],[-7.13,62.3],[-7.09,62.29],[-7.07,62.28],[-7.06,62.28],[-7.06,62.27],[-7.05,62.26],[-7.04,62.24],[-7.04,62.23],[-6.99,62.19],[-6.97,62.18],[-6.95,62.17],[-6.92,62.15],[-6.84,62.12],[-6.74,62.04],[-6.72,62.03],[-6.7,61.98],[-6.7,61.94],[-6.71,61.94]]],[[[-6.62,62.23],[-6.63,62.23],[-6.66,62.23],[-6.68,62.24],[-6.69,62.24],[-6.71,62.29],[-6.72,62.33],[-6.63,62.26],[-6.63,62.25],[-6.62,62.24],[-6.62,62.23]]],[[[-6.66,62.09],[-6.66,62.06],[-6.67,62.06],[-6.75,62.09],[-6.92,62.17],[-6.95,62.18],[-6.96,62.19],[-7.01,62.23],[-7.03,62.24],[-7.06,62.3],[-7.06,62.31],[-6.96,62.34],[-6.95,62.34],[-6.94,62.33],[-6.81,62.29],[-6.74,62.26],[-6.6,62.2],[-6.6,62.19],[-6.59,62.13],[-6.65,62.1],[-6.66,62.1],[-6.66,62.09]]],[[[-6.42,62.18],[-6.52,62.17],[-6.53,62.17],[-6.56,62.2],[-6.57,62.21],[-6.58,62.23],[-6.59,62.24],[-6.55,62.25],[-6.55,62.3],[-6.57,62.35],[-6.54,62.36],[-6.54,62.34],[-6.52,62.32],[-6.49,62.29],[-6.43,62.27],[-6.4,62.26],[-6.39,62.26],[-6.39,62.25],[-6.41,62.19],[-6.42,62.18]]],[[[-6.59,62.26],[-6.61,62.26],[-6.62,62.27],[-6.66,62.32],[-6.67,62.33],[-6.67,62.35],[-6.66,62.37],[-6.65,62.37],[-6.64,62.37],[-6.63,62.37],[-6.57,62.31],[-6.57,62.3],[-6.56,62.28],[-6.56,62.27],[-6.57,62.27],[-6.57,62.26],[-6.59,62.26]]],[[[-6.41,62.28],[-6.42,62.28],[-6.42,62.29],[-6.48,62.3],[-6.49,62.31],[-6.55,62.38],[-6.54,62.39],[-6.53,62.39],[-6.53,62.4],[-6.52,62.4],[-6.5,62.39],[-6.49,62.38],[-6.39,62.3],[-6.41,62.28]]]]}},{"type":"Feature","properties":{"FID":0,"FIPS":"AN","ISO2":"AD","ISO3":"AND","UN":20,"NAME":"Andorra","AREA":0,"POP2005":73483,"REGION":150,"SUBREGION":39,"LON":1.576,"LAT":42.549},"geometry":{"type":"Polygon","coordinates":[[[1.78,42.57],[1.77,42.57],[1.75,42.57],[1.74,42.56],[1.74,42.55],[1.73,42.53],[1.72,42.52],[1.72,42.51],[1.72,42.5],[1.66,42.47],[1.65,42.47],[1.54,42.44],[1.53,42.44],[1.51,42.44],[1.46,42.44],[1.45,42.45],[1.42,42.49],[1.42,42.55],[1.43,42.58],[1.45,42.6],[1.48,42.65],[1.49,42.65],[1.56,42.66],[1.7,42.63],[1.74,42.62],[1.78,42.57]]]}},{"type":"Feature","properties":{"FID":0,"FIPS":"LU","ISO2":"LU","ISO3":"LUX","UN":442,"NAME":"Luxembourg","AREA":0,"POP2005":456613,"REGION":150,"SUBREGION":155,"LON":6.088,"LAT":49.771},"geometry":{"type":"Polygon","coordinates":[[[6.03,50.18],[6.03,50.17],[6.03,50.16],[6.12,50.13],[6.13,50.13],[6.13,50.12],[6.12,50.09],[6.11,50.06],[6.13,50.01],[6.14,49.99],[6.17,49.95],[6.23,49.9],[6.25,49.88],[6.32,49.85],[6.4,49.82],[6.43,49.81],[6.48,49.81],[6.52,49.81],[6.53,49.81],[6.51,49.71],[6.49,49.7],[6.47,49.69],[6.42,49.67],[6.36,49.53],[6.36,49.49],[6.36,49.46],[6.33,49.47],[6.3,49.48],[6.25,49.51],[6.24,49.51],[6.23,49.51],[6.17,49.51],[6.16,49.5],[6.12,49.49],[6.12,49.48],[6.12,49.47],[6.09,49.45],[5.98,49.45],[5.86,49.5],[5.84,49.51],[5.81,49.54],[5.81,49.55],[5.83,49.55],[5.84,49.55],[5.86,49.57],[5.9,49.64],[5.9,49.66],[5.88,49.71],[5.87,49.72],[5.79,49.78],[5.76,49.79],[5.75,49.79],[5.75,49.8],[5.73,49.84],[5.75,49.91],[5.77,49.95],[5.78,49.96],[5.79,49.96],[5.83,49.99],[5.88,50.08],[5.89,50.1],[5.89,50.11],[5.97,50.17],[5.98,50.17],[6.01,50.18],[6.02,50.18],[6.03,50.18]]]}},{"type":"Feature","properties":{"FID":0,"FIPS":"MN","ISO2":"MC","ISO3":"MCO","UN":492,"NAME":"Monaco","AREA":0,"POP2005":325,"REGION":150,"SUBREGION":155,"LON":7.412,"LAT":43.75},"geometry":{"type":"Polygon","coordinates":[[[7.44,43.76],[7.42,43.74],[7.42,43.73],[7.39,43.73],[7.39,43.74],[7.39,43.75],[7.4,43.76],[7.42,43.77],[7.43,43.77],[7.44,43.76]]]}},{"type":"Feature","properties":{"FID":0,"FIPS":"MJ","ISO2":"ME","ISO3":"MNE","UN":499,"NAME":"Montenegro","AREA":0,"POP2005":607969,"REGION":150,"SUBREGION":39,"LON":19.254,"LAT":42.792},"geometry":{"type":"Polygon","coordinates":[[[18.46,42.57],[18.54,42.61],[18.55,42.62],[18.57,42.63],[18.57,42.64],[18.58,42.66],[18.56,42.71],[18.56,42.72],[18.55,42.72],[18.54,42.72],[18.53,42.72],[18.52,42.73],[18.49,42.77],[18.46,42.82],[18.46,42.83],[18.45,42.83],[18.48,42.96],[18.48,42.97],[18.5,42.99],[18.51,43],[18.52,43.01],[18.54,43.02],[18.55,43.02],[18.58,43.03],[18.63,43.03],[18.64,43.04],[18.65,43.04],[18.65,43.05],[18.66,43.07],[18.66,43.08],[18.66,43.09],[18.65,43.12],[18.64,43.13],[18.64,43.14],[18.65,43.15],[18.7,43.25],[18.7,43.26],[18.71,43.26],[18.84,43.35],[18.87,43.35],[18.89,43.36],[18.91,43.36],[18.92,43.36],[18.96,43.33],[18.96,43.32],[18.95,43.31],[18.95,43.3],[18.95,43.29],[18.96,43.29],[19.02,43.24],[19.05,43.23],[19.07,43.24],[19.07,43.25],[19.08,43.26],[19.09,43.3],[19.09,43.31],[19.03,43.43],[19.02,43.44],[19.01,43.45],[19,43.45],[18.99,43.45],[18.98,43.45],[18.96,43.45],[18.96,43.46],[18.95,43.5],[18.95,43.51],[19.01,43.56],[19.21,43.52],[19.22,43.52],[19.23,43.51],[19.25,43.46],[19.28,43.45],[19.44,43.37],[19.51,43.32],[19.52,43.32],[19.55,43.28],[19.56,43.27],[19.56,43.26],[19.59,43.24],[19.64,43.19],[19.65,43.18],[19.66,43.18],[19.67,43.17],[19.69,43.17],[19.78,43.15],[19.92,43.11],[19.97,43.09],[20.04,43.04],[20.06,43.01],[20.15,42.97],[20.16,42.97],[20.18,42.97],[20.26,42.94],[20.29,42.93],[20.3,42.93],[20.34,42.89],[20.35,42.89],[20.38,42.85],[20.38,42.84],[20.38,42.83],[20.23,42.76],[20.11,42.77],[20.1,42.77],[20.09,42.77],[20.08,42.77],[20.07,42.77],[20.04,42.77],[20.02,42.75],[19.99,42.73],[19.98,42.72],[19.98,42.71],[19.98,42.7],[20.01,42.68],[20.02,42.68],[20.05,42.68],[20.07,42.67],[20.09,42.66],[20.1,42.66],[20.11,42.65],[20.11,42.64],[20.07,42.56],[20.06,42.56],[20.05,42.56],[19.93,42.52],[19.92,42.51],[19.82,42.47],[19.8,42.48],[19.79,42.48],[19.79,42.49],[19.77,42.5],[19.77,42.51],[19.75,42.54],[19.75,42.55],[19.75,42.58],[19.76,42.59],[19.77,42.59],[19.77,42.6],[19.76,42.64],[19.75,42.64],[19.73,42.66],[19.72,42.66],[19.71,42.66],[19.66,42.63],[19.65,42.62],[19.63,42.6],[19.62,42.58],[19.61,42.57],[19.61,42.56],[19.61,42.55],[19.61,42.54],[19.52,42.45],[19.29,42.19],[19.28,42.19],[19.28,42.18],[19.3,42.17],[19.33,42.15],[19.37,42.13],[19.39,42.12],[19.4,42.11],[19.4,42.1],[19.38,42.08],[19.38,42.07],[19.37,42.07],[19.35,41.96],[19.34,41.91],[19.37,41.85],[19.3,41.9],[19.28,41.9],[19.25,41.91],[19.24,41.91],[19.22,41.91],[19.18,41.93],[19.17,41.93],[19.16,41.95],[19.15,41.95],[19.14,41.97],[19.14,41.98],[19.14,41.99],[19.15,42.01],[19.14,42.03],[19.14,42.04],[19.08,42.11],[19.06,42.14],[19.05,42.14],[19,42.16],[18.96,42.19],[18.89,42.27],[18.88,42.28],[18.87,42.28],[18.85,42.29],[18.84,42.29],[18.81,42.28],[18.65,42.38],[18.64,42.37],[18.63,42.37],[18.62,42.36],[18.62,42.37],[18.61,42.37],[18.58,42.39],[18.55,42.42],[18.55,42.43],[18.56,42.43],[18.59,42.43],[18.61,42.42],[18.62,42.42],[18.63,42.42],[18.64,42.41],[18.7,42.39],[18.7,42.4],[18.71,42.41],[18.71,42.42],[18.68,42.46],[18.51,42.45],[18.5,42.45],[18.48,42.47],[18.47,42.48],[18.46,42.49],[18.45,42.5],[18.45,42.51],[18.45,42.52],[18.46,42.57]]]}},{"type":"Feature","properties":{"FID":0,"FIPS":"NL","ISO2":"NL","ISO3":"NLD","UN":528,"NAME":"Netherlands","AREA":3388,"POP2005":1632769,"REGION":150,"SUBREGION":155,"LON":5.389,"LAT":52.077},"geometry":{"type":"MultiPolygon","coordinates":[[[[3.76,51.34],[3.86,51.34],[3.87,51.34],[3.96,51.37],[4.2,51.37],[4.21,51.37],[4.22,51.37],[4.24,51.35],[4.23,51.34],[4.21,51.33],[4.17,51.3],[4.16,51.29],[4.13,51.28],[4.06,51.25],[3.95,51.21],[3.9,51.21],[3.9,51.2],[3.89,51.21],[3.81,51.22],[3.8,51.22],[3.79,51.22],[3.79,51.23],[3.79,51.24],[3.8,51.26],[3.79,51.26],[3.78,51.27],[3.67,51.29],[3.61,51.3],[3.6,51.3],[3.52,51.29],[3.52,51.28],[3.52,51.27],[3.52,51.26],[3.52,51.25],[3.48,51.24],[3.47,51.24],[3.45,51.24],[3.44,51.24],[3.43,51.25],[3.39,51.27],[3.38,51.27],[3.38,51.28],[3.37,51.31],[3.37,51.37],[3.41,51.39],[3.52,51.41],[3.54,51.41],[3.55,51.41],[3.64,51.38],[3.72,51.36],[3.73,51.35],[3.74,51.35],[3.76,51.34]]],[[[5.76,52.41],[5.75,52.41],[5.72,52.41],[5.69,52.41],[5.64,52.39],[5.62,52.38],[5.61,52.37],[5.58,52.37],[5.57,52.37],[5.57,52.36],[5.55,52.35],[5.54,52.35],[5.55,52.34],[5.56,52.33],[5.56,52.32],[5.54,52.29],[5.53,52.28],[5.52,52.28],[5.43,52.26],[5.42,52.26],[5.4,52.27],[5.37,52.29],[5.36,52.29],[5.33,52.31],[5.31,52.32],[5.28,52.33],[5.25,52.33],[5.21,52.34],[5.19,52.34],[5.18,52.34],[5.17,52.33],[5.16,52.34],[5.15,52.34],[5.14,52.35],[5.14,52.38],[5.17,52.39],[5.18,52.41],[5.2,52.41],[5.3,52.45],[5.38,52.48],[5.41,52.49],[5.45,52.51],[5.46,52.52],[5.46,52.53],[5.48,52.55],[5.57,52.59],[5.64,52.6],[5.83,52.57],[5.84,52.56],[5.86,52.54],[5.86,52.53],[5.86,52.52],[5.86,52.49],[5.85,52.48],[5.83,52.46],[5.8,52.43],[5.79,52.43],[5.79,52.42],[5.76,52.41]]],[[[5.42,52.64],[5.45,52.62],[5.46,52.61],[5.48,52.58],[5.49,52.57],[5.49,52.56],[5.46,52.56],[5.45,52.54],[5.45,52.51],[5.44,52.51],[5.43,52.5],[5.41,52.49],[5.38,52.49],[5.3,52.46],[5.19,52.41],[5.18,52.41],[5.17,52.41],[5.17,52.4],[5.16,52.39],[5.13,52.38],[5.07,52.39],[5.06,52.39],[5.05,52.39],[5.05,52.4],[5.08,52.41],[5.09,52.44],[5.1,52.44],[5.11,52.44],[5.11,52.47],[5.11,52.49],[5.1,52.5],[5.1,52.51],[5.07,52.55],[5.05,52.57],[5.04,52.6],[5.03,52.61],[5.03,52.62],[5.03,52.63],[5.04,52.63],[5.05,52.64],[5.1,52.64],[5.11,52.63],[5.12,52.63],[5.13,52.62],[5.14,52.62],[5.15,52.62],[5.16,52.62],[5.2,52.63],[5.23,52.64],[5.24,52.65],[5.25,52.66],[5.26,52.67],[5.26,52.68],[5.3,52.69],[5.33,52.68],[5.38,52.67],[5.42,52.64]]],[[[4.76,52.99],[4.75,52.99],[4.74,52.99],[4.73,52.99],[4.72,53],[4.71,53.02],[4.71,53.04],[4.71,53.06],[4.72,53.07],[4.74,53.09],[4.85,53.18],[4.86,53.19],[4.87,53.19],[4.88,53.19],[4.88,53.18],[4.89,53.18],[4.91,53.14],[4.91,53.1],[4.91,53.09],[4.9,53.08],[4.88,53.06],[4.86,53.04],[4.8,53.01],[4.79,53],[4.76,52.99]]],[[[4.96,53.24],[4.89,53.21],[4.88,53.21],[4.88,53.22],[4.89,53.23],[4.91,53.24],[4.96,53.27],[4.99,53.28],[5,53.29],[5.01,53.29],[5.05,53.3],[5.08,53.31],[5.09,53.31],[5.1,53.31],[5.11,53.31],[5.11,53.3],[5.1,53.3],[4.96,53.24]]],[[[5.21,53.35],[5.2,53.35],[5.19,53.35],[5.17,53.35],[5.17,53.36],[5.17,53.37],[5.17,53.38],[5.18,53.38],[5.22,53.39],[5.23,53.4],[5.54,53.45],[5.56,53.45],[5.58,53.45],[5.58,53.44],[5.57,53.44],[5.57,53.43],[5.56,53.43],[5.35,53.38],[5.31,53.37],[5.21,53.35]]],[[[6.87,53.42],[6.9,53.35],[6.94,53.33],[6.95,53.32],[7.08,53.26],[7.09,53.26],[7.1,53.25],[7.19,53.24],[7.2,53.24],[7.21,53.24],[7.21,53.18],[7.21,53.02],[7.21,53],[7.2,52.97],[7.19,52.96],[7.18,52.93],[7.13,52.89],[7.09,52.84],[7.08,52.82],[7.07,52.81],[7.07,52.8],[7.07,52.79],[7.07,52.77],[7.07,52.75],[7.06,52.72],[7.06,52.66],[7.05,52.65],[7.05,52.64],[7.04,52.63],[7.03,52.63],[6.92,52.64],[6.91,52.65],[6.9,52.65],[6.89,52.65],[6.78,52.65],[6.77,52.65],[6.76,52.65],[6.72,52.63],[6.73,52.62],[6.76,52.57],[6.76,52.56],[6.72,52.56],[6.69,52.55],[6.7,52.49],[6.71,52.49],[6.75,52.46],[6.76,52.46],[6.95,52.43],[6.95,52.44],[6.97,52.44],[6.97,52.45],[6.98,52.46],[6.99,52.46],[7.06,52.4],[7.06,52.39],[7.07,52.39],[7.07,52.36],[7.07,52.35],[7.06,52.34],[7.04,52.31],[7.03,52.3],[7.03,52.29],[7.03,52.28],[7.03,52.27],[7.05,52.24],[7.04,52.23],[6.96,52.19],[6.9,52.17],[6.88,52.15],[6.88,52.14],[6.87,52.13],[6.86,52.12],[6.85,52.12],[6.84,52.12],[6.76,52.12],[6.74,52.08],[6.73,52.03],[6.79,52.01],[6.8,52.01],[6.83,51.99],[6.83,51.98],[6.83,51.97],[6.79,51.93],[6.78,51.92],[6.75,51.91],[6.72,51.9],[6.7,51.9],[6.69,51.91],[6.68,51.91],[6.59,51.9],[6.53,51.87],[6.46,51.85],[6.35,51.85],[6.18,51.9],[6.12,51.89],[6,51.83],[5.96,51.81],[5.98,51.78],[5.99,51.78],[5.99,51.77],[5.99,51.76],[5.98,51.76],[5.95,51.75],[6.03,51.71],[6.09,51.61],[6.09,51.6],[6.13,51.57],[6.14,51.57],[6.16,51.56],[6.2,51.52],[6.21,51.51],[6.22,51.47],[6.22,51.37],[6.22,51.36],[6.14,51.3],[6.08,51.24],[6.07,51.22],[6.07,51.21],[6.08,51.19],[6.08,51.18],[6.08,51.17],[6.09,51.17],[6.1,51.13],[6,51.08],[5.91,51.06],[5.9,51.06],[5.87,51.05],[5.86,51.04],[5.87,51.02],[5.89,50.97],[5.9,50.97],[5.91,50.97],[5.93,50.98],[5.95,50.98],[6.02,50.98],[6.03,50.98],[6.08,50.92],[6.08,50.91],[6.08,50.87],[6.07,50.85],[6.06,50.85],[6.05,50.85],[6.03,50.85],[6.01,50.84],[6.01,50.8],[6.01,50.76],[5.93,50.76],[5.9,50.75],[5.87,50.76],[5.8,50.77],[5.74,50.76],[5.7,50.76],[5.69,50.76],[5.7,50.77],[5.71,50.78],[5.71,50.79],[5.7,50.81],[5.69,50.81],[5.68,50.81],[5.66,50.82],[5.65,50.83],[5.64,50.84],[5.64,50.85],[5.64,50.86],[5.65,50.88],[5.66,50.88],[5.76,50.96],[5.76,50.99],[5.78,51.03],[5.82,51.12],[5.85,51.14],[5.86,51.15],[5.85,51.16],[5.83,51.17],[5.75,51.19],[5.64,51.2],[5.57,51.22],[5.56,51.26],[5.55,51.27],[5.52,51.29],[5.51,51.29],[5.5,51.3],[5.49,51.3],[5.48,51.29],[5.47,51.28],[5.41,51.27],[5.4,51.27],[5.33,51.26],[5.24,51.26],[5.24,51.3],[5.24,51.31],[5.23,51.31],[5.22,51.31],[5.2,51.32],[5.19,51.32],[5.17,51.31],[5.16,51.32],[5.14,51.32],[5.08,51.39],[5.08,51.4],[5.08,51.41],[5.09,51.41],[5.1,51.43],[5.1,51.44],[5.1,51.45],[5.08,51.47],[5.07,51.47],[5.04,51.49],[5.02,51.48],[5.01,51.47],[5.01,51.45],[5,51.44],[4.99,51.43],[4.96,51.41],[4.94,51.4],[4.93,51.4],[4.85,51.41],[4.83,51.43],[4.84,51.46],[4.85,51.48],[4.83,51.49],[4.81,51.5],[4.79,51.5],[4.78,51.5],[4.77,51.5],[4.76,51.5],[4.71,51.47],[4.7,51.46],[4.67,51.44],[4.67,51.43],[4.65,51.42],[4.64,51.42],[4.55,51.43],[4.54,51.43],[4.54,51.44],[4.54,51.45],[4.54,51.46],[4.55,51.48],[4.54,51.49],[4.49,51.48],[4.48,51.48],[4.4,51.45],[4.39,51.45],[4.4,51.42],[4.4,51.41],[4.42,51.4],[4.44,51.38],[4.43,51.36],[4.42,51.36],[4.41,51.36],[4.39,51.36],[4.36,51.36],[4.35,51.36],[4.28,51.38],[4.25,51.38],[4.2,51.41],[4.06,51.43],[3.93,51.44],[3.93,51.43],[3.91,51.4],[3.9,51.4],[3.83,51.39],[3.82,51.39],[3.57,51.44],[3.54,51.45],[3.53,51.46],[3.45,51.52],[3.44,51.53],[3.44,51.54],[3.45,51.54],[3.45,51.55],[3.46,51.55],[3.49,51.56],[3.51,51.57],[3.52,51.58],[3.56,51.59],[3.57,51.6],[3.58,51.6],[3.69,51.6],[3.83,51.61],[3.84,51.61],[3.87,51.6],[3.89,51.58],[3.9,51.58],[3.9,51.57],[3.9,51.56],[3.87,51.55],[3.84,51.55],[3.82,51.55],[3.87,51.54],[3.89,51.54],[3.92,51.55],[3.93,51.55],[4.01,51.52],[4.04,51.51],[4.06,51.51],[4.07,51.49],[4.08,51.47],[4.1,51.45],[4.11,51.44],[4.13,51.44],[4.15,51.44],[4.24,51.44],[4.25,51.44],[4.26,51.44],[4.28,51.45],[4.29,51.45],[4.29,51.47],[4.29,51.48],[4.29,51.49],[4.27,51.51],[4.26,51.51],[4.23,51.52],[4.21,51.52],[4.2,51.52],[4.08,51.53],[4,51.58],[3.99,51.59],[4,51.59],[4.04,51.6],[4.06,51.61],[4.08,51.61],[4.17,51.61],[4.19,51.6],[4.2,51.6],[4.21,51.59],[4.21,51.6],[4.2,51.61],[4.19,51.62],[4.17,51.62],[4.15,51.61],[4.14,51.62],[4.13,51.62],[4.11,51.63],[4.11,51.64],[4.11,51.65],[4.1,51.65],[4.1,51.64],[4.09,51.64],[4.08,51.63],[4.07,51.63],[4.02,51.62],[4.01,51.62],[3.98,51.62],[3.97,51.61],[3.9,51.63],[3.76,51.67],[3.71,51.67],[3.7,51.68],[3.69,51.69],[3.69,51.7],[3.69,51.71],[3.69,51.72],[3.7,51.73],[3.71,51.73],[3.72,51.74],[3.78,51.75],[3.81,51.74],[3.83,51.74],[3.88,51.74],[3.96,51.74],[3.97,51.73],[3.98,51.73],[4,51.71],[4.07,51.68],[4.1,51.66],[4.11,51.67],[4.12,51.67],[4.12,51.68],[4.16,51.68],[4.17,51.69],[4.13,51.71],[4.06,51.75],[4.06,51.76],[4.03,51.79],[4.02,51.79],[4,51.8],[3.99,51.8],[3.98,51.8],[3.96,51.8],[3.87,51.79],[3.87,51.81],[3.87,51.82],[3.88,51.82],[3.98,51.85],[4,51.85],[4.01,51.85],[4.02,51.84],[4.03,51.84],[4.06,51.86],[4.02,51.97],[4.01,51.98],[4.02,51.99],[4.04,51.99],[4.06,51.98],[4.08,51.98],[4.1,51.98],[4.11,51.99],[4.13,51.99],[4.14,52],[4.15,52],[4.36,52.17],[4.37,52.18],[4.4,52.21],[4.41,52.22],[4.42,52.23],[4.43,52.24],[4.44,52.25],[4.49,52.33],[4.52,52.36],[4.54,52.39],[4.54,52.4],[4.55,52.42],[4.57,52.45],[4.58,52.46],[4.66,52.45],[4.71,52.43],[4.84,52.41],[4.89,52.39],[4.91,52.37],[4.95,52.37],[4.99,52.36],[5.13,52.33],[5.24,52.31],[5.25,52.31],[5.29,52.3],[5.3,52.3],[5.33,52.28],[5.34,52.28],[5.36,52.27],[5.38,52.27],[5.41,52.25],[5.42,52.25],[5.43,52.25],[5.52,52.26],[5.53,52.27],[5.54,52.27],[5.55,52.28],[5.56,52.3],[5.57,52.31],[5.58,52.32],[5.58,52.33],[5.63,52.35],[5.63,52.36],[5.67,52.37],[5.69,52.38],[5.7,52.38],[5.72,52.39],[5.73,52.39],[5.74,52.39],[5.76,52.4],[5.77,52.4],[5.77,52.41],[5.81,52.43],[5.82,52.43],[5.85,52.46],[5.85,52.47],[5.88,52.51],[5.87,52.52],[5.85,52.57],[5.85,52.59],[5.86,52.61],[5.76,52.61],[5.68,52.61],[5.67,52.61],[5.6,52.66],[5.59,52.74],[5.6,52.75],[5.6,52.76],[5.62,52.78],[5.66,52.82],[5.67,52.83],[5.68,52.83],[5.72,52.84],[5.71,52.84],[5.65,52.85],[5.65,52.86],[5.59,52.85],[5.59,52.84],[5.58,52.84],[5.58,52.83],[5.56,52.83],[5.42,52.85],[5.41,52.85],[5.4,52.86],[5.37,52.87],[5.37,52.88],[5.36,52.89],[5.37,52.89],[5.37,52.9],[5.39,52.91],[5.4,52.91],[5.41,52.91],[5.41,52.92],[5.42,52.95],[5.42,52.96],[5.41,53.03],[5.38,53.07],[5.36,53.07],[5.34,53.07],[5.3,53.05],[5.29,53.05],[5.26,53.03],[5.2,52.99],[5.1,52.95],[5.09,52.89],[5.13,52.82],[5.19,52.75],[5.2,52.76],[5.22,52.76],[5.23,52.76],[5.28,52.75],[5.29,52.75],[5.29,52.74],[5.3,52.73],[5.3,52.71],[5.3,52.7],[5.25,52.69],[5.24,52.66],[5.23,52.65],[5.2,52.64],[5.17,52.63],[5.15,52.62],[5.14,52.62],[5.13,52.62],[5.13,52.63],[5.11,52.64],[5.1,52.64],[5.06,52.64],[5.05,52.64],[5.04,52.64],[5.03,52.63],[5.03,52.62],[5.04,52.57],[5.05,52.56],[5.07,52.54],[5.09,52.52],[5.09,52.51],[5.09,52.5],[5.09,52.43],[5.08,52.42],[5.05,52.4],[5.03,52.38],[5.02,52.38],[4.92,52.39],[4.91,52.39],[4.88,52.42],[4.83,52.43],[4.71,52.44],[4.67,52.47],[4.58,52.47],[4.58,52.48],[4.59,52.49],[4.6,52.51],[4.62,52.6],[4.63,52.63],[4.64,52.65],[4.64,52.68],[4.65,52.75],[4.73,52.95],[4.73,52.96],[4.74,52.96],[4.75,52.96],[4.77,52.97],[4.79,52.97],[4.8,52.96],[4.81,52.95],[4.81,52.94],[4.81,52.93],[4.81,52.92],[4.83,52.91],[4.84,52.91],[4.86,52.9],[4.87,52.9],[4.89,52.9],[4.91,52.9],[4.93,52.9],[4.94,52.91],[5.09,52.95],[5.1,52.96],[5.18,53],[5.18,53.01],[5.22,53.03],[5.25,53.05],[5.3,53.07],[5.33,53.08],[5.36,53.08],[5.38,53.09],[5.39,53.1],[5.4,53.12],[5.41,53.14],[5.42,53.16],[5.42,53.17],[5.44,53.21],[5.46,53.23],[5.47,53.23],[5.57,53.29],[5.59,53.3],[5.6,53.3],[5.89,53.38],[5.98,53.4],[6.09,53.41],[6.17,53.41],[6.18,53.41],[6.19,53.41],[6.2,53.41],[6.3,53.4],[6.45,53.42],[6.7,53.46],[6.72,53.47],[6.74,53.47],[6.78,53.46],[6.86,53.44],[6.87,53.43],[6.87,53.42]]],[[[5.7,53.46],[5.72,53.46],[5.8,53.46],[5.86,53.47],[5.91,53.47],[5.94,53.47],[5.95,53.47],[5.96,53.47],[5.96,53.46],[5.95,53.46],[5.81,53.44],[5.8,53.44],[5.78,53.44],[5.77,53.44],[5.75,53.44],[5.74,53.44],[5.68,53.42],[5.66,53.43],[5.65,53.43],[5.64,53.44],[5.63,53.44],[5.63,53.45],[5.65,53.47],[5.66,53.47],[5.67,53.47],[5.7,53.46]]],[[[6.13,53.45],[6.13,53.46],[6.12,53.47],[6.12,53.48],[6.14,53.49],[6.14,53.5],[6.15,53.5],[6.16,53.5],[6.3,53.51],[6.32,53.51],[6.33,53.51],[6.34,53.51],[6.34,53.5],[6.27,53.48],[6.24,53.48],[6.23,53.48],[6.16,53.47],[6.15,53.47],[6.13,53.45]]]]}},{"type":"Feature","properties":{"FID":0,"FIPS":"NO","ISO2":"NO","ISO3":"NOR","UN":578,"NAME":"Norway","AREA":30625,"POP2005":4638836,"REGION":150,"SUBREGION":154,"LON":8.74,"LAT":61.152},"geometry":{"type":"MultiPolygon","coordinates":[[[[8.74,58.41],[8.73,58.41],[8.73,58.42],[8.73,58.43],[8.74,58.44],[8.75,58.44],[8.76,58.44],[8.76,58.42],[8.75,58.41],[8.74,58.41]]],[[[5.78,58.95],[5.77,58.95],[5.76,58.95],[5.75,58.96],[5.76,58.96],[5.77,58.96],[5.78,58.95]]],[[[5.96,58.97],[5.95,58.97],[5.94,58.97],[5.95,58.98],[5.96,58.98],[5.96,58.97]]],[[[5.73,59.08],[5.72,59.08],[5.69,59.08],[5.55,59.13],[5.57,59.14],[5.69,59.13],[5.71,59.12],[5.72,59.11],[5.74,59.1],[5.74,59.09],[5.73,59.08]]],[[[5.95,59.23],[5.93,59.23],[5.91,59.23],[5.9,59.23],[5.91,59.24],[5.9,59.26],[5.91,59.27],[5.94,59.28],[5.96,59.29],[5.98,59.29],[6.01,59.29],[6.02,59.29],[6.03,59.29],[6.04,59.28],[6.05,59.28],[6.05,59.27],[6.06,59.27],[6.06,59.26],[6.05,59.25],[6,59.23],[5.99,59.23],[5.95,59.23]]],[[[5.29,59.22],[5.26,59.15],[5.25,59.15],[5.23,59.15],[5.22,59.15],[5.19,59.15],[5.16,59.14],[5.16,59.15],[5.13,59.2],[5.13,59.21],[5.13,59.22],[5.14,59.26],[5.14,59.27],[5.18,59.41],[5.19,59.41],[5.21,59.41],[5.22,59.4],[5.29,59.32],[5.29,59.26],[5.29,59.24],[5.29,59.22]]],[[[5.26,59.8],[5.31,59.75],[5.32,59.74],[5.34,59.7],[5.31,59.69],[5.29,59.68],[5.27,59.68],[5.27,59.69],[5.28,59.69],[5.29,59.69],[5.31,59.7],[5.3,59.74],[5.29,59.75],[5.22,59.75],[5.21,59.75],[5.19,59.74],[5.18,59.73],[5.17,59.69],[5.18,59.67],[5.2,59.66],[5.2,59.64],[5.2,59.63],[5.2,59.61],[5.19,59.6],[5.18,59.6],[5.17,59.59],[5.16,59.58],[5.15,59.58],[5.11,59.64],[5.07,59.77],[5.07,59.78],[5.07,59.79],[5.11,59.86],[5.11,59.87],[5.12,59.87],[5.13,59.87],[5.14,59.87],[5.15,59.87],[5.26,59.8]]],[[[5.41,59.75],[5.4,59.75],[5.38,59.75],[5.37,59.75],[5.36,59.76],[5.31,59.78],[5.31,59.79],[5.3,59.79],[5.26,59.88],[5.25,59.91],[5.27,59.96],[5.28,59.97],[5.29,59.97],[5.33,59.97],[5.34,59.97],[5.41,59.94],[5.42,59.93],[5.44,59.93],[5.44,59.92],[5.46,59.89],[5.47,59.89],[5.48,59.86],[5.49,59.85],[5.49,59.84],[5.5,59.82],[5.5,59.81],[5.49,59.79],[5.47,59.77],[5.43,59.76],[5.42,59.75],[5.41,59.75]]],[[[5.53,59.89],[5.51,59.89],[5.5,59.9],[5.36,59.98],[5.36,59.99],[5.45,60.04],[5.51,60.06],[5.53,60.06],[5.65,60.08],[5.66,60.08],[5.66,60.06],[5.66,60.03],[5.66,60.01],[5.66,60],[5.66,59.99],[5.59,59.93],[5.53,59.9],[5.53,59.89]]],[[[5.27,60.01],[5.26,60],[5.2,60.01],[5.19,60.02],[5.17,60.03],[5.17,60.04],[5.16,60.06],[5.17,60.12],[5.22,60.1],[5.26,60.06],[5.27,60.05],[5.27,60.04],[5.27,60.01]]],[[[5.96,60.09],[5.93,60.08],[5.91,60.11],[5.91,60.12],[5.92,60.14],[5.92,60.15],[5.93,60.15],[5.94,60.15],[5.95,60.16],[5.98,60.16],[5.99,60.16],[6,60.16],[6.02,60.15],[6.02,60.14],[6.03,60.13],[6.02,60.12],[6.02,60.11],[6.01,60.1],[6,60.1],[5.99,60.1],[5.97,60.09],[5.96,60.09]]],[[[5.22,60.24],[5.21,60.24],[5.2,60.24],[5.2,60.25],[5.21,60.26],[5.23,60.26],[5.23,60.25],[5.23,60.24],[5.22,60.24]]],[[[5.11,60.19],[5.1,60.18],[5,60.22],[4.96,60.24],[4.95,60.24],[4.95,60.25],[4.93,60.28],[4.93,60.29],[4.94,60.43],[4.97,60.44],[5.07,60.34],[5.09,60.33],[5.1,60.31],[5.1,60.3],[5.1,60.29],[5.11,60.22],[5.11,60.2],[5.11,60.19]]],[[[5.2,60.41],[5.14,60.4],[5.11,60.42],[5.02,60.49],[5,60.53],[5.09,60.51],[5.16,60.49],[5.17,60.49],[5.18,60.48],[5.19,60.47],[5.2,60.47],[5.2,60.46],[5.21,60.42],[5.2,60.41]]],[[[5.18,60.51],[5.17,60.51],[5.1,60.53],[5.08,60.54],[5.03,60.55],[4.99,60.56],[4.93,60.6],[5.01,60.6],[5.02,60.6],[5.1,60.58],[5.11,60.58],[5.12,60.58],[5.16,60.56],[5.18,60.55],[5.19,60.54],[5.2,60.53],[5.2,60.51],[5.19,60.51],[5.18,60.51]]],[[[5.55,60.43],[5.53,60.43],[5.51,60.43],[5.5,60.43],[5.48,60.44],[5.46,60.45],[5.45,60.46],[5.36,60.52],[5.4,60.55],[5.45,60.58],[5.53,60.6],[5.56,60.61],[5.56,60.62],[5.58,60.63],[5.59,60.65],[5.59,60.66],[5.59,60.67],[5.59,60.68],[5.61,60.69],[5.62,60.69],[5.63,60.69],[5.68,60.68],[5.69,60.67],[5.69,60.64],[5.68,60.47],[5.61,60.44],[5.55,60.43]]],[[[5.16,60.58],[5.15,60.58],[5.07,60.6],[5.06,60.6],[5.01,60.62],[4.99,60.63],[4.92,60.67],[4.91,60.68],[4.88,60.71],[4.85,60.73],[4.86,60.74],[4.87,60.73],[4.95,60.72],[4.98,60.72],[4.99,60.71],[5.13,60.62],[5.14,60.61],[5.16,60.59],[5.16,60.58]]],[[[4.7,60.99],[4.69,60.99],[4.64,61],[4.63,61.01],[4.62,61.02],[4.62,61.05],[4.62,61.06],[4.63,61.06],[4.63,61.07],[4.65,61.07],[4.66,61.07],[4.67,61.07],[4.68,61.06],[4.72,61],[4.71,60.99],[4.7,60.99]]],[[[4.99,61.1],[4.98,61.09],[4.97,61.09],[4.95,61.08],[4.91,61.07],[4.88,61.09],[4.87,61.09],[4.86,61.09],[4.85,61.09],[4.82,61.07],[4.8,61.04],[4.8,61.05],[4.79,61.05],[4.79,61.06],[4.79,61.15],[4.85,61.18],[4.93,61.19],[4.94,61.19],[4.95,61.19],[4.96,61.18],[4.96,61.17],[4.99,61.12],[4.99,61.11],[4.99,61.1]]],[[[4.93,61.77],[4.92,61.77],[4.89,61.78],[4.88,61.79],[4.81,61.84],[4.8,61.84],[4.81,61.85],[4.87,61.88],[4.88,61.89],[4.91,61.9],[4.93,61.9],[4.94,61.9],[4.95,61.9],[5.2,61.85],[5.22,61.85],[5.22,61.84],[5.17,61.82],[5,61.79],[4.93,61.77]]],[[[5.07,61.92],[5.06,61.92],[5.03,61.97],[5.01,62.01],[5.1,62.02],[5.11,62.02],[5.13,61.99],[5.08,61.93],[5.07,61.93],[5.07,61.92]]],[[[5.65,62.19],[5.61,62.19],[5.55,62.19],[5.54,62.19],[5.53,62.19],[5.51,62.22],[5.52,62.25],[5.54,62.28],[5.55,62.28],[5.57,62.29],[5.58,62.29],[5.69,62.29],[5.7,62.29],[5.81,62.27],[5.8,62.22],[5.79,62.21],[5.77,62.2],[5.75,62.2],[5.7,62.19],[5.65,62.19]]],[[[5.84,62.24],[5.83,62.24],[5.85,62.27],[5.85,62.28],[5.84,62.33],[5.83,62.33],[5.81,62.33],[5.8,62.34],[5.8,62.36],[5.8,62.37],[5.83,62.39],[5.84,62.41],[5.85,62.41],[5.87,62.42],[5.89,62.42],[5.91,62.43],[5.93,62.43],[5.94,62.43],[5.96,62.42],[5.97,62.41],[5.98,62.41],[6.03,62.35],[6.02,62.33],[5.94,62.28],[5.93,62.27],[5.9,62.26],[5.87,62.25],[5.86,62.24],[5.84,62.24]]],[[[6.25,62.39],[6.23,62.39],[6.21,62.39],[6.15,62.39],[6.12,62.39],[6.1,62.39],[6.08,62.4],[6.06,62.41],[6.03,62.43],[6.02,62.44],[6.18,62.44],[6.19,62.44],[6.32,62.42],[6.33,62.42],[6.33,62.41],[6.33,62.4],[6.31,62.4],[6.29,62.4],[6.25,62.39]]],[[[6.74,62.67],[6.68,62.65],[6.67,62.66],[6.65,62.67],[6.65,62.68],[6.67,62.72],[6.68,62.73],[6.69,62.73],[6.71,62.73],[6.88,62.74],[6.89,62.74],[6.9,62.74],[6.9,62.73],[6.92,62.71],[6.92,62.7],[6.91,62.69],[6.89,62.69],[6.86,62.68],[6.79,62.68],[6.75,62.67],[6.74,62.67]]],[[[6.89,62.78],[6.87,62.78],[6.78,62.8],[6.78,62.84],[6.78,62.85],[6.79,62.85],[6.81,62.85],[6.91,62.85],[6.92,62.85],[6.93,62.85],[6.94,62.84],[6.95,62.82],[6.9,62.78],[6.89,62.78]]],[[[7.55,62.95],[7.51,62.94],[7.48,62.95],[7.48,62.96],[7.47,62.96],[7.46,62.96],[7.45,62.97],[7.42,62.97],[7.41,62.97],[7.4,62.97],[7.38,62.98],[7.37,62.99],[7.37,63],[7.4,63.06],[7.6,63.09],[7.65,63.08],[7.71,63],[7.7,62.99],[7.55,62.95]]],[[[7.81,63.02],[7.78,63.02],[7.76,63.02],[7.71,63.04],[7.69,63.05],[7.68,63.05],[7.68,63.06],[7.71,63.08],[7.71,63.09],[7.73,63.09],[7.82,63.09],[7.85,63.09],[7.9,63.09],[7.91,63.09],[7.92,63.08],[7.91,63.07],[7.9,63.06],[7.89,63.05],[7.84,63.03],[7.81,63.02]]],[[[8.27,63.16],[8.22,63.16],[8.21,63.16],[8.19,63.19],[8.18,63.21],[8.18,63.22],[8.19,63.22],[8.19,63.23],[8.2,63.23],[8.21,63.23],[8.23,63.23],[8.24,63.22],[8.28,63.2],[8.3,63.17],[8.31,63.17],[8.31,63.16],[8.27,63.16]]],[[[8.06,63.14],[8.01,63.14],[7.98,63.14],[7.93,63.17],[7.93,63.18],[7.94,63.18],[8.05,63.23],[8.06,63.23],[8.07,63.23],[8.09,63.24],[8.1,63.24],[8.11,63.23],[8.12,63.23],[8.14,63.22],[8.17,63.2],[8.17,63.19],[8.19,63.16],[8.19,63.15],[8.18,63.15],[8.14,63.15],[8.09,63.14],[8.06,63.14]]],[[[8.39,63.16],[8.38,63.16],[8.36,63.16],[8.35,63.17],[8.27,63.23],[8.27,63.26],[8.27,63.27],[8.43,63.28],[8.44,63.28],[8.45,63.28],[8.56,63.21],[8.57,63.2],[8.58,63.19],[8.57,63.18],[8.55,63.17],[8.52,63.16],[8.49,63.16],[8.39,63.16]]],[[[8.51,63.32],[8.5,63.32],[8.47,63.32],[8.44,63.33],[8.43,63.33],[8.44,63.34],[8.48,63.37],[8.49,63.38],[8.51,63.38],[8.53,63.39],[8.54,63.39],[8.59,63.38],[8.62,63.38],[8.63,63.38],[8.67,63.36],[8.67,63.35],[8.68,63.35],[8.67,63.34],[8.67,63.33],[8.65,63.33],[8.63,63.33],[8.56,63.32],[8.51,63.32]]],[[[8.16,63.36],[8.13,63.34],[8.09,63.33],[8.08,63.33],[7.99,63.31],[8,63.34],[7.99,63.34],[7.98,63.35],[7.92,63.36],[7.88,63.35],[7.8,63.36],[7.79,63.37],[7.79,63.38],[7.78,63.39],[7.78,63.41],[7.99,63.47],[8.02,63.47],[8.08,63.47],[8.09,63.47],[8.1,63.46],[8.17,63.4],[8.18,63.4],[8.18,63.39],[8.16,63.36]]],[[[8.49,63.43],[8.46,63.43],[8.43,63.43],[8.41,63.43],[8.29,63.44],[8.28,63.45],[8.28,63.47],[8.29,63.48],[8.29,63.49],[8.3,63.5],[8.34,63.52],[8.37,63.53],[8.43,63.56],[8.45,63.56],[8.46,63.56],[8.49,63.56],[8.61,63.57],[8.62,63.61],[8.81,63.64],[8.95,63.65],[8.96,63.66],[8.97,63.65],[9.18,63.56],[9.17,63.56],[9.16,63.56],[9.09,63.53],[9.05,63.52],[8.96,63.5],[8.93,63.49],[8.88,63.48],[8.79,63.48],[8.77,63.48],[8.72,63.48],[8.71,63.48],[8.66,63.47],[8.6,63.46],[8.57,63.45],[8.55,63.45],[8.54,63.44],[8.53,63.44],[8.51,63.43],[8.49,63.43]]],[[[8.81,63.81],[8.83,63.73],[8.83,63.72],[8.82,63.71],[8.8,63.7],[8.79,63.7],[8.78,63.69],[8.75,63.69],[8.66,63.68],[8.47,63.66],[8.46,63.66],[8.46,63.67],[8.45,63.68],[8.37,63.67],[8.36,63.67],[8.34,63.66],[8.32,63.66],[8.31,63.66],[8.28,63.67],[8.27,63.68],[8.28,63.69],[8.33,63.7],[8.35,63.7],[8.36,63.7],[8.4,63.7],[8.45,63.71],[8.53,63.72],[8.54,63.72],[8.67,63.76],[8.69,63.77],[8.67,63.77],[8.68,63.77],[8.73,63.8],[8.74,63.8],[8.79,63.81],[8.8,63.81],[8.81,63.81]]],[[[11.06,63.76],[11.04,63.74],[11.02,63.74],[11.02,63.75],[11.01,63.75],[11.01,63.76],[11.02,63.77],[11.03,63.78],[11.05,63.8],[11.06,63.8],[11.15,63.81],[11.21,63.81],[11.22,63.81],[11.23,63.81],[11.23,63.8],[11.22,63.8],[11.2,63.8],[11.15,63.79],[11.11,63.78],[11.07,63.76],[11.06,63.76]]],[[[11.45,64.51],[11.42,64.47],[11.41,64.48],[11.28,64.51],[11.27,64.51],[11.26,64.51],[11.23,64.51],[11.21,64.5],[11.2,64.5],[11.19,64.5],[11.18,64.51],[11.04,64.59],[11.04,64.6],[11.04,64.62],[11.04,64.63],[11.07,64.65],[11.09,64.65],[11.25,64.6],[11.45,64.53],[11.45,64.52],[11.45,64.51]]],[[[11.35,64.65],[11.34,64.62],[11.32,64.6],[11.31,64.6],[11.31,64.61],[11.26,64.64],[11.25,64.64],[11.23,64.64],[11.22,64.63],[11.2,64.64],[11.18,64.64],[11.19,64.67],[11.2,64.67],[11.22,64.68],[11.25,64.68],[11.28,64.68],[11.29,64.68],[11.33,64.67],[11.34,64.66],[11.35,64.66],[11.35,64.65]]],[[[11.26,64.89],[11.22,64.86],[11.21,64.86],[11.19,64.85],[11.14,64.83],[11.13,64.83],[11.06,64.85],[10.95,64.87],[10.91,64.86],[10.9,64.85],[10.84,64.84],[10.82,64.84],[10.82,64.85],[10.84,64.86],[10.91,64.88],[11.11,64.95],[11.12,64.95],[11.26,64.89],[11.27,64.89],[11.26,64.89]]],[[[11.11,64.97],[10.82,64.86],[10.76,64.85],[10.74,64.85],[10.73,64.86],[10.73,64.87],[10.74,64.9],[10.75,64.9],[10.75,64.91],[10.78,64.92],[10.79,64.92],[10.8,64.92],[10.87,64.93],[10.97,64.95],[11,64.96],[11.02,64.96],[11.02,64.97],[11.03,64.97],[11.02,64.98],[11.03,64.99],[11.04,64.99],[11.05,64.99],[11.09,64.98],[11.1,64.98],[11.11,64.98],[11.12,64.97],[11.11,64.97]]],[[[11.64,65.06],[11.58,65.04],[11.57,65.04],[11.53,65.05],[11.53,65.06],[11.53,65.07],[11.54,65.08],[11.57,65.09],[11.64,65.11],[11.65,65.11],[11.76,65.12],[11.77,65.11],[11.75,65.1],[11.72,65.09],[11.7,65.08],[11.68,65.08],[11.64,65.06]]],[[[12.16,65.05],[12.13,65.05],[12.01,65.07],[11.99,65.07],[11.98,65.08],[12.09,65.18],[12.1,65.18],[12.15,65.2],[12.16,65.2],[12.17,65.21],[12.18,65.21],[12.2,65.21],[12.21,65.2],[12.25,65.17],[12.26,65.17],[12.31,65.11],[12.32,65.1],[12.31,65.1],[12.3,65.09],[12.29,65.08],[12.27,65.08],[12.22,65.06],[12.2,65.06],[12.16,65.05]]],[[[12.07,65.21],[12.06,65.21],[12.08,65.23],[12.1,65.25],[12.11,65.28],[12.12,65.3],[12.17,65.4],[12.2,65.47],[12.22,65.54],[12.24,65.57],[12.25,65.57],[12.26,65.58],[12.27,65.58],[12.28,65.57],[12.29,65.57],[12.4,65.51],[12.44,65.47],[12.5,65.39],[12.49,65.38],[12.48,65.38],[12.37,65.34],[12.24,65.28],[12.24,65.27],[12.19,65.25],[12.15,65.23],[12.14,65.23],[12.09,65.21],[12.07,65.21]]],[[[11.97,65.63],[11.9,65.58],[11.9,65.6],[11.86,65.61],[11.81,65.61],[11.8,65.61],[11.79,65.6],[11.78,65.61],[11.77,65.61],[11.76,65.61],[11.76,65.62],[11.77,65.64],[11.78,65.65],[11.79,65.66],[11.8,65.67],[11.81,65.68],[11.83,65.69],[11.89,65.7],[11.91,65.7],[11.99,65.7],[12,65.69],[12.01,65.69],[12.01,65.68],[12.01,65.67],[11.97,65.63]]],[[[12.54,65.9],[12.53,65.89],[12.49,65.87],[12.46,65.87],[12.44,65.86],[12.47,65.88],[12.48,65.89],[12.45,65.9],[12.44,65.9],[12.41,65.89],[12.42,65.92],[12.46,65.97],[12.47,65.98],[12.51,65.99],[12.53,66],[12.55,66.01],[12.57,66.01],[12.6,66.02],[12.62,66.02],[12.63,66.02],[12.87,66.02],[12.88,66.02],[12.89,66.02],[12.9,66.01],[12.9,66],[12.88,66],[12.84,65.99],[12.81,65.99],[12.79,65.98],[12.68,65.96],[12.68,65.95],[12.59,65.92],[12.56,65.91],[12.55,65.9],[12.54,65.9]]],[[[12.35,66.02],[12.3,66.01],[12.29,66.01],[12.34,66.08],[12.48,66.13],[12.43,66.16],[12.43,66.17],[12.48,66.19],[12.49,66.19],[12.55,66.22],[12.56,66.22],[12.58,66.22],[12.6,66.19],[12.61,66.19],[12.66,66.11],[12.65,66.1],[12.65,66.09],[12.64,66.08],[12.53,66.06],[12.46,66.04],[12.41,66.03],[12.35,66.02]]],[[[12.99,66.23],[12.93,66.23],[12.94,66.24],[12.95,66.24],[12.97,66.25],[12.98,66.26],[13.02,66.27],[13.08,66.28],[13.14,66.28],[13.16,66.28],[13.13,66.27],[13.09,66.26],[13,66.23],[12.99,66.23]]],[[[12.8,66.21],[12.79,66.21],[12.78,66.22],[12.71,66.24],[12.72,66.25],[12.74,66.26],[12.76,66.27],[12.78,66.28],[12.8,66.29],[12.84,66.29],[12.87,66.28],[12.88,66.27],[12.87,66.25],[12.86,66.24],[12.85,66.23],[12.8,66.21]]],[[[14.26,67.13],[14.21,67.01],[14.2,67],[14.19,67],[14.18,67],[14.16,67],[14.15,67.02],[14.15,67.03],[14.13,67.05],[14.12,67.05],[14.09,67.07],[14.08,67.07],[14.06,67.07],[14.04,67.07],[14.02,67.07],[14,67.07],[13.99,67.07],[13.99,67.08],[14,67.08],[14.06,67.12],[14.21,67.14],[14.26,67.13]]],[[[14.25,67.36],[14.23,67.36],[14.22,67.36],[14.26,67.39],[14.27,67.39],[14.29,67.41],[14.33,67.42],[14.35,67.42],[14.37,67.43],[14.38,67.42],[14.37,67.4],[14.36,67.38],[14.35,67.38],[14.35,67.37],[14.33,67.37],[14.25,67.36]]],[[[15.2,67.9],[15.14,67.9],[15.01,67.9],[14.98,67.91],[14.96,67.91],[14.94,67.92],[14.93,67.92],[14.93,67.93],[14.96,67.95],[14.97,67.95],[15.04,67.96],[15.09,67.95],[15.3,67.92],[15.27,67.91],[15.23,67.9],[15.2,67.9]]],[[[15.9,67.98],[15.86,67.98],[15.67,67.98],[15.61,67.98],[15.52,67.98],[15.5,67.98],[15.5,67.99],[15.52,68],[15.53,68.01],[15.55,68.01],[15.61,68.01],[15.62,68.02],[15.65,68.02],[15.71,68.02],[15.74,68.02],[15.85,68.01],[15.87,68.01],[15.9,68],[15.92,68],[15.92,67.99],[15.92,67.98],[15.9,67.98]]],[[[12.84,67.81],[12.8,67.81],[12.79,67.81],[12.9,67.95],[12.94,68],[12.94,68.01],[13.05,68.1],[13.07,68.1],[13.1,68.09],[13.15,68.08],[13.16,68.08],[13.14,67.96],[13.13,67.95],[13.01,67.88],[12.84,67.81]]],[[[13.44,68.11],[13.38,68.03],[13.34,68.01],[13.26,67.99],[13.25,67.99],[13.24,67.98],[13.22,68.02],[13.22,68.03],[13.21,68.04],[13.2,68.04],[13.19,68.03],[13.19,68.02],[13.19,68],[13.18,68],[13.17,68.01],[13.16,68.01],[13.16,68.02],[13.16,68.04],[13.16,68.05],[13.29,68.14],[13.3,68.15],[13.31,68.15],[13.32,68.15],[13.36,68.15],[13.39,68.15],[13.4,68.14],[13.42,68.13],[13.44,68.12],[13.44,68.11]]],[[[14.87,68.21],[14.86,68.21],[14.84,68.21],[14.83,68.22],[14.82,68.22],[14.82,68.23],[14.82,68.24],[14.82,68.25],[14.83,68.25],[14.83,68.26],[14.85,68.26],[14.88,68.28],[14.9,68.28],[14.92,68.28],[14.93,68.27],[14.94,68.27],[14.94,68.26],[14.92,68.26],[14.92,68.25],[14.93,68.25],[14.93,68.24],[14.92,68.24],[14.91,68.23],[14.9,68.23],[14.9,68.22],[14.89,68.22],[14.88,68.21],[14.87,68.21]]],[[[13.97,68.24],[14,68.24],[14.03,68.24],[14.03,68.25],[14.03,68.26],[14.04,68.26],[14.05,68.26],[14.06,68.26],[14.09,68.26],[14.13,68.25],[14.13,68.24],[14.14,68.24],[14.13,68.23],[14.04,68.18],[14.03,68.17],[14.01,68.18],[13.94,68.17],[13.86,68.16],[13.84,68.14],[13.85,68.13],[13.85,68.12],[13.85,68.11],[13.84,68.11],[13.71,68.07],[13.7,68.06],[13.69,68.06],[13.64,68.07],[13.63,68.08],[13.56,68.07],[13.52,68.04],[13.5,68.04],[13.49,68.04],[13.47,68.05],[13.46,68.06],[13.45,68.06],[13.45,68.07],[13.46,68.09],[13.47,68.09],[13.53,68.13],[13.54,68.2],[13.53,68.23],[13.52,68.23],[13.51,68.23],[13.56,68.26],[13.57,68.26],[13.66,68.29],[13.68,68.29],[13.8,68.27],[13.89,68.25],[13.91,68.25],[13.95,68.24],[13.97,68.24]]],[[[13.97,68.25],[13.96,68.25],[13.89,68.29],[13.88,68.3],[13.92,68.32],[13.93,68.32],[13.96,68.32],[13.97,68.32],[13.98,68.31],[13.99,68.31],[14,68.31],[14,68.3],[14,68.27],[13.99,68.26],[13.99,68.25],[13.97,68.25]]],[[[14.2,68.24],[14.19,68.24],[14.17,68.24],[14.16,68.25],[14.05,68.29],[14.05,68.3],[14.07,68.32],[14.12,68.32],[14.13,68.32],[14.21,68.3],[14.23,68.29],[14.24,68.28],[14.24,68.27],[14.24,68.26],[14.22,68.25],[14.21,68.24],[14.2,68.24]]],[[[15.03,68.36],[14.84,68.28],[14.81,68.27],[14.78,68.26],[14.77,68.26],[14.53,68.2],[14.51,68.2],[14.39,68.18],[14.24,68.16],[14.21,68.15],[14.2,68.15],[14.2,68.2],[14.21,68.21],[14.3,68.31],[14.32,68.31],[14.33,68.32],[14.34,68.32],[14.36,68.32],[14.37,68.31],[14.37,68.3],[14.41,68.29],[14.48,68.3],[14.49,68.3],[14.5,68.3],[14.5,68.31],[14.47,68.34],[14.43,68.36],[14.48,68.38],[14.54,68.4],[14.61,68.42],[14.63,68.42],[14.64,68.43],[14.76,68.43],[14.78,68.43],[14.79,68.42],[14.8,68.42],[14.8,68.4],[14.81,68.4],[14.81,68.39],[14.8,68.38],[14.78,68.37],[14.77,68.37],[14.75,68.35],[14.79,68.36],[14.8,68.36],[14.86,68.38],[14.86,68.4],[14.9,68.43],[14.92,68.43],[15.14,68.45],[15.16,68.45],[15.17,68.45],[15.16,68.44],[15.11,68.41],[15.03,68.36]]],[[[16.41,68.41],[16.39,68.41],[16.38,68.41],[16.35,68.41],[16.32,68.41],[16.3,68.41],[16.27,68.41],[16.2,68.4],[16.19,68.4],[16.12,68.38],[16.11,68.38],[16.09,68.4],[16.1,68.4],[16.14,68.48],[16.15,68.48],[16.18,68.5],[16.22,68.52],[16.23,68.52],[16.33,68.53],[16.34,68.53],[16.37,68.53],[16.38,68.53],[16.4,68.52],[16.41,68.51],[16.46,68.47],[16.47,68.47],[16.46,68.46],[16.41,68.41]]],[[[17.12,68.75],[17.09,68.75],[17.08,68.75],[17.03,68.75],[17.01,68.75],[16.96,68.74],[16.93,68.74],[16.82,68.72],[16.81,68.72],[16.81,68.73],[16.84,68.77],[16.97,68.84],[16.99,68.85],[17,68.85],[17.01,68.85],[17.15,68.77],[17.14,68.77],[17.12,68.75]]],[[[17.24,68.79],[17.23,68.79],[17.21,68.79],[17.2,68.79],[17.19,68.8],[17.08,68.9],[17.08,68.91],[17.09,68.92],[17.1,68.92],[17.3,68.92],[17.33,68.92],[17.36,68.91],[17.43,68.88],[17.43,68.87],[17.44,68.86],[17.43,68.86],[17.42,68.85],[17.41,68.84],[17.31,68.81],[17.25,68.79],[17.24,68.79]]],[[[14.95,68.87],[14.94,68.87],[14.91,68.87],[14.88,68.87],[14.86,68.88],[14.84,68.88],[14.84,68.89],[14.85,68.93],[14.86,68.93],[14.87,68.93],[14.88,68.93],[14.95,68.93],[14.96,68.92],[14.97,68.92],[14.97,68.9],[14.98,68.89],[14.97,68.88],[14.95,68.87]]],[[[15.99,68.75],[15.97,68.71],[15.96,68.71],[15.95,68.69],[15.94,68.68],[15.93,68.68],[15.86,68.65],[15.85,68.64],[15.81,68.64],[15.8,68.64],[15.78,68.63],[15.77,68.63],[15.77,68.62],[15.76,68.61],[15.74,68.53],[15.75,68.53],[15.8,68.55],[15.81,68.55],[15.81,68.56],[15.82,68.57],[15.81,68.58],[15.81,68.59],[15.81,68.6],[15.81,68.61],[15.82,68.61],[15.84,68.62],[15.85,68.62],[15.98,68.67],[16.09,68.73],[16.12,68.78],[16.11,68.78],[16.1,68.79],[16.09,68.8],[16.09,68.81],[16.1,68.83],[16.12,68.83],[16.18,68.85],[16.2,68.86],[16.36,68.86],[16.44,68.85],[16.45,68.84],[16.49,68.81],[16.54,68.76],[16.57,68.7],[16.57,68.65],[16.56,68.65],[16.56,68.64],[16.55,68.63],[16.54,68.62],[16.53,68.62],[16.51,68.61],[16.49,68.61],[16.49,68.6],[16.49,68.59],[16.5,68.55],[16.36,68.56],[16.35,68.56],[16.23,68.55],[16.22,68.55],[16.13,68.52],[16.08,68.5],[16.07,68.49],[16.05,68.46],[15.96,68.38],[15.95,68.38],[15.93,68.37],[15.91,68.36],[15.88,68.36],[15.87,68.36],[15.87,68.4],[15.86,68.43],[15.79,68.39],[15.7,68.34],[15.59,68.31],[15.53,68.33],[15.52,68.33],[15.43,68.33],[15.36,68.32],[15.35,68.32],[15.34,68.33],[15.33,68.33],[15.32,68.34],[15.32,68.35],[15.39,68.38],[15.44,68.39],[15.5,68.41],[15.52,68.42],[15.57,68.46],[15.59,68.48],[15.57,68.5],[15.56,68.51],[15.54,68.51],[15.54,68.5],[15.55,68.49],[15.56,68.48],[15.56,68.47],[15.55,68.47],[15.51,68.45],[15.44,68.42],[15.43,68.41],[15.42,68.41],[15.34,68.39],[15.26,68.36],[15.22,68.35],[15.23,68.34],[15.2,68.32],[15.11,68.28],[15.1,68.28],[15.03,68.25],[15.02,68.25],[15,68.25],[14.99,68.25],[14.98,68.26],[14.99,68.3],[15,68.3],[15.08,68.36],[15.24,68.47],[15.33,68.48],[15.34,68.48],[15.26,68.52],[15.25,68.52],[15.22,68.52],[15.19,68.52],[15.18,68.52],[15.19,68.53],[15.21,68.56],[15.22,68.56],[15.35,68.59],[15.36,68.59],[15.46,68.66],[15.45,68.68],[15.44,68.69],[15.44,68.7],[15.45,68.72],[15.45,68.73],[15.46,68.73],[15.59,68.73],[15.61,68.73],[15.62,68.73],[15.63,68.72],[15.65,68.72],[15.67,68.7],[15.7,68.7],[15.71,68.7],[15.66,68.73],[15.65,68.74],[15.61,68.74],[15.56,68.74],[15.55,68.74],[15.54,68.74],[15.53,68.74],[15.51,68.74],[15.5,68.74],[15.46,68.75],[15.46,68.76],[15.45,68.76],[15.46,68.8],[15.46,68.81],[15.63,68.94],[15.64,68.95],[15.66,68.95],[15.68,68.96],[15.87,68.96],[15.89,68.96],[15.9,68.96],[15.91,68.96],[15.93,68.89],[15.88,68.79],[15.87,68.79],[15.94,68.79],[15.96,68.78],[15.98,68.78],[15.98,68.77],[15.99,68.76],[15.99,68.75]]],[[[16.54,68.88],[16.52,68.88],[16.51,68.88],[16.49,68.88],[16.42,68.89],[16.38,68.91],[16.27,68.96],[16.26,68.96],[16.26,68.97],[16.27,68.97],[16.28,68.98],[16.29,68.99],[16.3,68.99],[16.31,68.99],[16.33,68.99],[16.55,68.97],[16.56,68.97],[16.57,68.96],[16.59,68.95],[16.6,68.95],[16.61,68.94],[16.59,68.89],[16.56,68.88],[16.54,68.88]]],[[[15.38,68.84],[15.4,68.71],[15.4,68.7],[15.4,68.68],[15.39,68.67],[15.38,68.67],[15.36,68.66],[15.32,68.65],[15.07,68.58],[15.06,68.57],[15.04,68.57],[14.9,68.58],[14.86,68.58],[14.85,68.59],[14.8,68.61],[14.8,68.62],[14.81,68.63],[14.82,68.64],[14.86,68.65],[14.92,68.66],[15.06,68.68],[15.14,68.69],[15.16,68.69],[15.16,68.7],[15.15,68.75],[15.14,68.75],[15.06,68.76],[15.01,68.76],[15,68.76],[15.01,68.76],[15.05,68.75],[15.07,68.74],[15.06,68.73],[15.04,68.72],[15,68.7],[14.91,68.68],[14.89,68.67],[14.82,68.67],[14.74,68.66],[14.73,68.66],[14.66,68.67],[14.55,68.62],[14.5,68.6],[14.45,68.6],[14.44,68.61],[14.43,68.61],[14.42,68.62],[14.38,68.66],[14.37,68.68],[14.38,68.69],[14.44,68.77],[14.48,68.79],[14.52,68.8],[14.53,68.81],[14.63,68.83],[14.64,68.83],[14.66,68.83],[14.68,68.83],[14.68,68.82],[14.69,68.81],[14.89,68.75],[14.9,68.75],[14.91,68.76],[14.94,68.79],[14.95,68.8],[14.95,68.81],[14.95,68.82],[14.94,68.82],[14.91,68.84],[14.9,68.84],[14.94,68.86],[14.95,68.86],[15.05,68.85],[15.07,68.85],[15.09,68.84],[15.11,68.83],[15.12,68.83],[15.12,68.82],[15.13,68.81],[15.15,68.81],[15.15,68.82],[15.16,68.82],[15.15,68.83],[15.14,68.84],[15.08,68.89],[15.04,68.92],[15.03,68.93],[15.02,68.94],[15.01,68.94],[15.01,68.95],[15,68.96],[15.01,68.97],[15.02,68.98],[15.04,68.99],[15.04,69],[15.09,69.01],[15.13,69.01],[15.14,69.01],[15.17,68.99],[15.17,68.98],[15.17,68.97],[15.21,68.9],[15.29,68.88],[15.38,68.85],[15.38,68.84]]],[[[17.42,69],[17.37,68.98],[17.36,68.99],[17.36,69],[17.35,69.02],[17.36,69.04],[17.39,69.06],[17.41,69.07],[17.42,69.08],[17.56,69.09],[17.53,69.05],[17.52,69.05],[17.44,69.01],[17.42,69]]],[[[15.52,68.91],[15.47,68.87],[15.45,68.88],[15.44,68.88],[15.42,68.9],[15.41,68.9],[15.42,68.97],[15.42,68.98],[15.56,69.09],[15.57,69.1],[15.61,69.12],[15.62,69.12],[15.64,69.13],[15.69,69.14],[15.74,69.14],[15.75,69.14],[15.76,69.14],[15.77,69.15],[15.78,69.15],[15.79,69.16],[15.81,69.18],[15.85,69.22],[15.86,69.24],[15.97,69.28],[15.99,69.29],[16.11,69.31],[16.13,69.31],[16.15,69.29],[16.15,69.28],[16.16,69.27],[16.09,69.16],[16.08,69.15],[16.06,69.14],[16.03,69.13],[16.02,69.13],[16,69.12],[15.97,69.11],[15.94,69.09],[15.87,69.05],[15.87,69.04],[15.87,69.03],[15.86,69.03],[15.85,69.02],[15.74,69],[15.71,68.99],[15.64,68.98],[15.52,68.91]]],[[[17.64,69.52],[17.69,69.51],[17.7,69.51],[17.7,69.52],[17.69,69.52],[17.67,69.55],[17.65,69.59],[17.66,69.6],[17.84,69.59],[17.86,69.59],[17.86,69.58],[17.96,69.52],[18.07,69.43],[18.08,69.42],[18.09,69.42],[18.1,69.36],[18.1,69.35],[18.09,69.35],[18.06,69.35],[17.97,69.34],[17.96,69.34],[17.92,69.33],[17.91,69.32],[17.88,69.24],[17.95,69.2],[17.97,69.2],[17.98,69.2],[18,69.2],[18.01,69.2],[18,69.19],[17.9,69.17],[17.86,69.16],[17.58,69.16],[17.52,69.19],[17.41,69.16],[17.21,69.09],[17.2,69.08],[17.17,69.07],[17.17,69.06],[17.16,69.05],[17.17,69.04],[17.18,69.04],[17.19,69.05],[17.2,69.05],[17.21,69.04],[17.22,69.03],[17.21,69.03],[17.2,69.02],[17.17,69.02],[17.09,69],[17.05,69],[17.04,69.01],[17.04,69.02],[17.04,69.03],[17.08,69.05],[17.13,69.06],[17.14,69.07],[17.14,69.08],[17.13,69.08],[17.11,69.08],[16.96,69.07],[16.9,69.05],[16.89,69.05],[16.81,69.05],[16.77,69.06],[16.77,69.07],[16.77,69.09],[16.77,69.1],[16.78,69.1],[16.79,69.11],[16.8,69.12],[16.81,69.12],[16.83,69.12],[16.92,69.12],[17,69.13],[17.14,69.17],[17.15,69.18],[17.16,69.19],[17.17,69.19],[17.17,69.2],[17.16,69.2],[17.15,69.19],[17.12,69.18],[17.11,69.18],[17.09,69.18],[17.07,69.18],[17.03,69.18],[16.94,69.19],[16.88,69.22],[16.89,69.22],[16.91,69.23],[16.94,69.23],[17,69.23],[17.04,69.23],[17.07,69.23],[17.11,69.22],[17.12,69.23],[17.13,69.23],[17.14,69.25],[17.07,69.28],[17.06,69.28],[17.04,69.27],[16.91,69.29],[16.9,69.3],[16.9,69.31],[16.91,69.31],[16.93,69.31],[17.01,69.31],[17.08,69.32],[17.09,69.31],[17.1,69.31],[17.1,69.32],[17.09,69.34],[17.08,69.34],[17.07,69.35],[17.04,69.35],[17.03,69.35],[17.02,69.35],[17.02,69.34],[16.98,69.35],[16.96,69.35],[16.91,69.35],[16.89,69.35],[16.88,69.36],[16.93,69.39],[16.94,69.4],[17.04,69.4],[17.2,69.4],[17.29,69.41],[17.39,69.41],[17.48,69.42],[17.49,69.42],[17.49,69.43],[17.48,69.43],[17.45,69.44],[17.41,69.44],[17.39,69.43],[17.38,69.43],[17.32,69.44],[17.26,69.44],[17.24,69.45],[17.23,69.46],[17.19,69.49],[17.19,69.5],[17.2,69.5],[17.21,69.5],[17.23,69.5],[17.25,69.49],[17.26,69.48],[17.28,69.46],[17.3,69.46],[17.31,69.46],[17.36,69.48],[17.34,69.5],[17.3,69.52],[17.3,69.53],[17.31,69.53],[17.32,69.53],[17.34,69.53],[17.41,69.52],[17.46,69.51],[17.54,69.49],[17.55,69.48],[17.57,69.47],[17.58,69.46],[17.59,69.45],[17.6,69.47],[17.61,69.47],[17.61,69.48],[17.56,69.51],[17.55,69.52],[17.52,69.53],[17.5,69.53],[17.49,69.54],[17.47,69.54],[17.46,69.56],[17.46,69.57],[17.47,69.6],[17.48,69.6],[17.53,69.58],[17.54,69.58],[17.55,69.57],[17.57,69.56],[17.59,69.55],[17.62,69.53],[17.64,69.52]]],[[[30.16,69.78],[30.14,69.78],[30.12,69.78],[30.11,69.79],[30.12,69.79],[30.13,69.8],[30.14,69.8],[30.15,69.79],[30.16,69.78]]],[[[18.89,69.69],[18.79,69.67],[18.78,69.65],[18.77,69.65],[18.77,69.64],[18.77,69.63],[18.79,69.63],[18.81,69.63],[18.82,69.63],[18.83,69.62],[18.85,69.6],[18.78,69.57],[18.76,69.56],[18.74,69.56],[18.72,69.56],[18.7,69.56],[18.61,69.56],[18.54,69.56],[18.41,69.55],[18.4,69.54],[18.34,69.54],[18.24,69.53],[18.23,69.53],[18.19,69.53],[18.16,69.53],[18.05,69.56],[18.03,69.57],[18,69.58],[18,69.59],[18.03,69.62],[18.15,69.64],[18.16,69.64],[18.27,69.62],[18.28,69.64],[18.19,69.7],[18.18,69.71],[18.2,69.71],[18.3,69.7],[18.31,69.7],[18.4,69.7],[18.59,69.69],[18.62,69.69],[18.63,69.69],[18.62,69.7],[18.61,69.7],[18.52,69.71],[18.48,69.72],[18.44,69.71],[18.36,69.72],[18.35,69.72],[18.34,69.73],[18.32,69.76],[18.32,69.77],[18.33,69.78],[18.35,69.79],[18.39,69.79],[18.4,69.79],[18.48,69.76],[18.63,69.76],[18.65,69.73],[18.65,69.72],[18.66,69.71],[18.67,69.7],[18.71,69.68],[18.72,69.68],[18.74,69.68],[18.75,69.68],[18.76,69.69],[18.77,69.77],[18.75,69.8],[18.73,69.81],[18.69,69.83],[18.68,69.83],[18.66,69.86],[18.66,69.87],[18.67,69.88],[18.69,69.88],[18.8,69.88],[18.82,69.88],[18.83,69.88],[19,69.83],[19.02,69.82],[19.04,69.8],[19.06,69.79],[19.07,69.77],[19.06,69.76],[19.04,69.75],[19.02,69.74],[18.93,69.7],[18.91,69.7],[18.89,69.69]]],[[[20.68,69.81],[20.6,69.8],[20.57,69.8],[20.56,69.81],[20.56,69.85],[20.56,69.86],[20.59,69.89],[20.6,69.9],[20.61,69.9],[20.62,69.91],[20.73,69.91],[20.74,69.91],[20.74,69.9],[20.73,69.82],[20.72,69.82],[20.68,69.81]]],[[[29.83,69.76],[29.79,69.75],[29.73,69.76],[29.72,69.76],[29.72,69.77],[29.77,69.8],[29.81,69.82],[29.81,69.86],[29.82,69.9],[29.83,69.91],[29.84,69.91],[29.88,69.91],[29.89,69.9],[29.98,69.89],[30,69.89],[30.05,69.83],[30.04,69.81],[29.96,69.79],[29.84,69.76],[29.83,69.76]]],[[[21.73,69.93],[21.69,69.93],[21.68,69.93],[21.67,69.93],[21.67,69.94],[21.68,69.95],[21.7,69.95],[21.72,69.95],[21.73,69.95],[21.74,69.94],[21.73,69.94],[21.73,69.93]]],[[[19.57,69.85],[19.47,69.84],[19.46,69.84],[19.46,69.85],[19.52,69.88],[19.54,69.89],[19.8,70],[19.81,70],[19.83,70],[19.85,70],[19.86,69.99],[19.9,69.97],[19.89,69.96],[19.79,69.87],[19.78,69.87],[19.77,69.86],[19.73,69.86],[19.57,69.85]]],[[[19.96,70.01],[19.94,70],[19.92,70.01],[19.9,70.01],[19.9,70.02],[19.91,70.02],[19.95,70.02],[19.97,70.02],[19.99,70.02],[20,70.01],[19.96,70.01]]],[[[20.89,70.03],[20.95,70],[21.04,70],[21.1,70.01],[21.1,70],[20.95,69.95],[20.93,69.94],[20.89,69.94],[20.87,69.94],[20.84,69.94],[20.82,69.94],[20.8,69.94],[20.8,69.95],[20.77,69.97],[20.76,69.98],[20.76,69.99],[20.76,70],[20.78,70.02],[20.79,70.03],[20.8,70.04],[20.81,70.04],[20.82,70.04],[20.84,70.04],[20.89,70.03]]],[[[21,70.02],[20.99,70.02],[20.97,70.02],[20.95,70.02],[20.95,70.03],[21.01,70.06],[21.03,70.06],[21.04,70.06],[21.05,70.05],[21.05,70.04],[21.05,70.03],[21.04,70.03],[21.03,70.02],[21,70.02]]],[[[19.3,70.03],[19.33,70.01],[19.36,70],[19.39,69.99],[19.41,69.99],[19.42,69.99],[19.41,70],[19.41,70.01],[19.42,70.02],[19.45,70.03],[19.49,70.05],[19.5,70.05],[19.51,70.05],[19.53,70.05],[19.55,70.05],[19.56,70.05],[19.65,70.02],[19.66,70.02],[19.68,70.01],[19.69,70],[19.69,69.98],[19.68,69.98],[19.51,69.9],[19.41,69.84],[19.39,69.83],[19.35,69.82],[19.29,69.81],[19.18,69.79],[19.14,69.79],[19.12,69.79],[19.1,69.79],[19.09,69.8],[19.07,69.82],[19.06,69.83],[19.04,69.84],[19.03,69.84],[18.95,69.87],[18.93,69.88],[18.89,69.89],[18.85,69.89],[18.77,69.91],[18.76,69.91],[18.74,69.92],[18.73,69.92],[18.72,69.93],[18.72,69.94],[18.73,69.94],[18.84,70.01],[18.86,70.01],[18.88,70.02],[18.95,70.03],[19.01,70.03],[19.05,70.02],[19.11,70.06],[19.15,70.08],[19.16,70.09],[19.22,70.1],[19.23,70.09],[19.3,70.06],[19.29,70.05],[19.29,70.04],[19.29,70.03],[19.3,70.03]]],[[[18.79,70.11],[18.8,70.1],[18.94,70.12],[18.95,70.12],[19,70.09],[19,70.08],[18.99,70.07],[18.97,70.06],[18.96,70.06],[18.94,70.05],[18.91,70.06],[18.88,70.05],[18.84,70.05],[18.83,70.04],[18.79,70.03],[18.79,70.02],[18.77,70.01],[18.77,70],[18.75,70],[18.74,69.99],[18.71,69.99],[18.69,69.99],[18.68,70],[18.66,70.04],[18.71,70.13],[18.73,70.13],[18.74,70.13],[18.75,70.13],[18.79,70.11]]],[[[20.92,70.08],[20.89,70.08],[20.87,70.08],[20.83,70.09],[20.82,70.09],[20.82,70.1],[20.81,70.11],[20.82,70.12],[20.83,70.14],[20.84,70.15],[20.85,70.15],[20.86,70.15],[20.87,70.14],[20.9,70.13],[20.91,70.12],[20.93,70.12],[20.94,70.11],[20.95,70.1],[20.94,70.1],[20.93,70.08],[20.92,70.08]]],[[[19.61,70.1],[19.58,70.1],[19.53,70.1],[19.5,70.1],[19.36,70.12],[19.35,70.13],[19.35,70.14],[19.36,70.14],[19.37,70.15],[19.39,70.17],[19.4,70.18],[19.41,70.18],[19.43,70.18],[19.44,70.17],[19.59,70.13],[19.6,70.13],[19.61,70.12],[19.62,70.12],[19.62,70.11],[19.61,70.1]]],[[[20.83,70.19],[20.8,70.06],[20.78,70.06],[20.74,70.05],[20.65,70.05],[20.61,70.04],[20.56,70.08],[20.53,70.06],[20.52,70.06],[20.5,70.06],[20.47,70.06],[20.45,70.06],[20.44,70.06],[20.42,70.07],[20.4,70.08],[20.39,70.09],[20.39,70.1],[20.4,70.15],[20.41,70.16],[20.42,70.18],[20.43,70.18],[20.55,70.23],[20.58,70.23],[20.68,70.24],[20.72,70.24],[20.75,70.23],[20.77,70.23],[20.78,70.23],[20.81,70.22],[20.82,70.21],[20.83,70.2],[20.83,70.19]]],[[[19.18,70.12],[19.14,70.12],[19.04,70.16],[19.03,70.16],[19.04,70.17],[19.14,70.25],[19.2,70.26],[19.22,70.26],[19.23,70.25],[19.25,70.25],[19.26,70.18],[19.26,70.17],[19.24,70.14],[19.23,70.13],[19.22,70.13],[19.21,70.13],[19.18,70.12]]],[[[20.11,70.11],[20.01,70.06],[19.99,70.06],[19.93,70.05],[19.91,70.06],[19.83,70.06],[19.8,70.06],[19.78,70.06],[19.77,70.06],[19.76,70.07],[19.75,70.08],[19.75,70.09],[19.75,70.11],[19.75,70.12],[19.75,70.13],[19.71,70.18],[19.68,70.19],[19.66,70.21],[19.64,70.21],[19.63,70.22],[19.57,70.23],[19.55,70.23],[19.54,70.24],[19.54,70.25],[19.58,70.27],[19.59,70.27],[19.67,70.29],[19.68,70.28],[19.79,70.21],[19.79,70.2],[19.8,70.19],[19.85,70.17],[19.98,70.14],[20.07,70.13],[20.12,70.12],[20.11,70.11]]],[[[21.77,70.27],[21.75,70.26],[21.73,70.26],[21.71,70.27],[21.7,70.29],[21.69,70.3],[21.68,70.32],[21.69,70.34],[21.7,70.38],[21.71,70.39],[21.72,70.39],[21.74,70.39],[21.75,70.38],[21.83,70.35],[21.84,70.35],[21.84,70.34],[21.84,70.33],[21.83,70.32],[21.78,70.27],[21.77,70.27]]],[[[22.84,70.33],[22.89,70.32],[22.91,70.32],[22.95,70.32],[23.01,70.27],[23.02,70.27],[23.02,70.26],[23.02,70.25],[23.01,70.25],[22.98,70.25],[22.92,70.25],[22.87,70.25],[22.84,70.25],[22.8,70.25],[22.78,70.25],[22.64,70.26],[22.57,70.27],[22.47,70.29],[22.44,70.29],[22.42,70.3],[22.37,70.33],[22.38,70.35],[22.47,70.38],[22.49,70.38],[22.66,70.39],[22.68,70.39],[22.69,70.39],[22.69,70.38],[22.7,70.36],[22.84,70.33]]],[[[23.6,70.58],[23.65,70.5],[23.66,70.46],[23.66,70.45],[23.64,70.44],[23.54,70.39],[23.34,70.31],[23.23,70.28],[23.22,70.28],[23.16,70.27],[23.12,70.28],[23.09,70.28],[23.08,70.29],[22.85,70.41],[22.9,70.45],[22.91,70.45],[23.18,70.55],[23.19,70.55],[23.2,70.55],[23.22,70.55],[23.24,70.54],[23.25,70.54],[23.26,70.53],[23.41,70.56],[23.4,70.6],[23.39,70.61],[23.39,70.62],[23.4,70.62],[23.47,70.62],[23.49,70.62],[23.54,70.61],[23.59,70.58],[23.6,70.58]]],[[[23.87,70.51],[23.84,70.51],[23.8,70.51],[23.77,70.52],[23.76,70.52],[23.75,70.52],[23.73,70.53],[23.71,70.54],[23.71,70.55],[23.7,70.55],[23.63,70.69],[23.63,70.7],[23.69,70.74],[23.7,70.75],[23.71,70.75],[23.74,70.75],[23.81,70.75],[23.83,70.74],[23.84,70.74],[23.97,70.7],[24.03,70.69],[24.04,70.68],[24.12,70.62],[24.13,70.61],[24.12,70.6],[24.11,70.59],[23.95,70.52],[23.94,70.52],[23.9,70.52],[23.87,70.51]]],[[[23.45,70.78],[23.4,70.74],[23.39,70.73],[23.37,70.74],[23.3,70.71],[23.18,70.65],[23.09,70.58],[22.9,70.54],[22.78,70.52],[22.77,70.52],[22.76,70.53],[22.77,70.54],[22.77,70.55],[22.75,70.56],[22.73,70.56],[22.64,70.57],[22.63,70.56],[22.63,70.54],[22.64,70.53],[22.63,70.52],[22.62,70.52],[22.47,70.5],[22.45,70.49],[22.34,70.49],[22.32,70.49],[22.31,70.49],[22.3,70.5],[22.29,70.5],[22.25,70.51],[22.16,70.46],[22.15,70.46],[22.14,70.47],[22.14,70.48],[22.16,70.51],[22.16,70.52],[22.17,70.52],[22.23,70.54],[22.25,70.55],[22.26,70.59],[22.27,70.59],[22.27,70.6],[22.23,70.6],[22.22,70.6],[22.14,70.59],[22.1,70.6],[22.08,70.6],[22.02,70.6],[21.95,70.64],[21.95,70.65],[21.96,70.66],[21.98,70.66],[22.15,70.65],[22.16,70.65],[22.17,70.64],[22.21,70.65],[22.27,70.65],[22.38,70.67],[22.37,70.69],[22.38,70.7],[22.39,70.71],[22.4,70.71],[22.52,70.71],[22.53,70.71],[22.55,70.71],[22.62,70.69],[22.66,70.68],[22.66,70.67],[22.61,70.66],[22.59,70.65],[22.59,70.64],[22.6,70.64],[22.61,70.64],[22.62,70.64],[22.71,70.64],[22.8,70.64],[22.82,70.64],[22.83,70.65],[22.8,70.69],[22.79,70.69],[22.76,70.71],[22.73,70.72],[22.73,70.73],[22.72,70.74],[22.78,70.75],[22.86,70.73],[22.9,70.69],[22.95,70.67],[22.96,70.66],[22.98,70.66],[22.99,70.66],[23.11,70.73],[23.16,70.79],[23.28,70.77],[23.3,70.77],[23.34,70.78],[23.35,70.79],[23.34,70.79],[23.34,70.8],[23.32,70.81],[23.32,70.82],[23.31,70.85],[23.32,70.86],[23.33,70.86],[23.34,70.86],[23.36,70.86],[23.37,70.86],[23.38,70.85],[23.44,70.81],[23.45,70.78]]],[[[24.06,70.91],[24.05,70.91],[24.03,70.91],[23.91,70.95],[23.88,70.99],[23.92,71.02],[23.93,71.02],[23.97,71.03],[23.99,71.03],[24.06,71.02],[24.08,71.02],[24.22,71],[24.24,70.95],[24.17,70.93],[24.09,70.91],[24.06,70.91]]],[[[24.8,71.02],[24.77,71.02],[24.74,71.03],[24.67,71.04],[24.66,71.05],[24.65,71.05],[24.64,71.06],[24.64,71.07],[24.65,71.07],[24.73,71.1],[24.74,71.1],[24.75,71.1],[24.77,71.1],[24.85,71.09],[24.85,71.07],[24.82,71.03],[24.81,71.03],[24.8,71.02]]],[[[5.34,61.59],[5.29,61.59],[5.28,61.59],[5.3,61.59],[5.33,61.59],[5.34,61.59],[5.35,61.59],[5.34,61.59],[5.32,61.6],[5.3,61.6],[5.28,61.61],[5.27,61.61],[5.24,61.61],[5.2,61.61],[5.12,61.61],[5.24,61.62],[5.23,61.63],[5.19,61.63],[5.12,61.63],[5,61.63],[4.98,61.63],[4.97,61.63],[4.96,61.64],[4.94,61.67],[4.94,61.68],[4.97,61.72],[4.98,61.74],[4.99,61.74],[5.07,61.77],[5.28,61.86],[5.36,61.9],[5.36,61.91],[5.41,61.91],[5.42,61.91],[5.6,61.9],[5.67,61.88],[5.68,61.88],[5.7,61.87],[5.75,61.84],[5.99,61.83],[6.06,61.83],[6.23,61.84],[6.25,61.84],[6.26,61.84],[6.29,61.83],[6.3,61.83],[6.32,61.82],[6.33,61.81],[6.34,61.81],[6.35,61.81],[6.4,61.8],[6.47,61.8],[6.51,61.81],[6.52,61.81],[6.53,61.81],[6.55,61.82],[6.55,61.83],[6.55,61.84],[6.55,61.85],[6.56,61.86],[6.58,61.87],[6.59,61.87],[6.62,61.87],[6.63,61.87],[6.66,61.87],[6.68,61.87],[6.72,61.86],[6.74,61.86],[6.76,61.87],[6.69,61.88],[6.65,61.88],[6.6,61.88],[6.57,61.88],[6.55,61.88],[6.54,61.87],[6.53,61.86],[6.52,61.85],[6.52,61.84],[6.51,61.83],[6.5,61.83],[6.49,61.83],[6.42,61.83],[6.38,61.83],[6.35,61.84],[6.22,61.85],[5.95,61.87],[5.93,61.87],[5.91,61.86],[5.9,61.86],[5.81,61.86],[5.8,61.85],[5.79,61.86],[5.76,61.87],[5.75,61.87],[5.73,61.89],[5.76,61.9],[5.8,61.9],[5.81,61.9],[5.83,61.9],[5.84,61.9],[5.87,61.9],[5.88,61.9],[5.89,61.91],[5.88,61.91],[5.87,61.91],[5.83,61.91],[5.78,61.91],[5.53,61.93],[5.43,61.94],[5.4,61.93],[5.39,61.93],[5.32,61.91],[5.29,61.91],[5.16,61.89],[5.15,61.89],[5.1,61.91],[5.1,61.92],[5.11,61.92],[5.14,61.97],[5.15,61.97],[5.16,61.98],[5.17,61.97],[5.19,61.96],[5.22,61.96],[5.4,62.01],[5.4,62.02],[5.39,62.02],[5.28,62.08],[5.21,62.1],[5.19,62.1],[5.12,62.1],[5.1,62.11],[5.09,62.11],[5.07,62.15],[5.07,62.16],[5.08,62.18],[5.09,62.19],[5.15,62.21],[5.16,62.21],[5.17,62.21],[5.19,62.2],[5.25,62.17],[5.45,62.06],[5.46,62.05],[5.47,62.03],[5.46,62.01],[5.47,62.01],[5.49,62.02],[5.5,62.03],[5.55,62.08],[5.51,62.09],[5.46,62.1],[5.42,62.1],[5.39,62.12],[5.38,62.13],[5.42,62.18],[5.43,62.18],[5.46,62.18],[5.48,62.18],[5.68,62.17],[5.84,62.2],[5.86,62.2],[5.88,62.2],[5.89,62.19],[5.91,62.18],[5.92,62.18],[5.92,62.17],[5.92,62.15],[5.92,62.11],[5.95,62.11],[6.04,62.1],[6.26,62.08],[6.27,62.07],[6.28,62.07],[6.28,62.06],[6.29,62.06],[6.3,62.06],[6.31,62.06],[6.36,62.05],[6.37,62.06],[6.36,62.06],[6.36,62.07],[6.28,62.09],[6.26,62.09],[6.25,62.09],[6.18,62.09],[6.12,62.1],[6.1,62.1],[6.09,62.1],[6.08,62.11],[5.92,62.2],[5.92,62.21],[5.92,62.22],[5.95,62.25],[5.95,62.26],[5.98,62.27],[6.01,62.29],[6.02,62.3],[6.05,62.31],[6.28,62.37],[6.29,62.37],[6.31,62.37],[6.32,62.37],[6.46,62.25],[6.48,62.23],[6.55,62.17],[6.56,62.15],[6.57,62.15],[6.56,62.14],[6.55,62.13],[6.54,62.12],[6.53,62.11],[6.54,62.1],[6.58,62.13],[6.59,62.13],[6.59,62.14],[6.59,62.15],[6.57,62.17],[6.49,62.26],[6.47,62.27],[6.45,62.29],[6.42,62.3],[6.41,62.31],[6.39,62.34],[6.39,62.35],[6.38,62.36],[6.39,62.36],[6.39,62.37],[6.39,62.38],[6.4,62.38],[6.41,62.39],[6.43,62.39],[6.7,62.45],[6.71,62.44],[6.87,62.42],[6.88,62.41],[6.88,62.4],[6.87,62.38],[6.87,62.37],[6.87,62.36],[6.88,62.35],[6.93,62.31],[6.94,62.3],[6.97,62.29],[6.98,62.28],[6.99,62.28],[7,62.27],[7,62.25],[7.01,62.21],[7.01,62.19],[7,62.17],[6.99,62.17],[6.97,62.16],[6.95,62.15],[6.94,62.14],[6.94,62.13],[6.94,62.12],[6.94,62.11],[6.96,62.1],[6.97,62.09],[6.98,62.09],[7,62.09],[7.02,62.09],[7.04,62.09],[7.06,62.09],[7.07,62.09],[7.09,62.1],[7.08,62.11],[7.07,62.1],[7.06,62.1],[7.04,62.1],[7.01,62.1],[6.98,62.11],[6.97,62.11],[6.97,62.12],[6.97,62.13],[7,62.14],[7,62.15],[7.02,62.16],[7.03,62.17],[7.04,62.18],[7.04,62.19],[7.04,62.21],[7.03,62.22],[7.02,62.26],[7.02,62.27],[7.03,62.27],[7.04,62.27],[7.1,62.27],[7.29,62.28],[7.31,62.28],[7.33,62.27],[7.34,62.27],[7.36,62.26],[7.39,62.23],[7.4,62.23],[7.42,62.23],[7.4,62.25],[7.39,62.26],[7.36,62.28],[7.34,62.28],[7.32,62.29],[7.29,62.29],[7.28,62.29],[7.23,62.28],[7.21,62.28],[7.18,62.28],[7.17,62.28],[6.97,62.31],[6.96,62.32],[6.92,62.36],[6.92,62.37],[6.93,62.37],[6.96,62.37],[6.97,62.37],[6.97,62.38],[6.91,62.42],[6.86,62.45],[6.79,62.48],[6.78,62.48],[6.68,62.47],[6.67,62.47],[6.65,62.46],[6.55,62.44],[6.52,62.43],[6.39,62.42],[6.38,62.42],[6.37,62.42],[6.26,62.45],[6.25,62.46],[6.37,62.48],[6.44,62.49],[6.5,62.5],[6.51,62.5],[6.59,62.49],[6.62,62.49],[6.64,62.49],[6.65,62.5],[6.63,62.51],[6.56,62.53],[6.54,62.53],[6.5,62.53],[6.46,62.53],[6.32,62.52],[6.27,62.53],[6.25,62.57],[6.25,62.58],[6.26,62.59],[6.29,62.6],[6.31,62.6],[6.33,62.61],[6.34,62.61],[6.54,62.61],[6.56,62.61],[6.57,62.61],[6.6,62.58],[6.7,62.64],[6.74,62.65],[6.76,62.65],[6.96,62.65],[7.09,62.65],[7.36,62.59],[7.51,62.54],[7.52,62.54],[7.52,62.53],[7.54,62.5],[7.57,62.54],[7.58,62.55],[7.59,62.55],[7.68,62.56],[7.78,62.57],[7.77,62.58],[7.74,62.58],[7.72,62.58],[7.61,62.57],[7.58,62.57],[7.55,62.56],[7.52,62.56],[7.5,62.56],[7.47,62.57],[7.46,62.57],[7.45,62.58],[7.42,62.6],[7.41,62.62],[7.42,62.63],[7.52,62.67],[7.6,62.69],[7.63,62.7],[7.78,62.72],[7.79,62.73],[7.83,62.73],[7.86,62.73],[7.99,62.74],[8,62.74],[8.01,62.73],[8.07,62.72],[8.08,62.71],[8.12,62.7],[8.13,62.69],[8.14,62.69],[8.14,62.7],[8.14,62.71],[8.13,62.72],[8.12,62.72],[8.05,62.75],[8,62.76],[7.69,62.73],[7.67,62.73],[7.56,62.7],[7.54,62.69],[7.52,62.69],[7.5,62.68],[7.48,62.68],[7.47,62.68],[7.39,62.68],[7.37,62.73],[7.45,62.76],[7.49,62.77],[7.54,62.78],[7.59,62.78],[7.64,62.78],[7.65,62.78],[7.68,62.79],[7.64,62.8],[7.63,62.8],[7.61,62.79],[7.46,62.78],[7.45,62.77],[7.44,62.77],[7.42,62.76],[7.4,62.75],[7.33,62.74],[7.2,62.74],[6.99,62.72],[6.97,62.72],[6.96,62.72],[6.95,62.73],[6.97,62.8],[6.99,62.86],[6.94,62.91],[6.95,62.93],[7.04,62.97],[7.09,62.98],[7.11,62.99],[7.26,63.01],[7.27,63.01],[7.3,63],[7.38,62.96],[7.44,62.92],[7.45,62.91],[7.46,62.91],[7.47,62.91],[7.52,62.92],[7.57,62.93],[7.58,62.94],[7.6,62.95],[7.61,62.95],[7.62,62.96],[7.65,62.97],[7.68,62.97],[7.72,62.98],[7.75,62.98],[7.77,62.97],[7.78,62.97],[7.79,62.97],[7.78,62.96],[7.77,62.95],[7.75,62.94],[7.73,62.94],[7.71,62.93],[7.7,62.93],[7.68,62.92],[7.67,62.91],[7.68,62.91],[7.73,62.92],[7.89,62.95],[7.9,62.95],[7.94,62.97],[7.96,62.97],[7.98,62.97],[7.99,62.97],[8,62.97],[8.02,62.96],[8.06,62.95],[8.08,62.94],[8.09,62.94],[8.11,62.92],[8.11,62.91],[8.11,62.9],[8.11,62.89],[8.14,62.83],[8.15,62.82],[8.16,62.81],[8.18,62.8],[8.21,62.79],[8.29,62.78],[8.31,62.78],[8.49,62.72],[8.5,62.71],[8.52,62.7],[8.53,62.69],[8.54,62.69],[8.54,62.67],[8.55,62.65],[8.57,62.67],[8.57,62.68],[8.57,62.7],[8.56,62.71],[8.55,62.72],[8.54,62.72],[8.33,62.8],[8.32,62.8],[8.3,62.81],[8.25,62.81],[8.24,62.82],[8.2,62.83],[8.18,62.84],[8.17,62.86],[8.17,62.88],[8.17,62.89],[8.18,62.9],[8.18,62.91],[8.16,62.94],[8.15,62.95],[8.14,62.95],[8.01,63],[7.97,63],[7.95,63],[7.94,63],[7.9,62.99],[7.89,63],[7.88,63],[7.88,63.01],[7.97,63.08],[7.98,63.08],[8.03,63.1],[8.04,63.1],[8.06,63.11],[8.08,63.11],[8.09,63.11],[8.11,63.1],[8.12,63.09],[8.13,63.08],[8.14,63.07],[8.13,63.06],[8.13,63.05],[8.13,63.04],[8.31,62.94],[8.33,62.9],[8.36,62.88],[8.5,62.85],[8.52,62.84],[8.53,62.84],[8.54,62.84],[8.54,62.85],[8.54,62.86],[8.51,62.87],[8.42,62.95],[8.41,62.95],[8.42,62.96],[8.45,62.96],[8.47,62.96],[8.52,62.96],[8.57,62.96],[8.6,62.96],[8.65,62.96],[8.66,62.97],[8.67,62.98],[8.66,62.98],[8.65,62.98],[8.52,62.98],[8.43,62.98],[8.39,62.97],[8.37,62.97],[8.23,63.03],[8.16,63.11],[8.16,63.12],[8.17,63.12],[8.24,63.15],[8.25,63.15],[8.3,63.15],[8.32,63.15],[8.53,63.14],[8.57,63.14],[8.57,63.16],[8.57,63.17],[8.59,63.17],[8.63,63.18],[8.72,63.19],[8.77,63.19],[8.8,63.2],[8.94,63.21],[8.87,63.21],[8.82,63.21],[8.63,63.2],[8.62,63.2],[8.61,63.2],[8.48,63.29],[8.53,63.31],[8.55,63.31],[8.58,63.31],[8.63,63.31],[8.65,63.31],[8.67,63.32],[8.76,63.34],[8.75,63.35],[8.72,63.35],[8.71,63.35],[8.7,63.35],[8.7,63.36],[8.64,63.39],[8.64,63.4],[8.64,63.41],[8.65,63.41],[8.67,63.41],[8.74,63.42],[8.75,63.42],[8.97,63.45],[8.99,63.46],[8.99,63.47],[9.01,63.47],[9.02,63.47],[9.06,63.44],[9.08,63.44],[9.11,63.42],[9.12,63.41],[9.15,63.37],[9.23,63.35],[9.37,63.37],[9.41,63.37],[9.43,63.38],[9.46,63.39],[9.48,63.4],[9.47,63.4],[9.39,63.38],[9.22,63.37],[9.21,63.37],[9.2,63.37],[9.17,63.39],[9.16,63.39],[9.15,63.48],[9.15,63.49],[9.16,63.5],[9.24,63.53],[9.25,63.54],[9.33,63.54],[9.42,63.53],[9.47,63.57],[9.49,63.59],[9.5,63.59],[9.53,63.6],[9.54,63.61],[9.65,63.62],[9.72,63.63],[9.96,63.44],[9.96,63.43],[9.96,63.42],[9.94,63.39],[9.98,63.36],[10.04,63.35],[10.15,63.32],[10.26,63.29],[10.26,63.26],[10.27,63.27],[10.28,63.28],[10.28,63.31],[10.28,63.32],[10.26,63.33],[10.26,63.34],[10.23,63.34],[10.22,63.34],[10.16,63.34],[10.12,63.35],[10.08,63.36],[10.07,63.37],[10.05,63.37],[10.05,63.38],[10.04,63.38],[10.04,63.39],[10.05,63.41],[10.06,63.42],[10.08,63.43],[10.1,63.43],[10.13,63.44],[10.15,63.44],[10.27,63.46],[10.28,63.46],[10.29,63.46],[10.31,63.46],[10.44,63.45],[10.53,63.43],[10.55,63.43],[10.58,63.43],[10.74,63.44],[10.86,63.44],[10.89,63.45],[10.91,63.45],[10.92,63.46],[10.91,63.46],[10.89,63.47],[10.87,63.47],[10.86,63.47],[10.82,63.48],[10.8,63.48],[10.78,63.48],[10.77,63.49],[10.76,63.5],[10.76,63.51],[10.76,63.52],[10.77,63.52],[10.78,63.53],[10.78,63.54],[10.79,63.54],[10.8,63.54],[10.81,63.54],[10.89,63.55],[10.91,63.55],[10.92,63.55],[10.92,63.56],[10.92,63.6],[10.91,63.6],[10.9,63.6],[10.88,63.6],[10.87,63.6],[10.74,63.57],[10.72,63.56],[10.69,63.55],[10.68,63.55],[10.67,63.54],[10.66,63.54],[10.66,63.55],[10.72,63.6],[10.74,63.62],[10.92,63.69],[10.96,63.7],[10.97,63.7],[11.04,63.71],[11.05,63.71],[11.06,63.71],[11.07,63.7],[11.08,63.7],[11.16,63.71],[11.17,63.71],[11.19,63.72],[11.22,63.73],[11.22,63.74],[11.22,63.75],[11.23,63.76],[11.25,63.77],[11.27,63.77],[11.29,63.77],[11.34,63.78],[11.42,63.78],[11.46,63.79],[11.46,63.8],[11.46,63.81],[11.44,63.84],[11.43,63.84],[11.41,63.85],[11.29,63.87],[11.28,63.87],[11.27,63.87],[11.24,63.87],[11.22,63.86],[11.2,63.85],[11.19,63.85],[11.14,63.84],[11.13,63.84],[11.12,63.84],[11.11,63.85],[11.1,63.85],[11.1,63.86],[11.09,63.88],[11.1,63.89],[11.27,63.96],[11.35,63.97],[11.41,63.98],[11.42,63.98],[11.44,63.98],[11.48,64],[11.49,64],[11.5,64.01],[11.49,64.02],[11.42,64.03],[11.32,64.03],[11.36,64.11],[11.32,64.12],[11.31,64.12],[11.21,64.04],[11.21,64.03],[11.2,64.02],[11.18,64.01],[11.13,63.99],[11.09,63.98],[11.05,63.97],[11.01,63.95],[10.95,63.93],[10.92,63.92],[10.91,63.91],[10.9,63.91],[10.81,63.88],[10.77,63.87],[10.73,63.87],[10.7,63.86],[10.69,63.86],[10.69,63.85],[10.58,63.81],[10.57,63.8],[10.58,63.8],[10.59,63.8],[10.64,63.81],[10.75,63.85],[10.85,63.88],[10.87,63.88],[10.89,63.89],[10.9,63.89],[10.92,63.89],[11.01,63.88],[11.03,63.88],[11.03,63.87],[11.07,63.84],[11.08,63.84],[10.94,63.74],[10.93,63.73],[10.91,63.73],[10.88,63.73],[10.85,63.72],[10.81,63.71],[10.64,63.67],[10.63,63.67],[10.63,63.66],[10.63,63.65],[10.62,63.64],[10.61,63.64],[10.55,63.62],[10.39,63.57],[10.31,63.56],[10.26,63.56],[10.25,63.56],[10.22,63.55],[10.21,63.55],[10.17,63.53],[10.09,63.5],[10.05,63.5],[10,63.49],[9.93,63.5],[9.92,63.51],[9.91,63.51],[9.81,63.62],[9.81,63.63],[9.79,63.66],[9.8,63.69],[9.81,63.69],[9.82,63.69],[9.85,63.69],[9.86,63.69],[9.91,63.7],[10.01,63.72],[10.06,63.74],[10.1,63.76],[10.09,63.76],[10.01,63.77],[9.91,63.75],[9.9,63.75],[9.73,63.7],[9.57,63.66],[9.56,63.66],[9.55,63.66],[9.54,63.66],[9.54,63.67],[9.54,63.76],[9.55,63.77],[9.57,63.78],[9.58,63.79],[9.62,63.8],[9.64,63.81],[9.7,63.82],[9.82,63.86],[9.86,63.89],[10.14,63.94],[10.15,63.94],[10.16,63.94],[10.17,63.93],[10.18,63.93],[10.19,63.93],[10.2,63.94],[10.17,63.95],[10.12,63.98],[10.06,63.98],[10.05,63.98],[9.98,63.99],[10.02,64.07],[10.17,64.19],[10.25,64.23],[10.35,64.27],[10.45,64.32],[10.46,64.34],[10.48,64.36],[10.51,64.37],[10.52,64.37],[10.55,64.36],[10.56,64.36],[10.58,64.36],[10.58,64.35],[10.59,64.34],[10.6,64.34],[10.65,64.35],[10.65,64.36],[10.57,64.39],[10.49,64.4],[10.46,64.4],[10.49,64.42],[10.51,64.43],[10.53,64.43],[10.59,64.43],[10.65,64.42],[10.67,64.41],[10.76,64.38],[10.81,64.37],[10.85,64.37],[10.81,64.42],[10.79,64.44],[10.78,64.44],[10.75,64.44],[10.74,64.44],[10.72,64.43],[10.71,64.43],[10.7,64.43],[10.68,64.44],[10.67,64.44],[10.66,64.44],[10.66,64.45],[10.7,64.47],[10.8,64.51],[10.81,64.51],[10.84,64.5],[10.9,64.49],[10.93,64.57],[10.94,64.58],[10.96,64.6],[10.97,64.6],[11.04,64.58],[11.06,64.57],[11.06,64.56],[11.06,64.55],[11.06,64.54],[11.06,64.52],[11.07,64.52],[11.27,64.45],[11.29,64.37],[11.22,64.32],[11.26,64.33],[11.35,64.39],[11.44,64.47],[11.44,64.49],[11.45,64.49],[11.45,64.5],[11.5,64.54],[11.51,64.55],[11.53,64.55],[11.56,64.55],[11.57,64.55],[11.59,64.55],[11.62,64.55],[11.73,64.58],[11.69,64.59],[11.59,64.58],[11.55,64.56],[11.53,64.56],[11.52,64.57],[11.5,64.58],[11.48,64.59],[11.46,64.61],[11.4,64.66],[11.39,64.67],[11.4,64.68],[11.42,64.7],[11.44,64.71],[11.55,64.76],[11.59,64.77],[11.6,64.77],[11.64,64.78],[11.67,64.77],[11.74,64.77],[11.79,64.78],[11.84,64.79],[11.84,64.8],[11.8,64.8],[11.79,64.8],[11.74,64.8],[11.69,64.81],[11.64,64.82],[11.65,64.84],[11.66,64.84],[11.73,64.88],[11.95,64.93],[12.07,64.96],[12.08,64.96],[12.1,64.96],[12.14,64.95],[12.15,64.95],[12.16,64.95],[12.17,64.94],[12.18,64.94],[12.19,64.93],[12.22,64.93],[12.22,64.94],[12.21,64.95],[12.19,64.96],[12.16,64.96],[12.14,64.97],[12.12,64.97],[12.09,64.97],[12.05,64.97],[12.04,64.97],[11.91,64.94],[11.89,64.94],[11.75,64.89],[11.45,64.78],[11.39,64.75],[11.38,64.75],[11.35,64.74],[11.31,64.74],[11.3,64.73],[11.24,64.73],[11.24,64.74],[11.29,64.75],[11.38,64.81],[11.33,64.81],[11.24,64.81],[11.23,64.82],[11.24,64.83],[11.27,64.84],[11.28,64.84],[11.37,64.85],[11.44,64.86],[11.48,64.86],[11.55,64.86],[11.69,64.9],[11.7,64.9],[11.69,64.9],[11.68,64.9],[11.67,64.9],[11.66,64.9],[11.63,64.9],[11.31,64.86],[11.26,64.85],[11.25,64.86],[11.3,64.88],[11.31,64.89],[11.35,64.9],[11.43,64.92],[11.54,64.95],[11.55,64.95],[11.62,64.96],[11.63,64.96],[11.64,64.96],[11.68,64.96],[11.69,64.95],[11.71,64.96],[11.78,64.97],[11.8,64.99],[11.8,65],[11.81,65.01],[11.88,65.04],[11.94,65.06],[11.97,65.06],[11.97,65.07],[12,65.06],[12.01,65.06],[12.01,65.05],[12.01,65.04],[12.01,65.03],[12.02,65.03],[12.03,65.05],[12.04,65.05],[12.05,65.06],[12.06,65.06],[12.15,65.04],[12.25,65.05],[12.42,65.08],[12.63,65.13],[12.94,65.31],[12.95,65.31],[12.95,65.32],[12.95,65.33],[12.94,65.33],[12.93,65.33],[12.92,65.33],[12.82,65.27],[12.71,65.22],[12.7,65.21],[12.68,65.2],[12.49,65.14],[12.48,65.13],[12.47,65.13],[12.4,65.14],[12.38,65.14],[12.37,65.15],[12.37,65.16],[12.37,65.17],[12.42,65.23],[12.51,65.24],[12.62,65.24],[12.67,65.25],[12.68,65.25],[12.67,65.25],[12.65,65.26],[12.44,65.27],[12.42,65.27],[12.37,65.27],[12.35,65.27],[12.33,65.26],[12.26,65.23],[12.25,65.23],[12.34,65.29],[12.48,65.36],[12.51,65.37],[12.54,65.38],[12.48,65.44],[12.54,65.45],[12.56,65.45],[12.56,65.44],[12.6,65.43],[12.62,65.42],[12.63,65.41],[12.64,65.42],[12.63,65.43],[12.61,65.46],[12.56,65.5],[12.53,65.52],[12.51,65.51],[12.5,65.51],[12.48,65.51],[12.47,65.51],[12.43,65.53],[12.42,65.53],[12.4,65.54],[12.39,65.55],[12.36,65.59],[12.35,65.64],[12.36,65.64],[12.36,65.65],[12.43,65.7],[12.44,65.7],[12.49,65.72],[12.5,65.73],[12.51,65.73],[12.53,65.73],[12.54,65.73],[12.56,65.72],[12.57,65.72],[12.57,65.71],[12.59,65.7],[12.61,65.67],[12.61,65.66],[12.61,65.65],[12.62,65.65],[12.65,65.64],[12.75,65.63],[12.76,65.63],[12.77,65.63],[12.78,65.63],[12.79,65.64],[12.67,65.68],[12.58,65.73],[12.55,65.74],[12.55,65.75],[12.55,65.76],[12.61,65.84],[12.64,65.9],[12.65,65.9],[12.67,65.92],[12.69,65.93],[12.7,65.93],[12.74,65.95],[12.78,65.96],[12.8,65.97],[12.81,65.97],[12.83,65.97],[12.84,65.97],[12.9,65.95],[12.92,65.95],[13.06,65.9],[13.16,65.85],[13.17,65.85],[13.18,65.85],[13.18,65.86],[13.15,65.91],[13.12,65.94],[13.11,65.94],[13.08,65.94],[13.06,65.94],[12.99,65.95],[12.95,65.97],[12.93,65.97],[12.92,65.98],[12.93,65.99],[12.96,66.04],[12.91,66.05],[12.88,66.05],[12.74,66.04],[12.73,66.04],[12.71,66.04],[12.67,66.06],[12.67,66.07],[12.83,66.13],[12.85,66.13],[12.89,66.13],[12.92,66.14],[12.96,66.13],[12.98,66.13],[12.99,66.14],[13.07,66.15],[13.16,66.17],[13.23,66.18],[13.26,66.2],[13.27,66.2],[13.3,66.22],[13.31,66.22],[13.35,66.22],[13.55,66.24],[13.56,66.23],[13.57,66.23],[13.58,66.23],[13.58,66.22],[13.58,66.21],[13.57,66.2],[13.53,66.19],[13.53,66.12],[13.53,66.11],[13.54,66.1],[13.55,66.1],[13.61,66.19],[13.62,66.19],[13.65,66.22],[13.66,66.23],[13.68,66.23],[13.71,66.23],[13.75,66.24],[13.76,66.24],[13.78,66.24],[13.8,66.23],[13.81,66.23],[13.86,66.22],[13.88,66.22],[14,66.25],[14.13,66.31],[14.15,66.32],[14.15,66.33],[14.14,66.33],[14.13,66.33],[14.12,66.34],[14.11,66.34],[13.97,66.3],[13.75,66.28],[13.73,66.26],[13.72,66.25],[13.71,66.25],[13.64,66.24],[13.63,66.24],[13.61,66.24],[13.59,66.24],[13.48,66.25],[13.37,66.24],[13.2,66.2],[13.17,66.19],[13.14,66.19],[13.07,66.18],[13.07,66.17],[13.05,66.18],[13.03,66.18],[13.03,66.19],[13.02,66.19],[13.03,66.2],[13.21,66.27],[13.22,66.28],[13.34,66.3],[13.35,66.3],[13.41,66.3],[13.49,66.3],[13.52,66.3],[13.54,66.3],[13.53,66.31],[13.52,66.31],[13.47,66.31],[13.33,66.32],[13.25,66.3],[13.22,66.3],[13.19,66.29],[13.15,66.3],[13.04,66.32],[13.03,66.32],[13.02,66.32],[13.02,66.33],[13.01,66.33],[13,66.35],[13.01,66.36],[13.02,66.36],[13.04,66.36],[13.08,66.37],[13.14,66.39],[13.16,66.39],[13.17,66.4],[13.17,66.41],[13.16,66.43],[13.15,66.44],[13.09,66.49],[13.08,66.5],[13.06,66.5],[13.03,66.5],[13.02,66.5],[12.98,66.51],[12.97,66.52],[12.98,66.52],[13.09,66.54],[13.11,66.54],[13.13,66.53],[13.21,66.51],[13.28,66.52],[13.46,66.56],[13.48,66.58],[13.49,66.58],[13.54,66.59],[13.57,66.6],[13.62,66.6],[13.64,66.6],[13.65,66.6],[13.67,66.6],[13.7,66.6],[13.71,66.6],[13.73,66.6],[13.71,66.61],[13.65,66.61],[13.64,66.61],[13.53,66.61],[13.52,66.61],[13.48,66.59],[13.47,66.59],[13.45,66.58],[13.43,66.56],[13.42,66.56],[13.41,66.55],[13.4,66.55],[13.28,66.54],[13.26,66.54],[13.23,66.55],[13.21,66.55],[13.21,66.56],[13.2,66.56],[13.17,66.65],[13.19,66.66],[13.2,66.66],[13.39,66.65],[13.48,66.64],[13.54,66.64],[13.52,66.64],[13.52,66.65],[13.51,66.65],[13.5,66.66],[13.48,66.66],[13.41,66.68],[13.39,66.68],[13.33,66.69],[13.31,66.69],[13.3,66.69],[13.29,66.69],[13.23,66.71],[13.28,66.72],[13.29,66.72],[13.4,66.72],[13.49,66.71],[13.5,66.71],[13.54,66.7],[13.56,66.69],[13.57,66.69],[13.69,66.69],[13.7,66.69],[13.71,66.69],[13.86,66.72],[13.88,66.72],[13.89,66.73],[13.74,66.73],[13.7,66.72],[13.69,66.72],[13.68,66.72],[13.62,66.71],[13.59,66.71],[13.57,66.71],[13.56,66.71],[13.55,66.71],[13.54,66.72],[13.54,66.73],[13.54,66.74],[13.55,66.75],[13.56,66.76],[13.58,66.76],[13.6,66.76],[13.62,66.76],[13.63,66.76],[13.65,66.76],[13.67,66.76],[13.68,66.76],[13.69,66.76],[13.7,66.76],[13.69,66.76],[13.68,66.76],[13.64,66.77],[13.6,66.77],[13.57,66.77],[13.54,66.77],[13.53,66.77],[13.51,66.78],[13.5,66.78],[13.51,66.79],[13.52,66.79],[13.57,66.8],[13.62,66.81],[13.75,66.8],[13.99,66.78],[13.99,66.79],[13.96,66.8],[13.94,66.8],[13.92,66.8],[13.85,66.8],[13.83,66.8],[13.82,66.8],[13.69,66.83],[13.53,66.89],[13.52,66.9],[13.53,66.91],[13.55,66.93],[13.56,66.93],[13.57,66.93],[13.58,66.94],[13.59,66.94],[13.61,66.94],[13.76,66.94],[13.93,66.92],[13.94,66.92],[13.96,66.92],[14.12,66.98],[14.19,66.97],[14.21,66.97],[14.22,66.97],[14.23,66.98],[14.27,67.01],[14.27,67.02],[14.27,67.03],[14.27,67.04],[14.3,67.05],[14.39,67.06],[14.41,67.06],[14.53,67.05],[14.54,67.04],[14.55,67.04],[14.55,67.03],[14.55,67.02],[14.55,67.01],[14.56,67.01],[14.57,67.02],[14.59,67.02],[14.6,67.03],[14.6,67.04],[14.59,67.05],[14.58,67.05],[14.57,67.05],[14.56,67.06],[14.43,67.07],[14.37,67.07],[14.3,67.07],[14.27,67.08],[14.32,67.14],[14.33,67.15],[14.35,67.15],[14.45,67.16],[14.6,67.16],[14.68,67.16],[14.71,67.15],[14.72,67.14],[14.73,67.14],[14.73,67.13],[14.73,67.12],[14.74,67.11],[14.75,67.12],[14.76,67.12],[14.75,67.14],[14.73,67.16],[14.72,67.16],[14.71,67.16],[14.7,67.17],[14.61,67.17],[14.6,67.18],[14.54,67.17],[14.52,67.17],[14.51,67.18],[14.53,67.18],[14.55,67.19],[14.57,67.19],[14.59,67.2],[14.79,67.21],[14.8,67.21],[14.93,67.21],[14.94,67.2],[14.93,67.18],[14.93,67.17],[14.92,67.17],[14.9,67.16],[14.89,67.15],[14.89,67.14],[14.97,67.1],[14.97,67.09],[14.99,67.09],[15,67.09],[15.01,67.1],[15.01,67.11],[14.99,67.12],[14.98,67.13],[14.96,67.14],[14.94,67.14],[14.93,67.15],[14.96,67.17],[14.97,67.18],[15.02,67.2],[15.03,67.2],[15.05,67.21],[15.06,67.21],[15.08,67.21],[15.25,67.19],[15.35,67.16],[15.38,67.16],[15.39,67.15],[15.4,67.15],[15.4,67.14],[15.39,67.13],[15.39,67.11],[15.45,67.07],[15.5,67.06],[15.47,67.14],[15.39,67.19],[15.38,67.19],[15.38,67.2],[15.41,67.2],[15.41,67.21],[15.42,67.21],[15.43,67.21],[15.48,67.21],[15.53,67.2],[15.58,67.19],[15.6,67.19],[15.61,67.18],[15.63,67.18],[15.71,67.17],[15.73,67.17],[15.74,67.17],[15.74,67.18],[15.73,67.18],[15.7,67.21],[15.41,67.23],[15.28,67.24],[15.26,67.24],[15.25,67.24],[15.24,67.23],[15.22,67.23],[15.2,67.23],[15.08,67.25],[15.06,67.25],[15.07,67.25],[15.08,67.26],[15.09,67.26],[15.1,67.26],[15.13,67.27],[15.14,67.27],[15.15,67.28],[15.16,67.3],[15.16,67.31],[15.15,67.31],[15.14,67.31],[15.04,67.3],[14.86,67.27],[14.84,67.25],[14.82,67.25],[14.71,67.22],[14.69,67.21],[14.67,67.21],[14.64,67.21],[14.62,67.21],[14.55,67.25],[14.53,67.25],[14.36,67.23],[14.36,67.25],[14.46,67.3],[14.56,67.35],[14.58,67.39],[14.57,67.39],[14.62,67.41],[14.63,67.42],[14.66,67.42],[14.76,67.42],[14.79,67.42],[14.81,67.41],[14.82,67.41],[14.81,67.39],[14.8,67.39],[14.88,67.41],[14.93,67.42],[14.91,67.43],[14.88,67.43],[14.84,67.44],[14.82,67.44],[14.73,67.48],[14.73,67.49],[14.74,67.5],[14.82,67.53],[14.91,67.55],[14.92,67.56],[14.97,67.56],[15.04,67.57],[15.07,67.57],[15.08,67.57],[15.13,67.55],[15.15,67.55],[15.16,67.54],[15.16,67.53],[15.15,67.53],[15.14,67.53],[15.01,67.49],[14.99,67.48],[14.96,67.48],[14.93,67.48],[14.94,67.47],[14.99,67.47],[15.01,67.47],[15.04,67.47],[15.11,67.49],[15.33,67.48],[15.4,67.48],[15.43,67.47],[15.44,67.47],[15.46,67.47],[15.47,67.46],[15.53,67.4],[15.59,67.32],[15.63,67.27],[15.64,67.27],[15.65,67.27],[15.68,67.29],[15.69,67.29],[15.7,67.3],[15.7,67.31],[15.62,67.35],[15.52,67.43],[15.53,67.47],[15.54,67.48],[15.55,67.49],[15.59,67.5],[15.62,67.51],[15.7,67.53],[15.71,67.54],[15.76,67.55],[15.77,67.55],[15.79,67.55],[15.85,67.55],[15.88,67.55],[15.89,67.55],[15.9,67.56],[15.89,67.56],[15.88,67.56],[15.85,67.57],[15.83,67.57],[15.72,67.56],[15.7,67.55],[15.66,67.54],[15.64,67.54],[15.61,67.53],[15.55,67.51],[15.54,67.51],[15.53,67.5],[15.36,67.51],[15.28,67.52],[15.25,67.52],[15.24,67.53],[15.23,67.53],[15.18,67.61],[15.18,67.62],[15.19,67.63],[15.3,67.71],[15.3,67.72],[15.31,67.72],[15.32,67.72],[15.36,67.71],[15.46,67.69],[15.51,67.68],[15.65,67.67],[15.6,67.69],[15.58,67.7],[15.57,67.7],[15.56,67.7],[15.55,67.7],[15.53,67.7],[15.52,67.7],[15.51,67.7],[15.49,67.7],[15.48,67.7],[15.4,67.73],[15.4,67.74],[15.48,67.73],[15.54,67.73],[15.57,67.73],[15.58,67.73],[15.6,67.73],[15.61,67.73],[15.65,67.72],[15.76,67.69],[15.77,67.69],[15.79,67.68],[15.82,67.67],[15.83,67.67],[15.84,67.69],[15.78,67.73],[15.68,67.75],[15.63,67.76],[15.59,67.77],[15.38,67.8],[15.37,67.79],[15.36,67.78],[15.19,67.71],[15.17,67.71],[15.07,67.68],[15,67.66],[14.92,67.65],[14.84,67.64],[14.81,67.64],[14.76,67.64],[14.74,67.65],[14.73,67.65],[14.73,67.66],[14.78,67.72],[14.79,67.72],[14.9,67.73],[14.98,67.73],[15.04,67.74],[15.03,67.78],[14.99,67.78],[14.87,67.77],[14.84,67.77],[14.77,67.78],[14.77,67.79],[14.76,67.8],[14.76,67.81],[14.78,67.82],[14.8,67.82],[15,67.84],[15.05,67.84],[15.06,67.84],[15.07,67.83],[15.08,67.84],[15.1,67.85],[15.06,67.86],[15.05,67.86],[15.01,67.85],[14.94,67.85],[14.91,67.84],[14.88,67.84],[14.87,67.84],[14.85,67.84],[14.88,67.87],[14.89,67.87],[14.97,67.89],[14.99,67.89],[15.02,67.89],[15.04,67.89],[15.18,67.88],[15.22,67.87],[15.23,67.87],[15.26,67.86],[15.33,67.89],[15.53,67.92],[15.71,67.95],[15.74,67.95],[15.77,67.95],[15.78,67.95],[15.8,67.94],[15.81,67.94],[15.82,67.93],[15.83,67.93],[15.83,67.92],[15.87,67.92],[15.91,67.95],[15.96,67.99],[15.96,68.01],[15.85,68.04],[15.8,68.03],[15.76,68.03],[15.63,68.03],[15.6,68.03],[15.52,68.05],[15.44,68.03],[15.44,68.01],[15.44,68],[15.41,67.99],[15.4,67.99],[15.33,68],[15.32,68],[15.31,68.01],[15.3,68.02],[15.28,68.03],[15.28,68.04],[15.29,68.04],[15.34,68.07],[15.36,68.08],[15.43,68.12],[15.49,68.13],[15.5,68.13],[15.51,68.13],[15.5,68.12],[15.5,68.11],[15.52,68.1],[15.53,68.1],[15.54,68.1],[15.59,68.11],[15.62,68.12],[15.62,68.13],[15.67,68.15],[15.71,68.14],[15.73,68.14],[15.74,68.09],[15.73,68.09],[15.72,68.09],[15.71,68.09],[15.69,68.09],[15.64,68.09],[15.63,68.09],[15.63,68.08],[15.62,68.06],[15.62,68.05],[15.63,68.05],[15.64,68.05],[15.65,68.05],[15.85,68.09],[15.87,68.1],[15.87,68.11],[15.88,68.11],[15.9,68.13],[15.93,68.18],[15.95,68.23],[15.95,68.24],[15.96,68.24],[15.97,68.25],[16.01,68.24],[16.02,68.24],[16.03,68.24],[16.05,68.23],[16.1,68.17],[16.11,68.15],[16.09,68.07],[16.19,67.98],[16.2,67.97],[16.21,67.95],[16.22,67.93],[16.22,67.92],[16.21,67.9],[16.22,67.89],[16.39,67.82],[16.42,67.81],[16.47,67.8],[16.5,67.79],[16.5,67.81],[16.45,67.85],[16.43,67.85],[16.37,67.86],[16.32,67.87],[16.26,67.89],[16.25,67.9],[16.21,68],[16.24,68.01],[16.25,68.01],[16.35,68.01],[16.41,67.99],[16.43,67.97],[16.44,67.97],[16.46,67.96],[16.47,67.96],[16.49,67.95],[16.52,67.95],[16.53,67.96],[16.54,67.96],[16.5,68.01],[16.49,68.01],[16.47,68.02],[16.42,68.02],[16.39,68.02],[16.37,68.03],[16.36,68.03],[16.37,68.04],[16.39,68.06],[16.46,68.09],[16.47,68.09],[16.5,68.08],[16.52,68.07],[16.54,68.06],[16.66,68.05],[16.68,68.05],[16.71,68.07],[16.54,68.09],[16.51,68.11],[16.45,68.11],[16.41,68.09],[16.34,68.07],[16.3,68.1],[16.31,68.12],[16.41,68.15],[16.48,68.18],[16.49,68.19],[16.46,68.21],[16.42,68.21],[16.35,68.21],[16.32,68.2],[16.29,68.2],[16.24,68.19],[16.23,68.19],[16.19,68.19],[16.17,68.19],[16.16,68.2],[16.16,68.22],[16.17,68.22],[16.19,68.22],[16.2,68.22],[16.22,68.22],[16.25,68.22],[16.31,68.23],[16.32,68.23],[16.32,68.24],[16.3,68.24],[16.3,68.25],[16.28,68.24],[16.27,68.25],[16.25,68.25],[16.11,68.27],[16.1,68.27],[16.1,68.28],[16.13,68.3],[16.14,68.31],[16.18,68.31],[16.19,68.32],[16.51,68.25],[16.52,68.25],[16.54,68.24],[16.56,68.22],[16.57,68.21],[16.57,68.2],[16.63,68.17],[16.72,68.14],[16.73,68.14],[16.77,68.13],[16.8,68.13],[16.81,68.13],[16.8,68.14],[16.73,68.17],[16.65,68.19],[16.63,68.2],[16.6,68.23],[16.59,68.23],[16.59,68.24],[16.47,68.29],[16.41,68.3],[16.25,68.32],[16.24,68.33],[16.22,68.34],[16.23,68.35],[16.29,68.36],[16.32,68.37],[16.55,68.4],[16.59,68.4],[16.71,68.4],[16.72,68.4],[16.74,68.4],[16.85,68.37],[16.86,68.37],[16.88,68.36],[16.88,68.35],[16.87,68.35],[16.86,68.34],[16.84,68.33],[16.83,68.33],[16.83,68.32],[16.89,68.32],[16.9,68.33],[16.98,68.34],[16.99,68.34],[17.01,68.35],[17.03,68.36],[17.05,68.36],[17.13,68.37],[17.14,68.37],[17.15,68.36],[17.17,68.36],[17.32,68.25],[17.33,68.25],[17.33,68.19],[17.33,68.18],[17.31,68.17],[17.32,68.16],[17.33,68.16],[17.34,68.17],[17.36,68.17],[17.36,68.18],[17.41,68.23],[17.42,68.23],[17.42,68.24],[17.41,68.25],[17.4,68.26],[17.39,68.26],[17.34,68.29],[17.33,68.29],[17.32,68.3],[17.29,68.3],[17.28,68.3],[17.27,68.31],[17.22,68.33],[17.21,68.34],[17.2,68.37],[17.25,68.4],[17.26,68.4],[17.32,68.4],[17.34,68.4],[17.39,68.39],[17.41,68.39],[17.43,68.38],[17.48,68.36],[17.54,68.35],[17.55,68.35],[17.57,68.35],[17.57,68.36],[17.58,68.36],[17.57,68.37],[17.52,68.37],[17.48,68.38],[17.38,68.4],[17.37,68.41],[17.38,68.42],[17.4,68.42],[17.49,68.42],[17.56,68.42],[17.58,68.42],[17.57,68.45],[17.55,68.52],[17.54,68.53],[17.53,68.53],[17.52,68.53],[17.35,68.5],[17.33,68.49],[17.32,68.49],[17.31,68.48],[17.3,68.47],[17.29,68.46],[17.26,68.45],[17.23,68.44],[17.18,68.44],[17.11,68.44],[17.06,68.43],[17.02,68.44],[17.01,68.44],[17,68.44],[17,68.45],[17.01,68.45],[17.04,68.45],[17.06,68.45],[17.08,68.46],[17.09,68.46],[17.1,68.47],[17.1,68.48],[17.06,68.49],[17.01,68.5],[16.99,68.5],[16.97,68.5],[16.95,68.49],[16.94,68.49],[16.93,68.48],[16.92,68.47],[16.91,68.47],[16.87,68.45],[16.84,68.45],[16.66,68.44],[16.53,68.43],[16.51,68.43],[16.5,68.44],[16.46,68.5],[16.46,68.51],[16.48,68.52],[16.53,68.54],[16.55,68.54],[16.58,68.53],[16.6,68.53],[16.61,68.53],[16.63,68.53],[16.63,68.54],[16.64,68.54],[16.63,68.55],[16.59,68.56],[16.58,68.56],[16.57,68.57],[16.56,68.57],[16.56,68.58],[16.56,68.59],[16.56,68.6],[16.57,68.61],[16.58,68.61],[16.62,68.64],[16.63,68.64],[16.77,68.67],[16.84,68.68],[16.96,68.7],[16.98,68.7],[17.17,68.71],[17.26,68.72],[17.35,68.71],[17.36,68.71],[17.37,68.71],[17.38,68.7],[17.39,68.7],[17.39,68.69],[17.4,68.68],[17.41,68.68],[17.42,68.67],[17.44,68.67],[17.46,68.66],[17.48,68.66],[17.67,68.65],[17.68,68.65],[17.68,68.66],[17.67,68.66],[17.65,68.67],[17.64,68.68],[17.62,68.68],[17.61,68.68],[17.59,68.68],[17.55,68.68],[17.5,68.68],[17.48,68.69],[17.3,68.73],[17.29,68.73],[17.24,68.75],[17.24,68.76],[17.43,68.81],[17.44,68.81],[17.46,68.81],[17.48,68.81],[17.49,68.81],[17.52,68.8],[17.58,68.79],[17.77,68.75],[17.79,68.76],[17.79,68.77],[17.79,68.78],[17.78,68.78],[17.77,68.79],[17.75,68.79],[17.74,68.79],[17.71,68.78],[17.69,68.78],[17.66,68.79],[17.63,68.79],[17.47,68.83],[17.49,68.84],[17.65,68.88],[17.71,68.89],[17.73,68.89],[17.74,68.89],[17.73,68.88],[17.74,68.88],[17.75,68.87],[17.76,68.87],[17.81,68.86],[17.83,68.86],[17.84,68.87],[17.85,68.87],[17.85,68.88],[17.84,68.88],[17.72,68.93],[17.69,68.93],[17.63,68.93],[17.57,68.92],[17.52,68.92],[17.49,68.91],[17.47,68.9],[17.46,68.9],[17.44,68.89],[17.43,68.89],[17.43,68.9],[17.43,68.91],[17.49,68.99],[17.63,69.1],[17.64,69.11],[17.65,69.11],[17.69,69.11],[17.72,69.11],[17.9,69.13],[18.12,69.14],[18.14,69.15],[18.15,69.15],[18.02,69.23],[18,69.23],[17.99,69.23],[18,69.28],[18,69.29],[18.02,69.3],[18.02,69.31],[18.04,69.31],[18.08,69.32],[18.09,69.32],[18.13,69.34],[18.17,69.39],[18.18,69.4],[18.18,69.41],[18.17,69.43],[18.2,69.46],[18.26,69.49],[18.27,69.49],[18.29,69.49],[18.3,69.49],[18.31,69.48],[18.34,69.47],[18.36,69.46],[18.5,69.37],[18.51,69.35],[18.54,69.3],[18.68,69.26],[18.69,69.26],[18.7,69.26],[18.7,69.27],[18.71,69.27],[18.71,69.28],[18.7,69.28],[18.69,69.29],[18.68,69.3],[18.67,69.3],[18.67,69.31],[18.68,69.31],[18.69,69.32],[18.77,69.33],[18.87,69.32],[18.89,69.32],[18.89,69.31],[18.9,69.3],[18.95,69.29],[18.98,69.28],[18.99,69.28],[19.01,69.28],[19.02,69.29],[18.97,69.32],[18.95,69.33],[18.92,69.33],[18.83,69.34],[18.8,69.34],[18.78,69.34],[18.76,69.35],[18.68,69.36],[18.64,69.37],[18.62,69.38],[18.46,69.44],[18.45,69.45],[18.45,69.46],[18.46,69.5],[18.46,69.51],[18.47,69.51],[18.5,69.52],[18.67,69.54],[18.84,69.55],[18.86,69.55],[18.91,69.48],[18.91,69.46],[18.92,69.45],[19,69.4],[19.01,69.39],[19.02,69.39],[19.1,69.36],[19.12,69.36],[19.15,69.35],[19.16,69.35],[19.18,69.35],[19.24,69.35],[19.25,69.35],[19.29,69.35],[19.33,69.34],[19.35,69.33],[19.37,69.33],[19.37,69.32],[19.38,69.31],[19.36,69.29],[19.34,69.28],[19.32,69.28],[19.31,69.28],[19.28,69.28],[19.21,69.28],[19.2,69.28],[19.19,69.27],[19.18,69.27],[19.17,69.26],[19.16,69.26],[19.16,69.25],[19.17,69.25],[19.19,69.25],[19.31,69.22],[19.34,69.22],[19.44,69.23],[19.45,69.25],[19.45,69.31],[19.45,69.32],[19.42,69.35],[19.36,69.37],[19.35,69.38],[19.3,69.38],[19.28,69.38],[19.27,69.38],[19.25,69.38],[19.21,69.38],[19.17,69.38],[19.15,69.38],[19.12,69.38],[19,69.45],[19,69.46],[19,69.47],[19,69.5],[19.01,69.51],[19.09,69.53],[19.17,69.55],[19.18,69.55],[19.2,69.54],[19.22,69.54],[19.24,69.52],[19.25,69.52],[19.26,69.52],[19.26,69.53],[19.23,69.56],[19.21,69.57],[19.2,69.57],[19.09,69.56],[19.06,69.55],[19.05,69.55],[19.04,69.54],[19.03,69.53],[19.01,69.53],[19,69.53],[18.99,69.54],[18.96,69.56],[18.95,69.57],[18.94,69.58],[18.94,69.61],[18.96,69.62],[19,69.65],[19.11,69.71],[19.18,69.75],[19.25,69.77],[19.27,69.78],[19.71,69.81],[19.74,69.81],[19.76,69.81],[19.77,69.81],[19.78,69.8],[19.77,69.78],[19.71,69.7],[19.68,69.68],[19.68,69.67],[19.69,69.67],[19.72,69.66],[19.73,69.65],[19.73,69.64],[19.72,69.62],[19.71,69.6],[19.7,69.59],[19.7,69.58],[19.63,69.51],[19.53,69.4],[19.53,69.39],[19.54,69.39],[19.68,69.43],[19.69,69.43],[19.71,69.47],[19.72,69.48],[19.72,69.51],[19.71,69.52],[19.83,69.71],[19.94,69.79],[19.97,69.78],[20.05,69.8],[20.08,69.84],[20.15,69.93],[20.16,69.94],[20.28,69.97],[20.3,69.97],[20.32,69.96],[20.39,69.91],[20.41,69.89],[20.42,69.88],[20.43,69.87],[20.42,69.86],[20.39,69.83],[20.35,69.75],[20.34,69.72],[20.33,69.71],[20.32,69.67],[20.29,69.58],[20.28,69.48],[20.27,69.46],[20.26,69.45],[20.19,69.4],[20.17,69.39],[20.1,69.37],[20.06,69.36],[20.01,69.35],[20,69.34],[19.99,69.34],[19.98,69.34],[19.92,69.28],[19.92,69.27],[19.92,69.26],[19.93,69.26],[19.95,69.26],[20.02,69.31],[20.04,69.31],[20.18,69.37],[20.2,69.38],[20.21,69.38],[20.31,69.42],[20.32,69.44],[20.36,69.47],[20.46,69.57],[20.47,69.58],[20.48,69.58],[20.5,69.57],[20.52,69.57],[20.53,69.56],[20.56,69.55],[20.61,69.53],[20.69,69.51],[20.7,69.51],[20.84,69.49],[20.85,69.49],[20.85,69.5],[20.82,69.51],[20.67,69.55],[20.51,69.62],[20.49,69.62],[20.48,69.63],[20.48,69.64],[20.57,69.76],[20.62,69.77],[20.71,69.78],[20.77,69.79],[20.79,69.8],[20.8,69.8],[20.81,69.81],[20.83,69.83],[20.83,69.84],[20.82,69.84],[20.8,69.86],[20.79,69.87],[20.8,69.88],[20.9,69.9],[21.06,69.95],[21.07,69.95],[21.09,69.94],[21.08,69.94],[21.06,69.93],[21.05,69.92],[21.03,69.92],[21.01,69.91],[21,69.91],[20.98,69.9],[20.9,69.85],[20.89,69.85],[20.95,69.81],[20.99,69.79],[21,69.78],[21.02,69.78],[21.05,69.79],[21.14,69.87],[21.23,69.97],[21.24,69.99],[21.25,70],[21.26,70.01],[21.31,70.02],[21.32,70.02],[21.35,70.03],[21.38,70.03],[21.41,70.02],[21.44,70.02],[21.55,69.98],[21.6,69.95],[21.6,69.94],[21.59,69.94],[21.58,69.92],[21.59,69.92],[21.62,69.91],[21.68,69.89],[21.69,69.89],[21.71,69.88],[21.74,69.88],[21.77,69.88],[21.79,69.87],[21.89,69.83],[21.92,69.81],[21.93,69.8],[21.96,69.77],[21.98,69.74],[22.04,69.73],[22.07,69.73],[22.09,69.74],[22.1,69.74],[22.1,69.75],[22.02,69.84],[21.91,69.94],[21.8,70.03],[21.8,70.04],[21.81,70.04],[21.82,70.05],[21.85,70.05],[21.89,70.05],[21.98,70.06],[22.01,70.06],[22.02,70.06],[22.03,70.06],[22.09,70.1],[22.1,70.11],[22.08,70.11],[22.06,70.1],[22.05,70.1],[21.99,70.09],[21.96,70.08],[21.75,70.06],[21.73,70.06],[21.72,70.06],[21.48,70.1],[21.47,70.1],[21.46,70.1],[21.46,70.11],[21.43,70.14],[21.33,70.16],[21.31,70.16],[21.3,70.16],[21.28,70.17],[21.2,70.2],[21.21,70.21],[21.22,70.21],[21.25,70.22],[21.3,70.25],[21.52,70.3],[21.58,70.3],[21.59,70.29],[21.59,70.28],[21.61,70.27],[21.62,70.26],[21.64,70.26],[21.73,70.24],[21.81,70.24],[21.8,70.24],[21.81,70.25],[21.81,70.26],[21.82,70.26],[21.84,70.27],[21.98,70.32],[21.99,70.32],[22,70.32],[22.15,70.28],[22.23,70.29],[22.26,70.29],[22.3,70.28],[22.31,70.28],[22.32,70.28],[22.32,70.27],[22.28,70.18],[22.34,70.14],[22.53,70.12],[22.55,70.12],[22.56,70.12],[22.55,70.13],[22.54,70.13],[22.52,70.14],[22.5,70.14],[22.49,70.14],[22.39,70.16],[22.35,70.16],[22.34,70.16],[22.33,70.17],[22.38,70.25],[22.39,70.25],[22.4,70.25],[22.42,70.25],[22.5,70.25],[22.52,70.25],[22.59,70.24],[22.6,70.23],[22.67,70.22],[22.85,70.21],[22.86,70.21],[22.93,70.21],[22.95,70.21],[22.96,70.2],[22.97,70.2],[22.98,70.19],[22.97,70.19],[22.96,70.18],[22.89,70.14],[22.83,70.11],[22.82,70.11],[22.8,70.11],[22.72,70.1],[22.57,70.08],[22.54,70.08],[22.52,70.08],[22.49,70.09],[22.47,70.08],[22.45,70.08],[22.42,70.08],[22.33,70.05],[22.31,70.05],[22.3,70.04],[22.29,70.04],[22.3,70.03],[22.31,70.04],[22.32,70.04],[22.36,70.05],[22.38,70.05],[22.45,70.06],[22.49,70.06],[22.5,70.07],[22.57,70.07],[22.59,70.07],[22.65,70.08],[22.81,70.09],[22.87,70.1],[22.88,70.1],[22.99,70.09],[23.05,70.02],[23.17,69.96],[23.31,69.94],[23.32,69.94],[23.46,69.98],[23.48,69.99],[23.54,70.02],[23.53,70.02],[23.52,70.03],[23.5,70.03],[23.47,70.03],[23.43,70.03],[23.39,70.03],[23.37,70.03],[23.36,70.03],[23.34,70.03],[23.32,70.03],[23.26,70.05],[23.25,70.05],[23.23,70.06],[23.18,70.09],[23.27,70.11],[23.34,70.11],[23.36,70.15],[23.32,70.19],[23.33,70.22],[23.38,70.22],[23.5,70.23],[23.52,70.24],[23.53,70.24],[23.52,70.25],[23.46,70.25],[23.45,70.25],[23.43,70.25],[23.42,70.25],[23.41,70.27],[23.46,70.31],[23.59,70.38],[23.65,70.41],[23.66,70.42],[23.81,70.48],[23.82,70.49],[23.85,70.5],[23.89,70.5],[23.98,70.51],[24.01,70.51],[24.03,70.51],[24.25,70.48],[24.28,70.47],[24.3,70.47],[24.32,70.46],[24.34,70.45],[24.36,70.45],[24.36,70.46],[24.36,70.47],[24.26,70.51],[24.25,70.51],[24.23,70.52],[24.21,70.52],[24.16,70.57],[24.3,70.67],[24.33,70.68],[24.36,70.69],[24.48,70.68],[24.5,70.67],[24.52,70.66],[24.62,70.62],[24.65,70.61],[24.68,70.61],[24.7,70.61],[24.71,70.61],[24.72,70.62],[24.73,70.62],[24.73,70.63],[24.74,70.64],[24.73,70.65],[24.72,70.66],[24.7,70.67],[24.56,70.74],[24.55,70.74],[24.53,70.74],[24.48,70.74],[24.41,70.75],[24.39,70.75],[24.27,70.77],[24.26,70.77],[24.25,70.77],[24.25,70.78],[24.26,70.83],[24.27,70.84],[24.28,70.84],[24.39,70.87],[24.4,70.87],[24.41,70.86],[24.41,70.85],[24.47,70.82],[24.48,70.81],[24.59,70.78],[24.62,70.78],[24.64,70.78],[24.65,70.79],[24.64,70.8],[24.64,70.81],[24.61,70.86],[24.57,70.94],[24.59,70.96],[24.66,70.97],[24.68,70.97],[24.71,70.97],[24.78,70.97],[24.85,70.93],[24.86,70.93],[24.86,70.92],[24.85,70.92],[24.88,70.91],[24.97,70.91],[24.98,70.91],[24.99,70.94],[24.99,70.95],[24.98,70.96],[24.97,70.96],[24.97,70.97],[24.98,70.97],[24.99,70.97],[25,70.97],[25.02,70.97],[25.03,70.97],[25.06,70.95],[25.16,70.92],[25.22,70.88],[25.24,70.86],[25.25,70.85],[25.25,70.84],[25.26,70.83],[25.26,70.81],[25.28,70.8],[25.35,70.81],[25.39,70.87],[25.39,70.88],[25.39,70.89],[25.38,70.91],[25.36,70.92],[25.35,70.93],[25.34,70.94],[25.34,70.95],[25.34,70.96],[25.35,70.97],[25.36,70.97],[25.37,70.97],[25.39,70.97],[25.41,70.96],[25.44,70.95],[25.46,70.95],[25.51,70.93],[25.53,70.92],[25.53,70.91],[25.54,70.91],[25.64,70.89],[25.86,70.89],[25.87,70.89],[25.9,70.89],[25.91,70.89],[25.92,70.87],[25.93,70.86],[25.92,70.86],[25.91,70.85],[25.86,70.83],[25.85,70.83],[25.77,70.8],[25.69,70.77],[25.66,70.73],[25.65,70.72],[25.64,70.72],[25.63,70.71],[25.53,70.67],[25.36,70.61],[25.22,70.56],[25.21,70.55],[25.1,70.52],[25.09,70.51],[25.08,70.51],[25.07,70.5],[25.09,70.5],[25.1,70.5],[25.15,70.5],[25.19,70.51],[25.26,70.49],[25.27,70.41],[25.27,70.4],[25.27,70.39],[25.26,70.39],[25.24,70.39],[25.23,70.39],[25.2,70.39],[25.19,70.39],[25.14,70.38],[25.09,70.36],[25.08,70.36],[25.1,70.32],[25.11,70.31],[25.13,70.31],[25.14,70.32],[25.13,70.28],[25.02,70.24],[24.99,70.23],[24.98,70.22],[24.96,70.19],[24.95,70.15],[24.94,70.14],[24.94,70.1],[24.94,70.09],[24.95,70.08],[24.98,70.07],[25,70.06],[25.02,70.06],[25.04,70.06],[25.05,70.06],[25.06,70.08],[25.06,70.09],[25.05,70.1],[25.04,70.1],[25.03,70.11],[25.03,70.12],[25.04,70.12],[25.07,70.14],[25.09,70.15],[25.09,70.14],[25.09,70.13],[25.08,70.12],[25.09,70.09],[25.1,70.09],[25.11,70.08],[25.14,70.08],[25.16,70.08],[25.23,70.09],[25.26,70.1],[25.27,70.1],[25.4,70.2],[25.51,70.26],[25.52,70.28],[25.53,70.28],[25.54,70.29],[25.54,70.3],[25.52,70.31],[25.49,70.31],[25.45,70.31],[25.43,70.32],[25.42,70.32],[25.43,70.33],[25.45,70.35],[25.46,70.35],[25.47,70.36],[25.51,70.37],[25.58,70.41],[25.8,70.52],[25.95,70.58],[25.96,70.59],[25.97,70.59],[26,70.6],[26.01,70.61],[26.02,70.64],[26.03,70.65],[26.24,70.79],[26.35,70.85],[26.37,70.86],[26.52,70.93],[26.55,70.93],[26.57,70.94],[26.68,70.95],[26.69,70.95],[26.72,70.93],[26.73,70.92],[26.73,70.9],[26.69,70.74],[26.68,70.73],[26.67,70.72],[26.65,70.71],[26.63,70.7],[26.6,70.7],[26.57,70.69],[26.54,70.68],[26.48,70.68],[26.46,70.67],[26.37,70.66],[26.35,70.65],[26.34,70.64],[26.35,70.64],[26.37,70.64],[26.41,70.64],[26.45,70.65],[26.5,70.66],[26.51,70.66],[26.55,70.66],[26.64,70.64],[26.65,70.64],[26.65,70.63],[26.61,70.54],[26.6,70.53],[26.56,70.5],[26.51,70.43],[26.5,70.37],[26.5,70.36],[26.52,70.35],[26.53,70.35],[26.55,70.35],[26.56,70.35],[26.57,70.35],[26.63,70.37],[26.76,70.42],[26.79,70.44],[26.8,70.45],[26.8,70.47],[26.8,70.48],[26.84,70.48],[26.93,70.48],[26.97,70.46],[27.03,70.47],[26.99,70.52],[26.98,70.56],[26.98,70.57],[27.01,70.59],[27.06,70.61],[27.07,70.61],[27.09,70.6],[27.1,70.6],[27.23,70.58],[27.27,70.58],[27.26,70.59],[27.23,70.6],[27.21,70.61],[27.15,70.62],[27.08,70.7],[27.09,70.71],[27.1,70.72],[27.13,70.74],[27.14,70.74],[27.15,70.74],[27.25,70.75],[27.28,70.77],[27.3,70.81],[27.31,70.82],[27.32,70.82],[27.34,70.83],[27.35,70.82],[27.42,70.81],[27.52,70.81],[27.57,70.81],[27.51,70.86],[27.46,70.88],[27.38,70.88],[27.31,70.88],[27.28,70.88],[27.26,70.88],[27.2,70.89],[27.17,70.9],[27.16,70.9],[27.14,70.91],[27.12,70.92],[27.14,70.96],[27.22,71.02],[27.23,71.02],[27.26,71.03],[27.27,71.03],[27.46,71.01],[27.48,71],[27.52,71.07],[27.52,71.08],[27.53,71.08],[27.57,71.09],[27.65,71.11],[27.73,71.09],[27.77,71.05],[27.87,71.03],[27.89,71.03],[27.97,71.05],[27.98,71.05],[28.01,71.06],[28.03,71.07],[28.21,71.08],[28.22,71.08],[28.24,71.07],[28.25,71.06],[28.26,71.05],[28.34,71],[28.38,71],[28.47,70.99],[28.49,70.99],[28.52,70.98],[28.54,70.98],[28.55,70.97],[28.53,70.94],[28.52,70.92],[28.44,70.86],[28.36,70.82],[28.26,70.79],[28.25,70.79],[28.24,70.78],[28.23,70.78],[28.14,70.78],[28.02,70.79],[28,70.79],[27.8,70.79],[27.79,70.79],[27.77,70.79],[27.76,70.78],[27.77,70.78],[27.83,70.77],[27.89,70.76],[27.92,70.76],[28.11,70.74],[28.13,70.73],[28.12,70.72],[28.09,70.71],[28.07,70.7],[28.04,70.69],[27.84,70.65],[27.66,70.61],[27.65,70.61],[27.66,70.6],[27.71,70.6],[27.74,70.6],[27.8,70.61],[27.84,70.61],[28.13,70.67],[28.16,70.67],[28.18,70.68],[28.19,70.68],[28.2,70.69],[28.21,70.7],[28.27,70.72],[28.29,70.72],[28.3,70.71],[28.3,70.7],[28.3,70.68],[28.29,70.66],[28.28,70.65],[28.28,70.64],[28.25,70.62],[28.24,70.62],[28.22,70.61],[28.19,70.6],[28.15,70.58],[28.13,70.57],[28,70.53],[27.98,70.52],[27.94,70.51],[27.92,70.5],[27.88,70.49],[27.86,70.48],[27.85,70.48],[27.88,70.45],[27.9,70.44],[27.97,70.48],[28.07,70.49],[28.11,70.5],[28.15,70.5],[28.18,70.5],[28.17,70.49],[28.13,70.49],[28.11,70.48],[28.09,70.47],[28.06,70.46],[28.05,70.45],[28.04,70.45],[28.04,70.44],[28.05,70.43],[28.12,70.44],[28.13,70.44],[28.14,70.44],[28.15,70.45],[28.15,70.46],[28.18,70.47],[28.23,70.51],[28.3,70.51],[28.32,70.51],[28.33,70.51],[28.34,70.51],[28.33,70.5],[28.32,70.49],[28.31,70.48],[28.25,70.45],[28.19,70.41],[28.17,70.39],[28.15,70.37],[28.15,70.36],[28.16,70.23],[28.16,70.2],[28.18,70.17],[28.19,70.16],[28.18,70.15],[28.17,70.13],[28.16,70.12],[28.13,70.11],[28.11,70.09],[28.09,70.08],[28.04,70.06],[28.07,70.06],[28.08,70.07],[28.1,70.07],[28.12,70.08],[28.13,70.08],[28.16,70.1],[28.2,70.13],[28.23,70.16],[28.23,70.17],[28.22,70.18],[28.2,70.21],[28.19,70.28],[28.22,70.39],[28.23,70.4],[28.33,70.47],[28.48,70.63],[28.51,70.67],[28.53,70.71],[28.52,70.72],[28.53,70.73],[28.54,70.74],[28.74,70.86],[28.75,70.86],[28.8,70.87],[28.83,70.88],[28.85,70.88],[28.88,70.88],[28.9,70.88],[28.95,70.88],[29.04,70.87],[29.24,70.85],[29.25,70.84],[29.26,70.84],[29.32,70.79],[29.35,70.69],[29.35,70.66],[29.58,70.71],[29.63,70.72],[29.66,70.73],[29.67,70.74],[29.68,70.74],[29.69,70.74],[29.77,70.73],[29.78,70.73],[29.79,70.71],[29.79,70.7],[29.78,70.69],[29.78,70.67],[29.77,70.66],[29.76,70.66],[29.75,70.65],[29.73,70.64],[29.7,70.63],[29.69,70.63],[29.68,70.62],[29.69,70.61],[29.7,70.61],[29.8,70.63],[29.84,70.64],[29.85,70.64],[29.86,70.64],[29.86,70.65],[29.87,70.66],[29.88,70.66],[29.94,70.7],[29.95,70.7],[29.98,70.71],[30.01,70.71],[30.07,70.71],[30.09,70.71],[30.1,70.71],[30.11,70.71],[30.2,70.68],[30.34,70.61],[30.35,70.6],[30.34,70.59],[30.3,70.58],[30.23,70.55],[30.07,70.54],[30.02,70.54],[30,70.54],[30,70.53],[30.01,70.53],[30.04,70.52],[30.06,70.52],[30.14,70.51],[30.16,70.51],[30.17,70.51],[30.21,70.52],[30.27,70.53],[30.28,70.53],[30.3,70.54],[30.31,70.54],[30.34,70.55],[30.36,70.55],[30.41,70.55],[30.43,70.56],[30.46,70.56],[30.48,70.55],[30.58,70.54],[30.6,70.54],[30.61,70.53],[30.64,70.49],[30.83,70.43],[30.93,70.45],[30.94,70.45],[30.95,70.45],[31.01,70.4],[31.04,70.35],[31.08,70.29],[31.07,70.28],[31.06,70.28],[30.91,70.26],[30.9,70.26],[30.88,70.26],[30.73,70.26],[30.54,70.24],[30.52,70.24],[30.36,70.18],[30.35,70.17],[30.35,70.16],[30.36,70.16],[30.39,70.15],[30.38,70.14],[30.37,70.14],[30.35,70.13],[30.34,70.12],[30.32,70.12],[30.11,70.07],[30.09,70.07],[29.93,70.06],[29.91,70.06],[29.88,70.06],[29.8,70.07],[29.78,70.07],[29.76,70.07],[29.52,70.1],[29.26,70.12],[29.04,70.13],[28.82,70.17],[28.75,70.18],[28.73,70.18],[28.7,70.18],[28.66,70.18],[28.62,70.17],[28.59,70.16],[28.61,70.16],[28.66,70.16],[28.7,70.16],[28.71,70.16],[28.74,70.17],[28.75,70.16],[28.74,70.15],[28.67,70.13],[28.64,70.12],[28.61,70.12],[28.61,70.11],[28.63,70.11],[28.83,70.07],[29,70.05],[29.2,70.01],[29.26,70.01],[29.39,70],[29.52,69.99],[29.64,69.97],[29.67,69.97],[29.66,69.96],[29.59,69.93],[29.56,69.93],[29.5,69.91],[29.43,69.89],[29.37,69.86],[29.38,69.85],[29.41,69.85],[29.42,69.85],[29.43,69.86],[29.47,69.88],[29.48,69.89],[29.52,69.91],[29.54,69.91],[29.55,69.91],[29.7,69.92],[29.72,69.91],[29.73,69.91],[29.74,69.91],[29.77,69.84],[29.77,69.83],[29.74,69.81],[29.69,69.78],[29.67,69.77],[29.65,69.77],[29.64,69.77],[29.5,69.67],[29.49,69.66],[29.5,69.66],[29.53,69.67],[29.55,69.68],[29.56,69.68],[29.56,69.69],[29.57,69.69],[29.58,69.7],[29.65,69.73],[29.66,69.73],[29.69,69.74],[29.72,69.74],[29.95,69.75],[30.03,69.73],[30.14,69.69],[30.17,69.69],[30.19,69.69],[30.18,69.7],[30.14,69.72],[30.13,69.76],[30.19,69.76],[30.16,69.8],[30.16,69.85],[30.17,69.87],[30.18,69.88],[30.29,69.88],[30.31,69.88],[30.32,69.88],[30.33,69.87],[30.4,69.83],[30.4,69.82],[30.42,69.77],[30.42,69.72],[30.42,69.7],[30.41,69.69],[30.41,69.68],[30.4,69.68],[30.39,69.68],[30.35,69.67],[30.34,69.67],[30.35,69.67],[30.37,69.67],[30.41,69.67],[30.42,69.67],[30.43,69.67],[30.44,69.68],[30.45,69.68],[30.45,69.69],[30.47,69.74],[30.46,69.75],[30.45,69.76],[30.45,69.77],[30.45,69.8],[30.45,69.81],[30.47,69.81],[30.56,69.82],[30.59,69.81],[30.63,69.81],[30.71,69.81],[30.72,69.8],[30.79,69.79],[30.86,69.79],[30.9,69.73],[30.94,69.69],[30.95,69.65],[30.95,69.61],[30.95,69.6],[30.95,69.58],[30.94,69.57],[30.92,69.55],[30.91,69.55],[30.9,69.55],[30.86,69.54],[30.82,69.53],[30.8,69.53],[30.77,69.53],[30.55,69.54],[30.53,69.55],[30.51,69.55],[30.45,69.57],[30.39,69.59],[30.37,69.6],[30.35,69.61],[30.34,69.62],[30.3,69.63],[30.2,69.66],[30.19,69.67],[30.17,69.67],[30.16,69.67],[30.13,69.67],[30.12,69.67],[30.1,69.66],[30.08,69.66],[30.08,69.65],[30.07,69.65],[30.07,69.63],[30.09,69.63],[30.1,69.63],[30.13,69.63],[30.14,69.63],[30.18,69.59],[30.18,69.58],[30.18,69.57],[30.1,69.5],[30.06,69.49],[29.9,69.43],[29.66,69.37],[29.6,69.36],[29.57,69.35],[29.54,69.35],[29.48,69.34],[29.41,69.33],[29.32,69.32],[29.31,69.31],[29.3,69.31],[29.3,69.3],[29.29,69.3],[29.29,69.29],[29.3,69.28],[29.3,69.27],[29.31,69.26],[29.32,69.25],[29.32,69.24],[29.32,69.23],[29.3,69.19],[29.29,69.18],[29.25,69.12],[29.24,69.11],[29.23,69.1],[29.2,69.09],[29.2,69.08],[29.18,69.07],[29.13,69.05],[29.1,69.04],[29.06,69.03],[29.05,69.03],[29.02,69.03],[29,69.03],[29,69.04],[28.96,69.05],[28.89,69.07],[28.86,69.08],[28.83,69.09],[28.8,69.11],[28.79,69.12],[28.78,69.12],[28.78,69.13],[28.78,69.15],[28.78,69.16],[28.8,69.19],[28.82,69.23],[28.83,69.24],[28.84,69.24],[28.9,69.28],[28.92,69.28],[28.93,69.29],[28.99,69.31],[29,69.32],[29.03,69.33],[29.06,69.34],[29.12,69.37],[29.27,69.45],[29.29,69.46],[29.3,69.48],[29.3,69.49],[29.3,69.5],[29.18,69.63],[29.18,69.64],[29.13,69.69],[29.11,69.7],[29.1,69.71],[29.01,69.72],[28.99,69.72],[28.95,69.73],[28.91,69.73],[28.74,69.76],[28.7,69.77],[28.41,69.82],[28.38,69.83],[28.37,69.83],[28.37,69.84],[28.36,69.85],[28.34,69.88],[28.32,69.89],[28.31,69.89],[28.28,69.9],[28.23,69.9],[28.2,69.91],[28.17,69.91],[28.15,69.92],[28.11,69.93],[28.09,69.94],[28,69.99],[27.98,70],[27.98,70.01],[27.97,70.02],[27.97,70.04],[27.98,70.04],[27.98,70.05],[27.97,70.06],[27.96,70.07],[27.94,70.08],[27.93,70.09],[27.92,70.09],[27.9,70.09],[27.87,70.09],[27.6,70.07],[27.57,70.07],[27.57,70.06],[27.42,70.02],[27.3,69.99],[27.3,69.98],[27.3,69.97],[27.31,69.97],[27.31,69.96],[27.3,69.95],[27.29,69.95],[27.28,69.95],[27.21,69.93],[27.08,69.91],[27.07,69.91],[27.05,69.91],[27.04,69.91],[26.9,69.92],[26.89,69.93],[26.87,69.93],[26.86,69.94],[26.86,69.95],[26.81,69.95],[26.62,69.95],[26.6,69.95],[26.48,69.94],[26.47,69.94],[26.45,69.93],[26.44,69.91],[26.42,69.9],[26.42,69.89],[26.4,69.87],[26.39,69.87],[26.38,69.85],[26.37,69.85],[26.17,69.75],[26.16,69.74],[26.13,69.73],[26.1,69.73],[26.01,69.71],[26,69.71],[25.99,69.71],[25.98,69.7],[25.97,69.69],[25.95,69.68],[25.95,69.67],[25.94,69.67],[25.94,69.66],[25.95,69.66],[25.96,69.65],[25.97,69.64],[25.98,69.63],[25.97,69.62],[25.96,69.6],[25.96,69.59],[25.95,69.58],[25.87,69.49],[25.84,69.39],[25.83,69.38],[25.81,69.37],[25.77,69.35],[25.75,69.34],[25.74,69.32],[25.71,69.25],[25.71,69.21],[25.73,69.11],[25.77,69.05],[25.76,68.99],[25.69,68.93],[25.66,68.91],[25.65,68.91],[25.65,68.9],[25.63,68.89],[25.62,68.88],[25.61,68.88],[25.59,68.88],[25.57,68.88],[25.55,68.88],[25.51,68.89],[25.49,68.89],[25.47,68.89],[25.44,68.89],[25.43,68.89],[25.41,68.89],[25.39,68.88],[25.36,68.87],[25.23,68.83],[25.21,68.82],[25.19,68.8],[25.17,68.79],[25.16,68.77],[25.11,68.68],[25.1,68.67],[25.11,68.66],[25.11,68.65],[25.11,68.64],[25.1,68.64],[25.1,68.63],[25.08,68.62],[24.93,68.58],[24.86,68.59],[24.84,68.61],[24.83,68.61],[24.83,68.62],[24.81,68.63],[24.8,68.64],[24.77,68.65],[24.75,68.66],[24.69,68.68],[24.63,68.69],[24.58,68.69],[24.51,68.7],[24.45,68.7],[24.42,68.7],[24.36,68.71],[24.35,68.71],[24.34,68.71],[24.22,68.75],[24.2,68.75],[24.12,68.78],[24.1,68.8],[24.09,68.8],[24.09,68.81],[24.08,68.81],[24.07,68.82],[24.06,68.82],[24.05,68.82],[24.03,68.83],[23.98,68.83],[23.9,68.83],[23.86,68.83],[23.83,68.83],[23.82,68.83],[23.82,68.82],[23.8,68.8],[23.8,68.79],[23.78,68.78],[23.76,68.76],[23.74,68.74],[23.71,68.72],[23.7,68.72],[23.69,68.71],[23.68,68.71],[23.66,68.71],[23.58,68.7],[23.52,68.7],[23.47,68.69],[23.41,68.68],[23.33,68.66],[23.29,68.65],[23.28,68.64],[23.26,68.64],[23.2,68.63],[23.19,68.63],[23.16,68.64],[23.14,68.65],[23.1,68.67],[23.07,68.69],[23.06,68.7],[22.86,68.69],[22.8,68.69],[22.55,68.74],[22.5,68.73],[22.4,68.71],[22.37,68.79],[22.36,68.81],[22.35,68.84],[22.28,68.88],[22.2,68.93],[22.19,68.94],[22.2,68.94],[22.2,68.95],[22.21,68.95],[22.04,69.05],[22,69.08],[21.68,69.28],[21.32,69.33],[21.05,69.23],[21.04,69.22],[21.03,69.21],[21.04,69.16],[21.05,69.14],[21.07,69.13],[21.08,69.12],[21.11,69.11],[21.11,69.1],[21.1,69.08],[21.09,69.06],[21.07,69.05],[21.07,69.04],[21.06,69.03],[21.03,69.03],[20.98,69.05],[20.94,69.06],[20.84,69.08],[20.82,69.09],[20.77,69.09],[20.74,69.1],[20.72,69.1],[20.7,69.09],[20.68,69.09],[20.61,69.07],[20.58,69.06],[20.54,69.06],[20.1,69.04],[20.24,68.97],[20.32,68.93],[20.35,68.79],[20.31,68.75],[20.24,68.69],[20.2,68.66],[20.18,68.65],[20.06,68.58],[19.96,68.54],[20.09,68.5],[20.21,68.48],[20.2,68.46],[20.18,68.45],[20.17,68.44],[20.08,68.42],[20.05,68.4],[20.03,68.39],[20.01,68.38],[19.98,68.36],[19.96,68.35],[19.96,68.34],[19.95,68.34],[19.94,68.34],[19.92,68.34],[19.9,68.34],[19.86,68.35],[19.72,68.37],[19.54,68.4],[19.41,68.42],[18.95,68.49],[18.61,68.47],[18.36,68.54],[18.15,68.52],[18.1,68.51],[18.09,68.51],[18.08,68.49],[18.06,68.44],[18.05,68.41],[18.05,68.39],[18.07,68.35],[18.09,68.32],[18.1,68.28],[18.16,68.17],[18.14,68.15],[17.94,68],[17.88,67.95],[17.86,67.95],[17.83,67.95],[17.82,67.96],[17.8,67.96],[17.74,67.98],[17.68,68],[17.65,68.01],[17.59,68.03],[17.27,68.09],[17.25,68.08],[17.23,68.06],[17.19,68.03],[16.73,67.9],[16.68,67.83],[16.62,67.73],[16.59,67.68],[16.58,67.67],[16.57,67.66],[16.51,67.61],[16.4,67.53],[16.38,67.52],[16.21,67.5],[16.19,67.5],[16.09,67.41],[16.09,67.4],[16.1,67.39],[16.11,67.38],[16.14,67.37],[16.16,67.36],[16.2,67.34],[16.22,67.33],[16.26,67.31],[16.34,67.26],[16.36,67.24],[16.4,67.18],[16.41,67.16],[16.35,67.02],[16.01,66.89],[15.73,66.69],[15.63,66.61],[15.53,66.56],[15.36,66.48],[15.37,66.46],[15.4,66.41],[15.45,66.32],[15.47,66.28],[15.03,66.15],[14.98,66.15],[14.72,66.14],[14.51,66.13],[14.51,66.11],[14.52,66.08],[14.54,66.03],[14.54,66.01],[14.57,65.95],[14.58,65.93],[14.61,65.88],[14.63,65.83],[14.63,65.82],[14.62,65.8],[14.6,65.77],[14.59,65.76],[14.56,65.74],[14.54,65.71],[14.54,65.7],[14.53,65.7],[14.5,65.59],[14.5,65.52],[14.49,65.45],[14.49,65.38],[14.49,65.36],[14.49,65.31],[14.37,65.25],[14.36,65.21],[14.33,65.15],[14.32,65.13],[14.31,65.11],[14.3,65.1],[14.23,65.05],[14.09,64.95],[13.96,64.84],[13.88,64.77],[13.83,64.73],[13.73,64.65],[13.71,64.64],[13.7,64.63],[13.68,64.61],[13.66,64.59],[13.66,64.58],[13.68,64.57],[13.82,64.53],[13.9,64.51],[14.03,64.49],[14.12,64.47],[14.15,64.34],[14.15,64.33],[14.15,64.19],[14.15,64.17],[13.99,64.02],[13.98,64.01],[13.29,64.09],[13.23,64.09],[13.19,64.09],[13.14,64.08],[13.03,64.07],[12.99,64.06],[12.94,64.05],[12.85,64.03],[12.79,64.01],[12.68,63.97],[12.63,63.94],[12.53,63.87],[12.47,63.83],[12.35,63.73],[12.15,63.59],[12.14,63.58],[12.18,63.51],[12.2,63.48],[12.14,63.44],[12.08,63.39],[12,63.32],[11.94,63.27],[12.03,63.18],[12.04,63.17],[12.14,63.05],[12.17,63.02],[12.15,63],[12.11,62.97],[12.06,62.92],[12.03,62.89],[12.05,62.84],[12.07,62.8],[12.09,62.75],[12.07,62.72],[12.05,62.66],[12.05,62.59],[12.09,62.53],[12.15,62.46],[12.17,62.44],[12.18,62.42],[12.2,62.41],[12.21,62.39],[12.24,62.34],[12.26,62.33],[12.27,62.31],[12.29,62.27],[12.3,62.26],[12.29,62.26],[12.26,62.14],[12.21,62.01],[12.2,61.96],[12.18,61.91],[12.17,61.88],[12.16,61.84],[12.12,61.73],[12.14,61.72],[12.39,61.58],[12.41,61.57],[12.43,61.57],[12.45,61.57],[12.47,61.57],[12.48,61.57],[12.52,61.57],[12.53,61.57],[12.77,61.41],[12.86,61.36],[12.83,61.31],[12.8,61.24],[12.77,61.2],[12.67,61.09],[12.64,61.06],[12.62,61.05],[12.6,61.05],[12.57,61.05],[12.5,61.05],[12.46,61.05],[12.43,61.05],[12.41,61.05],[12.39,61.05],[12.29,61.03],[12.25,61.02],[12.22,61.01],[12.21,61],[12.22,60.99],[12.23,60.98],[12.25,60.97],[12.27,60.95],[12.31,60.89],[12.34,60.84],[12.35,60.8],[12.37,60.78],[12.38,60.76],[12.39,60.75],[12.43,60.71],[12.51,60.63],[12.59,60.53],[12.59,60.52],[12.61,60.48],[12.61,60.47],[12.61,60.46],[12.6,60.44],[12.6,60.42],[12.59,60.4],[12.57,60.38],[12.54,60.34],[12.53,60.33],[12.5,60.21],[12.51,60.19],[12.51,60.18],[12.51,60.17],[12.5,60.15],[12.5,60.13],[12.5,60.12],[12.49,60.11],[12.49,60.1],[12.48,60.08],[12.46,60.06],[12.32,59.98],[12.31,59.97],[12.19,59.91],[12.16,59.9],[12.14,59.89],[12.13,59.89],[12.11,59.89],[12.03,59.89],[12.01,59.89],[12,59.89],[11.98,59.9],[11.97,59.9],[11.96,59.9],[11.88,59.87],[11.85,59.86],[11.82,59.85],[11.87,59.81],[11.88,59.8],[11.89,59.8],[11.9,59.78],[11.9,59.77],[11.9,59.74],[11.9,59.72],[11.9,59.71],[11.9,59.7],[11.83,59.65],[11.82,59.65],[11.81,59.65],[11.78,59.64],[11.76,59.64],[11.67,59.59],[11.74,59.43],[11.78,59.33],[11.79,59.3],[11.8,59.27],[11.8,59.26],[11.8,59.24],[11.79,59.24],[11.79,59.23],[11.77,59.22],[11.77,59.21],[11.76,59.2],[11.75,59.19],[11.75,59.17],[11.74,59.13],[11.74,59.12],[11.75,59.11],[11.75,59.1],[11.75,59.09],[11.63,58.91],[11.62,58.91],[11.6,58.9],[11.59,58.9],[11.5,58.88],[11.46,58.88],[11.45,58.88],[11.44,58.88],[11.43,58.89],[11.43,58.9],[11.42,58.92],[11.42,58.93],[11.43,58.99],[11.43,59],[11.39,59.08],[11.36,59.1],[11.36,59.11],[11.34,59.11],[11.3,59.11],[11.2,59.11],[11.06,59.12],[11.03,59.13],[10.94,59.16],[10.9,59.14],[10.8,59.19],[10.77,59.22],[10.66,59.36],[10.65,59.44],[10.66,59.43],[10.67,59.43],[10.68,59.44],[10.69,59.46],[10.69,59.47],[10.69,59.48],[10.67,59.49],[10.66,59.51],[10.65,59.52],[10.64,59.56],[10.64,59.61],[10.62,59.64],[10.56,59.72],[10.56,59.73],[10.56,59.74],[10.58,59.79],[10.6,59.81],[10.63,59.85],[10.64,59.86],[10.65,59.86],[10.66,59.85],[10.67,59.84],[10.7,59.8],[10.7,59.79],[10.74,59.8],[10.76,59.84],[10.75,59.89],[10.74,59.89],[10.73,59.9],[10.69,59.9],[10.68,59.9],[10.67,59.89],[10.66,59.88],[10.58,59.88],[10.56,59.88],[10.54,59.88],[10.53,59.88],[10.5,59.87],[10.5,59.86],[10.47,59.85],[10.47,59.84],[10.48,59.8],[10.49,59.78],[10.49,59.76],[10.49,59.74],[10.49,59.73],[10.52,59.68],[10.53,59.67],[10.56,59.67],[10.58,59.66],[10.59,59.65],[10.6,59.64],[10.6,59.63],[10.61,59.6],[10.61,59.59],[10.61,59.58],[10.6,59.57],[10.58,59.56],[10.56,59.54],[10.51,59.52],[10.49,59.52],[10.47,59.51],[10.46,59.51],[10.45,59.51],[10.43,59.52],[10.42,59.52],[10.42,59.53],[10.42,59.56],[10.43,59.57],[10.43,59.58],[10.43,59.59],[10.41,59.66],[10.41,59.67],[10.38,59.7],[10.29,59.73],[10.27,59.74],[10.25,59.73],[10.23,59.73],[10.22,59.73],[10.22,59.72],[10.26,59.7],[10.27,59.69],[10.28,59.69],[10.31,59.69],[10.32,59.68],[10.33,59.68],[10.38,59.66],[10.38,59.65],[10.39,59.64],[10.4,59.6],[10.4,59.59],[10.39,59.54],[10.38,59.53],[10.37,59.52],[10.36,59.52],[10.34,59.53],[10.33,59.53],[10.31,59.54],[10.29,59.54],[10.26,59.56],[10.25,59.56],[10.23,59.56],[10.23,59.55],[10.24,59.55],[10.25,59.54],[10.26,59.53],[10.35,59.48],[10.42,59.44],[10.47,59.42],[10.48,59.41],[10.52,59.31],[10.52,59.3],[10.51,59.3],[10.47,59.25],[10.46,59.24],[10.45,59.24],[10.44,59.24],[10.44,59.25],[10.43,59.26],[10.38,59.27],[10.37,59.27],[10.36,59.27],[10.36,59.26],[10.33,59.2],[10.23,59.04],[10.15,59.02],[10.16,59.02],[10.16,59.03],[10.17,59.03],[10.17,59.04],[10.16,59.05],[10.15,59.05],[10.13,59.04],[10.03,59.01],[10.03,58.99],[10.03,58.98],[10.03,58.97],[10.02,58.97],[10.01,58.96],[9.96,58.95],[9.88,58.95],[9.83,58.96],[9.84,58.97],[9.85,58.97],[9.85,58.98],[9.85,58.99],[9.85,59],[9.84,59],[9.83,59.01],[9.82,59.02],[9.79,59.04],[9.61,59.12],[9.56,59.12],[9.55,59.12],[9.54,59.12],[9.54,59.11],[9.54,59.1],[9.63,59.06],[9.68,59.03],[9.69,58.98],[9.61,58.93],[9.6,58.92],[9.51,58.89],[9.41,58.84],[9.35,58.76],[9.34,58.75],[9.19,58.66],[9.18,58.65],[9.06,58.62],[9.03,58.61],[9,58.6],[8.95,58.57],[8.83,58.48],[8.8,58.47],[8.74,58.45],[8.71,58.44],[8.71,58.42],[8.69,58.38],[8.51,58.27],[8.4,58.25],[8.25,58.2],[8.24,58.2],[8.24,58.17],[8.22,58.12],[8.21,58.12],[8.2,58.12],[8.19,58.12],[8.15,58.14],[8.13,58.1],[8.12,58.09],[7.93,58.08],[7.81,58.07],[7.66,58.04],[7.63,58.02],[7.62,58.02],[7.61,58.02],[7.56,58.01],[7.53,58.01],[7.48,58.01],[7.36,58.01],[7.25,58.03],[7.22,58.04],[7.15,58.05],[7.08,58.03],[7.07,58.03],[7.08,58.02],[7.08,58.01],[7.07,58],[7.05,58],[7.01,57.99],[7,57.99],[6.94,58.04],[6.9,58.06],[6.78,58.11],[6.73,58.12],[6.73,58.06],[6.61,58.07],[6.6,58.07],[6.56,58.1],[6.56,58.12],[6.59,58.15],[6.61,58.17],[6.68,58.21],[6.77,58.24],[6.75,58.25],[6.62,58.26],[6.36,58.27],[6.35,58.27],[6.28,58.31],[6.23,58.32],[6.21,58.33],[6.15,58.34],[6.13,58.34],[6.01,58.38],[5.99,58.39],[5.98,58.4],[5.97,58.41],[5.97,58.42],[5.97,58.44],[5.97,58.46],[5.96,58.47],[5.94,58.48],[5.92,58.48],[5.9,58.48],[5.89,58.47],[5.85,58.47],[5.78,58.48],[5.76,58.49],[5.75,58.49],[5.64,58.55],[5.63,58.56],[5.62,58.56],[5.51,58.66],[5.51,58.67],[5.46,58.74],[5.46,58.75],[5.47,58.76],[5.52,58.83],[5.54,58.88],[5.55,58.91],[5.55,58.97],[5.54,58.98],[5.54,59],[5.55,59.03],[5.56,59.03],[5.57,59.03],[5.71,58.98],[5.71,58.97],[5.71,58.94],[5.74,58.93],[5.79,58.92],[5.82,58.93],[5.82,58.95],[5.83,58.96],[5.85,58.96],[5.86,58.96],[5.88,58.96],[5.89,58.95],[5.94,58.93],[6.01,58.89],[6.06,58.86],[6.11,58.84],[6.13,58.83],[6.17,58.83],[6.23,58.83],[6.23,58.84],[6.22,58.84],[6.2,58.84],[6.18,58.84],[6.16,58.84],[6.14,58.85],[6.13,58.85],[6.11,58.86],[6.1,58.86],[6.09,58.87],[6.07,58.88],[6.06,58.89],[6.06,58.9],[6.09,58.94],[6.11,58.95],[6.12,58.96],[6.13,58.96],[6.19,58.98],[6.22,58.99],[6.26,58.99],[6.4,59.02],[6.49,59.03],[6.59,59.04],[6.61,59.05],[6.62,59.05],[6.62,59.06],[6.61,59.06],[6.5,59.05],[6.4,59.04],[6.38,59.03],[6.21,59.01],[6.17,59],[6.16,58.99],[6.13,58.98],[6.12,58.98],[6.1,58.97],[6.04,58.91],[6.04,58.9],[6.03,58.9],[6.02,58.91],[5.97,58.96],[5.96,59.01],[5.94,59.01],[5.87,59.06],[5.87,59.07],[5.87,59.08],[5.88,59.09],[5.89,59.1],[5.9,59.1],[5.96,59.12],[6.01,59.14],[6,59.15],[6,59.16],[6.01,59.16],[6.07,59.2],[6.15,59.24],[6.17,59.26],[6.31,59.31],[6.33,59.31],[6.35,59.31],[6.37,59.32],[6.4,59.32],[6.43,59.32],[6.45,59.32],[6.46,59.32],[6.46,59.33],[6.41,59.33],[6.38,59.33],[6.33,59.32],[6.31,59.32],[6.3,59.31],[6.28,59.31],[6.26,59.29],[6.24,59.28],[6.13,59.26],[6.12,59.26],[6,59.33],[6,59.34],[6.03,59.37],[6.04,59.38],[6.07,59.4],[6.1,59.41],[6.21,59.47],[6.22,59.49],[6.23,59.5],[6.24,59.51],[6.39,59.54],[6.42,59.55],[6.45,59.55],[6.47,59.55],[6.43,59.56],[6.26,59.58],[6.25,59.57],[6.23,59.54],[6.22,59.53],[6.17,59.47],[6.15,59.45],[6.13,59.44],[6.11,59.43],[6.08,59.41],[5.95,59.35],[5.94,59.35],[5.93,59.35],[5.92,59.36],[5.88,59.4],[5.88,59.41],[5.88,59.42],[5.88,59.43],[5.88,59.44],[5.89,59.44],[5.9,59.45],[5.91,59.45],[5.92,59.44],[5.94,59.44],[5.99,59.45],[6.14,59.47],[6.15,59.48],[6.14,59.48],[6.13,59.49],[6.12,59.49],[5.89,59.48],[5.81,59.47],[5.71,59.44],[5.67,59.41],[5.66,59.41],[5.67,59.41],[5.66,59.4],[5.68,59.41],[5.7,59.42],[5.71,59.42],[5.72,59.42],[5.74,59.43],[5.76,59.43],[5.78,59.43],[5.79,59.43],[5.8,59.43],[5.85,59.39],[5.86,59.38],[5.86,59.37],[5.86,59.35],[5.85,59.34],[5.69,59.31],[5.63,59.32],[5.63,59.34],[5.61,59.35],[5.61,59.36],[5.6,59.37],[5.6,59.38],[5.59,59.38],[5.58,59.38],[5.57,59.38],[5.58,59.38],[5.59,59.37],[5.58,59.33],[5.57,59.32],[5.57,59.31],[5.54,59.28],[5.52,59.28],[5.51,59.27],[5.49,59.28],[5.46,59.28],[5.39,59.29],[5.38,59.29],[5.29,59.35],[5.28,59.35],[5.2,59.43],[5.19,59.49],[5.18,59.5],[5.18,59.51],[5.3,59.62],[5.43,59.7],[5.47,59.73],[5.48,59.73],[5.49,59.73],[5.51,59.71],[5.51,59.7],[5.51,59.67],[5.51,59.66],[5.48,59.61],[5.45,59.55],[5.46,59.52],[5.49,59.52],[5.5,59.53],[5.51,59.54],[5.52,59.54],[5.53,59.55],[5.54,59.57],[5.54,59.58],[5.54,59.59],[5.53,59.6],[5.53,59.61],[5.52,59.61],[5.52,59.62],[5.53,59.63],[5.54,59.65],[5.54,59.66],[5.55,59.67],[5.56,59.67],[5.57,59.68],[5.58,59.68],[5.68,59.67],[5.74,59.68],[5.75,59.68],[5.81,59.72],[5.82,59.73],[5.89,59.74],[5.93,59.74],[5.94,59.73],[5.95,59.73],[6.06,59.74],[6.07,59.74],[6.3,59.84],[6.31,59.84],[6.31,59.85],[6.3,59.85],[6.21,59.83],[6.17,59.82],[6.16,59.82],[6.14,59.81],[6.12,59.8],[6.11,59.79],[6.06,59.76],[6.05,59.76],[6.03,59.76],[5.99,59.75],[5.97,59.75],[5.84,59.77],[5.8,59.78],[5.7,59.83],[5.71,59.87],[5.74,59.91],[5.77,59.93],[5.82,59.94],[5.88,59.95],[5.9,59.95],[5.95,59.95],[5.96,59.95],[5.97,59.95],[5.97,59.96],[5.98,59.97],[5.98,59.98],[5.95,60],[5.98,60.03],[6,60.05],[6.03,60.06],[6.03,60.07],[6.11,60.11],[6.07,60.17],[6.07,60.18],[6.07,60.19],[6.08,60.19],[6.08,60.2],[6.21,60.3],[6.33,60.36],[6.47,60.41],[6.48,60.42],[6.5,60.43],[6.52,60.43],[6.57,60.43],[6.6,60.42],[6.62,60.42],[6.63,60.41],[6.64,60.41],[6.64,60.4],[6.63,60.4],[6.61,60.38],[6.59,60.36],[6.58,60.34],[6.53,60.26],[6.51,60.15],[6.5,60.11],[6.51,60.1],[6.52,60.08],[6.53,60.1],[6.52,60.12],[6.53,60.14],[6.53,60.17],[6.58,60.26],[6.61,60.32],[6.62,60.33],[6.65,60.37],[6.66,60.38],[6.74,60.44],[6.77,60.46],[6.79,60.46],[6.8,60.47],[6.83,60.47],[6.93,60.48],[6.94,60.48],[6.98,60.48],[7.01,60.48],[7.02,60.48],[7.04,60.47],[7.06,60.47],[7.07,60.48],[7.08,60.48],[7.1,60.49],[7.11,60.49],[7.1,60.5],[7.09,60.5],[6.98,60.51],[6.97,60.55],[7.01,60.58],[7.01,60.59],[7,60.59],[6.98,60.58],[6.95,60.57],[6.91,60.54],[6.89,60.53],[6.88,60.52],[6.81,60.49],[6.69,60.44],[6.67,60.43],[6.66,60.43],[6.63,60.43],[6.62,60.43],[6.6,60.44],[6.59,60.44],[6.59,60.45],[6.57,60.46],[6.47,60.44],[6.38,60.42],[6.34,60.41],[6.32,60.39],[6.3,60.39],[6.29,60.39],[6.28,60.39],[6.26,60.39],[6.25,60.39],[6.24,60.4],[6.23,60.41],[6.22,60.41],[6.21,60.4],[6.19,60.35],[6.16,60.28],[6.15,60.27],[6.14,60.25],[6.13,60.24],[6.12,60.24],[6.11,60.24],[5.98,60.24],[5.9,60.15],[5.88,60.05],[5.88,60.04],[5.87,60.03],[5.85,60.02],[5.82,60],[5.8,60],[5.76,59.99],[5.75,59.99],[5.71,60],[5.71,60.01],[5.68,60.04],[5.69,60.06],[5.65,60.15],[5.64,60.14],[5.6,60.14],[5.58,60.14],[5.57,60.14],[5.56,60.14],[5.55,60.15],[5.54,60.15],[5.54,60.16],[5.63,60.31],[5.67,60.36],[5.68,60.36],[5.7,60.36],[5.72,60.37],[5.73,60.38],[5.74,60.38],[5.73,60.39],[5.72,60.39],[5.71,60.39],[5.63,60.36],[5.62,60.35],[5.54,60.26],[5.45,60.18],[5.41,60.13],[5.4,60.13],[5.36,60.15],[5.31,60.19],[5.22,60.2],[5.22,60.21],[5.31,60.26],[5.17,60.28],[5.16,60.29],[5.14,60.35],[5.14,60.36],[5.14,60.37],[5.15,60.37],[5.2,60.39],[5.25,60.43],[5.23,60.47],[5.23,60.48],[5.24,60.49],[5.26,60.51],[5.28,60.52],[5.29,60.52],[5.3,60.52],[5.32,60.52],[5.35,60.51],[5.37,60.49],[5.39,60.48],[5.46,60.44],[5.48,60.43],[5.49,60.42],[5.52,60.42],[5.53,60.41],[5.54,60.41],[5.61,60.41],[5.63,60.41],[5.64,60.42],[5.7,60.45],[5.71,60.46],[5.71,60.47],[5.72,60.49],[5.72,60.67],[5.7,60.69],[5.66,60.71],[5.63,60.71],[5.56,60.69],[5.53,60.64],[5.36,60.56],[5.32,60.56],[5.28,60.55],[5.26,60.55],[5.25,60.55],[5.23,60.56],[5.2,60.58],[5.09,60.65],[5.09,60.66],[5.1,60.66],[5.12,60.66],[5.13,60.66],[5.14,60.66],[5.17,60.63],[5.18,60.63],[5.2,60.62],[5.21,60.62],[5.22,60.61],[5.23,60.62],[5.14,60.71],[5.13,60.72],[5.11,60.72],[5.11,60.73],[5.09,60.73],[5.03,60.74],[4.93,60.8],[5,60.8],[5.01,60.8],[5.1,60.77],[5.22,60.73],[5.28,60.72],[5.3,60.71],[5.31,60.7],[5.31,60.69],[5.31,60.68],[5.33,60.65],[5.34,60.64],[5.35,60.63],[5.37,60.63],[5.42,60.63],[5.43,60.63],[5.44,60.66],[5.41,60.7],[5.36,60.73],[5.33,60.74],[5.32,60.74],[5.26,60.75],[5.25,60.76],[5.24,60.76],[5.23,60.77],[5.24,60.77],[5.24,60.78],[5.35,60.85],[5.37,60.85],[5.38,60.86],[5.43,60.86],[5.44,60.87],[5.46,60.87],[5.47,60.86],[5.48,60.86],[5.5,60.86],[5.51,60.86],[5.53,60.87],[5.46,60.9],[5.35,60.88],[5.33,60.87],[5.33,60.86],[5.32,60.85],[5.32,60.84],[5.31,60.83],[5.3,60.82],[5.26,60.81],[5.25,60.81],[5.15,60.81],[5.12,60.81],[5.12,60.84],[5.11,60.83],[5.1,60.83],[5.09,60.83],[5.08,60.83],[5.06,60.83],[5.05,60.84],[5.04,60.84],[5.04,60.85],[4.98,60.95],[4.98,60.96],[5,61],[5,61.03],[5.01,61.04],[5.02,61.05],[5.05,61.06],[5.07,61.07],[5.1,61.07],[5.13,61.07],[5.16,61.07],[5.17,61.07],[5.24,61.06],[5.25,61.05],[5.26,61.04],[5.27,61.03],[5.29,61.03],[5.3,61.03],[5.42,61.03],[5.46,61.03],[5.46,61.05],[5.47,61.05],[5.48,61.06],[5.63,61.09],[5.73,61.1],[5.79,61.1],[5.83,61.11],[5.92,61.12],[6.11,61.12],[6.12,61.12],[6.25,61.09],[6.26,61.09],[6.27,61.08],[6.32,61.07],[6.37,61.06],[6.41,61.07],[6.51,61.1],[6.59,61.15],[6.66,61.15],[6.81,61.14],[6.82,61.14],[6.83,61.14],[6.84,61.13],[6.95,61.08],[6.96,61.07],[7.01,61.02],[7.13,60.93],[7.13,60.92],[7.13,60.91],[7.13,60.9],[7.12,60.88],[7.1,60.86],[7.11,60.86],[7.13,60.87],[7.14,60.87],[7.15,60.88],[7.16,60.9],[7.17,60.91],[7.17,60.92],[7.17,60.94],[7.16,60.95],[7.15,60.95],[7.11,60.95],[7.1,60.96],[7.09,60.96],[7.07,60.98],[7.02,61.04],[7,61.08],[7,61.09],[7,61.1],[7.02,61.1],[7.03,61.1],[7.06,61.1],[7.08,61.1],[7.17,61.11],[7.31,61.12],[7.43,61.18],[7.4,61.19],[7.38,61.2],[7.36,61.2],[7.36,61.21],[7.35,61.22],[7.3,61.29],[7.36,61.37],[7.46,61.43],[7.47,61.43],[7.48,61.44],[7.52,61.45],[7.53,61.45],[7.54,61.45],[7.55,61.46],[7.56,61.47],[7.57,61.47],[7.57,61.48],[7.56,61.48],[7.46,61.45],[7.45,61.44],[7.42,61.43],[7.33,61.38],[7.31,61.36],[7.28,61.33],[7.27,61.28],[7.3,61.25],[7.35,61.19],[7.28,61.16],[7.15,61.14],[6.97,61.11],[6.96,61.11],[6.93,61.11],[6.93,61.12],[6.92,61.12],[6.92,61.13],[6.92,61.14],[6.92,61.15],[6.91,61.16],[6.84,61.17],[6.81,61.18],[6.77,61.18],[6.74,61.18],[6.73,61.18],[6.71,61.18],[6.59,61.21],[6.57,61.22],[6.56,61.22],[6.56,61.23],[6.57,61.23],[6.58,61.24],[6.59,61.25],[6.62,61.26],[6.64,61.27],[6.69,61.34],[6.7,61.35],[6.72,61.39],[6.72,61.4],[6.71,61.4],[6.7,61.4],[6.59,61.27],[6.52,61.25],[6.54,61.2],[6.5,61.13],[6.43,61.11],[6.42,61.11],[6.35,61.11],[6.32,61.11],[6.31,61.12],[6.24,61.13],[5.96,61.16],[5.75,61.15],[5.56,61.13],[5.55,61.13],[5.52,61.12],[5.51,61.1],[5.47,61.09],[5.41,61.07],[5.4,61.07],[5.33,61.1],[5.28,61.11],[5.16,61.13],[5.12,61.14],[5.05,61.16],[5.04,61.16],[5.04,61.17],[5.05,61.17],[5.06,61.18],[5.08,61.19],[5.1,61.19],[5.12,61.19],[5.16,61.18],[5.17,61.17],[5.19,61.17],[5.2,61.16],[5.21,61.16],[5.22,61.16],[5.25,61.18],[5.24,61.18],[5.21,61.2],[5.2,61.21],[5.14,61.22],[5.11,61.22],[5.09,61.22],[5.02,61.22],[5,61.22],[4.99,61.22],[4.95,61.25],[4.95,61.26],[5.17,61.33],[5.42,61.37],[5.45,61.37],[5.49,61.37],[5.52,61.37],[5.56,61.36],[5.63,61.36],[5.62,61.37],[5.6,61.37],[5.45,61.38],[5.41,61.38],[5.26,61.37],[5.25,61.37],[5.17,61.35],[5.15,61.35],[5.13,61.34],[5.11,61.34],[5.08,61.32],[5.07,61.32],[5.05,61.32],[5.04,61.32],[5,61.35],[4.95,61.41],[4.96,61.42],[4.97,61.42],[5.06,61.44],[5.07,61.45],[5.08,61.45],[5.18,61.45],[5.34,61.45],[5.53,61.43],[5.54,61.43],[5.62,61.45],[5.76,61.45],[5.77,61.45],[5.78,61.45],[5.79,61.45],[5.8,61.45],[5.77,61.48],[5.76,61.48],[5.74,61.49],[5.72,61.49],[5.71,61.49],[5.68,61.49],[5.64,61.49],[5.63,61.49],[5.62,61.48],[5.61,61.48],[5.58,61.47],[5.57,61.46],[5.56,61.46],[5.46,61.45],[5.45,61.45],[5.19,61.5],[5.15,61.51],[5.14,61.52],[5.13,61.52],[5.13,61.53],[5.14,61.55],[5.25,61.55],[5.27,61.56],[5.25,61.57],[5.21,61.58],[5.16,61.59],[5.15,61.59],[5.21,61.6],[5.27,61.6],[5.33,61.59],[5.34,61.59]]],[[[25.83,71.1],[25.88,71.09],[25.89,71.09],[25.9,71.09],[25.95,71.11],[25.98,71.11],[25.99,71.12],[26,71.12],[26.02,71.12],[26.03,71.11],[26.04,71.11],[26.05,71.1],[26.05,71.09],[26.04,71.08],[26.03,71.08],[26.02,71.07],[26.01,71.07],[25.96,71.06],[25.92,71.05],[25.93,71],[25.94,71],[25.96,71],[26.02,71],[26.06,71],[26.07,71],[26.08,71],[26.09,71.02],[26.1,71.02],[26.11,71.03],[26.14,71.04],[26.17,71.04],[26.18,71.05],[26.2,71.05],[26.21,71.04],[26.22,71.04],[26.22,71.03],[26.21,71.02],[26.21,71.01],[26.2,71],[26.18,71],[26.08,70.97],[26.07,70.97],[25.92,70.96],[25.9,70.96],[25.84,70.96],[25.72,70.95],[25.63,70.93],[25.61,70.92],[25.6,70.92],[25.59,70.92],[25.55,70.92],[25.54,70.93],[25.53,70.93],[25.52,70.93],[25.42,70.98],[25.43,70.99],[25.44,70.99],[25.52,71],[25.55,71],[25.56,71.01],[25.55,71.02],[25.53,71.02],[25.46,71.03],[25.43,71.02],[25.39,71.02],[25.37,71.01],[25.34,71.01],[25.31,71.01],[25.3,71.01],[25.29,71.02],[25.29,71.04],[25.31,71.07],[25.32,71.07],[25.33,71.08],[25.39,71.08],[25.51,71.09],[25.58,71.09],[25.62,71.11],[25.67,71.14],[25.79,71.16],[25.8,71.15],[25.81,71.15],[25.8,71.13],[25.79,71.12],[25.83,71.1]]]]}},{"type":"Feature","properties":{"FID":0,"FIPS":"PL","ISO2":"PL","ISO3":"POL","UN":616,"NAME":"Poland","AREA":30629,"POP2005":38195558,"REGION":150,"SUBREGION":151,"LON":19.401,"LAT":52.125},"geometry":{"type":"Polygon","coordinates":[[[18.85,49.52],[18.85,49.53],[18.85,49.55],[18.84,49.59],[18.81,49.67],[18.79,49.68],[18.63,49.74],[18.58,49.81],[18.58,49.91],[18.56,49.92],[18.55,49.92],[18.35,49.94],[18.27,49.96],[18.09,50.04],[18.05,50.06],[18.01,50.01],[17.93,49.98],[17.92,49.98],[17.91,49.98],[17.89,49.98],[17.88,49.98],[17.87,49.98],[17.84,49.99],[17.66,50.11],[17.61,50.15],[17.6,50.15],[17.6,50.16],[17.61,50.17],[17.62,50.17],[17.63,50.17],[17.65,50.17],[17.69,50.18],[17.7,50.18],[17.76,50.21],[17.76,50.23],[17.75,50.3],[17.73,50.32],[17.72,50.32],[17.7,50.32],[17.69,50.32],[17.7,50.31],[17.69,50.3],[17.67,50.27],[17.66,50.27],[17.63,50.27],[17.62,50.27],[17.43,50.27],[17.38,50.28],[17.28,50.32],[17.23,50.34],[17.21,50.36],[17.2,50.36],[17.12,50.4],[17.06,50.41],[16.94,50.44],[16.91,50.44],[16.9,50.44],[16.89,50.44],[16.87,50.42],[16.87,50.41],[16.94,50.34],[16.97,50.31],[17,50.22],[16.97,50.22],[16.91,50.22],[16.85,50.2],[16.84,50.2],[16.82,50.18],[16.81,50.17],[16.8,50.17],[16.79,50.14],[16.73,50.1],[16.72,50.1],[16.71,50.1],[16.7,50.1],[16.64,50.11],[16.61,50.12],[16.59,50.14],[16.57,50.16],[16.56,50.16],[16.57,50.18],[16.57,50.2],[16.56,50.21],[16.55,50.23],[16.46,50.3],[16.44,50.32],[16.37,50.36],[16.3,50.38],[16.27,50.39],[16.22,50.41],[16.21,50.42],[16.2,50.43],[16.2,50.44],[16.21,50.45],[16.31,50.5],[16.32,50.51],[16.34,50.5],[16.35,50.5],[16.36,50.5],[16.37,50.5],[16.41,50.52],[16.45,50.57],[16.45,50.58],[16.44,50.59],[16.43,50.6],[16.37,50.64],[16.34,50.66],[16.33,50.67],[16.24,50.67],[16.14,50.66],[16.12,50.66],[16.07,50.64],[16.02,50.63],[15.95,50.69],[15.79,50.74],[15.61,50.77],[15.49,50.79],[15.38,50.78],[15.37,50.83],[15.36,50.84],[15.36,50.85],[15.33,50.85],[15.31,50.86],[15.3,50.86],[15.28,50.89],[15.27,50.91],[15.27,50.92],[15.27,50.93],[15.28,50.94],[15.29,50.95],[15.28,50.98],[15.24,50.99],[15.18,51.02],[15.01,50.98],[15.02,50.97],[15.02,50.95],[15.01,50.87],[15,50.87],[14.97,50.86],[14.83,50.87],[14.82,50.88],[14.83,50.89],[14.9,50.96],[14.93,51],[14.96,51.05],[14.97,51.05],[14.98,51.08],[14.99,51.12],[15.03,51.24],[15.04,51.27],[15.04,51.29],[15.03,51.3],[15.01,51.31],[15,51.32],[14.99,51.33],[14.98,51.34],[14.97,51.36],[14.98,51.37],[14.98,51.44],[14.96,51.47],[14.95,51.47],[14.92,51.48],[14.84,51.5],[14.74,51.52],[14.74,51.53],[14.71,51.55],[14.75,51.6],[14.76,51.6],[14.76,51.61],[14.76,51.62],[14.76,51.66],[14.76,51.67],[14.73,51.69],[14.72,51.69],[14.7,51.7],[14.68,51.71],[14.67,51.72],[14.66,51.73],[14.61,51.81],[14.6,51.82],[14.6,51.83],[14.6,51.84],[14.61,51.84],[14.62,51.85],[14.64,51.86],[14.64,51.87],[14.65,51.87],[14.69,51.9],[14.72,51.94],[14.72,51.95],[14.76,52.07],[14.71,52.24],[14.7,52.25],[14.69,52.25],[14.66,52.26],[14.6,52.27],[14.58,52.29],[14.53,52.4],[14.54,52.41],[14.54,52.42],[14.55,52.43],[14.56,52.43],[14.57,52.43],[14.58,52.44],[14.59,52.44],[14.62,52.48],[14.64,52.49],[14.64,52.5],[14.64,52.57],[14.64,52.58],[14.6,52.6],[14.59,52.61],[14.56,52.62],[14.55,52.63],[14.53,52.64],[14.52,52.64],[14.51,52.64],[14.48,52.65],[14.45,52.67],[14.38,52.73],[14.36,52.74],[14.35,52.75],[14.21,52.82],[14.2,52.82],[14.15,52.86],[14.15,52.95],[14.15,52.96],[14.17,52.97],[14.2,52.98],[14.22,52.99],[14.23,52.99],[14.29,53.02],[14.3,53.02],[14.34,53.05],[14.35,53.05],[14.38,53.1],[14.38,53.12],[14.39,53.14],[14.41,53.3],[14.41,53.34],[14.31,53.56],[14.28,53.7],[14.37,53.7],[14.4,53.68],[14.41,53.68],[14.42,53.68],[14.53,53.66],[14.55,53.68],[14.62,53.76],[14.62,53.77],[14.61,53.82],[14.59,53.84],[14.58,53.85],[14.56,53.86],[14.55,53.86],[14.48,53.86],[14.47,53.87],[14.41,53.87],[14.42,53.86],[14.41,53.85],[14.41,53.84],[14.34,53.8],[14.29,53.82],[14.27,53.84],[14.22,53.87],[14.22,53.9],[14.23,53.93],[14.24,53.92],[14.26,53.92],[14.33,53.91],[14.35,53.91],[14.37,53.91],[14.38,53.91],[14.42,53.92],[14.43,53.93],[14.48,53.95],[14.5,53.96],[14.51,53.96],[14.56,53.98],[14.74,54.03],[14.81,54.04],[14.98,54.07],[15.23,54.13],[15.29,54.15],[15.31,54.15],[15.35,54.16],[15.4,54.16],[15.43,54.16],[15.49,54.17],[15.5,54.17],[15.65,54.19],[15.66,54.2],[15.74,54.21],[15.76,54.22],[15.79,54.23],[15.83,54.24],[15.85,54.24],[15.88,54.25],[16.05,54.26],[16.13,54.28],[16.11,54.27],[16.07,54.26],[16.09,54.25],[16.14,54.25],[16.15,54.25],[16.18,54.26],[16.22,54.27],[16.22,54.29],[16.22,54.3],[16.21,54.3],[16.18,54.29],[16.14,54.29],[16.17,54.3],[16.2,54.31],[16.26,54.34],[16.23,54.32],[16.24,54.32],[16.25,54.32],[16.26,54.32],[16.26,54.33],[16.27,54.33],[16.33,54.34],[16.33,54.35],[16.33,54.36],[16.33,54.37],[16.32,54.38],[16.31,54.37],[16.3,54.37],[16.32,54.39],[16.41,54.46],[16.46,54.5],[16.49,54.52],[16.52,54.53],[16.54,54.55],[16.57,54.55],[16.64,54.56],[16.66,54.57],[16.69,54.57],[16.71,54.57],[16.79,54.58],[16.88,54.59],[16.91,54.6],[16.93,54.6],[16.95,54.61],[17.01,54.64],[17.02,54.65],[17.03,54.66],[17.04,54.66],[17.06,54.67],[17.07,54.67],[17.25,54.73],[17.36,54.75],[17.43,54.75],[17.53,54.76],[17.58,54.77],[17.6,54.77],[17.69,54.79],[17.77,54.81],[17.9,54.82],[17.92,54.83],[18.03,54.83],[18.05,54.83],[18.33,54.84],[18.34,54.84],[18.35,54.83],[18.37,54.82],[18.45,54.79],[18.53,54.76],[18.58,54.74],[18.61,54.74],[18.7,54.7],[18.74,54.69],[18.77,54.67],[18.83,54.63],[18.84,54.62],[18.84,54.61],[18.83,54.6],[18.83,54.59],[18.82,54.59],[18.79,54.62],[18.78,54.63],[18.77,54.64],[18.76,54.65],[18.75,54.66],[18.74,54.67],[18.72,54.68],[18.71,54.69],[18.7,54.69],[18.57,54.73],[18.5,54.75],[18.49,54.76],[18.48,54.76],[18.47,54.74],[18.41,54.74],[18.41,54.73],[18.47,54.67],[18.51,54.63],[18.54,54.59],[18.55,54.58],[18.57,54.55],[18.57,54.49],[18.57,54.48],[18.57,54.47],[18.57,54.45],[18.58,54.44],[18.59,54.43],[18.6,54.43],[18.61,54.42],[18.71,54.38],[18.76,54.37],[18.84,54.35],[18.85,54.35],[18.89,54.35],[18.9,54.34],[18.92,54.35],[18.93,54.35],[18.95,54.35],[18.97,54.35],[18.97,54.34],[19.02,54.34],[19.05,54.34],[19.14,54.35],[19.21,54.35],[19.37,54.37],[19.42,54.38],[19.44,54.39],[19.51,54.4],[19.52,54.41],[19.56,54.43],[19.61,54.45],[19.63,54.46],[19.65,54.46],[19.63,54.44],[19.52,54.4],[19.43,54.37],[19.41,54.36],[19.39,54.35],[19.37,54.35],[19.29,54.35],[19.27,54.34],[19.23,54.34],[19.23,54.33],[19.25,54.28],[19.26,54.28],[19.37,54.27],[19.47,54.31],[19.49,54.32],[19.56,54.35],[19.57,54.35],[19.58,54.35],[19.62,54.35],[19.63,54.35],[19.71,54.38],[19.8,54.44],[19.86,54.43],[20,54.42],[20.09,54.42],[20.16,54.41],[20.3,54.4],[20.33,54.39],[20.37,54.39],[20.43,54.38],[20.74,54.36],[20.9,54.36],[21.13,54.34],[21.18,54.34],[21.23,54.33],[21.28,54.33],[21.37,54.33],[21.41,54.33],[21.44,54.33],[21.52,54.33],[21.57,54.33],[21.58,54.33],[21.63,54.33],[21.73,54.33],[21.86,54.33],[21.98,54.33],[22.16,54.34],[22.27,54.34],[22.29,54.34],[22.3,54.34],[22.43,54.35],[22.46,54.35],[22.63,54.35],[22.66,54.35],[22.76,54.36],[22.78,54.36],[22.79,54.36],[22.81,54.39],[22.81,54.4],[22.83,54.4],[22.84,54.41],[22.86,54.41],[22.87,54.41],[22.99,54.39],[23,54.38],[23.12,54.3],[23.2,54.29],[23.33,54.25],[23.35,54.24],[23.36,54.23],[23.46,54.18],[23.46,54.17],[23.48,54.14],[23.49,54.12],[23.52,54.05],[23.52,54.03],[23.51,53.96],[23.5,53.95],[23.5,53.94],[23.5,53.92],[23.51,53.91],[23.51,53.89],[23.54,53.84],[23.58,53.73],[23.59,53.69],[23.59,53.68],[23.61,53.64],[23.61,53.62],[23.62,53.6],[23.64,53.56],[23.67,53.5],[23.68,53.49],[23.68,53.48],[23.7,53.45],[23.79,53.31],[23.86,53.2],[23.93,53.01],[23.93,52.95],[23.93,52.86],[23.94,52.77],[23.94,52.75],[23.94,52.73],[23.94,52.72],[23.93,52.71],[23.92,52.7],[23.91,52.69],[23.88,52.68],[23.75,52.62],[23.74,52.61],[23.72,52.62],[23.71,52.62],[23.69,52.62],[23.66,52.61],[23.63,52.61],[23.6,52.6],[23.52,52.57],[23.5,52.57],[23.42,52.52],[23.4,52.51],[23.38,52.5],[23.25,52.38],[23.24,52.37],[23.16,52.28],[23.19,52.23],[23.21,52.23],[23.22,52.22],[23.3,52.21],[23.34,52.21],[23.35,52.21],[23.36,52.2],[23.59,52.11],[23.64,52.08],[23.66,52.01],[23.63,51.95],[23.61,51.92],[23.61,51.91],[23.56,51.75],[23.55,51.69],[23.56,51.67],[23.56,51.66],[23.55,51.66],[23.54,51.65],[23.54,51.59],[23.56,51.55],[23.56,51.54],[23.57,51.53],[23.58,51.53],[23.61,51.53],[23.61,51.5],[23.62,51.49],[23.63,51.49],[23.64,51.49],[23.65,51.48],[23.66,51.48],[23.69,51.41],[23.69,51.4],[23.68,51.37],[23.68,51.29],[23.73,51.22],[23.76,51.2],[23.81,51.17],[23.9,51.07],[23.91,51.07],[23.93,50.99],[23.96,50.95],[23.97,50.95],[23.99,50.93],[24.03,50.9],[24.04,50.9],[24.04,50.89],[24.06,50.89],[24.09,50.88],[24.14,50.86],[24.14,50.85],[24.13,50.84],[24.11,50.83],[24.08,50.83],[24.05,50.83],[24.02,50.83],[23.99,50.83],[23.97,50.83],[23.96,50.82],[23.96,50.81],[23.95,50.8],[23.95,50.79],[23.96,50.78],[24.02,50.74],[24.07,50.7],[24.11,50.63],[24.11,50.57],[24,50.42],[24,50.41],[23.99,50.41],[23.98,50.41],[23.93,50.4],[23.88,50.41],[23.85,50.41],[23.81,50.41],[23.79,50.4],[23.76,50.39],[23.73,50.39],[23.72,50.38],[23.71,50.38],[23.7,50.38],[23.7,50.37],[23.69,50.37],[23.69,50.36],[23.69,50.34],[23.68,50.33],[23.68,50.32],[23.59,50.27],[23.57,50.26],[23.54,50.24],[23.5,50.22],[23.38,50.15],[23.34,50.13],[23.32,50.12],[23.3,50.1],[23.23,50.05],[23.22,50.04],[23.15,49.98],[23.11,49.95],[22.78,49.67],[22.72,49.6],[22.69,49.58],[22.68,49.57],[22.66,49.54],[22.66,49.53],[22.66,49.52],[22.69,49.45],[22.73,49.4],[22.74,49.39],[22.76,49.3],[22.76,49.28],[22.75,49.27],[22.73,49.22],[22.7,49.18],[22.7,49.17],[22.7,49.16],[22.71,49.16],[22.78,49.15],[22.85,49.11],[22.88,49.09],[22.88,49.08],[22.86,49.06],[22.86,49.05],[22.86,49.04],[22.87,49.03],[22.89,49],[22.88,49],[22.87,49],[22.86,49],[22.85,49.01],[22.74,49.05],[22.6,49.09],[22.59,49.09],[22.57,49.09],[22.56,49.09],[22.56,49.08],[22.54,49.09],[22.53,49.09],[22.36,49.14],[22.34,49.14],[22.32,49.14],[22.23,49.16],[22.05,49.21],[22.04,49.21],[22.03,49.22],[22.02,49.23],[22.02,49.25],[22.02,49.27],[22.02,49.28],[21.96,49.34],[21.84,49.38],[21.62,49.44],[21.61,49.44],[21.53,49.43],[21.5,49.42],[21.47,49.41],[21.46,49.41],[21.44,49.41],[21.4,49.43],[21.29,49.46],[21.28,49.46],[21.08,49.42],[21.07,49.42],[21.05,49.41],[21.04,49.36],[20.98,49.31],[20.96,49.3],[20.92,49.3],[20.91,49.3],[20.81,49.33],[20.74,49.39],[20.6,49.4],[20.36,49.39],[20.33,49.38],[20.21,49.34],[20.14,49.31],[20.1,49.25],[20.09,49.21],[20.09,49.2],[20.09,49.18],[20.08,49.17],[20.07,49.17],[20.06,49.18],[20.04,49.19],[20.02,49.2],[20,49.21],[20,49.22],[19.98,49.23],[19.94,49.23],[19.92,49.23],[19.91,49.23],[19.91,49.22],[19.87,49.2],[19.85,49.19],[19.84,49.19],[19.79,49.2],[19.78,49.2],[19.77,49.21],[19.77,49.22],[19.77,49.23],[19.8,49.25],[19.82,49.27],[19.83,49.27],[19.83,49.28],[19.8,49.37],[19.79,49.4],[19.79,49.41],[19.78,49.41],[19.77,49.41],[19.71,49.4],[19.66,49.41],[19.58,49.46],[19.57,49.46],[19.54,49.54],[19.52,49.57],[19.48,49.6],[19.45,49.6],[19.28,49.53],[19.27,49.53],[19.27,49.52],[19.24,49.51],[19.24,49.5],[19.2,49.45],[19.2,49.43],[19.2,49.42],[19.18,49.41],[19.16,49.4],[19.03,49.39],[18.99,49.39],[18.98,49.4],[18.97,49.4],[18.97,49.41],[18.97,49.46],[18.97,49.48],[18.85,49.52]]]}},{"type":"Feature","properties":{"FID":0,"FIPS":"PO","ISO2":"PT","ISO3":"PRT","UN":620,"NAME":"Portugal","AREA":9150,"POP2005":10528226,"REGION":150,"SUBREGION":39,"LON":-8.058,"LAT":40.309},"geometry":{"type":"Polygon","coordinates":[[[-8.21,41.88],[-8.2,41.87],[-8.19,41.87],[-8.18,41.87],[-8.16,41.86],[-8.16,41.84],[-8.16,41.83],[-8.16,41.82],[-8.14,41.81],[-8.13,41.81],[-8.09,41.81],[-8.07,41.81],[-8.05,41.82],[-8.04,41.83],[-7.93,41.88],[-7.92,41.88],[-7.88,41.85],[-7.87,41.85],[-7.87,41.86],[-7.85,41.86],[-7.76,41.9],[-7.71,41.9],[-7.69,41.91],[-7.69,41.9],[-7.6,41.87],[-7.61,41.85],[-7.61,41.84],[-7.61,41.83],[-7.43,41.82],[-7.41,41.82],[-7.33,41.84],[-7.27,41.86],[-7.21,41.88],[-7.2,41.88],[-7.19,41.9],[-7.17,41.92],[-7.17,41.93],[-7.18,41.94],[-7.19,41.98],[-7.18,41.98],[-7.14,41.99],[-7.13,41.99],[-7.11,41.99],[-7.09,41.98],[-7.08,41.97],[-7.08,41.96],[-7.06,41.95],[-7.01,41.95],[-7,41.96],[-6.98,41.97],[-6.95,41.95],[-6.94,41.95],[-6.91,41.95],[-6.72,41.94],[-6.7,41.94],[-6.69,41.94],[-6.62,41.94],[-6.6,41.95],[-6.59,41.95],[-6.55,41.92],[-6.53,41.84],[-6.55,41.77],[-6.55,41.7],[-6.55,41.69],[-6.54,41.68],[-6.51,41.66],[-6.5,41.66],[-6.47,41.67],[-6.45,41.67],[-6.43,41.68],[-6.42,41.68],[-6.35,41.67],[-6.3,41.66],[-6.26,41.64],[-6.25,41.64],[-6.19,41.59],[-6.19,41.58],[-6.19,41.57],[-6.2,41.55],[-6.21,41.54],[-6.22,41.53],[-6.3,41.44],[-6.36,41.38],[-6.44,41.32],[-6.51,41.27],[-6.56,41.24],[-6.58,41.24],[-6.6,41.24],[-6.62,41.25],[-6.64,41.24],[-6.69,41.21],[-6.75,41.14],[-6.75,41.11],[-6.75,41.1],[-6.77,41.08],[-6.78,41.06],[-6.81,41.05],[-6.83,41.03],[-6.85,41.03],[-6.92,41.03],[-6.93,41.02],[-6.93,41.01],[-6.89,40.98],[-6.87,40.96],[-6.86,40.95],[-6.8,40.87],[-6.8,40.86],[-6.8,40.85],[-6.82,40.73],[-6.8,40.52],[-6.82,40.39],[-6.83,40.32],[-6.86,40.27],[-6.87,40.26],[-6.88,40.26],[-6.91,40.26],[-6.95,40.26],[-7.01,40.23],[-7.01,40.22],[-7.03,40.19],[-7.01,40.14],[-7,40.13],[-6.99,40.12],[-6.98,40.12],[-6.96,40.12],[-6.95,40.12],[-6.94,40.11],[-6.93,40.11],[-6.93,40.1],[-6.88,40.04],[-6.87,40.02],[-6.87,40.01],[-6.99,39.73],[-7.02,39.67],[-7.05,39.66],[-7.06,39.66],[-7.15,39.66],[-7.17,39.66],[-7.21,39.67],[-7.26,39.67],[-7.27,39.67],[-7.31,39.66],[-7.33,39.65],[-7.34,39.64],[-7.41,39.65],[-7.42,39.65],[-7.53,39.67],[-7.53,39.64],[-7.52,39.63],[-7.51,39.61],[-7.5,39.6],[-7.38,39.5],[-7.37,39.49],[-7.32,39.39],[-7.31,39.34],[-7.24,39.21],[-7.15,39.12],[-7.14,39.11],[-7.13,39.11],[-7.12,39.1],[-7.1,39.1],[-7.07,39.12],[-7.06,39.12],[-7.05,39.12],[-7.04,39.12],[-7.02,39.12],[-7,39.11],[-6.98,39.09],[-6.96,39.06],[-6.96,39.03],[-6.96,39.02],[-7.06,38.86],[-7.08,38.84],[-7.16,38.78],[-7.21,38.75],[-7.25,38.73],[-7.26,38.73],[-7.26,38.72],[-7.27,38.71],[-7.27,38.7],[-7.32,38.45],[-7.31,38.44],[-7.3,38.44],[-7.29,38.43],[-7.28,38.42],[-7.27,38.42],[-7.19,38.32],[-7.17,38.28],[-7.14,38.25],[-7.13,38.23],[-7.1,38.19],[-7.1,38.18],[-7.09,38.17],[-7.08,38.17],[-7.03,38.19],[-7.02,38.19],[-7.01,38.2],[-6.99,38.21],[-6.96,38.22],[-6.95,38.22],[-6.94,38.22],[-6.93,38.21],[-6.94,38.18],[-6.94,38.16],[-6.95,38.14],[-7,38.03],[-7.01,38.03],[-7.12,38.01],[-7.21,38],[-7.25,37.99],[-7.26,37.98],[-7.25,37.98],[-7.25,37.96],[-7.25,37.93],[-7.28,37.87],[-7.29,37.86],[-7.32,37.81],[-7.38,37.77],[-7.39,37.77],[-7.42,37.74],[-7.45,37.7],[-7.52,37.55],[-7.51,37.53],[-7.5,37.52],[-7.49,37.5],[-7.47,37.48],[-7.46,37.46],[-7.45,37.42],[-7.43,37.37],[-7.43,37.25],[-7.41,37.19],[-7.42,37.17],[-7.44,37.18],[-7.45,37.18],[-7.47,37.18],[-7.55,37.16],[-7.57,37.15],[-7.58,37.15],[-7.58,37.14],[-7.61,37.13],[-7.62,37.12],[-7.62,37.11],[-7.76,37.03],[-7.9,37.01],[-7.97,37.01],[-8.01,37.02],[-8.02,37.03],[-8.04,37.04],[-8.05,37.05],[-8.07,37.05],[-8.1,37.07],[-8.12,37.08],[-8.18,37.09],[-8.37,37.1],[-8.38,37.1],[-8.4,37.09],[-8.42,37.09],[-8.44,37.09],[-8.51,37.1],[-8.66,37.11],[-8.81,37.07],[-8.93,37.02],[-8.98,37.02],[-8.99,37.02],[-8.99,37.03],[-8.98,37.05],[-8.96,37.09],[-8.95,37.1],[-8.94,37.11],[-8.93,37.13],[-8.92,37.13],[-8.91,37.15],[-8.91,37.16],[-8.9,37.17],[-8.86,37.27],[-8.83,37.38],[-8.8,37.44],[-8.79,37.52],[-8.79,37.72],[-8.81,37.77],[-8.79,37.82],[-8.79,37.83],[-8.79,37.9],[-8.8,37.91],[-8.8,37.92],[-8.81,37.93],[-8.84,38.01],[-8.84,38.02],[-8.81,38.09],[-8.8,38.12],[-8.79,38.14],[-8.78,38.18],[-8.78,38.21],[-8.78,38.25],[-8.78,38.26],[-8.78,38.3],[-8.79,38.33],[-8.79,38.35],[-8.8,38.37],[-8.72,38.42],[-8.67,38.41],[-8.77,38.52],[-8.89,38.52],[-8.9,38.52],[-8.91,38.52],[-8.93,38.5],[-8.99,38.46],[-9.06,38.44],[-9.08,38.43],[-9.18,38.42],[-9.2,38.45],[-9.18,38.48],[-9.18,38.51],[-9.18,38.53],[-9.19,38.54],[-9.2,38.59],[-9.21,38.6],[-9.22,38.62],[-9.23,38.63],[-9.25,38.65],[-9.27,38.66],[-9.28,38.67],[-9.27,38.67],[-9.21,38.68],[-9.17,38.68],[-9.15,38.68],[-9.07,38.63],[-9.03,38.7],[-9.02,38.73],[-8.96,38.76],[-8.95,38.76],[-8.94,38.77],[-8.92,38.77],[-8.93,38.8],[-8.96,38.84],[-8.97,38.84],[-8.98,38.85],[-8.98,38.86],[-8.99,38.89],[-8.99,38.91],[-8.98,38.95],[-8.99,38.95],[-9,38.94],[-9,38.93],[-9.06,38.85],[-9.08,38.84],[-9.08,38.83],[-9.09,38.81],[-9.09,38.8],[-9.09,38.78],[-9.09,38.77],[-9.09,38.76],[-9.09,38.75],[-9.1,38.74],[-9.11,38.73],[-9.11,38.72],[-9.12,38.71],[-9.13,38.71],[-9.21,38.69],[-9.32,38.68],[-9.43,38.69],[-9.46,38.7],[-9.47,38.7],[-9.48,38.71],[-9.49,38.78],[-9.49,38.79],[-9.49,38.8],[-9.47,38.84],[-9.46,38.84],[-9.45,38.85],[-9.45,38.86],[-9.44,38.87],[-9.44,38.88],[-9.42,38.92],[-9.41,38.94],[-9.41,38.95],[-9.41,38.98],[-9.42,38.99],[-9.42,39],[-9.43,39],[-9.43,39.02],[-9.42,39.08],[-9.4,39.12],[-9.37,39.16],[-9.36,39.17],[-9.34,39.22],[-9.34,39.23],[-9.34,39.26],[-9.34,39.27],[-9.34,39.29],[-9.36,39.35],[-9.36,39.37],[-9.29,39.39],[-9.23,39.44],[-9.14,39.53],[-9.09,39.62],[-9.08,39.64],[-9.05,39.73],[-9.03,39.78],[-8.98,39.85],[-8.93,39.96],[-8.9,40.05],[-8.89,40.05],[-8.89,40.06],[-8.88,40.1],[-8.86,40.13],[-8.86,40.15],[-8.88,40.24],[-8.85,40.31],[-8.84,40.34],[-8.8,40.47],[-8.79,40.5],[-8.79,40.52],[-8.78,40.54],[-8.78,40.56],[-8.74,40.63],[-8.73,40.64],[-8.72,40.64],[-8.69,40.66],[-8.66,40.69],[-8.66,40.7],[-8.68,40.78],[-8.7,40.72],[-8.72,40.69],[-8.73,40.68],[-8.73,40.69],[-8.73,40.73],[-8.72,40.75],[-8.7,40.79],[-8.7,40.8],[-8.69,40.81],[-8.68,40.87],[-8.67,40.9],[-8.65,41],[-8.64,41.01],[-8.65,41.02],[-8.66,41.04],[-8.73,41.24],[-8.79,41.42],[-8.78,41.47],[-8.78,41.48],[-8.8,41.57],[-8.81,41.62],[-8.87,41.72],[-8.88,41.73],[-8.88,41.75],[-8.88,41.76],[-8.88,41.84],[-8.87,41.86],[-8.86,41.87],[-8.81,41.9],[-8.79,41.92],[-8.75,41.93],[-8.74,41.95],[-8.74,41.96],[-8.74,41.97],[-8.64,42.05],[-8.62,42.05],[-8.61,42.06],[-8.52,42.08],[-8.47,42.09],[-8.45,42.09],[-8.31,42.1],[-8.25,42.14],[-8.2,42.15],[-8.19,42.15],[-8.09,42.07],[-8.09,42.06],[-8.08,42.05],[-8.08,42.03],[-8.08,42.02],[-8.09,42.02],[-8.1,42.01],[-8.11,42.01],[-8.13,42],[-8.16,41.97],[-8.21,41.93],[-8.21,41.92],[-8.22,41.91],[-8.22,41.9],[-8.21,41.88]]]}},{"type":"Feature","properties":{"FID":0,"FIPS":"RO","ISO2":"RO","ISO3":"ROU","UN":642,"NAME":"Romania","AREA":22987,"POP2005":21627557,"REGION":150,"SUBREGION":151,"LON":24.969,"LAT":45.844},"geometry":{"type":"Polygon","coordinates":[[[20.73,46.18],[20.72,46.19],[20.75,46.24],[20.76,46.25],[20.78,46.26],[20.8,46.27],[20.82,46.27],[20.83,46.28],[20.85,46.28],[20.87,46.28],[20.99,46.26],[21.04,46.24],[21.05,46.24],[21.06,46.24],[21.08,46.25],[21.18,46.3],[21.18,46.33],[21.18,46.36],[21.19,46.38],[21.2,46.39],[21.21,46.4],[21.22,46.41],[21.29,46.46],[21.29,46.53],[21.31,46.59],[21.32,46.62],[21.33,46.62],[21.44,46.68],[21.45,46.69],[21.47,46.69],[21.49,46.69],[21.52,46.71],[21.53,46.72],[21.53,46.73],[21.52,46.73],[21.5,46.74],[21.49,46.75],[21.49,46.76],[21.52,46.81],[21.53,46.83],[21.55,46.84],[21.61,46.88],[21.67,46.96],[21.69,46.99],[21.7,47],[21.7,47.01],[21.69,47.01],[21.66,47.02],[21.65,47.02],[21.65,47.03],[21.71,47.08],[21.73,47.09],[21.75,47.1],[21.77,47.11],[21.78,47.11],[21.79,47.12],[21.84,47.19],[21.85,47.19],[21.85,47.2],[21.85,47.21],[21.84,47.22],[21.84,47.23],[21.84,47.24],[21.87,47.29],[21.87,47.3],[21.92,47.35],[21.93,47.36],[21.94,47.36],[21.96,47.37],[21.99,47.37],[22,47.37],[22,47.38],[22.01,47.38],[22.01,47.39],[22.02,47.4],[22.02,47.42],[22.02,47.45],[22.02,47.46],[22.01,47.47],[22.01,47.48],[22.01,47.5],[22.01,47.51],[22.02,47.51],[22.02,47.52],[22.03,47.53],[22.04,47.54],[22.12,47.58],[22.16,47.59],[22.18,47.59],[22.19,47.6],[22.19,47.63],[22.22,47.68],[22.23,47.68],[22.27,47.72],[22.28,47.73],[22.32,47.75],[22.45,47.79],[22.45,47.8],[22.47,47.8],[22.49,47.79],[22.5,47.79],[22.55,47.77],[22.56,47.77],[22.59,47.77],[22.61,47.77],[22.63,47.77],[22.65,47.78],[22.77,47.84],[22.78,47.84],[22.78,47.85],[22.89,47.95],[22.9,47.95],[22.93,47.96],[23.04,47.99],[23.08,48.01],[23.09,48.02],[23.1,48.03],[23.11,48.04],[23.11,48.05],[23.11,48.07],[23.12,48.08],[23.12,48.09],[23.13,48.09],[23.15,48.1],[23.16,48.11],[23.17,48.11],[23.18,48.11],[23.26,48.09],[23.27,48.09],[23.28,48.08],[23.28,48.07],[23.29,48.05],[23.3,48.05],[23.3,48.04],[23.31,48.04],[23.36,48.02],[23.41,48],[23.48,47.98],[23.49,47.98],[23.5,47.98],[23.51,47.98],[23.51,47.99],[23.57,48],[23.82,47.97],[23.97,47.96],[24.03,47.96],[24.04,47.95],[24.09,47.94],[24.1,47.93],[24.11,47.92],[24.12,47.91],[24.13,47.91],[24.14,47.91],[24.24,47.9],[24.25,47.9],[24.33,47.93],[24.41,47.96],[24.43,47.96],[24.45,47.96],[24.56,47.95],[24.57,47.95],[24.59,47.95],[24.61,47.94],[24.62,47.93],[24.67,47.9],[24.67,47.89],[24.67,47.88],[24.67,47.87],[24.68,47.86],[24.69,47.85],[24.71,47.84],[24.72,47.84],[24.77,47.82],[24.8,47.82],[24.81,47.81],[24.82,47.81],[24.83,47.8],[24.86,47.76],[24.89,47.72],[24.9,47.71],[24.91,47.71],[24.92,47.71],[24.93,47.71],[24.95,47.72],[24.97,47.72],[25,47.72],[25.03,47.73],[25.05,47.73],[25.09,47.74],[25.11,47.76],[25.12,47.76],[25.15,47.78],[25.16,47.79],[25.16,47.8],[25.17,47.82],[25.18,47.83],[25.22,47.87],[25.23,47.88],[25.24,47.89],[25.25,47.89],[25.33,47.91],[25.34,47.92],[25.5,47.93],[25.52,47.94],[25.57,47.94],[25.59,47.93],[25.65,47.93],[25.77,47.94],[25.78,47.94],[25.79,47.94],[25.82,47.95],[25.83,47.96],[25.84,47.96],[25.92,47.98],[26.04,47.98],[26.1,47.98],[26.11,47.98],[26.15,47.98],[26.17,47.99],[26.18,48],[26.2,48],[26.27,48.08],[26.32,48.16],[26.32,48.17],[26.32,48.18],[26.32,48.19],[26.46,48.22],[26.48,48.22],[26.5,48.22],[26.52,48.21],[26.53,48.21],[26.54,48.21],[26.57,48.22],[26.64,48.26],[26.7,48.26],[26.81,48.25],[26.83,48.24],[26.95,48.19],[27,48.16],[27.16,47.99],[27.2,47.9],[27.21,47.85],[27.24,47.78],[27.28,47.69],[27.3,47.66],[27.33,47.64],[27.36,47.62],[27.43,47.56],[27.47,47.49],[27.58,47.37],[27.63,47.31],[27.64,47.3],[27.68,47.29],[27.71,47.29],[27.72,47.29],[27.73,47.28],[27.74,47.26],[27.79,47.2],[27.8,47.15],[27.86,47.1],[27.94,47.05],[27.94,47.04],[27.96,47.04],[27.99,47.03],[28.01,47.02],[28.03,47.02],[28.07,46.99],[28.08,46.98],[28.09,46.97],[28.11,46.92],[28.12,46.89],[28.12,46.85],[28.11,46.84],[28.12,46.83],[28.17,46.74],[28.2,46.7],[28.22,46.68],[28.23,46.67],[28.25,46.62],[28.25,46.61],[28.25,46.6],[28.25,46.44],[28.25,46.43],[28.25,46.42],[28.19,46.33],[28.14,46.19],[28.12,46.13],[28.11,46.1],[28.09,46.08],[28.08,46.01],[28.09,46],[28.09,45.99],[28.1,45.98],[28.11,45.97],[28.12,45.92],[28.16,45.73],[28.16,45.72],[28.17,45.67],[28.16,45.63],[28.16,45.62],[28.15,45.62],[28.13,45.62],[28.07,45.58],[28.17,45.48],[28.18,45.47],[28.21,45.45],[28.22,45.45],[28.23,45.45],[28.27,45.44],[28.28,45.43],[28.28,45.42],[28.29,45.41],[28.28,45.41],[28.28,45.4],[28.29,45.39],[28.29,45.38],[28.3,45.37],[28.3,45.35],[28.31,45.34],[28.32,45.34],[28.33,45.33],[28.34,45.32],[28.38,45.3],[28.57,45.24],[28.69,45.22],[28.7,45.22],[28.71,45.22],[28.79,45.23],[28.8,45.23],[28.8,45.24],[28.85,45.3],[28.97,45.32],[29.22,45.42],[29.23,45.43],[29.32,45.44],[29.41,45.44],[29.5,45.41],[29.52,45.41],[29.57,45.39],[29.59,45.39],[29.6,45.38],[29.64,45.35],[29.64,45.34],[29.66,45.33],[29.67,45.3],[29.67,45.29],[29.67,45.28],[29.67,45.27],[29.66,45.21],[29.63,45.22],[29.62,45.21],[29.63,45.21],[29.64,45.17],[29.66,45.11],[29.64,44.98],[29.61,44.85],[29.61,44.84],[29.6,44.84],[29.55,44.82],[29.45,44.81],[29.39,44.8],[29.35,44.8],[29.34,44.8],[29.33,44.8],[29.25,44.8],[29.21,44.79],[29.07,44.82],[29.05,44.84],[29.05,44.85],[29.05,44.86],[29.04,44.91],[29.04,44.92],[29.04,44.93],[29.05,44.94],[29.06,44.95],[29.07,44.95],[29.09,44.95],[29.1,44.96],[29.11,44.96],[29.11,44.97],[29.1,44.98],[29.05,45],[29.04,45],[28.99,45.01],[28.98,45.01],[28.9,44.97],[28.87,44.95],[28.87,44.94],[28.86,44.93],[28.86,44.92],[28.86,44.88],[28.87,44.87],[28.89,44.87],[28.9,44.86],[28.95,44.83],[28.95,44.82],[28.93,44.78],[28.91,44.76],[28.9,44.76],[28.87,44.75],[28.86,44.75],[28.8,44.72],[28.79,44.71],[28.78,44.7],[28.78,44.69],[28.78,44.67],[28.78,44.66],[28.78,44.65],[28.79,44.64],[28.8,44.64],[28.81,44.64],[28.84,44.65],[28.85,44.65],[28.86,44.65],[28.9,44.68],[28.91,44.69],[28.91,44.7],[28.9,44.71],[28.93,44.7],[28.95,44.7],[28.96,44.7],[28.99,44.69],[29,44.69],[29,44.68],[28.99,44.68],[28.97,44.65],[28.97,44.64],[28.95,44.63],[28.94,44.63],[28.94,44.64],[28.96,44.66],[28.97,44.66],[28.98,44.67],[28.98,44.68],[28.96,44.69],[28.95,44.69],[28.82,44.62],[28.8,44.63],[28.77,44.63],[28.76,44.63],[28.76,44.62],[28.75,44.61],[28.76,44.52],[28.8,44.53],[28.81,44.54],[28.93,44.62],[28.91,44.59],[28.88,44.54],[28.87,44.53],[28.84,44.5],[28.83,44.48],[28.82,44.48],[28.81,44.46],[28.8,44.46],[28.79,44.45],[28.76,44.43],[28.75,44.42],[28.65,44.34],[28.64,44.33],[28.64,44.31],[28.63,44.3],[28.63,44.29],[28.63,44.27],[28.63,44.16],[28.66,43.98],[28.65,43.95],[28.61,43.88],[28.59,43.83],[28.59,43.8],[28.58,43.77],[28.58,43.76],[28.58,43.75],[28.48,43.74],[28.4,43.75],[28.26,43.76],[28.24,43.77],[28.18,43.78],[28.13,43.8],[28.05,43.83],[28.03,43.84],[28,43.85],[28,43.86],[27.99,43.87],[27.96,43.94],[27.96,43.95],[27.96,43.96],[27.95,43.97],[27.95,43.98],[27.95,43.99],[27.93,44],[27.92,44.01],[27.91,44],[27.87,43.98],[27.85,43.98],[27.83,43.97],[27.82,43.97],[27.81,43.96],[27.75,43.96],[27.74,43.96],[27.73,43.96],[27.72,43.97],[27.71,43.97],[27.71,43.98],[27.7,43.99],[27.68,44.02],[27.68,44.03],[27.67,44.03],[27.66,44.04],[27.65,44.04],[27.64,44.04],[27.63,44.03],[27.62,44.02],[27.61,44.02],[27.48,44.02],[27.42,44.02],[27.4,44.02],[27.3,44.08],[27.29,44.09],[27.28,44.1],[27.28,44.11],[27.27,44.13],[27.25,44.13],[27.24,44.12],[27.22,44.12],[27.2,44.12],[27.19,44.12],[27.17,44.13],[27.11,44.14],[27.04,44.15],[26.91,44.14],[26.89,44.13],[26.84,44.12],[26.8,44.09],[26.67,44.07],[26.48,44.05],[26.44,44.04],[26.41,44.04],[26.39,44.04],[26.38,44.04],[26.3,44.03],[26.14,43.99],[26.13,43.98],[26.11,43.97],[26.09,43.95],[25.95,43.85],[25.94,43.84],[25.89,43.8],[25.88,43.79],[25.88,43.78],[25.79,43.71],[25.77,43.71],[25.76,43.7],[25.74,43.7],[25.73,43.69],[25.68,43.69],[25.61,43.66],[25.53,43.64],[25.46,43.64],[25.44,43.63],[25.43,43.63],[25.42,43.63],[25.4,43.62],[25.38,43.62],[25.36,43.63],[25.35,43.63],[25.34,43.64],[25.31,43.65],[25.27,43.67],[25.26,43.68],[25.23,43.69],[25.02,43.71],[24.88,43.71],[24.79,43.71],[24.72,43.71],[24.71,43.72],[24.69,43.72],[24.61,43.75],[24.6,43.75],[24.56,43.76],[24.53,43.76],[24.51,43.76],[24.5,43.76],[24.46,43.74],[24.44,43.74],[24.41,43.72],[24.36,43.7],[24.35,43.7],[24.34,43.69],[24.32,43.7],[24.31,43.7],[24.29,43.7],[24.26,43.69],[24.22,43.69],[24.2,43.69],[24.19,43.68],[24.18,43.69],[24.16,43.69],[24.12,43.7],[24.07,43.72],[23.99,43.74],[23.77,43.79],[23.63,43.8],[23.61,43.8],[23.6,43.8],[23.57,43.81],[23.54,43.82],[23.53,43.83],[23.52,43.84],[23.51,43.84],[23.45,43.85],[23.43,43.85],[23.42,43.86],[23.28,43.85],[23.27,43.85],[23.25,43.85],[23.22,43.84],[23.2,43.83],[23.16,43.82],[23.15,43.81],[23.14,43.81],[23.07,43.8],[23.06,43.8],[22.97,43.82],[22.89,43.84],[22.88,43.84],[22.86,43.85],[22.85,43.87],[22.84,43.89],[22.84,43.91],[22.88,43.98],[22.89,43.99],[22.91,44],[22.92,44],[22.96,44.01],[22.98,44.01],[22.99,44.01],[23,44.01],[23,44.02],[23.03,44.05],[23.04,44.06],[23.05,44.07],[23.04,44.08],[23.02,44.09],[23,44.1],[22.95,44.1],[22.92,44.11],[22.91,44.11],[22.7,44.21],[22.69,44.22],[22.68,44.23],[22.69,44.26],[22.69,44.27],[22.69,44.28],[22.68,44.28],[22.67,44.29],[22.66,44.29],[22.64,44.29],[22.62,44.3],[22.59,44.3],[22.58,44.3],[22.57,44.31],[22.55,44.32],[22.54,44.34],[22.53,44.34],[22.46,44.45],[22.46,44.47],[22.46,44.48],[22.58,44.55],[22.59,44.55],[22.61,44.55],[22.62,44.55],[22.63,44.55],[22.65,44.54],[22.67,44.53],[22.68,44.53],[22.69,44.52],[22.7,44.52],[22.71,44.52],[22.73,44.53],[22.74,44.53],[22.75,44.54],[22.76,44.54],[22.76,44.55],[22.77,44.55],[22.77,44.56],[22.76,44.56],[22.72,44.6],[22.71,44.6],[22.71,44.61],[22.67,44.62],[22.66,44.62],[22.64,44.62],[22.62,44.62],[22.61,44.62],[22.59,44.63],[22.57,44.64],[22.54,44.66],[22.52,44.67],[22.51,44.69],[22.5,44.7],[22.49,44.7],[22.48,44.71],[22.47,44.71],[22.46,44.72],[22.44,44.71],[22.43,44.71],[22.42,44.71],[22.32,44.67],[22.31,44.66],[22.3,44.65],[22.3,44.64],[22.27,44.6],[22.26,44.59],[22.19,44.49],[22.18,44.48],[22.17,44.48],[22.15,44.48],[22.13,44.48],[22.11,44.49],[22.09,44.5],[22.08,44.5],[22.04,44.55],[22.04,44.56],[22.03,44.56],[22.03,44.59],[22,44.63],[21.99,44.64],[21.91,44.65],[21.78,44.66],[21.74,44.66],[21.73,44.66],[21.66,44.66],[21.65,44.66],[21.64,44.66],[21.63,44.66],[21.62,44.67],[21.62,44.68],[21.61,44.69],[21.61,44.7],[21.62,44.71],[21.62,44.72],[21.6,44.75],[21.59,44.76],[21.57,44.77],[21.54,44.78],[21.52,44.78],[21.48,44.78],[21.45,44.78],[21.41,44.78],[21.4,44.78],[21.39,44.79],[21.36,44.82],[21.36,44.83],[21.37,44.86],[21.37,44.87],[21.4,44.88],[21.41,44.88],[21.44,44.88],[21.46,44.87],[21.48,44.88],[21.5,44.88],[21.55,44.89],[21.56,44.89],[21.56,44.9],[21.56,44.91],[21.56,44.92],[21.55,44.93],[21.54,44.94],[21.53,44.94],[21.48,44.96],[21.47,44.96],[21.46,44.96],[21.44,44.96],[21.43,44.96],[21.41,44.97],[21.38,45],[21.37,45],[21.37,45.01],[21.37,45.02],[21.38,45.02],[21.44,45.05],[21.51,45.12],[21.51,45.13],[21.52,45.14],[21.52,45.15],[21.51,45.15],[21.48,45.18],[21.47,45.19],[21.42,45.22],[21.41,45.22],[21.35,45.22],[21.28,45.23],[21.27,45.23],[21.05,45.32],[20.99,45.35],[20.81,45.48],[20.79,45.51],[20.77,45.6],[20.77,45.61],[20.77,45.62],[20.77,45.63],[20.78,45.64],[20.8,45.65],[20.8,45.66],[20.8,45.74],[20.8,45.76],[20.8,45.77],[20.79,45.77],[20.78,45.77],[20.77,45.77],[20.76,45.76],[20.76,45.75],[20.75,45.74],[20.74,45.74],[20.73,45.74],[20.72,45.74],[20.71,45.74],[20.71,45.75],[20.66,45.8],[20.66,45.81],[20.66,45.83],[20.59,45.89],[20.58,45.9],[20.56,45.91],[20.55,45.91],[20.53,45.91],[20.52,45.91],[20.51,45.92],[20.38,45.98],[20.37,45.98],[20.36,45.99],[20.36,46],[20.35,46.01],[20.35,46.02],[20.35,46.03],[20.32,46.06],[20.31,46.08],[20.26,46.12],[20.26,46.13],[20.27,46.14],[20.28,46.15],[20.29,46.15],[20.34,46.16],[20.49,46.18],[20.54,46.17],[20.56,46.16],[20.58,46.16],[20.62,46.13],[20.63,46.13],[20.68,46.14],[20.7,46.15],[20.71,46.16],[20.72,46.17],[20.73,46.17],[20.73,46.18]]]}},{"type":"Feature","properties":{"FID":0,"FIPS":"MD","ISO2":"MD","ISO3":"MDA","UN":498,"NAME":"Republic of Moldova","AREA":3288,"POP2005":3876661,"REGION":150,"SUBREGION":151,"LON":28.599,"LAT":47.193},"geometry":{"type":"Polygon","coordinates":[[[28.12,46.85],[28.12,46.89],[28.11,46.92],[28.09,46.97],[28.08,46.98],[28.07,46.99],[28.03,47.02],[28.01,47.02],[27.99,47.03],[27.96,47.04],[27.94,47.04],[27.94,47.05],[27.86,47.1],[27.8,47.15],[27.79,47.2],[27.74,47.26],[27.73,47.28],[27.72,47.29],[27.71,47.29],[27.68,47.29],[27.64,47.3],[27.63,47.31],[27.58,47.37],[27.47,47.49],[27.43,47.56],[27.36,47.62],[27.33,47.64],[27.3,47.66],[27.28,47.69],[27.24,47.78],[27.21,47.85],[27.2,47.9],[27.16,47.99],[27,48.16],[26.95,48.19],[26.83,48.24],[26.81,48.25],[26.7,48.26],[26.64,48.26],[26.64,48.27],[26.64,48.29],[26.65,48.3],[26.7,48.34],[26.71,48.34],[26.72,48.33],[26.81,48.33],[26.98,48.36],[27.23,48.37],[27.25,48.37],[27.45,48.44],[27.52,48.47],[27.55,48.47],[27.76,48.45],[27.77,48.45],[27.86,48.4],[27.87,48.4],[27.88,48.39],[27.88,48.37],[27.89,48.37],[27.89,48.36],[27.91,48.35],[27.93,48.34],[27.95,48.33],[27.96,48.33],[28.02,48.32],[28.07,48.31],[28.08,48.31],[28.09,48.31],[28.09,48.3],[28.1,48.29],[28.09,48.27],[28.09,48.26],[28.08,48.24],[28.09,48.23],[28.2,48.21],[28.22,48.2],[28.23,48.21],[28.24,48.21],[28.26,48.22],[28.29,48.23],[28.3,48.24],[28.34,48.24],[28.35,48.24],[28.36,48.24],[28.37,48.23],[28.37,48.22],[28.37,48.21],[28.37,48.2],[28.36,48.19],[28.39,48.16],[28.44,48.15],[28.5,48.13],[28.55,48.16],[28.56,48.16],[28.57,48.16],[28.64,48.15],[28.74,48.14],[28.8,48.13],[28.81,48.12],[28.82,48.11],[28.83,48.1],[28.88,48.01],[28.89,47.99],[28.91,47.98],[28.96,47.95],[28.97,47.94],[28.98,47.94],[28.99,47.93],[29.01,47.93],[29.02,47.93],[29.04,47.93],[29.05,47.94],[29.06,47.95],[29.07,47.96],[29.07,47.97],[29.07,47.98],[29.08,47.98],[29.09,47.99],[29.11,47.99],[29.14,47.99],[29.15,47.98],[29.17,47.96],[29.18,47.95],[29.26,47.77],[29.26,47.76],[29.2,47.61],[29.19,47.61],[29.16,47.58],[29.14,47.56],[29.14,47.55],[29.13,47.55],[29.13,47.54],[29.14,47.53],[29.14,47.52],[29.15,47.5],[29.18,47.44],[29.19,47.44],[29.2,47.43],[29.2,47.44],[29.21,47.44],[29.22,47.45],[29.23,47.45],[29.23,47.46],[29.24,47.46],[29.25,47.46],[29.25,47.45],[29.3,47.42],[29.36,47.38],[29.38,47.36],[29.38,47.35],[29.38,47.33],[29.38,47.32],[29.41,47.3],[29.42,47.29],[29.43,47.29],[29.47,47.29],[29.48,47.29],[29.48,47.3],[29.49,47.31],[29.49,47.32],[29.49,47.33],[29.49,47.34],[29.5,47.34],[29.5,47.35],[29.52,47.35],[29.55,47.34],[29.56,47.34],[29.57,47.34],[29.58,47.33],[29.59,47.31],[29.6,47.3],[29.6,47.28],[29.6,47.27],[29.57,47.15],[29.57,47.14],[29.59,47.02],[29.57,46.95],[29.58,46.94],[29.74,46.89],[29.86,46.86],[29.87,46.86],[29.88,46.85],[29.94,46.82],[29.95,46.82],[29.95,46.81],[29.97,46.75],[29.97,46.73],[29.97,46.58],[29.97,46.57],[29.96,46.56],[29.95,46.56],[29.92,46.56],[29.91,46.55],[29.9,46.55],[29.9,46.54],[29.9,46.53],[29.91,46.52],[29.93,46.51],[30.01,46.46],[30.04,46.44],[30.07,46.44],[30.09,46.43],[30.1,46.43],[30.11,46.43],[30.12,46.42],[30.13,46.42],[30.13,46.41],[30.13,46.4],[30.12,46.39],[30.1,46.38],[30.09,46.38],[30.05,46.38],[30,46.38],[29.97,46.38],[29.93,46.38],[29.92,46.38],[29.91,46.38],[29.87,46.35],[29.82,46.37],[29.74,46.44],[29.73,46.44],[29.66,46.38],[29.65,46.37],[29.64,46.37],[29.63,46.37],[29.62,46.37],[29.61,46.38],[29.6,46.38],[29.5,46.43],[29.49,46.44],[29.49,46.45],[29.51,46.47],[29.51,46.48],[29.5,46.49],[29.49,46.49],[29.48,46.49],[29.35,46.47],[29.3,46.43],[29.31,46.43],[29.31,46.42],[29.31,46.41],[29.31,46.4],[29.3,46.4],[29.24,46.37],[29.23,46.37],[29.22,46.37],[29.21,46.37],[29.2,46.37],[29.2,46.38],[29.2,46.39],[29.21,46.39],[29.22,46.4],[29.23,46.41],[29.23,46.42],[29.23,46.48],[29.23,46.51],[29.22,46.52],[29.22,46.53],[29.2,46.55],[29.17,46.54],[29.04,46.5],[29.04,46.49],[28.99,46.48],[28.98,46.47],[28.97,46.46],[28.94,46.44],[28.93,46.43],[28.93,46.42],[28.95,46.29],[29.02,46.22],[29.03,46.21],[29.04,46.2],[29.04,46.19],[28.98,46.01],[28.97,46.01],[28.97,46],[28.96,46],[28.9,45.99],[28.83,45.98],[28.8,45.97],[28.77,45.97],[28.76,45.96],[28.75,45.96],[28.75,45.95],[28.75,45.94],[28.75,45.93],[28.75,45.92],[28.75,45.91],[28.77,45.87],[28.77,45.86],[28.76,45.85],[28.69,45.78],[28.68,45.78],[28.68,45.77],[28.67,45.77],[28.66,45.77],[28.61,45.77],[28.59,45.77],[28.58,45.76],[28.52,45.71],[28.49,45.67],[28.49,45.66],[28.52,45.65],[28.53,45.65],[28.53,45.64],[28.53,45.53],[28.52,45.52],[28.51,45.51],[28.5,45.51],[28.49,45.51],[28.48,45.51],[28.41,45.51],[28.39,45.51],[28.37,45.52],[28.35,45.52],[28.32,45.53],[28.29,45.53],[28.28,45.52],[28.27,45.52],[28.26,45.52],[28.25,45.51],[28.24,45.51],[28.24,45.5],[28.23,45.49],[28.22,45.47],[28.21,45.46],[28.21,45.45],[28.18,45.47],[28.17,45.48],[28.07,45.58],[28.13,45.62],[28.15,45.62],[28.16,45.62],[28.16,45.63],[28.17,45.67],[28.16,45.72],[28.16,45.73],[28.12,45.92],[28.11,45.97],[28.1,45.98],[28.09,45.99],[28.09,46],[28.08,46.01],[28.09,46.08],[28.11,46.1],[28.12,46.13],[28.14,46.19],[28.19,46.33],[28.25,46.42],[28.25,46.43],[28.25,46.44],[28.25,46.6],[28.25,46.61],[28.25,46.62],[28.23,46.67],[28.22,46.68],[28.2,46.7],[28.17,46.74],[28.12,46.83],[28.11,46.84],[28.12,46.85]]]}},{"type":"Feature","properties":{"FID":0,"FIPS":"SI","ISO2":"SI","ISO3":"SVN","UN":705,"NAME":"Slovenia","AREA":2014,"POP2005":1999425,"REGION":150,"SUBREGION":39,"LON":14.827,"LAT":46.124},"geometry":{"type":"Polygon","coordinates":[[[13.72,46.53],[13.78,46.52],[13.85,46.52],[13.94,46.52],[14.08,46.49],[14.09,46.49],[14.11,46.48],[14.12,46.48],[14.13,46.47],[14.13,46.46],[14.15,46.44],[14.16,46.44],[14.48,46.42],[14.54,46.41],[14.81,46.51],[14.82,46.54],[14.83,46.57],[14.84,46.58],[14.86,46.61],[14.87,46.62],[15.05,46.65],[15.06,46.65],[15.07,46.65],[15.1,46.66],[15.11,46.66],[15.14,46.66],[15.41,46.65],[15.6,46.69],[15.81,46.72],[15.83,46.72],[15.85,46.72],[15.87,46.72],[15.99,46.75],[15.99,46.76],[15.99,46.83],[15.99,46.84],[16.01,46.84],[16.11,46.87],[16.14,46.86],[16.15,46.86],[16.18,46.86],[16.19,46.87],[16.23,46.88],[16.27,46.87],[16.29,46.87],[16.3,46.87],[16.35,46.85],[16.35,46.84],[16.34,46.81],[16.32,46.8],[16.31,46.79],[16.32,46.76],[16.33,46.75],[16.36,46.72],[16.38,46.72],[16.39,46.7],[16.41,46.66],[16.53,46.51],[16.61,46.48],[16.6,46.48],[16.59,46.47],[16.57,46.48],[16.56,46.48],[16.52,46.49],[16.5,46.5],[16.49,46.5],[16.5,46.51],[16.49,46.51],[16.47,46.52],[16.46,46.52],[16.38,46.54],[16.34,46.53],[16.29,46.53],[16.27,46.51],[16.26,46.51],[16.25,46.5],[16.25,46.49],[16.27,46.42],[16.14,46.41],[16.08,46.38],[16.07,46.37],[16.07,46.36],[16.08,46.35],[16.08,46.33],[16.02,46.3],[15.8,46.23],[15.7,46.23],[15.68,46.23],[15.67,46.23],[15.66,46.22],[15.65,46.22],[15.65,46.21],[15.61,46.17],[15.6,46.15],[15.6,46.14],[15.61,46.12],[15.63,46.09],[15.64,46.08],[15.66,46.07],[15.68,46.07],[15.71,46.06],[15.71,46.05],[15.72,46.05],[15.72,46.04],[15.72,45.94],[15.7,45.84],[15.69,45.84],[15.66,45.82],[15.65,45.82],[15.63,45.83],[15.63,45.84],[15.62,45.84],[15.62,45.85],[15.61,45.85],[15.6,45.85],[15.5,45.84],[15.33,45.77],[15.32,45.76],[15.31,45.75],[15.3,45.74],[15.29,45.73],[15.28,45.71],[15.28,45.7],[15.29,45.69],[15.3,45.69],[15.3,45.7],[15.3,45.71],[15.35,45.72],[15.36,45.71],[15.37,45.71],[15.37,45.7],[15.35,45.65],[15.31,45.63],[15.29,45.59],[15.3,45.54],[15.31,45.53],[15.28,45.46],[15.17,45.43],[15.16,45.43],[15.15,45.43],[15.09,45.47],[14.98,45.5],[14.92,45.49],[14.91,45.48],[14.86,45.47],[14.83,45.47],[14.82,45.47],[14.72,45.53],[14.63,45.61],[14.62,45.62],[14.61,45.63],[14.61,45.64],[14.61,45.66],[14.61,45.67],[14.6,45.67],[14.58,45.67],[14.56,45.66],[14.54,45.61],[14.5,45.55],[14.5,45.54],[14.49,45.53],[14.42,45.49],[14.41,45.49],[14.4,45.49],[14.39,45.48],[14.14,45.48],[14,45.47],[13.99,45.46],[13.98,45.46],[13.95,45.46],[13.91,45.45],[13.7,45.44],[13.68,45.45],[13.67,45.45],[13.65,45.45],[13.64,45.45],[13.63,45.46],[13.61,45.47],[13.6,45.48],[13.59,45.48],[13.59,45.52],[13.67,45.54],[13.74,45.55],[13.75,45.55],[13.72,45.6],[13.8,45.59],[13.83,45.58],[13.85,45.59],[13.86,45.59],[13.92,45.63],[13.92,45.64],[13.84,45.72],[13.8,45.75],[13.79,45.75],[13.78,45.76],[13.7,45.78],[13.61,45.81],[13.6,45.81],[13.58,45.85],[13.59,45.89],[13.61,45.9],[13.61,45.91],[13.62,45.91],[13.63,45.94],[13.64,45.95],[13.64,45.98],[13.63,45.99],[13.6,45.99],[13.59,45.99],[13.58,45.99],[13.57,45.98],[13.56,45.97],[13.54,45.97],[13.52,45.98],[13.5,45.99],[13.48,46.01],[13.52,46.06],[13.54,46.08],[13.55,46.08],[13.55,46.09],[13.56,46.09],[13.57,46.09],[13.59,46.1],[13.65,46.14],[13.65,46.15],[13.67,46.17],[13.67,46.18],[13.66,46.18],[13.66,46.19],[13.55,46.22],[13.49,46.23],[13.46,46.23],[13.46,46.22],[13.45,46.22],[13.43,46.21],[13.42,46.21],[13.41,46.22],[13.38,46.29],[13.38,46.3],[13.44,46.35],[13.51,46.38],[13.66,46.45],[13.69,46.45],[13.7,46.45],[13.7,46.46],[13.71,46.49],[13.72,46.51],[13.72,46.52],[13.72,46.53]]]}},{"type":"Feature","properties":{"FID":0,"FIPS":"SP","ISO2":"ES","ISO3":"ESP","UN":724,"NAME":"Spain","AREA":49904,"POP2005":43397491,"REGION":150,"SUBREGION":39,"LON":-3.649,"LAT":40.227},"geometry":{"type":"MultiPolygon","coordinates":[[[[-2.92,35.27],[-2.94,35.26],[-2.95,35.27],[-2.96,35.27],[-2.97,35.28],[-2.97,35.3],[-2.97,35.31],[-2.96,35.32],[-2.96,35.33],[-2.95,35.33],[-2.93,35.3],[-2.92,35.27]]],[[[-5.32,35.88],[-5.35,35.84],[-5.35,35.85],[-5.38,35.87],[-5.39,35.89],[-5.39,35.9],[-5.4,35.91],[-5.4,35.92],[-5.37,35.92],[-5.36,35.92],[-5.34,35.91],[-5.32,35.9],[-5.32,35.88]]],[[[-3.04,35.91],[-3.05,35.91],[-3.05,35.92],[-3.04,35.92],[-3.03,35.92],[-3.04,35.91]]],[[[-6.92,37.17],[-6.92,37.16],[-6.93,37.16],[-6.93,37.17],[-6.95,37.18],[-6.96,37.18],[-6.97,37.2],[-6.97,37.21],[-6.96,37.21],[-6.95,37.2],[-6.92,37.17]]],[[[1.58,38.69],[1.59,38.67],[1.58,38.66],[1.57,38.65],[1.56,38.65],[1.53,38.65],[1.52,38.66],[1.5,38.67],[1.49,38.68],[1.46,38.69],[1.44,38.68],[1.39,38.64],[1.39,38.65],[1.39,38.66],[1.38,38.68],[1.38,38.69],[1.38,38.72],[1.4,38.74],[1.45,38.74],[1.57,38.69],[1.58,38.69]]],[[[1.53,38.95],[1.41,38.85],[1.37,38.83],[1.37,38.85],[1.36,38.86],[1.36,38.87],[1.35,38.87],[1.28,38.88],[1.27,38.88],[1.26,38.86],[1.25,38.86],[1.22,38.87],[1.21,38.9],[1.23,38.95],[1.24,38.97],[1.29,39.03],[1.3,39.04],[1.33,39.05],[1.36,39.07],[1.47,39.1],[1.52,39.12],[1.55,39.12],[1.6,39.1],[1.6,39.09],[1.61,39.08],[1.61,39.03],[1.53,38.95]]],[[[3.25,39.73],[3.26,39.73],[3.27,39.74],[3.29,39.75],[3.32,39.76],[3.33,39.77],[3.34,39.78],[3.38,39.77],[3.44,39.75],[3.48,39.72],[3.48,39.71],[3.46,39.66],[3.45,39.64],[3.38,39.55],[3.37,39.55],[3.33,39.53],[3.32,39.52],[3.31,39.5],[3.29,39.47],[3.27,39.41],[3.24,39.36],[3.08,39.27],[3.06,39.26],[3.03,39.28],[2.99,39.32],[2.83,39.35],[2.8,39.36],[2.79,39.37],[2.78,39.37],[2.75,39.39],[2.75,39.41],[2.74,39.41],[2.73,39.47],[2.74,39.49],[2.75,39.49],[2.75,39.5],[2.75,39.51],[2.75,39.52],[2.74,39.52],[2.73,39.53],[2.69,39.55],[2.67,39.56],[2.66,39.56],[2.55,39.52],[2.54,39.52],[2.44,39.52],[2.39,39.52],[2.36,39.56],[2.39,39.61],[2.54,39.7],[2.68,39.79],[2.78,39.84],[2.99,39.91],[3.07,39.92],[3.1,39.91],[3.09,39.9],[3.09,39.89],[3.12,39.81],[3.13,39.79],[3.14,39.79],[3.15,39.78],[3.18,39.76],[3.24,39.74],[3.25,39.73]]],[[[4.27,39.96],[4.32,39.88],[4.32,39.85],[4.31,39.83],[4.3,39.81],[4.29,39.81],[4.28,39.81],[4.26,39.81],[4.24,39.82],[4.12,39.87],[4.1,39.88],[4.09,39.88],[4.09,39.89],[4.08,39.9],[4.04,39.92],[4.03,39.92],[3.98,39.93],[3.97,39.93],[3.94,39.93],[3.92,39.93],[3.91,39.93],[3.89,39.92],[3.88,39.92],[3.83,39.92],[3.8,40.02],[3.83,40.05],[3.84,40.06],[3.87,40.06],[3.94,40.06],[4.12,40.06],[4.17,40.05],[4.24,39.99],[4.27,39.96]]],[[[-7.86,43.76],[-7.85,43.72],[-7.81,43.72],[-7.79,43.73],[-7.72,43.75],[-7.69,43.75],[-7.52,43.73],[-7.46,43.73],[-7.37,43.68],[-7.36,43.67],[-7.34,43.65],[-7.33,43.63],[-7.3,43.6],[-7.29,43.59],[-7.25,43.56],[-7.24,43.56],[-7.21,43.56],[-7.2,43.56],[-7.04,43.56],[-7.04,43.55],[-7.03,43.54],[-7.04,43.49],[-7.02,43.54],[-7,43.56],[-6.94,43.58],[-6.77,43.57],[-6.6,43.56],[-6.48,43.55],[-6.34,43.56],[-6.3,43.57],[-6.11,43.56],[-6.09,43.56],[-6.08,43.57],[-5.95,43.59],[-5.88,43.62],[-5.85,43.65],[-5.78,43.62],[-5.76,43.59],[-5.75,43.59],[-5.73,43.58],[-5.69,43.55],[-5.68,43.54],[-5.67,43.54],[-5.65,43.55],[-5.64,43.55],[-5.61,43.55],[-5.55,43.55],[-5.46,43.55],[-5.4,43.55],[-5.29,43.53],[-5.27,43.52],[-5.26,43.52],[-5.23,43.5],[-5.21,43.48],[-5.19,43.48],[-5.06,43.47],[-4.98,43.46],[-4.88,43.45],[-4.76,43.43],[-4.75,43.42],[-4.73,43.42],[-4.66,43.41],[-4.64,43.41],[-4.59,43.4],[-4.51,43.4],[-4.5,43.4],[-4.42,43.4],[-4.39,43.4],[-4.32,43.39],[-4.27,43.39],[-4.22,43.4],[-4.21,43.4],[-4.12,43.42],[-4.05,43.44],[-3.94,43.47],[-3.81,43.49],[-3.79,43.49],[-3.77,43.47],[-3.59,43.51],[-3.55,43.51],[-3.45,43.47],[-3.33,43.42],[-3.23,43.4],[-3.15,43.35],[-3.02,43.36],[-3,43.38],[-2.94,43.44],[-2.93,43.44],[-2.86,43.43],[-2.81,43.43],[-2.74,43.43],[-2.56,43.39],[-2.51,43.38],[-2.49,43.36],[-2.46,43.34],[-2.45,43.34],[-2.35,43.31],[-2.35,43.3],[-2.3,43.3],[-2.17,43.29],[-2.16,43.29],[-2.12,43.3],[-1.98,43.33],[-1.84,43.38],[-1.79,43.39],[-1.78,43.39],[-1.78,43.36],[-1.78,43.34],[-1.73,43.3],[-1.71,43.3],[-1.69,43.31],[-1.66,43.31],[-1.5,43.29],[-1.41,43.27],[-1.39,43.26],[-1.38,43.25],[-1.38,43.22],[-1.39,43.2],[-1.41,43.14],[-1.42,43.12],[-1.43,43.12],[-1.45,43.1],[-1.46,43.1],[-1.47,43.1],[-1.47,43.09],[-1.45,43.06],[-1.45,43.05],[-1.43,43.05],[-1.43,43.04],[-1.4,43.04],[-1.36,43.03],[-1.35,43.03],[-1.34,43.04],[-1.3,43.07],[-1.2,43.05],[-1.07,43.01],[-0.99,42.98],[-0.95,42.96],[-0.93,42.95],[-0.82,42.95],[-0.79,42.95],[-0.79,42.96],[-0.77,42.97],[-0.76,42.97],[-0.75,42.97],[-0.74,42.96],[-0.72,42.94],[-0.72,42.92],[-0.73,42.91],[-0.73,42.9],[-0.72,42.89],[-0.71,42.88],[-0.56,42.78],[-0.55,42.78],[-0.39,42.8],[-0.32,42.83],[-0.32,42.84],[-0.31,42.85],[-0.31,42.84],[-0.3,42.84],[-0.26,42.82],[-0.21,42.79],[-0.18,42.78],[-0.15,42.78],[-0.12,42.76],[-0.06,42.72],[-0.06,42.71],[-0.06,42.7],[-0.06,42.69],[-0.05,42.69],[-0.01,42.69],[0,42.69],[0.01,42.69],[0.11,42.71],[0.14,42.72],[0.17,42.73],[0.18,42.73],[0.19,42.73],[0.26,42.72],[0.27,42.71],[0.27,42.7],[0.43,42.69],[0.5,42.69],[0.51,42.69],[0.56,42.7],[0.6,42.7],[0.66,42.69],[0.68,42.69],[0.68,42.71],[0.68,42.73],[0.67,42.75],[0.66,42.75],[0.65,42.78],[0.67,42.84],[0.69,42.85],[0.71,42.86],[0.72,42.86],[0.82,42.83],[0.9,42.81],[1.08,42.78],[1.09,42.78],[1.12,42.77],[1.13,42.76],[1.14,42.75],[1.14,42.74],[1.14,42.73],[1.15,42.73],[1.15,42.72],[1.17,42.71],[1.32,42.72],[1.33,42.72],[1.36,42.72],[1.39,42.69],[1.42,42.65],[1.45,42.6],[1.43,42.58],[1.42,42.55],[1.42,42.49],[1.45,42.45],[1.46,42.44],[1.51,42.44],[1.53,42.44],[1.54,42.44],[1.65,42.47],[1.66,42.47],[1.72,42.5],[1.72,42.51],[1.78,42.49],[1.85,42.47],[1.91,42.45],[1.96,42.41],[1.97,42.38],[1.98,42.38],[1.99,42.37],[2,42.36],[2.02,42.35],[2.06,42.36],[2.09,42.36],[2.12,42.38],[2.12,42.39],[2.12,42.4],[2.13,42.41],[2.14,42.42],[2.15,42.42],[2.26,42.44],[2.27,42.44],[2.28,42.43],[2.33,42.42],[2.44,42.38],[2.47,42.35],[2.48,42.34],[2.53,42.33],[2.54,42.33],[2.67,42.34],[2.67,42.36],[2.66,42.38],[2.68,42.4],[2.73,42.42],[2.95,42.48],[3.04,42.48],[3.05,42.47],[3.05,42.46],[3.08,42.44],[3.09,42.43],[3.11,42.43],[3.16,42.43],[3.17,42.44],[3.18,42.44],[3.17,42.43],[3.16,42.38],[3.17,42.36],[3.19,42.34],[3.2,42.34],[3.2,42.35],[3.21,42.35],[3.22,42.35],[3.23,42.35],[3.27,42.34],[3.28,42.34],[3.32,42.33],[3.32,42.32],[3.29,42.27],[3.28,42.26],[3.27,42.24],[3.26,42.24],[3.22,42.23],[3.21,42.23],[3.2,42.24],[3.19,42.25],[3.18,42.26],[3.16,42.26],[3.15,42.26],[3.14,42.25],[3.12,42.23],[3.12,42.22],[3.11,42.21],[3.11,42.2],[3.11,42.19],[3.11,42.15],[3.12,42.14],[3.13,42.12],[3.14,42.12],[3.15,42.12],[3.16,42.12],[3.17,42.11],[3.18,42.11],[3.19,42.1],[3.21,42.07],[3.21,42.06],[3.22,41.95],[3.2,41.89],[3.17,41.87],[3.12,41.85],[3.01,41.77],[2.95,41.73],[2.94,41.72],[2.93,41.72],[2.72,41.63],[2.68,41.61],[2.61,41.59],[2.56,41.58],[2.54,41.57],[2.27,41.46],[2.26,41.46],[2.25,41.45],[2.24,41.44],[2.17,41.34],[2.15,41.31],[2.12,41.29],[2.11,41.29],[2.08,41.27],[2.05,41.27],[2.02,41.26],[2.01,41.26],[2,41.26],[1.89,41.25],[1.76,41.22],[1.7,41.21],[1.68,41.2],[1.65,41.2],[1.62,41.2],[1.53,41.19],[1.5,41.18],[1.32,41.13],[1.21,41.1],[1.04,41.06],[0.99,41.05],[0.96,41.03],[0.94,41.02],[0.94,41.01],[0.93,40.99],[0.91,40.98],[0.89,40.98],[0.7,40.81],[0.7,40.8],[0.71,40.78],[0.72,40.78],[0.74,40.77],[0.84,40.73],[0.86,40.73],[0.87,40.73],[0.89,40.73],[0.9,40.73],[0.9,40.72],[0.89,40.7],[0.86,40.68],[0.85,40.68],[0.69,40.57],[0.67,40.56],[0.66,40.56],[0.64,40.56],[0.63,40.56],[0.62,40.57],[0.61,40.58],[0.61,40.59],[0.62,40.59],[0.63,40.59],[0.71,40.6],[0.74,40.64],[0.73,40.64],[0.7,40.64],[0.62,40.63],[0.6,40.62],[0.59,40.61],[0.54,40.57],[0.52,40.53],[0.46,40.45],[0.36,40.3],[0.35,40.3],[0.28,40.24],[0.21,40.18],[0.05,40.04],[0.05,40.03],[0.03,40.01],[-0.04,39.89],[-0.08,39.85],[-0.11,39.83],[-0.12,39.82],[-0.18,39.74],[-0.32,39.52],[-0.32,39.51],[-0.33,39.49],[-0.34,39.44],[-0.24,39.14],[-0.2,39.05],[-0.18,39.03],[-0.14,38.98],[-0.09,38.93],[-0.07,38.91],[-0.06,38.9],[-0.05,38.89],[-0.03,38.88],[0.01,38.86],[0.03,38.86],[0.05,38.86],[0.06,38.86],[0.07,38.86],[0.09,38.85],[0.15,38.83],[0.2,38.81],[0.2,38.8],[0.21,38.76],[0.21,38.73],[0.16,38.7],[0.14,38.69],[0.04,38.64],[-0.01,38.63],[-0.02,38.62],[-0.05,38.6],[-0.06,38.59],[-0.14,38.54],[-0.15,38.54],[-0.29,38.49],[-0.3,38.48],[-0.32,38.47],[-0.37,38.44],[-0.39,38.43],[-0.51,38.33],[-0.6,38.19],[-0.66,38.05],[-0.75,37.89],[-0.76,37.86],[-0.76,37.85],[-0.8,37.8],[-0.84,37.75],[-0.86,37.72],[-0.86,37.71],[-0.81,37.66],[-0.79,37.65],[-0.74,37.63],[-0.73,37.63],[-0.72,37.64],[-0.72,37.65],[-0.71,37.64],[-0.7,37.63],[-0.71,37.62],[-0.72,37.61],[-0.73,37.6],[-0.74,37.59],[-0.92,37.55],[-0.95,37.56],[-0.98,37.57],[-0.98,37.58],[-1.05,37.58],[-1.24,37.58],[-1.33,37.56],[-1.35,37.55],[-1.44,37.49],[-1.45,37.49],[-1.46,37.48],[-1.47,37.47],[-1.48,37.44],[-1.49,37.44],[-1.51,37.42],[-1.57,37.4],[-1.63,37.38],[-1.64,37.37],[-1.68,37.35],[-1.69,37.34],[-1.79,37.23],[-1.8,37.22],[-1.81,37.2],[-1.82,37.18],[-1.82,37.15],[-1.83,37.13],[-1.83,37.12],[-1.85,37.08],[-1.9,36.97],[-1.93,36.94],[-1.94,36.94],[-1.99,36.9],[-2,36.88],[-2.06,36.81],[-2.06,36.79],[-2.06,36.78],[-2.06,36.77],[-2.12,36.74],[-2.13,36.73],[-2.19,36.72],[-2.2,36.72],[-2.22,36.75],[-2.23,36.76],[-2.28,36.82],[-2.29,36.82],[-2.3,36.83],[-2.34,36.84],[-2.35,36.84],[-2.48,36.83],[-2.56,36.81],[-2.58,36.79],[-2.59,36.78],[-2.6,36.77],[-2.6,36.75],[-2.61,36.74],[-2.62,36.72],[-2.64,36.7],[-2.65,36.69],[-2.69,36.69],[-2.72,36.68],[-2.77,36.68],[-2.86,36.7],[-2.87,36.7],[-2.88,36.71],[-2.88,36.72],[-2.89,36.73],[-2.9,36.73],[-2.92,36.74],[-2.93,36.75],[-3.13,36.75],[-3.23,36.75],[-3.26,36.75],[-3.33,36.74],[-3.35,36.73],[-3.36,36.73],[-3.36,36.72],[-3.36,36.71],[-3.42,36.69],[-3.43,36.69],[-3.45,36.69],[-3.47,36.69],[-3.48,36.69],[-3.49,36.7],[-3.53,36.72],[-3.6,36.75],[-3.61,36.75],[-3.64,36.74],[-3.67,36.73],[-3.68,36.73],[-3.69,36.73],[-3.73,36.73],[-3.79,36.74],[-3.82,36.75],[-3.85,36.75],[-4.03,36.74],[-4.17,36.72],[-4.24,36.71],[-4.32,36.71],[-4.33,36.71],[-4.36,36.72],[-4.39,36.72],[-4.4,36.72],[-4.41,36.72],[-4.43,36.7],[-4.44,36.7],[-4.46,36.66],[-4.49,36.62],[-4.5,36.61],[-4.63,36.51],[-4.65,36.51],[-4.71,36.49],[-4.75,36.49],[-4.76,36.49],[-4.78,36.49],[-4.79,36.49],[-4.81,36.5],[-4.83,36.5],[-4.85,36.5],[-4.88,36.5],[-4.91,36.5],[-4.94,36.49],[-5.07,36.45],[-5.09,36.44],[-5.17,36.41],[-5.18,36.41],[-5.22,36.37],[-5.31,36.23],[-5.33,36.2],[-5.33,36.17],[-5.33,36.16],[-5.36,36.16],[-5.38,36.18],[-5.39,36.18],[-5.42,36.18],[-5.43,36.17],[-5.45,36.14],[-5.44,36.13],[-5.43,36.08],[-5.42,36.08],[-5.42,36.07],[-5.45,36.05],[-5.61,36.01],[-5.8,36.07],[-5.81,36.08],[-5.81,36.09],[-5.82,36.1],[-5.83,36.11],[-5.84,36.12],[-5.85,36.13],[-5.88,36.16],[-5.91,36.18],[-5.92,36.18],[-6.03,36.18],[-6.04,36.18],[-6.05,36.19],[-6.16,36.3],[-6.23,36.41],[-6.26,36.47],[-6.26,36.48],[-6.25,36.47],[-6.24,36.46],[-6.23,36.46],[-6.22,36.47],[-6.21,36.47],[-6.17,36.51],[-6.18,36.52],[-6.23,36.58],[-6.24,36.58],[-6.3,36.61],[-6.34,36.62],[-6.36,36.62],[-6.37,36.62],[-6.39,36.62],[-6.39,36.63],[-6.4,36.63],[-6.43,36.68],[-6.43,36.69],[-6.43,36.7],[-6.44,36.72],[-6.44,36.74],[-6.36,36.86],[-6.58,37.02],[-6.73,37.09],[-6.91,37.17],[-6.96,37.22],[-6.98,37.21],[-6.97,37.18],[-7,37.19],[-7.05,37.21],[-7.08,37.22],[-7.13,37.22],[-7.17,37.22],[-7.26,37.21],[-7.29,37.2],[-7.33,37.2],[-7.34,37.19],[-7.34,37.18],[-7.36,37.18],[-7.38,37.17],[-7.4,37.18],[-7.41,37.2],[-7.43,37.25],[-7.43,37.37],[-7.45,37.42],[-7.46,37.46],[-7.47,37.48],[-7.49,37.5],[-7.5,37.52],[-7.51,37.53],[-7.52,37.55],[-7.45,37.7],[-7.42,37.74],[-7.39,37.77],[-7.38,37.77],[-7.32,37.81],[-7.29,37.86],[-7.28,37.87],[-7.25,37.93],[-7.25,37.96],[-7.25,37.98],[-7.26,37.98],[-7.25,37.99],[-7.21,38],[-7.12,38.01],[-7.01,38.03],[-7,38.03],[-6.95,38.14],[-6.94,38.16],[-6.94,38.18],[-6.93,38.21],[-6.94,38.22],[-6.95,38.22],[-6.96,38.22],[-6.99,38.21],[-7.01,38.2],[-7.02,38.19],[-7.03,38.19],[-7.08,38.17],[-7.09,38.17],[-7.1,38.18],[-7.1,38.19],[-7.13,38.23],[-7.14,38.25],[-7.17,38.28],[-7.19,38.32],[-7.27,38.42],[-7.28,38.42],[-7.29,38.43],[-7.3,38.44],[-7.31,38.44],[-7.32,38.45],[-7.27,38.7],[-7.27,38.71],[-7.26,38.72],[-7.26,38.73],[-7.25,38.73],[-7.21,38.75],[-7.16,38.78],[-7.08,38.84],[-7.06,38.86],[-6.96,39.02],[-6.96,39.03],[-6.96,39.06],[-6.98,39.09],[-7,39.11],[-7.02,39.12],[-7.04,39.12],[-7.05,39.12],[-7.06,39.12],[-7.07,39.12],[-7.1,39.1],[-7.12,39.1],[-7.13,39.11],[-7.14,39.11],[-7.15,39.12],[-7.24,39.21],[-7.31,39.34],[-7.32,39.39],[-7.37,39.49],[-7.38,39.5],[-7.5,39.6],[-7.51,39.61],[-7.52,39.63],[-7.53,39.64],[-7.53,39.67],[-7.42,39.65],[-7.41,39.65],[-7.34,39.64],[-7.33,39.65],[-7.31,39.66],[-7.27,39.67],[-7.26,39.67],[-7.21,39.67],[-7.17,39.66],[-7.15,39.66],[-7.06,39.66],[-7.05,39.66],[-7.02,39.67],[-6.99,39.73],[-6.87,40.01],[-6.87,40.02],[-6.88,40.04],[-6.93,40.1],[-6.93,40.11],[-6.94,40.11],[-6.95,40.12],[-6.96,40.12],[-6.98,40.12],[-6.99,40.12],[-7,40.13],[-7.01,40.14],[-7.03,40.19],[-7.01,40.22],[-7.01,40.23],[-6.95,40.26],[-6.91,40.26],[-6.88,40.26],[-6.87,40.26],[-6.86,40.27],[-6.83,40.32],[-6.82,40.39],[-6.8,40.52],[-6.82,40.73],[-6.8,40.85],[-6.8,40.86],[-6.8,40.87],[-6.86,40.95],[-6.87,40.96],[-6.89,40.98],[-6.93,41.01],[-6.93,41.02],[-6.92,41.03],[-6.85,41.03],[-6.83,41.03],[-6.81,41.05],[-6.78,41.06],[-6.77,41.08],[-6.75,41.1],[-6.75,41.11],[-6.75,41.14],[-6.69,41.21],[-6.64,41.24],[-6.62,41.25],[-6.6,41.24],[-6.58,41.24],[-6.56,41.24],[-6.51,41.27],[-6.44,41.32],[-6.36,41.38],[-6.3,41.44],[-6.22,41.53],[-6.21,41.54],[-6.2,41.55],[-6.19,41.57],[-6.19,41.58],[-6.19,41.59],[-6.25,41.64],[-6.26,41.64],[-6.3,41.66],[-6.35,41.67],[-6.42,41.68],[-6.43,41.68],[-6.45,41.67],[-6.47,41.67],[-6.5,41.66],[-6.51,41.66],[-6.54,41.68],[-6.55,41.69],[-6.55,41.7],[-6.55,41.77],[-6.53,41.84],[-6.55,41.92],[-6.59,41.95],[-6.6,41.95],[-6.62,41.94],[-6.69,41.94],[-6.7,41.94],[-6.72,41.94],[-6.91,41.95],[-6.94,41.95],[-6.95,41.95],[-6.98,41.97],[-7,41.96],[-7.01,41.95],[-7.06,41.95],[-7.08,41.96],[-7.08,41.97],[-7.09,41.98],[-7.11,41.99],[-7.13,41.99],[-7.14,41.99],[-7.18,41.98],[-7.19,41.98],[-7.18,41.94],[-7.17,41.93],[-7.17,41.92],[-7.19,41.9],[-7.2,41.88],[-7.21,41.88],[-7.27,41.86],[-7.33,41.84],[-7.41,41.82],[-7.43,41.82],[-7.61,41.83],[-7.61,41.84],[-7.61,41.85],[-7.6,41.87],[-7.69,41.9],[-7.69,41.91],[-7.71,41.9],[-7.76,41.9],[-7.85,41.86],[-7.87,41.86],[-7.87,41.85],[-7.88,41.85],[-7.92,41.88],[-7.93,41.88],[-8.04,41.83],[-8.05,41.82],[-8.07,41.81],[-8.09,41.81],[-8.13,41.81],[-8.14,41.81],[-8.16,41.82],[-8.16,41.83],[-8.16,41.84],[-8.16,41.86],[-8.18,41.87],[-8.19,41.87],[-8.2,41.87],[-8.21,41.88],[-8.22,41.9],[-8.22,41.91],[-8.21,41.92],[-8.21,41.93],[-8.16,41.97],[-8.13,42],[-8.11,42.01],[-8.1,42.01],[-8.09,42.02],[-8.08,42.02],[-8.08,42.03],[-8.08,42.05],[-8.09,42.06],[-8.09,42.07],[-8.19,42.15],[-8.2,42.15],[-8.25,42.14],[-8.31,42.1],[-8.45,42.09],[-8.47,42.09],[-8.52,42.08],[-8.61,42.06],[-8.62,42.05],[-8.64,42.05],[-8.74,41.97],[-8.74,41.96],[-8.74,41.95],[-8.76,41.94],[-8.77,41.93],[-8.78,41.92],[-8.82,41.92],[-8.85,41.9],[-8.87,41.88],[-8.88,41.88],[-8.89,41.93],[-8.9,42.11],[-8.81,42.19],[-8.77,42.21],[-8.76,42.22],[-8.72,42.24],[-8.64,42.29],[-8.58,42.35],[-8.6,42.35],[-8.62,42.35],[-8.63,42.34],[-8.65,42.32],[-8.66,42.31],[-8.65,42.3],[-8.65,42.29],[-8.68,42.28],[-8.76,42.26],[-8.79,42.25],[-8.86,42.25],[-8.87,42.25],[-8.85,42.3],[-8.82,42.33],[-8.79,42.34],[-8.69,42.4],[-8.67,42.41],[-8.66,42.43],[-8.69,42.44],[-8.7,42.44],[-8.74,42.42],[-8.75,42.41],[-8.78,42.4],[-8.79,42.4],[-8.84,42.39],[-8.88,42.42],[-8.91,42.47],[-8.9,42.48],[-8.89,42.5],[-8.87,42.5],[-8.86,42.5],[-8.86,42.49],[-8.86,42.48],[-8.86,42.47],[-8.87,42.47],[-8.87,42.46],[-8.87,42.45],[-8.86,42.45],[-8.84,42.46],[-8.81,42.49],[-8.81,42.52],[-8.83,42.54],[-8.83,42.55],[-8.83,42.58],[-8.82,42.58],[-8.81,42.57],[-8.8,42.58],[-8.78,42.6],[-8.75,42.64],[-8.72,42.67],[-8.72,42.7],[-8.85,42.66],[-8.92,42.63],[-8.94,42.61],[-8.94,42.6],[-8.94,42.59],[-9,42.53],[-9.02,42.52],[-9.04,42.52],[-9.04,42.53],[-9.06,42.58],[-9.06,42.61],[-9.04,42.67],[-9.03,42.69],[-9.02,42.7],[-9.01,42.72],[-8.92,42.78],[-8.91,42.79],[-9.01,42.78],[-9.09,42.74],[-9.11,42.75],[-9.12,42.77],[-9.14,42.8],[-9.13,42.8],[-9.12,42.84],[-9.14,42.89],[-9.16,42.93],[-9.19,42.95],[-9.26,42.92],[-9.27,42.91],[-9.29,42.92],[-9.26,43.05],[-9.21,43.15],[-9.21,43.16],[-9.17,43.19],[-9.14,43.19],[-9.13,43.2],[-9.09,43.19],[-9.04,43.2],[-8.95,43.23],[-8.94,43.24],[-8.98,43.27],[-8.98,43.28],[-8.97,43.29],[-8.95,43.29],[-8.88,43.32],[-8.82,43.33],[-8.78,43.3],[-8.72,43.29],[-8.7,43.29],[-8.69,43.29],[-8.66,43.3],[-8.41,43.38],[-8.33,43.4],[-8.27,43.55],[-8.01,43.7],[-7.9,43.76],[-7.87,43.77],[-7.86,43.77],[-7.86,43.76]]]]}},{"type":"Feature","properties":{"FID":0,"FIPS":"SW","ISO2":"SE","ISO3":"SWE","UN":752,"NAME":"Sweden","AREA":41033,"POP2005":9038049,"REGION":150,"SUBREGION":154,"LON":15.27,"LAT":62.011},"geometry":{"type":"MultiPolygon","coordinates":[[[[16.84,56.83],[16.83,56.83],[16.82,56.83],[16.81,56.82],[16.79,56.81],[16.78,56.81],[16.77,56.8],[16.73,56.7],[16.64,56.52],[16.58,56.41],[16.57,56.39],[16.57,56.38],[16.57,56.37],[16.58,56.36],[16.57,56.35],[16.55,56.33],[16.5,56.24],[16.49,56.23],[16.47,56.22],[16.44,56.21],[16.43,56.21],[16.42,56.21],[16.42,56.22],[16.41,56.23],[16.4,56.27],[16.39,56.47],[16.39,56.53],[16.4,56.54],[16.42,56.59],[16.54,56.78],[16.61,56.87],[16.62,56.87],[16.63,56.88],[16.64,56.88],[16.75,56.94],[16.85,57.06],[16.9,57.13],[16.96,57.22],[16.96,57.23],[16.97,57.24],[16.96,57.26],[16.96,57.27],[16.96,57.28],[16.97,57.29],[16.97,57.3],[16.98,57.32],[16.99,57.33],[17.01,57.34],[17.02,57.34],[17.04,57.35],[17.06,57.36],[17.1,57.35],[17.11,57.35],[17.12,57.32],[17.05,57.19],[17.01,57.13],[16.96,57.08],[16.93,57.04],[16.88,56.93],[16.85,56.84],[16.84,56.83]]],[[[18.21,56.91],[18.17,56.91],[18.15,56.91],[18.14,56.91],[18.14,56.92],[18.16,56.94],[18.21,56.99],[18.26,57.03],[18.25,57.08],[18.17,57.14],[18.15,57.23],[18.16,57.32],[18.14,57.41],[18.11,57.48],[18.11,57.5],[18.11,57.51],[18.11,57.52],[18.12,57.53],[18.14,57.55],[18.18,57.59],[18.19,57.6],[18.21,57.61],[18.23,57.61],[18.24,57.62],[18.25,57.62],[18.28,57.63],[18.3,57.65],[18.34,57.68],[18.36,57.7],[18.38,57.72],[18.4,57.74],[18.42,57.76],[18.46,57.8],[18.46,57.81],[18.47,57.81],[18.48,57.82],[18.68,57.91],[18.69,57.92],[18.72,57.92],[18.73,57.92],[18.88,57.92],[18.9,57.92],[18.91,57.92],[19,57.91],[19.01,57.9],[19,57.9],[19.03,57.83],[18.93,57.74],[18.85,57.72],[18.81,57.7],[18.79,57.66],[18.76,57.51],[18.77,57.47],[18.79,57.45],[18.71,57.25],[18.71,57.24],[18.66,57.22],[18.55,57.18],[18.52,57.17],[18.5,57.16],[18.46,57.16],[18.44,57.15],[18.42,57.14],[18.4,57.13],[18.39,57.13],[18.35,57.08],[18.34,57.07],[18.34,57.02],[18.34,57.01],[18.35,57],[18.3,56.94],[18.22,56.91],[18.21,56.91]]],[[[19.33,57.96],[19.29,57.94],[19.28,57.94],[19.27,57.95],[19.26,57.95],[19.24,57.95],[19.17,57.93],[19.16,57.93],[19.15,57.92],[19.15,57.91],[19.14,57.91],[19.14,57.9],[19.13,57.84],[19.09,57.85],[19.08,57.86],[19.07,57.86],[19.04,57.9],[19.03,57.9],[19.03,57.91],[19.04,57.92],[19.09,57.97],[19.1,57.97],[19.11,57.98],[19.29,57.98],[19.3,57.98],[19.31,57.97],[19.33,57.97],[19.34,57.96],[19.33,57.96]]],[[[11.59,57.93],[11.57,57.93],[11.53,57.95],[11.52,57.95],[11.52,57.98],[11.51,57.99],[11.5,58.01],[11.5,58.03],[11.5,58.04],[11.52,58.05],[11.53,58.05],[11.74,58.04],[11.74,58.03],[11.74,58.02],[11.74,58],[11.73,58],[11.73,57.99],[11.72,57.99],[11.66,57.96],[11.65,57.95],[11.59,57.93]]],[[[16.82,58.12],[16.78,58.1],[16.78,58.11],[16.79,58.12],[16.8,58.12],[16.81,58.12],[16.82,58.12]]],[[[11.81,58.12],[11.8,58.12],[11.71,58.1],[11.68,58.1],[11.63,58.11],[11.62,58.11],[11.61,58.12],[11.58,58.12],[11.55,58.12],[11.47,58.1],[11.46,58.07],[11.45,58.08],[11.4,58.13],[11.4,58.14],[11.41,58.15],[11.67,58.28],[11.68,58.29],[11.71,58.29],[11.72,58.28],[11.74,58.28],[11.79,58.25],[11.81,58.22],[11.81,58.21],[11.82,58.17],[11.81,58.15],[11.81,58.13],[11.81,58.12]]],[[[19.24,58.34],[19.23,58.34],[19.22,58.34],[19.19,58.38],[19.18,58.39],[19.19,58.39],[19.23,58.39],[19.26,58.38],[19.31,58.38],[19.32,58.37],[19.33,58.37],[19.33,58.36],[19.32,58.35],[19.3,58.35],[19.29,58.34],[19.24,58.34]]],[[[17.69,58.92],[17.71,58.9],[17.7,58.91],[17.68,58.92],[17.67,58.92],[17.66,58.93],[17.64,58.97],[17.64,58.98],[17.64,58.99],[17.66,59.04],[17.67,59.05],[17.68,59.05],[17.7,59.04],[17.72,59.02],[17.72,59.01],[17.72,59],[17.7,58.99],[17.7,58.98],[17.69,58.95],[17.69,58.93],[17.69,58.92]]],[[[18.41,59.02],[18.38,59.02],[18.37,59.02],[18.36,59.02],[18.36,59.03],[18.4,59.08],[18.41,59.09],[18.44,59.12],[18.45,59.12],[18.46,59.12],[18.47,59.12],[18.48,59.12],[18.49,59.1],[18.42,59.04],[18.41,59.02]]],[[[18.54,59.22],[18.53,59.22],[18.52,59.22],[18.5,59.23],[18.44,59.25],[18.43,59.26],[18.39,59.28],[18.39,59.29],[18.47,59.29],[18.48,59.29],[18.5,59.29],[18.6,59.26],[18.61,59.25],[18.57,59.23],[18.56,59.23],[18.54,59.22]]],[[[17.79,59.31],[17.78,59.31],[17.75,59.31],[17.72,59.32],[17.69,59.33],[17.67,59.34],[17.66,59.34],[17.62,59.4],[17.61,59.42],[17.62,59.42],[17.63,59.43],[17.64,59.43],[17.65,59.42],[17.74,59.39],[17.77,59.37],[17.78,59.37],[17.79,59.32],[17.79,59.31]]],[[[17.73,59.3],[17.82,59.28],[17.76,59.28],[17.68,59.29],[17.66,59.29],[17.65,59.3],[17.64,59.3],[17.62,59.3],[17.61,59.31],[17.52,59.41],[17.52,59.42],[17.53,59.42],[17.54,59.43],[17.57,59.43],[17.62,59.38],[17.63,59.37],[17.64,59.35],[17.64,59.34],[17.64,59.33],[17.64,59.32],[17.65,59.32],[17.73,59.3]]],[[[17.27,59.37],[17.26,59.37],[17.23,59.38],[17.16,59.38],[17.15,59.39],[17.07,59.45],[17.07,59.46],[17.09,59.46],[17.15,59.46],[17.24,59.45],[17.26,59.45],[17.27,59.44],[17.28,59.44],[17.32,59.41],[17.32,59.4],[17.31,59.39],[17.27,59.37]]],[[[18.58,59.45],[18.57,59.45],[18.55,59.45],[18.53,59.47],[18.52,59.47],[18.52,59.48],[18.52,59.49],[18.53,59.5],[18.57,59.53],[18.61,59.55],[18.63,59.56],[18.64,59.56],[18.74,59.55],[18.75,59.55],[18.73,59.54],[18.72,59.54],[18.71,59.53],[18.67,59.53],[18.59,59.5],[18.59,59.49],[18.61,59.47],[18.61,59.46],[18.58,59.45]]],[[[18.57,60.31],[18.56,60.3],[18.55,60.31],[18.52,60.32],[18.51,60.32],[18.4,60.37],[18.39,60.38],[18.38,60.42],[18.37,60.49],[18.37,60.5],[18.38,60.5],[18.39,60.51],[18.41,60.5],[18.42,60.49],[18.46,60.43],[18.51,60.35],[18.54,60.34],[18.57,60.31]]],[[[17.51,62.36],[17.48,62.36],[17.46,62.37],[17.44,62.37],[17.42,62.37],[17.42,62.38],[17.41,62.38],[17.37,62.47],[17.46,62.46],[17.47,62.46],[17.51,62.41],[17.54,62.37],[17.51,62.36]]],[[[18.06,62.67],[18.05,62.67],[18.04,62.67],[18.04,62.68],[18.03,62.69],[18.02,62.69],[18.02,62.7],[18.02,62.71],[18.04,62.74],[18.05,62.74],[18.06,62.74],[18.07,62.75],[18.13,62.74],[18.14,62.74],[18.15,62.73],[18.16,62.72],[18.16,62.71],[18.11,62.69],[18.11,62.68],[18.1,62.68],[18.06,62.67]]],[[[20.89,63.75],[20.88,63.75],[20.84,63.76],[20.84,63.77],[20.84,63.78],[20.85,63.79],[20.86,63.79],[20.87,63.8],[20.89,63.8],[20.9,63.79],[20.91,63.79],[20.92,63.78],[20.93,63.77],[20.89,63.75]]],[[[21.81,68.57],[21.82,68.57],[21.86,68.57],[21.88,68.57],[21.9,68.57],[21.93,68.56],[21.96,68.54],[22,68.52],[22.02,68.51],[22.04,68.5],[22.04,68.49],[22.04,68.48],[22.05,68.48],[22.06,68.48],[22.15,68.47],[22.17,68.46],[22.37,68.46],[22.43,68.45],[22.5,68.44],[22.58,68.43],[22.66,68.42],[22.67,68.42],[22.82,68.39],[22.83,68.38],[22.86,68.36],[22.9,68.33],[22.91,68.33],[22.94,68.32],[22.97,68.32],[23.05,68.29],[23.06,68.29],[23.07,68.29],[23.35,68.08],[23.37,68.06],[23.38,68.06],[23.39,68.04],[23.53,67.99],[23.64,67.96],[23.65,67.95],[23.66,67.95],[23.67,67.94],[23.67,67.93],[23.66,67.92],[23.65,67.92],[23.64,67.91],[23.61,67.9],[23.6,67.89],[23.55,67.89],[23.51,67.88],[23.49,67.88],[23.49,67.87],[23.48,67.86],[23.47,67.82],[23.49,67.71],[23.51,67.67],[23.47,67.56],[23.43,67.49],[23.43,67.48],[23.43,67.47],[23.45,67.45],[23.46,67.44],[23.47,67.44],[23.49,67.44],[23.5,67.44],[23.51,67.44],[23.53,67.45],[23.54,67.45],[23.55,67.45],[23.58,67.45],[23.73,67.43],[23.76,67.42],[23.77,67.42],[23.77,67.41],[23.78,67.33],[23.77,67.31],[23.75,67.29],[23.74,67.28],[23.73,67.28],[23.71,67.28],[23.68,67.28],[23.64,67.27],[23.63,67.27],[23.61,67.26],[23.59,67.25],[23.59,67.23],[23.57,67.16],[23.58,67.15],[23.68,67.05],[23.73,67.01],[23.74,67],[23.76,66.99],[23.79,66.98],[23.87,66.93],[23.94,66.88],[23.95,66.87],[24,66.81],[24.01,66.8],[24,66.79],[23.99,66.79],[23.95,66.79],[23.94,66.79],[23.89,66.75],[23.89,66.74],[23.9,66.71],[23.9,66.68],[23.89,66.58],[23.89,66.57],[23.88,66.56],[23.87,66.55],[23.86,66.55],[23.83,66.54],[23.81,66.54],[23.73,66.5],[23.67,66.47],[23.66,66.46],[23.65,66.45],[23.64,66.44],[23.64,66.43],[23.66,66.32],[23.66,66.31],[23.67,66.3],[23.68,66.26],[23.72,66.2],[23.73,66.2],[23.73,66.19],[23.75,66.19],[23.81,66.17],[23.82,66.17],[23.85,66.16],[23.86,66.16],[23.88,66.16],[23.89,66.16],[23.91,66.15],[23.93,66.14],[23.94,66.12],[23.95,66.1],[23.97,66.07],[24.03,66.02],[24.16,65.84],[24.17,65.83],[24.17,65.82],[24.17,65.81],[24.15,65.81],[24.14,65.8],[24.12,65.8],[24.11,65.8],[24.08,65.81],[24.05,65.81],[24.04,65.81],[23.99,65.79],[23.96,65.78],[23.95,65.78],[23.95,65.77],[23.94,65.77],[23.94,65.76],[23.93,65.76],[23.92,65.76],[23.77,65.79],[23.77,65.8],[23.65,65.81],[23.52,65.8],[23.43,65.76],[23.39,65.77],[23.25,65.8],[23.23,65.76],[23.14,65.72],[23.13,65.71],[23.08,65.7],[23.07,65.7],[23,65.75],[22.83,65.81],[22.83,65.83],[22.82,65.83],[22.79,65.86],[22.72,65.89],[22.68,65.9],[22.64,65.91],[22.64,65.9],[22.65,65.89],[22.67,65.88],[22.68,65.87],[22.7,65.81],[22.68,65.76],[22.67,65.75],[22.66,65.75],[22.65,65.75],[22.65,65.76],[22.66,65.76],[22.66,65.77],[22.65,65.78],[22.61,65.8],[22.48,65.85],[22.45,65.86],[22.42,65.86],[22.38,65.86],[22.36,65.86],[22.33,65.83],[22.26,65.69],[22.25,65.63],[22.27,65.63],[22.28,65.63],[22.29,65.63],[22.3,65.63],[22.32,65.62],[22.32,65.63],[22.32,65.64],[22.31,65.64],[22.3,65.65],[22.29,65.66],[22.28,65.67],[22.29,65.67],[22.3,65.67],[22.32,65.66],[22.39,65.63],[22.42,65.56],[22.43,65.55],[22.42,65.54],[22.41,65.53],[22.39,65.54],[22.38,65.55],[22.37,65.55],[22.24,65.58],[22.21,65.58],[22.08,65.61],[21.86,65.67],[21.85,65.67],[21.84,65.68],[21.83,65.7],[21.82,65.7],[21.77,65.72],[21.76,65.72],[21.76,65.71],[21.77,65.7],[21.83,65.67],[21.84,65.66],[21.85,65.65],[22.02,65.6],[22.06,65.59],[22.12,65.58],[22.13,65.58],[22.2,65.55],[22.19,65.54],[22.18,65.54],[22.16,65.53],[22.05,65.52],[22,65.51],[21.99,65.52],[21.91,65.53],[21.9,65.53],[21.89,65.53],[21.89,65.54],[21.88,65.54],[21.86,65.53],[21.85,65.53],[21.86,65.53],[21.9,65.5],[21.91,65.49],[21.93,65.49],[21.94,65.48],[21.92,65.51],[21.93,65.51],[21.94,65.51],[21.98,65.49],[22.03,65.46],[22.02,65.43],[22.01,65.42],[21.93,65.4],[21.68,65.39],[21.66,65.39],[21.65,65.39],[21.64,65.4],[21.63,65.4],[21.61,65.41],[21.6,65.42],[21.59,65.42],[21.55,65.41],[21.47,65.39],[21.47,65.38],[21.5,65.36],[21.51,65.34],[21.53,65.33],[21.54,65.33],[21.58,65.31],[21.59,65.32],[21.59,65.33],[21.61,65.33],[21.62,65.32],[21.7,65.29],[21.7,65.28],[21.7,65.27],[21.7,65.26],[21.66,65.25],[21.66,65.24],[21.59,65.23],[21.57,65.23],[21.55,65.23],[21.55,65.24],[21.54,65.25],[21.54,65.26],[21.49,65.29],[21.47,65.31],[21.46,65.31],[21.34,65.37],[21.32,65.37],[21.31,65.37],[21.27,65.34],[21.26,65.34],[21.27,65.33],[21.32,65.32],[21.34,65.32],[21.42,65.31],[21.5,65.25],[21.55,65.22],[21.56,65.21],[21.61,65.16],[21.62,65.15],[21.62,65.14],[21.58,65.06],[21.57,65.06],[21.53,65.06],[21.49,65.06],[21.48,65.06],[21.47,65.06],[21.47,65.05],[21.47,65.03],[21.48,65.03],[21.47,65.01],[21.37,64.98],[21.3,64.95],[21.25,64.95],[21.24,64.95],[21.2,64.89],[21.21,64.89],[21.21,64.86],[21.18,64.83],[21.13,64.82],[21.12,64.82],[21.11,64.82],[21.1,64.82],[21.09,64.83],[21.09,64.84],[21.09,64.85],[21.08,64.85],[21.07,64.86],[21.06,64.86],[21.05,64.85],[21.04,64.84],[21.04,64.82],[21.05,64.81],[21.08,64.79],[21.09,64.78],[21.1,64.78],[21.11,64.78],[21.13,64.78],[21.16,64.78],[21.21,64.78],[21.23,64.78],[21.26,64.78],[21.29,64.77],[21.3,64.77],[21.31,64.76],[21.31,64.75],[21.3,64.66],[21.29,64.66],[21.28,64.67],[21.27,64.67],[21.24,64.69],[21.16,64.72],[21.14,64.72],[21.12,64.72],[21.11,64.72],[21.1,64.72],[21.11,64.69],[21.12,64.68],[21.13,64.67],[21.27,64.61],[21.36,64.59],[21.36,64.6],[21.37,64.6],[21.37,64.61],[21.46,64.58],[21.55,64.53],[21.59,64.44],[21.46,64.36],[21.39,64.33],[21.32,64.31],[21.31,64.31],[21.29,64.3],[21.28,64.3],[21.27,64.3],[21.26,64.3],[21.25,64.31],[21.24,64.31],[21.23,64.31],[20.97,64.15],[20.96,64.14],[20.95,64.13],[20.91,64.05],[20.9,64],[20.79,63.89],[20.78,63.87],[20.77,63.87],[20.73,63.85],[20.64,63.81],[20.54,63.8],[20.51,63.82],[20.5,63.82],[20.49,63.82],[20.45,63.76],[20.42,63.7],[20.41,63.69],[20.39,63.67],[20.38,63.67],[20.37,63.68],[20.32,63.66],[20.3,63.65],[20.26,63.67],[20.1,63.66],[20.01,63.64],[19.9,63.61],[19.89,63.61],[19.77,63.53],[19.75,63.52],[19.75,63.51],[19.75,63.5],[19.76,63.5],[19.77,63.49],[19.78,63.46],[19.77,63.46],[19.7,63.43],[19.68,63.43],[19.67,63.43],[19.64,63.44],[19.64,63.45],[19.64,63.46],[19.64,63.47],[19.64,63.48],[19.62,63.49],[19.5,63.55],[19.48,63.56],[19.46,63.56],[19.45,63.56],[19.43,63.55],[19.42,63.55],[19.42,63.54],[19.47,63.45],[19.45,63.44],[19.37,63.44],[19.35,63.44],[19.32,63.45],[19.31,63.45],[19.31,63.46],[19.3,63.46],[19.29,63.46],[19.28,63.45],[19.27,63.44],[19.28,63.42],[19.28,63.41],[19.23,63.33],[19.16,63.31],[19.14,63.31],[19.06,63.25],[19.05,63.24],[19.04,63.24],[19.04,63.23],[19.05,63.22],[19.06,63.22],[19.09,63.21],[19.11,63.21],[19.07,63.18],[19.06,63.17],[19.05,63.17],[19.04,63.18],[18.97,63.21],[18.96,63.22],[18.96,63.23],[18.96,63.24],[18.9,63.27],[18.89,63.27],[18.81,63.25],[18.8,63.25],[18.8,63.24],[18.81,63.24],[18.85,63.23],[18.88,63.23],[18.91,63.21],[18.9,63.19],[18.79,63.16],[18.78,63.16],[18.76,63.17],[18.75,63.19],[18.75,63.2],[18.76,63.2],[18.77,63.2],[18.78,63.19],[18.79,63.2],[18.78,63.2],[18.77,63.2],[18.74,63.21],[18.73,63.21],[18.72,63.21],[18.72,63.2],[18.74,63.17],[18.65,63.14],[18.57,63.12],[18.38,63.05],[18.29,63],[18.35,62.99],[18.37,62.99],[18.39,62.99],[18.4,62.99],[18.52,62.99],[18.54,62.98],[18.55,62.98],[18.56,62.98],[18.57,62.98],[18.58,62.97],[18.58,62.96],[18.58,62.95],[18.47,62.86],[18.21,62.78],[18.2,62.78],[18.13,62.77],[18.08,62.78],[18.1,62.8],[18.13,62.8],[18.14,62.81],[18.14,62.82],[18.07,62.84],[18.04,62.84],[17.98,62.82],[17.98,62.81],[17.93,62.84],[17.87,62.92],[17.86,62.93],[17.84,62.96],[17.83,62.99],[17.82,63],[17.7,63],[17.7,62.99],[17.73,62.97],[17.75,62.96],[17.77,62.96],[17.79,62.95],[17.84,62.93],[17.88,62.88],[18,62.73],[18,62.7],[18,62.69],[18,62.66],[17.99,62.65],[17.98,62.65],[17.96,62.66],[17.96,62.67],[17.95,62.67],[17.88,62.67],[17.87,62.66],[17.88,62.66],[17.89,62.66],[17.97,62.63],[18.04,62.63],[18.05,62.62],[18.05,62.6],[18.05,62.59],[17.98,62.55],[17.84,62.49],[17.84,62.48],[17.82,62.48],[17.81,62.48],[17.79,62.5],[17.78,62.5],[17.77,62.5],[17.72,62.5],[17.69,62.49],[17.66,62.47],[17.65,62.47],[17.66,62.46],[17.68,62.45],[17.67,62.44],[17.62,62.43],[17.61,62.44],[17.56,62.44],[17.55,62.45],[17.54,62.45],[17.53,62.46],[17.51,62.48],[17.5,62.49],[17.48,62.51],[17.44,62.53],[17.42,62.54],[17.41,62.54],[17.4,62.53],[17.33,62.49],[17.33,62.48],[17.36,62.36],[17.37,62.33],[17.38,62.32],[17.46,62.27],[17.5,62.26],[17.55,62.25],[17.58,62.25],[17.62,62.24],[17.65,62.23],[17.66,62.23],[17.65,62.23],[17.6,62.21],[17.56,62.2],[17.55,62.2],[17.54,62.2],[17.54,62.21],[17.56,62.22],[17.57,62.23],[17.56,62.23],[17.54,62.23],[17.53,62.23],[17.52,62.23],[17.51,62.23],[17.51,62.2],[17.48,62.13],[17.46,62.01],[17.45,62],[17.45,61.99],[17.44,61.99],[17.43,61.99],[17.42,61.99],[17.41,61.99],[17.4,61.99],[17.39,61.99],[17.35,61.95],[17.34,61.93],[17.34,61.82],[17.39,61.76],[17.44,61.73],[17.47,61.73],[17.48,61.73],[17.5,61.73],[17.5,61.72],[17.52,61.7],[17.5,61.64],[17.49,61.63],[17.48,61.63],[17.45,61.63],[17.43,61.63],[17.42,61.64],[17.41,61.65],[17.39,61.69],[17.37,61.7],[17.35,61.71],[17.34,61.71],[17.33,61.71],[17.23,61.72],[17.22,61.72],[17.15,61.72],[17.14,61.72],[17.14,61.71],[17.15,61.71],[17.16,61.71],[17.18,61.7],[17.2,61.71],[17.21,61.7],[17.22,61.7],[17.26,61.69],[17.27,61.69],[17.27,61.68],[17.26,61.67],[17.19,61.64],[17.18,61.63],[17.17,61.63],[17.16,61.63],[17.15,61.63],[17.13,61.64],[17.1,61.6],[17.12,61.56],[17.16,61.52],[17.17,61.52],[17.22,61.44],[17.22,61.43],[17.21,61.42],[17.17,61.42],[17.15,61.43],[17.14,61.43],[17.11,61.41],[17.1,61.4],[17.11,61.39],[17.14,61.36],[17.2,61.33],[17.21,61.33],[17.2,61.28],[17.18,61.19],[17.16,61.05],[17.15,60.95],[17.15,60.94],[17.2,60.92],[17.24,60.9],[17.25,60.89],[17.28,60.84],[17.28,60.77],[17.29,60.73],[17.27,60.68],[17.36,60.64],[17.38,60.62],[17.4,60.63],[17.41,60.63],[17.52,60.64],[17.55,60.64],[17.58,60.64],[17.61,60.63],[17.64,60.62],[17.65,60.61],[17.66,60.6],[17.65,60.6],[17.64,60.59],[17.61,60.58],[17.6,60.58],[17.61,60.56],[17.61,60.55],[17.63,60.52],[17.64,60.52],[17.65,60.51],[17.66,60.5],[17.68,60.5],[17.69,60.5],[17.73,60.49],[17.74,60.49],[17.74,60.5],[17.73,60.51],[17.73,60.52],[17.73,60.53],[17.73,60.54],[17.73,60.55],[17.77,60.57],[17.84,60.59],[17.88,60.6],[17.89,60.6],[17.94,60.6],[17.95,60.6],[17.96,60.59],[17.97,60.59],[17.99,60.56],[18.1,60.45],[18.21,60.34],[18.23,60.33],[18.24,60.33],[18.25,60.33],[18.26,60.34],[18.27,60.34],[18.27,60.35],[18.28,60.35],[18.31,60.35],[18.43,60.34],[18.44,60.34],[18.45,60.33],[18.47,60.3],[18.57,60.25],[18.6,60.24],[18.61,60.24],[18.61,60.23],[18.6,60.23],[18.58,60.22],[18.56,60.22],[18.53,60.23],[18.47,60.23],[18.45,60.24],[18.44,60.24],[18.43,60.25],[18.39,60.27],[18.38,60.27],[18.35,60.29],[18.33,60.31],[18.32,60.31],[18.31,60.31],[18.31,60.3],[18.4,60.21],[18.42,60.19],[18.51,60.15],[18.53,60.15],[18.63,60.15],[18.64,60.14],[18.71,60.13],[18.78,60.11],[18.82,60.1],[18.82,60.09],[18.82,60.08],[18.82,60.07],[18.82,60.06],[18.89,59.96],[18.89,59.95],[18.91,59.94],[18.93,59.92],[18.95,59.92],[18.96,59.92],[19.01,59.91],[19.05,59.9],[19.07,59.89],[19.07,59.84],[19.07,59.83],[19.06,59.82],[19.05,59.82],[19.04,59.83],[19.03,59.83],[18.97,59.87],[18.94,59.87],[18.86,59.8],[18.93,59.78],[18.97,59.78],[19.07,59.77],[19.08,59.77],[19.08,59.76],[19.07,59.74],[19.03,59.72],[18.99,59.72],[18.98,59.72],[18.95,59.72],[18.84,59.71],[18.75,59.69],[18.72,59.67],[18.69,59.65],[18.7,59.64],[18.71,59.64],[18.73,59.65],[18.74,59.65],[18.75,59.64],[18.73,59.63],[18.67,59.59],[18.65,59.58],[18.38,59.47],[18.37,59.47],[18.32,59.47],[18.28,59.48],[18.27,59.48],[18.26,59.45],[18.28,59.42],[18.28,59.41],[18.29,59.41],[18.3,59.41],[18.33,59.4],[18.34,59.4],[18.33,59.39],[18.32,59.39],[18.31,59.39],[18.18,59.41],[18.16,59.41],[18.16,59.42],[18.18,59.42],[18.19,59.42],[18.2,59.42],[18.2,59.43],[18.2,59.44],[18.2,59.45],[18.19,59.46],[18.12,59.45],[18.09,59.44],[18.09,59.43],[18.06,59.39],[18.09,59.37],[18.09,59.33],[18.01,59.34],[17.94,59.34],[17.93,59.34],[17.92,59.34],[17.9,59.34],[17.86,59.36],[17.83,59.37],[17.82,59.37],[17.8,59.38],[17.78,59.39],[17.76,59.4],[17.76,59.41],[17.76,59.42],[17.76,59.43],[17.78,59.49],[17.79,59.5],[17.8,59.52],[17.82,59.52],[17.84,59.53],[17.82,59.58],[17.82,59.59],[17.81,59.59],[17.75,59.64],[17.72,59.66],[17.72,59.65],[17.72,59.63],[17.72,59.62],[17.71,59.62],[17.64,59.64],[17.6,59.65],[17.59,59.66],[17.6,59.66],[17.61,59.66],[17.63,59.66],[17.64,59.66],[17.65,59.67],[17.65,59.68],[17.65,59.72],[17.63,59.78],[17.63,59.79],[17.59,59.81],[17.59,59.8],[17.59,59.79],[17.58,59.78],[17.58,59.77],[17.57,59.77],[17.54,59.75],[17.53,59.75],[17.51,59.74],[17.45,59.74],[17.45,59.68],[17.51,59.59],[17.52,59.58],[17.53,59.58],[17.54,59.57],[17.52,59.61],[17.52,59.64],[17.51,59.66],[17.51,59.69],[17.51,59.7],[17.51,59.71],[17.54,59.73],[17.59,59.74],[17.6,59.74],[17.61,59.73],[17.62,59.73],[17.62,59.7],[17.56,59.67],[17.59,59.64],[17.69,59.61],[17.74,59.59],[17.76,59.58],[17.77,59.57],[17.79,59.54],[17.79,59.53],[17.74,59.45],[17.73,59.44],[17.72,59.44],[17.55,59.49],[17.54,59.49],[17.52,59.5],[17.52,59.51],[17.52,59.52],[17.55,59.54],[17.5,59.54],[17.49,59.54],[17.45,59.56],[17.44,59.56],[17.38,59.6],[17.37,59.61],[17.37,59.62],[17.39,59.65],[17.38,59.66],[17.38,59.65],[17.34,59.62],[17.35,59.61],[17.37,59.58],[17.4,59.55],[17.41,59.55],[17.41,59.54],[17.42,59.49],[17.42,59.48],[17.41,59.47],[17.4,59.47],[17.33,59.49],[17.26,59.5],[17.25,59.51],[17.18,59.54],[17.12,59.55],[17.07,59.54],[17.06,59.54],[17.03,59.54],[17.02,59.54],[16.95,59.54],[16.94,59.55],[16.86,59.59],[16.83,59.59],[16.79,59.56],[16.66,59.55],[16.62,59.58],[16.62,59.59],[16.57,59.61],[16.55,59.61],[16.54,59.61],[16.53,59.61],[16.5,59.6],[16.5,59.59],[16.52,59.57],[16.54,59.56],[16.55,59.56],[16.55,59.55],[16.54,59.54],[16.49,59.5],[16.47,59.5],[16.33,59.47],[16.18,59.47],[16.17,59.47],[16.1,59.47],[16.09,59.47],[16.07,59.48],[16.04,59.49],[16.04,59.5],[16.03,59.5],[16.02,59.49],[16.03,59.48],[16.04,59.47],[16.07,59.46],[16.07,59.45],[16.08,59.45],[16.1,59.45],[16.11,59.44],[16.17,59.44],[16.18,59.44],[16.26,59.44],[16.28,59.44],[16.3,59.45],[16.31,59.45],[16.34,59.45],[16.66,59.47],[16.67,59.47],[16.68,59.47],[16.69,59.47],[16.69,59.46],[16.7,59.45],[16.75,59.42],[16.81,59.39],[16.82,59.38],[16.87,59.38],[16.88,59.38],[16.89,59.38],[16.89,59.39],[16.89,59.4],[16.89,59.41],[16.86,59.41],[16.85,59.41],[16.84,59.41],[16.81,59.42],[16.79,59.43],[16.73,59.45],[16.7,59.47],[16.69,59.47],[16.69,59.48],[16.83,59.49],[16.84,59.49],[16.85,59.49],[16.9,59.47],[16.92,59.45],[16.94,59.45],[16.95,59.44],[16.95,59.43],[16.96,59.42],[17.11,59.37],[17.17,59.37],[17.28,59.36],[17.3,59.35],[17.31,59.35],[17.32,59.34],[17.32,59.33],[17.31,59.33],[17.31,59.32],[17.3,59.32],[17.29,59.32],[17.26,59.29],[17.25,59.27],[17.25,59.26],[17.29,59.26],[17.36,59.25],[17.38,59.25],[17.39,59.25],[17.4,59.25],[17.39,59.26],[17.38,59.27],[17.36,59.28],[17.36,59.29],[17.36,59.3],[17.35,59.32],[17.36,59.33],[17.41,59.31],[17.44,59.3],[17.47,59.3],[17.59,59.28],[17.74,59.27],[17.85,59.26],[17.91,59.3],[17.94,59.32],[17.95,59.32],[17.98,59.33],[18,59.33],[18.02,59.32],[18.03,59.32],[18.05,59.32],[18.07,59.32],[18.13,59.32],[18.21,59.33],[18.24,59.35],[18.25,59.35],[18.27,59.36],[18.28,59.37],[18.29,59.37],[18.35,59.37],[18.39,59.37],[18.4,59.37],[18.44,59.35],[18.45,59.35],[18.44,59.34],[18.43,59.34],[18.45,59.33],[18.47,59.33],[18.48,59.34],[18.48,59.35],[18.47,59.37],[18.45,59.39],[18.43,59.42],[18.43,59.43],[18.48,59.44],[18.5,59.43],[18.52,59.42],[18.53,59.42],[18.61,59.37],[18.64,59.34],[18.65,59.32],[18.65,59.31],[18.64,59.31],[18.63,59.31],[18.59,59.3],[18.52,59.3],[18.39,59.3],[18.38,59.3],[18.35,59.31],[18.34,59.31],[18.34,59.32],[18.33,59.33],[18.32,59.33],[18.28,59.31],[18.27,59.27],[18.31,59.22],[18.31,59.13],[18.23,59.12],[18.22,59.12],[18.14,59.09],[18.02,59.04],[17.9,58.91],[17.89,58.9],[17.89,58.87],[17.89,58.86],[17.79,58.94],[17.76,59.02],[17.77,59.1],[17.77,59.11],[17.77,59.12],[17.76,59.13],[17.67,59.17],[17.66,59.17],[17.62,59.07],[17.61,59.04],[17.61,59.03],[17.62,59.02],[17.63,59.02],[17.63,59.01],[17.61,58.98],[17.58,58.95],[17.59,58.94],[17.63,58.91],[17.63,58.9],[17.58,58.85],[17.35,58.75],[17.27,58.74],[17.22,58.73],[17.16,58.73],[17.09,58.76],[17.08,58.76],[17.03,58.75],[17.03,58.74],[17.08,58.72],[17.13,58.7],[17.15,58.7],[17.14,58.7],[17.14,58.69],[17.03,58.64],[16.91,58.62],[16.89,58.62],[16.79,58.62],[16.74,58.63],[16.68,58.64],[16.46,58.66],[16.44,58.66],[16.41,58.66],[16.3,58.66],[16.24,58.66],[16.23,58.66],[16.19,58.63],[16.29,58.61],[16.37,58.6],[16.41,58.61],[16.43,58.64],[16.44,58.64],[16.65,58.62],[16.71,58.61],[16.73,58.6],[16.78,58.58],[16.93,58.49],[16.94,58.48],[16.84,58.45],[16.83,58.44],[16.81,58.44],[16.75,58.43],[16.74,58.43],[16.6,58.45],[16.58,58.45],[16.57,58.45],[16.55,58.46],[16.53,58.46],[16.52,58.47],[16.5,58.48],[16.48,58.48],[16.44,58.48],[16.43,58.48],[16.42,58.48],[16.41,58.48],[16.57,58.44],[16.68,58.41],[16.69,58.41],[16.71,58.4],[16.77,58.37],[16.79,58.32],[16.82,58.2],[16.83,58.18],[16.8,58.14],[16.76,58.13],[16.74,58.09],[16.73,58.05],[16.75,58.01],[16.74,58.01],[16.64,57.99],[16.62,57.99],[16.61,57.99],[16.62,57.98],[16.66,57.98],[16.67,57.98],[16.73,57.97],[16.74,57.96],[16.74,57.95],[16.77,57.92],[16.78,57.92],[16.78,57.91],[16.77,57.88],[16.76,57.88],[16.75,57.88],[16.74,57.87],[16.73,57.87],[16.66,57.88],[16.62,57.89],[16.61,57.89],[16.6,57.92],[16.61,57.92],[16.6,57.94],[16.52,58],[16.51,58],[16.5,57.99],[16.49,57.98],[16.52,57.88],[16.56,57.85],[16.68,57.77],[16.69,57.75],[16.7,57.75],[16.7,57.74],[16.69,57.74],[16.68,57.74],[16.62,57.77],[16.62,57.78],[16.61,57.79],[16.6,57.8],[16.59,57.8],[16.56,57.82],[16.55,57.83],[16.42,57.89],[16.42,57.88],[16.46,57.85],[16.47,57.84],[16.48,57.84],[16.59,57.77],[16.61,57.77],[16.66,57.74],[16.69,57.72],[16.7,57.71],[16.71,57.7],[16.63,57.62],[16.63,57.55],[16.69,57.48],[16.69,57.47],[16.67,57.41],[16.66,57.41],[16.64,57.4],[16.63,57.38],[16.62,57.37],[16.6,57.38],[16.57,57.38],[16.55,57.38],[16.54,57.38],[16.47,57.29],[16.47,57.28],[16.46,57.26],[16.46,57.2],[16.45,57.2],[16.46,57.18],[16.46,57.17],[16.47,57.16],[16.51,57.12],[16.52,57.12],[16.53,57.12],[16.54,57.12],[16.55,57.12],[16.56,57.09],[16.58,57.05],[16.59,57.04],[16.5,57.04],[16.49,57.04],[16.45,56.95],[16.44,56.89],[16.43,56.84],[16.41,56.8],[16.38,56.72],[16.31,56.66],[16.3,56.66],[16.29,56.66],[16.27,56.66],[16.25,56.65],[16.22,56.61],[16.12,56.46],[16.12,56.45],[16.1,56.43],[16.09,56.4],[16.05,56.31],[16.04,56.27],[16.01,56.22],[16,56.21],[15.87,56.09],[15.79,56.11],[15.78,56.15],[15.66,56.18],[15.6,56.2],[15.38,56.14],[15.23,56.15],[15.09,56.16],[14.85,56.16],[14.72,56.16],[14.7,56.16],[14.69,56.16],[14.69,56.15],[14.68,56.13],[14.68,56.12],[14.69,56.11],[14.71,56.1],[14.75,56.06],[14.77,56.04],[14.77,56.03],[14.74,56.01],[14.72,56],[14.63,56.01],[14.62,56.03],[14.6,56.05],[14.56,56.06],[14.55,56.05],[14.54,56.05],[14.51,56.04],[14.37,55.96],[14.33,55.94],[14.26,55.89],[14.24,55.87],[14.23,55.85],[14.22,55.83],[14.21,55.81],[14.2,55.8],[14.2,55.79],[14.2,55.78],[14.19,55.77],[14.19,55.74],[14.19,55.73],[14.2,55.72],[14.2,55.71],[14.22,55.7],[14.28,55.65],[14.34,55.58],[14.36,55.55],[14.37,55.54],[14.37,55.53],[14.36,55.52],[14.34,55.5],[14.31,55.49],[14.19,55.39],[14.16,55.38],[14.12,55.38],[14.06,55.39],[14.04,55.39],[14.01,55.41],[13.97,55.42],[13.94,55.43],[13.91,55.43],[13.89,55.43],[13.73,55.43],[13.71,55.42],[13.64,55.42],[13.63,55.42],[13.5,55.38],[13.47,55.37],[13.43,55.36],[13.42,55.35],[13.38,55.34],[13.35,55.34],[13.3,55.34],[13.29,55.34],[12.98,55.4],[12.92,55.54],[12.91,55.56],[12.91,55.57],[12.92,55.57],[12.92,55.58],[12.93,55.58],[12.96,55.59],[12.98,55.6],[13.04,55.62],[13.04,55.63],[13.06,55.66],[13.06,55.68],[13.06,55.69],[12.93,55.82],[12.91,55.84],[12.68,56.06],[12.66,56.08],[12.63,56.1],[12.62,56.11],[12.61,56.11],[12.58,56.14],[12.45,56.29],[12.45,56.3],[12.46,56.3],[12.47,56.3],[12.63,56.26],[12.64,56.25],[12.72,56.22],[12.79,56.22],[12.8,56.23],[12.81,56.23],[12.82,56.24],[12.83,56.25],[12.84,56.26],[12.83,56.27],[12.74,56.35],[12.73,56.36],[12.72,56.36],[12.68,56.38],[12.66,56.38],[12.64,56.38],[12.64,56.39],[12.63,56.4],[12.62,56.4],[12.62,56.41],[12.63,56.42],[12.63,56.43],[12.63,56.44],[12.64,56.44],[12.64,56.45],[12.67,56.46],[12.68,56.47],[12.72,56.47],[12.73,56.47],[12.75,56.47],[12.79,56.45],[12.81,56.44],[12.83,56.44],[12.85,56.44],[12.87,56.44],[12.88,56.44],[12.88,56.45],[12.9,56.46],[12.91,56.47],[12.92,56.48],[12.93,56.5],[12.94,56.52],[12.94,56.53],[12.93,56.54],[12.93,56.55],[12.92,56.58],[12.89,56.64],[12.88,56.65],[12.87,56.65],[12.82,56.66],[12.81,56.66],[12.79,56.64],[12.76,56.64],[12.72,56.64],[12.67,56.68],[12.61,56.75],[12.6,56.78],[12.6,56.8],[12.6,56.81],[12.59,56.82],[12.58,56.83],[12.57,56.83],[12.48,56.88],[12.47,56.89],[12.42,56.9],[12.35,56.91],[12.35,56.92],[12.35,56.97],[12.29,57.03],[12.25,57.05],[12.24,57.06],[12.15,57.18],[12.15,57.19],[12.11,57.25],[12.13,57.28],[12.15,57.28],[12.15,57.29],[12.15,57.31],[12.1,57.43],[12.06,57.45],[12.05,57.46],[12.04,57.46],[12.01,57.43],[12.01,57.42],[12.01,57.41],[11.99,57.35],[11.99,57.34],[11.98,57.34],[11.94,57.38],[11.92,57.4],[11.9,57.42],[11.9,57.43],[11.91,57.52],[11.91,57.53],[11.92,57.53],[11.92,57.56],[11.91,57.61],[11.91,57.62],[11.9,57.62],[11.89,57.62],[11.86,57.61],[11.83,57.66],[11.87,57.68],[11.89,57.69],[11.75,57.69],[11.74,57.69],[11.7,57.69],[11.7,57.7],[11.7,57.72],[11.72,57.81],[11.67,57.85],[11.69,57.88],[11.7,57.89],[11.71,57.89],[11.74,57.89],[11.76,57.9],[11.8,58.01],[11.8,58.03],[11.8,58.04],[11.79,58.05],[11.78,58.05],[11.78,58.06],[11.8,58.09],[11.84,58.16],[11.87,58.19],[11.88,58.2],[11.89,58.21],[11.8,58.32],[11.73,58.33],[11.72,58.33],[11.62,58.28],[11.61,58.26],[11.6,58.26],[11.54,58.23],[11.53,58.23],[11.52,58.23],[11.49,58.24],[11.41,58.26],[11.38,58.31],[11.24,58.35],[11.2,58.4],[11.24,58.51],[11.25,58.55],[11.26,58.56],[11.27,58.58],[11.26,58.63],[11.26,58.64],[11.25,58.65],[11.25,58.66],[11.21,58.68],[11.18,58.71],[11.18,58.73],[11.18,58.75],[11.2,58.77],[11.22,58.78],[11.23,58.79],[11.23,58.8],[11.24,58.8],[11.23,58.83],[11.23,58.84],[11.19,58.92],[11.17,58.92],[11.13,58.94],[11.12,58.94],[11.11,58.95],[11.11,59],[11.12,59.02],[11.13,59.03],[11.17,59.06],[11.17,59.07],[11.19,59.08],[11.2,59.08],[11.27,59.09],[11.31,59.1],[11.32,59.1],[11.34,59.09],[11.35,59.08],[11.37,59.05],[11.4,59.01],[11.42,58.99],[11.43,58.99],[11.42,58.93],[11.42,58.92],[11.43,58.9],[11.43,58.89],[11.44,58.88],[11.45,58.88],[11.46,58.88],[11.5,58.88],[11.59,58.9],[11.6,58.9],[11.62,58.91],[11.63,58.91],[11.75,59.09],[11.75,59.1],[11.75,59.11],[11.74,59.12],[11.74,59.13],[11.75,59.17],[11.75,59.19],[11.76,59.2],[11.77,59.21],[11.77,59.22],[11.79,59.23],[11.79,59.24],[11.8,59.24],[11.8,59.26],[11.8,59.27],[11.79,59.3],[11.78,59.33],[11.74,59.43],[11.67,59.59],[11.76,59.64],[11.78,59.64],[11.81,59.65],[11.82,59.65],[11.83,59.65],[11.9,59.7],[11.9,59.71],[11.9,59.72],[11.9,59.74],[11.9,59.77],[11.9,59.78],[11.89,59.8],[11.88,59.8],[11.87,59.81],[11.82,59.85],[11.85,59.86],[11.88,59.87],[11.96,59.9],[11.97,59.9],[11.98,59.9],[12,59.89],[12.01,59.89],[12.03,59.89],[12.11,59.89],[12.13,59.89],[12.14,59.89],[12.16,59.9],[12.19,59.91],[12.31,59.97],[12.32,59.98],[12.46,60.06],[12.48,60.08],[12.49,60.1],[12.49,60.11],[12.5,60.12],[12.5,60.13],[12.5,60.15],[12.51,60.17],[12.51,60.18],[12.51,60.19],[12.5,60.21],[12.53,60.33],[12.54,60.34],[12.57,60.38],[12.59,60.4],[12.6,60.42],[12.6,60.44],[12.61,60.46],[12.61,60.47],[12.61,60.48],[12.59,60.52],[12.59,60.53],[12.51,60.63],[12.43,60.71],[12.39,60.75],[12.38,60.76],[12.37,60.78],[12.35,60.8],[12.34,60.84],[12.31,60.89],[12.27,60.95],[12.25,60.97],[12.23,60.98],[12.22,60.99],[12.21,61],[12.22,61.01],[12.25,61.02],[12.29,61.03],[12.39,61.05],[12.41,61.05],[12.43,61.05],[12.46,61.05],[12.5,61.05],[12.57,61.05],[12.6,61.05],[12.62,61.05],[12.64,61.06],[12.67,61.09],[12.77,61.2],[12.8,61.24],[12.83,61.31],[12.86,61.36],[12.77,61.41],[12.53,61.57],[12.52,61.57],[12.48,61.57],[12.47,61.57],[12.45,61.57],[12.43,61.57],[12.41,61.57],[12.39,61.58],[12.14,61.72],[12.12,61.73],[12.16,61.84],[12.17,61.88],[12.18,61.91],[12.2,61.96],[12.21,62.01],[12.26,62.14],[12.29,62.26],[12.3,62.26],[12.29,62.27],[12.27,62.31],[12.26,62.33],[12.24,62.34],[12.21,62.39],[12.2,62.41],[12.18,62.42],[12.17,62.44],[12.15,62.46],[12.09,62.53],[12.05,62.59],[12.05,62.66],[12.07,62.72],[12.09,62.75],[12.07,62.8],[12.05,62.84],[12.03,62.89],[12.06,62.92],[12.11,62.97],[12.15,63],[12.17,63.02],[12.14,63.05],[12.04,63.17],[12.03,63.18],[11.94,63.27],[12,63.32],[12.08,63.39],[12.14,63.44],[12.2,63.48],[12.18,63.51],[12.14,63.58],[12.15,63.59],[12.35,63.73],[12.47,63.83],[12.53,63.87],[12.63,63.94],[12.68,63.97],[12.79,64.01],[12.85,64.03],[12.94,64.05],[12.99,64.06],[13.03,64.07],[13.14,64.08],[13.19,64.09],[13.23,64.09],[13.29,64.09],[13.98,64.01],[13.99,64.02],[14.15,64.17],[14.15,64.19],[14.15,64.33],[14.15,64.34],[14.12,64.47],[14.03,64.49],[13.9,64.51],[13.82,64.53],[13.68,64.57],[13.66,64.58],[13.66,64.59],[13.68,64.61],[13.7,64.63],[13.71,64.64],[13.73,64.65],[13.83,64.73],[13.88,64.77],[13.96,64.84],[14.09,64.95],[14.23,65.05],[14.3,65.1],[14.31,65.11],[14.32,65.13],[14.33,65.15],[14.36,65.21],[14.37,65.25],[14.49,65.31],[14.49,65.36],[14.49,65.38],[14.49,65.45],[14.5,65.52],[14.5,65.59],[14.53,65.7],[14.54,65.7],[14.54,65.71],[14.56,65.74],[14.59,65.76],[14.6,65.77],[14.62,65.8],[14.63,65.82],[14.63,65.83],[14.61,65.88],[14.58,65.93],[14.57,65.95],[14.54,66.01],[14.54,66.03],[14.52,66.08],[14.51,66.11],[14.51,66.13],[14.72,66.14],[14.98,66.15],[15.03,66.15],[15.47,66.28],[15.45,66.32],[15.4,66.41],[15.37,66.46],[15.36,66.48],[15.53,66.56],[15.63,66.61],[15.73,66.69],[16.01,66.89],[16.35,67.02],[16.41,67.16],[16.4,67.18],[16.36,67.24],[16.34,67.26],[16.26,67.31],[16.22,67.33],[16.2,67.34],[16.16,67.36],[16.14,67.37],[16.11,67.38],[16.1,67.39],[16.09,67.4],[16.09,67.41],[16.19,67.5],[16.21,67.5],[16.38,67.52],[16.4,67.53],[16.51,67.61],[16.57,67.66],[16.58,67.67],[16.59,67.68],[16.62,67.73],[16.68,67.83],[16.73,67.9],[17.19,68.03],[17.23,68.06],[17.25,68.08],[17.27,68.09],[17.59,68.03],[17.65,68.01],[17.68,68],[17.74,67.98],[17.8,67.96],[17.82,67.96],[17.83,67.95],[17.86,67.95],[17.88,67.95],[17.94,68],[18.14,68.15],[18.16,68.17],[18.1,68.28],[18.09,68.32],[18.07,68.35],[18.05,68.39],[18.05,68.41],[18.06,68.44],[18.08,68.49],[18.09,68.51],[18.1,68.51],[18.15,68.52],[18.36,68.54],[18.61,68.47],[18.95,68.49],[19.41,68.42],[19.54,68.4],[19.72,68.37],[19.86,68.35],[19.9,68.34],[19.92,68.34],[19.94,68.34],[19.95,68.34],[19.96,68.34],[19.96,68.35],[19.98,68.36],[20.01,68.38],[20.03,68.39],[20.05,68.4],[20.08,68.42],[20.17,68.44],[20.18,68.45],[20.2,68.46],[20.21,68.48],[20.09,68.5],[19.96,68.54],[20.06,68.58],[20.18,68.65],[20.2,68.66],[20.24,68.69],[20.31,68.75],[20.35,68.79],[20.32,68.93],[20.24,68.97],[20.1,69.04],[20.54,69.06],[20.58,69.06],[20.6,69.05],[20.65,69.04],[20.74,69.03],[20.79,69.02],[20.85,69.01],[20.87,69],[20.88,69],[20.91,68.99],[20.93,68.97],[20.94,68.96],[20.94,68.95],[20.93,68.95],[20.92,68.94],[20.89,68.93],[20.88,68.91],[20.89,68.9],[20.89,68.89],[20.9,68.89],[20.91,68.89],[20.95,68.88],[20.96,68.88],[20.99,68.88],[21.02,68.88],[21.06,68.87],[21.08,68.87],[21.21,68.82],[21.22,68.82],[21.42,68.72],[21.45,68.69],[21.47,68.68],[21.49,68.67],[21.5,68.67],[21.55,68.66],[21.59,68.66],[21.6,68.66],[21.62,68.65],[21.64,68.64],[21.7,68.62],[21.71,68.62],[21.71,68.61],[21.71,68.6],[21.72,68.59],[21.74,68.58],[21.76,68.58],[21.77,68.57],[21.81,68.57]]]]}},{"type":"Feature","properties":{"FID":0,"FIPS":"SZ","ISO2":"CH","ISO3":"CHE","UN":756,"NAME":"Switzerland","AREA":4000,"POP2005":7424389,"REGION":150,"SUBREGION":155,"LON":7.908,"LAT":46.861},"geometry":{"type":"Polygon","coordinates":[[[7.7,47.54],[7.77,47.55],[7.91,47.56],[7.91,47.55],[7.92,47.55],[7.93,47.55],[8.03,47.56],[8.09,47.56],[8.1,47.57],[8.11,47.58],[8.19,47.62],[8.2,47.62],[8.21,47.62],[8.24,47.62],[8.28,47.61],[8.29,47.61],[8.39,47.58],[8.44,47.57],[8.46,47.6],[8.48,47.61],[8.51,47.63],[8.52,47.63],[8.53,47.63],[8.56,47.62],[8.57,47.61],[8.57,47.6],[8.58,47.59],[8.59,47.6],[8.6,47.6],[8.63,47.65],[8.63,47.66],[8.62,47.66],[8.61,47.67],[8.58,47.67],[8.55,47.67],[8.54,47.66],[8.53,47.66],[8.53,47.65],[8.52,47.65],[8.49,47.65],[8.48,47.65],[8.43,47.67],[8.41,47.68],[8.41,47.7],[8.47,47.77],[8.48,47.77],[8.56,47.81],[8.57,47.81],[8.61,47.8],[8.62,47.8],[8.66,47.8],[8.69,47.79],[8.73,47.76],[8.74,47.76],[8.74,47.75],[8.73,47.71],[8.73,47.7],[8.72,47.7],[8.74,47.7],[8.76,47.69],[8.8,47.68],[8.78,47.71],[8.77,47.71],[8.77,47.72],[8.78,47.72],[8.8,47.73],[8.8,47.74],[8.81,47.74],[8.84,47.72],[8.86,47.7],[8.88,47.65],[8.89,47.65],[8.9,47.65],[8.92,47.65],[8.93,47.65],[8.95,47.66],[8.97,47.67],[8.99,47.67],[9,47.68],[9.01,47.68],[9.02,47.69],[9.04,47.69],[9.08,47.69],[9.09,47.69],[9.26,47.66],[9.48,47.58],[9.57,47.54],[9.56,47.51],[9.56,47.5],[9.57,47.49],[9.59,47.47],[9.61,47.47],[9.65,47.46],[9.67,47.4],[9.67,47.39],[9.66,47.38],[9.65,47.37],[9.64,47.37],[9.63,47.37],[9.62,47.37],[9.61,47.37],[9.61,47.36],[9.6,47.35],[9.54,47.28],[9.53,47.27],[9.5,47.23],[9.49,47.22],[9.49,47.2],[9.48,47.19],[9.48,47.18],[9.49,47.17],[9.5,47.15],[9.51,47.14],[9.51,47.12],[9.51,47.11],[9.51,47.1],[9.51,47.09],[9.47,47.06],[9.48,47.06],[9.51,47.06],[9.54,47.07],[9.6,47.06],[9.63,47.06],[9.72,47.05],[9.87,47.02],[9.88,47.02],[9.89,47],[9.89,46.99],[9.88,46.98],[9.88,46.97],[9.87,46.96],[9.88,46.94],[9.94,46.91],[10.06,46.87],[10.11,46.85],[10.12,46.85],[10.14,46.85],[10.15,46.85],[10.17,46.86],[10.22,46.88],[10.23,46.88],[10.31,46.93],[10.32,46.96],[10.35,46.99],[10.36,47],[10.39,47],[10.4,47],[10.43,46.98],[10.49,46.94],[10.49,46.93],[10.47,46.87],[10.45,46.76],[10.47,46.64],[10.49,46.62],[10.49,46.59],[10.48,46.59],[10.48,46.56],[10.47,46.55],[10.46,46.55],[10.46,46.54],[10.45,46.54],[10.34,46.55],[10.31,46.55],[10.3,46.56],[10.25,46.58],[10.25,46.59],[10.24,46.59],[10.25,46.6],[10.25,46.61],[10.25,46.62],[10.24,46.64],[10.23,46.64],[10.18,46.63],[10.12,46.61],[10.05,46.54],[10.04,46.51],[10.04,46.5],[10.04,46.45],[10.05,46.45],[10.05,46.44],[10.06,46.44],[10.07,46.43],[10.09,46.42],[10.15,46.39],[10.18,46.27],[10.17,46.26],[10.17,46.25],[10.14,46.23],[10.13,46.23],[10.08,46.22],[10.07,46.22],[10.06,46.22],[10.06,46.23],[9.99,46.29],[9.98,46.33],[9.98,46.34],[9.99,46.35],[9.99,46.36],[9.98,46.36],[9.95,46.38],[9.94,46.38],[9.91,46.38],[9.9,46.38],[9.85,46.37],[9.81,46.36],[9.77,46.34],[9.71,46.3],[9.7,46.3],[9.63,46.29],[9.58,46.3],[9.55,46.31],[9.54,46.31],[9.52,46.32],[9.46,46.38],[9.46,46.39],[9.45,46.43],[9.46,46.47],[9.37,46.51],[9.36,46.51],[9.3,46.51],[9.3,46.5],[9.29,46.5],[9.28,46.5],[9.27,46.49],[9.25,46.45],[9.25,46.44],[9.25,46.43],[9.26,46.43],[9.27,46.43],[9.28,46.42],[9.3,46.35],[9.29,46.33],[9.29,46.32],[9.28,46.29],[9.24,46.24],[9.24,46.23],[9.19,46.19],[9.18,46.18],[9.16,46.17],[9.14,46.17],[9.13,46.16],[9.08,46.12],[9.04,46.06],[9.02,46.02],[9,45.98],[9,45.97],[9.02,45.94],[9.03,45.94],[9.03,45.93],[9.07,45.92],[9.08,45.92],[9.08,45.91],[9.09,45.9],[9.08,45.9],[9.04,45.84],[9,45.83],[8.95,45.84],[8.94,45.87],[8.94,45.88],[8.93,45.9],[8.9,45.95],[8.9,45.96],[8.83,45.98],[8.81,45.99],[8.82,46.03],[8.82,46.04],[8.85,46.05],[8.85,46.06],[8.85,46.07],[8.85,46.08],[8.84,46.08],[8.84,46.09],[8.83,46.1],[8.82,46.1],[8.75,46.12],[8.73,46.11],[8.72,46.11],[8.71,46.1],[8.7,46.1],[8.69,46.1],[8.62,46.12],[8.61,46.12],[8.46,46.23],[8.45,46.25],[8.44,46.25],[8.43,46.29],[8.44,46.3],[8.44,46.32],[8.45,46.32],[8.46,46.33],[8.47,46.37],[8.47,46.38],[8.46,46.44],[8.46,46.45],[8.45,46.46],[8.44,46.46],[8.43,46.46],[8.37,46.45],[8.36,46.45],[8.31,46.42],[8.3,46.42],[8.14,46.23],[8.14,46.22],[8.16,46.19],[8.16,46.18],[8.15,46.15],[8.02,46.01],[8.01,46.01],[8,46],[7.97,46],[7.95,45.99],[7.91,45.99],[7.9,45.99],[7.88,45.98],[7.88,45.97],[7.87,45.95],[7.86,45.92],[7.85,45.92],[7.78,45.92],[7.74,45.93],[7.71,45.94],[7.65,45.98],[7.54,45.98],[7.46,45.94],[7.43,45.93],[7.39,45.92],[7.38,45.91],[7.34,45.92],[7.3,45.92],[7.29,45.92],[7.23,45.9],[7.2,45.88],[7.19,45.88],[7.18,45.88],[7.12,45.88],[7.11,45.88],[7.1,45.88],[7.09,45.89],[7.08,45.9],[7.06,45.91],[7.04,45.93],[7.03,45.96],[7.01,46],[6.93,46.05],[6.87,46.09],[6.79,46.14],[6.78,46.15],[6.78,46.16],[6.78,46.17],[6.8,46.38],[6.81,46.4],[6.81,46.41],[6.81,46.42],[6.8,46.43],[6.79,46.43],[6.74,46.45],[6.7,46.45],[6.63,46.46],[6.52,46.46],[6.51,46.46],[6.49,46.45],[6.33,46.41],[6.31,46.4],[6.3,46.39],[6.25,46.36],[6.24,46.35],[6.24,46.34],[6.23,46.33],[6.23,46.32],[6.24,46.32],[6.27,46.26],[6.25,46.22],[6.19,46.17],[6.15,46.15],[6.13,46.15],[6.12,46.15],[6,46.15],[5.97,46.2],[5.97,46.21],[5.98,46.22],[6.01,46.23],[6.03,46.24],[6.06,46.25],[6.07,46.25],[6.08,46.25],[6.11,46.25],[6.12,46.26],[6.12,46.27],[6.11,46.3],[6.12,46.31],[6.15,46.36],[6.16,46.37],[6.16,46.38],[6.15,46.39],[6.11,46.41],[6.07,46.43],[6.09,46.45],[6.13,46.54],[6.13,46.58],[6.13,46.59],[6.27,46.68],[6.35,46.71],[6.36,46.71],[6.37,46.72],[6.43,46.76],[6.45,46.77],[6.46,46.78],[6.45,46.84],[6.46,46.9],[6.53,46.97],[6.57,46.98],[6.62,46.99],[6.63,47],[6.64,47],[6.68,47.03],[6.7,47.06],[6.79,47.13],[6.85,47.16],[6.84,47.17],[6.97,47.29],[7,47.37],[6.98,47.36],[6.93,47.36],[6.88,47.36],[6.88,47.37],[6.99,47.5],[7.03,47.51],[7.15,47.5],[7.18,47.45],[7.19,47.44],[7.24,47.42],[7.25,47.42],[7.28,47.43],[7.31,47.44],[7.34,47.44],[7.36,47.43],[7.38,47.43],[7.39,47.43],[7.42,47.45],[7.43,47.46],[7.45,47.47],[7.5,47.49],[7.5,47.5],[7.5,47.54],[7.5,47.55],[7.51,47.56],[7.52,47.56],[7.55,47.57],[7.55,47.58],[7.56,47.58],[7.57,47.58],[7.59,47.59],[7.59,47.58],[7.64,47.6],[7.67,47.61],[7.68,47.6],[7.67,47.58],[7.67,47.57],[7.62,47.56],[7.66,47.55],[7.7,47.54]],[[8.71,47.7],[8.71,47.71],[8.7,47.71],[8.68,47.71],[8.67,47.71],[8.67,47.7],[8.68,47.7],[8.68,47.69],[8.71,47.7]]]}},{"type":"Feature","properties":{"FID":0,"FIPS":"TU","ISO2":"TR","ISO3":"TUR","UN":792,"NAME":"Turkey","AREA":76963,"POP2005":72969723,"REGION":142,"SUBREGION":145,"LON":35.179,"LAT":39.061},"geometry":{"type":"MultiPolygon","coordinates":[[[[26.08,39.78],[26.07,39.78],[26.06,39.78],[26.02,39.8],[25.98,39.81],[25.98,39.82],[25.98,39.83],[25.99,39.84],[26.01,39.84],[26.03,39.84],[26.05,39.84],[26.07,39.84],[26.08,39.84],[26.09,39.83],[26.08,39.79],[26.08,39.78]]],[[[25.82,40.1],[25.73,40.09],[25.67,40.12],[25.66,40.12],[25.66,40.13],[25.67,40.15],[25.69,40.16],[25.71,40.18],[25.78,40.21],[25.93,40.24],[25.94,40.24],[26.01,40.16],[26.01,40.15],[25.99,40.13],[25.96,40.12],[25.82,40.1]]],[[[27.61,40.57],[27.6,40.57],[27.55,40.59],[27.53,40.6],[27.53,40.64],[27.53,40.65],[27.54,40.65],[27.55,40.66],[27.6,40.66],[27.61,40.66],[27.65,40.66],[27.66,40.66],[27.71,40.65],[27.73,40.64],[27.73,40.63],[27.74,40.63],[27.73,40.62],[27.72,40.62],[27.72,40.61],[27.63,40.58],[27.61,40.57]]],[[[35.1,41.96],[35.09,41.93],[35.09,41.92],[35.1,41.92],[35.1,41.91],[35.14,41.86],[35.21,41.77],[35.27,41.73],[35.29,41.71],[35.46,41.65],[35.48,41.65],[35.49,41.64],[35.51,41.64],[35.55,41.63],[35.58,41.63],[35.61,41.63],[35.62,41.63],[35.64,41.64],[35.77,41.67],[35.78,41.67],[35.88,41.7],[35.91,41.71],[35.93,41.72],[35.93,41.73],[35.95,41.73],[35.96,41.73],[35.97,41.73],[36.05,41.69],[36.06,41.69],[36.07,41.68],[36.08,41.67],[36.11,41.64],[36.12,41.63],[36.13,41.6],[36.13,41.59],[36.13,41.55],[36.13,41.54],[36.12,41.52],[36.12,41.51],[36.12,41.5],[36.12,41.49],[36.12,41.48],[36.13,41.47],[36.13,41.46],[36.17,41.42],[36.24,41.36],[36.34,41.28],[36.4,41.26],[36.4,41.25],[36.43,41.24],[36.46,41.24],[36.47,41.24],[36.48,41.24],[36.5,41.25],[36.53,41.27],[36.54,41.27],[36.57,41.29],[36.57,41.3],[36.61,41.35],[36.65,41.36],[36.67,41.36],[36.71,41.37],[36.73,41.36],[36.81,41.36],[36.86,41.35],[36.87,41.34],[36.93,41.32],[37,41.28],[37.01,41.28],[37.02,41.27],[37.03,41.26],[37.03,41.25],[37.03,41.23],[37.03,41.22],[37.03,41.2],[37.03,41.19],[37.04,41.18],[37.05,41.17],[37.06,41.17],[37.12,41.15],[37.14,41.15],[37.15,41.15],[37.24,41.14],[37.3,41.14],[37.42,41.08],[37.5,41.04],[37.53,41.03],[37.54,41.03],[37.55,41.03],[37.58,41.04],[37.61,41.05],[37.63,41.08],[37.66,41.12],[37.67,41.13],[37.68,41.14],[37.69,41.14],[37.75,41.12],[37.79,41.1],[37.78,41.1],[37.78,41.07],[37.78,41.06],[37.79,41.05],[37.81,41.03],[37.82,41.03],[37.89,40.98],[37.9,40.98],[37.93,40.99],[37.98,40.99],[38,40.99],[38.09,40.97],[38.1,40.96],[38.12,40.95],[38.16,40.95],[38.32,40.92],[38.34,40.91],[38.35,40.91],[38.36,40.91],[38.42,40.91],[38.52,40.92],[38.71,40.95],[38.73,40.96],[38.76,40.98],[38.77,40.99],[38.78,40.99],[38.79,41],[38.82,41.01],[38.92,41.04],[38.93,41.04],[39,41.04],[39.01,41.03],[39.05,41.04],[39.1,41.05],[39.12,41.06],[39.15,41.06],[39.15,41.07],[39.16,41.07],[39.16,41.08],[39.17,41.08],[39.21,41.08],[39.21,41.07],[39.23,41.06],[39.24,41.05],[39.26,41.05],[39.27,41.05],[39.28,41.05],[39.29,41.05],[39.33,41.07],[39.35,41.08],[39.38,41.09],[39.39,41.09],[39.41,41.1],[39.41,41.11],[39.42,41.11],[39.48,41.1],[39.49,41.1],[39.49,41.09],[39.55,41.06],[39.55,41.05],[39.69,41],[39.91,40.96],[40.08,40.92],[40.1,40.92],[40.11,40.92],[40.13,40.92],[40.15,40.92],[40.27,40.96],[40.34,40.98],[40.35,40.99],[40.36,40.99],[40.36,41],[40.37,41.01],[40.39,41.02],[40.4,41.02],[40.46,41.04],[40.47,41.04],[40.49,41.04],[40.58,41.05],[40.64,41.08],[40.73,41.14],[40.77,41.17],[40.83,41.2],[40.84,41.2],[40.85,41.2],[40.86,41.2],[40.88,41.19],[40.91,41.19],[40.92,41.19],[40.93,41.19],[41.04,41.23],[41.17,41.28],[41.21,41.31],[41.23,41.32],[41.24,41.33],[41.32,41.37],[41.34,41.37],[41.35,41.37],[41.37,41.37],[41.39,41.37],[41.39,41.38],[41.41,41.39],[41.42,41.4],[41.49,41.48],[41.5,41.49],[41.53,41.52],[41.57,41.52],[41.73,41.49],[41.76,41.47],[41.82,41.43],[41.83,41.43],[41.84,41.43],[41.88,41.46],[41.9,41.48],[41.91,41.48],[41.92,41.49],[41.95,41.51],[41.95,41.52],[41.96,41.52],[41.97,41.52],[41.98,41.52],[42.1,41.51],[42.17,41.51],[42.18,41.51],[42.27,41.49],[42.29,41.49],[42.31,41.48],[42.37,41.46],[42.45,41.44],[42.47,41.43],[42.48,41.44],[42.55,41.49],[42.56,41.51],[42.59,41.58],[42.6,41.58],[42.61,41.59],[42.65,41.59],[42.68,41.59],[42.82,41.59],[42.83,41.59],[42.84,41.58],[42.89,41.51],[43.02,41.39],[43.04,41.37],[43.13,41.32],[43.23,41.19],[43.35,41.2],[43.37,41.2],[43.39,41.2],[43.43,41.19],[43.43,41.18],[43.45,41.17],[43.46,41.17],[43.47,41.14],[43.48,41.14],[43.47,41.13],[43.46,41.11],[43.45,41.1],[43.45,41.09],[43.48,41.03],[43.48,41.02],[43.49,41.02],[43.55,41],[43.56,41],[43.57,41],[43.58,41],[43.59,41],[43.6,40.99],[43.61,40.99],[43.67,40.93],[43.67,40.92],[43.74,40.77],[43.75,40.75],[43.75,40.74],[43.74,40.67],[43.72,40.62],[43.65,40.53],[43.59,40.5],[43.58,40.45],[43.61,40.37],[43.66,40.27],[43.72,40.17],[43.72,40.16],[43.71,40.15],[43.68,40.15],[43.67,40.15],[43.66,40.14],[43.65,40.13],[43.65,40.12],[43.66,40.11],[43.67,40.1],[43.91,40.02],[43.93,40.01],[43.97,40.01],[44.03,40.01],[44.04,40.01],[44.05,40.01],[44.28,40.05],[44.35,40.02],[44.36,40.02],[44.4,40],[44.49,39.96],[44.55,39.91],[44.55,39.9],[44.55,39.89],[44.56,39.88],[44.59,39.83],[44.63,39.81],[44.65,39.8],[44.75,39.73],[44.78,39.71],[44.79,39.7],[44.8,39.68],[44.82,39.65],[44.81,39.63],[44.74,39.7],[44.73,39.71],[44.61,39.78],[44.47,39.7],[44.48,39.64],[44.43,39.45],[44.43,39.44],[44.42,39.43],[44.42,39.42],[44.41,39.42],[44.4,39.41],[44.34,39.4],[44.32,39.39],[44.31,39.39],[44.3,39.39],[44.29,39.39],[44.24,39.4],[44.23,39.41],[44.22,39.41],[44.22,39.42],[44.2,39.42],[44.09,39.41],[44.07,39.41],[44.06,39.41],[44.04,39.39],[44.03,39.38],[44.06,39.35],[44.08,39.34],[44.22,39.14],[44.22,39.13],[44.2,39.06],[44.17,39.02],[44.16,39.01],[44.16,39],[44.17,38.97],[44.21,38.9],[44.21,38.89],[44.25,38.87],[44.25,38.86],[44.28,38.86],[44.29,38.86],[44.3,38.85],[44.3,38.83],[44.3,38.82],[44.3,38.8],[44.26,38.73],[44.26,38.72],[44.3,38.66],[44.3,38.65],[44.31,38.64],[44.32,38.61],[44.32,38.52],[44.32,38.51],[44.32,38.49],[44.31,38.48],[44.31,38.46],[44.31,38.45],[44.3,38.44],[44.3,38.4],[44.31,38.39],[44.31,38.38],[44.32,38.38],[44.33,38.38],[44.44,38.4],[44.44,38.39],[44.48,38.35],[44.48,38.34],[44.48,38.33],[44.48,38.32],[44.47,38.31],[44.4,38.21],[44.32,38.1],[44.24,37.96],[44.22,37.9],[44.29,37.87],[44.57,37.77],[44.58,37.77],[44.62,37.73],[44.62,37.72],[44.61,37.71],[44.6,37.69],[44.58,37.61],[44.59,37.45],[44.59,37.44],[44.6,37.44],[44.61,37.44],[44.63,37.43],[44.65,37.43],[44.8,37.32],[44.81,37.3],[44.82,37.3],[44.82,37.28],[44.82,37.27],[44.79,37.17],[44.79,37.15],[44.78,37.16],[44.77,37.17],[44.75,37.17],[44.65,37.19],[44.64,37.19],[44.58,37.16],[44.57,37.16],[44.56,37.14],[44.55,37.14],[44.55,37.13],[44.49,37.09],[44.47,37.08],[44.44,37.06],[44.35,37.04],[44.34,37.01],[44.32,36.97],[44.26,36.98],[44.26,36.99],[44.2,37.08],[44.2,37.09],[44.19,37.1],[44.2,37.11],[44.23,37.15],[44.23,37.16],[44.26,37.16],[44.27,37.16],[44.27,37.17],[44.27,37.2],[44.27,37.23],[44.26,37.24],[44.26,37.25],[44.23,37.27],[44.23,37.28],[44.12,37.31],[44.12,37.32],[44.1,37.32],[44.07,37.32],[44.05,37.32],[44.01,37.32],[44,37.31],[43.96,37.29],[43.96,37.28],[43.95,37.28],[43.95,37.27],[43.94,37.25],[43.92,37.23],[43.91,37.22],[43.9,37.22],[43.82,37.22],[43.62,37.23],[43.49,37.25],[43.48,37.25],[43.16,37.37],[43,37.34],[42.98,37.33],[42.96,37.32],[42.95,37.32],[42.92,37.33],[42.89,37.34],[42.83,37.35],[42.82,37.36],[42.82,37.37],[42.82,37.38],[42.79,37.38],[42.78,37.38],[42.77,37.37],[42.73,37.35],[42.59,37.18],[42.59,37.17],[42.58,37.16],[42.58,37.15],[42.57,37.15],[42.53,37.15],[42.38,37.12],[42.36,37.11],[42.36,37.12],[42.36,37.14],[42.35,37.22],[42.35,37.23],[42.34,37.24],[42.29,37.27],[42.22,37.29],[42.18,37.29],[42.15,37.26],[42.08,37.21],[42.06,37.19],[41.99,37.17],[41.84,37.13],[41.56,37.09],[41.54,37.08],[41.48,37.08],[41.45,37.08],[41.36,37.08],[41.22,37.07],[41.21,37.08],[41.12,37.1],[40.93,37.13],[40.9,37.13],[40.81,37.12],[40.77,37.12],[40.7,37.1],[40.68,37.09],[40.66,37.08],[40.63,37.07],[40.52,37.02],[40.51,37.02],[40.48,37.02],[40.46,37.02],[40.44,37.01],[40.41,37],[40.28,36.93],[40.26,36.92],[40.21,36.9],[40.01,36.81],[39.94,36.79],[39.92,36.79],[39.83,36.76],[39.81,36.75],[39.59,36.72],[39.44,36.7],[39.31,36.68],[39.26,36.67],[39.23,36.66],[39.22,36.66],[39.21,36.67],[39.18,36.67],[39.16,36.67],[39.13,36.68],[39.1,36.7],[39.08,36.7],[39.05,36.71],[39.04,36.71],[39.01,36.71],[39,36.7],[38.99,36.7],[38.97,36.7],[38.92,36.7],[38.91,36.7],[38.77,36.7],[38.74,36.7],[38.73,36.7],[38.72,36.7],[38.71,36.71],[38.68,36.73],[38.63,36.77],[38.55,36.84],[38.53,36.85],[38.51,36.86],[38.43,36.89],[38.39,36.9],[38.25,36.91],[38.24,36.91],[38.23,36.91],[38.18,36.91],[38.1,36.88],[38.09,36.87],[38.06,36.85],[38.02,36.83],[37.99,36.83],[37.97,36.82],[37.95,36.81],[37.92,36.79],[37.91,36.79],[37.89,36.78],[37.78,36.75],[37.76,36.75],[37.74,36.75],[37.72,36.75],[37.7,36.75],[37.67,36.74],[37.58,36.7],[37.57,36.7],[37.55,36.69],[37.53,36.68],[37.38,36.65],[37.37,36.66],[37.36,36.66],[37.27,36.66],[37.25,36.66],[37.13,36.66],[37.04,36.71],[37.04,36.72],[37.03,36.73],[36.99,36.75],[36.99,36.76],[36.98,36.76],[36.93,36.78],[36.7,36.83],[36.67,36.83],[36.66,36.83],[36.66,36.82],[36.66,36.81],[36.66,36.8],[36.59,36.62],[36.55,36.49],[36.55,36.48],[36.57,36.42],[36.57,36.41],[36.58,36.4],[36.66,36.31],[36.69,36.29],[36.69,36.28],[36.69,36.25],[36.69,36.24],[36.68,36.23],[36.67,36.23],[36.63,36.22],[36.62,36.22],[36.61,36.22],[36.58,36.23],[36.54,36.24],[36.51,36.23],[36.39,36.21],[36.38,36.18],[36.38,36.17],[36.38,36.11],[36.38,36.1],[36.38,36.09],[36.39,36.08],[36.38,36.03],[36.38,36],[36.37,36],[36.3,35.97],[36.23,35.97],[36.22,35.96],[36.21,35.95],[36.19,35.92],[36.19,35.91],[36.18,35.9],[36.18,35.88],[36.18,35.85],[36.18,35.83],[36.17,35.82],[36.16,35.82],[36.14,35.83],[36.13,35.85],[36.11,35.86],[36.02,35.9],[35.92,35.93],[35.98,35.99],[35.98,36.01],[35.95,36.07],[35.94,36.09],[35.85,36.22],[35.79,36.28],[35.78,36.3],[35.78,36.31],[35.79,36.32],[35.82,36.35],[35.92,36.45],[35.93,36.45],[36.04,36.53],[36.05,36.53],[36.15,36.59],[36.16,36.59],[36.17,36.59],[36.18,36.59],[36.19,36.59],[36.19,36.6],[36.2,36.6],[36.22,36.65],[36.22,36.66],[36.21,36.76],[36.21,36.77],[36.19,36.79],[36.17,36.83],[36.13,36.86],[36.12,36.87],[36.08,36.9],[36.06,36.91],[36.03,36.92],[36.02,36.93],[36.01,36.92],[36,36.92],[35.96,36.9],[35.95,36.89],[35.94,36.88],[35.91,36.85],[35.9,36.84],[35.83,36.78],[35.82,36.78],[35.8,36.77],[35.79,36.77],[35.72,36.76],[35.71,36.76],[35.7,36.76],[35.69,36.76],[35.65,36.75],[35.64,36.75],[35.61,36.73],[35.57,36.71],[35.57,36.7],[35.57,36.69],[35.58,36.69],[35.61,36.69],[35.64,36.68],[35.64,36.64],[35.64,36.62],[35.64,36.61],[35.63,36.61],[35.63,36.6],[35.62,36.6],[35.61,36.59],[35.57,36.58],[35.56,36.58],[35.55,36.58],[35.53,36.6],[35.51,36.61],[35.5,36.61],[35.48,36.61],[35.41,36.58],[35.35,36.55],[35.34,36.54],[35.18,36.62],[35.02,36.7],[34.99,36.72],[34.98,36.72],[34.97,36.72],[34.95,36.73],[34.93,36.73],[34.92,36.72],[34.91,36.72],[34.9,36.72],[34.89,36.74],[34.89,36.75],[34.88,36.76],[34.87,36.77],[34.84,36.79],[34.83,36.8],[34.78,36.81],[34.74,36.81],[34.73,36.81],[34.71,36.81],[34.66,36.8],[34.57,36.78],[34.56,36.77],[34.48,36.71],[34.36,36.64],[34.34,36.63],[34.32,36.62],[34.29,36.59],[34.27,36.57],[34.26,36.56],[34.25,36.55],[34.23,36.54],[34.23,36.52],[34.22,36.52],[34.22,36.51],[34.15,36.46],[34.13,36.45],[34.08,36.41],[34.08,36.4],[34.07,36.4],[34.07,36.39],[34.07,36.38],[34.07,36.37],[34.08,36.36],[34.03,36.3],[33.99,36.28],[33.94,36.28],[33.92,36.29],[33.88,36.31],[33.87,36.31],[33.86,36.31],[33.82,36.26],[33.74,36.21],[33.7,36.18],[33.65,36.19],[33.61,36.18],[33.54,36.14],[33.36,36.14],[33.29,36.12],[33.05,36.09],[32.95,36.1],[32.94,36.1],[32.93,36.1],[32.86,36.07],[32.82,36.04],[32.81,36.03],[32.77,36.03],[32.67,36.04],[32.58,36.08],[32.57,36.09],[32.53,36.09],[32.52,36.09],[32.51,36.1],[32.5,36.1],[32.37,36.17],[32.37,36.18],[32.28,36.27],[32.2,36.34],[32.2,36.35],[32.19,36.37],[32.18,36.39],[32.17,36.4],[32.15,36.43],[32.11,36.47],[32.06,36.52],[32.02,36.54],[32.02,36.55],[32.01,36.55],[32,36.55],[31.99,36.54],[31.82,36.59],[31.74,36.63],[31.74,36.64],[31.58,36.7],[31.39,36.78],[31.37,36.79],[31.36,36.8],[31.34,36.8],[31.3,36.81],[31.28,36.82],[31.05,36.85],[30.99,36.85],[30.97,36.86],[30.89,36.85],[30.83,36.85],[30.81,36.84],[30.76,36.84],[30.74,36.85],[30.73,36.86],[30.71,36.87],[30.7,36.88],[30.69,36.88],[30.68,36.88],[30.66,36.88],[30.65,36.87],[30.64,36.87],[30.62,36.85],[30.61,36.84],[30.6,36.83],[30.58,36.8],[30.57,36.79],[30.57,36.78],[30.56,36.73],[30.55,36.62],[30.53,36.49],[30.48,36.43],[30.47,36.39],[30.47,36.38],[30.49,36.36],[30.5,36.35],[30.51,36.34],[30.5,36.32],[30.43,36.23],[30.41,36.21],[30.41,36.2],[30.4,36.2],[30.4,36.21],[30.39,36.23],[30.37,36.26],[30.29,36.3],[30.28,36.3],[30.26,36.3],[30.22,36.3],[30.2,36.3],[30.18,36.3],[30.15,36.29],[30.14,36.29],[30.14,36.28],[30.15,36.28],[30.15,36.27],[30.15,36.26],[30.14,36.25],[30.13,36.24],[30.09,36.23],[29.98,36.21],[29.77,36.15],[29.74,36.16],[29.73,36.16],[29.72,36.16],[29.71,36.16],[29.69,36.14],[29.68,36.12],[29.63,36.17],[29.57,36.2],[29.5,36.21],[29.35,36.23],[29.32,36.25],[29.28,36.27],[29.26,36.3],[29.18,36.33],[29.16,36.34],[29.15,36.35],[29.14,36.35],[29.12,36.38],[29.1,36.47],[29.1,36.48],[29.13,36.53],[29.13,36.54],[29.12,36.54],[29.11,36.55],[29.08,36.56],[29.05,36.55],[29.05,36.54],[29.04,36.54],[29.02,36.54],[29.02,36.58],[29.03,36.6],[29.03,36.61],[29.04,36.62],[29.09,36.63],[29.05,36.68],[28.94,36.74],[28.93,36.75],[28.87,36.69],[28.86,36.69],[28.85,36.66],[28.79,36.67],[28.66,36.71],[28.62,36.77],[28.61,36.8],[28.46,36.88],[28.45,36.88],[28.4,36.86],[28.39,36.86],[28.38,36.85],[28.38,36.84],[28.39,36.83],[28.39,36.84],[28.41,36.84],[28.42,36.83],[28.42,36.81],[28.4,36.79],[28.4,36.78],[28.38,36.78],[28.31,36.83],[28.29,36.84],[28.28,36.85],[28.27,36.85],[28.26,36.84],[28.25,36.84],[28.24,36.83],[28.24,36.81],[28.23,36.8],[28.25,36.77],[28.27,36.74],[28.28,36.73],[28.23,36.7],[28.07,36.59],[27.98,36.55],[27.97,36.57],[27.96,36.59],[27.96,36.6],[27.98,36.6],[28.01,36.6],[28.02,36.6],[28.02,36.59],[28.03,36.59],[28.05,36.6],[28.07,36.62],[28.09,36.63],[28.09,36.64],[28.06,36.67],[28.05,36.69],[28.04,36.69],[28.03,36.69],[28.03,36.68],[28.04,36.68],[28.04,36.67],[28.03,36.67],[28.02,36.67],[28.01,36.67],[27.99,36.67],[27.97,36.67],[27.96,36.68],[27.97,36.69],[27.98,36.69],[28,36.7],[28.04,36.71],[28.08,36.71],[28.09,36.7],[28.12,36.72],[28.12,36.79],[28.12,36.8],[28.11,36.8],[28.09,36.8],[28.07,36.79],[28.04,36.77],[28.01,36.76],[27.98,36.75],[27.92,36.74],[27.92,36.75],[27.91,36.75],[27.82,36.76],[27.8,36.76],[27.74,36.76],[27.73,36.76],[27.72,36.75],[27.71,36.75],[27.7,36.74],[27.69,36.72],[27.68,36.69],[27.51,36.67],[27.5,36.67],[27.48,36.66],[27.48,36.65],[27.38,36.68],[27.37,36.69],[27.36,36.7],[27.36,36.71],[27.47,36.75],[27.5,36.75],[27.74,36.78],[27.92,36.79],[28.03,36.82],[28.07,36.94],[28.2,36.98],[28.32,37.02],[28.33,37.03],[28.33,37.04],[28.32,37.05],[28.27,37.04],[28.21,37.04],[28.03,37.02],[27.85,37.02],[27.68,37],[27.52,36.99],[27.43,37.03],[27.42,37.03],[27.34,37.02],[27.34,37.01],[27.33,37.01],[27.34,37],[27.34,36.99],[27.32,36.98],[27.31,36.97],[27.3,36.97],[27.29,36.96],[27.27,36.96],[27.26,36.96],[27.25,36.97],[27.23,37.03],[27.23,37.05],[27.23,37.06],[27.23,37.07],[27.24,37.08],[27.32,37.15],[27.33,37.15],[27.37,37.15],[27.41,37.13],[27.44,37.1],[27.55,37.13],[27.59,37.23],[27.56,37.27],[27.52,37.26],[27.49,37.27],[27.41,37.3],[27.4,37.31],[27.39,37.33],[27.39,37.34],[27.39,37.35],[27.42,37.41],[27.41,37.41],[27.4,37.41],[27.38,37.4],[27.37,37.4],[27.36,37.38],[27.36,37.37],[27.33,37.35],[27.31,37.34],[27.24,37.34],[27.2,37.35],[27.19,37.35],[27.22,37.41],[27.22,37.47],[27.21,37.58],[27.21,37.59],[27.19,37.6],[27.23,37.71],[27.24,37.73],[27.25,37.74],[27.25,37.75],[27.26,37.8],[27.26,37.81],[27.26,37.88],[27.26,37.89],[27.27,37.89],[27.27,37.92],[27.27,37.93],[27.27,37.95],[27.27,37.96],[27.25,37.97],[27.24,37.98],[26.98,38.06],[26.98,38.07],[26.94,38.06],[26.92,38.06],[26.82,38.16],[26.77,38.21],[26.76,38.22],[26.75,38.22],[26.68,38.2],[26.63,38.16],[26.62,38.14],[26.61,38.1],[26.59,38.1],[26.55,38.12],[26.54,38.12],[26.52,38.14],[26.49,38.17],[26.44,38.21],[26.42,38.22],[26.37,38.23],[26.35,38.22],[26.34,38.22],[26.33,38.23],[26.32,38.23],[26.28,38.26],[26.27,38.29],[26.28,38.35],[26.29,38.37],[26.31,38.37],[26.32,38.37],[26.33,38.35],[26.32,38.34],[26.32,38.33],[26.35,38.31],[26.37,38.31],[26.38,38.31],[26.45,38.34],[26.45,38.35],[26.46,38.35],[26.48,38.37],[26.5,38.4],[26.51,38.42],[26.51,38.43],[26.48,38.45],[26.44,38.47],[26.43,38.47],[26.42,38.47],[26.41,38.46],[26.41,38.45],[26.39,38.44],[26.38,38.45],[26.36,38.57],[26.35,38.62],[26.35,38.63],[26.35,38.65],[26.36,38.66],[26.37,38.66],[26.4,38.67],[26.43,38.67],[26.48,38.67],[26.52,38.63],[26.56,38.6],[26.61,38.53],[26.63,38.46],[26.6,38.45],[26.64,38.34],[26.65,38.33],[26.67,38.31],[26.68,38.31],[26.69,38.31],[26.7,38.31],[26.79,38.35],[26.84,38.37],[26.91,38.37],[27.09,38.4],[27.1,38.4],[27.12,38.41],[27.16,38.44],[27.16,38.45],[27.16,38.46],[27.15,38.46],[27.05,38.46],[27.04,38.46],[27,38.46],[27,38.45],[26.99,38.45],[26.95,38.44],[26.88,38.5],[26.75,38.62],[26.74,38.63],[26.73,38.64],[26.73,38.65],[26.72,38.72],[26.73,38.73],[26.74,38.73],[26.82,38.75],[26.83,38.75],[26.9,38.81],[26.9,38.82],[27.01,38.86],[27.02,38.87],[27.02,38.86],[27.02,38.85],[27.03,38.85],[27.06,38.87],[27.07,38.88],[27.06,38.92],[27.05,38.93],[27.04,38.93],[26.96,38.94],[26.95,38.94],[26.92,38.93],[26.89,38.92],[26.87,38.91],[26.86,38.91],[26.8,38.95],[26.8,38.96],[26.8,38.97],[26.79,38.98],[26.79,38.99],[26.8,39.02],[26.8,39.03],[26.86,39.06],[26.88,39.06],[26.89,39.07],[26.87,39.09],[26.87,39.1],[26.85,39.13],[26.84,39.13],[26.82,39.15],[26.81,39.16],[26.76,39.17],[26.73,39.22],[26.64,39.26],[26.66,39.3],[26.81,39.4],[26.89,39.47],[26.93,39.48],[26.94,39.48],[26.95,39.55],[26.95,39.57],[26.94,39.58],[26.93,39.58],[26.92,39.58],[26.89,39.58],[26.88,39.58],[26.88,39.57],[26.82,39.56],[26.76,39.56],[26.69,39.55],[26.67,39.55],[26.66,39.55],[26.58,39.53],[26.54,39.53],[26.21,39.47],[26.21,39.46],[26.2,39.46],[26.13,39.45],[26.12,39.45],[26.1,39.46],[26.08,39.47],[26.07,39.47],[26.07,39.48],[26.07,39.49],[26.1,39.58],[26.11,39.59],[26.13,39.61],[26.15,39.63],[26.16,39.64],[26.16,39.66],[26.16,39.69],[26.16,39.82],[26.15,39.89],[26.15,39.91],[26.15,39.92],[26.15,39.94],[26.16,39.95],[26.18,39.98],[26.19,40],[26.2,40.01],[26.21,40.01],[26.22,40],[26.23,40],[26.24,39.99],[26.25,39.99],[26.29,40.01],[26.33,40.02],[26.34,40.03],[26.39,40.1],[26.4,40.14],[26.43,40.19],[26.44,40.19],[26.5,40.21],[26.51,40.22],[26.52,40.22],[26.61,40.28],[26.61,40.29],[26.68,40.35],[26.7,40.37],[26.71,40.38],[26.81,40.4],[26.89,40.4],[26.96,40.38],[26.97,40.38],[27.03,40.39],[27.05,40.42],[27.06,40.43],[27.09,40.45],[27.12,40.45],[27.26,40.46],[27.3,40.41],[27.3,40.4],[27.3,40.39],[27.31,40.38],[27.39,40.34],[27.4,40.34],[27.43,40.32],[27.47,40.31],[27.48,40.31],[27.51,40.31],[27.51,40.3],[27.55,40.3],[27.57,40.31],[27.68,40.31],[27.74,40.31],[27.77,40.31],[27.78,40.31],[27.79,40.32],[27.87,40.37],[27.88,40.37],[27.88,40.38],[27.84,40.4],[27.83,40.4],[27.82,40.4],[27.8,40.39],[27.79,40.39],[27.69,40.48],[27.69,40.49],[27.69,40.5],[27.71,40.51],[27.72,40.52],[27.73,40.52],[27.73,40.53],[27.75,40.53],[27.76,40.53],[27.86,40.52],[28.01,40.49],[28.02,40.49],[28.03,40.49],[28.03,40.48],[28.03,40.47],[28.02,40.46],[28.01,40.45],[27.99,40.44],[27.93,40.41],[27.92,40.41],[27.91,40.41],[27.9,40.4],[27.9,40.39],[27.9,40.38],[27.92,40.37],[27.93,40.36],[27.95,40.36],[27.96,40.36],[28.04,40.37],[28.07,40.38],[28.11,40.39],[28.15,40.4],[28.18,40.4],[28.19,40.4],[28.2,40.39],[28.24,40.4],[28.25,40.4],[28.48,40.4],[28.51,40.4],[28.67,40.36],[28.75,40.39],[28.76,40.39],[28.79,40.4],[28.8,40.4],[28.83,40.39],[28.87,40.39],[28.88,40.38],[28.89,40.38],[28.91,40.36],[28.92,40.36],[28.94,40.36],[28.98,40.36],[29.04,40.36],[29.05,40.37],[29.06,40.37],[29.14,40.43],[29.15,40.43],[29.14,40.44],[29.08,40.48],[29.04,40.48],[29.03,40.48],[29.02,40.48],[28.99,40.47],[28.98,40.46],[28.97,40.46],[28.92,40.47],[28.91,40.47],[28.89,40.48],[28.78,40.52],[28.77,40.52],[28.78,40.53],[28.8,40.55],[28.8,40.56],[28.81,40.56],[28.85,40.58],[28.89,40.59],[28.91,40.59],[28.95,40.63],[28.97,40.64],[28.99,40.64],[29,40.64],[29.16,40.66],[29.25,40.66],[29.39,40.7],[29.4,40.7],[29.42,40.69],[29.48,40.72],[29.51,40.73],[29.54,40.71],[29.55,40.69],[29.56,40.69],[29.7,40.7],[29.89,40.71],[29.91,40.71],[29.93,40.72],[29.94,40.72],[29.94,40.73],[29.94,40.74],[29.93,40.76],[29.92,40.76],[29.73,40.77],[29.59,40.78],[29.56,40.77],[29.52,40.77],[29.41,40.77],[29.34,40.8],[29.33,40.81],[29.29,40.85],[29.25,40.87],[29.15,40.9],[29.13,40.91],[29.04,40.97],[29.03,41.03],[29.04,41.05],[29.09,41.12],[29.09,41.14],[29.07,41.16],[29.08,41.16],[29.08,41.17],[29.09,41.18],[29.13,41.21],[29.14,41.21],[29.15,41.22],[29.17,41.23],[29.21,41.24],[29.22,41.24],[29.29,41.23],[29.47,41.2],[29.58,41.17],[29.61,41.17],[29.62,41.17],[29.62,41.18],[29.63,41.18],[29.75,41.16],[29.86,41.15],[29.87,41.15],[29.88,41.15],[29.98,41.14],[29.99,41.14],[30.16,41.14],[30.2,41.15],[30.26,41.19],[30.29,41.21],[30.32,41.2],[30.33,41.2],[30.35,41.19],[30.36,41.18],[30.38,41.17],[30.43,41.16],[30.49,41.15],[30.5,41.15],[30.52,41.14],[30.61,41.13],[30.75,41.09],[30.76,41.09],[30.88,41.08],[30.93,41.08],[30.95,41.08],[30.98,41.08],[31.07,41.08],[31.23,41.09],[31.24,41.09],[31.3,41.11],[31.34,41.14],[31.38,41.17],[31.4,41.2],[31.41,41.21],[31.41,41.22],[31.42,41.28],[31.55,41.36],[31.56,41.36],[31.61,41.38],[31.62,41.38],[31.75,41.43],[31.99,41.54],[32.15,41.61],[32.16,41.61],[32.18,41.63],[32.27,41.72],[32.28,41.72],[32.53,41.81],[32.59,41.83],[32.6,41.83],[32.61,41.83],[32.68,41.83],[32.69,41.84],[32.72,41.85],[32.77,41.86],[32.8,41.86],[32.83,41.86],[32.91,41.88],[32.95,41.88],[32.98,41.9],[32.99,41.91],[33.06,41.94],[33.08,41.94],[33.22,41.98],[33.33,42.02],[33.35,42.02],[33.4,42.02],[33.54,42.01],[33.55,42],[33.56,42],[33.58,41.99],[33.6,41.99],[33.63,41.99],[33.74,41.98],[33.77,41.98],[33.84,41.98],[33.92,41.97],[33.99,41.98],[34.1,41.98],[34.21,41.96],[34.25,41.95],[34.26,41.95],[34.31,41.94],[34.36,41.94],[34.55,41.95],[34.62,41.94],[34.64,41.94],[34.72,41.94],[34.74,41.95],[34.79,41.95],[34.8,41.96],[34.83,41.97],[34.85,41.98],[34.89,42.01],[34.92,42.04],[34.95,42.07],[34.95,42.08],[34.95,42.09],[34.96,42.09],[34.98,42.09],[35.01,42.09],[35.03,42.08],[35.05,42.06],[35.12,42],[35.11,42],[35.1,41.97],[35.1,41.96]]],[[[27.39,42.01],[27.41,42],[27.41,41.99],[27.44,41.98],[27.56,41.91],[27.57,41.91],[27.58,41.91],[27.6,41.94],[27.63,41.95],[27.64,41.96],[27.71,41.98],[27.83,42],[27.84,42],[27.86,42.01],[27.87,42.01],[27.9,41.99],[27.97,41.98],[28.01,41.98],[28.03,41.94],[28.03,41.91],[28.01,41.89],[28,41.89],[27.99,41.89],[27.98,41.89],[27.97,41.88],[27.96,41.87],[27.96,41.86],[27.97,41.83],[28.08,41.65],[28.09,41.63],[28.13,41.59],[28.19,41.54],[28.2,41.53],[28.22,41.52],[28.24,41.51],[28.26,41.5],[28.29,41.49],[28.3,41.48],[28.33,41.47],[28.46,41.42],[28.79,41.3],[28.84,41.28],[28.94,41.26],[29.02,41.24],[29.03,41.24],[29.04,41.25],[29.05,41.26],[29.08,41.25],[29.09,41.24],[29.1,41.24],[29.11,41.23],[29.11,41.21],[29.07,41.17],[29.04,41.16],[29.07,41.12],[29.06,41.08],[29.04,41.06],[29.03,41.05],[28.9,40.98],[28.84,40.96],[28.83,40.96],[28.82,40.95],[28.63,40.96],[28.61,40.97],[28.6,40.97],[28.6,40.98],[28.6,40.99],[28.6,41],[28.6,41.01],[28.58,41.04],[28.58,41.05],[28.57,41.06],[28.57,41.07],[28.56,41.07],[28.55,41.08],[28.53,41.08],[28.52,41.08],[28.54,41.06],[28.55,41.06],[28.56,41.06],[28.57,41.02],[28.55,41],[28.55,40.99],[28.54,40.99],[28.53,40.99],[28.52,40.99],[28.47,41.02],[28.46,41.02],[28.45,41.03],[28.44,41.04],[28.43,41.04],[28.42,41.05],[28.38,41.05],[28.24,41.08],[28.21,41.08],[28.17,41.08],[28.15,41.08],[28.13,41.07],[28.12,41.06],[28.09,41.06],[28.07,41.06],[28.01,41.04],[28,41.03],[27.99,41.02],[27.98,41.01],[27.98,41],[27.96,40.97],[27.94,40.97],[27.93,40.97],[27.89,40.97],[27.87,40.97],[27.86,40.97],[27.85,40.98],[27.84,40.99],[27.83,40.99],[27.78,41.01],[27.77,41.01],[27.74,41.01],[27.72,41.01],[27.69,41.01],[27.51,40.98],[27.5,40.98],[27.49,40.97],[27.48,40.96],[27.46,40.91],[27.45,40.89],[27.45,40.86],[27.45,40.85],[27.44,40.85],[27.3,40.7],[27.29,40.7],[27.18,40.63],[27.14,40.62],[27.02,40.59],[26.97,40.55],[26.88,40.53],[26.73,40.48],[26.72,40.48],[26.68,40.45],[26.68,40.44],[26.68,40.43],[26.69,40.43],[26.68,40.42],[26.61,40.36],[26.58,40.33],[26.55,40.31],[26.44,40.24],[26.35,40.14],[26.32,40.11],[26.22,40.05],[26.21,40.05],[26.18,40.05],[26.16,40.05],[26.16,40.06],[26.24,40.17],[26.25,40.18],[26.26,40.2],[26.27,40.22],[26.27,40.25],[26.27,40.26],[26.26,40.27],[26.23,40.3],[26.21,40.32],[26.21,40.33],[26.24,40.34],[26.42,40.43],[26.54,40.48],[26.6,40.51],[26.61,40.51],[26.63,40.51],[26.65,40.51],[26.68,40.51],[26.69,40.51],[26.78,40.56],[26.8,40.57],[26.82,40.58],[26.83,40.59],[26.82,40.6],[26.8,40.64],[26.79,40.65],[26.79,40.66],[26.78,40.66],[26.77,40.66],[26.76,40.66],[26.7,40.64],[26.69,40.64],[26.67,40.64],[26.64,40.64],[26.58,40.63],[26.44,40.62],[26.36,40.61],[26.35,40.61],[26.32,40.59],[26.31,40.59],[26.29,40.59],[26.15,40.59],[26.13,40.59],[26.11,40.6],[26.09,40.6],[26.08,40.61],[26.07,40.62],[26.06,40.65],[26.06,40.66],[26.05,40.74],[26.05,40.73],[26.07,40.73],[26.09,40.74],[26.11,40.74],[26.12,40.75],[26.13,40.75],[26.13,40.76],[26.17,40.82],[26.21,40.88],[26.25,40.89],[26.29,40.9],[26.36,40.95],[26.36,40.96],[26.38,41.02],[26.38,41.03],[26.37,41.03],[26.32,41.09],[26.32,41.23],[26.36,41.26],[26.37,41.25],[26.38,41.25],[26.39,41.25],[26.41,41.26],[26.6,41.33],[26.61,41.33],[26.62,41.34],[26.63,41.35],[26.64,41.36],[26.64,41.37],[26.64,41.38],[26.64,41.41],[26.64,41.42],[26.6,41.55],[26.57,41.61],[26.52,41.63],[26.4,41.69],[26.36,41.71],[26.35,41.72],[26.34,41.73],[26.33,41.74],[26.33,41.75],[26.34,41.77],[26.35,41.79],[26.38,41.82],[26.39,41.82],[26.45,41.83],[26.47,41.82],[26.48,41.82],[26.53,41.83],[26.54,41.83],[26.55,41.83],[26.56,41.85],[26.57,41.87],[26.57,41.9],[26.56,41.93],[26.57,41.94],[26.62,41.97],[26.93,42.01],[26.94,42.01],[26.96,42],[27.03,42.08],[27.04,42.09],[27.07,42.09],[27.23,42.11],[27.28,42.1],[27.29,42.1],[27.3,42.09],[27.31,42.09],[27.36,42.06],[27.37,42.06],[27.37,42.04],[27.39,42.01]]]]}},{"type":"Feature","properties":{"FID":0,"FIPS":"UK","ISO2":"GB","ISO3":"GBR","UN":826,"NAME":"United Kingdom","AREA":24193,"POP2005":60244834,"REGION":150,"SUBREGION":154,"LON":-1.6,"LAT":53},"geometry":{"type":"MultiPolygon","coordinates":[[[[-6.29,49.91],[-6.31,49.91],[-6.32,49.91],[-6.31,49.93],[-6.3,49.93],[-6.29,49.93],[-6.28,49.92],[-6.29,49.91]]],[[[-1.06,50.69],[-1.17,50.6],[-1.19,50.59],[-1.22,50.59],[-1.24,50.58],[-1.28,50.58],[-1.37,50.62],[-1.47,50.66],[-1.49,50.67],[-1.5,50.67],[-1.51,50.67],[-1.52,50.67],[-1.54,50.66],[-1.57,50.66],[-1.55,50.67],[-1.52,50.7],[-1.31,50.77],[-1.3,50.77],[-1.29,50.77],[-1.12,50.74],[-1.11,50.73],[-1.09,50.72],[-1.06,50.69]]],[[[-0.94,50.78],[-0.96,50.77],[-0.97,50.78],[-1.02,50.79],[-0.98,50.83],[-0.97,50.83],[-0.96,50.83],[-0.95,50.82],[-0.94,50.78]]],[[[-4.65,51.16],[-4.66,51.16],[-4.67,51.16],[-4.67,51.19],[-4.67,51.2],[-4.66,51.2],[-4.66,51.19],[-4.65,51.16]]],[[[0.91,51.36],[0.9,51.36],[0.89,51.36],[0.79,51.37],[0.78,51.37],[0.77,51.38],[0.76,51.38],[0.74,51.39],[0.74,51.4],[0.73,51.41],[0.74,51.43],[0.75,51.44],[0.76,51.45],[0.79,51.44],[0.89,51.42],[0.9,51.42],[0.91,51.42],[0.93,51.4],[0.94,51.39],[0.94,51.38],[0.95,51.38],[0.95,51.37],[0.94,51.37],[0.91,51.36]]],[[[-4.57,53.24],[-4.58,53.24],[-4.61,53.26],[-4.66,53.28],[-4.68,53.28],[-4.68,53.29],[-4.69,53.3],[-4.68,53.32],[-4.67,53.32],[-4.63,53.32],[-4.62,53.32],[-4.59,53.3],[-4.56,53.26],[-4.56,53.25],[-4.56,53.24],[-4.57,53.24]]],[[[-4.15,53.23],[-4.22,53.2],[-4.33,53.15],[-4.35,53.12],[-4.4,53.13],[-4.48,53.18],[-4.49,53.19],[-4.57,53.27],[-4.57,53.39],[-4.56,53.4],[-4.47,53.42],[-4.43,53.42],[-4.42,53.42],[-4.31,53.41],[-4.29,53.41],[-4.28,53.4],[-4.27,53.39],[-4.22,53.32],[-4.13,53.31],[-4.12,53.31],[-4.11,53.31],[-4.06,53.31],[-4.05,53.3],[-4.09,53.26],[-4.1,53.25],[-4.15,53.23]]],[[[-6.35,55.24],[-6.25,55.21],[-6.17,55.22],[-6.15,55.22],[-6.14,55.22],[-6.1,55.21],[-6.07,55.19],[-6.06,55.19],[-6.04,55.16],[-6.03,55.16],[-6.03,55.15],[-6.04,55.1],[-6.05,55.09],[-6.04,55.06],[-5.84,54.9],[-5.79,54.85],[-5.78,54.85],[-5.78,54.86],[-5.75,54.85],[-5.74,54.85],[-5.73,54.85],[-5.71,54.83],[-5.69,54.81],[-5.69,54.77],[-5.69,54.76],[-5.69,54.75],[-5.7,54.75],[-5.71,54.74],[-5.74,54.73],[-5.75,54.72],[-5.77,54.72],[-5.79,54.72],[-5.82,54.71],[-5.86,54.69],[-5.87,54.69],[-5.88,54.68],[-5.89,54.67],[-5.92,54.63],[-5.91,54.6],[-5.9,54.6],[-5.89,54.6],[-5.88,54.61],[-5.88,54.62],[-5.86,54.64],[-5.82,54.66],[-5.8,54.66],[-5.74,54.67],[-5.73,54.67],[-5.63,54.68],[-5.6,54.68],[-5.58,54.68],[-5.57,54.68],[-5.54,54.65],[-5.53,54.65],[-5.53,54.63],[-5.48,54.54],[-5.43,54.49],[-5.43,54.48],[-5.43,54.46],[-5.44,54.46],[-5.46,54.39],[-5.5,54.37],[-5.5,54.36],[-5.51,54.36],[-5.51,54.37],[-5.52,54.37],[-5.54,54.4],[-5.55,54.4],[-5.55,54.41],[-5.54,54.42],[-5.53,54.43],[-5.55,54.44],[-5.54,54.45],[-5.54,54.48],[-5.55,54.5],[-5.56,54.52],[-5.57,54.52],[-5.6,54.54],[-5.64,54.56],[-5.66,54.57],[-5.68,54.57],[-5.69,54.58],[-5.7,54.57],[-5.71,54.53],[-5.68,54.52],[-5.67,54.52],[-5.64,54.49],[-5.57,54.38],[-5.57,54.37],[-5.56,54.34],[-5.56,54.29],[-5.56,54.28],[-5.59,54.27],[-5.61,54.25],[-5.65,54.23],[-5.66,54.23],[-5.67,54.23],[-5.68,54.24],[-5.69,54.24],[-5.7,54.25],[-5.73,54.25],[-5.75,54.25],[-5.82,54.24],[-5.83,54.24],[-5.86,54.23],[-5.86,54.22],[-5.87,54.21],[-5.87,54.2],[-5.87,54.19],[-5.87,54.18],[-5.86,54.17],[-5.87,54.16],[-5.88,54.12],[-5.9,54.1],[-5.9,54.09],[-5.92,54.09],[-5.97,54.06],[-6.04,54.03],[-6.07,54.03],[-6.08,54.03],[-6.11,54.04],[-6.17,54.07],[-6.18,54.08],[-6.19,54.09],[-6.2,54.09],[-6.2,54.1],[-6.27,54.1],[-6.28,54.11],[-6.29,54.11],[-6.34,54.12],[-6.35,54.12],[-6.36,54.11],[-6.37,54.11],[-6.37,54.1],[-6.45,54.06],[-6.57,54.05],[-6.61,54.04],[-6.62,54.04],[-6.63,54.04],[-6.63,54.05],[-6.66,54.06],[-6.74,54.18],[-6.85,54.29],[-6.87,54.34],[-6.88,54.34],[-6.92,54.37],[-6.93,54.38],[-6.97,54.4],[-7.03,54.42],[-7.04,54.42],[-7.06,54.41],[-7.16,54.34],[-7.18,54.29],[-7.14,54.26],[-7.14,54.25],[-7.15,54.23],[-7.28,54.13],[-7.29,54.12],[-7.31,54.11],[-7.33,54.11],[-7.56,54.13],[-7.61,54.14],[-7.62,54.15],[-7.62,54.16],[-7.62,54.17],[-7.63,54.17],[-7.7,54.2],[-7.75,54.2],[-7.82,54.2],[-7.85,54.21],[-7.86,54.22],[-7.87,54.22],[-7.87,54.23],[-7.87,54.25],[-7.88,54.28],[-7.88,54.29],[-7.9,54.29],[-7.94,54.3],[-8.03,54.36],[-8.04,54.36],[-8.06,54.37],[-8.07,54.37],[-8.16,54.44],[-8.17,54.46],[-8.05,54.51],[-7.95,54.53],[-7.83,54.55],[-7.75,54.59],[-7.78,54.63],[-7.85,54.63],[-7.86,54.63],[-7.91,54.66],[-7.91,54.67],[-7.93,54.7],[-7.92,54.7],[-7.84,54.73],[-7.83,54.74],[-7.82,54.73],[-7.74,54.71],[-7.55,54.76],[-7.48,54.83],[-7.46,54.86],[-7.44,54.88],[-7.41,54.95],[-7.33,55.05],[-7.25,55.07],[-7.25,55.05],[-7.09,55.04],[-7.07,55.04],[-7.06,55.04],[-7.05,55.04],[-7.05,55.05],[-7.03,55.06],[-7.02,55.07],[-6.99,55.11],[-6.97,55.16],[-6.89,55.17],[-6.83,55.17],[-6.73,55.18],[-6.61,55.21],[-6.52,55.23],[-6.38,55.24],[-6.35,55.24]]],[[[-6.17,55.29],[-6.18,55.27],[-6.18,55.26],[-6.19,55.26],[-6.23,55.29],[-6.26,55.29],[-6.28,55.29],[-6.28,55.3],[-6.26,55.3],[-6.25,55.31],[-6.24,55.31],[-6.19,55.3],[-6.18,55.3],[-6.17,55.3],[-6.17,55.29]]],[[[-5.1,55.44],[-5.17,55.43],[-5.22,55.43],[-5.23,55.43],[-5.24,55.43],[-5.28,55.45],[-5.29,55.45],[-5.34,55.48],[-5.36,55.5],[-5.4,55.6],[-5.4,55.61],[-5.4,55.62],[-5.4,55.63],[-5.38,55.67],[-5.37,55.68],[-5.33,55.7],[-5.29,55.72],[-5.27,55.72],[-5.25,55.72],[-5.24,55.71],[-5.23,55.71],[-5.2,55.7],[-5.18,55.69],[-5.17,55.68],[-5.16,55.68],[-5.16,55.67],[-5.08,55.56],[-5.08,55.55],[-5.08,55.46],[-5.07,55.46],[-5.08,55.45],[-5.09,55.44],[-5.1,55.44]]],[[[-5.02,55.72],[-5.03,55.72],[-5.04,55.72],[-5.12,55.78],[-5.2,55.87],[-5.2,55.88],[-5.21,55.89],[-5.21,55.9],[-5.18,55.92],[-5.17,55.92],[-5.16,55.91],[-5.08,55.88],[-5.04,55.84],[-5.01,55.78],[-5,55.77],[-5.01,55.73],[-5.02,55.72]]],[[[-6.12,55.88],[-6.1,55.81],[-6.1,55.8],[-6.09,55.79],[-6.09,55.78],[-6.08,55.78],[-6.06,55.77],[-6.05,55.77],[-6.05,55.76],[-6.03,55.72],[-6.03,55.68],[-6.04,55.67],[-6.08,55.65],[-6.23,55.59],[-6.27,55.57],[-6.3,55.58],[-6.32,55.58],[-6.33,55.59],[-6.32,55.62],[-6.29,55.71],[-6.25,55.76],[-6.25,55.77],[-6.26,55.78],[-6.33,55.78],[-6.34,55.78],[-6.35,55.77],[-6.36,55.76],[-6.36,55.75],[-6.37,55.74],[-6.38,55.73],[-6.39,55.72],[-6.41,55.7],[-6.45,55.68],[-6.46,55.67],[-6.47,55.67],[-6.49,55.67],[-6.5,55.67],[-6.5,55.68],[-6.51,55.68],[-6.51,55.69],[-6.5,55.72],[-6.5,55.73],[-6.45,55.85],[-6.44,55.85],[-6.37,55.87],[-6.31,55.86],[-6.19,55.92],[-6.16,55.93],[-6.14,55.93],[-6.13,55.93],[-6.12,55.93],[-6.12,55.92],[-6.12,55.9],[-6.12,55.88]]],[[[-6.19,56.03],[-6.2,56.03],[-6.24,56.03],[-6.26,56.04],[-6.23,56.08],[-6.21,56.1],[-6.2,56.1],[-6.18,56.11],[-6.17,56.12],[-6.14,56.12],[-6.13,56.12],[-6.18,56.04],[-6.19,56.03]]],[[[-5.95,55.83],[-5.97,55.79],[-6.03,55.79],[-6.05,55.8],[-6.06,55.8],[-6.07,55.81],[-6.08,55.82],[-6.08,55.83],[-6.09,55.88],[-6.08,55.89],[-6.08,55.91],[-5.97,56.02],[-5.96,56.03],[-5.91,56.06],[-5.9,56.06],[-5.81,56.11],[-5.75,56.13],[-5.75,56.14],[-5.71,56.15],[-5.69,56.15],[-5.68,56.13],[-5.68,56.12],[-5.69,56.11],[-5.7,56.1],[-5.71,56.1],[-5.72,56.09],[-5.73,56.08],[-5.75,56.06],[-5.85,55.95],[-5.9,55.88],[-5.95,55.83]]],[[[-5.74,56.16],[-5.75,56.16],[-5.74,56.17],[-5.74,56.18],[-5.69,56.19],[-5.69,56.2],[-5.68,56.2],[-5.67,56.19],[-5.67,56.17],[-5.68,56.17],[-5.7,56.16],[-5.71,56.16],[-5.74,56.16]]],[[[-5.63,56.2],[-5.64,56.19],[-5.65,56.19],[-5.66,56.21],[-5.67,56.22],[-5.64,56.26],[-5.61,56.26],[-5.61,56.25],[-5.63,56.2]]],[[[-5.62,56.27],[-5.63,56.27],[-5.64,56.27],[-5.65,56.29],[-5.65,56.3],[-5.64,56.3],[-5.63,56.32],[-5.62,56.32],[-5.61,56.32],[-5.59,56.32],[-5.58,56.32],[-5.58,56.31],[-5.6,56.28],[-5.61,56.27],[-5.62,56.27]]],[[[-6.41,56.3],[-6.42,56.3],[-6.43,56.31],[-6.44,56.31],[-6.42,56.33],[-6.39,56.34],[-6.38,56.34],[-6.39,56.32],[-6.4,56.31],[-6.41,56.3]]],[[[-5.54,56.38],[-5.55,56.38],[-5.58,56.38],[-5.59,56.38],[-5.59,56.39],[-5.57,56.41],[-5.55,56.41],[-5.51,56.41],[-5.54,56.39],[-5.54,56.38]]],[[[-6.17,56.47],[-6.2,56.46],[-6.23,56.47],[-6.24,56.47],[-6.26,56.48],[-6.26,56.49],[-6.24,56.49],[-6.24,56.5],[-6.22,56.5],[-6.21,56.49],[-6.16,56.48],[-6.16,56.47],[-6.17,56.47]]],[[[-6.74,56.52],[-6.76,56.51],[-6.77,56.52],[-6.79,56.52],[-6.8,56.52],[-6.8,56.51],[-6.81,56.51],[-6.88,56.48],[-6.88,56.47],[-6.89,56.44],[-6.92,56.44],[-6.97,56.45],[-6.99,56.49],[-6.99,56.5],[-6.97,56.51],[-6.96,56.51],[-6.76,56.55],[-6.75,56.55],[-6.75,56.54],[-6.73,56.53],[-6.73,56.52],[-6.74,56.52]]],[[[-5.78,56.51],[-5.71,56.48],[-5.65,56.45],[-5.65,56.44],[-5.66,56.4],[-5.7,56.36],[-5.71,56.35],[-5.81,56.32],[-5.84,56.31],[-5.85,56.31],[-5.86,56.31],[-5.87,56.31],[-5.88,56.32],[-5.87,56.33],[-5.86,56.33],[-5.85,56.34],[-5.85,56.35],[-5.86,56.35],[-5.87,56.35],[-5.88,56.35],[-5.89,56.35],[-5.98,56.32],[-6.02,56.3],[-6.26,56.26],[-6.32,56.26],[-6.33,56.27],[-6.34,56.28],[-6.35,56.28],[-6.37,56.31],[-6.36,56.33],[-6.35,56.34],[-6.34,56.34],[-6.3,56.34],[-6.29,56.34],[-6.28,56.34],[-6.28,56.33],[-6.27,56.33],[-6.23,56.32],[-6.07,56.35],[-6.03,56.37],[-6.02,56.37],[-6.02,56.38],[-6.03,56.38],[-6.08,56.37],[-6.11,56.36],[-6.12,56.36],[-6.17,56.36],[-6.18,56.36],[-6.19,56.36],[-6.2,56.37],[-6.2,56.38],[-6.2,56.39],[-6.14,56.43],[-6.08,56.44],[-6.07,56.45],[-6.03,56.46],[-6.02,56.46],[-6.01,56.47],[-6.01,56.48],[-6,56.49],[-6.01,56.5],[-6.02,56.5],[-6.1,56.48],[-6.12,56.47],[-6.13,56.47],[-6.13,56.48],[-6.33,56.54],[-6.34,56.55],[-6.32,56.6],[-6.19,56.64],[-6.14,56.65],[-6.13,56.65],[-6.12,56.65],[-6.07,56.64],[-6.06,56.64],[-6.04,56.62],[-6,56.58],[-5.99,56.58],[-5.97,56.55],[-5.97,56.54],[-5.86,56.52],[-5.8,56.51],[-5.79,56.51],[-5.78,56.51]]],[[[-6.59,56.58],[-6.68,56.56],[-6.69,56.56],[-6.69,56.57],[-6.7,56.58],[-6.61,56.63],[-6.57,56.65],[-6.55,56.67],[-6.51,56.68],[-6.5,56.68],[-6.49,56.69],[-6.47,56.69],[-6.46,56.69],[-6.45,56.69],[-6.45,56.68],[-6.49,56.64],[-6.49,56.63],[-6.5,56.63],[-6.57,56.59],[-6.58,56.58],[-6.59,56.58]]],[[[-6.14,56.87],[-6.16,56.87],[-6.18,56.87],[-6.21,56.89],[-6.21,56.9],[-6.21,56.91],[-6.16,56.94],[-6.15,56.95],[-6.14,56.94],[-6.11,56.93],[-6.11,56.92],[-6.12,56.9],[-6.12,56.88],[-6.14,56.87]]],[[[-6.32,56.93],[-6.33,56.93],[-6.33,56.94],[-6.36,56.95],[-6.45,57],[-6.45,57.01],[-6.42,57.03],[-6.39,57.04],[-6.38,57.05],[-6.35,57.05],[-6.33,57.05],[-6.28,57.04],[-6.27,57.04],[-6.26,57.04],[-6.25,57.03],[-6.25,57.02],[-6.25,57],[-6.25,56.96],[-6.26,56.96],[-6.27,56.95],[-6.28,56.94],[-6.3,56.94],[-6.31,56.93],[-6.32,56.93]]],[[[-7.47,56.94],[-7.51,56.94],[-7.53,56.94],[-7.55,56.95],[-7.56,56.95],[-7.56,56.96],[-7.55,56.97],[-7.45,57.06],[-7.44,57.05],[-7.42,57.04],[-7.38,56.98],[-7.43,56.95],[-7.44,56.94],[-7.47,56.94]]],[[[-6.5,57.05],[-6.58,57.04],[-6.6,57.05],[-6.59,57.05],[-6.56,57.07],[-6.55,57.07],[-6.54,57.07],[-6.5,57.06],[-6.49,57.06],[-6.5,57.05]]],[[[-5.94,57.28],[-5.95,57.28],[-5.97,57.28],[-5.98,57.28],[-6,57.29],[-6.01,57.3],[-6.02,57.3],[-6.02,57.31],[-6.01,57.31],[-6.01,57.32],[-5.99,57.32],[-5.96,57.32],[-5.95,57.32],[-5.93,57.31],[-5.92,57.3],[-5.92,57.29],[-5.92,57.28],[-5.93,57.28],[-5.94,57.28]]],[[[-7.22,57.34],[-7.23,57.33],[-7.25,57.33],[-7.26,57.33],[-7.29,57.34],[-7.29,57.32],[-7.26,57.15],[-7.21,57.11],[-7.23,57.1],[-7.23,57.09],[-7.27,57.1],[-7.29,57.11],[-7.3,57.11],[-7.33,57.1],[-7.36,57.1],[-7.38,57.11],[-7.39,57.12],[-7.39,57.13],[-7.4,57.13],[-7.42,57.18],[-7.42,57.19],[-7.42,57.22],[-7.42,57.38],[-7.41,57.39],[-7.37,57.4],[-7.34,57.4],[-7.29,57.38],[-7.27,57.38],[-7.27,57.37],[-7.22,57.34]]],[[[-7.27,57.4],[-7.28,57.4],[-7.31,57.4],[-7.32,57.4],[-7.38,57.42],[-7.39,57.42],[-7.41,57.44],[-7.41,57.45],[-7.41,57.46],[-7.4,57.47],[-7.36,57.49],[-7.35,57.49],[-7.3,57.48],[-7.28,57.48],[-7.24,57.48],[-7.21,57.46],[-7.2,57.46],[-7.2,57.42],[-7.2,57.41],[-7.24,57.4],[-7.25,57.4],[-7.27,57.4]]],[[[-6.03,57.33],[-6.05,57.32],[-6.06,57.33],[-6.07,57.33],[-6.08,57.35],[-6.08,57.39],[-6.07,57.43],[-6.07,57.45],[-6.06,57.45],[-6.03,57.49],[-6,57.51],[-5.98,57.5],[-5.98,57.49],[-5.99,57.35],[-5.99,57.34],[-6,57.34],[-6.01,57.34],[-6.03,57.33]]],[[[-5.97,57.52],[-5.98,57.52],[-5.99,57.52],[-5.99,57.53],[-5.99,57.54],[-5.98,57.56],[-5.97,57.57],[-5.96,57.58],[-5.96,57.57],[-5.95,57.57],[-5.97,57.52]]],[[[-6.14,57.57],[-6.14,57.48],[-6.15,57.42],[-6.15,57.4],[-6.13,57.31],[-5.9,57.24],[-5.89,57.24],[-5.88,57.24],[-5.83,57.25],[-5.77,57.27],[-5.75,57.28],[-5.74,57.28],[-5.65,57.26],[-5.66,57.21],[-5.66,57.2],[-5.67,57.2],[-5.8,57.12],[-5.82,57.11],[-5.83,57.11],[-5.85,57.1],[-5.86,57.09],[-5.89,57.06],[-5.93,57.04],[-5.94,57.04],[-5.98,57.03],[-6,57.02],[-6.01,57.02],[-6.02,57.02],[-6.03,57.05],[-6.04,57.05],[-6.03,57.06],[-5.99,57.11],[-5.97,57.13],[-6.03,57.18],[-6.07,57.13],[-6.08,57.12],[-6.09,57.13],[-6.1,57.13],[-6.18,57.17],[-6.31,57.16],[-6.32,57.16],[-6.45,57.26],[-6.45,57.27],[-6.48,57.3],[-6.48,57.31],[-6.43,57.33],[-6.42,57.34],[-6.41,57.34],[-6.4,57.33],[-6.37,57.31],[-6.35,57.3],[-6.33,57.3],[-6.31,57.3],[-6.53,57.41],[-6.57,57.38],[-6.56,57.35],[-6.57,57.34],[-6.58,57.33],[-6.63,57.34],[-6.69,57.36],[-6.7,57.36],[-6.71,57.37],[-6.72,57.38],[-6.72,57.39],[-6.72,57.4],[-6.77,57.43],[-6.78,57.43],[-6.79,57.45],[-6.75,57.49],[-6.64,57.61],[-6.62,57.61],[-6.62,57.6],[-6.61,57.6],[-6.59,57.59],[-6.58,57.58],[-6.57,57.58],[-6.57,57.57],[-6.56,57.56],[-6.56,57.55],[-6.46,57.51],[-6.43,57.51],[-6.38,57.52],[-6.4,57.6],[-6.42,57.63],[-6.42,57.64],[-6.41,57.65],[-6.35,57.69],[-6.3,57.69],[-6.28,57.67],[-6.18,57.61],[-6.17,57.61],[-6.16,57.6],[-6.16,57.59],[-6.15,57.58],[-6.14,57.57]]],[[[-7.19,57.69],[-7.08,57.64],[-7.07,57.64],[-7.07,57.63],[-7.15,57.52],[-7.15,57.51],[-7.17,57.51],[-7.23,57.5],[-7.32,57.5],[-7.32,57.51],[-7.33,57.51],[-7.33,57.53],[-7.33,57.54],[-7.35,57.55],[-7.41,57.57],[-7.46,57.56],[-7.47,57.56],[-7.48,57.56],[-7.49,57.57],[-7.54,57.59],[-7.54,57.6],[-7.49,57.65],[-7.48,57.65],[-7.47,57.66],[-7.43,57.65],[-7.28,57.66],[-7.27,57.66],[-7.25,57.68],[-7.2,57.69],[-7.19,57.69]]],[[[-7.2,57.7],[-7.22,57.7],[-7.22,57.71],[-7.21,57.71],[-7.2,57.73],[-7.19,57.73],[-7.17,57.73],[-7.16,57.73],[-7.14,57.72],[-7.15,57.72],[-7.16,57.72],[-7.2,57.7]]],[[[-8.55,57.81],[-8.58,57.8],[-8.61,57.8],[-8.61,57.81],[-8.62,57.82],[-8.62,57.83],[-8.58,57.82],[-8.57,57.82],[-8.55,57.82],[-8.55,57.81]]],[[[-7.01,57.88],[-7.07,57.88],[-7.08,57.88],[-7.08,57.89],[-7.07,57.9],[-7.03,57.92],[-7.01,57.92],[-7,57.92],[-6.99,57.92],[-6.99,57.91],[-7,57.89],[-7.01,57.88]]],[[[-6.8,58.2],[-6.84,58.2],[-6.87,58.2],[-6.87,58.21],[-6.89,58.24],[-6.89,58.25],[-6.88,58.25],[-6.86,58.25],[-6.85,58.25],[-6.81,58.23],[-6.79,58.22],[-6.79,58.21],[-6.79,58.2],[-6.8,58.2]]],[[[-6.2,58.36],[-6.23,58.32],[-6.28,58.29],[-6.32,58.26],[-6.33,58.24],[-6.33,58.23],[-6.32,58.23],[-6.29,58.22],[-6.28,58.22],[-6.27,58.22],[-6.26,58.23],[-6.22,58.23],[-6.21,58.24],[-6.17,58.26],[-6.16,58.26],[-6.15,58.26],[-6.15,58.25],[-6.16,58.22],[-6.16,58.21],[-6.17,58.21],[-6.22,58.18],[-6.26,58.18],[-6.33,58.18],[-6.37,58.16],[-6.38,58.14],[-6.38,58.13],[-6.5,58.1],[-6.55,58.09],[-6.6,58.09],[-6.62,58.08],[-6.59,58.08],[-6.5,58.09],[-6.42,58.1],[-6.41,58.11],[-6.4,58.11],[-6.4,58.1],[-6.39,58.1],[-6.35,58.03],[-6.36,58.03],[-6.39,58.01],[-6.46,57.97],[-6.47,57.95],[-6.47,57.94],[-6.54,57.92],[-6.54,57.91],[-6.57,57.91],[-6.58,57.91],[-6.62,57.91],[-6.63,57.91],[-6.65,57.92],[-6.66,57.92],[-6.67,57.93],[-6.69,57.96],[-6.7,57.97],[-6.71,57.99],[-6.71,58],[-6.71,58.01],[-6.7,58.02],[-6.69,58.02],[-6.66,58.04],[-6.66,58.05],[-6.65,58.05],[-6.63,58.05],[-6.62,58.05],[-6.6,58.05],[-6.59,58.05],[-6.6,58.05],[-6.61,58.05],[-6.67,58.06],[-6.68,58.06],[-6.69,58.05],[-6.76,58],[-6.73,57.95],[-6.72,57.95],[-6.71,57.95],[-6.7,57.94],[-6.68,57.93],[-6.67,57.9],[-6.66,57.88],[-6.74,57.83],[-6.96,57.73],[-6.97,57.73],[-6.98,57.73],[-7.12,57.81],[-7.12,57.82],[-7.13,57.83],[-7.13,57.84],[-7.12,57.84],[-7.1,57.84],[-7.09,57.83],[-7.08,57.83],[-7.07,57.82],[-7.03,57.83],[-6.83,57.9],[-6.88,57.93],[-6.93,57.95],[-6.95,57.95],[-6.99,57.96],[-7.02,57.95],[-7.03,57.95],[-7.04,57.95],[-7.08,57.96],[-7.11,57.98],[-7.11,57.99],[-7.08,58.01],[-7.06,58.02],[-7.06,58.04],[-7.09,58.07],[-7.13,58.12],[-7.13,58.13],[-7.09,58.18],[-7.06,58.22],[-7.04,58.23],[-7.03,58.24],[-7.01,58.23],[-7,58.23],[-6.92,58.22],[-6.91,58.21],[-6.92,58.2],[-6.94,58.19],[-6.87,58.11],[-6.86,58.1],[-6.86,58.11],[-6.87,58.18],[-6.8,58.2],[-6.75,58.19],[-6.75,58.2],[-6.79,58.23],[-6.81,58.26],[-6.82,58.28],[-6.8,58.3],[-6.67,58.35],[-6.66,58.35],[-6.65,58.35],[-6.65,58.34],[-6.56,58.36],[-6.55,58.36],[-6.36,58.46],[-6.31,58.48],[-6.29,58.49],[-6.28,58.51],[-6.27,58.51],[-6.26,58.51],[-6.25,58.51],[-6.24,58.51],[-6.24,58.5],[-6.22,58.5],[-6.17,58.42],[-6.2,58.36]]],[[[-4.15,53.23],[-4.14,53.23],[-4.13,53.23],[-4.11,53.23],[-4.07,53.23],[-4.02,53.24],[-4,53.24],[-3.85,53.28],[-3.73,53.29],[-3.69,53.29],[-3.61,53.28],[-3.59,53.28],[-3.46,53.32],[-3.39,53.34],[-3.36,53.35],[-3.34,53.35],[-3.32,53.35],[-3.31,53.35],[-3.21,53.3],[-3.13,53.26],[-3.12,53.25],[-3.1,53.25],[-3.09,53.26],[-3.08,53.26],[-3.08,53.27],[-3.13,53.33],[-3.15,53.35],[-3.16,53.36],[-3.17,53.36],[-3.18,53.36],[-3.19,53.37],[-3.19,53.38],[-3.19,53.39],[-3.18,53.4],[-3.17,53.4],[-3.08,53.41],[-3.07,53.41],[-3.06,53.41],[-3.05,53.41],[-3.04,53.41],[-3.04,53.4],[-3.03,53.39],[-3.03,53.38],[-2.99,53.37],[-2.94,53.31],[-2.93,53.3],[-2.9,53.29],[-2.88,53.28],[-2.86,53.28],[-2.78,53.29],[-2.75,53.3],[-2.75,53.31],[-2.7,53.35],[-2.71,53.35],[-2.72,53.35],[-2.77,53.34],[-2.78,53.33],[-2.85,53.32],[-2.86,53.32],[-2.87,53.32],[-2.88,53.33],[-2.95,53.36],[-2.96,53.37],[-3.01,53.42],[-3.11,53.55],[-3.11,53.56],[-3.1,53.56],[-3.09,53.58],[-3.07,53.6],[-2.98,53.69],[-2.97,53.7],[-2.94,53.71],[-2.9,53.72],[-2.9,53.73],[-2.91,53.73],[-2.92,53.73],[-2.94,53.73],[-2.97,53.73],[-2.99,53.73],[-3.01,53.73],[-3.02,53.74],[-3.03,53.75],[-3.04,53.75],[-3.05,53.77],[-3.06,53.78],[-3.06,53.79],[-3.06,53.8],[-3.05,53.91],[-3.05,53.92],[-3.04,53.92],[-3.02,53.93],[-2.93,53.95],[-2.9,54],[-2.83,54.09],[-2.82,54.14],[-2.81,54.22],[-2.93,54.16],[-2.94,54.15],[-3.15,54.08],[-3.21,54.1],[-3.23,54.1],[-3.38,54.24],[-3.41,54.28],[-3.41,54.29],[-3.43,54.35],[-3.47,54.38],[-3.49,54.4],[-3.52,54.43],[-3.56,54.45],[-3.61,54.49],[-3.63,54.51],[-3.63,54.52],[-3.57,54.64],[-3.43,54.82],[-3.39,54.88],[-3.38,54.88],[-3.29,54.94],[-3.27,54.94],[-3.21,54.95],[-3.19,54.95],[-3.18,54.94],[-3.14,54.93],[-3.13,54.93],[-3.1,54.93],[-3.03,54.95],[-3.02,54.95],[-3.02,54.97],[-3.03,54.98],[-3.04,54.98],[-3.05,54.98],[-3.06,54.98],[-3.07,54.97],[-3.14,54.97],[-3.15,54.97],[-3.36,54.97],[-3.38,54.97],[-3.39,54.97],[-3.44,54.99],[-3.57,54.99],[-3.58,54.97],[-3.62,54.88],[-3.63,54.88],[-3.69,54.88],[-3.7,54.88],[-3.81,54.85],[-3.87,54.8],[-3.95,54.77],[-3.96,54.77],[-3.98,54.77],[-4.1,54.77],[-4.14,54.77],[-4.35,54.86],[-4.38,54.88],[-4.38,54.89],[-4.38,54.9],[-4.38,54.91],[-4.39,54.91],[-4.4,54.91],[-4.42,54.88],[-4.43,54.88],[-4.43,54.87],[-4.43,54.86],[-4.41,54.83],[-4.36,54.77],[-4.35,54.71],[-4.34,54.71],[-4.35,54.7],[-4.36,54.69],[-4.37,54.68],[-4.38,54.68],[-4.39,54.68],[-4.4,54.68],[-4.5,54.7],[-4.51,54.7],[-4.56,54.74],[-4.56,54.75],[-4.6,54.78],[-4.68,54.8],[-4.74,54.82],[-4.8,54.85],[-4.8,54.86],[-4.81,54.86],[-4.83,54.86],[-4.85,54.87],[-4.89,54.85],[-4.92,54.84],[-4.93,54.84],[-4.94,54.83],[-4.96,54.8],[-4.96,54.79],[-4.95,54.77],[-4.91,54.72],[-4.9,54.7],[-4.89,54.7],[-4.88,54.7],[-4.88,54.69],[-4.87,54.69],[-4.87,54.68],[-4.86,54.63],[-4.92,54.64],[-4.93,54.64],[-4.94,54.65],[-4.95,54.65],[-4.95,54.66],[-4.96,54.67],[-4.96,54.68],[-4.96,54.69],[-4.95,54.69],[-4.95,54.7],[-4.96,54.72],[-4.96,54.73],[-5,54.76],[-5.04,54.78],[-5.08,54.81],[-5.1,54.82],[-5.11,54.83],[-5.12,54.83],[-5.13,54.84],[-5.14,54.86],[-5.17,54.89],[-5.18,54.9],[-5.18,54.91],[-5.18,54.92],[-5.19,54.94],[-5.18,54.99],[-5.17,55],[-5.16,55.01],[-5.15,55.01],[-5.11,55.02],[-5.05,55.05],[-5.01,55.13],[-5,55.14],[-4.97,55.16],[-4.93,55.18],[-4.87,55.22],[-4.86,55.23],[-4.85,55.27],[-4.84,55.31],[-4.84,55.32],[-4.75,55.41],[-4.73,55.42],[-4.71,55.42],[-4.68,55.43],[-4.66,55.44],[-4.65,55.44],[-4.64,55.44],[-4.61,55.49],[-4.62,55.51],[-4.62,55.52],[-4.66,55.56],[-4.69,55.6],[-4.7,55.6],[-4.7,55.61],[-4.71,55.61],[-4.73,55.62],[-4.77,55.63],[-4.81,55.65],[-4.86,55.67],[-4.88,55.68],[-4.9,55.69],[-4.92,55.7],[-4.88,55.93],[-4.88,55.94],[-4.82,55.95],[-4.8,55.95],[-4.79,55.95],[-4.78,55.95],[-4.75,55.95],[-4.71,55.93],[-4.57,55.92],[-4.52,55.92],[-4.48,55.92],[-4.49,55.93],[-4.5,55.93],[-4.63,55.95],[-4.78,55.98],[-4.81,55.98],[-4.86,55.99],[-4.87,56.03],[-4.86,56.07],[-4.85,56.09],[-4.83,56.11],[-4.87,56.11],[-4.88,56.07],[-4.9,55.98],[-4.91,55.96],[-4.93,55.93],[-4.96,55.88],[-4.98,55.87],[-4.99,55.87],[-4.99,55.86],[-5.01,55.87],[-5.03,55.87],[-5.11,55.9],[-5.17,55.93],[-5.21,55.92],[-5.22,55.9],[-5.23,55.87],[-5.21,55.84],[-5.2,55.83],[-5.21,55.83],[-5.29,55.85],[-5.3,55.85],[-5.31,55.85],[-5.34,55.9],[-5.34,55.91],[-5.34,55.93],[-5.31,56],[-5.31,56.01],[-5.28,56.03],[-5.27,56.04],[-5.2,56.12],[-5.07,56.19],[-4.97,56.23],[-4.95,56.25],[-4.92,56.27],[-4.93,56.27],[-5.03,56.23],[-5.21,56.14],[-5.24,56.12],[-5.26,56.11],[-5.29,56.08],[-5.31,56.07],[-5.32,56.05],[-5.34,56.03],[-5.36,56.02],[-5.39,56],[-5.4,56],[-5.42,56],[-5.43,56.01],[-5.42,55.91],[-5.38,55.75],[-5.4,55.74],[-5.44,55.71],[-5.45,55.7],[-5.45,55.69],[-5.46,55.68],[-5.47,55.67],[-5.49,55.64],[-5.55,55.41],[-5.54,55.4],[-5.53,55.4],[-5.52,55.37],[-5.51,55.36],[-5.52,55.35],[-5.54,55.34],[-5.57,55.32],[-5.6,55.31],[-5.74,55.29],[-5.75,55.29],[-5.77,55.29],[-5.78,55.3],[-5.79,55.3],[-5.79,55.31],[-5.79,55.36],[-5.8,55.37],[-5.79,55.39],[-5.79,55.4],[-5.76,55.42],[-5.73,55.43],[-5.72,55.44],[-5.72,55.45],[-5.72,55.52],[-5.7,55.59],[-5.67,55.66],[-5.61,55.76],[-5.65,55.78],[-5.67,55.8],[-5.67,55.81],[-5.68,55.89],[-5.68,55.9],[-5.68,55.91],[-5.67,55.91],[-5.66,55.92],[-5.63,55.97],[-5.58,56.01],[-5.58,56.02],[-5.57,56.04],[-5.58,56.04],[-5.6,56.03],[-5.63,56.02],[-5.66,55.98],[-5.67,55.97],[-5.68,55.97],[-5.68,55.98],[-5.68,55.99],[-5.68,56],[-5.64,56.04],[-5.63,56.05],[-5.6,56.08],[-5.56,56.11],[-5.52,56.16],[-5.52,56.17],[-5.51,56.18],[-5.51,56.19],[-5.52,56.19],[-5.53,56.18],[-5.56,56.17],[-5.57,56.16],[-5.6,56.16],[-5.6,56.25],[-5.6,56.26],[-5.57,56.33],[-5.53,56.37],[-5.53,56.38],[-5.52,56.39],[-5.44,56.42],[-5.43,56.43],[-5.42,56.43],[-5.33,56.44],[-5.32,56.44],[-5.31,56.43],[-5.24,56.44],[-5.22,56.44],[-5.21,56.44],[-5.2,56.44],[-5.19,56.45],[-5.14,56.48],[-5.12,56.5],[-5.11,56.51],[-5.07,56.56],[-5.08,56.56],[-5.09,56.55],[-5.1,56.55],[-5.1,56.53],[-5.12,56.51],[-5.19,56.46],[-5.2,56.45],[-5.21,56.45],[-5.23,56.45],[-5.24,56.45],[-5.37,56.47],[-5.4,56.48],[-5.38,56.52],[-5.36,56.52],[-5.34,56.52],[-5.33,56.52],[-5.25,56.55],[-5.25,56.56],[-5.31,56.56],[-5.32,56.56],[-5.32,56.55],[-5.33,56.55],[-5.34,56.55],[-5.35,56.55],[-5.36,56.55],[-5.38,56.56],[-5.37,56.56],[-5.38,56.58],[-5.32,56.66],[-5.24,56.71],[-5.18,56.76],[-5.13,56.79],[-5.13,56.8],[-5.12,56.81],[-5.12,56.82],[-5.15,56.8],[-5.19,56.78],[-5.23,56.74],[-5.36,56.66],[-5.56,56.54],[-5.59,56.52],[-5.6,56.52],[-5.68,56.49],[-5.69,56.51],[-5.7,56.51],[-5.79,56.54],[-5.83,56.54],[-5.88,56.55],[-5.9,56.56],[-5.93,56.57],[-5.94,56.58],[-6,56.61],[-6.01,56.62],[-6.01,56.63],[-6.01,56.64],[-6,56.64],[-5.99,56.65],[-5.97,56.65],[-5.88,56.66],[-5.7,56.68],[-5.65,56.68],[-5.61,56.68],[-5.56,56.69],[-5.54,56.69],[-5.55,56.69],[-5.74,56.71],[-5.76,56.71],[-5.77,56.71],[-5.78,56.71],[-5.79,56.7],[-5.83,56.69],[-5.84,56.68],[-5.85,56.68],[-5.92,56.67],[-6.19,56.68],[-6.21,56.68],[-6.22,56.69],[-6.23,56.7],[-6.24,56.71],[-6.24,56.72],[-6.23,56.72],[-6.19,56.75],[-6.14,56.76],[-5.97,56.78],[-5.95,56.78],[-5.94,56.78],[-5.91,56.76],[-5.87,56.74],[-5.85,56.74],[-5.85,56.75],[-5.8,56.79],[-5.81,56.79],[-5.84,56.8],[-5.85,56.81],[-5.86,56.81],[-5.86,56.82],[-5.86,56.83],[-5.85,56.83],[-5.79,56.84],[-5.75,56.84],[-5.73,56.84],[-5.72,56.84],[-5.67,56.87],[-5.66,56.87],[-5.67,56.88],[-5.74,56.89],[-5.75,56.89],[-5.77,56.89],[-5.82,56.89],[-5.87,56.88],[-5.88,56.88],[-5.89,56.88],[-5.92,56.89],[-5.83,57],[-5.82,57.01],[-5.81,57.01],[-5.79,57.01],[-5.76,57.01],[-5.75,57.01],[-5.74,57.01],[-5.73,57.01],[-5.73,57],[-5.72,57],[-5.7,56.99],[-5.67,56.98],[-5.66,56.98],[-5.65,56.97],[-5.64,56.97],[-5.63,56.97],[-5.58,56.98],[-5.57,56.98],[-5.54,56.99],[-5.52,56.99],[-5.52,57],[-5.53,57],[-5.55,56.99],[-5.56,56.99],[-5.57,56.99],[-5.62,56.98],[-5.63,56.98],[-5.65,56.99],[-5.77,57.05],[-5.78,57.05],[-5.79,57.05],[-5.79,57.06],[-5.79,57.07],[-5.78,57.08],[-5.77,57.08],[-5.72,57.11],[-5.69,57.11],[-5.65,57.12],[-5.62,57.11],[-5.61,57.1],[-5.58,57.1],[-5.56,57.09],[-5.54,57.09],[-5.53,57.09],[-5.52,57.09],[-5.4,57.11],[-5.41,57.11],[-5.42,57.12],[-5.44,57.12],[-5.46,57.12],[-5.48,57.11],[-5.55,57.12],[-5.64,57.16],[-5.65,57.16],[-5.65,57.23],[-5.61,57.24],[-5.56,57.26],[-5.55,57.26],[-5.54,57.25],[-5.5,57.24],[-5.48,57.23],[-5.47,57.23],[-5.45,57.22],[-5.43,57.22],[-5.42,57.22],[-5.41,57.23],[-5.4,57.23],[-5.51,57.28],[-5.57,57.28],[-5.6,57.33],[-5.58,57.33],[-5.57,57.33],[-5.52,57.36],[-5.49,57.37],[-5.46,57.39],[-5.45,57.4],[-5.45,57.41],[-5.45,57.42],[-5.46,57.42],[-5.5,57.4],[-5.63,57.37],[-5.75,57.34],[-5.77,57.34],[-5.78,57.34],[-5.79,57.34],[-5.82,57.36],[-5.86,57.45],[-5.87,57.47],[-5.87,57.48],[-5.87,57.49],[-5.87,57.5],[-5.85,57.55],[-5.84,57.57],[-5.82,57.58],[-5.81,57.58],[-5.78,57.57],[-5.75,57.55],[-5.75,57.54],[-5.66,57.51],[-5.65,57.51],[-5.64,57.51],[-5.62,57.52],[-5.53,57.53],[-5.51,57.53],[-5.52,57.55],[-5.54,57.55],[-5.64,57.55],[-5.65,57.55],[-5.66,57.55],[-5.67,57.55],[-5.7,57.56],[-5.81,57.64],[-5.82,57.82],[-5.8,57.85],[-5.77,57.87],[-5.75,57.87],[-5.72,57.87],[-5.7,57.85],[-5.69,57.85],[-5.68,57.85],[-5.68,57.84],[-5.66,57.79],[-5.64,57.77],[-5.62,57.77],[-5.61,57.77],[-5.6,57.77],[-5.58,57.82],[-5.58,57.83],[-5.6,57.84],[-5.6,57.85],[-5.63,57.85],[-5.63,57.86],[-5.64,57.88],[-5.64,57.89],[-5.64,57.9],[-5.64,57.91],[-5.63,57.91],[-5.61,57.92],[-5.46,57.86],[-5.43,57.9],[-5.42,57.9],[-5.34,57.92],[-5.22,57.9],[-5.13,57.87],[-5.11,57.86],[-5.1,57.85],[-5.1,57.87],[-5.19,57.95],[-5.2,57.95],[-5.26,57.97],[-5.4,58.03],[-5.42,58.04],[-5.45,58.07],[-5.46,58.08],[-5.45,58.08],[-5.45,58.09],[-5.44,58.09],[-5.44,58.1],[-5.43,58.1],[-5.42,58.1],[-5.41,58.09],[-5.38,58.08],[-5.37,58.08],[-5.32,58.06],[-5.31,58.06],[-5.3,58.07],[-5.29,58.07],[-5.28,58.08],[-5.27,58.12],[-5.27,58.15],[-5.29,58.15],[-5.3,58.15],[-5.4,58.24],[-5.4,58.25],[-5.4,58.26],[-5.39,58.26],[-5.37,58.26],[-5.2,58.25],[-5.07,58.27],[-5.08,58.27],[-5.13,58.29],[-5.17,58.33],[-5.17,58.35],[-5.17,58.37],[-5.11,58.51],[-5,58.62],[-5,58.63],[-4.77,58.6],[-4.7,58.56],[-4.68,58.52],[-4.7,58.51],[-4.72,58.49],[-4.76,58.45],[-4.76,58.44],[-4.74,58.45],[-4.67,58.49],[-4.6,58.52],[-4.6,58.53],[-4.6,58.55],[-4.6,58.56],[-4.59,58.56],[-4.59,58.57],[-4.58,58.57],[-4.57,58.58],[-4.56,58.58],[-4.51,58.57],[-4.48,58.56],[-4.44,58.55],[-4.43,58.55],[-4.43,58.54],[-4.28,58.53],[-4.08,58.55],[-3.9,58.56],[-3.85,58.56],[-3.79,58.57],[-3.78,58.57],[-3.73,58.59],[-3.71,58.6],[-3.66,58.62],[-3.58,58.62],[-3.55,58.61],[-3.37,58.6],[-3.37,58.59],[-3.36,58.6],[-3.35,58.61],[-3.35,58.62],[-3.37,58.63],[-3.35,58.66],[-3.18,58.65],[-3.03,58.65],[-3.02,58.65],[-3.02,58.64],[-3.01,58.63],[-3.06,58.45],[-3.11,58.38],[-3.12,58.37],[-3.2,58.31],[-3.21,58.3],[-3.34,58.28],[-3.35,58.28],[-3.36,58.28],[-3.36,58.27],[-3.38,58.27],[-3.42,58.24],[-3.44,58.23],[-3.45,58.22],[-3.46,58.21],[-3.46,58.2],[-3.48,58.18],[-3.51,58.16],[-3.52,58.16],[-3.57,58.14],[-3.68,58.09],[-3.85,58.02],[-4,57.95],[-4.01,57.93],[-3.99,57.91],[-3.99,57.9],[-4.01,57.87],[-4.11,57.85],[-4.12,57.85],[-4.24,57.87],[-4.36,57.9],[-4.37,57.9],[-4.38,57.9],[-4.39,57.91],[-4.39,57.9],[-4.35,57.86],[-4.3,57.85],[-4.28,57.84],[-4.15,57.83],[-4.04,57.81],[-3.93,57.81],[-3.88,57.81],[-3.85,57.82],[-3.84,57.83],[-3.83,57.83],[-3.83,57.84],[-3.82,57.85],[-3.81,57.86],[-3.8,57.86],[-3.79,57.86],[-3.77,57.86],[-3.77,57.85],[-3.78,57.84],[-3.82,57.81],[-3.82,57.8],[-3.87,57.77],[-3.94,57.72],[-3.95,57.71],[-3.97,57.7],[-3.98,57.7],[-3.99,57.7],[-4,57.69],[-4.01,57.7],[-4.02,57.7],[-4.02,57.71],[-4.02,57.72],[-4.02,57.73],[-4.03,57.73],[-4.08,57.73],[-4.1,57.72],[-4.3,57.67],[-4.42,57.6],[-4.44,57.58],[-4.43,57.57],[-4.42,57.57],[-4.38,57.59],[-4.34,57.61],[-4.33,57.62],[-4.31,57.63],[-4.26,57.66],[-4.25,57.66],[-4.23,57.66],[-4.19,57.67],[-4.08,57.66],[-4.05,57.64],[-4.11,57.6],[-4.18,57.56],[-4.21,57.54],[-4.23,57.52],[-4.24,57.5],[-4.24,57.49],[-4.22,57.49],[-4.21,57.49],[-4.2,57.49],[-4.18,57.49],[-4.16,57.5],[-4.04,57.55],[-4.04,57.56],[-3.75,57.63],[-3.64,57.64],[-3.64,57.63],[-3.62,57.63],[-3.6,57.64],[-3.59,57.64],[-3.52,57.66],[-3.51,57.67],[-3.5,57.68],[-3.49,57.69],[-3.5,57.69],[-3.5,57.7],[-3.49,57.71],[-3.34,57.72],[-3.29,57.73],[-3.28,57.72],[-3.26,57.7],[-3.25,57.7],[-3.22,57.69],[-3.12,57.67],[-3.08,57.67],[-3.04,57.66],[-3.02,57.66],[-2.99,57.67],[-2.97,57.68],[-2.94,57.69],[-2.92,57.7],[-2.9,57.71],[-2.85,57.71],[-2.79,57.7],[-2.78,57.7],[-2.65,57.69],[-2.57,57.68],[-2.51,57.67],[-2.44,57.67],[-2.4,57.67],[-2.39,57.67],[-2.19,57.67],[-2.17,57.67],[-2.14,57.69],[-2.13,57.7],[-2.12,57.7],[-2.08,57.7],[-2.02,57.69],[-1.93,57.68],[-1.92,57.67],[-1.86,57.62],[-1.82,57.58],[-1.78,57.51],[-1.77,57.49],[-1.77,57.46],[-1.86,57.4],[-1.96,57.33],[-1.97,57.32],[-1.98,57.31],[-2.05,57.22],[-2.06,57.2],[-2.07,57.19],[-2.08,57.15],[-2.07,57.14],[-2.07,57.13],[-2.09,57.07],[-2.17,57],[-2.19,56.98],[-2.2,56.96],[-2.2,56.95],[-2.2,56.94],[-2.19,56.93],[-2.19,56.92],[-2.19,56.9],[-2.22,56.87],[-2.32,56.8],[-2.32,56.79],[-2.35,56.78],[-2.39,56.77],[-2.42,56.76],[-2.48,56.72],[-2.46,56.7],[-2.45,56.7],[-2.45,56.69],[-2.49,56.61],[-2.53,56.58],[-2.54,56.57],[-2.55,56.56],[-2.64,56.52],[-2.72,56.49],[-2.9,56.46],[-2.96,56.46],[-3.04,56.45],[-3.05,56.45],[-3.07,56.45],[-3.08,56.45],[-3.28,56.36],[-3.27,56.35],[-3.25,56.35],[-3.19,56.36],[-3,56.41],[-2.93,56.44],[-2.92,56.45],[-2.91,56.45],[-2.9,56.45],[-2.88,56.45],[-2.87,56.45],[-2.81,56.44],[-2.8,56.43],[-2.8,56.42],[-2.8,56.41],[-2.81,56.4],[-2.81,56.37],[-2.81,56.36],[-2.8,56.35],[-2.8,56.34],[-2.77,56.33],[-2.73,56.33],[-2.72,56.32],[-2.7,56.33],[-2.67,56.32],[-2.64,56.32],[-2.64,56.31],[-2.63,56.31],[-2.59,56.28],[-2.58,56.28],[-2.58,56.27],[-2.59,56.27],[-2.67,56.22],[-2.68,56.22],[-2.68,56.21],[-2.79,56.19],[-2.82,56.18],[-2.83,56.18],[-2.85,56.19],[-2.86,56.19],[-2.88,56.2],[-2.89,56.2],[-2.92,56.2],[-2.93,56.2],[-2.96,56.2],[-2.98,56.2],[-3.14,56.11],[-3.15,56.09],[-3.34,56.02],[-3.35,56.02],[-3.39,56.01],[-3.4,56.01],[-3.41,56.01],[-3.44,56.02],[-3.5,56.03],[-3.57,56.05],[-3.58,56.05],[-3.72,56.06],[-3.74,56.06],[-3.73,56.03],[-3.72,56.03],[-3.67,56.01],[-3.66,56.01],[-3.65,56.01],[-3.46,55.99],[-3.25,55.97],[-3.09,55.95],[-3.07,55.94],[-3.05,55.94],[-3.02,55.95],[-2.94,55.97],[-2.92,55.97],[-2.91,55.98],[-2.9,55.99],[-2.87,56.02],[-2.87,56.03],[-2.83,56.05],[-2.82,56.06],[-2.79,56.06],[-2.78,56.06],[-2.66,56.06],[-2.63,56.05],[-2.6,56.04],[-2.5,56],[-2.38,55.96],[-2.26,55.92],[-2.13,55.89],[-2.08,55.87],[-2.07,55.85],[-2.06,55.84],[-2.02,55.81],[-2.01,55.8],[-2,55.78],[-1.98,55.76],[-1.97,55.75],[-1.85,55.66],[-1.82,55.63],[-1.81,55.63],[-1.8,55.63],[-1.79,55.64],[-1.75,55.63],[-1.69,55.61],[-1.64,55.58],[-1.63,55.58],[-1.58,55.49],[-1.58,55.48],[-1.57,55.42],[-1.58,55.41],[-1.58,55.4],[-1.59,55.39],[-1.6,55.39],[-1.6,55.38],[-1.57,55.29],[-1.52,55.16],[-1.51,55.15],[-1.49,55.09],[-1.48,55.08],[-1.41,55],[-1.38,54.98],[-1.36,54.93],[-1.35,54.87],[-1.3,54.77],[-1.3,54.76],[-1.17,54.65],[-1.06,54.62],[-1.04,54.61],[-0.88,54.57],[-0.56,54.48],[-0.52,54.45],[-0.46,54.38],[-0.44,54.35],[-0.42,54.33],[-0.39,54.27],[-0.38,54.26],[-0.26,54.17],[-0.2,54.15],[-0.15,54.14],[-0.12,54.13],[-0.08,54.12],[-0.07,54.11],[-0.08,54.11],[-0.11,54.1],[-0.14,54.1],[-0.14,54.09],[-0.16,54.09],[-0.17,54.08],[-0.2,54.05],[-0.21,54.05],[-0.21,54.04],[-0.22,54.03],[-0.22,54.02],[-0.21,54.02],[-0.21,54.01],[-0.17,53.92],[-0.17,53.91],[-0.13,53.86],[-0.11,53.85],[-0.1,53.84],[-0.05,53.8],[-0.01,53.77],[0.06,53.7],[0.13,53.65],[0.14,53.63],[0.15,53.62],[0.15,53.6],[0.15,53.59],[0.14,53.58],[0.12,53.56],[0.11,53.56],[0.11,53.57],[0.12,53.57],[0.12,53.58],[0.14,53.59],[0.14,53.6],[0.13,53.61],[0.11,53.62],[0.09,53.63],[0.07,53.63],[0.04,53.64],[0.03,53.64],[0.02,53.64],[0.01,53.64],[0,53.64],[-0.04,53.63],[-0.05,53.62],[-0.07,53.62],[-0.08,53.62],[-0.09,53.62],[-0.11,53.63],[-0.13,53.64],[-0.14,53.65],[-0.17,53.67],[-0.23,53.72],[-0.25,53.73],[-0.27,53.74],[-0.29,53.74],[-0.36,53.73],[-0.38,53.73],[-0.42,53.72],[-0.55,53.71],[-0.56,53.71],[-0.57,53.71],[-0.58,53.72],[-0.59,53.73],[-0.61,53.73],[-0.62,53.73],[-0.63,53.73],[-0.65,53.73],[-0.67,53.72],[-0.68,53.72],[-0.72,53.7],[-0.71,53.69],[-0.69,53.69],[-0.52,53.69],[-0.51,53.69],[-0.46,53.7],[-0.39,53.71],[-0.31,53.71],[-0.3,53.71],[-0.29,53.71],[-0.26,53.69],[-0.24,53.67],[-0.23,53.65],[-0.22,53.64],[-0.21,53.63],[-0.12,53.58],[-0.1,53.57],[0.03,53.51],[0.09,53.49],[0.12,53.48],[0.13,53.47],[0.14,53.48],[0.15,53.48],[0.17,53.46],[0.22,53.42],[0.24,53.4],[0.25,53.38],[0.26,53.37],[0.27,53.35],[0.34,53.24],[0.34,53.23],[0.35,53.19],[0.36,53.18],[0.36,53.16],[0.36,53.15],[0.35,53.14],[0.34,53.1],[0.34,53.09],[0.33,53.08],[0.32,53.08],[0.28,53.07],[0.2,53.03],[0.17,53.01],[0.03,52.92],[0,52.88],[0.01,52.88],[0.03,52.88],[0.06,52.89],[0.07,52.89],[0.09,52.89],[0.12,52.88],[0.15,52.87],[0.16,52.87],[0.17,52.86],[0.17,52.85],[0.18,52.85],[0.19,52.84],[0.22,52.81],[0.23,52.8],[0.24,52.8],[0.36,52.78],[0.38,52.78],[0.43,52.82],[0.43,52.83],[0.44,52.84],[0.44,52.85],[0.44,52.86],[0.45,52.87],[0.49,52.93],[0.49,52.94],[0.54,52.97],[0.55,52.97],[0.67,52.98],[0.88,52.97],[0.89,52.97],[0.9,52.96],[0.91,52.95],[0.94,52.95],[0.97,52.95],[0.99,52.95],[1.01,52.95],[1.18,52.94],[1.28,52.93],[1.31,52.92],[1.35,52.91],[1.37,52.9],[1.39,52.89],[1.43,52.88],[1.47,52.85],[1.5,52.84],[1.52,52.83],[1.53,52.83],[1.65,52.77],[1.66,52.76],[1.68,52.75],[1.69,52.74],[1.7,52.72],[1.71,52.71],[1.72,52.68],[1.74,52.63],[1.75,52.62],[1.75,52.53],[1.75,52.46],[1.73,52.41],[1.73,52.39],[1.73,52.38],[1.69,52.33],[1.63,52.2],[1.63,52.18],[1.63,52.17],[1.59,52.09],[1.59,52.08],[1.58,52.08],[1.39,51.97],[1.33,51.93],[1.32,51.94],[1.28,51.98],[1.27,51.99],[1.26,51.99],[1.17,52.03],[1.16,52.02],[1.21,51.95],[1.28,51.88],[1.29,51.88],[1.29,51.87],[1.29,51.85],[1.28,51.85],[1.27,51.84],[1.22,51.81],[1.21,51.8],[1.2,51.8],[1.18,51.79],[1.13,51.78],[1.11,51.77],[1.09,51.77],[1.05,51.77],[1.04,51.77],[1.03,51.78],[1,51.81],[0.99,51.83],[0.98,51.82],[0.94,51.81],[0.93,51.8],[0.86,51.77],[0.72,51.73],[0.7,51.72],[0.76,51.69],[0.86,51.71],[0.87,51.72],[0.88,51.72],[0.9,51.73],[0.91,51.73],[0.92,51.74],[0.93,51.74],[0.94,51.73],[0.95,51.73],[0.95,51.61],[0.91,51.58],[0.88,51.56],[0.82,51.54],[0.81,51.53],[0.79,51.52],[0.78,51.52],[0.77,51.52],[0.68,51.53],[0.66,51.54],[0.65,51.54],[0.47,51.5],[0.45,51.5],[0.38,51.45],[0.39,51.45],[0.41,51.45],[0.44,51.45],[0.45,51.45],[0.46,51.46],[0.46,51.47],[0.47,51.48],[0.48,51.48],[0.49,51.48],[0.54,51.49],[0.55,51.49],[0.59,51.49],[0.6,51.49],[0.7,51.47],[0.71,51.47],[0.72,51.46],[0.72,51.45],[0.73,51.45],[0.72,51.44],[0.71,51.44],[0.69,51.44],[0.68,51.44],[0.67,51.44],[0.65,51.44],[0.64,51.44],[0.56,51.41],[0.56,51.4],[0.58,51.39],[0.59,51.39],[0.62,51.38],[0.7,51.38],[0.91,51.34],[0.98,51.35],[1,51.35],[1.01,51.35],[1.03,51.36],[1.05,51.37],[1.06,51.37],[1.07,51.37],[1.19,51.38],[1.39,51.39],[1.43,51.33],[1.41,51.2],[1.41,51.19],[1.41,51.18],[1.4,51.16],[1.39,51.15],[1.37,51.14],[1.36,51.13],[1.35,51.13],[1.26,51.1],[1.23,51.1],[1.22,51.1],[1.1,51.07],[1.09,51.07],[1.05,51.05],[1.03,51.04],[1,51.02],[0.99,51.02],[0.99,51.01],[0.98,51],[0.97,50.98],[0.97,50.97],[0.97,50.95],[0.97,50.93],[0.86,50.93],[0.81,50.93],[0.79,50.94],[0.78,50.94],[0.72,50.91],[0.71,50.9],[0.68,50.88],[0.68,50.87],[0.66,50.87],[0.57,50.85],[0.5,50.84],[0.45,50.83],[0.43,50.83],[0.4,50.82],[0.37,50.82],[0.35,50.81],[0.31,50.78],[0.3,50.77],[0.29,50.77],[0.28,50.75],[0.27,50.75],[0.26,50.74],[0.25,50.74],[0.24,50.74],[0.23,50.74],[0.21,50.74],[0.12,50.76],[0.1,50.77],[0.06,50.78],[-0.09,50.81],[-0.14,50.82],[-0.16,50.82],[-0.19,50.83],[-0.21,50.83],[-0.26,50.83],[-0.58,50.8],[-0.64,50.79],[-0.68,50.78],[-0.71,50.77],[-0.75,50.77],[-0.77,50.75],[-0.77,50.74],[-0.77,50.73],[-0.78,50.73],[-0.79,50.73],[-0.8,50.73],[-0.9,50.77],[-0.91,50.77],[-0.91,50.78],[-0.89,50.79],[-0.87,50.8],[-0.86,50.8],[-0.87,50.81],[-0.93,50.84],[-0.94,50.84],[-1.09,50.85],[-1.16,50.84],[-1.15,50.83],[-1.12,50.81],[-1.12,50.8],[-1.13,50.79],[-1.13,50.78],[-1.14,50.78],[-1.15,50.78],[-1.33,50.79],[-1.41,50.77],[-1.59,50.72],[-1.61,50.73],[-1.66,50.74],[-1.67,50.74],[-1.68,50.74],[-1.7,50.74],[-1.82,50.72],[-1.93,50.71],[-2.01,50.72],[-2.02,50.72],[-2.03,50.72],[-2.03,50.73],[-2.04,50.73],[-2.07,50.72],[-2.07,50.71],[-2.08,50.7],[-2.08,50.69],[-1.98,50.67],[-1.96,50.66],[-1.96,50.67],[-1.95,50.67],[-1.95,50.66],[-1.94,50.64],[-1.96,50.6],[-1.97,50.6],[-2.05,50.59],[-2.06,50.59],[-2.12,50.61],[-2.13,50.61],[-2.15,50.62],[-2.2,50.63],[-2.39,50.64],[-2.43,50.63],[-2.45,50.63],[-2.46,50.6],[-2.47,50.59],[-2.47,50.58],[-2.46,50.58],[-2.42,50.56],[-2.43,50.54],[-2.46,50.55],[-2.46,50.56],[-2.5,50.6],[-2.56,50.63],[-2.66,50.67],[-2.7,50.69],[-2.72,50.69],[-2.77,50.71],[-2.82,50.72],[-2.86,50.73],[-2.88,50.73],[-2.91,50.73],[-2.92,50.73],[-2.93,50.73],[-2.94,50.72],[-2.96,50.71],[-2.98,50.71],[-3.09,50.69],[-3.17,50.69],[-3.18,50.69],[-3.24,50.67],[-3.25,50.67],[-3.41,50.62],[-3.44,50.6],[-3.46,50.59],[-3.49,50.55],[-3.5,50.54],[-3.55,50.44],[-3.55,50.43],[-3.65,50.23],[-3.67,50.22],[-3.71,50.21],[-3.72,50.21],[-3.73,50.21],[-3.79,50.21],[-3.8,50.21],[-3.81,50.22],[-3.83,50.23],[-3.84,50.23],[-3.85,50.24],[-3.85,50.25],[-3.88,50.28],[-3.94,50.31],[-3.95,50.31],[-3.95,50.32],[-3.96,50.32],[-3.98,50.31],[-3.99,50.31],[-4,50.31],[-4.01,50.3],[-4.02,50.29],[-4.03,50.29],[-4.05,50.3],[-4.06,50.3],[-4.11,50.33],[-4.17,50.37],[-4.17,50.38],[-4.38,50.36],[-4.43,50.35],[-4.44,50.34],[-4.45,50.34],[-4.45,50.33],[-4.47,50.33],[-4.48,50.33],[-4.51,50.32],[-4.54,50.32],[-4.64,50.32],[-4.68,50.33],[-4.76,50.31],[-4.86,50.23],[-4.95,50.19],[-5.05,50.17],[-5.06,50.14],[-5.08,50.09],[-5.07,50.08],[-5.05,50.06],[-5.06,50.05],[-5.06,50.04],[-5.07,50.04],[-5.09,50.02],[-5.16,50],[-5.18,49.98],[-5.19,49.95],[-5.2,49.96],[-5.23,49.97],[-5.24,49.98],[-5.26,50],[-5.26,50.01],[-5.25,50.02],[-5.25,50.03],[-5.28,50.06],[-5.29,50.07],[-5.33,50.09],[-5.47,50.13],[-5.48,50.13],[-5.49,50.13],[-5.5,50.13],[-5.51,50.12],[-5.53,50.12],[-5.54,50.11],[-5.54,50.1],[-5.54,50.09],[-5.54,50.08],[-5.54,50.07],[-5.55,50.06],[-5.56,50.05],[-5.57,50.05],[-5.58,50.05],[-5.65,50.04],[-5.66,50.04],[-5.67,50.04],[-5.68,50.04],[-5.69,50.04],[-5.71,50.05],[-5.72,50.06],[-5.72,50.07],[-5.71,50.13],[-5.7,50.15],[-5.69,50.16],[-5.55,50.2],[-5.51,50.21],[-5.5,50.22],[-5.48,50.22],[-5.48,50.21],[-5.47,50.21],[-5.47,50.2],[-5.46,50.2],[-5.44,50.19],[-5.43,50.19],[-5.27,50.27],[-5.15,50.34],[-5.05,50.42],[-5.04,50.43],[-5.02,50.47],[-5.03,50.48],[-5.04,50.5],[-5.02,50.54],[-5.01,50.55],[-4.92,50.58],[-4.9,50.58],[-4.87,50.58],[-4.8,50.59],[-4.79,50.59],[-4.78,50.59],[-4.77,50.6],[-4.76,50.62],[-4.75,50.64],[-4.74,50.67],[-4.7,50.69],[-4.65,50.72],[-4.57,50.77],[-4.56,50.78],[-4.55,50.78],[-4.55,50.8],[-4.55,50.82],[-4.55,50.83],[-4.55,50.85],[-4.55,50.86],[-4.54,50.93],[-4.53,51.01],[-4.52,51.02],[-4.47,51.01],[-4.43,51.01],[-4.42,51.01],[-4.41,51],[-4.38,50.99],[-4.36,50.99],[-4.34,50.99],[-4.33,50.99],[-4.3,51],[-4.24,51.04],[-4.24,51.05],[-4.23,51.05],[-4.21,51.07],[-4.22,51.11],[-4.23,51.19],[-4.21,51.2],[-4.2,51.2],[-4.12,51.21],[-4.07,51.21],[-3.98,51.22],[-3.88,51.22],[-3.79,51.24],[-3.7,51.23],[-3.63,51.22],[-3.62,51.22],[-3.6,51.22],[-3.59,51.22],[-3.58,51.23],[-3.57,51.23],[-3.51,51.22],[-3.5,51.22],[-3.44,51.21],[-3.43,51.2],[-3.42,51.19],[-3.41,51.18],[-3.4,51.18],[-3.39,51.18],[-3.37,51.18],[-3.3,51.18],[-3.03,51.21],[-3.01,51.25],[-3.01,51.26],[-3.01,51.27],[-3.01,51.31],[-2.96,51.38],[-2.85,51.45],[-2.77,51.49],[-2.65,51.56],[-2.64,51.58],[-2.55,51.66],[-2.47,51.72],[-2.46,51.73],[-2.45,51.73],[-2.43,51.74],[-2.41,51.74],[-2.4,51.74],[-2.39,51.74],[-2.38,51.75],[-2.38,51.76],[-2.38,51.77],[-2.39,51.77],[-2.4,51.78],[-2.46,51.75],[-2.58,51.68],[-2.63,51.64],[-2.67,51.62],[-2.67,51.61],[-2.7,51.59],[-2.71,51.58],[-2.85,51.55],[-2.89,51.54],[-2.92,51.54],[-2.96,51.54],[-2.97,51.54],[-3.02,51.52],[-3.12,51.49],[-3.12,51.48],[-3.13,51.48],[-3.15,51.45],[-3.16,51.44],[-3.16,51.43],[-3.16,51.42],[-3.16,51.41],[-3.17,51.41],[-3.18,51.4],[-3.19,51.4],[-3.27,51.38],[-3.35,51.38],[-3.36,51.38],[-3.4,51.38],[-3.42,51.38],[-3.45,51.38],[-3.49,51.39],[-3.54,51.4],[-3.56,51.41],[-3.67,51.47],[-3.75,51.52],[-3.75,51.53],[-3.76,51.54],[-3.78,51.57],[-3.84,51.62],[-3.95,51.61],[-3.97,51.61],[-4.2,51.54],[-4.2,51.53],[-4.21,51.53],[-4.22,51.53],[-4.24,51.54],[-4.28,51.56],[-4.29,51.6],[-4.29,51.61],[-4.25,51.63],[-4.23,51.63],[-4.21,51.63],[-4.18,51.62],[-4.17,51.62],[-4.16,51.62],[-4.12,51.63],[-4.08,51.65],[-4.07,51.66],[-4.06,51.67],[-4.07,51.67],[-4.08,51.68],[-4.2,51.68],[-4.26,51.68],[-4.44,51.74],[-4.57,51.73],[-4.63,51.73],[-4.65,51.73],[-4.67,51.72],[-4.68,51.72],[-4.68,51.71],[-4.69,51.71],[-4.69,51.69],[-4.69,51.67],[-4.71,51.65],[-4.78,51.63],[-4.79,51.63],[-4.81,51.64],[-4.83,51.65],[-4.84,51.65],[-4.86,51.64],[-4.87,51.64],[-4.89,51.63],[-4.94,51.59],[-5,51.61],[-5.04,51.62],[-5.05,51.62],[-5.02,51.67],[-4.97,51.68],[-4.91,51.7],[-4.89,51.7],[-4.86,51.71],[-4.87,51.72],[-4.88,51.75],[-4.89,51.73],[-4.89,51.72],[-4.9,51.72],[-4.9,51.71],[-4.91,51.71],[-5,51.7],[-5.01,51.7],[-5.07,51.7],[-5.19,51.71],[-5.23,51.72],[-5.25,51.73],[-5.16,51.76],[-5.15,51.77],[-5.14,51.77],[-5.12,51.77],[-5.11,51.77],[-5.1,51.77],[-5.1,51.78],[-5.12,51.83],[-5.12,51.84],[-5.12,51.85],[-5.13,51.85],[-5.14,51.86],[-5.18,51.87],[-5.19,51.87],[-5.21,51.87],[-5.26,51.87],[-5.24,51.92],[-5.1,51.96],[-5.08,51.98],[-5.08,52],[-4.84,52.01],[-4.83,52.02],[-4.77,52.06],[-4.76,52.07],[-4.75,52.09],[-4.74,52.1],[-4.72,52.11],[-4.67,52.13],[-4.65,52.13],[-4.64,52.13],[-4.63,52.13],[-4.59,52.13],[-4.53,52.13],[-4.5,52.14],[-4.29,52.22],[-4.23,52.25],[-4.19,52.28],[-4.14,52.32],[-4.13,52.34],[-4.1,52.38],[-4.09,52.39],[-4.09,52.4],[-4.06,52.49],[-4.06,52.51],[-4.08,52.55],[-4.12,52.6],[-4.13,52.6],[-4.13,52.61],[-4.11,52.65],[-4.05,52.72],[-4.06,52.72],[-4.13,52.78],[-4.15,52.8],[-4.15,52.81],[-4.14,52.88],[-4.13,52.88],[-4.13,52.89],[-4.12,52.89],[-4.13,52.91],[-4.23,52.91],[-4.31,52.91],[-4.32,52.9],[-4.41,52.88],[-4.44,52.87],[-4.48,52.85],[-4.5,52.83],[-4.54,52.79],[-4.73,52.78],[-4.74,52.78],[-4.75,52.78],[-4.76,52.79],[-4.75,52.81],[-4.74,52.82],[-4.72,52.84],[-4.65,52.89],[-4.62,52.91],[-4.59,52.92],[-4.55,52.93],[-4.54,52.93],[-4.53,52.94],[-4.51,52.95],[-4.46,52.97],[-4.36,53.03],[-4.35,53.04],[-4.34,53.06],[-4.34,53.07],[-4.33,53.11],[-4.2,53.21],[-4.15,53.23]]],[[[-2.92,58.73],[-2.94,58.73],[-2.95,58.73],[-2.96,58.73],[-2.97,58.74],[-2.98,58.75],[-3.04,58.82],[-3.03,58.82],[-3.01,58.83],[-3,58.83],[-2.98,58.84],[-2.92,58.84],[-2.9,58.84],[-2.89,58.84],[-2.89,58.83],[-2.88,58.82],[-2.91,58.73],[-2.92,58.73]]],[[[-3.23,58.78],[-3.29,58.78],[-3.3,58.78],[-3.43,58.87],[-3.43,58.88],[-3.42,58.9],[-3.41,58.91],[-3.4,58.92],[-3.35,58.93],[-3.34,58.93],[-3.23,58.89],[-3.23,58.88],[-3.21,58.87],[-3.14,58.8],[-3.13,58.8],[-3.14,58.79],[-3.14,58.78],[-3.16,58.78],[-3.18,58.78],[-3.23,58.78]]],[[[-2.79,58.95],[-2.76,58.92],[-2.82,58.88],[-2.87,58.89],[-2.97,58.94],[-3.01,58.94],[-3.06,58.94],[-3.11,58.93],[-3.12,58.92],[-3.17,58.91],[-3.19,58.91],[-3.3,58.95],[-3.31,58.95],[-3.35,58.97],[-3.36,58.99],[-3.36,59],[-3.37,59.01],[-3.35,59.11],[-3.32,59.13],[-3.28,59.14],[-3.27,59.14],[-3.24,59.15],[-3.22,59.15],[-3.2,59.15],[-3.08,59.12],[-3.07,59.12],[-3,59.07],[-3,59.06],[-2.95,59],[-2.85,58.98],[-2.79,58.95]]],[[[-2.68,59.2],[-2.69,59.18],[-2.69,59.19],[-2.69,59.2],[-2.69,59.21],[-2.68,59.22],[-2.59,59.29],[-2.56,59.3],[-2.53,59.3],[-2.41,59.31],[-2.4,59.31],[-2.4,59.3],[-2.39,59.28],[-2.5,59.24],[-2.57,59.24],[-2.58,59.24],[-2.62,59.24],[-2.63,59.23],[-2.68,59.2]]],[[[-2.89,59.3],[-2.85,59.27],[-2.85,59.25],[-2.88,59.23],[-2.87,59.25],[-2.87,59.26],[-2.88,59.26],[-2.94,59.28],[-2.96,59.29],[-2.97,59.29],[-2.98,59.28],[-2.97,59.28],[-2.98,59.27],[-2.99,59.26],[-3,59.26],[-3.03,59.28],[-3.07,59.32],[-3.08,59.33],[-3.07,59.33],[-3.05,59.33],[-2.9,59.3],[-2.89,59.3]]],[[[-1.3,60.49],[-1.29,60.47],[-1.16,60.45],[-1.04,60.45],[-1.04,60.44],[-1.07,60.36],[-1.1,60.28],[-1.16,60.26],[-1.17,60.26],[-1.19,60.27],[-1.2,60.27],[-1.2,60.26],[-1.19,60.23],[-1.18,60.23],[-1.16,60.2],[-1.13,60.15],[-1.13,60.14],[-1.15,60.13],[-1.16,60.14],[-1.17,60.14],[-1.19,60.13],[-1.21,60.1],[-1.22,60.02],[-1.26,59.86],[-1.27,59.85],[-1.31,59.86],[-1.37,59.89],[-1.38,59.9],[-1.38,59.91],[-1.33,60],[-1.32,60.01],[-1.31,60.01],[-1.27,60.09],[-1.26,60.11],[-1.26,60.12],[-1.26,60.13],[-1.28,60.22],[-1.29,60.24],[-1.4,60.26],[-1.41,60.26],[-1.41,60.25],[-1.39,60.24],[-1.36,60.23],[-1.35,60.21],[-1.36,60.19],[-1.45,60.15],[-1.49,60.17],[-1.52,60.18],[-1.53,60.19],[-1.52,60.2],[-1.59,60.22],[-1.65,60.23],[-1.66,60.23],[-1.67,60.23],[-1.67,60.24],[-1.68,60.25],[-1.69,60.28],[-1.69,60.29],[-1.67,60.3],[-1.66,60.3],[-1.63,60.31],[-1.6,60.31],[-1.59,60.31],[-1.48,60.31],[-1.45,60.32],[-1.43,60.32],[-1.35,60.34],[-1.32,60.36],[-1.45,60.46],[-1.5,60.47],[-1.55,60.48],[-1.56,60.47],[-1.61,60.47],[-1.61,60.48],[-1.59,60.51],[-1.55,60.54],[-1.42,60.6],[-1.41,60.61],[-1.3,60.64],[-1.3,60.63],[-1.29,60.63],[-1.29,60.61],[-1.3,60.49]]],[[[-1.03,60.5],[-1.1,60.49],[-1.13,60.49],[-1.14,60.49],[-1.17,60.53],[-1.18,60.59],[-1.18,60.6],[-1.18,60.62],[-1.18,60.63],[-1.18,60.64],[-1.11,60.73],[-1.1,60.73],[-1.09,60.73],[-1.08,60.73],[-1.06,60.73],[-1,60.73],[-0.99,60.72],[-0.98,60.66],[-0.98,60.65],[-1.02,60.52],[-1.02,60.5],[-1.03,60.5]]],[[[-0.82,60.69],[-0.83,60.67],[-0.94,60.67],[-0.96,60.68],[-0.97,60.69],[-0.96,60.71],[-0.94,60.79],[-0.88,60.84],[-0.81,60.84],[-0.77,60.83],[-0.76,60.82],[-0.76,60.81],[-0.76,60.79],[-0.82,60.69]]]]}},{"type":"Feature","properties":{"FID":0,"FIPS":"UP","ISO2":"UA","ISO3":"UKR","UN":804,"NAME":"Ukraine","AREA":57935,"POP2005":46917544,"REGION":150,"SUBREGION":151,"LON":31.388,"LAT":49.016},"geometry":{"type":"MultiPolygon","coordinates":[[[[33.04,46.01],[33.01,46.01],[32.98,46.01],[32.9,46.02],[32.76,46.04],[32.85,46.06],[32.88,46.06],[32.97,46.05],[33.05,46.03],[33.06,46.03],[33.06,46.02],[33.05,46.01],[33.04,46.01]]],[[[34.23,46.06],[34.2,46.06],[34.19,46.06],[34.18,46.07],[34.17,46.08],[34.16,46.09],[34.16,46.1],[34.16,46.11],[34.16,46.12],[34.22,46.19],[34.23,46.19],[34.24,46.18],[34.24,46.17],[34.26,46.14],[34.26,46.13],[34.27,46.13],[34.26,46.09],[34.26,46.08],[34.25,46.07],[34.24,46.07],[34.24,46.06],[34.23,46.06]]],[[[32.17,46.15],[32.17,46.14],[32.09,46.16],[32.05,46.17],[31.96,46.19],[31.88,46.2],[31.86,46.2],[31.8,46.21],[31.76,46.21],[31.73,46.22],[31.69,46.23],[31.58,46.25],[31.57,46.26],[31.56,46.27],[31.55,46.27],[31.54,46.28],[31.52,46.3],[31.51,46.33],[31.5,46.35],[31.5,46.36],[31.5,46.37],[31.51,46.37],[31.52,46.37],[31.52,46.36],[31.53,46.35],[31.53,46.34],[31.53,46.33],[31.53,46.31],[31.54,46.31],[31.55,46.29],[31.56,46.28],[31.58,46.27],[31.59,46.26],[31.61,46.25],[31.62,46.25],[31.69,46.23],[31.7,46.23],[31.74,46.23],[31.86,46.22],[32.09,46.18],[32.1,46.17],[32.13,46.16],[32.17,46.15]]],[[[33.42,52.35],[33.51,52.33],[33.6,52.33],[33.63,52.34],[33.68,52.36],[33.7,52.36],[33.75,52.37],[33.77,52.37],[33.82,52.37],[33.83,52.37],[33.84,52.36],[34.06,52.2],[34.07,52.19],[34.1,52.15],[34.1,52.14],[34.08,52.13],[34.08,52.12],[34.07,52.06],[34.08,52.04],[34.09,52.03],[34.13,51.99],[34.24,51.91],[34.34,51.86],[34.38,51.84],[34.42,51.81],[34.42,51.8],[34.44,51.77],[34.44,51.76],[34.44,51.75],[34.44,51.74],[34.43,51.73],[34.42,51.72],[34.41,51.72],[34.39,51.72],[34.38,51.71],[34.26,51.7],[34.2,51.7],[34.12,51.68],[34.11,51.68],[34.1,51.67],[34.1,51.65],[34.16,51.62],[34.23,51.55],[34.24,51.54],[34.24,51.52],[34.25,51.5],[34.25,51.49],[34.24,51.44],[34.24,51.43],[34.38,51.26],[34.41,51.26],[34.55,51.23],[34.67,51.18],[34.71,51.17],[34.73,51.17],[34.77,51.17],[34.8,51.17],[34.83,51.18],[34.92,51.2],[34.93,51.21],[34.94,51.22],[34.95,51.22],[34.96,51.22],[34.98,51.22],[35.07,51.22],[35.08,51.22],[35.11,51.21],[35.12,51.2],[35.13,51.18],[35.12,51.15],[35.15,51.08],[35.15,51.07],[35.16,51.06],[35.17,51.05],[35.19,51.05],[35.2,51.05],[35.22,51.05],[35.24,51.05],[35.28,51.06],[35.3,51.06],[35.36,51.05],[35.37,51.04],[35.38,51.04],[35.38,51.03],[35.38,51.02],[35.37,51.02],[35.36,51.01],[35.34,51.01],[35.31,50.98],[35.31,50.96],[35.35,50.94],[35.36,50.93],[35.37,50.92],[35.46,50.77],[35.46,50.76],[35.49,50.68],[35.42,50.65],[35.41,50.65],[35.4,50.65],[35.4,50.64],[35.39,50.64],[35.39,50.63],[35.44,50.51],[35.46,50.49],[35.59,50.38],[35.61,50.37],[35.65,50.35],[35.67,50.35],[35.69,50.35],[35.74,50.38],[35.75,50.39],[35.82,50.42],[35.83,50.42],[35.85,50.43],[35.87,50.43],[35.89,50.43],[35.93,50.44],[35.98,50.44],[36.01,50.44],[36.06,50.44],[36.09,50.43],[36.14,50.42],[36.15,50.42],[36.16,50.42],[36.19,50.4],[36.19,50.39],[36.19,50.38],[36.2,50.37],[36.22,50.35],[36.27,50.3],[36.28,50.29],[36.3,50.28],[36.32,50.28],[36.33,50.28],[36.35,50.28],[36.36,50.29],[36.37,50.29],[36.38,50.3],[36.42,50.31],[36.48,50.3],[36.55,50.28],[36.56,50.28],[36.57,50.27],[36.56,50.27],[36.56,50.26],[36.55,50.25],[36.55,50.24],[36.55,50.23],[36.56,50.23],[36.56,50.22],[36.57,50.22],[36.59,50.22],[36.6,50.21],[36.62,50.21],[36.64,50.21],[36.65,50.22],[36.66,50.23],[36.67,50.24],[36.67,50.25],[36.69,50.26],[36.7,50.27],[36.72,50.27],[36.81,50.31],[36.88,50.34],[36.9,50.34],[36.97,50.35],[36.98,50.35],[37.01,50.35],[37.03,50.34],[37.05,50.34],[37.07,50.34],[37.13,50.35],[37.22,50.37],[37.24,50.38],[37.25,50.38],[37.27,50.39],[37.29,50.41],[37.31,50.43],[37.32,50.43],[37.33,50.43],[37.42,50.44],[37.46,50.44],[37.46,50.43],[37.65,50.18],[37.73,50.09],[37.74,50.08],[37.75,50.08],[37.79,50.07],[37.82,50.06],[37.92,50.03],[37.92,50.02],[37.93,50.02],[37.98,49.98],[37.99,49.96],[38.01,49.93],[38.02,49.9],[38.1,49.94],[38.18,50.06],[38.18,50.07],[38.19,50.07],[38.3,50.07],[38.31,50.07],[38.32,50.07],[38.33,50.07],[38.33,50.06],[38.34,50.06],[38.34,50.05],[38.34,50.04],[38.35,50.03],[38.35,50.02],[38.36,50],[38.38,49.99],[38.39,49.98],[38.49,49.95],[38.5,49.95],[38.52,49.95],[38.55,49.95],[38.58,49.96],[38.59,49.97],[38.61,49.96],[38.65,49.96],[38.69,49.94],[38.83,49.88],[38.87,49.87],[38.89,49.87],[38.9,49.86],[38.91,49.86],[38.92,49.84],[38.93,49.82],[38.94,49.81],[38.95,49.81],[38.96,49.81],[38.98,49.81],[39.06,49.82],[39.07,49.82],[39.08,49.82],[39.09,49.83],[39.12,49.86],[39.18,49.88],[39.19,49.88],[39.2,49.87],[39.21,49.87],[39.24,49.81],[39.24,49.8],[39.25,49.78],[39.25,49.77],[39.26,49.76],[39.27,49.75],[39.3,49.74],[39.33,49.74],[39.35,49.73],[39.37,49.73],[39.38,49.73],[39.39,49.74],[39.41,49.74],[39.42,49.75],[39.43,49.76],[39.45,49.76],[39.46,49.76],[39.48,49.76],[39.58,49.73],[39.59,49.73],[39.59,49.72],[39.6,49.71],[39.61,49.67],[39.62,49.64],[39.63,49.63],[39.63,49.62],[39.64,49.62],[39.65,49.61],[39.66,49.6],[39.8,49.55],[39.81,49.55],[39.82,49.55],[39.86,49.55],[39.9,49.56],[39.92,49.57],[39.94,49.57],[39.95,49.58],[39.96,49.58],[39.97,49.6],[39.98,49.6],[39.99,49.61],[40.01,49.61],[40.04,49.62],[40.07,49.61],[40.14,49.6],[40.15,49.59],[40.15,49.58],[40.15,49.57],[40.14,49.56],[40.13,49.55],[40.1,49.54],[40.08,49.53],[40.07,49.53],[40.06,49.51],[40.06,49.5],[40.05,49.48],[40.05,49.47],[40.06,49.46],[40.09,49.42],[40.11,49.4],[40.14,49.38],[40.16,49.37],[40.17,49.35],[40.18,49.34],[40.18,49.33],[40.17,49.26],[40.17,49.25],[40.08,49.18],[40.05,49.17],[40.01,49.15],[40,49.15],[39.99,49.14],[39.97,49.12],[39.95,49.11],[39.94,49.09],[39.94,49.08],[39.95,49.07],[39.94,49.06],[39.94,49.05],[39.93,49.05],[39.91,49.05],[39.82,49.05],[39.71,49.04],[39.7,49.03],[39.7,49.02],[39.7,49.01],[39.69,48.98],[39.69,48.97],[39.77,48.9],[39.78,48.9],[39.79,48.9],[39.95,48.87],[40.01,48.89],[40.02,48.89],[40.03,48.9],[40.04,48.9],[40.05,48.89],[40.06,48.89],[40.07,48.88],[40.08,48.88],[40.08,48.87],[40.08,48.86],[40.07,48.85],[40.06,48.84],[40.04,48.82],[40.02,48.81],[39.86,48.82],[39.85,48.82],[39.83,48.83],[39.83,48.82],[39.81,48.82],[39.8,48.82],[39.78,48.8],[39.73,48.76],[39.7,48.72],[39.66,48.62],[39.66,48.61],[39.66,48.6],[39.67,48.59],[39.73,48.58],[39.76,48.58],[39.78,48.58],[39.8,48.58],[39.81,48.58],[39.82,48.58],[39.84,48.56],[39.85,48.56],[39.85,48.55],[39.86,48.54],[39.87,48.5],[39.92,48.37],[40,48.3],[39.95,48.22],[39.93,48.21],[39.92,48.2],[39.9,48.18],[39.78,48.03],[39.77,48.02],[39.78,48.02],[39.79,48.01],[39.81,47.99],[39.82,47.97],[39.81,47.88],[39.81,47.87],[39.8,47.87],[39.8,47.86],[39.78,47.84],[39.77,47.83],[39.76,47.83],[39.74,47.82],[39.72,47.82],[39.69,47.82],[39.67,47.83],[39.64,47.83],[39.61,47.84],[39.6,47.84],[39.48,47.84],[39.43,47.83],[39.42,47.83],[39.41,47.83],[39.4,47.84],[39.39,47.84],[39.38,47.85],[39.36,47.85],[39.34,47.85],[39.26,47.85],[39.25,47.85],[39.19,47.84],[39.15,47.84],[39.14,47.83],[39.12,47.84],[39.11,47.84],[39.04,47.87],[38.92,47.87],[38.9,47.87],[38.87,47.87],[38.86,47.86],[38.85,47.86],[38.84,47.85],[38.83,47.84],[38.82,47.83],[38.79,47.78],[38.77,47.73],[38.77,47.72],[38.77,47.7],[38.76,47.69],[38.75,47.68],[38.62,47.64],[38.61,47.64],[38.58,47.63],[38.54,47.63],[38.51,47.63],[38.49,47.63],[38.46,47.63],[38.45,47.63],[38.37,47.61],[38.36,47.61],[38.35,47.61],[38.34,47.6],[38.3,47.56],[38.3,47.55],[38.28,47.51],[38.22,47.34],[38.3,47.3],[38.25,47.23],[38.23,47.22],[38.22,47.21],[38.22,47.2],[38.21,47.19],[38.21,47.18],[38.23,47.13],[38.24,47.11],[38.14,47.06],[38.13,47.06],[38.07,47.09],[37.9,47.1],[37.86,47.1],[37.84,47.09],[37.8,47.08],[37.77,47.07],[37.75,47.07],[37.74,47.07],[37.65,47.08],[37.61,47.09],[37.57,47.09],[37.56,47.09],[37.55,47.09],[37.55,47.08],[37.54,47.08],[37.46,47.01],[37.39,46.95],[37.32,46.9],[37.26,46.93],[37.25,46.93],[37.24,46.93],[37.2,46.93],[37.19,46.92],[37.08,46.88],[37.04,46.87],[36.99,46.86],[36.92,46.83],[36.91,46.82],[36.88,46.8],[36.86,46.78],[36.76,46.75],[36.75,46.76],[36.74,46.77],[36.71,46.77],[36.69,46.77],[36.61,46.77],[36.52,46.76],[36.51,46.75],[36.42,46.72],[36.4,46.72],[36.38,46.71],[36.36,46.7],[36.35,46.69],[36.24,46.63],[36.24,46.64],[36.22,46.66],[36.21,46.66],[36.2,46.67],[36.19,46.67],[36.07,46.67],[35.91,46.65],[35.82,46.62],[35.81,46.62],[35.77,46.6],[35.75,46.59],[35.73,46.58],[35.73,46.57],[35.7,46.55],[35.65,46.5],[35.63,46.49],[35.58,46.47],[35.56,46.46],[35.54,46.46],[35.52,46.46],[35.51,46.45],[35.49,46.45],[35.49,46.44],[35.48,46.44],[35.35,46.33],[35.28,46.26],[35.21,46.16],[35.2,46.16],[35.19,46.15],[35.17,46.14],[35.16,46.13],[35.15,46.12],[35.12,46.11],[35.01,46.08],[35,46.07],[34.99,46.07],[34.98,46.08],[34.98,46.09],[35.04,46.14],[35.05,46.14],[35.06,46.14],[35.07,46.15],[35.11,46.16],[35.14,46.16],[35.16,46.16],[35.18,46.17],[35.19,46.17],[35.2,46.18],[35.21,46.19],[35.25,46.23],[35.27,46.26],[35.28,46.27],[35.29,46.27],[35.33,46.32],[35.34,46.33],[35.35,46.34],[35.35,46.35],[35.2,46.44],[35.22,46.42],[35.22,46.41],[35.21,46.39],[35.2,46.38],[35.12,46.3],[35.11,46.29],[35.06,46.26],[35.05,46.26],[35.04,46.25],[35.03,46.25],[34.81,46.18],[34.7,46.18],[34.63,46.1],[34.63,46.08],[34.63,46.07],[34.59,46.01],[34.58,45.99],[34.57,45.99],[34.56,45.98],[34.55,45.98],[34.53,45.98],[34.5,45.99],[34.41,46],[34.4,46.01],[34.4,46.02],[34.44,46.09],[34.46,46.1],[34.48,46.11],[34.49,46.11],[34.51,46.11],[34.51,46.1],[34.53,46.1],[34.53,46.09],[34.54,46.09],[34.55,46.09],[34.56,46.09],[34.56,46.1],[34.57,46.11],[34.57,46.12],[34.58,46.15],[34.57,46.16],[34.55,46.18],[34.55,46.19],[34.54,46.19],[34.53,46.19],[34.53,46.18],[34.48,46.16],[34.47,46.16],[34.46,46.15],[34.45,46.16],[34.33,46.17],[34.24,46.23],[34.21,46.26],[34.19,46.27],[34.18,46.28],[34.16,46.28],[34.15,46.28],[34.13,46.21],[34.12,46.17],[34.12,46.16],[34.13,46.16],[34.13,46.15],[34.14,46.13],[34.14,46.12],[34.13,46.12],[34.12,46.12],[34.03,46.13],[34,46.17],[33.99,46.17],[33.98,46.19],[33.98,46.2],[33.97,46.2],[33.97,46.21],[33.96,46.21],[33.78,46.25],[33.77,46.25],[33.68,46.22],[33.67,46.22],[33.67,46.21],[33.7,46.17],[33.71,46.16],[33.72,46.15],[33.73,46.14],[33.78,46.12],[33.79,46.12],[33.8,46.13],[33.8,46.15],[33.8,46.16],[33.8,46.17],[33.81,46.17],[33.84,46.16],[33.85,46.16],[33.88,46.08],[33.88,46.07],[33.88,46.06],[33.9,46.04],[33.96,46.02],[33.97,46.02],[33.98,46.02],[33.99,46.02],[33.99,46.03],[33.99,46.07],[33.98,46.08],[33.96,46.08],[33.95,46.08],[33.94,46.08],[33.94,46.09],[33.94,46.1],[33.95,46.1],[33.96,46.1],[33.99,46.1],[34,46.1],[34.01,46.1],[34.02,46.09],[34.11,46.02],[34.12,45.98],[34.11,45.98],[34.11,45.97],[34.12,45.97],[34.12,45.96],[34.14,45.94],[34.15,45.94],[34.17,45.94],[34.19,45.94],[34.2,45.95],[34.2,45.96],[34.2,45.97],[34.2,45.99],[34.2,46],[34.22,46.01],[34.19,46.02],[34.18,46.03],[34.18,46.04],[34.19,46.04],[34.35,46.02],[34.36,46.02],[34.37,46.01],[34.38,45.99],[34.41,45.96],[34.42,45.95],[34.41,45.94],[34.41,45.93],[34.4,45.93],[34.39,45.92],[34.38,45.92],[34.37,45.92],[34.36,45.89],[34.36,45.88],[34.49,45.87],[34.5,45.88],[34.57,45.91],[34.57,45.92],[34.58,45.92],[34.57,45.93],[34.57,45.94],[34.54,45.96],[34.54,45.97],[34.55,45.97],[34.61,45.95],[34.63,45.94],[34.64,45.94],[34.64,45.93],[34.63,45.92],[34.63,45.91],[34.61,45.89],[34.61,45.88],[34.6,45.88],[34.59,45.87],[34.55,45.84],[34.46,45.78],[34.46,45.77],[34.47,45.77],[34.65,45.79],[34.78,45.72],[34.91,45.66],[34.99,45.63],[35.07,45.55],[35.08,45.53],[35.09,45.52],[35.1,45.47],[35.09,45.46],[35.08,45.45],[35.05,45.44],[35.04,45.43],[35.02,45.43],[35.01,45.43],[35.01,45.42],[35.05,45.37],[35.06,45.36],[35.11,45.33],[35.13,45.33],[35.15,45.33],[35.16,45.34],[35.17,45.34],[35.18,45.34],[35.34,45.29],[35.34,45.33],[35.23,45.44],[35.15,45.53],[35.09,45.58],[35.08,45.59],[35.06,45.61],[35.05,45.61],[35,45.67],[34.98,45.7],[34.96,45.74],[34.95,45.75],[34.9,45.81],[34.87,45.86],[34.85,45.9],[34.76,46.02],[34.76,46.01],[34.75,46.01],[34.72,46.03],[34.7,46.05],[34.67,46.08],[34.66,46.09],[34.67,46.09],[34.73,46.11],[34.74,46.11],[34.8,46.09],[34.82,46.08],[34.83,46.07],[34.85,46],[34.87,45.96],[34.9,45.88],[34.94,45.82],[34.98,45.75],[34.99,45.73],[35.05,45.65],[35.07,45.64],[35.08,45.63],[35.25,45.45],[35.31,45.38],[35.33,45.37],[35.36,45.35],[35.38,45.34],[35.45,45.3],[35.46,45.3],[35.48,45.29],[35.49,45.29],[35.5,45.29],[35.55,45.29],[35.69,45.33],[35.71,45.33],[35.86,45.4],[35.89,45.39],[35.93,45.37],[35.95,45.37],[35.96,45.36],[35.99,45.36],[36,45.36],[36.01,45.36],[36.02,45.36],[36.04,45.37],[36.05,45.38],[36.06,45.4],[36.06,45.41],[36.07,45.43],[36.12,45.45],[36.14,45.46],[36.15,45.46],[36.29,45.47],[36.48,45.44],[36.6,45.42],[36.61,45.42],[36.62,45.41],[36.64,45.38],[36.64,45.35],[36.63,45.34],[36.63,45.33],[36.62,45.33],[36.61,45.33],[36.58,45.33],[36.57,45.33],[36.55,45.34],[36.54,45.34],[36.53,45.34],[36.51,45.34],[36.5,45.34],[36.49,45.34],[36.48,45.33],[36.43,45.27],[36.41,45.2],[36.41,45.16],[36.41,45.15],[36.41,45.13],[36.42,45.12],[36.44,45.1],[36.45,45.09],[36.46,45.09],[36.46,45.08],[36.45,45.07],[36.44,45.07],[36.23,45.01],[36.22,45.01],[36.14,45.02],[36.13,45.02],[36.01,45.01],[36,45.01],[36,45],[35.99,44.99],[35.98,44.99],[35.86,44.99],[35.84,44.99],[35.83,45],[35.82,45.02],[35.81,45.03],[35.79,45.05],[35.78,45.05],[35.74,45.08],[35.72,45.08],[35.68,45.1],[35.64,45.11],[35.59,45.12],[35.57,45.12],[35.55,45.12],[35.53,45.12],[35.52,45.12],[35.43,45.07],[35.42,45.07],[35.41,45.06],[35.4,45.05],[35.4,45.03],[35.25,44.96],[35.15,44.89],[35.14,44.88],[35.13,44.87],[35.12,44.86],[35.12,44.85],[35.11,44.83],[35.1,44.81],[35.09,44.8],[35.09,44.79],[35.08,44.79],[35.07,44.79],[35.06,44.79],[35.05,44.79],[35.04,44.8],[35,44.83],[35,44.84],[34.99,44.84],[34.96,44.84],[34.73,44.81],[34.72,44.81],[34.52,44.74],[34.47,44.72],[34.46,44.72],[34.45,44.71],[34.44,44.7],[34.4,44.65],[34.38,44.62],[34.36,44.59],[34.34,44.55],[34.33,44.54],[34.14,44.44],[34.12,44.43],[34.01,44.4],[33.96,44.38],[33.93,44.38],[33.85,44.4],[33.84,44.4],[33.83,44.4],[33.8,44.39],[33.79,44.39],[33.72,44.39],[33.71,44.39],[33.71,44.4],[33.7,44.4],[33.62,44.45],[33.6,44.48],[33.59,44.49],[33.58,44.49],[33.57,44.49],[33.55,44.49],[33.54,44.48],[33.53,44.48],[33.52,44.49],[33.47,44.51],[33.45,44.52],[33.4,44.55],[33.38,44.57],[33.37,44.58],[33.37,44.59],[33.38,44.59],[33.47,44.6],[33.55,44.62],[33.54,44.67],[33.52,44.78],[33.53,44.8],[33.54,44.83],[33.55,44.83],[33.55,44.84],[33.56,44.85],[33.57,44.85],[33.59,44.85],[33.6,44.85],[33.6,44.86],[33.61,44.87],[33.62,44.91],[33.62,44.92],[33.62,44.93],[33.61,44.96],[33.61,44.97],[33.57,45.08],[33.57,45.09],[33.56,45.1],[33.55,45.1],[33.54,45.11],[33.51,45.13],[33.43,45.17],[33.41,45.18],[33.39,45.19],[33.38,45.19],[33.37,45.19],[33.36,45.18],[33.34,45.17],[33.29,45.16],[33.28,45.15],[33.26,45.16],[33.18,45.19],[33.17,45.19],[33.15,45.21],[33.12,45.23],[33.08,45.26],[33.07,45.27],[33.01,45.3],[32.94,45.34],[32.93,45.34],[32.87,45.36],[32.86,45.36],[32.85,45.36],[32.84,45.36],[32.74,45.36],[32.73,45.36],[32.72,45.35],[32.69,45.34],[32.68,45.33],[32.67,45.32],[32.66,45.31],[32.65,45.31],[32.64,45.31],[32.58,45.32],[32.56,45.32],[32.51,45.34],[32.48,45.39],[32.48,45.4],[32.49,45.42],[32.5,45.42],[32.52,45.45],[32.54,45.46],[32.57,45.48],[32.63,45.51],[32.83,45.6],[32.9,45.64],[32.92,45.66],[32.94,45.66],[33.02,45.69],[33.18,45.74],[33.23,45.74],[33.24,45.74],[33.26,45.75],[33.3,45.76],[33.32,45.77],[33.36,45.79],[33.37,45.8],[33.39,45.8],[33.4,45.82],[33.41,45.82],[33.42,45.83],[33.43,45.83],[33.48,45.85],[33.57,45.86],[33.62,45.88],[33.77,45.92],[33.77,45.93],[33.76,45.94],[33.75,45.94],[33.74,45.95],[33.67,45.96],[33.66,45.96],[33.65,45.97],[33.63,46],[33.63,46.06],[33.62,46.12],[33.62,46.14],[33.61,46.15],[33.6,46.16],[33.59,46.16],[33.58,46.16],[33.53,46.12],[33.52,46.11],[33.51,46.08],[33.49,46.07],[33.47,46.05],[33.44,46.05],[33.43,46.05],[33.42,46.05],[33.39,46.07],[33.39,46.09],[33.38,46.09],[33.38,46.1],[33.32,46.12],[33.27,46.14],[33.19,46.16],[33.13,46.13],[33.12,46.13],[32.91,46.11],[32.9,46.11],[32.89,46.11],[32.85,46.12],[32.81,46.13],[32.77,46.13],[32.74,46.13],[32.63,46.11],[32.59,46.1],[32.55,46.08],[32.54,46.08],[32.53,46.07],[32.51,46.08],[32.49,46.08],[32.41,46.09],[32.34,46.11],[32.27,46.13],[32.26,46.13],[32.24,46.17],[32.03,46.26],[31.92,46.28],[31.89,46.29],[31.89,46.28],[31.88,46.28],[31.83,46.28],[31.82,46.28],[31.8,46.28],[31.79,46.28],[31.77,46.3],[31.76,46.31],[31.76,46.32],[31.77,46.32],[31.81,46.34],[31.82,46.34],[31.84,46.34],[31.86,46.34],[31.88,46.34],[31.89,46.34],[31.92,46.34],[31.94,46.34],[31.97,46.35],[31.98,46.35],[32.06,46.38],[32.06,46.39],[32.06,46.4],[32.05,46.4],[32.05,46.41],[32.02,46.44],[32.01,46.45],[32,46.45],[31.97,46.45],[31.82,46.48],[31.81,46.48],[31.78,46.49],[31.77,46.49],[31.72,46.49],[31.71,46.49],[31.7,46.49],[31.69,46.48],[31.66,46.47],[31.6,46.5],[31.53,46.55],[31.52,46.56],[31.51,46.58],[31.52,46.58],[31.53,46.57],[31.55,46.55],[31.56,46.55],[31.58,46.54],[31.6,46.54],[31.62,46.54],[31.66,46.54],[31.68,46.55],[31.69,46.55],[31.7,46.55],[31.74,46.55],[31.75,46.55],[31.76,46.55],[31.77,46.55],[31.84,46.53],[31.85,46.52],[31.9,46.52],[32.09,46.51],[32.18,46.49],[32.28,46.47],[32.32,46.46],[32.34,46.46],[32.36,46.46],[32.42,46.49],[32.42,46.5],[32.41,46.5],[32.41,46.51],[32.41,46.52],[32.41,46.53],[32.42,46.54],[32.45,46.55],[32.49,46.58],[32.55,46.59],[32.56,46.6],[32.59,46.6],[32.6,46.61],[32.61,46.61],[32.62,46.62],[32.65,46.64],[32.64,46.64],[32.64,46.65],[32.63,46.65],[32.52,46.61],[32.46,46.59],[32.42,46.57],[32.4,46.56],[32.38,46.56],[32.34,46.56],[32.33,46.56],[32.31,46.56],[32.3,46.56],[32.29,46.57],[32.27,46.58],[32.26,46.6],[32.25,46.6],[32.24,46.6],[32.23,46.6],[32.19,46.58],[32.15,46.56],[32.14,46.56],[32.13,46.56],[32.02,46.63],[32.01,46.64],[32,46.65],[31.99,46.66],[31.97,46.69],[31.97,46.7],[31.97,46.73],[31.95,46.74],[31.94,46.76],[31.93,46.77],[31.93,46.78],[31.93,46.79],[31.93,46.8],[31.94,46.81],[31.94,46.82],[31.95,46.82],[31.98,46.84],[31.98,46.85],[31.99,46.87],[32.01,46.91],[32.01,46.92],[32.01,46.93],[31.98,47.01],[31.84,47.18],[31.75,47.25],[31.74,47.25],[31.73,47.24],[31.72,47.23],[31.73,47.22],[31.73,47.21],[31.75,47.2],[31.76,47.2],[31.79,47.2],[31.81,47.19],[31.81,47.18],[31.82,47.17],[31.87,47.09],[31.87,47.08],[31.87,47.07],[31.85,47.05],[31.84,47.04],[31.84,47.03],[31.84,47.02],[31.84,47.01],[31.84,47],[31.9,46.93],[31.91,46.92],[31.92,46.92],[31.93,46.92],[31.94,46.92],[31.95,46.93],[31.96,46.93],[31.97,46.93],[31.98,46.92],[31.97,46.91],[31.96,46.89],[31.95,46.86],[31.94,46.85],[31.93,46.85],[31.89,46.84],[31.88,46.83],[31.87,46.82],[31.87,46.81],[31.86,46.8],[31.86,46.79],[31.87,46.78],[31.88,46.76],[31.89,46.76],[31.9,46.75],[31.91,46.74],[31.91,46.73],[31.91,46.66],[31.91,46.65],[31.9,46.64],[31.89,46.64],[31.86,46.63],[31.82,46.62],[31.81,46.62],[31.74,46.63],[31.71,46.64],[31.69,46.64],[31.65,46.65],[31.64,46.65],[31.62,46.65],[31.61,46.65],[31.6,46.64],[31.59,46.64],[31.59,46.63],[31.59,46.62],[31.58,46.61],[31.57,46.61],[31.48,46.63],[31.47,46.63],[31.47,46.64],[31.48,46.65],[31.49,46.66],[31.5,46.66],[31.51,46.67],[31.52,46.67],[31.55,46.72],[31.6,46.79],[31.59,46.8],[31.52,46.74],[31.51,46.72],[31.5,46.71],[31.47,46.67],[31.42,46.63],[31.42,46.62],[31.34,46.6],[31.32,46.6],[31.27,46.61],[31.24,46.61],[31.23,46.61],[31.19,46.63],[31.18,46.63],[31.16,46.62],[31.07,46.61],[31.05,46.61],[31.02,46.6],[30.94,46.58],[30.83,46.55],[30.78,46.48],[30.79,46.45],[30.79,46.44],[30.77,46.38],[30.76,46.38],[30.66,46.26],[30.65,46.25],[30.51,46.1],[30.25,45.88],[30.24,45.87],[30.16,45.83],[30.14,45.82],[30.07,45.8],[30.06,45.8],[30.05,45.81],[30.05,45.82],[30.04,45.82],[30.03,45.83],[30.03,45.84],[30.02,45.84],[30,45.84],[29.98,45.84],[29.97,45.84],[29.93,45.82],[29.8,45.74],[29.8,45.73],[29.8,45.72],[29.8,45.71],[29.82,45.69],[29.84,45.68],[29.85,45.68],[29.86,45.68],[29.87,45.67],[29.86,45.67],[29.86,45.66],[29.82,45.65],[29.78,45.63],[29.75,45.62],[29.74,45.63],[29.68,45.69],[29.68,45.7],[29.68,45.73],[29.68,45.74],[29.68,45.76],[29.69,45.77],[29.7,45.77],[29.7,45.78],[29.68,45.8],[29.64,45.82],[29.63,45.82],[29.6,45.69],[29.6,45.68],[29.59,45.67],[29.59,45.56],[29.59,45.55],[29.62,45.49],[29.67,45.47],[29.73,45.47],[29.74,45.47],[29.75,45.45],[29.75,45.44],[29.76,45.32],[29.73,45.23],[29.71,45.21],[29.67,45.21],[29.66,45.21],[29.67,45.27],[29.67,45.28],[29.67,45.29],[29.67,45.3],[29.66,45.33],[29.64,45.34],[29.64,45.35],[29.6,45.38],[29.59,45.39],[29.57,45.39],[29.52,45.41],[29.5,45.41],[29.41,45.44],[29.32,45.44],[29.23,45.43],[29.22,45.42],[28.97,45.32],[28.85,45.3],[28.8,45.24],[28.8,45.23],[28.79,45.23],[28.71,45.22],[28.7,45.22],[28.69,45.22],[28.57,45.24],[28.38,45.3],[28.34,45.32],[28.33,45.33],[28.32,45.34],[28.31,45.34],[28.3,45.35],[28.3,45.37],[28.29,45.38],[28.29,45.39],[28.28,45.4],[28.28,45.41],[28.29,45.41],[28.28,45.42],[28.28,45.43],[28.27,45.44],[28.23,45.45],[28.22,45.45],[28.21,45.45],[28.21,45.46],[28.22,45.47],[28.23,45.49],[28.24,45.5],[28.24,45.51],[28.25,45.51],[28.26,45.52],[28.27,45.52],[28.28,45.52],[28.29,45.53],[28.32,45.53],[28.35,45.52],[28.37,45.52],[28.39,45.51],[28.41,45.51],[28.48,45.51],[28.49,45.51],[28.5,45.51],[28.51,45.51],[28.52,45.52],[28.53,45.53],[28.53,45.64],[28.53,45.65],[28.52,45.65],[28.49,45.66],[28.49,45.67],[28.52,45.71],[28.58,45.76],[28.59,45.77],[28.61,45.77],[28.66,45.77],[28.67,45.77],[28.68,45.77],[28.68,45.78],[28.69,45.78],[28.76,45.85],[28.77,45.86],[28.77,45.87],[28.75,45.91],[28.75,45.92],[28.75,45.93],[28.75,45.94],[28.75,45.95],[28.75,45.96],[28.76,45.96],[28.77,45.97],[28.8,45.97],[28.83,45.98],[28.9,45.99],[28.96,46],[28.97,46],[28.97,46.01],[28.98,46.01],[29.04,46.19],[29.04,46.2],[29.03,46.21],[29.02,46.22],[28.95,46.29],[28.93,46.42],[28.93,46.43],[28.94,46.44],[28.97,46.46],[28.98,46.47],[28.99,46.48],[29.04,46.49],[29.04,46.5],[29.17,46.54],[29.2,46.55],[29.22,46.53],[29.22,46.52],[29.23,46.51],[29.23,46.48],[29.23,46.42],[29.23,46.41],[29.22,46.4],[29.21,46.39],[29.2,46.39],[29.2,46.38],[29.2,46.37],[29.21,46.37],[29.22,46.37],[29.23,46.37],[29.24,46.37],[29.3,46.4],[29.31,46.4],[29.31,46.41],[29.31,46.42],[29.31,46.43],[29.3,46.43],[29.35,46.47],[29.48,46.49],[29.49,46.49],[29.5,46.49],[29.51,46.48],[29.51,46.47],[29.49,46.45],[29.49,46.44],[29.5,46.43],[29.6,46.38],[29.61,46.38],[29.62,46.37],[29.63,46.37],[29.64,46.37],[29.65,46.37],[29.66,46.38],[29.73,46.44],[29.74,46.44],[29.82,46.37],[29.87,46.35],[29.91,46.38],[29.92,46.38],[29.93,46.38],[29.97,46.38],[30,46.38],[30.05,46.38],[30.09,46.38],[30.1,46.38],[30.12,46.39],[30.13,46.4],[30.13,46.41],[30.13,46.42],[30.12,46.42],[30.11,46.43],[30.1,46.43],[30.09,46.43],[30.07,46.44],[30.04,46.44],[30.01,46.46],[29.93,46.51],[29.91,46.52],[29.9,46.53],[29.9,46.54],[29.9,46.55],[29.91,46.55],[29.92,46.56],[29.95,46.56],[29.96,46.56],[29.97,46.57],[29.97,46.58],[29.97,46.73],[29.97,46.75],[29.95,46.81],[29.95,46.82],[29.94,46.82],[29.88,46.85],[29.87,46.86],[29.86,46.86],[29.74,46.89],[29.58,46.94],[29.57,46.95],[29.59,47.02],[29.57,47.14],[29.57,47.15],[29.6,47.27],[29.6,47.28],[29.6,47.3],[29.59,47.31],[29.58,47.33],[29.57,47.34],[29.56,47.34],[29.55,47.34],[29.52,47.35],[29.5,47.35],[29.5,47.34],[29.49,47.34],[29.49,47.33],[29.49,47.32],[29.49,47.31],[29.48,47.3],[29.48,47.29],[29.47,47.29],[29.43,47.29],[29.42,47.29],[29.41,47.3],[29.38,47.32],[29.38,47.33],[29.38,47.35],[29.38,47.36],[29.36,47.38],[29.3,47.42],[29.25,47.45],[29.25,47.46],[29.24,47.46],[29.23,47.46],[29.23,47.45],[29.22,47.45],[29.21,47.44],[29.2,47.44],[29.2,47.43],[29.19,47.44],[29.18,47.44],[29.15,47.5],[29.14,47.52],[29.14,47.53],[29.13,47.54],[29.13,47.55],[29.14,47.55],[29.14,47.56],[29.16,47.58],[29.19,47.61],[29.2,47.61],[29.26,47.76],[29.26,47.77],[29.18,47.95],[29.17,47.96],[29.15,47.98],[29.14,47.99],[29.11,47.99],[29.09,47.99],[29.08,47.98],[29.07,47.98],[29.07,47.97],[29.07,47.96],[29.06,47.95],[29.05,47.94],[29.04,47.93],[29.02,47.93],[29.01,47.93],[28.99,47.93],[28.98,47.94],[28.97,47.94],[28.96,47.95],[28.91,47.98],[28.89,47.99],[28.88,48.01],[28.83,48.1],[28.82,48.11],[28.81,48.12],[28.8,48.13],[28.74,48.14],[28.64,48.15],[28.57,48.16],[28.56,48.16],[28.55,48.16],[28.5,48.13],[28.44,48.15],[28.39,48.16],[28.36,48.19],[28.37,48.2],[28.37,48.21],[28.37,48.22],[28.37,48.23],[28.36,48.24],[28.35,48.24],[28.34,48.24],[28.3,48.24],[28.29,48.23],[28.26,48.22],[28.24,48.21],[28.23,48.21],[28.22,48.2],[28.2,48.21],[28.09,48.23],[28.08,48.24],[28.09,48.26],[28.09,48.27],[28.1,48.29],[28.09,48.3],[28.09,48.31],[28.08,48.31],[28.07,48.31],[28.02,48.32],[27.96,48.33],[27.95,48.33],[27.93,48.34],[27.91,48.35],[27.89,48.36],[27.89,48.37],[27.88,48.37],[27.88,48.39],[27.87,48.4],[27.86,48.4],[27.77,48.45],[27.76,48.45],[27.55,48.47],[27.52,48.47],[27.45,48.44],[27.25,48.37],[27.23,48.37],[26.98,48.36],[26.81,48.33],[26.72,48.33],[26.71,48.34],[26.7,48.34],[26.65,48.3],[26.64,48.29],[26.64,48.27],[26.64,48.26],[26.57,48.22],[26.54,48.21],[26.53,48.21],[26.52,48.21],[26.5,48.22],[26.48,48.22],[26.46,48.22],[26.32,48.19],[26.32,48.18],[26.32,48.17],[26.32,48.16],[26.27,48.08],[26.2,48],[26.18,48],[26.17,47.99],[26.15,47.98],[26.11,47.98],[26.1,47.98],[26.04,47.98],[25.92,47.98],[25.84,47.96],[25.83,47.96],[25.82,47.95],[25.79,47.94],[25.78,47.94],[25.77,47.94],[25.65,47.93],[25.59,47.93],[25.57,47.94],[25.52,47.94],[25.5,47.93],[25.34,47.92],[25.33,47.91],[25.25,47.89],[25.24,47.89],[25.23,47.88],[25.22,47.87],[25.18,47.83],[25.17,47.82],[25.16,47.8],[25.16,47.79],[25.15,47.78],[25.12,47.76],[25.11,47.76],[25.09,47.74],[25.05,47.73],[25.03,47.73],[25,47.72],[24.97,47.72],[24.95,47.72],[24.93,47.71],[24.92,47.71],[24.91,47.71],[24.9,47.71],[24.89,47.72],[24.86,47.76],[24.83,47.8],[24.82,47.81],[24.81,47.81],[24.8,47.82],[24.77,47.82],[24.72,47.84],[24.71,47.84],[24.69,47.85],[24.68,47.86],[24.67,47.87],[24.67,47.88],[24.67,47.89],[24.67,47.9],[24.62,47.93],[24.61,47.94],[24.59,47.95],[24.57,47.95],[24.56,47.95],[24.45,47.96],[24.43,47.96],[24.41,47.96],[24.33,47.93],[24.25,47.9],[24.24,47.9],[24.14,47.91],[24.13,47.91],[24.12,47.91],[24.11,47.92],[24.1,47.93],[24.09,47.94],[24.04,47.95],[24.03,47.96],[23.97,47.96],[23.82,47.97],[23.57,48],[23.51,47.99],[23.51,47.98],[23.5,47.98],[23.49,47.98],[23.48,47.98],[23.41,48],[23.36,48.02],[23.31,48.04],[23.3,48.04],[23.3,48.05],[23.29,48.05],[23.28,48.07],[23.28,48.08],[23.27,48.09],[23.26,48.09],[23.18,48.11],[23.17,48.11],[23.16,48.11],[23.15,48.1],[23.13,48.09],[23.12,48.09],[23.12,48.08],[23.11,48.07],[23.11,48.05],[23.11,48.04],[23.1,48.03],[23.09,48.02],[23.08,48.01],[23.04,47.99],[22.93,47.96],[22.9,47.95],[22.89,47.95],[22.86,47.99],[22.88,48.02],[22.89,48.03],[22.89,48.04],[22.88,48.05],[22.85,48.08],[22.84,48.09],[22.8,48.12],[22.79,48.12],[22.78,48.12],[22.74,48.11],[22.7,48.1],[22.68,48.09],[22.67,48.09],[22.65,48.09],[22.64,48.09],[22.63,48.1],[22.62,48.1],[22.61,48.11],[22.6,48.12],[22.6,48.13],[22.6,48.14],[22.6,48.15],[22.57,48.19],[22.51,48.24],[22.5,48.25],[22.49,48.25],[22.48,48.25],[22.45,48.24],[22.38,48.24],[22.38,48.25],[22.35,48.27],[22.27,48.36],[22.27,48.4],[22.27,48.41],[22.23,48.42],[22.22,48.42],[22.21,48.42],[22.17,48.41],[22.15,48.41],[22.16,48.57],[22.16,48.58],[22.17,48.59],[22.23,48.63],[22.32,48.68],[22.33,48.69],[22.39,48.79],[22.39,48.8],[22.43,48.89],[22.46,48.95],[22.53,48.99],[22.54,49],[22.55,49.04],[22.56,49.08],[22.56,49.09],[22.57,49.09],[22.59,49.09],[22.6,49.09],[22.74,49.05],[22.85,49.01],[22.86,49],[22.87,49],[22.88,49],[22.89,49],[22.87,49.03],[22.86,49.04],[22.86,49.05],[22.86,49.06],[22.88,49.08],[22.88,49.09],[22.85,49.11],[22.78,49.15],[22.71,49.16],[22.7,49.16],[22.7,49.17],[22.7,49.18],[22.73,49.22],[22.75,49.27],[22.76,49.28],[22.76,49.3],[22.74,49.39],[22.73,49.4],[22.69,49.45],[22.66,49.52],[22.66,49.53],[22.66,49.54],[22.68,49.57],[22.69,49.58],[22.72,49.6],[22.78,49.67],[23.11,49.95],[23.15,49.98],[23.22,50.04],[23.23,50.05],[23.3,50.1],[23.32,50.12],[23.34,50.13],[23.38,50.15],[23.5,50.22],[23.54,50.24],[23.57,50.26],[23.59,50.27],[23.68,50.32],[23.68,50.33],[23.69,50.34],[23.69,50.36],[23.69,50.37],[23.7,50.37],[23.7,50.38],[23.71,50.38],[23.72,50.38],[23.73,50.39],[23.76,50.39],[23.79,50.4],[23.81,50.41],[23.85,50.41],[23.88,50.41],[23.93,50.4],[23.98,50.41],[23.99,50.41],[24,50.41],[24,50.42],[24.11,50.57],[24.11,50.63],[24.07,50.7],[24.02,50.74],[23.96,50.78],[23.95,50.79],[23.95,50.8],[23.96,50.81],[23.96,50.82],[23.97,50.83],[23.99,50.83],[24.02,50.83],[24.05,50.83],[24.08,50.83],[24.11,50.83],[24.13,50.84],[24.14,50.85],[24.14,50.86],[24.09,50.88],[24.06,50.89],[24.04,50.89],[24.04,50.9],[24.03,50.9],[23.99,50.93],[23.97,50.95],[23.96,50.95],[23.93,50.99],[23.91,51.07],[23.9,51.07],[23.81,51.17],[23.76,51.2],[23.73,51.22],[23.68,51.29],[23.68,51.37],[23.69,51.4],[23.69,51.41],[23.66,51.48],[23.65,51.48],[23.64,51.49],[23.63,51.49],[23.62,51.49],[23.61,51.5],[23.61,51.53],[23.64,51.52],[23.65,51.52],[23.65,51.53],[23.65,51.54],[23.63,51.57],[23.62,51.59],[23.61,51.6],[23.61,51.61],[23.61,51.62],[23.62,51.62],[23.64,51.63],[23.65,51.64],[23.67,51.64],[23.74,51.65],[23.75,51.65],[23.77,51.65],[23.9,51.64],[23.9,51.63],[23.91,51.63],[23.92,51.62],[23.93,51.62],[23.93,51.61],[23.94,51.6],[23.94,51.59],[23.95,51.59],[23.97,51.59],[23.99,51.59],[24.01,51.6],[24.04,51.61],[24.07,51.63],[24.28,51.74],[24.29,51.74],[24.29,51.75],[24.3,51.76],[24.3,51.77],[24.3,51.79],[24.31,51.81],[24.31,51.82],[24.32,51.83],[24.38,51.88],[24.39,51.89],[24.4,51.89],[24.41,51.89],[24.7,51.89],[24.74,51.89],[24.89,51.9],[24.9,51.9],[24.99,51.91],[25.05,51.93],[25.09,51.94],[25.17,51.96],[25.18,51.96],[25.24,51.96],[25.26,51.96],[25.28,51.95],[25.31,51.94],[25.34,51.93],[25.36,51.93],[25.44,51.92],[25.55,51.92],[25.56,51.92],[25.6,51.92],[25.68,51.92],[25.7,51.92],[25.73,51.93],[25.74,51.93],[25.77,51.94],[25.78,51.94],[25.82,51.94],[26.03,51.91],[26.14,51.88],[26.15,51.88],[26.17,51.86],[26.18,51.86],[26.21,51.86],[26.29,51.85],[26.3,51.85],[26.34,51.86],[26.36,51.86],[26.42,51.86],[26.44,51.86],[26.44,51.85],[26.44,51.83],[26.44,51.82],[26.45,51.81],[26.46,51.81],[26.5,51.81],[26.53,51.81],[26.57,51.82],[26.61,51.82],[26.64,51.82],[26.65,51.82],[26.67,51.81],[26.72,51.8],[26.77,51.79],[26.82,51.77],[26.89,51.76],[26.92,51.75],[26.93,51.75],[26.95,51.75],[26.97,51.75],[27,51.77],[27.02,51.77],[27.03,51.77],[27.08,51.77],[27.16,51.77],[27.18,51.76],[27.2,51.76],[27.21,51.75],[27.21,51.74],[27.21,51.72],[27.2,51.71],[27.2,51.69],[27.2,51.67],[27.27,51.6],[27.28,51.6],[27.29,51.6],[27.42,51.6],[27.45,51.6],[27.46,51.6],[27.51,51.63],[27.6,51.62],[27.69,51.6],[27.71,51.6],[27.72,51.59],[27.73,51.59],[27.73,51.58],[27.73,51.57],[27.73,51.56],[27.71,51.55],[27.68,51.49],[27.74,51.47],[27.75,51.47],[27.81,51.52],[27.82,51.53],[27.82,51.54],[27.82,51.56],[27.81,51.57],[27.81,51.58],[27.81,51.59],[27.82,51.6],[27.84,51.61],[27.85,51.62],[27.86,51.62],[27.87,51.62],[27.89,51.62],[27.9,51.61],[27.91,51.6],[27.92,51.59],[27.93,51.59],[27.95,51.58],[27.98,51.57],[27.99,51.56],[28.01,51.56],[28.07,51.56],[28.09,51.56],[28.1,51.57],[28.11,51.57],[28.14,51.58],[28.14,51.59],[28.16,51.61],[28.17,51.63],[28.18,51.64],[28.19,51.64],[28.21,51.66],[28.22,51.66],[28.24,51.66],[28.26,51.66],[28.27,51.66],[28.32,51.59],[28.43,51.57],[28.46,51.58],[28.48,51.58],[28.49,51.58],[28.62,51.57],[28.63,51.57],[28.63,51.56],[28.63,51.55],[28.63,51.54],[28.63,51.53],[28.64,51.51],[28.65,51.47],[28.65,51.46],[28.66,51.45],[28.67,51.44],[28.74,51.41],[28.75,51.41],[28.76,51.41],[28.77,51.42],[28.77,51.45],[28.76,51.47],[28.76,51.48],[28.77,51.48],[28.77,51.49],[28.79,51.52],[28.81,51.53],[28.83,51.55],[28.84,51.55],[29.05,51.63],[29.07,51.64],[29.08,51.64],[29.09,51.64],[29.12,51.64],[29.16,51.63],[29.17,51.63],[29.18,51.62],[29.24,51.54],[29.25,51.51],[29.25,51.5],[29.3,51.4],[29.31,51.39],[29.31,51.38],[29.32,51.38],[29.34,51.37],[29.35,51.38],[29.41,51.4],[29.62,51.49],[29.63,51.49],[29.67,51.5],[29.68,51.5],[29.71,51.5],[29.72,51.49],[29.73,51.48],[29.73,51.47],[29.73,51.46],[29.74,51.45],[29.75,51.45],[29.76,51.44],[29.77,51.44],[29.83,51.44],[29.88,51.46],[29.91,51.47],[29.98,51.49],[30.01,51.49],[30.04,51.49],[30.14,51.49],[30.16,51.49],[30.18,51.49],[30.2,51.49],[30.21,51.48],[30.34,51.41],[30.35,51.41],[30.35,51.4],[30.35,51.39],[30.35,51.36],[30.46,51.3],[30.55,51.25],[30.57,51.3],[30.61,51.32],[30.62,51.33],[30.64,51.33],[30.64,51.37],[30.59,51.49],[30.55,51.54],[30.57,51.64],[30.62,51.7],[30.63,51.71],[30.67,51.79],[30.67,51.8],[30.66,51.81],[30.66,51.82],[30.66,51.83],[30.75,51.9],[30.82,51.95],[30.9,51.98],[30.96,52],[30.93,52.03],[30.93,52.06],[30.94,52.06],[30.94,52.07],[30.96,52.08],[30.97,52.08],[31.11,52.09],[31.13,52.09],[31.29,52.08],[31.3,52.09],[31.32,52.1],[31.34,52.11],[31.35,52.12],[31.36,52.12],[31.38,52.12],[31.42,52.12],[31.5,52.12],[31.52,52.12],[31.62,52.11],[31.73,52.11],[31.78,52.11],[31.82,52.11],[31.83,52.11],[31.85,52.11],[31.87,52.11],[31.89,52.1],[31.9,52.1],[31.91,52.09],[31.91,52.07],[32,52.05],[32.11,52.04],[32.12,52.04],[32.13,52.05],[32.23,52.08],[32.29,52.1],[32.3,52.11],[32.34,52.16],[32.33,52.17],[32.33,52.18],[32.36,52.31],[32.37,52.32],[32.37,52.33],[32.38,52.33],[32.39,52.34],[32.41,52.34],[32.53,52.32],[32.55,52.32],[32.58,52.31],[32.61,52.3],[32.64,52.29],[32.7,52.27],[32.73,52.26],[32.76,52.26],[32.91,52.25],[32.92,52.25],[32.94,52.25],[32.97,52.27],[33.04,52.31],[33.2,52.38],[33.21,52.38],[33.38,52.37],[33.41,52.36],[33.42,52.35]]]]}},{"type":"Feature","properties":{"FID":0,"FIPS":"SM","ISO2":"SM","ISO3":"SMR","UN":674,"NAME":"San Marino","AREA":0,"POP2005":30214,"REGION":150,"SUBREGION":39,"LON":12.46,"LAT":43.942},"geometry":{"type":"Polygon","coordinates":[[[12.42,43.96],[12.45,43.98],[12.46,43.98],[12.47,43.99],[12.49,43.99],[12.51,43.99],[12.51,43.98],[12.51,43.94],[12.5,43.92],[12.49,43.91],[12.47,43.9],[12.46,43.9],[12.42,43.91],[12.41,43.91],[12.4,43.93],[12.4,43.95],[12.41,43.95],[12.42,43.96]]]}},{"type":"Feature","properties":{"FID":0,"FIPS":"RB","ISO2":"RS","ISO3":"SRB","UN":688,"NAME":"Serbia","AREA":0,"POP2005":9863026,"REGION":150,"SUBREGION":39,"LON":20.806,"LAT":44.032},"geometry":{"type":"Polygon","coordinates":[[[20.07,42.56],[20.11,42.64],[20.11,42.65],[20.1,42.66],[20.09,42.66],[20.07,42.67],[20.05,42.68],[20.02,42.68],[20.01,42.68],[19.98,42.7],[19.98,42.71],[19.98,42.72],[19.99,42.73],[20.02,42.75],[20.04,42.77],[20.07,42.77],[20.08,42.77],[20.09,42.77],[20.1,42.77],[20.11,42.77],[20.23,42.76],[20.38,42.83],[20.38,42.84],[20.38,42.85],[20.35,42.89],[20.34,42.89],[20.3,42.93],[20.29,42.93],[20.26,42.94],[20.18,42.97],[20.16,42.97],[20.15,42.97],[20.06,43.01],[20.04,43.04],[19.97,43.09],[19.92,43.11],[19.78,43.15],[19.69,43.17],[19.67,43.17],[19.66,43.18],[19.65,43.18],[19.64,43.19],[19.59,43.24],[19.56,43.26],[19.56,43.27],[19.55,43.28],[19.52,43.32],[19.51,43.32],[19.44,43.37],[19.28,43.45],[19.25,43.46],[19.23,43.51],[19.29,43.54],[19.41,43.58],[19.48,43.57],[19.49,43.59],[19.51,43.68],[19.51,43.69],[19.51,43.7],[19.51,43.72],[19.5,43.73],[19.5,43.74],[19.49,43.75],[19.49,43.76],[19.48,43.77],[19.44,43.8],[19.37,43.86],[19.25,43.96],[19.24,44],[19.24,44.01],[19.31,44],[19.35,43.98],[19.36,43.98],[19.36,43.97],[19.37,43.97],[19.43,43.96],[19.48,43.96],[19.51,43.96],[19.52,43.96],[19.53,43.96],[19.62,44.02],[19.62,44.05],[19.6,44.06],[19.49,44.12],[19.36,44.21],[19.24,44.27],[19.23,44.27],[19.17,44.28],[19.16,44.29],[19.13,44.31],[19.13,44.32],[19.1,44.36],[19.11,44.38],[19.12,44.52],[19.13,44.52],[19.14,44.52],[19.19,44.56],[19.31,44.7],[19.34,44.75],[19.34,44.77],[19.35,44.77],[19.38,44.86],[19.38,44.87],[19.37,44.89],[19.31,44.91],[19.3,44.91],[19.19,44.92],[19.18,44.92],[19.17,44.92],[19.12,44.9],[19.04,44.86],[19.03,44.88],[19.02,44.89],[19.01,44.89],[19,44.9],[19.01,44.91],[19.01,44.92],[19.03,44.93],[19.04,44.93],[19.05,44.93],[19.12,45.03],[19.1,45.1],[19.16,45.21],[19.17,45.22],[19.19,45.22],[19.21,45.21],[19.22,45.21],[19.23,45.2],[19.25,45.19],[19.25,45.18],[19.26,45.18],[19.35,45.17],[19.41,45.17],[19.42,45.18],[19.42,45.19],[19.43,45.21],[19.42,45.23],[19.4,45.24],[19.39,45.24],[19.36,45.23],[19.34,45.23],[19.32,45.24],[19.29,45.24],[19.26,45.25],[19.19,45.27],[19.14,45.29],[19.11,45.3],[18.99,45.37],[18.98,45.38],[18.98,45.39],[19,45.48],[19,45.49],[19.01,45.5],[19.02,45.5],[19.03,45.49],[19.04,45.49],[19.05,45.49],[19.06,45.49],[19.07,45.49],[19.09,45.49],[19.1,45.5],[19.1,45.51],[19.1,45.52],[19.02,45.56],[19.01,45.56],[19,45.56],[18.97,45.54],[18.96,45.54],[18.95,45.54],[18.94,45.54],[18.93,45.54],[18.93,45.55],[18.91,45.57],[18.9,45.57],[18.9,45.58],[18.91,45.61],[18.91,45.62],[18.93,45.63],[18.94,45.63],[18.96,45.65],[18.97,45.66],[18.97,45.67],[18.96,45.78],[18.95,45.78],[18.92,45.81],[18.91,45.82],[18.9,45.82],[18.89,45.83],[18.88,45.83],[18.83,45.87],[18.83,45.88],[18.82,45.91],[18.84,45.91],[18.86,45.91],[19,45.95],[19.01,45.96],[19.01,45.97],[19.08,46.02],[19.09,46.02],[19.1,46.02],[19.11,46.03],[19.12,46.02],[19.13,46.02],[19.14,46.02],[19.15,45.99],[19.16,45.99],[19.28,45.99],[19.29,45.99],[19.46,46.07],[19.47,46.08],[19.51,46.11],[19.52,46.12],[19.51,46.13],[19.5,46.14],[19.51,46.14],[19.56,46.17],[19.57,46.17],[19.66,46.18],[19.67,46.18],[19.7,46.18],[19.75,46.16],[19.84,46.15],[19.85,46.15],[19.86,46.16],[19.96,46.17],[20.11,46.17],[20.12,46.17],[20.2,46.15],[20.26,46.12],[20.31,46.08],[20.32,46.06],[20.35,46.03],[20.35,46.02],[20.35,46.01],[20.36,46],[20.36,45.99],[20.37,45.98],[20.38,45.98],[20.51,45.92],[20.52,45.91],[20.53,45.91],[20.55,45.91],[20.56,45.91],[20.58,45.9],[20.59,45.89],[20.66,45.83],[20.66,45.81],[20.66,45.8],[20.71,45.75],[20.71,45.74],[20.72,45.74],[20.73,45.74],[20.74,45.74],[20.75,45.74],[20.76,45.75],[20.76,45.76],[20.77,45.77],[20.78,45.77],[20.79,45.77],[20.8,45.77],[20.8,45.76],[20.8,45.74],[20.8,45.66],[20.8,45.65],[20.78,45.64],[20.77,45.63],[20.77,45.62],[20.77,45.61],[20.77,45.6],[20.79,45.51],[20.81,45.48],[20.99,45.35],[21.05,45.32],[21.27,45.23],[21.28,45.23],[21.35,45.22],[21.41,45.22],[21.42,45.22],[21.47,45.19],[21.48,45.18],[21.51,45.15],[21.52,45.15],[21.52,45.14],[21.51,45.13],[21.51,45.12],[21.44,45.05],[21.38,45.02],[21.37,45.02],[21.37,45.01],[21.37,45],[21.38,45],[21.41,44.97],[21.43,44.96],[21.44,44.96],[21.46,44.96],[21.47,44.96],[21.48,44.96],[21.53,44.94],[21.54,44.94],[21.55,44.93],[21.56,44.92],[21.56,44.91],[21.56,44.9],[21.56,44.89],[21.55,44.89],[21.5,44.88],[21.48,44.88],[21.46,44.87],[21.44,44.88],[21.41,44.88],[21.4,44.88],[21.37,44.87],[21.37,44.86],[21.36,44.83],[21.36,44.82],[21.39,44.79],[21.4,44.78],[21.41,44.78],[21.45,44.78],[21.48,44.78],[21.52,44.78],[21.54,44.78],[21.57,44.77],[21.59,44.76],[21.6,44.75],[21.62,44.72],[21.62,44.71],[21.61,44.7],[21.61,44.69],[21.62,44.68],[21.62,44.67],[21.63,44.66],[21.64,44.66],[21.65,44.66],[21.66,44.66],[21.73,44.66],[21.74,44.66],[21.78,44.66],[21.91,44.65],[21.99,44.64],[22,44.63],[22.03,44.59],[22.03,44.56],[22.04,44.56],[22.04,44.55],[22.08,44.5],[22.09,44.5],[22.11,44.49],[22.13,44.48],[22.15,44.48],[22.17,44.48],[22.18,44.48],[22.19,44.49],[22.26,44.59],[22.27,44.6],[22.3,44.64],[22.3,44.65],[22.31,44.66],[22.32,44.67],[22.42,44.71],[22.43,44.71],[22.44,44.71],[22.46,44.72],[22.47,44.71],[22.48,44.71],[22.49,44.7],[22.5,44.7],[22.51,44.69],[22.52,44.67],[22.54,44.66],[22.57,44.64],[22.59,44.63],[22.61,44.62],[22.62,44.62],[22.64,44.62],[22.66,44.62],[22.67,44.62],[22.71,44.61],[22.71,44.6],[22.72,44.6],[22.76,44.56],[22.77,44.56],[22.77,44.55],[22.76,44.55],[22.76,44.54],[22.75,44.54],[22.74,44.53],[22.73,44.53],[22.71,44.52],[22.7,44.52],[22.69,44.52],[22.68,44.53],[22.67,44.53],[22.65,44.54],[22.63,44.55],[22.62,44.55],[22.61,44.55],[22.59,44.55],[22.58,44.55],[22.46,44.48],[22.46,44.47],[22.46,44.45],[22.53,44.34],[22.54,44.34],[22.55,44.32],[22.57,44.31],[22.58,44.3],[22.59,44.3],[22.62,44.3],[22.64,44.29],[22.66,44.29],[22.67,44.29],[22.68,44.28],[22.69,44.28],[22.69,44.27],[22.69,44.26],[22.68,44.23],[22.65,44.21],[22.62,44.17],[22.61,44.12],[22.55,44.06],[22.54,44.06],[22.42,44.01],[22.37,43.83],[22.41,43.73],[22.41,43.71],[22.54,43.48],[22.54,43.47],[22.55,43.47],[22.63,43.43],[22.67,43.42],[22.72,43.4],[22.76,43.39],[22.77,43.39],[22.82,43.34],[22.83,43.33],[22.84,43.33],[22.84,43.29],[22.85,43.29],[22.85,43.28],[22.9,43.23],[22.91,43.23],[22.94,43.21],[23,43.19],[22.99,43.14],[22.99,43.13],[22.97,43.1],[22.75,42.89],[22.74,42.89],[22.73,42.89],[22.66,42.88],[22.61,42.9],[22.6,42.9],[22.59,42.89],[22.52,42.88],[22.51,42.87],[22.45,42.83],[22.44,42.82],[22.44,42.81],[22.45,42.6],[22.46,42.57],[22.47,42.56],[22.52,42.53],[22.54,42.52],[22.55,42.51],[22.56,42.49],[22.56,42.48],[22.54,42.43],[22.54,42.42],[22.52,42.4],[22.46,42.36],[22.41,42.34],[22.36,42.32],[22.34,42.36],[22.33,42.36],[22.32,42.36],[22.31,42.36],[22.22,42.34],[22.21,42.33],[22.21,42.32],[22.2,42.32],[22.2,42.31],[22.18,42.31],[22.08,42.3],[22.07,42.3],[22.06,42.3],[22.02,42.32],[21.86,42.33],[21.85,42.33],[21.84,42.33],[21.81,42.3],[21.8,42.29],[21.79,42.28],[21.79,42.27],[21.79,42.26],[21.78,42.26],[21.74,42.24],[21.72,42.23],[21.71,42.23],[21.7,42.23],[21.68,42.24],[21.62,42.25],[21.48,42.27],[21.47,42.27],[21.46,42.26],[21.35,42.2],[21.34,42.19],[21.31,42.15],[21.3,42.15],[21.22,42.15],[21.21,42.15],[21.14,42.2],[21.13,42.2],[21.12,42.2],[21.11,42.2],[20.91,42.12],[20.81,42.09],[20.8,42.09],[20.79,42.08],[20.77,42.05],[20.77,42.04],[20.76,41.99],[20.76,41.98],[20.76,41.97],[20.78,41.95],[20.78,41.94],[20.78,41.93],[20.77,41.92],[20.74,41.87],[20.73,41.86],[20.71,41.86],[20.7,41.86],[20.63,41.86],[20.62,41.86],[20.61,41.86],[20.61,41.87],[20.59,41.88],[20.58,41.91],[20.58,41.92],[20.59,41.93],[20.61,41.94],[20.62,41.94],[20.62,41.95],[20.62,41.96],[20.62,41.97],[20.59,42.04],[20.53,42.21],[20.52,42.21],[20.51,42.23],[20.47,42.27],[20.46,42.27],[20.45,42.28],[20.39,42.3],[20.36,42.31],[20.26,42.32],[20.25,42.32],[20.25,42.33],[20.24,42.33],[20.24,42.35],[20.24,42.36],[20.24,42.37],[20.22,42.42],[20.22,42.43],[20.17,42.51],[20.16,42.51],[20.11,42.53],[20.1,42.54],[20.07,42.56]]]}},{"type":"Feature","properties":{"FID":0,"FIPS":"VT","ISO2":"VA","ISO3":"VAT","UN":336,"NAME":"Holy See (Vatican City)","AREA":0,"POP2005":783,"REGION":150,"SUBREGION":39,"LON":12.451,"LAT":41.904},"geometry":{"type":"Polygon","coordinates":[[[12.45,41.9],[12.45,41.91],[12.46,41.9],[12.45,41.9]]]}},{"type":"Feature","properties":{"FID":0,"FIPS":"RS","ISO2":"RU","ISO3":"RUS","UN":643,"NAME":"Russia","AREA":1638094,"POP2005":143953092,"REGION":150,"SUBREGION":151,"LON":96.689,"LAT":61.988},"geometry":{"type":"MultiPolygon","coordinates":[[[[21.36,55.29],[21.39,55.28],[21.43,55.25],[21.56,55.2],[21.64,55.19],[21.65,55.18],[21.72,55.15],[21.72,55.14],[21.73,55.13],[22.05,55.03],[22.06,55.03],[22.08,55.03],[22.1,55.03],[22.11,55.03],[22.12,55.04],[22.13,55.05],[22.14,55.05],[22.15,55.05],[22.18,55.06],[22.2,55.06],[22.26,55.07],[22.28,55.07],[22.51,55.06],[22.6,55.05],[22.6,55.04],[22.64,54.97],[22.64,54.96],[22.65,54.96],[22.66,54.96],[22.68,54.96],[22.7,54.96],[22.72,54.96],[22.73,54.96],[22.84,54.9],[22.85,54.89],[22.85,54.88],[22.86,54.84],[22.87,54.82],[22.87,54.81],[22.86,54.8],[22.85,54.78],[22.84,54.78],[22.83,54.77],[22.82,54.77],[22.81,54.77],[22.75,54.72],[22.72,54.7],[22.72,54.69],[22.7,54.54],[22.69,54.52],[22.69,54.49],[22.69,54.47],[22.7,54.46],[22.71,54.45],[22.71,54.44],[22.73,54.43],[22.74,54.42],[22.78,54.38],[22.79,54.36],[22.78,54.36],[22.76,54.36],[22.66,54.35],[22.63,54.35],[22.46,54.35],[22.43,54.35],[22.3,54.34],[22.29,54.34],[22.27,54.34],[22.16,54.34],[21.98,54.33],[21.86,54.33],[21.73,54.33],[21.63,54.33],[21.58,54.33],[21.57,54.33],[21.52,54.33],[21.44,54.33],[21.41,54.33],[21.37,54.33],[21.28,54.33],[21.23,54.33],[21.18,54.34],[21.13,54.34],[20.9,54.36],[20.74,54.36],[20.43,54.38],[20.37,54.39],[20.33,54.39],[20.3,54.4],[20.16,54.41],[20.09,54.42],[20,54.42],[19.86,54.43],[19.8,54.44],[19.82,54.47],[19.93,54.49],[19.96,54.53],[19.98,54.56],[20,54.57],[20.02,54.57],[20.04,54.56],[20.05,54.55],[20.07,54.55],[20.1,54.57],[20.22,54.6],[20.24,54.61],[20.25,54.61],[20.38,54.66],[20.4,54.67],[20.41,54.68],[20.19,54.7],[20.17,54.69],[20.15,54.68],[20.11,54.67],[20.09,54.65],[20.07,54.66],[20.05,54.67],[20.05,54.7],[20.04,54.71],[20.02,54.72],[20,54.72],[19.98,54.7],[19.96,54.7],[19.96,54.69],[19.96,54.68],[19.94,54.66],[19.95,54.65],[19.95,54.64],[19.96,54.64],[19.96,54.63],[19.95,54.63],[19.93,54.63],[19.9,54.63],[19.87,54.64],[19.9,54.69],[19.91,54.71],[19.92,54.71],[19.93,54.72],[19.96,54.76],[19.96,54.77],[19.96,54.8],[19.94,54.84],[19.93,54.85],[19.92,54.86],[19.92,54.88],[19.93,54.9],[19.94,54.92],[19.94,54.93],[19.95,54.94],[19.97,54.96],[19.98,54.96],[19.99,54.96],[20,54.96],[20,54.95],[20.02,54.95],[20.04,54.95],[20.36,54.94],[20.42,54.95],[20.43,54.95],[20.55,55],[20.61,55.02],[20.63,55.03],[20.67,55.06],[20.69,55.07],[20.7,55.08],[20.83,55.19],[20.89,55.24],[20.94,55.28],[20.94,55.29],[20.98,55.28],[20.91,55.23],[20.89,55.21],[20.89,55.2],[20.88,55.19],[20.85,55.15],[20.84,55.15],[20.71,55.06],[20.67,55.04],[20.63,55.02],[20.59,55],[20.58,55],[20.53,54.97],[20.53,54.96],[20.54,54.95],[20.55,54.94],[20.57,54.94],[20.58,54.94],[20.59,54.94],[20.66,54.94],[20.75,54.94],[20.79,54.94],[20.8,54.94],[20.81,54.94],[20.86,54.9],[20.87,54.9],[20.98,54.89],[21.09,54.9],[21.1,54.9],[21.22,54.93],[21.24,54.94],[21.25,54.95],[21.24,54.97],[21.24,54.98],[21.23,54.98],[21.22,54.99],[21.22,55],[21.22,55.02],[21.19,55.15],[21.22,55.2],[21.23,55.2],[21.26,55.2],[21.27,55.21],[21.27,55.22],[21.27,55.23],[21.26,55.25],[21.27,55.25],[21.28,55.25],[21.3,55.26],[21.33,55.27],[21.36,55.29]]],[[[37.02,63.9],[47.87,50.33],[47.88,50.29],[47.76,50.38],[47.63,50.45],[47.62,50.46],[47.6,50.46],[47.58,50.46],[47.55,50.45],[47.52,50.44],[47.49,50.42],[47.48,50.41],[47.45,50.38],[47.44,50.36],[47.43,50.35],[47.42,50.33],[47.41,50.33],[47.37,50.31],[47.35,50.31],[47.33,50.3],[47.32,50.3],[47.32,50.29],[47.31,50.29],[47.28,50.19],[47.28,50.18],[47.3,50.16],[47.31,50.15],[47.32,50.15],[47.33,50.14],[47.34,50.14],[47.35,50.12],[47.35,50.11],[47.36,50.1],[47.36,50.09],[47.35,50.08],[47.34,50.07],[47.3,50.03],[47.27,50],[47.26,50],[47.2,49.95],[47.19,49.94],[47.15,49.93],[47.12,49.93],[47.09,49.92],[47.05,49.91],[47.01,49.9],[46.98,49.89],[46.95,49.88],[46.94,49.88],[46.93,49.87],[46.93,49.86],[46.86,49.6],[46.8,49.37],[46.8,49.34],[46.81,49.34],[46.84,49.33],[46.87,49.32],[46.88,49.32],[46.9,49.31],[46.92,49.3],[46.95,49.28],[47.02,49.24],[47.03,49.24],[47.04,49.23],[47.06,49.2],[47.06,49.19],[47.06,49.17],[47.06,49.15],[47.06,49.14],[47.06,49.12],[47.05,49.11],[47.04,49.1],[47.02,49.07],[47,49.05],[46.97,49.02],[46.95,49.01],[46.94,49.01],[46.91,48.99],[46.88,48.98],[46.85,48.97],[46.82,48.95],[46.8,48.95],[46.78,48.94],[46.63,48.66],[46.61,48.62],[46.56,48.52],[46.53,48.47],[46.5,48.42],[46.66,48.38],[46.82,48.34],[46.98,48.31],[47.12,48.27],[47.13,48.25],[47.13,48.24],[47.12,48.1],[47.12,47.95],[47.14,47.82],[47.14,47.81],[47.15,47.81],[47.19,47.78],[47.26,47.75],[47.38,47.69],[47.39,47.69],[47.4,47.69],[47.4,47.7],[47.41,47.77],[47.41,47.78],[47.41,47.81],[47.41,47.82],[47.41,47.83],[47.42,47.84],[47.43,47.84],[47.44,47.84],[47.45,47.84],[47.48,47.83],[47.52,47.82],[47.6,47.79],[47.63,47.78],[47.64,47.78],[47.66,47.77],[47.69,47.77],[47.74,47.77],[47.8,47.78],[47.92,47.78],[48.03,47.78],[48.05,47.78],[48.06,47.78],[48.1,47.77],[48.11,47.77],[48.13,47.76],[48.14,47.75],[48.15,47.74],[48.2,47.7],[48.22,47.69],[48.24,47.67],[48.26,47.65],[48.27,47.63],[48.32,47.57],[48.38,47.5],[48.44,47.44],[48.46,47.43],[48.47,47.43],[48.57,47.37],[48.58,47.36],[48.63,47.27],[48.72,47.1],[48.98,46.82],[49.03,46.78],[48.94,46.7],[48.77,46.69],[48.76,46.7],[48.75,46.71],[48.73,46.74],[48.72,46.75],[48.71,46.76],[48.69,46.77],[48.67,46.77],[48.64,46.77],[48.6,46.77],[48.59,46.77],[48.55,46.76],[48.54,46.75],[48.52,46.74],[48.51,46.73],[48.51,46.72],[48.5,46.69],[48.49,46.67],[48.56,46.56],[48.58,46.56],[48.59,46.56],[48.62,46.56],[48.67,46.56],[48.68,46.56],[48.71,46.56],[48.73,46.56],[48.74,46.56],[48.75,46.55],[48.77,46.53],[48.79,46.52],[48.83,46.48],[48.85,46.48],[48.88,46.48],[48.91,46.49],[48.92,46.49],[49.17,46.37],[49.22,46.35],[49.23,46.32],[49.23,46.31],[49.24,46.3],[49.25,46.29],[49.26,46.29],[49.3,46.27],[49.31,46.26],[49.3,46.26],[49.3,46.25],[49.29,46.25],[49.28,46.25],[49.19,46.27],[49.15,46.29],[49.05,46.2],[48.91,46.13],[48.78,46.09],[48.71,46.13],[48.67,46.12],[48.63,46.09],[48.63,46.08],[48.65,46.08],[48.69,46.06],[48.7,46.06],[48.72,46.03],[48.73,46.02],[48.74,45.97],[48.76,45.85],[48.71,45.83],[48.63,45.91],[48.61,45.93],[48.6,45.94],[48.6,45.95],[48.59,45.96],[48.57,45.97],[48.56,45.97],[48.46,45.94],[48.45,45.93],[48.37,45.88],[48.34,45.84],[48.26,45.77],[48.22,45.74],[48.19,45.74],[48.14,45.74],[47.98,45.73],[47.86,45.72],[47.85,45.72],[47.85,45.71],[47.83,45.66],[47.62,45.76],[47.6,45.76],[47.56,45.77],[47.55,45.77],[47.55,45.74],[47.56,45.74],[47.59,45.72],[47.62,45.71],[47.63,45.71],[47.66,45.62],[47.65,45.6],[47.64,45.59],[47.65,45.56],[47.66,45.56],[47.65,45.56],[47.65,45.55],[47.64,45.55],[47.63,45.55],[47.62,45.56],[47.61,45.56],[47.61,45.58],[47.6,45.6],[47.58,45.63],[47.57,45.64],[47.5,45.71],[47.49,45.72],[47.49,45.73],[47.4,45.75],[47.39,45.75],[47.38,45.74],[47.38,45.73],[47.41,45.68],[47.42,45.67],[47.47,45.65],[47.48,45.65],[47.49,45.65],[47.5,45.65],[47.53,45.64],[47.55,45.63],[47.56,45.6],[47.57,45.58],[47.57,45.56],[47.57,45.55],[47.55,45.53],[47.54,45.53],[47.5,45.56],[47.51,45.55],[47.52,45.52],[47.52,45.49],[47.49,45.42],[47.48,45.42],[47.47,45.42],[47.42,45.36],[47.37,45.23],[47.24,45.06],[47.13,44.94],[47.12,44.87],[47.12,44.86],[47.08,44.78],[47.07,44.78],[47.03,44.83],[46.99,44.81],[46.97,44.79],[46.95,44.77],[46.89,44.75],[46.86,44.73],[46.78,44.7],[46.77,44.69],[46.76,44.68],[46.72,44.6],[46.68,44.52],[46.68,44.51],[46.7,44.45],[46.7,44.44],[46.71,44.43],[46.72,44.42],[46.76,44.39],[46.78,44.39],[46.8,44.38],[46.81,44.39],[46.82,44.39],[46.82,44.4],[46.84,44.4],[46.99,44.37],[47.01,44.36],[47.03,44.35],[47.04,44.35],[47.05,44.34],[47.05,44.32],[47.06,44.31],[47.06,44.3],[47.07,44.29],[47.08,44.26],[47.08,44.25],[47.09,44.24],[47.15,44.2],[47.16,44.2],[47.17,44.2],[47.18,44.2],[47.2,44.21],[47.27,44.14],[47.35,44.03],[47.49,43.82],[47.49,43.81],[47.5,43.77],[47.5,43.76],[47.45,43.68],[47.4,43.61],[47.39,43.61],[47.38,43.61],[47.37,43.62],[47.36,43.62],[47.36,43.61],[47.36,43.59],[47.37,43.59],[47.4,43.51],[47.41,43.5],[47.43,43.5],[47.44,43.5],[47.45,43.51],[47.46,43.53],[47.46,43.57],[47.47,43.63],[47.47,43.64],[47.48,43.64],[47.52,43.76],[47.54,43.79],[47.54,43.8],[47.54,43.81],[47.54,43.82],[47.54,43.83],[47.54,43.85],[47.54,43.86],[47.55,43.87],[47.55,43.88],[47.59,43.89],[47.61,43.9],[47.63,43.9],[47.64,43.9],[47.69,43.88],[47.7,43.87],[47.69,43.87],[47.68,43.86],[47.67,43.86],[47.67,43.85],[47.65,43.84],[47.64,43.82],[47.63,43.81],[47.61,43.76],[47.59,43.72],[47.57,43.69],[47.55,43.66],[47.53,43.6],[47.52,43.57],[47.49,43.46],[47.48,43.44],[47.48,43.42],[47.49,43.33],[47.53,43.31],[47.54,43.32],[47.55,43.32],[47.57,43.33],[47.58,43.33],[47.58,43.32],[47.59,43.31],[47.59,43.3],[47.58,43.29],[47.54,43.25],[47.54,43.24],[47.53,43.24],[47.51,43.23],[47.5,43.23],[47.49,43.22],[47.48,43.21],[47.45,43.09],[47.46,43.02],[47.46,43.01],[47.48,43],[47.54,42.95],[47.62,42.9],[47.64,42.89],[47.66,42.89],[47.69,42.87],[47.7,42.87],[47.7,42.86],[47.71,42.83],[47.72,42.77],[47.72,42.75],[47.72,42.74],[47.71,42.73],[47.71,42.72],[47.71,42.71],[47.73,42.65],[47.73,42.64],[47.74,42.63],[47.75,42.63],[47.76,42.62],[47.8,42.61],[47.83,42.61],[47.84,42.6],[47.86,42.59],[47.87,42.58],[47.89,42.56],[47.9,42.54],[47.91,42.52],[47.92,42.5],[47.92,42.49],[47.94,42.48],[47.95,42.46],[47.95,42.45],[48.02,42.39],[48.04,42.37],[48.09,42.35],[48.11,42.33],[48.12,42.33],[48.3,42.1],[48.31,42.09],[48.32,42.06],[48.32,42.04],[48.33,42.03],[48.36,41.96],[48.37,41.95],[48.39,41.93],[48.39,41.92],[48.41,41.91],[48.42,41.9],[48.43,41.9],[48.45,41.9],[48.48,41.89],[48.51,41.89],[48.54,41.88],[48.55,41.88],[48.58,41.84],[48.53,41.77],[48.44,41.64],[48.42,41.61],[48.42,41.6],[48.4,41.59],[48.39,41.58],[48.37,41.57],[48.25,41.51],[48.23,41.5],[48.19,41.49],[48.15,41.49],[48.12,41.48],[48.1,41.48],[48.07,41.47],[48.07,41.46],[47.96,41.36],[47.91,41.29],[47.91,41.28],[47.91,41.27],[47.92,41.26],[47.92,41.25],[47.93,41.24],[47.92,41.23],[47.91,41.22],[47.86,41.21],[47.8,41.2],[47.77,41.2],[47.76,41.2],[47.75,41.2],[47.72,41.21],[47.66,41.24],[47.64,41.24],[47.64,41.23],[47.62,41.23],[47.6,41.22],[47.59,41.21],[47.58,41.21],[47.57,41.21],[47.56,41.21],[47.37,41.27],[47.29,41.31],[47.28,41.32],[47.27,41.32],[47.27,41.33],[47.26,41.36],[47.26,41.37],[47.26,41.38],[47.26,41.39],[47.26,41.4],[47.26,41.42],[47.25,41.43],[47.16,41.56],[47.14,41.57],[47.14,41.58],[47.13,41.58],[47.11,41.58],[47.1,41.57],[47.08,41.57],[47.02,41.62],[46.94,41.68],[46.86,41.73],[46.81,41.77],[46.78,41.79],[46.77,41.8],[46.77,41.81],[46.77,41.82],[46.77,41.83],[46.77,41.84],[46.77,41.85],[46.77,41.86],[46.76,41.86],[46.75,41.86],[46.65,41.82],[46.64,41.82],[46.57,41.87],[46.57,41.88],[46.56,41.89],[46.51,41.89],[46.45,41.9],[46.43,41.92],[46.42,41.93],[46.41,41.94],[46.39,41.94],[46.25,42],[46.24,42],[46.23,42],[46.05,42.02],[45.99,42.03],[45.66,42.2],[45.65,42.2],[45.64,42.21],[45.64,42.22],[45.64,42.23],[45.65,42.24],[45.66,42.26],[45.69,42.32],[45.71,42.36],[45.76,42.46],[45.76,42.47],[45.76,42.48],[45.74,42.49],[45.73,42.5],[45.73,42.51],[45.7,42.52],[45.58,42.55],[45.55,42.55],[45.53,42.55],[45.49,42.55],[45.48,42.55],[45.43,42.54],[45.38,42.53],[45.36,42.53],[45.35,42.53],[45.34,42.54],[45.34,42.55],[45.34,42.56],[45.33,42.56],[45.32,42.57],[45.32,42.58],[45.24,42.65],[45.22,42.67],[45.21,42.68],[45.17,42.7],[45.16,42.71],[45.15,42.71],[45.13,42.71],[45.12,42.71],[45.09,42.7],[45.08,42.7],[45.07,42.69],[45.06,42.69],[45.05,42.69],[45.05,42.7],[45.02,42.71],[45,42.72],[44.98,42.73],[44.97,42.74],[44.96,42.75],[44.95,42.76],[44.94,42.76],[44.93,42.76],[44.9,42.76],[44.89,42.76],[44.87,42.75],[44.86,42.75],[44.85,42.74],[44.81,42.66],[44.77,42.67],[44.76,42.69],[44.75,42.7],[44.7,42.73],[44.68,42.74],[44.67,42.74],[44.66,42.75],[44.64,42.75],[44.63,42.75],[44.59,42.76],[44.57,42.76],[44.55,42.76],[44.53,42.76],[44.5,42.75],[44.37,42.71],[44.24,42.66],[44.24,42.65],[44.23,42.64],[44.22,42.64],[44.21,42.63],[44.2,42.63],[44.19,42.63],[44.18,42.62],[43.91,42.58],[43.78,42.6],[43.77,42.61],[43.74,42.63],[43.74,42.64],[43.73,42.65],[43.74,42.65],[43.74,42.66],[43.76,42.67],[43.81,42.7],[43.82,42.72],[43.84,42.73],[43.84,42.74],[43.83,42.75],[43.82,42.75],[43.76,42.78],[43.71,42.78],[43.7,42.78],[43.67,42.79],[43.65,42.8],[43.64,42.81],[43.62,42.83],[43.62,42.84],[43.6,42.84],[43.59,42.85],[43.56,42.86],[43.53,42.87],[43.45,42.89],[43.39,42.9],[43.38,42.9],[43.21,42.93],[43.2,42.94],[43.18,42.94],[43.15,42.96],[43.13,42.97],[43.01,43.06],[43.01,43.07],[42.95,43.12],[42.86,43.17],[42.86,43.18],[42.85,43.18],[42.77,43.19],[42.7,43.18],[42.69,43.18],[42.68,43.17],[42.67,43.16],[42.67,43.15],[42.66,43.15],[42.65,43.15],[42.64,43.14],[42.63,43.14],[42.61,43.15],[42.54,43.18],[42.53,43.18],[42.49,43.22],[42.48,43.22],[42.47,43.23],[42.45,43.23],[42.43,43.24],[42.41,43.24],[42.39,43.24],[42.37,43.24],[42.36,43.24],[42.27,43.24],[42.2,43.24],[42.18,43.24],[42.17,43.23],[42.16,43.23],[42.11,43.2],[42.03,43.19],[41.6,43.22],[41.59,43.22],[41.56,43.23],[41.44,43.3],[41.21,43.38],[41.19,43.38],[41.17,43.39],[41.13,43.38],[41.12,43.38],[41.08,43.37],[41.06,43.37],[41.04,43.38],[41.02,43.39],[41.01,43.4],[40.96,43.42],[40.9,43.46],[40.88,43.47],[40.86,43.48],[40.83,43.48],[40.81,43.49],[40.75,43.5],[40.74,43.51],[40.72,43.52],[40.7,43.54],[40.69,43.55],[40.68,43.55],[40.66,43.55],[40.64,43.54],[40.61,43.53],[40.6,43.52],[40.59,43.52],[40.58,43.51],[40.57,43.51],[40.54,43.51],[40.52,43.51],[40.49,43.52],[40.37,43.55],[40.35,43.56],[40.34,43.56],[40.32,43.57],[40.3,43.58],[40.25,43.58],[40.22,43.59],[40.2,43.59],[40.18,43.58],[40.16,43.58],[40.13,43.57],[40.11,43.57],[40.09,43.56],[40.09,43.55],[40.08,43.55],[40.02,43.44],[40.01,43.41],[40,43.38],[39.95,43.4],[39.92,43.41],[39.91,43.42],[39.9,43.43],[39.9,43.46],[39.89,43.47],[39.89,43.48],[39.88,43.49],[39.87,43.49],[39.85,43.51],[39.84,43.51],[39.7,43.6],[39.59,43.67],[39.47,43.76],[39.46,43.77],[39.45,43.77],[39.42,43.81],[39.39,43.84],[39.38,43.86],[39.37,43.86],[39.29,43.93],[39.05,44.08],[38.97,44.14],[38.96,44.15],[38.95,44.15],[38.94,44.16],[38.92,44.16],[38.9,44.16],[38.88,44.17],[38.87,44.17],[38.84,44.19],[38.81,44.22],[38.77,44.26],[38.76,44.27],[38.75,44.28],[38.61,44.33],[38.59,44.33],[38.57,44.33],[38.41,44.35],[38.35,44.35],[38.32,44.36],[38.22,44.38],[38.2,44.39],[38.18,44.4],[38.17,44.4],[38.16,44.41],[38.16,44.42],[38.15,44.44],[38.13,44.47],[38.12,44.49],[37.87,44.69],[37.85,44.7],[37.79,44.73],[37.78,44.73],[37.78,44.72],[37.79,44.7],[37.8,44.69],[37.82,44.67],[37.82,44.66],[37.83,44.65],[37.82,44.64],[37.81,44.64],[37.8,44.63],[37.77,44.63],[37.75,44.63],[37.56,44.65],[37.49,44.67],[37.48,44.67],[37.48,44.68],[37.38,44.74],[37.37,44.75],[37.3,44.86],[37.3,44.87],[37.31,44.88],[37.31,44.89],[37.31,44.9],[37.3,44.91],[37.28,44.93],[37.21,44.98],[37.2,44.98],[36.88,45.09],[36.72,45.1],[36.71,45.1],[36.63,45.13],[36.62,45.13],[36.58,45.18],[36.58,45.19],[36.58,45.2],[36.59,45.2],[36.67,45.2],[36.7,45.2],[36.73,45.2],[36.83,45.23],[36.84,45.23],[36.85,45.23],[36.89,45.25],[36.96,45.27],[36.96,45.28],[36.97,45.3],[36.97,45.31],[36.96,45.31],[36.78,45.38],[36.77,45.38],[36.76,45.38],[36.72,45.36],[36.71,45.35],[36.7,45.34],[36.69,45.34],[36.69,45.33],[36.68,45.33],[36.67,45.33],[36.66,45.33],[36.66,45.34],[36.67,45.35],[36.68,45.36],[36.69,45.36],[36.72,45.39],[36.73,45.4],[36.74,45.41],[36.76,45.42],[36.82,45.44],[36.83,45.44],[36.84,45.44],[36.9,45.42],[37.09,45.34],[37.07,45.26],[37.06,45.25],[37.07,45.24],[37.08,45.24],[37.1,45.23],[37.12,45.23],[37.15,45.24],[37.23,45.25],[37.31,45.27],[37.32,45.27],[37.32,45.28],[37.31,45.28],[37.3,45.28],[37.22,45.3],[37.2,45.3],[37.2,45.32],[37.32,45.32],[37.4,45.32],[37.43,45.32],[37.44,45.33],[37.46,45.34],[37.48,45.35],[37.51,45.36],[37.52,45.36],[37.53,45.36],[37.58,45.34],[37.6,45.33],[37.6,45.31],[37.71,45.3],[37.73,45.3],[37.74,45.3],[37.74,45.38],[37.7,45.56],[37.65,45.59],[37.64,45.59],[37.64,45.58],[37.62,45.57],[37.63,45.57],[37.63,45.56],[37.65,45.52],[37.65,45.45],[37.63,45.43],[37.63,45.42],[37.62,45.42],[37.62,45.41],[37.61,45.41],[37.6,45.41],[37.59,45.42],[37.58,45.43],[37.59,45.63],[37.6,45.65],[37.61,45.66],[37.62,45.66],[37.62,45.67],[37.63,45.67],[37.63,45.66],[37.64,45.66],[37.64,45.65],[37.63,45.65],[37.65,45.63],[37.66,45.62],[37.67,45.62],[37.67,45.61],[37.68,45.61],[37.7,45.62],[37.71,45.62],[37.7,45.63],[37.67,45.65],[37.66,45.66],[37.66,45.67],[37.67,45.67],[37.69,45.68],[37.72,45.69],[37.8,45.73],[37.82,45.74],[37.83,45.76],[37.84,45.77],[37.85,45.78],[37.85,45.79],[37.87,45.82],[37.88,45.84],[37.88,45.86],[37.88,45.87],[37.88,45.89],[37.89,45.91],[37.89,45.93],[37.91,45.99],[37.92,46.01],[37.93,46.02],[37.94,46.03],[37.95,46.03],[37.96,46.04],[38.05,46.06],[38.07,46.06],[38.09,46.06],[38.09,46.05],[38.1,46.05],[38.07,45.95],[38.1,45.95],[38.16,46.1],[38.16,46.11],[38.17,46.12],[38.18,46.12],[38.19,46.13],[38.2,46.13],[38.22,46.13],[38.23,46.14],[38.25,46.14],[38.26,46.13],[38.27,46.13],[38.28,46.12],[38.31,46.1],[38.36,46.07],[38.41,46.05],[38.45,46.03],[38.46,46.02],[38.47,46.02],[38.54,46.03],[38.55,46.03],[38.56,46.03],[38.56,46.04],[38.57,46.04],[38.57,46.06],[38.57,46.08],[38.57,46.09],[38.57,46.1],[38.56,46.1],[38.56,46.11],[38.52,46.13],[38.42,46.17],[38.34,46.2],[38.31,46.21],[38.3,46.22],[38.29,46.22],[38.29,46.23],[38.28,46.24],[38.28,46.25],[38.27,46.27],[38.26,46.28],[38.16,46.35],[38.09,46.39],[38.08,46.39],[38.07,46.4],[38.06,46.4],[37.99,46.4],[37.98,46.4],[37.97,46.39],[37.98,46.38],[37.99,46.38],[38.01,46.37],[38.02,46.37],[38.01,46.35],[38,46.35],[38,46.34],[37.99,46.34],[37.98,46.35],[37.9,46.4],[37.89,46.41],[37.83,46.48],[37.82,46.48],[37.73,46.66],[37.73,46.67],[37.74,46.67],[37.75,46.67],[37.78,46.66],[37.8,46.64],[37.81,46.63],[37.84,46.62],[37.85,46.62],[37.87,46.62],[38,46.62],[38.02,46.62],[38.03,46.62],[38.05,46.63],[38.06,46.63],[38.1,46.67],[38.12,46.68],[38.13,46.68],[38.26,46.72],[38.27,46.73],[38.28,46.72],[38.29,46.71],[38.29,46.7],[38.3,46.69],[38.3,46.68],[38.31,46.67],[38.39,46.65],[38.45,46.64],[38.47,46.64],[38.58,46.65],[38.59,46.65],[38.59,46.66],[38.59,46.67],[38.59,46.68],[38.58,46.69],[38.58,46.7],[38.57,46.71],[38.55,46.72],[38.49,46.74],[38.47,46.74],[38.42,46.74],[38.4,46.74],[38.39,46.73],[38.39,46.72],[38.39,46.71],[38.38,46.7],[38.38,46.71],[38.37,46.72],[38.37,46.74],[38.37,46.75],[38.41,46.83],[38.46,46.86],[38.47,46.86],[38.48,46.86],[38.49,46.86],[38.5,46.86],[38.64,46.86],[38.67,46.86],[38.7,46.86],[38.71,46.86],[38.78,46.88],[38.8,46.89],[38.91,46.94],[38.99,46.98],[39.02,46.99],[39.07,47.02],[39.07,47.03],[39.08,47.03],[39.18,47.02],[39.25,47.01],[39.26,47.01],[39.27,47.01],[39.28,47.01],[39.28,47.02],[39.29,47.03],[39.3,47.08],[39.28,47.23],[39.28,47.24],[39.27,47.25],[39.26,47.26],[39.25,47.27],[39.09,47.28],[39.07,47.28],[38.97,47.26],[38.95,47.25],[38.94,47.24],[38.93,47.22],[38.93,47.21],[38.81,47.16],[38.77,47.16],[38.75,47.16],[38.66,47.14],[38.57,47.11],[38.56,47.11],[38.55,47.11],[38.52,47.12],[38.49,47.12],[38.48,47.13],[38.48,47.14],[38.5,47.16],[38.55,47.21],[38.56,47.22],[38.57,47.22],[38.58,47.22],[38.6,47.22],[38.68,47.24],[38.74,47.24],[38.77,47.25],[38.67,47.25],[38.6,47.24],[38.58,47.23],[38.55,47.22],[38.53,47.21],[38.52,47.2],[38.49,47.17],[38.45,47.14],[38.45,47.13],[38.35,47.12],[38.33,47.12],[38.31,47.13],[38.3,47.13],[38.24,47.11],[38.23,47.13],[38.21,47.18],[38.21,47.19],[38.22,47.2],[38.22,47.21],[38.23,47.22],[38.25,47.23],[38.3,47.3],[38.22,47.34],[38.28,47.51],[38.3,47.55],[38.3,47.56],[38.34,47.6],[38.35,47.61],[38.36,47.61],[38.37,47.61],[38.45,47.63],[38.46,47.63],[38.49,47.63],[38.51,47.63],[38.54,47.63],[38.58,47.63],[38.61,47.64],[38.62,47.64],[38.75,47.68],[38.76,47.69],[38.77,47.7],[38.77,47.72],[38.77,47.73],[38.79,47.78],[38.82,47.83],[38.83,47.84],[38.84,47.85],[38.85,47.86],[38.86,47.86],[38.87,47.87],[38.9,47.87],[38.92,47.87],[39.04,47.87],[39.11,47.84],[39.12,47.84],[39.14,47.83],[39.15,47.84],[39.19,47.84],[39.25,47.85],[39.26,47.85],[39.34,47.85],[39.36,47.85],[39.38,47.85],[39.39,47.84],[39.4,47.84],[39.41,47.83],[39.42,47.83],[39.43,47.83],[39.48,47.84],[39.6,47.84],[39.61,47.84],[39.64,47.83],[39.67,47.83],[39.69,47.82],[39.72,47.82],[39.74,47.82],[39.76,47.83],[39.77,47.83],[39.78,47.84],[39.8,47.86],[39.8,47.87],[39.81,47.87],[39.81,47.88],[39.82,47.97],[39.81,47.99],[39.79,48.01],[39.78,48.02],[39.77,48.02],[39.78,48.03],[39.9,48.18],[39.92,48.2],[39.93,48.21],[39.95,48.22],[40,48.3],[39.92,48.37],[39.87,48.5],[39.86,48.54],[39.85,48.55],[39.85,48.56],[39.84,48.56],[39.82,48.58],[39.81,48.58],[39.8,48.58],[39.78,48.58],[39.76,48.58],[39.73,48.58],[39.67,48.59],[39.66,48.6],[39.66,48.61],[39.66,48.62],[39.7,48.72],[39.73,48.76],[39.78,48.8],[39.8,48.82],[39.81,48.82],[39.83,48.82],[39.83,48.83],[39.85,48.82],[39.86,48.82],[40.02,48.81],[40.04,48.82],[40.06,48.84],[40.07,48.85],[40.08,48.86],[40.08,48.87],[40.08,48.88],[40.07,48.88],[40.06,48.89],[40.05,48.89],[40.04,48.9],[40.03,48.9],[40.02,48.89],[40.01,48.89],[39.95,48.87],[39.79,48.9],[39.78,48.9],[39.77,48.9],[39.69,48.97],[39.69,48.98],[39.7,49.01],[39.7,49.02],[39.7,49.03],[39.71,49.04],[39.82,49.05],[39.91,49.05],[39.93,49.05],[39.94,49.05],[39.94,49.06],[39.95,49.07],[39.94,49.08],[39.94,49.09],[39.95,49.11],[39.97,49.12],[39.99,49.14],[40,49.15],[40.01,49.15],[40.05,49.17],[40.08,49.18],[40.17,49.25],[40.17,49.26],[40.18,49.33],[40.18,49.34],[40.17,49.35],[40.16,49.37],[40.14,49.38],[40.11,49.4],[40.09,49.42],[40.06,49.46],[40.05,49.47],[40.05,49.48],[40.06,49.5],[40.06,49.51],[40.07,49.53],[40.08,49.53],[40.1,49.54],[40.13,49.55],[40.14,49.56],[40.15,49.57],[40.15,49.58],[40.15,49.59],[40.14,49.6],[40.07,49.61],[40.04,49.62],[40.01,49.61],[39.99,49.61],[39.98,49.6],[39.97,49.6],[39.96,49.58],[39.95,49.58],[39.94,49.57],[39.92,49.57],[39.9,49.56],[39.86,49.55],[39.82,49.55],[39.81,49.55],[39.8,49.55],[39.66,49.6],[39.65,49.61],[39.64,49.62],[39.63,49.62],[39.63,49.63],[39.62,49.64],[39.61,49.67],[39.6,49.71],[39.59,49.72],[39.59,49.73],[39.58,49.73],[39.48,49.76],[39.46,49.76],[39.45,49.76],[39.43,49.76],[39.42,49.75],[39.41,49.74],[39.39,49.74],[39.38,49.73],[39.37,49.73],[39.35,49.73],[39.33,49.74],[39.3,49.74],[39.27,49.75],[39.26,49.76],[39.25,49.77],[39.25,49.78],[39.24,49.8],[39.24,49.81],[39.21,49.87],[39.2,49.87],[39.19,49.88],[39.18,49.88],[39.12,49.86],[39.09,49.83],[39.08,49.82],[39.07,49.82],[39.06,49.82],[38.98,49.81],[38.96,49.81],[38.95,49.81],[38.94,49.81],[38.93,49.82],[38.92,49.84],[38.91,49.86],[38.9,49.86],[38.89,49.87],[38.87,49.87],[38.83,49.88],[38.69,49.94],[38.65,49.96],[38.61,49.96],[38.59,49.97],[38.58,49.96],[38.55,49.95],[38.52,49.95],[38.5,49.95],[38.49,49.95],[38.39,49.98],[38.38,49.99],[38.36,50],[38.35,50.02],[38.35,50.03],[38.34,50.04],[38.34,50.05],[38.34,50.06],[38.33,50.06],[38.33,50.07],[38.32,50.07],[38.31,50.07],[38.3,50.07],[38.19,50.07],[38.18,50.07],[38.18,50.06],[38.1,49.94],[38.02,49.9],[38.01,49.93],[37.99,49.96],[37.98,49.98],[37.93,50.02],[37.92,50.02],[37.92,50.03],[37.82,50.06],[37.79,50.07],[37.75,50.08],[37.74,50.08],[37.73,50.09],[37.65,50.18],[37.46,50.43],[37.46,50.44],[37.42,50.44],[37.33,50.43],[37.32,50.43],[37.31,50.43],[37.29,50.41],[37.27,50.39],[37.25,50.38],[37.24,50.38],[37.22,50.37],[37.13,50.35],[37.07,50.34],[37.05,50.34],[37.03,50.34],[37.01,50.35],[36.98,50.35],[36.97,50.35],[36.9,50.34],[36.88,50.34],[36.81,50.31],[36.72,50.27],[36.7,50.27],[36.69,50.26],[36.67,50.25],[36.67,50.24],[36.66,50.23],[36.65,50.22],[36.64,50.21],[36.62,50.21],[36.6,50.21],[36.59,50.22],[36.57,50.22],[36.56,50.22],[36.56,50.23],[36.55,50.23],[36.55,50.24],[36.55,50.25],[36.56,50.26],[36.56,50.27],[36.57,50.27],[36.56,50.28],[36.55,50.28],[36.48,50.3],[36.42,50.31],[36.38,50.3],[36.37,50.29],[36.36,50.29],[36.35,50.28],[36.33,50.28],[36.32,50.28],[36.3,50.28],[36.28,50.29],[36.27,50.3],[36.22,50.35],[36.2,50.37],[36.19,50.38],[36.19,50.39],[36.19,50.4],[36.16,50.42],[36.15,50.42],[36.14,50.42],[36.09,50.43],[36.06,50.44],[36.01,50.44],[35.98,50.44],[35.93,50.44],[35.89,50.43],[35.87,50.43],[35.85,50.43],[35.83,50.42],[35.82,50.42],[35.75,50.39],[35.74,50.38],[35.69,50.35],[35.67,50.35],[35.65,50.35],[35.61,50.37],[35.59,50.38],[35.46,50.49],[35.44,50.51],[35.39,50.63],[35.39,50.64],[35.4,50.64],[35.4,50.65],[35.41,50.65],[35.42,50.65],[35.49,50.68],[35.46,50.76],[35.46,50.77],[35.37,50.92],[35.36,50.93],[35.35,50.94],[35.31,50.96],[35.31,50.98],[35.34,51.01],[35.36,51.01],[35.37,51.02],[35.38,51.02],[35.38,51.03],[35.38,51.04],[35.37,51.04],[35.36,51.05],[35.3,51.06],[35.28,51.06],[35.24,51.05],[35.22,51.05],[35.2,51.05],[35.19,51.05],[35.17,51.05],[35.16,51.06],[35.15,51.07],[35.15,51.08],[35.12,51.15],[35.13,51.18],[35.12,51.2],[35.11,51.21],[35.08,51.22],[35.07,51.22],[34.98,51.22],[34.96,51.22],[34.95,51.22],[34.94,51.22],[34.93,51.21],[34.92,51.2],[34.83,51.18],[34.8,51.17],[34.77,51.17],[34.73,51.17],[34.71,51.17],[34.67,51.18],[34.55,51.23],[34.41,51.26],[34.38,51.26],[34.24,51.43],[34.24,51.44],[34.25,51.49],[34.25,51.5],[34.24,51.52],[34.24,51.54],[34.23,51.55],[34.16,51.62],[34.1,51.65],[34.1,51.67],[34.11,51.68],[34.12,51.68],[34.2,51.7],[34.26,51.7],[34.38,51.71],[34.39,51.72],[34.41,51.72],[34.42,51.72],[34.43,51.73],[34.44,51.74],[34.44,51.75],[34.44,51.76],[34.44,51.77],[34.42,51.8],[34.42,51.81],[34.38,51.84],[34.34,51.86],[34.24,51.91],[34.13,51.99],[34.09,52.03],[34.08,52.04],[34.07,52.06],[34.08,52.12],[34.08,52.13],[34.1,52.14],[34.1,52.15],[34.07,52.19],[34.06,52.2],[33.84,52.36],[33.83,52.37],[33.82,52.37],[33.77,52.37],[33.75,52.37],[33.7,52.36],[33.68,52.36],[33.63,52.34],[33.6,52.33],[33.51,52.33],[33.42,52.35],[33.41,52.36],[33.38,52.37],[33.21,52.38],[33.2,52.38],[33.04,52.31],[32.97,52.27],[32.94,52.25],[32.92,52.25],[32.91,52.25],[32.76,52.26],[32.73,52.26],[32.7,52.27],[32.64,52.29],[32.61,52.3],[32.58,52.31],[32.55,52.32],[32.53,52.32],[32.41,52.34],[32.39,52.34],[32.38,52.33],[32.37,52.33],[32.37,52.32],[32.36,52.31],[32.33,52.18],[32.33,52.17],[32.34,52.16],[32.3,52.11],[32.29,52.1],[32.23,52.08],[32.13,52.05],[32.12,52.04],[32.11,52.04],[32,52.05],[31.91,52.07],[31.91,52.09],[31.9,52.1],[31.89,52.1],[31.87,52.11],[31.85,52.11],[31.83,52.11],[31.82,52.11],[31.78,52.11],[31.79,52.12],[31.79,52.15],[31.79,52.16],[31.78,52.17],[31.77,52.17],[31.76,52.18],[31.7,52.22],[31.6,52.31],[31.59,52.32],[31.6,52.33],[31.61,52.33],[31.61,52.34],[31.63,52.36],[31.63,52.37],[31.61,52.49],[31.59,52.59],[31.58,52.59],[31.51,52.68],[31.5,52.69],[31.51,52.7],[31.52,52.7],[31.54,52.7],[31.55,52.7],[31.56,52.7],[31.57,52.71],[31.59,52.73],[31.59,52.74],[31.6,52.74],[31.59,52.78],[31.59,52.79],[31.58,52.8],[31.58,52.81],[31.54,52.85],[31.54,52.86],[31.51,52.86],[31.49,52.86],[31.48,52.86],[31.44,52.88],[31.41,52.89],[31.39,52.91],[31.27,53.02],[31.32,53.05],[31.39,53.1],[31.39,53.11],[31.38,53.12],[31.38,53.15],[31.39,53.16],[31.39,53.18],[31.41,53.2],[31.42,53.21],[31.43,53.21],[31.44,53.21],[31.62,53.22],[31.63,53.22],[31.77,53.2],[31.78,53.19],[31.79,53.18],[31.79,53.16],[31.8,53.15],[31.8,53.13],[31.8,53.12],[31.92,53.1],[31.96,53.09],[32.11,53.09],[32.12,53.09],[32.14,53.09],[32.15,53.09],[32.22,53.11],[32.3,53.13],[32.41,53.19],[32.43,53.2],[32.44,53.21],[32.45,53.22],[32.61,53.31],[32.72,53.36],[32.74,53.44],[32.74,53.45],[32.74,53.46],[32.74,53.47],[32.67,53.5],[32.66,53.5],[32.65,53.5],[32.64,53.5],[32.63,53.5],[32.62,53.5],[32.48,53.55],[32.47,53.55],[32.45,53.56],[32.44,53.57],[32.44,53.58],[32.43,53.6],[32.42,53.61],[32.41,53.64],[32.41,53.65],[32.42,53.65],[32.44,53.65],[32.49,53.66],[32.5,53.67],[32.51,53.68],[32.51,53.69],[32.49,53.71],[32.48,53.71],[32.46,53.72],[32.45,53.73],[32.33,53.76],[32.12,53.82],[31.99,53.8],[31.97,53.8],[31.94,53.79],[31.9,53.78],[31.88,53.78],[31.76,53.8],[31.76,53.81],[31.77,53.83],[31.78,53.85],[31.79,53.85],[31.81,53.85],[31.81,53.86],[31.83,53.89],[31.86,53.97],[31.86,54.01],[31.85,54.06],[31.84,54.06],[31.76,54.1],[31.75,54.11],[31.73,54.11],[31.72,54.11],[31.68,54.11],[31.54,54.14],[31.52,54.15],[31.33,54.24],[31.33,54.25],[31.31,54.3],[31.31,54.32],[31.31,54.34],[31.31,54.35],[31.23,54.46],[31.22,54.46],[31.2,54.46],[31.13,54.48],[31.11,54.48],[31.09,54.49],[31.09,54.5],[31.08,54.5],[31.08,54.51],[31.09,54.52],[31.1,54.53],[31.11,54.55],[31.13,54.57],[31.14,54.58],[31.1,54.65],[31.01,54.71],[31,54.71],[30.92,54.75],[30.88,54.77],[30.84,54.78],[30.83,54.78],[30.79,54.79],[30.78,54.79],[30.78,54.8],[30.78,54.81],[30.79,54.84],[30.8,54.85],[30.84,54.92],[30.86,54.95],[30.9,54.95],[30.92,54.96],[30.94,54.96],[30.94,54.97],[31.02,55.03],[31.03,55.04],[31.03,55.05],[31.03,55.06],[30.98,55.15],[30.95,55.19],[30.94,55.19],[30.92,55.2],[30.91,55.2],[30.82,55.28],[30.82,55.29],[30.81,55.29],[30.81,55.3],[30.82,55.31],[30.83,55.33],[30.86,55.35],[30.89,55.38],[30.91,55.38],[30.92,55.38],[30.93,55.39],[30.94,55.4],[30.94,55.42],[30.94,55.5],[30.93,55.58],[30.93,55.6],[30.92,55.61],[30.91,55.61],[30.89,55.62],[30.88,55.62],[30.86,55.62],[30.85,55.62],[30.84,55.61],[30.8,55.6],[30.78,55.59],[30.77,55.59],[30.76,55.6],[30.75,55.6],[30.66,55.66],[30.61,55.7],[30.61,55.72],[30.6,55.73],[30.49,55.8],[30.47,55.81],[30.25,55.85],[29.97,55.86],[29.95,55.85],[29.93,55.85],[29.91,55.85],[29.66,55.77],[29.54,55.7],[29.53,55.69],[29.52,55.69],[29.49,55.69],[29.48,55.7],[29.39,55.75],[29.39,55.76],[29.38,55.76],[29.37,55.77],[29.36,55.79],[29.36,55.8],[29.4,55.89],[29.41,55.9],[29.42,55.9],[29.44,55.91],[29.46,55.91],[29.46,55.92],[29.45,55.93],[29.43,55.95],[29.41,55.96],[29.4,55.96],[29.17,56.02],[29.14,56.02],[29.06,56.03],[29.03,56.03],[29.02,56.03],[29.01,56.02],[28.87,55.98],[28.86,55.98],[28.85,55.97],[28.85,55.96],[28.84,55.96],[28.85,55.95],[28.85,55.94],[28.83,55.94],[28.75,55.95],[28.74,55.96],[28.73,55.96],[28.72,55.98],[28.71,55.99],[28.71,56],[28.71,56.01],[28.71,56.02],[28.71,56.03],[28.7,56.03],[28.7,56.04],[28.65,56.09],[28.63,56.1],[28.61,56.1],[28.54,56.1],[28.52,56.1],[28.39,56.1],[28.38,56.09],[28.37,56.08],[28.36,56.07],[28.36,56.06],[28.35,56.06],[28.35,56.05],[28.34,56.05],[28.31,56.05],[28.19,56.13],[28.18,56.13],[28.17,56.15],[28.18,56.16],[28.2,56.18],[28.2,56.19],[28.24,56.26],[28.24,56.27],[28.24,56.28],[28.23,56.29],[28.18,56.41],[28.15,56.47],[28.11,56.52],[28.01,56.65],[27.94,56.72],[27.92,56.79],[27.93,56.79],[27.93,56.8],[27.94,56.82],[27.93,56.83],[27.86,56.87],[27.84,56.88],[27.82,56.88],[27.81,56.88],[27.79,56.88],[27.76,56.87],[27.73,56.87],[27.7,56.91],[27.77,57.06],[27.85,57.17],[27.85,57.19],[27.86,57.26],[27.87,57.29],[27.86,57.3],[27.85,57.31],[27.82,57.32],[27.69,57.38],[27.61,57.41],[27.58,57.42],[27.56,57.42],[27.54,57.43],[27.53,57.44],[27.53,57.45],[27.54,57.49],[27.55,57.54],[27.47,57.53],[27.45,57.53],[27.43,57.53],[27.37,57.54],[27.36,57.54],[27.36,57.55],[27.35,57.57],[27.35,57.58],[27.35,57.59],[27.35,57.6],[27.4,57.68],[27.41,57.69],[27.55,57.82],[27.58,57.82],[27.63,57.83],[27.67,57.83],[27.7,57.83],[27.73,57.84],[27.75,57.84],[27.79,57.85],[27.81,57.86],[27.82,57.87],[27.82,57.88],[27.81,57.89],[27.8,57.89],[27.79,57.9],[27.77,57.9],[27.69,57.97],[27.68,58.06],[27.68,58.07],[27.67,58.08],[27.66,58.09],[27.65,58.09],[27.64,58.1],[27.63,58.1],[27.61,58.11],[27.6,58.11],[27.58,58.12],[27.57,58.13],[27.55,58.13],[27.55,58.14],[27.48,58.2],[27.48,58.21],[27.47,58.21],[27.47,58.23],[27.46,58.28],[27.46,58.3],[27.47,58.3],[27.49,58.32],[27.5,58.33],[27.52,58.34],[27.53,58.35],[27.54,58.36],[27.54,58.37],[27.54,58.39],[27.54,58.41],[27.54,58.45],[27.52,58.5],[27.52,58.51],[27.5,58.55],[27.5,58.56],[27.49,58.57],[27.49,58.58],[27.45,58.69],[27.42,58.78],[27.42,58.79],[27.42,58.8],[27.43,58.81],[27.43,58.82],[27.44,58.83],[27.46,58.85],[27.49,58.88],[27.53,58.9],[27.55,58.91],[27.6,58.93],[27.69,58.98],[27.7,58.99],[27.79,59.06],[27.8,59.09],[27.81,59.1],[27.84,59.15],[27.88,59.23],[27.91,59.27],[27.92,59.28],[27.95,59.29],[27.97,59.29],[28,59.28],[28.01,59.28],[28.03,59.28],[28.05,59.28],[28.09,59.28],[28.14,59.29],[28.16,59.3],[28.17,59.31],[28.18,59.33],[28.19,59.36],[28.2,59.37],[28.19,59.38],[28.18,59.39],[28.17,59.4],[28.11,59.44],[28.08,59.45],[28.03,59.48],[28.02,59.48],[28.04,59.5],[28.06,59.54],[28.07,59.55],[28.07,59.56],[28.07,59.58],[28.07,59.6],[28.06,59.61],[28.04,59.64],[28.02,59.66],[28.01,59.67],[28,59.68],[27.99,59.69],[28.01,59.76],[28.07,59.79],[28.08,59.8],[28.1,59.8],[28.11,59.79],[28.17,59.77],[28.19,59.76],[28.19,59.75],[28.2,59.75],[28.2,59.74],[28.2,59.72],[28.2,59.71],[28.21,59.7],[28.21,59.69],[28.22,59.69],[28.24,59.68],[28.36,59.66],[28.37,59.66],[28.39,59.66],[28.39,59.67],[28.4,59.67],[28.41,59.69],[28.42,59.7],[28.42,59.71],[28.42,59.73],[28.42,59.74],[28.41,59.75],[28.41,59.76],[28.41,59.78],[28.42,59.8],[28.43,59.82],[28.44,59.82],[28.45,59.83],[28.49,59.85],[28.5,59.86],[28.51,59.86],[28.53,59.86],[28.66,59.82],[28.67,59.81],[28.68,59.8],[28.69,59.8],[28.7,59.79],[28.71,59.78],[28.72,59.78],[28.74,59.78],[28.83,59.78],[28.84,59.78],[28.95,59.82],[28.96,59.82],[28.98,59.83],[29.02,59.86],[29.03,59.87],[29.04,59.88],[29.04,59.89],[29.04,59.9],[29.03,59.91],[29.03,59.93],[29.06,59.97],[29.1,59.99],[29.11,59.99],[29.19,60.01],[29.2,60.01],[29.49,59.97],[29.76,59.94],[29.79,59.94],[29.93,59.9],[30,59.88],[30.01,59.88],[30.04,59.87],[30.07,59.87],[30.08,59.87],[30.16,59.86],[30.18,59.87],[30.19,59.87],[30.21,59.89],[30.22,59.9],[30.25,59.97],[30.25,59.98],[30.24,59.98],[30.23,59.99],[30.22,59.99],[30.18,60],[30.16,60],[30.08,60],[30.04,60.01],[30.03,60.01],[29.97,60.02],[29.96,60.02],[29.95,60.02],[29.93,60.04],[29.89,60.09],[29.89,60.1],[29.9,60.1],[29.9,60.11],[29.91,60.12],[29.9,60.13],[29.88,60.14],[29.88,60.15],[29.85,60.16],[29.82,60.17],[29.75,60.19],[29.72,60.19],[29.67,60.2],[29.58,60.2],[29.56,60.2],[29.55,60.2],[29.52,60.19],[29.48,60.19],[29.47,60.18],[29.46,60.18],[29.45,60.17],[29.44,60.16],[29.41,60.16],[29.39,60.16],[29.17,60.17],[29.15,60.17],[29.05,60.18],[29.03,60.18],[29.02,60.19],[29,60.2],[28.99,60.21],[28.98,60.22],[28.88,60.29],[28.84,60.31],[28.79,60.34],[28.78,60.33],[28.74,60.34],[28.72,60.34],[28.71,60.35],[28.64,60.37],[28.63,60.37],[28.6,60.38],[28.59,60.39],[28.45,60.54],[28.44,60.55],[28.44,60.56],[28.45,60.56],[28.5,60.56],[28.51,60.55],[28.51,60.54],[28.52,60.53],[28.52,60.52],[28.53,60.52],[28.56,60.5],[28.58,60.49],[28.66,60.46],[28.68,60.45],[28.69,60.45],[28.7,60.45],[28.7,60.46],[28.71,60.46],[28.71,60.47],[28.67,60.58],[28.66,60.58],[28.66,60.59],[28.65,60.59],[28.63,60.59],[28.62,60.59],[28.61,60.59],[28.61,60.58],[28.61,60.57],[28.59,60.57],[28.58,60.57],[28.58,60.58],[28.56,60.59],[28.55,60.6],[28.56,60.61],[28.57,60.63],[28.57,60.64],[28.59,60.64],[28.6,60.64],[28.61,60.64],[28.62,60.63],[28.62,60.62],[28.63,60.62],[28.64,60.61],[28.67,60.61],[28.68,60.61],[28.73,60.67],[28.73,60.68],[28.73,60.71],[28.73,60.72],[28.69,60.74],[28.67,60.74],[28.66,60.73],[28.51,60.68],[28.42,60.67],[28.4,60.66],[28.39,60.65],[28.39,60.63],[28.38,60.62],[28.34,60.59],[28.15,60.53],[28.02,60.53],[27.82,60.53],[27.81,60.55],[27.89,60.59],[28.09,60.71],[28.25,60.79],[28.27,60.8],[28.3,60.82],[28.33,60.84],[28.33,60.85],[28.34,60.86],[28.35,60.87],[28.39,60.89],[28.47,60.92],[28.52,60.95],[28.53,60.95],[28.55,60.96],[28.58,60.96],[28.61,60.96],[28.62,60.96],[28.63,60.96],[28.64,60.97],[28.65,60.98],[28.67,61],[28.72,61.05],[28.81,61.1],[28.82,61.11],[28.97,61.16],[29.07,61.2],[29.16,61.23],[29.17,61.23],[29.21,61.25],[29.25,61.28],[29.27,61.29],[29.28,61.3],[29.29,61.3],[29.3,61.32],[29.33,61.34],[29.35,61.35],[29.36,61.36],[29.5,61.44],[29.65,61.52],[29.68,61.53],[29.8,61.6],[29.81,61.61],[29.99,61.73],[30.01,61.74],[30.14,61.85],[30.16,61.86],[30.2,61.89],[30.3,61.96],[30.4,62.02],[30.63,62.17],[30.7,62.21],[30.79,62.25],[30.83,62.27],[30.96,62.34],[31.08,62.41],[31.25,62.5],[31.26,62.51],[31.27,62.52],[31.28,62.54],[31.29,62.56],[31.31,62.6],[31.32,62.62],[31.43,62.76],[31.47,62.81],[31.48,62.82],[31.5,62.84],[31.52,62.85],[31.57,62.9],[31.59,62.91],[31.52,62.98],[31.52,62.99],[31.38,63.07],[31.25,63.2],[31.24,63.21],[31.22,63.22],[31.19,63.24],[30.91,63.35],[30.71,63.42],[30.65,63.44],[30.48,63.48],[30.47,63.49],[30.46,63.5],[30.45,63.51],[30.4,63.55],[30.39,63.55],[30.36,63.56],[30.31,63.57],[30.25,63.59],[30.24,63.59],[30.23,63.6],[30.21,63.61],[30,63.73],[30,63.74],[29.99,63.74],[30,63.75],[30.01,63.76],[30.03,63.76],[30.06,63.77],[30.11,63.77],[30.14,63.78],[30.21,63.8],[30.26,63.82],[30.28,63.83],[30.4,63.93],[30.47,63.97],[30.49,63.98],[30.53,64],[30.54,64.01],[30.56,64.02],[30.59,64.05],[30.61,64.06],[30.61,64.08],[30.61,64.09],[30.61,64.1],[30.58,64.22],[30.58,64.23],[30.57,64.23],[30.57,64.24],[30.56,64.24],[30.55,64.25],[30.39,64.31],[30.36,64.32],[30.32,64.33],[30.2,64.35],[30.17,64.35],[30.16,64.35],[30.14,64.36],[30.13,64.36],[30.12,64.37],[30.07,64.4],[30.05,64.41],[30.06,64.42],[30.08,64.45],[30.09,64.47],[30.09,64.48],[30.07,64.5],[30.05,64.5],[30.01,64.51],[29.99,64.55],[29.98,64.57],[29.98,64.58],[29.98,64.59],[30.02,64.6],[30.03,64.6],[30.07,64.6],[30.14,64.62],[30.17,64.63],[30.18,64.63],[30.19,64.64],[30.2,64.65],[30.21,64.66],[30.21,64.67],[30.14,64.77],[30.13,64.78],[30.12,64.79],[30.09,64.79],[30.07,64.79],[30.05,64.8],[29.95,64.8],[29.93,64.8],[29.89,64.79],[29.84,64.79],[29.82,64.79],[29.8,64.79],[29.79,64.8],[29.77,64.81],[29.75,64.82],[29.74,64.83],[29.73,64.84],[29.71,64.85],[29.67,64.89],[29.65,64.91],[29.64,64.91],[29.64,64.93],[29.61,64.99],[29.61,65],[29.61,65.01],[29.61,65.02],[29.62,65.05],[29.62,65.06],[29.63,65.06],[29.64,65.07],[29.66,65.08],[29.68,65.08],[29.73,65.09],[29.77,65.09],[29.81,65.1],[29.84,65.11],[29.86,65.12],[29.87,65.12],[29.87,65.13],[29.87,65.2],[29.87,65.21],[29.85,65.22],[29.84,65.22],[29.83,65.22],[29.81,65.22],[29.79,65.23],[29.74,65.23],[29.67,65.22],[29.65,65.22],[29.64,65.22],[29.63,65.23],[29.61,65.23],[29.6,65.24],[29.6,65.25],[29.6,65.26],[29.61,65.27],[29.62,65.28],[29.66,65.3],[29.68,65.31],[29.71,65.32],[29.75,65.34],[29.75,65.35],[29.75,65.42],[29.74,65.46],[29.74,65.48],[29.75,65.51],[29.76,65.52],[29.78,65.53],[29.8,65.54],[29.83,65.59],[29.82,65.65],[29.99,65.69],[30.02,65.69],[30.04,65.69],[30.07,65.68],[30.09,65.67],[30.11,65.67],[30.12,65.67],[30.13,65.68],[30.14,65.7],[30.14,65.71],[30.13,65.72],[30.1,65.82],[30.1,65.83],[30.09,65.84],[30.03,65.92],[29.95,66.05],[29.92,66.11],[29.91,66.13],[29.9,66.14],[29.88,66.15],[29.85,66.16],[29.83,66.18],[29.8,66.19],[29.78,66.2],[29.77,66.21],[29.64,66.32],[29.63,66.34],[29.59,66.38],[29.58,66.39],[29.58,66.4],[29.57,66.41],[29.57,66.43],[29.55,66.47],[29.41,66.6],[29.39,66.63],[29.36,66.67],[29.35,66.68],[29.33,66.7],[29.32,66.71],[29.27,66.74],[29.26,66.75],[29.25,66.75],[29.22,66.77],[29.2,66.77],[29.13,66.82],[29.12,66.83],[29.1,66.85],[29.09,66.85],[29.09,66.86],[29.08,66.88],[29.07,66.88],[29.07,66.9],[29.07,66.91],[29.08,66.94],[29.08,66.96],[29.09,66.97],[29.09,66.98],[29.13,67.01],[29.16,67.03],[29.52,67.29],[29.75,67.42],[29.88,67.48],[29.9,67.49],[29.93,67.51],[29.95,67.53],[29.96,67.54],[29.98,67.57],[30.03,67.69],[29.9,67.74],[29.73,67.8],[29.69,67.81],[29.54,67.94],[29.38,68.06],[29.36,68.08],[29.16,68.12],[28.82,68.17],[28.7,68.19],[28.69,68.2],[28.66,68.24],[28.56,68.39],[28.46,68.53],[28.47,68.54],[28.51,68.58],[28.53,68.59],[28.66,68.68],[28.74,68.73],[28.76,68.75],[28.76,68.76],[28.8,68.8],[28.8,68.82],[28.82,68.84],[28.82,68.85],[28.81,68.85],[28.79,68.86],[28.74,68.88],[28.71,68.88],[28.57,68.87],[28.51,68.87],[28.48,68.87],[28.46,68.88],[28.45,68.88],[28.43,68.89],[28.43,68.9],[28.44,68.91],[28.45,68.92],[28.46,68.92],[28.75,69],[28.86,69.03],[28.88,69.04],[28.91,69.04],[28.96,69.05],[29,69.04],[29,69.03],[29.02,69.03],[29.05,69.03],[29.06,69.03],[29.1,69.04],[29.13,69.05],[29.18,69.07],[29.2,69.08],[29.2,69.09],[29.23,69.1],[29.24,69.11],[29.25,69.12],[29.29,69.18],[29.3,69.19],[29.32,69.23],[29.32,69.24],[29.32,69.25],[29.31,69.26],[29.3,69.27],[29.3,69.28],[29.29,69.29],[29.29,69.3],[29.3,69.3],[29.3,69.31],[29.31,69.31],[29.32,69.32],[29.41,69.33],[29.48,69.34],[29.54,69.35],[29.57,69.35],[29.6,69.36],[29.66,69.37],[29.9,69.43],[30.06,69.49],[30.1,69.5],[30.18,69.57],[30.18,69.58],[30.18,69.59],[30.14,69.63],[30.13,69.63],[30.1,69.63],[30.09,69.63],[30.07,69.63],[30.07,69.65],[30.08,69.65],[30.08,69.66],[30.1,69.66],[30.12,69.67],[30.13,69.67],[30.16,69.67],[30.17,69.67],[30.19,69.67],[30.2,69.66],[30.3,69.63],[30.34,69.62],[30.35,69.61],[30.37,69.6],[30.39,69.59],[30.45,69.57],[30.51,69.55],[30.53,69.55],[30.55,69.54],[30.77,69.53],[30.8,69.53],[30.82,69.53],[30.86,69.54],[30.9,69.55],[30.91,69.55],[30.92,69.55],[30.94,69.57],[30.95,69.58],[30.95,69.6],[30.95,69.61],[30.95,69.65],[30.94,69.69],[30.9,69.73],[30.86,69.79],[30.92,69.79],[31.24,69.76],[31.41,69.72],[31.54,69.7],[31.73,69.68],[31.77,69.68],[31.8,69.68],[31.81,69.69],[31.8,69.7],[31.79,69.7],[31.76,69.71],[31.73,69.72],[31.69,69.73],[31.71,69.82],[31.71,69.83],[31.72,69.83],[31.73,69.84],[31.76,69.85],[31.79,69.85],[31.82,69.85],[31.84,69.85],[31.85,69.85],[31.86,69.84],[31.87,69.84],[31.96,69.81],[31.99,69.8],[32,69.8],[32.01,69.79],[32.03,69.77],[32.04,69.77],[32.05,69.77],[32.1,69.78],[32.1,69.79],[32.1,69.8],[32.1,69.81],[32.09,69.81],[32.04,69.84],[32.01,69.85],[31.99,69.86],[31.98,69.87],[31.92,69.92],[31.91,69.93],[31.93,69.96],[31.94,69.97],[32.01,69.96],[32.04,69.96],[32.06,69.96],[32.09,69.95],[32.1,69.95],[32.21,69.9],[32.36,69.88],[32.38,69.88],[32.39,69.87],[32.47,69.85],[32.51,69.82],[32.5,69.81],[32.5,69.8],[32.51,69.8],[32.57,69.78],[32.59,69.78],[32.61,69.78],[32.63,69.78],[32.66,69.78],[32.67,69.78],[32.69,69.79],[32.7,69.8],[32.92,69.78],[32.94,69.77],[33.09,69.75],[33.1,69.74],[33.12,69.73],[33.13,69.73],[33.12,69.66],[33.11,69.65],[33.11,69.64],[33.09,69.64],[33.07,69.63],[33.05,69.62],[32.93,69.59],[32.9,69.58],[32.87,69.58],[32.83,69.58],[32.62,69.61],[32.47,69.63],[32.33,69.64],[32.18,69.65],[32.16,69.66],[32.11,69.68],[32.03,69.64],[32.06,69.61],[32.1,69.59],[32.21,69.59],[32.39,69.58],[32.41,69.58],[32.42,69.57],[32.44,69.57],[32.5,69.51],[32.5,69.5],[32.48,69.5],[32.28,69.44],[32.26,69.44],[32.21,69.43],[32.19,69.43],[32.2,69.42],[32.22,69.42],[32.27,69.42],[32.29,69.43],[32.3,69.43],[32.36,69.45],[32.44,69.48],[32.49,69.49],[32.67,69.5],[32.83,69.49],[33.03,69.47],[33.01,69.44],[32.95,69.41],[32.93,69.41],[32.91,69.39],[32.84,69.35],[32.83,69.34],[32.84,69.33],[32.81,69.31],[32.8,69.3],[32.81,69.3],[32.9,69.3],[32.91,69.32],[32.92,69.34],[32.94,69.37],[32.96,69.39],[32.97,69.39],[32.99,69.39],[33.17,69.42],[33.33,69.45],[33.46,69.44],[33.51,69.43],[33.52,69.42],[33.52,69.41],[33.47,69.35],[33.37,69.3],[33.35,69.3],[33.31,69.3],[33.29,69.3],[33.24,69.27],[33.25,69.26],[33.27,69.27],[33.38,69.28],[33.4,69.29],[33.42,69.28],[33.47,69.28],[33.54,69.21],[33.54,69.2],[33.53,69.19],[33.52,69.18],[33.51,69.18],[33.31,69.12],[33.27,69.1],[33.24,69.1],[33.2,69.1],[33.12,69.09],[33.08,69.08],[33.05,69.07],[33.04,69.07],[33.02,69.06],[33.02,69.05],[33.01,68.98],[33.01,68.97],[33.01,68.96],[33.02,68.95],[33.03,68.96],[33.04,68.97],[33.04,68.99],[33.04,69],[33.05,69.03],[33.05,69.04],[33.05,69.05],[33.08,69.06],[33.09,69.06],[33.1,69.07],[33.29,69.09],[33.42,69.1],[33.44,69.1],[33.45,69.11],[33.57,69.18],[33.57,69.19],[33.58,69.2],[33.58,69.21],[33.57,69.22],[33.56,69.27],[33.56,69.28],[33.56,69.29],[33.57,69.31],[33.58,69.31],[33.61,69.32],[33.64,69.33],[33.72,69.33],[33.87,69.33],[34,69.33],[34.17,69.32],[34.35,69.32],[34.37,69.32],[34.41,69.31],[34.42,69.31],[34.43,69.3],[34.44,69.28],[34.65,69.25],[34.79,69.23],[34.95,69.22],[35.03,69.22],[35.05,69.22],[35.07,69.22],[35.11,69.22],[35.13,69.22],[35.14,69.21],[35.15,69.21],[35.15,69.2],[35.14,69.19],[35.15,69.18],[35.16,69.18],[35.18,69.18],[35.19,69.18],[35.26,69.21],[35.27,69.22],[35.25,69.23],[35.17,69.25],[35.16,69.26],[35.15,69.27],[35.16,69.27],[35.18,69.27],[35.3,69.27],[35.46,69.25],[35.54,69.24],[35.84,69.2],[35.98,69.17],[36.27,69.07],[36.48,69.03],[36.55,69.02],[36.57,69.02],[36.6,69.01],[36.99,68.9],[37.15,68.85],[37.3,68.8],[37.49,68.73],[37.65,68.71],[37.69,68.7],[37.77,68.68],[37.83,68.66],[37.95,68.59],[38.04,68.54],[38.05,68.53],[38.32,68.44],[38.33,68.44],[38.39,68.4],[38.4,68.39],[38.4,68.38],[38.43,68.34],[38.55,68.33],[38.61,68.33],[38.52,68.35],[38.5,68.36],[38.51,68.37],[38.52,68.37],[38.6,68.39],[38.62,68.38],[38.64,68.38],[38.93,68.3],[38.94,68.3],[38.95,68.29],[38.96,68.29],[38.95,68.28],[39.11,68.21],[39.26,68.17],[39.47,68.09],[39.5,68.08],[39.52,68.07],[39.54,68.07],[39.57,68.06],[39.74,68.05],[39.84,68.04],[39.85,68.04],[39.86,68.04],[39.86,68.05],[39.79,68.12],[39.77,68.13],[39.73,68.15],[39.72,68.15],[39.71,68.16],[39.71,68.17],[39.73,68.17],[39.75,68.17],[39.77,68.17],[39.79,68.16],[39.81,68.15],[39.9,68.12],[39.92,68.11],[39.93,68.11],[39.93,68.09],[39.93,68.08],[39.98,68.03],[39.99,68.02],[40.01,68.01],[40.14,67.95],[40.15,67.95],[40.18,67.94],[40.27,67.93],[40.36,67.9],[40.37,67.9],[40.41,67.87],[40.41,67.86],[40.4,67.85],[40.38,67.85],[40.34,67.85],[40.32,67.85],[40.32,67.84],[40.4,67.79],[40.46,67.75],[40.48,67.75],[40.49,67.75],[40.51,67.75],[40.53,67.75],[40.7,67.77],[40.8,67.73],[40.81,67.72],[40.83,67.72],[40.84,67.72],[40.87,67.73],[40.88,67.73],[40.9,67.73],[40.92,67.74],[40.94,67.73],[40.99,67.72],[41.05,67.66],[41.05,67.64],[41.06,67.63],[41.05,67.62],[41.05,67.61],[41.04,67.59],[41.03,67.59],[41.04,67.47],[41.06,67.47],[41.08,67.46],[41.09,67.46],[41.1,67.45],[41.11,67.45],[41.15,67.42],[41.15,67.41],[41.14,67.35],[41.13,67.31],[41.13,67.3],[41.11,67.26],[41.11,67.25],[41.12,67.24],[41.13,67.23],[41.14,67.23],[41.15,67.23],[41.17,67.22],[41.22,67.21],[41.24,67.21],[41.26,67.22],[41.27,67.22],[41.28,67.23],[41.29,67.23],[41.31,67.23],[41.33,67.23],[41.34,67.22],[41.36,67.2],[41.39,67.12],[41.3,66.95],[41.3,66.94],[41.28,66.92],[41.27,66.9],[41.25,66.87],[41.22,66.84],[41.16,66.79],[41.13,66.78],[41.1,66.76],[41.05,66.74],[40.97,66.71],[40.74,66.59],[40.73,66.58],[40.72,66.58],[40.72,66.57],[40.72,66.55],[40.72,66.54],[40.72,66.53],[40.57,66.45],[40.47,66.41],[40.44,66.4],[40.4,66.39],[40.35,66.39],[40.32,66.38],[40.3,66.37],[40.18,66.34],[40.17,66.34],[40.14,66.32],[40.11,66.29],[40.1,66.29],[40.07,66.28],[40.06,66.27],[39.81,66.23],[39.59,66.19],[39.38,66.14],[39.36,66.14],[39.35,66.13],[39.32,66.13],[39.28,66.12],[39.11,66.1],[39.02,66.1],[38.85,66.08],[38.82,66.08],[38.61,66.05],[38.55,66.05],[38.49,66.05],[38.2,66.07],[37.99,66.08],[37.97,66.08],[37.91,66.09],[37.67,66.12],[37.48,66.17],[37.41,66.19],[37.4,66.2],[37.3,66.22],[37.27,66.23],[37.15,66.25],[37.02,66.27],[36.97,66.27],[36.91,66.28],[36.76,66.29],[36.72,66.29],[36.65,66.29],[36.63,66.29],[36.62,66.29],[36.53,66.29],[36.38,66.3],[36.3,66.31],[36.24,66.32],[36.22,66.32],[35.91,66.35],[35.73,66.37],[35.58,66.38],[35.56,66.38],[35.52,66.39],[35.5,66.39],[35.44,66.4],[35.41,66.41],[35.38,66.42],[35.16,66.48],[35.08,66.52],[35.03,66.54],[34.97,66.56],[34.88,66.6],[34.85,66.61],[34.78,66.61],[34.76,66.61],[34.75,66.6],[34.73,66.6],[34.71,66.58],[34.69,66.57],[34.66,66.56],[34.55,66.54],[34.52,66.53],[34.5,66.53],[34.49,66.53],[34.47,66.53],[34.45,66.54],[34.44,66.55],[34.37,66.6],[34.35,66.61],[34.36,66.62],[34.36,66.63],[34.37,66.63],[34.38,66.64],[34.39,66.64],[34.41,66.64],[34.43,66.64],[34.44,66.65],[34.32,66.67],[34.24,66.67],[34.16,66.67],[33.93,66.69],[33.86,66.69],[33.83,66.7],[33.81,66.7],[33.81,66.71],[33.8,66.72],[33.8,66.73],[33.8,66.74],[33.79,66.75],[33.78,66.76],[33.77,66.76],[33.75,66.77],[33.74,66.78],[33.6,66.82],[33.52,66.83],[33.52,66.82],[33.52,66.81],[33.52,66.8],[33.53,66.79],[33.54,66.78],[33.57,66.77],[33.61,66.76],[33.63,66.75],[33.54,66.72],[33.53,66.72],[33.48,66.72],[33.25,66.79],[33.19,66.81],[33.16,66.83],[33.09,66.86],[32.94,66.92],[32.9,66.94],[32.84,66.98],[32.82,66.99],[32.81,67],[32.8,67.02],[32.8,67.03],[32.8,67.05],[32.8,67.06],[32.79,67.09],[32.7,67.11],[32.67,67.12],[32.62,67.13],[32.6,67.13],[32.58,67.13],[32.56,67.13],[32.53,67.13],[32.51,67.13],[32.49,67.13],[32.45,67.13],[32.42,67.14],[32.41,67.14],[32.37,67.16],[32.35,67.16],[32.33,67.16],[32.24,67.14],[32.07,67.13],[32.02,67.14],[31.99,67.14],[31.98,67.15],[31.97,67.15],[31.94,67.16],[31.92,67.16],[31.88,67.16],[31.86,67.16],[31.86,67.15],[31.85,67.15],[31.86,67.15],[31.92,67.12],[31.93,67.12],[32.06,67.11],[32.08,67.11],[32.1,67.11],[32.12,67.12],[32.13,67.12],[32.14,67.13],[32.15,67.13],[32.19,67.13],[32.22,67.13],[32.25,67.13],[32.27,67.12],[32.36,67.08],[32.49,67.03],[32.5,67.03],[32.52,67.02],[32.54,67.01],[32.55,67],[32.56,66.99],[32.56,66.98],[32.56,66.97],[32.53,66.95],[32.52,66.88],[32.68,66.83],[32.85,66.79],[32.91,66.77],[32.92,66.77],[32.94,66.74],[32.93,66.73],[32.84,66.73],[32.83,66.73],[32.81,66.73],[32.79,66.73],[32.81,66.72],[32.93,66.69],[32.97,66.69],[33.06,66.68],[33.12,66.68],[33.16,66.69],[33.18,66.69],[33.22,66.68],[33.23,66.68],[33.32,66.65],[33.33,66.64],[33.33,66.63],[33.32,66.62],[33.3,66.62],[33.2,66.64],[33.15,66.65],[33.13,66.65],[33.12,66.65],[33.11,66.64],[33.1,66.62],[33.1,66.61],[33.09,66.61],[33.09,66.6],[33.08,66.6],[33.06,66.59],[33.03,66.59],[33.01,66.59],[32.98,66.59],[32.94,66.6],[32.9,66.6],[32.88,66.6],[32.86,66.59],[32.86,66.58],[32.87,66.58],[32.89,66.58],[33.05,66.58],[33.06,66.58],[33.08,66.58],[33.15,66.6],[33.16,66.61],[33.23,66.61],[33.25,66.62],[33.28,66.61],[33.41,66.59],[33.42,66.59],[33.43,66.59],[33.53,66.54],[33.53,66.53],[33.53,66.52],[33.51,66.52],[33.49,66.52],[33.44,66.53],[33.39,66.54],[33.34,66.55],[33.31,66.55],[33.21,66.56],[33.19,66.56],[33.18,66.55],[33.17,66.55],[33.14,66.55],[33.12,66.55],[33.08,66.55],[33.06,66.55],[32.97,66.54],[32.95,66.53],[32.94,66.53],[32.95,66.52],[32.96,66.52],[33.03,66.51],[33.08,66.5],[33.12,66.5],[33.13,66.51],[33.15,66.51],[33.16,66.52],[33.17,66.53],[33.2,66.53],[33.22,66.53],[33.24,66.53],[33.26,66.53],[33.3,66.51],[33.3,66.5],[33.32,66.48],[33.34,66.48],[33.41,66.47],[33.45,66.47],[33.53,66.47],[33.54,66.47],[33.55,66.48],[33.56,66.48],[33.57,66.49],[33.58,66.49],[33.6,66.49],[33.62,66.49],[33.63,66.48],[33.64,66.48],[33.73,66.43],[33.73,66.42],[33.72,66.42],[33.71,66.42],[33.67,66.42],[33.56,66.39],[33.44,66.34],[33.34,66.33],[33.33,66.33],[33.32,66.32],[33.31,66.32],[33.33,66.31],[33.49,66.31],[33.51,66.31],[33.55,66.32],[33.64,66.31],[33.75,66.29],[33.78,66.28],[33.88,66.26],[34.1,66.25],[34.12,66.25],[34.17,66.21],[34.35,66.16],[34.42,66.13],[34.5,66.11],[34.53,66.09],[34.57,66.08],[34.71,65.99],[34.85,65.9],[34.87,65.88],[34.97,65.72],[34.96,65.72],[34.94,65.7],[34.93,65.69],[34.91,65.7],[34.89,65.7],[34.84,65.73],[34.81,65.75],[34.76,65.78],[34.69,65.8],[34.67,65.78],[34.69,65.72],[34.69,65.71],[34.74,65.64],[34.76,65.63],[34.77,65.62],[34.78,65.6],[34.78,65.59],[34.68,65.45],[34.67,65.45],[34.66,65.44],[34.62,65.44],[34.54,65.45],[34.5,65.45],[34.49,65.45],[34.42,65.42],[34.38,65.39],[34.38,65.38],[34.47,65.28],[34.48,65.28],[34.55,65.25],[34.59,65.25],[34.61,65.25],[34.63,65.24],[34.64,65.24],[34.69,65.19],[34.69,65.18],[34.68,65.18],[34.68,65.11],[34.74,65.06],[34.8,65.02],[34.77,64.97],[34.84,64.92],[34.94,64.84],[34.96,64.65],[34.84,64.59],[34.81,64.57],[34.79,64.55],[34.85,64.52],[34.87,64.52],[34.95,64.51],[34.97,64.5],[34.97,64.48],[34.96,64.47],[34.96,64.45],[35.14,64.39],[35.33,64.33],[35.4,64.32],[35.42,64.32],[35.43,64.32],[35.54,64.36],[35.57,64.39],[35.56,64.4],[35.57,64.41],[35.59,64.41],[35.6,64.4],[35.63,64.39],[35.8,64.34],[35.81,64.34],[35.87,64.31],[35.88,64.31],[35.9,64.3],[35.9,64.29],[35.9,64.28],[35.89,64.27],[35.9,64.25],[35.98,64.2],[35.99,64.19],[36.01,64.19],[36.02,64.19],[36.03,64.2],[36.03,64.21],[36.11,64.23],[36.27,64.15],[36.28,64.14],[36.27,64.08],[36.26,64.02],[36.27,64.02],[36.28,64.01],[36.29,64.01],[36.47,63.97],[36.49,63.97],[36.51,63.97],[36.52,63.97],[36.56,63.97],[36.6,63.96],[36.79,63.93],[36.8,63.92],[36.82,63.91],[36.84,63.91],[36.85,63.91],[36.98,63.9],[37.02,63.9]]]]}}]}