timestamp,user_id,event_type,resource,status,duration_ms
2025-11-11 14:25:51,admin,VIEW_REPORT,AuditLogs,SUCCESS,2659
2025-11-11 08:21:20,jdoe,ADMIN_CONFIG,InventoryReport,SUCCESS,273
2025-11-11 20:10:17,clane,LOGIN,SystemSettings,SUCCESS,4785
2025-11-11 11:04:06,asmith,LOGIN,SalesDashboard,SUCCESS,639
2025-11-11 11:40:58,asmith,LOGIN,AuditLogs,SUCCESS,274
2025-11-11 11:45:23,clane,CREATE_USER,UserManagement,SUCCESS,409
2025-11-11 16:45:13,admin,LOGIN,SystemSettings,SUCCESS,4276
2025-11-11 14:45:22,admin,EXPORT_REPORT,AuditLogs,SUCCESS,2329
2025-11-11 13:08:50,bwhite,DELETE_USER,AuditLogs,SUCCESS,2096
2025-11-11 14:35:46,asmith,CREATE_USER,SalesDashboard,SUCCESS,1496
2025-11-11 11:29:44,davis,LOGIN,UserManagement,SUCCESS,1397
2025-11-11 12:03:41,admin,LOGOUT,AuditLogs,SUCCESS,4665
2025-11-11 14:48:22,bwhite,EXPORT_REPORT,SystemSettings,SUCCESS,2209
2025-11-11 14:54:12,admin,VIEW_REPORT,AuditLogs,SUCCESS,4450
2025-11-11 22:38:20,asmith,VIEW_REPORT,UserManagement,SUCCESS,4843
2025-11-11 13:29:15,asmith,VIEW_REPORT,InventoryReport,SUCCESS,673
2025-11-11 10:40:23,bwhite,EXPORT_REPORT,InventoryReport,SUCCESS,4786
2025-11-11 09:38:15,clane,VIEW_REPORT,InventoryReport,SUCCESS,3163
2025-11-11 15:58:28,jdoe,ADMIN_CONFIG,SalesDashboard,SUCCESS,37
2025-11-11 13:40:56,davis,CREATE_USER,SalesDashboard,SUCCESS,2533
2025-11-11 09:30:47,admin,LOGOUT,SalesDashboard,SUCCESS,1799
2025-11-11 00:04:14,davis,ADMIN_CONFIG,UserManagement,SUCCESS,1088
2025-11-11 09:17:41,jdoe,ADMIN_CONFIG,UserManagement,SUCCESS,181
2025-11-11 14:46:02,jdoe,EXPORT_REPORT,SalesDashboard,SUCCESS,2759
2025-11-11 19:57:07,asmith,CREATE_USER,AuditLogs,SUCCESS,152
2025-11-11 07:18:14,asmith,LOGIN,UserManagement,FAILURE,2900
2025-11-11 13:35:29,admin,VIEW_REPORT,SalesDashboard,SUCCESS,2285
2025-11-11 14:21:37,bwhite,EXPORT_REPORT,UserManagement,SUCCESS,965
2025-11-11 15:09:22,asmith,EXPORT_REPORT,SalesDashboard,SUCCESS,709
2025-11-11 08:24:56,admin,DELETE_USER,InventoryReport,SUCCESS,4735
2025-11-11 13:12:31,admin,DELETE_USER,UserManagement,SUCCESS,2704
2025-11-11 14:52:41,admin,LOGIN,UserManagement,SUCCESS,4859
2025-11-11 22:55:36,davis,VIEW_REPORT,InventoryReport,SUCCESS,1110
2025-11-11 11:16:53,bwhite,LOGOUT,SystemSettings,SUCCESS,4381
2025-11-11 15:47:31,bwhite,ADMIN_CONFIG,AuditLogs,SUCCESS,1428
2025-11-11 13:20:30,davis,ADMIN_CONFIG,SystemSettings,SUCCESS,2482
2025-11-11 12:36:00,clane,EXPORT_REPORT,UserManagement,SUCCESS,3832
2025-11-11 16:09:55,jdoe,VIEW_REPORT,AuditLogs,SUCCESS,3688
2025-11-11 10:36:44,clane,VIEW_REPORT,AuditLogs,SUCCESS,4269
2025-11-11 21:42:40,bwhite,ADMIN_CONFIG,AuditLogs,SUCCESS,2118
2025-11-11 01:20:09,clane,LOGOUT,SalesDashboard,SUCCESS,738
2025-11-11 13:24:20,jdoe,VIEW_REPORT,AuditLogs,SUCCESS,2986
2025-11-11 11:26:51,clane,ADMIN_CONFIG,UserManagement,SUCCESS,2985
2025-11-11 15:51:45,jdoe,CREATE_USER,SalesDashboard,SUCCESS,3869
2025-11-11 12:56:12,jdoe,CREATE_USER,SalesDashboard,SUCCESS,3147
2025-11-11 10:51:27,bwhite,EXPORT_REPORT,UserManagement,SUCCESS,3539
2025-11-11 16:49:02,jdoe,ADMIN_CONFIG,InventoryReport,SUCCESS,1130
2025-11-11 08:40:52,admin,CREATE_USER,InventoryReport,SUCCESS,3373
2025-11-11 14:11:05,clane,LOGIN,SystemSettings,SUCCESS,3737
2025-11-11 15:10:49,davis,LOGIN,UserManagement,SUCCESS,4656
2025-11-11 16:51:20,bwhite,LOGOUT,UserManagement,SUCCESS,802
2025-11-11 13:59:44,asmith,LOGIN,AuditLogs,SUCCESS,92
2025-11-11 10:32:20,admin,LOGOUT,AuditLogs,SUCCESS,1445
2025-11-11 14:31:09,bwhite,LOGOUT,UserManagement,SUCCESS,1969
2025-11-11 08:41:44,asmith,CREATE_USER,UserManagement,SUCCESS,3429
2025-11-11 18:21:22,jdoe,ADMIN_CONFIG,UserManagement,SUCCESS,139
2025-11-11 11:30:36,bwhite,DELETE_USER,SalesDashboard,SUCCESS,290
2025-11-11 16:00:44,bwhite,DELETE_USER,AuditLogs,SUCCESS,38
2025-11-11 09:41:35,clane,VIEW_REPORT,UserManagement,SUCCESS,4724
2025-11-11 11:33:10,jdoe,VIEW_REPORT,UserManagement,SUCCESS,78
2025-11-11 11:07:43,asmith,CREATE_USER,UserManagement,SUCCESS,601
2025-11-11 15:32:15,davis,ADMIN_CONFIG,AuditLogs,SUCCESS,2366
2025-11-11 12:45:19,davis,EXPORT_REPORT,UserManagement,SUCCESS,871
2025-11-11 15:47:28,clane,LOGOUT,AuditLogs,SUCCESS,2095
2025-11-11 08:59:43,asmith,EXPORT_REPORT,InventoryReport,SUCCESS,3081
2025-11-11 08:38:22,davis,VIEW_REPORT,InventoryReport,SUCCESS,3038
2025-11-11 13:31:08,jdoe,VIEW_REPORT,InventoryReport,SUCCESS,4182
2025-11-11 00:50:31,davis,CREATE_USER,AuditLogs,SUCCESS,286
2025-11-11 00:59:16,asmith,DELETE_USER,SystemSettings,SUCCESS,4327
2025-11-11 08:54:38,asmith,LOGOUT,UserManagement,SUCCESS,3598
2025-11-11 22:23:00,asmith,ADMIN_CONFIG,SalesDashboard,SUCCESS,910
2025-11-11 10:21:10,asmith,LOGOUT,InventoryReport,FAILURE,251
2025-11-12 15:57:02,clane,EXPORT_REPORT,AuditLogs,SUCCESS,4361
2025-11-12 10:50:10,admin,ADMIN_CONFIG,SalesDashboard,SUCCESS,4551
2025-11-12 16:00:59,davis,VIEW_REPORT,InventoryReport,SUCCESS,78
2025-11-12 09:39:52,jdoe,VIEW_REPORT,InventoryReport,SUCCESS,3113
2025-11-12 14:10:13,clane,ADMIN_CONFIG,SalesDashboard,SUCCESS,1804
2025-11-12 11:39:59,jdoe,EXPORT_REPORT,SystemSettings,SUCCESS,4144
2025-11-12 13:46:48,bwhite,EXPORT_REPORT,AuditLogs,SUCCESS,2122
2025-11-12 16:30:49,jdoe,LOGIN,UserManagement,SUCCESS,2271
2025-11-12 10:48:42,asmith,CREATE_USER,SystemSettings,SUCCESS,2754
2025-11-12 16:58:25,bwhite,EXPORT_REPORT,InventoryReport,SUCCESS,656
2025-11-12 13:24:28,bwhite,CREATE_USER,InventoryReport,SUCCESS,2194
2025-11-12 11:54:56,admin,EXPORT_REPORT,AuditLogs,SUCCESS,871
2025-11-12 08:32:00,jdoe,EXPORT_REPORT,UserManagement,SUCCESS,2292
2025-11-12 15:43:59,jdoe,LOGIN,InventoryReport,FAILURE,193
2025-11-12 11:24:37,bwhite,DELETE_USER,SystemSettings,SUCCESS,1561
2025-11-12 15:53:44,jdoe,DELETE_USER,InventoryReport,SUCCESS,2609
2025-11-12 03:53:56,admin,ADMIN_CONFIG,InventoryReport,SUCCESS,2168
2025-11-12 16:07:10,admin,ADMIN_CONFIG,AuditLogs,SUCCESS,2467
2025-11-12 12:01:54,admin,VIEW_REPORT,AuditLogs,SUCCESS,1382
2025-11-12 16:04:43,bwhite,EXPORT_REPORT,SalesDashboard,SUCCESS,4595
2025-11-12 11:26:29,admin,LOGIN,SalesDashboard,SUCCESS,723
2025-11-12 09:52:35,jdoe,CREATE_USER,AuditLogs,SUCCESS,4681
2025-11-12 11:36:16,clane,CREATE_USER,UserManagement,SUCCESS,2292
2025-11-12 14:33:44,davis,ADMIN_CONFIG,UserManagement,SUCCESS,371
2025-11-12 08:36:19,bwhite,DELETE_USER,SalesDashboard,SUCCESS,4128
2025-11-12 12:56:52,clane,DELETE_USER,UserManagement,SUCCESS,2489
2025-11-12 11:45:52,asmith,CREATE_USER,UserManagement,SUCCESS,4574
2025-11-12 16:40:53,asmith,LOGIN,SalesDashboard,SUCCESS,2434
2025-11-12 11:39:54,asmith,ADMIN_CONFIG,SystemSettings,SUCCESS,4477
2025-11-12 08:34:26,asmith,LOGIN,UserManagement,SUCCESS,587
2025-11-12 09:53:34,bwhite,DELETE_USER,SalesDashboard,SUCCESS,337
2025-11-12 08:39:28,admin,DELETE_USER,UserManagement,SUCCESS,1579
2025-11-12 13:40:38,bwhite,VIEW_REPORT,SystemSettings,SUCCESS,4310
2025-11-12 11:47:48,bwhite,ADMIN_CONFIG,SystemSettings,SUCCESS,3424
2025-11-12 09:32:48,bwhite,VIEW_REPORT,SystemSettings,SUCCESS,810
2025-11-12 16:07:36,clane,DELETE_USER,InventoryReport,SUCCESS,919
2025-11-12 09:37:44,asmith,LOGIN,SalesDashboard,SUCCESS,3941
2025-11-12 14:17:25,jdoe,CREATE_USER,InventoryReport,SUCCESS,98
2025-11-12 07:37:23,asmith,DELETE_USER,InventoryReport,SUCCESS,3283
2025-11-12 13:07:05,admin,EXPORT_REPORT,AuditLogs,SUCCESS,3239
2025-11-12 16:18:29,asmith,EXPORT_REPORT,InventoryReport,SUCCESS,1345
2025-11-12 10:21:06,asmith,CREATE_USER,AuditLogs,FAILURE,288
2025-11-12 08:44:12,asmith,LOGOUT,SalesDashboard,SUCCESS,149
2025-11-12 16:09:05,clane,LOGOUT,InventoryReport,SUCCESS,4502
2025-11-12 23:24:09,clane,LOGOUT,AuditLogs,SUCCESS,2579
2025-11-12 11:29:05,davis,EXPORT_REPORT,AuditLogs,SUCCESS,1896
2025-11-12 16:01:19,davis,DELETE_USER,AuditLogs,SUCCESS,921
2025-11-12 14:31:08,davis,DELETE_USER,SystemSettings,SUCCESS,1397
2025-11-12 13:12:42,clane,ADMIN_CONFIG,AuditLogs,SUCCESS,1931
2025-11-12 00:23:55,davis,LOGIN,SalesDashboard,SUCCESS,4692
2025-11-12 13:39:22,jdoe,EXPORT_REPORT,SalesDashboard,SUCCESS,2305
2025-11-12 12:17:50,jdoe,LOGOUT,AuditLogs,SUCCESS,167
2025-11-12 10:12:21,bwhite,DELETE_USER,AuditLogs,SUCCESS,3036
2025-11-12 14:54:11,clane,EXPORT_REPORT,SystemSettings,SUCCESS,1832
2025-11-12 03:36:38,clane,DELETE_USER,AuditLogs,SUCCESS,1610
2025-11-12 16:33:01,davis,ADMIN_CONFIG,UserManagement,SUCCESS,4460
2025-11-12 08:24:47,davis,LOGOUT,SalesDashboard,SUCCESS,2626
2025-11-12 09:47:39,clane,VIEW_REPORT,UserManagement,SUCCESS,3455
2025-11-12 14:03:38,admin,VIEW_REPORT,InventoryReport,SUCCESS,1004
2025-11-12 14:43:34,bwhite,CREATE_USER,UserManagement,SUCCESS,4557
2025-11-12 16:35:19,admin,LOGOUT,SystemSettings,SUCCESS,1074
2025-11-12 07:42:37,bwhite,LOGOUT,AuditLogs,SUCCESS,2549
2025-11-12 13:57:58,bwhite,LOGOUT,SystemSettings,FAILURE,3295
2025-11-12 23:08:14,jdoe,LOGIN,UserManagement,SUCCESS,488
2025-11-12 10:43:18,admin,VIEW_REPORT,InventoryReport,SUCCESS,2548
2025-11-12 11:28:08,admin,VIEW_REPORT,AuditLogs,SUCCESS,591
2025-11-12 16:02:29,asmith,EXPORT_REPORT,SystemSettings,SUCCESS,4844
2025-11-12 12:07:47,asmith,DELETE_USER,AuditLogs,SUCCESS,577
2025-11-12 12:39:54,admin,VIEW_REPORT,UserManagement,FAILURE,2334
2025-11-12 14:45:23,bwhite,LOGIN,AuditLogs,SUCCESS,2405
2025-11-12 02:36:22,davis,VIEW_REPORT,InventoryReport,SUCCESS,4586
2025-11-12 15:40:17,jdoe,LOGOUT,SystemSettings,SUCCESS,3067
2025-11-12 13:22:25,davis,EXPORT_REPORT,AuditLogs,SUCCESS,3040
2025-11-12 14:17:26,asmith,EXPORT_REPORT,InventoryReport,SUCCESS,4547
2025-11-12 20:57:03,jdoe,EXPORT_REPORT,UserManagement,SUCCESS,2148
2025-11-12 10:44:02,asmith,VIEW_REPORT,AuditLogs,SUCCESS,281
2025-11-12 10:48:49,admin,ADMIN_CONFIG,AuditLogs,SUCCESS,3231
2025-11-12 16:34:17,asmith,LOGIN,SystemSettings,SUCCESS,453
2025-11-12 06:53:05,asmith,LOGOUT,AuditLogs,SUCCESS,628
2025-11-12 10:20:06,davis,DELETE_USER,SystemSettings,SUCCESS,3751
2025-11-12 08:10:41,admin,DELETE_USER,SalesDashboard,SUCCESS,1895
2025-11-12 11:33:22,bwhite,VIEW_REPORT,UserManagement,SUCCESS,4845
2025-11-12 14:41:19,admin,DELETE_USER,UserManagement,SUCCESS,2851
2025-11-12 10:19:09,bwhite,VIEW_REPORT,UserManagement,SUCCESS,3158
2025-11-12 12:51:27,admin,LOGOUT,InventoryReport,SUCCESS,599
2025-11-13 12:54:55,davis,LOGIN,SalesDashboard,SUCCESS,1376
2025-11-13 16:29:21,clane,CREATE_USER,SystemSettings,SUCCESS,4104
2025-11-13 16:39:30,asmith,ADMIN_CONFIG,SystemSettings,SUCCESS,4579
2025-11-13 14:07:42,bwhite,LOGIN,UserManagement,SUCCESS,1302
2025-11-13 14:17:19,clane,ADMIN_CONFIG,UserManagement,SUCCESS,1944
2025-11-13 18:12:50,bwhite,DELETE_USER,SystemSettings,SUCCESS,1172
2025-11-13 10:17:14,davis,CREATE_USER,AuditLogs,SUCCESS,3740
2025-11-13 14:13:48,davis,CREATE_USER,UserManagement,SUCCESS,3708
2025-11-13 16:07:52,admin,LOGIN,SalesDashboard,SUCCESS,4222
2025-11-13 15:21:31,davis,LOGIN,SalesDashboard,SUCCESS,3658
2025-11-13 12:51:10,jdoe,LOGIN,UserManagement,SUCCESS,4634
2025-11-13 22:28:49,admin,VIEW_REPORT,SystemSettings,SUCCESS,4309
2025-11-13 16:49:52,asmith,ADMIN_CONFIG,SalesDashboard,SUCCESS,2068
2025-11-13 08:49:18,asmith,ADMIN_CONFIG,SalesDashboard,SUCCESS,4901
2025-11-13 13:00:08,jdoe,DELETE_USER,InventoryReport,SUCCESS,982
2025-11-13 10:48:20,bwhite,VIEW_REPORT,AuditLogs,SUCCESS,3011
2025-11-13 08:09:00,admin,CREATE_USER,SystemSettings,SUCCESS,3288
2025-11-13 00:02:49,clane,VIEW_REPORT,SalesDashboard,SUCCESS,4460
2025-11-13 00:01:52,clane,ADMIN_CONFIG,InventoryReport,SUCCESS,3980
2025-11-13 15:42:47,admin,ADMIN_CONFIG,SystemSettings,SUCCESS,2473
2025-11-13 23:20:13,admin,LOGIN,SalesDashboard,SUCCESS,3505
2025-11-13 13:56:02,asmith,CREATE_USER,UserManagement,FAILURE,3740
2025-11-13 13:50:59,bwhite,ADMIN_CONFIG,SystemSettings,SUCCESS,1264
2025-11-13 08:29:23,jdoe,LOGIN,SystemSettings,SUCCESS,4915
2025-11-13 11:18:30,davis,CREATE_USER,SystemSettings,SUCCESS,2837
2025-11-13 10:51:01,davis,LOGIN,UserManagement,SUCCESS,1341
2025-11-13 11:36:33,clane,DELETE_USER,SystemSettings,SUCCESS,28
2025-11-13 10:17:33,clane,LOGOUT,UserManagement,SUCCESS,647
2025-11-13 10:24:49,clane,LOGOUT,SystemSettings,SUCCESS,4616
2025-11-13 06:59:53,jdoe,LOGOUT,SystemSettings,SUCCESS,681
2025-11-13 22:02:24,jdoe,CREATE_USER,AuditLogs,SUCCESS,2507
2025-11-13 10:02:08,admin,VIEW_REPORT,UserManagement,SUCCESS,2922
2025-11-13 03:19:06,asmith,EXPORT_REPORT,SystemSettings,SUCCESS,1336
2025-11-13 10:01:40,admin,LOGOUT,SystemSettings,SUCCESS,3921
2025-11-13 13:05:18,clane,LOGOUT,AuditLogs,SUCCESS,2681
2025-11-13 08:14:03,bwhite,LOGIN,SystemSettings,SUCCESS,4358
2025-11-13 15:16:05,asmith,CREATE_USER,InventoryReport,SUCCESS,1474
2025-11-13 15:52:27,bwhite,CREATE_USER,AuditLogs,SUCCESS,724
2025-11-13 09:20:32,jdoe,LOGIN,UserManagement,SUCCESS,2497
2025-11-13 10:53:46,bwhite,LOGIN,InventoryReport,SUCCESS,3335
2025-11-13 14:54:57,asmith,LOGIN,UserManagement,SUCCESS,2636
2025-11-13 11:04:26,bwhite,VIEW_REPORT,SalesDashboard,SUCCESS,1125
2025-11-13 12:41:36,admin,LOGIN,SystemSettings,SUCCESS,4592
2025-11-13 11:43:54,jdoe,EXPORT_REPORT,SystemSettings,SUCCESS,1198
2025-11-13 13:47:51,bwhite,VIEW_REPORT,SystemSettings,SUCCESS,909
2025-11-13 15:30:05,admin,DELETE_USER,InventoryReport,SUCCESS,3237
2025-11-13 14:43:52,davis,LOGOUT,InventoryReport,SUCCESS,1393
2025-11-13 08:55:14,davis,ADMIN_CONFIG,SalesDashboard,SUCCESS,3272
2025-11-13 08:31:20,jdoe,DELETE_USER,UserManagement,SUCCESS,1516
2025-11-13 08:21:43,clane,LOGOUT,SalesDashboard,SUCCESS,1432
2025-11-13 10:17:56,clane,CREATE_USER,SalesDashboard,SUCCESS,623
2025-11-13 08:53:23,clane,VIEW_REPORT,SystemSettings,SUCCESS,290
2025-11-13 14:02:21,jdoe,VIEW_REPORT,UserManagement,SUCCESS,469
2025-11-13 11:24:56,bwhite,LOGIN,UserManagement,SUCCESS,2262
2025-11-13 09:54:53,admin,LOGOUT,InventoryReport,SUCCESS,2564
2025-11-13 16:50:39,asmith,DELETE_USER,AuditLogs,SUCCESS,4444
2025-11-13 05:14:54,davis,LOGIN,AuditLogs,SUCCESS,3117
2025-11-13 09:52:49,davis,LOGOUT,AuditLogs,SUCCESS,2609
2025-11-13 15:31:50,jdoe,EXPORT_REPORT,SalesDashboard,SUCCESS,4235
2025-11-13 16:14:38,admin,LOGIN,SalesDashboard,SUCCESS,4008
2025-11-13 01:27:24,asmith,VIEW_REPORT,AuditLogs,SUCCESS,3319
2025-11-14 09:15:26,asmith,LOGOUT,SalesDashboard,SUCCESS,1144
2025-11-14 11:46:09,clane,EXPORT_REPORT,AuditLogs,SUCCESS,875
2025-11-14 13:54:45,davis,CREATE_USER,InventoryReport,SUCCESS,2001
2025-11-14 10:40:34,bwhite,CREATE_USER,UserManagement,SUCCESS,505
2025-11-14 10:39:33,asmith,LOGIN,SalesDashboard,SUCCESS,2533
2025-11-14 08:29:46,admin,ADMIN_CONFIG,SalesDashboard,SUCCESS,612
2025-11-14 14:10:36,clane,DELETE_USER,SystemSettings,SUCCESS,3051
2025-11-14 16:42:18,jdoe,CREATE_USER,SystemSettings,FAILURE,4844
2025-11-14 16:31:34,jdoe,ADMIN_CONFIG,SalesDashboard,SUCCESS,605
2025-11-14 11:06:22,davis,LOGOUT,SalesDashboard,FAILURE,3105
2025-11-14 13:10:51,bwhite,EXPORT_REPORT,SystemSettings,SUCCESS,4713
2025-11-14 13:08:18,admin,ADMIN_CONFIG,SystemSettings,SUCCESS,4120
2025-11-14 10:22:17,davis,ADMIN_CONFIG,InventoryReport,SUCCESS,241
2025-11-14 14:15:23,clane,EXPORT_REPORT,SalesDashboard,SUCCESS,1169
2025-11-14 09:29:08,asmith,EXPORT_REPORT,InventoryReport,SUCCESS,3351
2025-11-14 10:27:02,admin,EXPORT_REPORT,InventoryReport,SUCCESS,269
2025-11-14 16:57:59,jdoe,LOGIN,InventoryReport,SUCCESS,421
2025-11-14 15:24:34,clane,VIEW_REPORT,UserManagement,SUCCESS,4172
2025-11-14 09:12:28,davis,DELETE_USER,AuditLogs,SUCCESS,4329
2025-11-14 05:17:43,davis,VIEW_REPORT,SystemSettings,SUCCESS,1901
2025-11-14 17:53:37,asmith,DELETE_USER,AuditLogs,SUCCESS,2743
2025-11-14 21:01:45,admin,EXPORT_REPORT,SystemSettings,SUCCESS,562
2025-11-14 16:39:54,davis,CREATE_USER,AuditLogs,SUCCESS,1694
2025-11-14 15:32:17,davis,LOGIN,SalesDashboard,SUCCESS,2099
2025-11-14 08:44:49,davis,CREATE_USER,SalesDashboard,SUCCESS,1392
2025-11-14 11:03:16,jdoe,VIEW_REPORT,SystemSettings,SUCCESS,690
2025-11-14 16:00:47,clane,EXPORT_REPORT,AuditLogs,SUCCESS,913
2025-11-14 11:06:07,jdoe,EXPORT_REPORT,SalesDashboard,SUCCESS,2474
2025-11-14 13:02:03,jdoe,VIEW_REPORT,InventoryReport,SUCCESS,4711
2025-11-14 11:28:01,davis,LOGOUT,AuditLogs,SUCCESS,4621
2025-11-14 08:00:59,bwhite,LOGIN,UserManagement,SUCCESS,2671
2025-11-14 14:12:11,admin,ADMIN_CONFIG,SystemSettings,SUCCESS,1998
2025-11-14 16:02:20,jdoe,DELETE_USER,InventoryReport,SUCCESS,113
2025-11-14 09:13:48,asmith,CREATE_USER,InventoryReport,FAILURE,1116
2025-11-14 14:08:02,jdoe,EXPORT_REPORT,SalesDashboard,SUCCESS,84
2025-11-14 10:26:01,bwhite,VIEW_REPORT,InventoryReport,SUCCESS,4607
2025-11-14 12:42:07,jdoe,ADMIN_CONFIG,InventoryReport,SUCCESS,4206
2025-11-14 09:52:21,asmith,VIEW_REPORT,InventoryReport,SUCCESS,2104
2025-11-14 16:33:19,bwhite,LOGOUT,InventoryReport,SUCCESS,1579
2025-11-14 02:28:34,davis,DELETE_USER,UserManagement,SUCCESS,1736
2025-11-14 09:11:46,davis,ADMIN_CONFIG,SystemSettings,SUCCESS,427
2025-11-14 08:08:22,admin,ADMIN_CONFIG,InventoryReport,SUCCESS,3372
2025-11-14 11:34:05,admin,DELETE_USER,InventoryReport,SUCCESS,4210
2025-11-14 14:40:19,davis,LOGIN,UserManagement,SUCCESS,4528
2025-11-14 06:19:55,bwhite,LOGIN,InventoryReport,SUCCESS,3782
2025-11-14 08:14:50,bwhite,CREATE_USER,InventoryReport,SUCCESS,2254
2025-11-14 15:23:47,clane,EXPORT_REPORT,AuditLogs,SUCCESS,2865
2025-11-14 08:43:28,davis,EXPORT_REPORT,SalesDashboard,SUCCESS,3187
2025-11-14 15:52:26,bwhite,DELETE_USER,SystemSettings,SUCCESS,546
2025-11-14 09:17:13,bwhite,LOGOUT,UserManagement,SUCCESS,4334
2025-11-14 16:44:25,jdoe,LOGIN,UserManagement,SUCCESS,3092
2025-11-14 12:27:31,jdoe,LOGOUT,SystemSettings,SUCCESS,4528
2025-11-14 15:53:59,asmith,LOGOUT,SalesDashboard,SUCCESS,3117
2025-11-15 09:28:59,admin,LOGIN,SystemSettings,SUCCESS,3130
2025-11-15 15:59:10,asmith,VIEW_REPORT,AuditLogs,SUCCESS,157
2025-11-15 10:58:53,jdoe,CREATE_USER,AuditLogs,SUCCESS,987
2025-11-15 21:26:33,davis,LOGIN,SalesDashboard,SUCCESS,3538
2025-11-15 04:16:30,davis,VIEW_REPORT,InventoryReport,SUCCESS,3126
2025-11-15 09:09:22,davis,VIEW_REPORT,SalesDashboard,SUCCESS,3768
2025-11-15 04:51:10,bwhite,EXPORT_REPORT,UserManagement,SUCCESS,4197
2025-11-15 00:25:04,asmith,EXPORT_REPORT,UserManagement,SUCCESS,1645
2025-11-15 07:57:13,bwhite,LOGIN,AuditLogs,SUCCESS,1519
2025-11-15 02:12:25,jdoe,CREATE_USER,InventoryReport,SUCCESS,234
2025-11-15 07:45:40,admin,ADMIN_CONFIG,UserManagement,SUCCESS,2725
2025-11-15 21:08:57,asmith,LOGOUT,InventoryReport,SUCCESS,2059
2025-11-15 15:55:23,clane,CREATE_USER,SystemSettings,SUCCESS,1458
2025-11-15 16:26:38,bwhite,VIEW_REPORT,AuditLogs,FAILURE,1435
2025-11-16 12:57:18,davis,EXPORT_REPORT,SystemSettings,SUCCESS,4658
2025-11-16 10:35:04,bwhite,LOGOUT,SalesDashboard,SUCCESS,1116
2025-11-16 04:10:52,davis,LOGOUT,UserManagement,SUCCESS,1622
2025-11-16 11:19:44,bwhite,EXPORT_REPORT,UserManagement,SUCCESS,2227
2025-11-16 00:35:12,clane,VIEW_REPORT,UserManagement,SUCCESS,4683
2025-11-16 14:26:38,admin,LOGOUT,AuditLogs,SUCCESS,1369
2025-11-16 18:41:40,asmith,EXPORT_REPORT,UserManagement,SUCCESS,4363
2025-11-16 16:33:43,davis,EXPORT_REPORT,InventoryReport,SUCCESS,1053
2025-11-16 12:43:01,jdoe,ADMIN_CONFIG,SalesDashboard,SUCCESS,1919
2025-11-16 15:28:01,clane,CREATE_USER,SystemSettings,SUCCESS,3986
2025-11-16 00:06:29,clane,LOGIN,AuditLogs,SUCCESS,2003
2025-11-16 09:38:18,jdoe,DELETE_USER,AuditLogs,SUCCESS,2830
2025-11-17 16:44:05,jdoe,VIEW_REPORT,InventoryReport,SUCCESS,1821
2025-11-17 21:44:35,admin,DELETE_USER,AuditLogs,SUCCESS,3156
2025-11-17 08:44:21,clane,ADMIN_CONFIG,AuditLogs,SUCCESS,1250
2025-11-17 08:42:44,clane,EXPORT_REPORT,SystemSettings,FAILURE,120
2025-11-17 15:33:43,asmith,LOGOUT,InventoryReport,SUCCESS,2732
2025-11-17 23:51:49,bwhite,LOGOUT,InventoryReport,SUCCESS,2988
2025-11-17 11:48:56,asmith,LOGIN,AuditLogs,SUCCESS,1225
2025-11-17 08:16:50,davis,DELETE_USER,SalesDashboard,SUCCESS,1239
2025-11-17 12:22:48,admin,EXPORT_REPORT,AuditLogs,SUCCESS,2262
2025-11-17 23:57:47,clane,DELETE_USER,UserManagement,SUCCESS,2653
2025-11-17 14:41:22,davis,ADMIN_CONFIG,SalesDashboard,SUCCESS,2353
2025-11-17 15:34:10,admin,ADMIN_CONFIG,UserManagement,SUCCESS,3929
2025-11-17 15:16:32,admin,ADMIN_CONFIG,UserManagement,SUCCESS,247
2025-11-17 09:38:58,davis,VIEW_REPORT,InventoryReport,SUCCESS,4196
2025-11-17 09:10:04,asmith,ADMIN_CONFIG,SalesDashboard,SUCCESS,608
2025-11-17 08:03:35,admin,EXPORT_REPORT,AuditLogs,SUCCESS,4859
2025-11-17 09:22:25,davis,LOGOUT,SystemSettings,SUCCESS,888
2025-11-17 12:54:48,bwhite,DELETE_USER,InventoryReport,SUCCESS,4289
2025-11-17 10:07:54,davis,CREATE_USER,AuditLogs,SUCCESS,659
2025-11-17 11:32:27,jdoe,VIEW_REPORT,AuditLogs,SUCCESS,3746
2025-11-17 16:49:45,asmith,CREATE_USER,SalesDashboard,SUCCESS,3147
2025-11-17 15:31:54,jdoe,ADMIN_CONFIG,UserManagement,SUCCESS,4052
2025-11-17 14:51:30,admin,ADMIN_CONFIG,SalesDashboard,SUCCESS,1462
2025-11-17 08:05:32,davis,VIEW_REPORT,InventoryReport,SUCCESS,1643
2025-11-17 15:24:20,davis,LOGIN,SystemSettings,SUCCESS,2291
2025-11-17 13:51:21,clane,LOGOUT,InventoryReport,SUCCESS,1133
2025-11-17 12:35:43,asmith,EXPORT_REPORT,SalesDashboard,SUCCESS,4343
2025-11-17 15:48:03,jdoe,CREATE_USER,UserManagement,SUCCESS,1759
2025-11-17 11:08:10,jdoe,EXPORT_REPORT,SalesDashboard,SUCCESS,1332
2025-11-17 14:59:23,asmith,LOGOUT,InventoryReport,SUCCESS,138
2025-11-17 08:26:22,jdoe,EXPORT_REPORT,UserManagement,SUCCESS,501
2025-11-17 15:17:07,bwhite,DELETE_USER,SalesDashboard,SUCCESS,3350
2025-11-17 14:28:58,asmith,VIEW_REPORT,SystemSettings,SUCCESS,516
2025-11-17 00:23:14,bwhite,LOGIN,SalesDashboard,SUCCESS,4238
2025-11-17 12:51:24,asmith,LOGOUT,AuditLogs,SUCCESS,679
2025-11-17 23:37:07,bwhite,DELETE_USER,SalesDashboard,SUCCESS,18
2025-11-17 07:44:49,jdoe,CREATE_USER,UserManagement,SUCCESS,4540
2025-11-17 16:18:24,jdoe,VIEW_REPORT,UserManagement,SUCCESS,2869
2025-11-17 15:18:28,jdoe,ADMIN_CONFIG,AuditLogs,SUCCESS,264
2025-11-17 14:34:00,davis,LOGIN,InventoryReport,SUCCESS,2240
2025-11-17 13:25:00,jdoe,LOGOUT,SystemSettings,SUCCESS,2786
2025-11-17 01:01:48,clane,LOGIN,AuditLogs,SUCCESS,1993
2025-11-17 12:04:18,davis,LOGOUT,AuditLogs,SUCCESS,3907
2025-11-17 03:08:39,clane,DELETE_USER,SystemSettings,SUCCESS,679
2025-11-17 15:05:11,asmith,DELETE_USER,AuditLogs,SUCCESS,3127
2025-11-17 09:10:33,bwhite,LOGIN,SystemSettings,SUCCESS,3764
2025-11-17 20:19:36,bwhite,LOGIN,SalesDashboard,SUCCESS,787
2025-11-17 10:05:46,admin,VIEW_REPORT,UserManagement,FAILURE,656
2025-11-17 08:31:40,admin,VIEW_REPORT,UserManagement,SUCCESS,1382
2025-11-17 08:37:12,clane,DELETE_USER,SalesDashboard,SUCCESS,2639
2025-11-17 13:32:11,clane,VIEW_REPORT,AuditLogs,SUCCESS,4148
2025-11-17 14:41:12,jdoe,EXPORT_REPORT,AuditLogs,SUCCESS,4302
2025-11-17 08:33:12,jdoe,DELETE_USER,UserManagement,SUCCESS,2873
2025-11-17 12:29:21,asmith,CREATE_USER,InventoryReport,SUCCESS,4670
2025-11-17 15:52:46,clane,ADMIN_CONFIG,SystemSettings,SUCCESS,626
2025-11-17 09:18:05,davis,LOGOUT,UserManagement,SUCCESS,380
2025-11-17 12:13:25,clane,LOGIN,SalesDashboard,SUCCESS,1524
2025-11-17 08:14:03,clane,ADMIN_CONFIG,AuditLogs,SUCCESS,209
2025-11-17 13:00:53,asmith,LOGOUT,AuditLogs,SUCCESS,2254
2025-11-17 10:01:24,jdoe,DELETE_USER,InventoryReport,SUCCESS,2835
2025-11-17 15:03:19,asmith,DELETE_USER,SalesDashboard,SUCCESS,4920
2025-11-17 14:13:34,bwhite,VIEW_REPORT,SystemSettings,SUCCESS,2683
2025-11-17 08:45:42,admin,EXPORT_REPORT,UserManagement,SUCCESS,1186
2025-11-17 08:44:13,jdoe,LOGIN,AuditLogs,SUCCESS,2422
2025-11-17 11:32:02,admin,VIEW_REPORT,SystemSettings,SUCCESS,1742
2025-11-17 09:00:48,davis,ADMIN_CONFIG,UserManagement,SUCCESS,4305
2025-11-17 09:58:55,admin,LOGIN,InventoryReport,SUCCESS,1738
2025-11-17 12:12:22,admin,ADMIN_CONFIG,AuditLogs,SUCCESS,2269
2025-11-17 13:47:44,clane,DELETE_USER,InventoryReport,SUCCESS,198
2025-11-17 21:58:05,jdoe,LOGIN,AuditLogs,SUCCESS,4794
2025-11-17 08:22:05,jdoe,VIEW_REPORT,UserManagement,SUCCESS,2407
2025-11-17 12:15:17,asmith,EXPORT_REPORT,UserManagement,SUCCESS,922
2025-11-17 09:25:09,davis,DELETE_USER,SystemSettings,SUCCESS,964
2025-11-17 10:48:54,asmith,VIEW_REPORT,UserManagement,SUCCESS,4164
2025-11-17 08:16:54,bwhite,LOGOUT,SalesDashboard,SUCCESS,3208
2025-11-17 10:27:32,clane,VIEW_REPORT,AuditLogs,SUCCESS,1452
2025-11-17 14:53:06,asmith,EXPORT_REPORT,UserManagement,SUCCESS,1952
2025-11-17 15:12:15,davis,DELETE_USER,SystemSettings,SUCCESS,461
2025-11-17 09:04:42,admin,LOGIN,SalesDashboard,SUCCESS,281
2025-11-17 14:02:04,davis,LOGOUT,UserManagement,SUCCESS,2221
2025-11-17 12:56:03,bwhite,DELETE_USER,SystemSettings,SUCCESS,1103
2025-11-17 09:19:05,asmith,ADMIN_CONFIG,UserManagement,FAILURE,1490
2025-11-17 12:57:33,admin,DELETE_USER,SystemSettings,SUCCESS,2789
2025-11-17 15:54:03,bwhite,DELETE_USER,AuditLogs,SUCCESS,1496
2025-11-17 08:34:18,davis,LOGOUT,UserManagement,SUCCESS,2051
2025-11-17 23:11:41,bwhite,DELETE_USER,InventoryReport,SUCCESS,726
2025-11-17 12:40:19,asmith,DELETE_USER,SalesDashboard,SUCCESS,290
2025-11-17 16:47:56,asmith,LOGIN,AuditLogs,SUCCESS,4807
2025-11-17 15:22:13,asmith,EXPORT_REPORT,SystemSettings,SUCCESS,4629
2025-11-17 09:17:09,davis,CREATE_USER,SystemSettings,SUCCESS,2262
2025-11-17 09:18:27,jdoe,VIEW_REPORT,AuditLogs,SUCCESS,4420
2025-11-17 15:19:14,bwhite,LOGOUT,InventoryReport,SUCCESS,1123
2025-11-17 09:53:34,bwhite,VIEW_REPORT,SalesDashboard,SUCCESS,3984
2025-11-17 14:33:10,jdoe,ADMIN_CONFIG,AuditLogs,SUCCESS,3507
2025-11-17 11:20:35,admin,ADMIN_CONFIG,AuditLogs,SUCCESS,4241
2025-11-17 15:23:32,jdoe,ADMIN_CONFIG,UserManagement,SUCCESS,344
2025-11-17 12:03:49,clane,CREATE_USER,SalesDashboard,SUCCESS,3619
2025-11-17 09:03:14,admin,VIEW_REPORT,SalesDashboard,SUCCESS,2691
2025-11-17 12:04:09,admin,VIEW_REPORT,SystemSettings,SUCCESS,1116
2025-11-17 12:53:08,asmith,ADMIN_CONFIG,SalesDashboard,SUCCESS,4063
2025-11-17 12:41:44,bwhite,CREATE_USER,AuditLogs,SUCCESS,3623
2025-11-17 08:08:18,jdoe,CREATE_USER,AuditLogs,SUCCESS,450
2025-11-17 11:44:57,asmith,ADMIN_CONFIG,AuditLogs,SUCCESS,633
2025-11-17 08:08:41,clane,EXPORT_REPORT,SalesDashboard,SUCCESS,1311
2025-11-17 16:04:23,clane,CREATE_USER,SalesDashboard,SUCCESS,4947
2025-11-17 13:27:51,clane,LOGOUT,SalesDashboard,SUCCESS,2780
2025-11-17 11:17:11,davis,EXPORT_REPORT,SalesDashboard,SUCCESS,2945
2025-11-17 10:29:37,clane,ADMIN_CONFIG,SystemSettings,SUCCESS,2691
2025-11-17 15:44:51,admin,LOGOUT,SystemSettings,SUCCESS,4447
2025-11-17 15:25:22,jdoe,CREATE_USER,SystemSettings,SUCCESS,1831
2025-11-17 15:16:03,bwhite,DELETE_USER,SystemSettings,SUCCESS,4710
2025-11-17 15:34:29,clane,LOGIN,SystemSettings,SUCCESS,3137
2025-11-17 16:29:39,davis,LOGIN,SalesDashboard,SUCCESS,2896
2025-11-17 22:30:06,jdoe,VIEW_REPORT,InventoryReport,SUCCESS,1233
2025-11-17 09:28:56,admin,LOGOUT,SalesDashboard,SUCCESS,4104
2025-11-17 21:15:04,davis,LOGOUT,AuditLogs,FAILURE,2210
2025-11-17 12:21:30,asmith,LOGOUT,SystemSettings,SUCCESS,931
2025-11-17 12:29:58,admin,LOGOUT,AuditLogs,SUCCESS,566
2025-11-17 15:34:08,clane,DELETE_USER,SalesDashboard,SUCCESS,3963
2025-11-17 15:52:59,clane,VIEW_REPORT,SystemSettings,SUCCESS,3703
2025-11-18 11:52:40,clane,ADMIN_CONFIG,UserManagement,SUCCESS,2401
2025-11-18 10:51:34,bwhite,VIEW_REPORT,UserManagement,SUCCESS,89
2025-11-18 20:45:02,asmith,ADMIN_CONFIG,SalesDashboard,SUCCESS,3281
2025-11-18 12:22:03,admin,EXPORT_REPORT,UserManagement,SUCCESS,3508
2025-11-18 08:18:22,jdoe,VIEW_REPORT,SystemSettings,SUCCESS,4378
2025-11-18 09:22:49,clane,EXPORT_REPORT,SalesDashboard,SUCCESS,3788
2025-11-18 13:01:11,admin,EXPORT_REPORT,InventoryReport,SUCCESS,2272
2025-11-18 14:14:11,jdoe,VIEW_REPORT,InventoryReport,SUCCESS,537
2025-11-18 22:54:03,clane,VIEW_REPORT,InventoryReport,SUCCESS,3325
2025-11-18 15:20:46,clane,LOGIN,UserManagement,FAILURE,1671
2025-11-18 05:22:29,admin,EXPORT_REPORT,InventoryReport,SUCCESS,3115
2025-11-18 10:59:09,bwhite,DELETE_USER,SystemSettings,FAILURE,1827
2025-11-18 15:35:43,jdoe,LOGOUT,AuditLogs,SUCCESS,2002
2025-11-18 10:59:14,admin,EXPORT_REPORT,SystemSettings,SUCCESS,1847
2025-11-18 14:46:43,admin,LOGIN,SalesDashboard,FAILURE,3898
2025-11-18 14:11:56,davis,LOGIN,AuditLogs,SUCCESS,825
2025-11-18 15:30:06,davis,VIEW_REPORT,UserManagement,SUCCESS,453
2025-11-18 11:53:02,bwhite,VIEW_REPORT,InventoryReport,SUCCESS,4339
2025-11-18 15:13:13,asmith,EXPORT_REPORT,SalesDashboard,SUCCESS,3351
2025-11-18 15:49:01,bwhite,LOGOUT,UserManagement,SUCCESS,654
2025-11-18 12:33:07,admin,ADMIN_CONFIG,InventoryReport,SUCCESS,2644
2025-11-18 15:10:56,davis,DELETE_USER,UserManagement,SUCCESS,236
2025-11-18 09:32:42,davis,LOGOUT,InventoryReport,SUCCESS,1042
2025-11-18 08:43:49,davis,LOGOUT,UserManagement,SUCCESS,1009
2025-11-18 14:05:01,bwhite,LOGOUT,SystemSettings,SUCCESS,4476
2025-11-18 12:14:26,asmith,ADMIN_CONFIG,AuditLogs,SUCCESS,4717
2025-11-18 12:00:08,davis,ADMIN_CONFIG,AuditLogs,SUCCESS,4254
2025-11-18 12:36:58,clane,LOGIN,SalesDashboard,SUCCESS,3249
2025-11-18 16:40:50,jdoe,EXPORT_REPORT,InventoryReport,SUCCESS,531
2025-11-18 16:19:50,asmith,LOGOUT,AuditLogs,SUCCESS,757
2025-11-18 15:46:45,admin,EXPORT_REPORT,UserManagement,SUCCESS,2508
2025-11-18 15:05:51,jdoe,LOGOUT,AuditLogs,SUCCESS,3294
2025-11-18 08:02:41,clane,CREATE_USER,SalesDashboard,SUCCESS,3282
2025-11-18 13:39:13,bwhite,CREATE_USER,AuditLogs,SUCCESS,4976
2025-11-18 13:31:47,jdoe,EXPORT_REPORT,SalesDashboard,SUCCESS,2746
2025-11-18 13:41:55,admin,VIEW_REPORT,SystemSettings,SUCCESS,2727
2025-11-18 16:34:50,bwhite,CREATE_USER,SalesDashboard,SUCCESS,784
2025-11-18 16:11:58,admin,LOGIN,InventoryReport,SUCCESS,528
2025-11-18 16:31:48,asmith,VIEW_REPORT,UserManagement,SUCCESS,3203
2025-11-18 15:45:52,davis,LOGOUT,UserManagement,SUCCESS,3452
2025-11-18 14:49:33,jdoe,LOGOUT,AuditLogs,SUCCESS,1862
2025-11-18 09:32:27,bwhite,DELETE_USER,SystemSettings,SUCCESS,4171
2025-11-18 15:33:51,jdoe,VIEW_REPORT,InventoryReport,SUCCESS,2572
2025-11-18 15:24:33,bwhite,ADMIN_CONFIG,UserManagement,SUCCESS,4852
2025-11-18 09:23:00,asmith,DELETE_USER,UserManagement,SUCCESS,2444
2025-11-18 08:34:40,davis,LOGIN,SystemSettings,SUCCESS,3016
2025-11-18 13:16:58,clane,VIEW_REPORT,UserManagement,SUCCESS,3742
2025-11-18 08:47:12,clane,LOGIN,InventoryReport,SUCCESS,2841
2025-11-18 13:49:33,jdoe,LOGIN,SalesDashboard,SUCCESS,1724
2025-11-18 09:13:51,admin,DELETE_USER,UserManagement,SUCCESS,1644
2025-11-18 16:54:17,asmith,LOGOUT,UserManagement,SUCCESS,2386
2025-11-18 09:00:55,admin,CREATE_USER,UserManagement,SUCCESS,87
2025-11-18 11:34:27,asmith,ADMIN_CONFIG,UserManagement,SUCCESS,4582
2025-11-18 14:56:38,jdoe,VIEW_REPORT,UserManagement,SUCCESS,914
2025-11-18 08:26:33,asmith,EXPORT_REPORT,UserManagement,SUCCESS,4506
2025-11-18 16:40:44,admin,EXPORT_REPORT,AuditLogs,SUCCESS,63
2025-11-18 13:05:28,bwhite,LOGIN,UserManagement,FAILURE,1169
2025-11-18 12:19:31,bwhite,CREATE_USER,SalesDashboard,SUCCESS,1651
2025-11-18 16:50:23,jdoe,CREATE_USER,UserManagement,SUCCESS,826
2025-11-19 15:11:25,davis,VIEW_REPORT,InventoryReport,SUCCESS,266
2025-11-19 15:55:30,admin,EXPORT_REPORT,UserManagement,SUCCESS,1251
2025-11-19 15:52:15,asmith,LOGOUT,SalesDashboard,SUCCESS,4180
2025-11-19 15:20:04,davis,EXPORT_REPORT,SalesDashboard,SUCCESS,2074
2025-11-19 09:39:44,jdoe,DELETE_USER,SalesDashboard,SUCCESS,4036
2025-11-19 12:29:48,asmith,CREATE_USER,SalesDashboard,SUCCESS,3361
2025-11-19 07:24:19,asmith,VIEW_REPORT,SalesDashboard,SUCCESS,4927
2025-11-19 09:42:56,bwhite,EXPORT_REPORT,UserManagement,SUCCESS,449
2025-11-19 11:21:36,jdoe,CREATE_USER,AuditLogs,SUCCESS,3548
2025-11-19 09:10:38,jdoe,ADMIN_CONFIG,InventoryReport,SUCCESS,19
2025-11-19 13:26:14,davis,ADMIN_CONFIG,UserManagement,SUCCESS,1592
2025-11-19 13:01:42,bwhite,CREATE_USER,AuditLogs,SUCCESS,2473
2025-11-19 16:22:56,bwhite,EXPORT_REPORT,UserManagement,SUCCESS,4675
2025-11-19 16:11:57,jdoe,DELETE_USER,SystemSettings,SUCCESS,4265
2025-11-19 10:13:54,davis,LOGOUT,InventoryReport,SUCCESS,1851
2025-11-19 09:13:44,jdoe,DELETE_USER,SalesDashboard,SUCCESS,1231
2025-11-19 09:07:38,admin,LOGIN,UserManagement,SUCCESS,4087
2025-11-19 11:01:06,davis,CREATE_USER,SalesDashboard,SUCCESS,2199
2025-11-19 16:43:57,bwhite,CREATE_USER,UserManagement,SUCCESS,292
2025-11-19 14:07:55,asmith,LOGIN,InventoryReport,SUCCESS,2094
2025-11-19 10:00:22,clane,EXPORT_REPORT,AuditLogs,FAILURE,1910
2025-11-19 10:43:20,clane,LOGOUT,UserManagement,SUCCESS,2986
2025-11-19 14:07:31,clane,LOGIN,SalesDashboard,SUCCESS,2313
2025-11-19 12:07:32,admin,LOGIN,SalesDashboard,SUCCESS,1669
2025-11-19 14:14:15,davis,LOGOUT,SystemSettings,SUCCESS,1292
2025-11-19 10:25:36,admin,DELETE_USER,InventoryReport,SUCCESS,1478
2025-11-19 12:44:03,admin,VIEW_REPORT,InventoryReport,SUCCESS,2592
2025-11-19 22:14:01,admin,LOGIN,SalesDashboard,SUCCESS,1229
2025-11-19 15:32:43,clane,DELETE_USER,SystemSettings,FAILURE,3582
2025-11-19 11:12:02,jdoe,LOGOUT,SystemSettings,SUCCESS,4428
2025-11-19 15:17:44,davis,ADMIN_CONFIG,SystemSettings,FAILURE,3792
2025-11-19 14:48:51,admin,EXPORT_REPORT,AuditLogs,SUCCESS,4237
2025-11-19 20:18:31,admin,ADMIN_CONFIG,UserManagement,FAILURE,346
2025-11-19 14:43:00,davis,LOGIN,UserManagement,SUCCESS,1459
2025-11-19 20:14:17,jdoe,LOGOUT,AuditLogs,SUCCESS,3819
2025-11-19 10:27:32,bwhite,ADMIN_CONFIG,SalesDashboard,SUCCESS,3651
2025-11-19 08:13:24,asmith,DELETE_USER,SalesDashboard,SUCCESS,4135
2025-11-19 13:51:50,admin,ADMIN_CONFIG,AuditLogs,SUCCESS,4699
2025-11-19 09:11:03,davis,EXPORT_REPORT,SalesDashboard,SUCCESS,1949
2025-11-19 05:59:53,clane,LOGOUT,UserManagement,SUCCESS,823
2025-11-19 14:46:37,asmith,ADMIN_CONFIG,UserManagement,SUCCESS,1218
2025-11-19 13:07:01,asmith,CREATE_USER,SalesDashboard,SUCCESS,3649
2025-11-19 09:08:23,admin,VIEW_REPORT,UserManagement,SUCCESS,1122
2025-11-19 12:30:59,admin,LOGIN,UserManagement,FAILURE,3424
2025-11-19 10:58:00,davis,LOGIN,SalesDashboard,FAILURE,503
2025-11-19 20:39:45,clane,ADMIN_CONFIG,SystemSettings,SUCCESS,3295
2025-11-19 11:56:05,jdoe,DELETE_USER,SystemSettings,SUCCESS,431
2025-11-19 11:29:46,davis,LOGOUT,UserManagement,SUCCESS,4259
2025-11-19 13:15:08,bwhite,LOGIN,SystemSettings,FAILURE,4977
2025-11-19 16:04:10,asmith,VIEW_REPORT,SystemSettings,SUCCESS,462
2025-11-19 11:33:20,jdoe,EXPORT_REPORT,SystemSettings,SUCCESS,194
2025-11-19 14:24:57,asmith,VIEW_REPORT,UserManagement,SUCCESS,4682
2025-11-19 16:37:06,bwhite,LOGOUT,AuditLogs,SUCCESS,4097
2025-11-19 11:05:35,asmith,VIEW_REPORT,InventoryReport,SUCCESS,2032
2025-11-19 16:56:58,davis,DELETE_USER,InventoryReport,SUCCESS,1242
2025-11-19 08:38:44,jdoe,ADMIN_CONFIG,AuditLogs,FAILURE,4189
2025-11-19 11:55:38,clane,LOGIN,SalesDashboard,SUCCESS,3891
2025-11-19 11:50:52,asmith,CREATE_USER,SalesDashboard,SUCCESS,4340
2025-11-19 14:47:36,asmith,VIEW_REPORT,UserManagement,SUCCESS,1097
2025-11-19 06:40:01,bwhite,ADMIN_CONFIG,InventoryReport,SUCCESS,4086
2025-11-19 13:57:26,jdoe,ADMIN_CONFIG,UserManagement,SUCCESS,2155
2025-11-19 11:43:45,asmith,LOGIN,SystemSettings,SUCCESS,4332
2025-11-19 12:58:28,admin,DELETE_USER,SalesDashboard,SUCCESS,1867
2025-11-19 10:02:33,clane,ADMIN_CONFIG,InventoryReport,SUCCESS,3102
2025-11-19 12:05:00,admin,LOGOUT,SalesDashboard,SUCCESS,4133
2025-11-19 20:15:01,asmith,CREATE_USER,SalesDashboard,SUCCESS,1021
2025-11-19 09:47:07,clane,ADMIN_CONFIG,UserManagement,SUCCESS,1906
2025-11-19 15:37:05,asmith,VIEW_REPORT,SalesDashboard,SUCCESS,2702
2025-11-19 15:14:35,asmith,EXPORT_REPORT,AuditLogs,SUCCESS,1029
2025-11-20 08:04:15,asmith,DELETE_USER,SystemSettings,SUCCESS,1992
2025-11-20 13:59:33,clane,VIEW_REPORT,SalesDashboard,SUCCESS,3966
2025-11-20 13:16:57,bwhite,CREATE_USER,UserManagement,SUCCESS,3451
2025-11-20 09:25:43,admin,EXPORT_REPORT,SalesDashboard,SUCCESS,851
2025-11-20 13:31:15,jdoe,CREATE_USER,SystemSettings,SUCCESS,587
2025-11-20 08:19:21,jdoe,LOGOUT,AuditLogs,SUCCESS,4667
2025-11-20 11:04:44,davis,LOGOUT,UserManagement,SUCCESS,3181
2025-11-20 09:34:26,admin,LOGIN,UserManagement,SUCCESS,2074
2025-11-20 08:15:17,bwhite,LOGOUT,AuditLogs,SUCCESS,1279
2025-11-20 05:23:03,admin,VIEW_REPORT,AuditLogs,SUCCESS,3151
2025-11-20 19:40:54,bwhite,LOGIN,AuditLogs,SUCCESS,1046
2025-11-20 09:06:01,asmith,ADMIN_CONFIG,SalesDashboard,SUCCESS,3046
2025-11-20 08:20:58,jdoe,EXPORT_REPORT,InventoryReport,SUCCESS,515
2025-11-20 13:47:04,davis,ADMIN_CONFIG,AuditLogs,SUCCESS,2980
2025-11-20 12:38:08,asmith,DELETE_USER,SystemSettings,SUCCESS,801
2025-11-20 16:46:19,jdoe,VIEW_REPORT,SalesDashboard,SUCCESS,4932
2025-11-20 11:57:04,admin,EXPORT_REPORT,InventoryReport,SUCCESS,3282
2025-11-20 14:30:42,davis,CREATE_USER,UserManagement,SUCCESS,2947
2025-11-20 10:01:19,admin,DELETE_USER,SalesDashboard,SUCCESS,1557
2025-11-20 11:31:27,bwhite,CREATE_USER,UserManagement,SUCCESS,2434
2025-11-20 02:01:35,bwhite,DELETE_USER,UserManagement,SUCCESS,663
2025-11-20 12:27:12,davis,LOGOUT,SalesDashboard,SUCCESS,1024
2025-11-20 10:29:26,clane,CREATE_USER,UserManagement,SUCCESS,1456
2025-11-20 08:34:34,bwhite,LOGOUT,SystemSettings,SUCCESS,3842
2025-11-20 18:25:06,asmith,EXPORT_REPORT,InventoryReport,SUCCESS,2110
2025-11-20 21:11:04,jdoe,ADMIN_CONFIG,SalesDashboard,SUCCESS,802
2025-11-20 15:34:08,bwhite,CREATE_USER,SalesDashboard,SUCCESS,95
2025-11-20 10:22:38,davis,DELETE_USER,SystemSettings,SUCCESS,4748
2025-11-20 11:34:02,admin,LOGOUT,AuditLogs,SUCCESS,26
2025-11-20 12:44:41,admin,ADMIN_CONFIG,InventoryReport,SUCCESS,2110
2025-11-20 10:19:55,davis,VIEW_REPORT,SalesDashboard,SUCCESS,3849
2025-11-20 16:14:03,asmith,ADMIN_CONFIG,AuditLogs,SUCCESS,4087
2025-11-20 11:00:12,asmith,ADMIN_CONFIG,SalesDashboard,SUCCESS,4226
2025-11-20 09:59:18,jdoe,CREATE_USER,InventoryReport,SUCCESS,4897
2025-11-20 09:57:25,davis,ADMIN_CONFIG,SystemSettings,SUCCESS,3333
2025-11-20 09:15:46,davis,LOGIN,SystemSettings,SUCCESS,2735
2025-11-20 19:13:46,jdoe,EXPORT_REPORT,InventoryReport,SUCCESS,399
2025-11-20 15:21:54,bwhite,DELETE_USER,SystemSettings,SUCCESS,3745
2025-11-20 00:31:38,davis,DELETE_USER,SalesDashboard,SUCCESS,2671
2025-11-20 09:07:44,admin,VIEW_REPORT,UserManagement,FAILURE,2171
2025-11-20 12:34:45,bwhite,DELETE_USER,SalesDashboard,SUCCESS,4596
2025-11-20 08:50:03,clane,EXPORT_REPORT,SystemSettings,SUCCESS,4414
2025-11-20 11:05:01,clane,LOGIN,InventoryReport,SUCCESS,640
2025-11-20 10:18:53,admin,LOGIN,UserManagement,SUCCESS,2301
2025-11-20 14:44:56,admin,DELETE_USER,SalesDashboard,SUCCESS,4551
2025-11-20 10:20:57,asmith,LOGOUT,UserManagement,FAILURE,612
2025-11-20 16:39:24,davis,LOGIN,AuditLogs,SUCCESS,2075
2025-11-20 09:30:24,jdoe,EXPORT_REPORT,SystemSettings,SUCCESS,271
2025-11-20 22:51:21,davis,VIEW_REPORT,SalesDashboard,SUCCESS,3941
2025-11-20 15:21:44,asmith,CREATE_USER,UserManagement,SUCCESS,4818
2025-11-20 08:13:31,davis,LOGOUT,AuditLogs,SUCCESS,2532
2025-11-20 10:31:16,clane,CREATE_USER,UserManagement,SUCCESS,4611
2025-11-20 14:05:34,bwhite,DELETE_USER,AuditLogs,SUCCESS,1886
2025-11-20 09:14:30,clane,CREATE_USER,UserManagement,SUCCESS,3016
2025-11-20 14:47:07,admin,EXPORT_REPORT,InventoryReport,SUCCESS,1545
2025-11-20 11:06:01,davis,LOGIN,UserManagement,SUCCESS,4877
2025-11-20 01:55:26,jdoe,LOGOUT,AuditLogs,SUCCESS,2455
2025-11-20 15:30:19,admin,VIEW_REPORT,SystemSettings,SUCCESS,4499
2025-11-20 11:17:17,clane,LOGIN,InventoryReport,SUCCESS,3297
2025-11-20 10:59:58,jdoe,LOGIN,SalesDashboard,SUCCESS,988
2025-11-20 10:47:59,admin,CREATE_USER,InventoryReport,SUCCESS,647
2025-11-20 09:21:18,asmith,EXPORT_REPORT,SalesDashboard,SUCCESS,4779
2025-11-20 13:17:18,jdoe,DELETE_USER,AuditLogs,SUCCESS,4489
2025-11-20 14:32:51,davis,CREATE_USER,InventoryReport,SUCCESS,3841
2025-11-20 10:28:23,jdoe,DELETE_USER,UserManagement,SUCCESS,268
2025-11-20 14:48:31,clane,CREATE_USER,SalesDashboard,SUCCESS,3846
2025-11-20 15:40:26,admin,LOGIN,SalesDashboard,SUCCESS,1463
2025-11-20 10:45:45,davis,ADMIN_CONFIG,UserManagement,SUCCESS,2319
2025-11-20 14:33:51,asmith,CREATE_USER,SystemSettings,SUCCESS,4173
2025-11-20 05:44:01,davis,LOGIN,SystemSettings,SUCCESS,2461
2025-11-20 14:40:05,asmith,CREATE_USER,SalesDashboard,SUCCESS,4835
2025-11-20 09:01:48,jdoe,LOGOUT,SalesDashboard,SUCCESS,366
2025-11-20 15:40:06,admin,CREATE_USER,AuditLogs,SUCCESS,1659
2025-11-20 15:52:04,jdoe,LOGOUT,SalesDashboard,SUCCESS,4267
2025-11-20 11:46:06,asmith,LOGIN,AuditLogs,SUCCESS,72
2025-11-20 16:02:19,admin,CREATE_USER,SystemSettings,SUCCESS,1348
2025-11-20 09:19:04,jdoe,LOGOUT,InventoryReport,FAILURE,1735
2025-11-20 14:58:20,davis,LOGIN,InventoryReport,SUCCESS,1876
2025-11-20 09:04:05,clane,VIEW_REPORT,SalesDashboard,SUCCESS,3309
2025-11-20 15:29:01,jdoe,CREATE_USER,SystemSettings,SUCCESS,4312
2025-11-20 15:36:42,jdoe,EXPORT_REPORT,InventoryReport,SUCCESS,719
2025-11-20 16:14:10,asmith,VIEW_REPORT,SystemSettings,SUCCESS,4821
2025-11-20 12:34:20,davis,ADMIN_CONFIG,SystemSettings,SUCCESS,2693
2025-11-20 22:00:59,jdoe,LOGOUT,SystemSettings,SUCCESS,3282
2025-11-20 14:55:34,jdoe,DELETE_USER,InventoryReport,SUCCESS,4947
2025-11-20 02:47:43,asmith,LOGIN,UserManagement,SUCCESS,4164
2025-11-20 16:32:34,jdoe,LOGOUT,SalesDashboard,SUCCESS,2226
2025-11-20 14:44:45,davis,LOGOUT,SalesDashboard,SUCCESS,200
2025-11-20 08:11:42,admin,DELETE_USER,SalesDashboard,SUCCESS,1721
2025-11-20 18:39:07,admin,CREATE_USER,SystemSettings,FAILURE,4922
2025-11-20 11:12:56,davis,CREATE_USER,InventoryReport,SUCCESS,3397
2025-11-20 08:44:12,bwhite,LOGOUT,SystemSettings,SUCCESS,2525
2025-11-20 16:51:11,admin,EXPORT_REPORT,InventoryReport,SUCCESS,2504
2025-11-20 10:05:20,clane,LOGIN,SalesDashboard,SUCCESS,2839
2025-11-20 15:20:49,jdoe,DELETE_USER,AuditLogs,SUCCESS,144
2025-11-20 03:31:03,bwhite,CREATE_USER,SystemSettings,SUCCESS,4778
2025-11-20 08:22:16,jdoe,ADMIN_CONFIG,UserManagement,FAILURE,3281
2025-11-20 20:48:05,asmith,DELETE_USER,AuditLogs,SUCCESS,1232
2025-11-20 14:09:55,davis,VIEW_REPORT,SystemSettings,SUCCESS,1780
2025-11-20 12:52:41,davis,EXPORT_REPORT,SystemSettings,FAILURE,1886
2025-11-20 12:44:40,admin,EXPORT_REPORT,UserManagement,SUCCESS,1911
2025-11-20 15:31:18,davis,ADMIN_CONFIG,SalesDashboard,SUCCESS,3595
2025-11-20 10:00:50,jdoe,LOGIN,InventoryReport,FAILURE,2136
2025-11-20 08:41:59,davis,DELETE_USER,SalesDashboard,SUCCESS,956
2025-11-20 18:39:40,admin,LOGIN,InventoryReport,SUCCESS,2511
2025-11-20 15:34:45,jdoe,LOGOUT,InventoryReport,SUCCESS,2836
2025-11-20 16:59:23,davis,CREATE_USER,AuditLogs,SUCCESS,3589
2025-11-20 03:06:28,jdoe,EXPORT_REPORT,SalesDashboard,SUCCESS,4296
2025-11-20 11:16:41,clane,VIEW_REPORT,UserManagement,SUCCESS,1739
2025-11-20 08:45:42,clane,EXPORT_REPORT,UserManagement,SUCCESS,845
2025-11-20 15:03:25,davis,LOGOUT,SalesDashboard,SUCCESS,268
2025-11-20 11:11:56,davis,VIEW_REPORT,SalesDashboard,SUCCESS,317
2025-11-20 20:56:48,asmith,DELETE_USER,SystemSettings,SUCCESS,3081
2025-11-20 13:24:20,davis,LOGIN,UserManagement,SUCCESS,2257
2025-11-20 21:34:49,jdoe,LOGIN,UserManagement,SUCCESS,2815
2025-11-20 10:11:45,jdoe,ADMIN_CONFIG,SystemSettings,SUCCESS,1020
2025-11-20 10:17:04,clane,LOGOUT,SystemSettings,SUCCESS,42
2025-11-20 09:47:19,asmith,LOGOUT,AuditLogs,SUCCESS,1244
2025-11-20 13:14:51,jdoe,EXPORT_REPORT,InventoryReport,SUCCESS,846
2025-11-20 09:39:30,jdoe,LOGOUT,SalesDashboard,SUCCESS,2549
2025-11-20 15:28:02,jdoe,LOGIN,SalesDashboard,SUCCESS,4336
2025-11-20 09:22:52,bwhite,LOGIN,SystemSettings,SUCCESS,1858
2025-11-20 14:12:33,asmith,EXPORT_REPORT,UserManagement,SUCCESS,4004
2025-11-20 14:59:17,bwhite,LOGIN,UserManagement,SUCCESS,324
2025-11-20 21:54:53,asmith,CREATE_USER,SystemSettings,SUCCESS,2274
2025-11-20 14:08:48,clane,ADMIN_CONFIG,SalesDashboard,SUCCESS,4028
2025-11-20 12:22:30,asmith,ADMIN_CONFIG,InventoryReport,SUCCESS,4295
2025-11-20 13:17:26,admin,VIEW_REPORT,SystemSettings,SUCCESS,130
2025-11-20 09:01:49,bwhite,EXPORT_REPORT,AuditLogs,SUCCESS,442
2025-11-20 16:06:12,jdoe,ADMIN_CONFIG,SystemSettings,SUCCESS,4615
2025-11-21 05:42:30,jdoe,ADMIN_CONFIG,SalesDashboard,SUCCESS,3626
2025-11-21 11:04:15,clane,DELETE_USER,SalesDashboard,SUCCESS,3614
2025-11-21 09:40:51,davis,DELETE_USER,SystemSettings,SUCCESS,3669
2025-11-21 16:08:02,clane,ADMIN_CONFIG,InventoryReport,SUCCESS,3586
2025-11-21 10:46:17,asmith,CREATE_USER,UserManagement,SUCCESS,3987
2025-11-21 02:41:58,davis,ADMIN_CONFIG,AuditLogs,SUCCESS,3104
2025-11-21 16:52:24,jdoe,VIEW_REPORT,AuditLogs,SUCCESS,4873
2025-11-21 20:11:05,bwhite,EXPORT_REPORT,AuditLogs,SUCCESS,2478
2025-11-21 16:09:35,davis,DELETE_USER,InventoryReport,SUCCESS,1654
2025-11-21 13:06:03,clane,LOGIN,InventoryReport,SUCCESS,1314
2025-11-21 05:21:42,jdoe,LOGIN,AuditLogs,SUCCESS,2028
2025-11-21 10:43:10,jdoe,LOGIN,AuditLogs,SUCCESS,4836
2025-11-21 23:41:32,asmith,EXPORT_REPORT,InventoryReport,SUCCESS,3846
2025-11-21 05:06:46,jdoe,CREATE_USER,UserManagement,SUCCESS,4193
2025-11-21 08:50:56,clane,LOGOUT,UserManagement,SUCCESS,3524
2025-11-21 23:09:26,admin,CREATE_USER,SalesDashboard,SUCCESS,544
2025-11-21 23:55:21,jdoe,ADMIN_CONFIG,InventoryReport,SUCCESS,4140
2025-11-21 11:28:00,clane,CREATE_USER,SalesDashboard,FAILURE,862
2025-11-21 12:56:20,clane,VIEW_REPORT,UserManagement,SUCCESS,4723
2025-11-21 15:25:51,clane,DELETE_USER,SalesDashboard,SUCCESS,3747
2025-11-21 12:38:24,davis,LOGIN,UserManagement,SUCCESS,3993
2025-11-21 10:50:12,clane,LOGOUT,InventoryReport,SUCCESS,1733
2025-11-21 11:55:02,jdoe,LOGOUT,AuditLogs,SUCCESS,2435
2025-11-21 20:17:48,clane,ADMIN_CONFIG,SalesDashboard,FAILURE,2210
2025-11-21 09:35:27,bwhite,VIEW_REPORT,UserManagement,SUCCESS,326
2025-11-21 14:42:34,asmith,LOGIN,SystemSettings,SUCCESS,1790
2025-11-21 10:17:23,davis,CREATE_USER,InventoryReport,SUCCESS,1266
2025-11-21 14:08:42,jdoe,CREATE_USER,SalesDashboard,SUCCESS,4999
2025-11-21 12:26:00,bwhite,EXPORT_REPORT,AuditLogs,SUCCESS,373
2025-11-21 15:33:02,davis,CREATE_USER,AuditLogs,SUCCESS,1625
2025-11-21 08:36:43,davis,CREATE_USER,SystemSettings,SUCCESS,3190
2025-11-21 08:30:12,admin,LOGOUT,UserManagement,SUCCESS,3086
2025-11-21 12:08:58,davis,ADMIN_CONFIG,UserManagement,SUCCESS,4336
2025-11-21 22:05:50,asmith,EXPORT_REPORT,AuditLogs,SUCCESS,3562
2025-11-21 10:55:51,bwhite,EXPORT_REPORT,AuditLogs,SUCCESS,978
2025-11-21 16:40:46,clane,LOGOUT,InventoryReport,SUCCESS,1781
2025-11-21 15:37:27,admin,EXPORT_REPORT,SalesDashboard,SUCCESS,3156
2025-11-21 12:12:32,asmith,LOGIN,AuditLogs,SUCCESS,931
2025-11-21 15:35:49,jdoe,VIEW_REPORT,SalesDashboard,SUCCESS,541
2025-11-21 12:59:10,davis,EXPORT_REPORT,AuditLogs,SUCCESS,2268
2025-11-21 10:06:40,asmith,VIEW_REPORT,UserManagement,SUCCESS,4060
2025-11-21 12:37:39,jdoe,EXPORT_REPORT,UserManagement,SUCCESS,1430
2025-11-21 06:34:45,davis,VIEW_REPORT,UserManagement,SUCCESS,1561
2025-11-21 09:36:59,admin,DELETE_USER,SalesDashboard,SUCCESS,298
2025-11-21 03:49:20,asmith,LOGOUT,UserManagement,SUCCESS,78
2025-11-21 15:30:51,jdoe,LOGIN,SalesDashboard,SUCCESS,3746
2025-11-21 11:40:41,bwhite,ADMIN_CONFIG,InventoryReport,SUCCESS,1204
2025-11-21 04:19:27,bwhite,LOGOUT,InventoryReport,SUCCESS,2675
2025-11-21 10:05:24,jdoe,DELETE_USER,SalesDashboard,SUCCESS,123
2025-11-21 16:33:27,admin,EXPORT_REPORT,AuditLogs,SUCCESS,4643
2025-11-21 12:55:19,davis,LOGOUT,UserManagement,SUCCESS,318
2025-11-21 13:31:38,bwhite,DELETE_USER,AuditLogs,SUCCESS,388
2025-11-21 16:43:22,admin,LOGIN,UserManagement,SUCCESS,1134
2025-11-21 09:20:33,clane,ADMIN_CONFIG,SalesDashboard,SUCCESS,3302
2025-11-21 09:52:23,admin,ADMIN_CONFIG,SystemSettings,SUCCESS,2904
2025-11-21 10:57:15,asmith,CREATE_USER,SystemSettings,SUCCESS,3025
2025-11-21 14:28:50,bwhite,EXPORT_REPORT,InventoryReport,SUCCESS,1758
2025-11-21 12:33:00,bwhite,VIEW_REPORT,InventoryReport,SUCCESS,613
2025-11-21 08:30:48,admin,DELETE_USER,AuditLogs,SUCCESS,4442
2025-11-21 06:00:09,jdoe,LOGIN,InventoryReport,SUCCESS,1353
2025-11-21 12:10:09,clane,EXPORT_REPORT,InventoryReport,FAILURE,2818
2025-11-21 01:56:30,admin,LOGIN,AuditLogs,SUCCESS,3369
2025-11-21 13:33:22,admin,VIEW_REPORT,InventoryReport,SUCCESS,3708
2025-11-21 12:55:24,bwhite,EXPORT_REPORT,UserManagement,SUCCESS,4222
2025-11-21 15:47:28,asmith,EXPORT_REPORT,SalesDashboard,SUCCESS,4389
2025-11-21 14:46:04,davis,LOGOUT,InventoryReport,SUCCESS,460
2025-11-21 08:26:40,clane,VIEW_REPORT,SalesDashboard,SUCCESS,2202
2025-11-21 10:04:18,asmith,VIEW_REPORT,SalesDashboard,SUCCESS,353
2025-11-21 16:11:50,jdoe,EXPORT_REPORT,SalesDashboard,SUCCESS,69
2025-11-21 12:29:34,clane,ADMIN_CONFIG,SystemSettings,SUCCESS,1818
2025-11-21 10:35:07,clane,CREATE_USER,UserManagement,SUCCESS,2100
2025-11-21 11:32:53,bwhite,LOGOUT,SystemSettings,FAILURE,1394
2025-11-21 14:45:14,bwhite,LOGIN,InventoryReport,SUCCESS,231
2025-11-21 09:17:28,admin,DELETE_USER,SalesDashboard,SUCCESS,1722
2025-11-21 11:44:52,admin,EXPORT_REPORT,SystemSettings,SUCCESS,4597
2025-11-21 13:34:02,davis,EXPORT_REPORT,UserManagement,SUCCESS,1628
2025-11-21 11:47:36,admin,CREATE_USER,InventoryReport,SUCCESS,92
2025-11-21 08:36:13,admin,CREATE_USER,AuditLogs,SUCCESS,2529
2025-11-21 10:25:35,jdoe,CREATE_USER,SystemSettings,SUCCESS,4854
2025-11-21 14:45:15,davis,CREATE_USER,AuditLogs,SUCCESS,1652
2025-11-21 15:22:16,davis,LOGOUT,SalesDashboard,SUCCESS,4997
2025-11-21 01:50:43,davis,ADMIN_CONFIG,InventoryReport,SUCCESS,4311
2025-11-21 08:30:39,davis,VIEW_REPORT,UserManagement,SUCCESS,1017
2025-11-21 07:56:42,davis,VIEW_REPORT,AuditLogs,SUCCESS,989
2025-11-21 11:41:19,asmith,VIEW_REPORT,UserManagement,SUCCESS,1264
2025-11-21 09:46:51,asmith,ADMIN_CONFIG,SalesDashboard,SUCCESS,1196
2025-11-21 15:27:18,admin,LOGIN,InventoryReport,SUCCESS,4882
2025-11-21 12:14:05,bwhite,LOGOUT,SalesDashboard,SUCCESS,1886
2025-11-21 14:31:49,clane,EXPORT_REPORT,InventoryReport,SUCCESS,1601
2025-11-21 00:55:52,asmith,LOGIN,InventoryReport,SUCCESS,3405
2025-11-21 11:28:46,clane,LOGOUT,InventoryReport,FAILURE,4150
2025-11-21 15:47:39,jdoe,LOGIN,InventoryReport,SUCCESS,788
2025-11-21 07:33:18,jdoe,ADMIN_CONFIG,InventoryReport,SUCCESS,2589
2025-11-21 08:57:22,asmith,LOGOUT,UserManagement,SUCCESS,3369
2025-11-21 14:29:45,clane,DELETE_USER,InventoryReport,FAILURE,3947
2025-11-21 12:23:23,asmith,LOGOUT,InventoryReport,SUCCESS,3857
2025-11-21 11:13:11,davis,LOGIN,InventoryReport,SUCCESS,4555
2025-11-21 14:02:53,bwhite,LOGIN,SalesDashboard,SUCCESS,4499
2025-11-21 06:53:24,jdoe,LOGOUT,UserManagement,SUCCESS,2957
2025-11-21 09:43:02,clane,DELETE_USER,SalesDashboard,SUCCESS,2778
2025-11-21 10:29:00,admin,DELETE_USER,InventoryReport,SUCCESS,2710
2025-11-21 16:22:50,admin,DELETE_USER,InventoryReport,SUCCESS,2246
2025-11-21 16:28:15,admin,VIEW_REPORT,UserManagement,SUCCESS,3981
2025-11-21 21:31:45,jdoe,ADMIN_CONFIG,AuditLogs,SUCCESS,1244
2025-11-21 10:33:17,jdoe,LOGOUT,AuditLogs,SUCCESS,3060
2025-11-21 08:58:20,admin,LOGIN,InventoryReport,SUCCESS,3322
2025-11-21 13:44:01,davis,VIEW_REPORT,SalesDashboard,SUCCESS,4433
2025-11-21 15:55:35,jdoe,LOGOUT,InventoryReport,SUCCESS,649
2025-11-21 12:15:17,bwhite,LOGOUT,InventoryReport,SUCCESS,1008
2025-11-22 04:57:33,asmith,LOGIN,SystemSettings,SUCCESS,3313
2025-11-22 23:00:46,clane,ADMIN_CONFIG,SalesDashboard,SUCCESS,287
2025-11-22 23:28:28,admin,DELETE_USER,SalesDashboard,SUCCESS,736
2025-11-22 17:35:06,jdoe,DELETE_USER,SystemSettings,SUCCESS,4206
2025-11-22 06:21:53,clane,ADMIN_CONFIG,InventoryReport,SUCCESS,3401
2025-11-22 14:21:48,davis,LOGIN,SalesDashboard,SUCCESS,4286
2025-11-22 11:35:53,davis,EXPORT_REPORT,UserManagement,SUCCESS,2642
2025-11-22 09:45:24,admin,ADMIN_CONFIG,SystemSettings,SUCCESS,3694
2025-11-23 17:13:13,admin,VIEW_REPORT,UserManagement,SUCCESS,4626
2025-11-23 02:04:54,clane,EXPORT_REPORT,AuditLogs,SUCCESS,2408
2025-11-23 20:30:55,clane,ADMIN_CONFIG,SystemSettings,SUCCESS,923
2025-11-23 03:07:03,asmith,DELETE_USER,AuditLogs,SUCCESS,903
2025-11-23 13:57:40,davis,CREATE_USER,InventoryReport,SUCCESS,4161
2025-11-23 22:55:37,clane,EXPORT_REPORT,InventoryReport,SUCCESS,3668
2025-11-23 01:20:13,jdoe,DELETE_USER,AuditLogs,SUCCESS,4935
2025-11-23 23:21:43,asmith,CREATE_USER,SystemSettings,FAILURE,4070
2025-11-23 23:48:45,admin,DELETE_USER,SystemSettings,SUCCESS,1093
2025-11-23 01:56:59,admin,CREATE_USER,UserManagement,SUCCESS,4223
2025-11-23 14:20:28,bwhite,VIEW_REPORT,UserManagement,SUCCESS,4874
2025-11-24 09:08:14,davis,LOGIN,InventoryReport,SUCCESS,1067
2025-11-24 13:58:16,davis,LOGOUT,SalesDashboard,SUCCESS,4990
2025-11-24 16:21:32,asmith,ADMIN_CONFIG,SalesDashboard,SUCCESS,4602
2025-11-24 14:37:23,asmith,DELETE_USER,AuditLogs,SUCCESS,4490
2025-11-24 08:25:26,jdoe,LOGOUT,AuditLogs,SUCCESS,190
2025-11-24 13:45:58,clane,VIEW_REPORT,SalesDashboard,SUCCESS,594
2025-11-24 10:30:03,admin,ADMIN_CONFIG,UserManagement,SUCCESS,4227
2025-11-24 10:35:46,jdoe,ADMIN_CONFIG,InventoryReport,SUCCESS,2361
2025-11-24 08:56:11,davis,ADMIN_CONFIG,InventoryReport,SUCCESS,1657
2025-11-24 16:14:09,admin,ADMIN_CONFIG,SalesDashboard,SUCCESS,3320
2025-11-24 10:26:54,asmith,EXPORT_REPORT,AuditLogs,SUCCESS,4521
2025-11-24 16:40:50,davis,CREATE_USER,SalesDashboard,SUCCESS,4588
2025-11-24 11:53:34,admin,LOGOUT,InventoryReport,SUCCESS,4179
2025-11-24 14:01:35,asmith,VIEW_REPORT,SalesDashboard,SUCCESS,1935
2025-11-24 12:24:16,asmith,DELETE_USER,AuditLogs,SUCCESS,4928
2025-11-24 13:44:56,clane,CREATE_USER,InventoryReport,FAILURE,4097
2025-11-24 15:36:44,clane,LOGIN,SystemSettings,SUCCESS,953
2025-11-24 14:45:17,davis,LOGIN,UserManagement,SUCCESS,4247
2025-11-24 14:22:48,davis,DELETE_USER,SalesDashboard,SUCCESS,2522
2025-11-24 08:56:52,bwhite,LOGIN,InventoryReport,SUCCESS,2802
2025-11-24 03:48:34,admin,ADMIN_CONFIG,SystemSettings,SUCCESS,521
2025-11-24 09:55:41,admin,LOGIN,SystemSettings,SUCCESS,4475
2025-11-24 15:33:33,admin,VIEW_REPORT,SalesDashboard,SUCCESS,1923
2025-11-24 11:25:45,admin,LOGIN,SystemSettings,SUCCESS,1200
2025-11-24 12:17:44,jdoe,EXPORT_REPORT,InventoryReport,SUCCESS,3929
2025-11-24 11:23:21,jdoe,LOGIN,InventoryReport,SUCCESS,3271
2025-11-24 15:14:02,davis,LOGOUT,UserManagement,SUCCESS,4606
2025-11-24 12:29:00,jdoe,DELETE_USER,SalesDashboard,SUCCESS,4761
2025-11-24 11:00:15,asmith,VIEW_REPORT,UserManagement,FAILURE,2547
2025-11-24 16:12:42,davis,LOGIN,AuditLogs,SUCCESS,4927
2025-11-24 08:47:28,asmith,CREATE_USER,SystemSettings,SUCCESS,2848
2025-11-24 02:54:53,clane,DELETE_USER,AuditLogs,SUCCESS,1641
2025-11-24 15:41:56,asmith,CREATE_USER,SalesDashboard,SUCCESS,4213
2025-11-24 12:16:36,clane,LOGIN,AuditLogs,SUCCESS,4229
2025-11-24 11:57:26,asmith,VIEW_REPORT,UserManagement,FAILURE,1750
2025-11-24 09:47:54,bwhite,VIEW_REPORT,InventoryReport,SUCCESS,543
2025-11-24 15:00:22,bwhite,ADMIN_CONFIG,SalesDashboard,SUCCESS,3983
2025-11-24 10:14:27,admin,DELETE_USER,UserManagement,SUCCESS,3318
2025-11-24 10:26:12,admin,DELETE_USER,SystemSettings,SUCCESS,4280
2025-11-24 11:00:32,asmith,DELETE_USER,SalesDashboard,SUCCESS,413
2025-11-24 09:47:03,admin,CREATE_USER,SalesDashboard,SUCCESS,463
2025-11-24 10:45:06,bwhite,LOGIN,AuditLogs,SUCCESS,4253
2025-11-24 15:00:57,clane,ADMIN_CONFIG,SalesDashboard,SUCCESS,1998
2025-11-24 16:22:58,asmith,EXPORT_REPORT,InventoryReport,SUCCESS,4519
2025-11-24 08:46:37,jdoe,LOGIN,SystemSettings,FAILURE,2181
2025-11-24 16:50:02,admin,EXPORT_REPORT,UserManagement,SUCCESS,1852
2025-11-24 09:34:15,asmith,LOGOUT,AuditLogs,SUCCESS,156
2025-11-24 10:35:16,admin,DELETE_USER,SalesDashboard,SUCCESS,1816
2025-11-24 16:00:09,jdoe,EXPORT_REPORT,InventoryReport,SUCCESS,1084
2025-11-24 14:19:16,davis,DELETE_USER,SystemSettings,SUCCESS,1383
2025-11-24 08:45:10,davis,LOGOUT,InventoryReport,SUCCESS,1246
2025-11-24 11:19:31,davis,LOGIN,InventoryReport,SUCCESS,3347
2025-11-24 12:49:10,admin,EXPORT_REPORT,InventoryReport,SUCCESS,2226
2025-11-24 12:08:28,clane,VIEW_REPORT,AuditLogs,SUCCESS,1375
2025-11-24 08:16:45,bwhite,ADMIN_CONFIG,UserManagement,SUCCESS,2517
2025-11-24 16:47:02,jdoe,ADMIN_CONFIG,InventoryReport,SUCCESS,1726
2025-11-24 14:36:32,davis,DELETE_USER,SalesDashboard,SUCCESS,4906
2025-11-24 09:22:34,clane,LOGOUT,InventoryReport,SUCCESS,4826
2025-11-24 12:03:23,clane,LOGIN,SalesDashboard,SUCCESS,3372
2025-11-24 04:24:37,asmith,EXPORT_REPORT,AuditLogs,SUCCESS,2825
2025-11-24 12:33:31,bwhite,LOGIN,SystemSettings,SUCCESS,1171
2025-11-24 09:17:29,jdoe,CREATE_USER,UserManagement,SUCCESS,3219
2025-11-24 16:52:59,jdoe,ADMIN_CONFIG,InventoryReport,SUCCESS,856
2025-11-24 14:52:17,admin,LOGOUT,SystemSettings,SUCCESS,2344
2025-11-24 02:27:23,admin,EXPORT_REPORT,UserManagement,SUCCESS,2264
2025-11-24 04:17:39,bwhite,VIEW_REPORT,InventoryReport,SUCCESS,4953
2025-11-24 16:01:40,jdoe,ADMIN_CONFIG,InventoryReport,SUCCESS,4556
2025-11-24 08:10:00,asmith,CREATE_USER,UserManagement,SUCCESS,4597
2025-11-24 22:59:02,clane,DELETE_USER,AuditLogs,SUCCESS,2675
2025-11-24 09:10:07,clane,VIEW_REPORT,AuditLogs,SUCCESS,4419
2025-11-24 09:37:17,bwhite,LOGIN,InventoryReport,SUCCESS,843
2025-11-24 10:14:39,asmith,CREATE_USER,UserManagement,SUCCESS,110
2025-11-24 10:53:06,jdoe,ADMIN_CONFIG,AuditLogs,SUCCESS,3901
2025-11-24 15:27:56,asmith,LOGIN,SalesDashboard,SUCCESS,3648
2025-11-24 10:26:46,jdoe,LOGOUT,UserManagement,SUCCESS,4838
2025-11-24 08:25:54,clane,LOGIN,UserManagement,SUCCESS,4931
2025-11-24 15:41:48,davis,LOGOUT,InventoryReport,SUCCESS,2974
2025-11-24 08:31:02,davis,LOGOUT,AuditLogs,SUCCESS,2063
2025-11-24 09:26:55,davis,VIEW_REPORT,AuditLogs,SUCCESS,408
2025-11-24 13:33:58,jdoe,LOGIN,InventoryReport,SUCCESS,2392
2025-11-24 14:53:42,bwhite,ADMIN_CONFIG,SystemSettings,SUCCESS,877
2025-11-24 10:56:17,jdoe,LOGIN,AuditLogs,SUCCESS,70
2025-11-24 10:16:27,admin,VIEW_REPORT,UserManagement,SUCCESS,3533
2025-11-24 15:31:55,clane,CREATE_USER,SalesDashboard,SUCCESS,315
2025-11-24 16:59:25,admin,LOGIN,AuditLogs,SUCCESS,829
2025-11-24 19:44:35,davis,EXPORT_REPORT,SystemSettings,SUCCESS,2227
2025-11-24 10:50:11,asmith,DELETE_USER,SalesDashboard,FAILURE,882
2025-11-24 13:53:36,asmith,ADMIN_CONFIG,SalesDashboard,SUCCESS,595
2025-11-24 08:57:22,clane,EXPORT_REPORT,SalesDashboard,SUCCESS,4076
2025-11-24 09:49:37,bwhite,ADMIN_CONFIG,UserManagement,SUCCESS,3461
2025-11-24 16:00:16,admin,LOGIN,SalesDashboard,SUCCESS,848
2025-11-24 11:54:11,davis,ADMIN_CONFIG,UserManagement,SUCCESS,2797
2025-11-24 08:02:06,bwhite,EXPORT_REPORT,InventoryReport,SUCCESS,578
2025-11-24 08:49:42,bwhite,LOGIN,SalesDashboard,SUCCESS,2259
2025-11-24 06:56:21,clane,EXPORT_REPORT,AuditLogs,SUCCESS,3621
2025-11-24 05:30:24,clane,DELETE_USER,AuditLogs,SUCCESS,150
2025-11-24 12:36:53,admin,DELETE_USER,SystemSettings,SUCCESS,2936
2025-11-24 14:41:38,davis,DELETE_USER,AuditLogs,SUCCESS,4739
2025-11-24 16:20:31,davis,ADMIN_CONFIG,SalesDashboard,SUCCESS,4601
2025-11-24 09:50:31,asmith,VIEW_REPORT,InventoryReport,SUCCESS,3959
2025-11-24 05:10:52,bwhite,EXPORT_REPORT,InventoryReport,SUCCESS,4973
2025-11-24 11:32:01,bwhite,DELETE_USER,AuditLogs,SUCCESS,1096
2025-11-24 10:34:43,bwhite,ADMIN_CONFIG,SystemSettings,SUCCESS,3241
2025-11-24 14:32:56,admin,ADMIN_CONFIG,SystemSettings,FAILURE,2669
2025-11-24 16:39:15,jdoe,DELETE_USER,InventoryReport,SUCCESS,4323
2025-11-24 15:32:42,clane,EXPORT_REPORT,SalesDashboard,SUCCESS,3763
2025-11-24 13:25:17,bwhite,LOGOUT,UserManagement,SUCCESS,18
2025-11-24 15:30:46,bwhite,DELETE_USER,SalesDashboard,SUCCESS,2447
2025-11-24 15:35:31,admin,LOGIN,UserManagement,FAILURE,1946
2025-11-24 09:52:57,bwhite,ADMIN_CONFIG,AuditLogs,SUCCESS,3090
2025-11-24 06:47:46,clane,ADMIN_CONFIG,InventoryReport,SUCCESS,3769
2025-11-24 10:13:27,bwhite,LOGIN,SystemSettings,SUCCESS,4017
2025-11-24 09:32:41,jdoe,DELETE_USER,UserManagement,SUCCESS,1589
2025-11-24 18:04:16,jdoe,CREATE_USER,UserManagement,SUCCESS,2464
2025-11-24 13:39:30,jdoe,CREATE_USER,InventoryReport,SUCCESS,3530
2025-11-24 08:29:35,davis,VIEW_REPORT,SystemSettings,SUCCESS,3227
2025-11-24 23:29:44,asmith,VIEW_REPORT,UserManagement,SUCCESS,3810
2025-11-24 15:14:45,bwhite,DELETE_USER,SystemSettings,SUCCESS,939
2025-11-24 16:32:55,clane,EXPORT_REPORT,AuditLogs,SUCCESS,126
2025-11-24 08:36:13,asmith,VIEW_REPORT,SystemSettings,FAILURE,3183
2025-11-24 09:04:02,bwhite,ADMIN_CONFIG,AuditLogs,SUCCESS,4618
2025-11-24 10:37:26,jdoe,LOGOUT,AuditLogs,SUCCESS,495
2025-11-24 09:11:29,davis,VIEW_REPORT,SystemSettings,SUCCESS,2733
2025-11-24 20:24:25,admin,VIEW_REPORT,InventoryReport,SUCCESS,2755
2025-11-24 08:18:08,clane,ADMIN_CONFIG,UserManagement,SUCCESS,4942
2025-11-24 11:29:31,clane,ADMIN_CONFIG,AuditLogs,SUCCESS,2973
2025-11-24 16:43:45,asmith,VIEW_REPORT,SystemSettings,SUCCESS,3526
2025-11-24 09:15:02,davis,LOGIN,SalesDashboard,SUCCESS,1091
2025-11-24 11:32:13,davis,DELETE_USER,UserManagement,SUCCESS,4480
2025-11-24 11:54:44,bwhite,EXPORT_REPORT,InventoryReport,SUCCESS,2859
2025-11-24 11:06:48,jdoe,EXPORT_REPORT,SystemSettings,SUCCESS,4286
2025-11-25 11:42:57,clane,ADMIN_CONFIG,InventoryReport,SUCCESS,1377
2025-11-25 10:55:45,bwhite,CREATE_USER,InventoryReport,SUCCESS,2285
2025-11-25 11:45:05,davis,LOGOUT,SalesDashboard,SUCCESS,123
2025-11-25 08:15:02,asmith,LOGOUT,InventoryReport,SUCCESS,2748
2025-11-25 09:34:59,jdoe,EXPORT_REPORT,SystemSettings,SUCCESS,417
2025-11-25 12:29:34,jdoe,LOGIN,InventoryReport,SUCCESS,1917
2025-11-25 11:43:45,davis,DELETE_USER,SalesDashboard,SUCCESS,4871
2025-11-25 12:23:48,admin,CREATE_USER,AuditLogs,SUCCESS,1918
2025-11-25 11:59:03,clane,LOGIN,SystemSettings,SUCCESS,1299
2025-11-25 15:50:55,davis,CREATE_USER,AuditLogs,SUCCESS,1286
2025-11-25 09:02:51,bwhite,VIEW_REPORT,SystemSettings,SUCCESS,3994
2025-11-25 16:44:40,asmith,VIEW_REPORT,AuditLogs,SUCCESS,4630
2025-11-25 13:07:53,bwhite,LOGIN,UserManagement,SUCCESS,2421
2025-11-25 19:21:33,admin,ADMIN_CONFIG,SystemSettings,SUCCESS,434
2025-11-25 13:43:33,admin,DELETE_USER,SystemSettings,SUCCESS,2611
2025-11-25 15:33:34,admin,ADMIN_CONFIG,AuditLogs,FAILURE,1818
2025-11-25 09:23:44,clane,VIEW_REPORT,UserManagement,SUCCESS,61
2025-11-25 09:41:39,asmith,LOGIN,SystemSettings,SUCCESS,172
2025-11-25 09:45:18,admin,CREATE_USER,SalesDashboard,SUCCESS,4357
2025-11-25 12:28:22,bwhite,CREATE_USER,SalesDashboard,SUCCESS,1860
2025-11-25 16:57:16,davis,LOGIN,SalesDashboard,SUCCESS,511
2025-11-25 14:46:14,admin,CREATE_USER,InventoryReport,SUCCESS,913
2025-11-25 14:11:52,asmith,ADMIN_CONFIG,UserManagement,SUCCESS,4463
2025-11-25 08:17:01,clane,EXPORT_REPORT,UserManagement,SUCCESS,4873
2025-11-25 15:57:38,bwhite,ADMIN_CONFIG,SalesDashboard,SUCCESS,3618
2025-11-25 15:00:54,asmith,LOGIN,AuditLogs,SUCCESS,3398
2025-11-25 20:36:01,clane,VIEW_REPORT,SalesDashboard,SUCCESS,2981
2025-11-25 13:49:23,bwhite,ADMIN_CONFIG,AuditLogs,SUCCESS,2487
2025-11-25 10:45:05,clane,LOGOUT,UserManagement,SUCCESS,95
2025-11-25 15:18:36,clane,EXPORT_REPORT,AuditLogs,SUCCESS,3031
2025-11-25 13:10:55,jdoe,ADMIN_CONFIG,SystemSettings,SUCCESS,1339
2025-11-25 09:47:08,asmith,EXPORT_REPORT,SalesDashboard,SUCCESS,2307
2025-11-25 05:31:32,davis,CREATE_USER,SalesDashboard,SUCCESS,4039
2025-11-25 14:01:36,clane,LOGOUT,AuditLogs,FAILURE,4425
2025-11-25 11:21:19,asmith,LOGOUT,SalesDashboard,SUCCESS,1758
2025-11-25 13:51:35,davis,DELETE_USER,InventoryReport,SUCCESS,571
2025-11-25 10:11:40,bwhite,EXPORT_REPORT,InventoryReport,SUCCESS,4286
2025-11-25 10:26:56,clane,CREATE_USER,InventoryReport,SUCCESS,741
2025-11-25 08:18:14,clane,DELETE_USER,AuditLogs,SUCCESS,1728
2025-11-25 11:57:48,davis,EXPORT_REPORT,SalesDashboard,SUCCESS,2752
2025-11-25 23:35:02,asmith,CREATE_USER,UserManagement,SUCCESS,4486
2025-11-25 14:34:58,bwhite,LOGIN,SystemSettings,SUCCESS,1896
2025-11-25 21:35:19,bwhite,LOGIN,InventoryReport,SUCCESS,747
2025-11-25 15:55:43,asmith,VIEW_REPORT,UserManagement,SUCCESS,1519
2025-11-25 12:43:30,asmith,LOGOUT,InventoryReport,SUCCESS,3148
2025-11-25 08:20:11,asmith,DELETE_USER,AuditLogs,FAILURE,2727
2025-11-25 09:22:54,asmith,LOGOUT,AuditLogs,SUCCESS,4637
2025-11-25 12:30:33,asmith,DELETE_USER,UserManagement,SUCCESS,3962
2025-11-25 09:43:41,davis,LOGIN,UserManagement,SUCCESS,4798
2025-11-25 08:32:24,admin,CREATE_USER,SystemSettings,SUCCESS,3575
2025-11-25 03:33:49,admin,CREATE_USER,SalesDashboard,SUCCESS,350
2025-11-25 04:27:24,admin,ADMIN_CONFIG,SalesDashboard,SUCCESS,2810
2025-11-25 12:05:09,clane,ADMIN_CONFIG,SystemSettings,SUCCESS,1890
2025-11-25 12:50:54,bwhite,LOGOUT,AuditLogs,SUCCESS,3332
2025-11-25 11:25:01,asmith,LOGOUT,UserManagement,SUCCESS,48
2025-11-25 17:41:22,clane,LOGOUT,SalesDashboard,SUCCESS,191
2025-11-25 17:55:51,admin,EXPORT_REPORT,SalesDashboard,SUCCESS,187
2025-11-25 12:37:41,asmith,DELETE_USER,SystemSettings,SUCCESS,3375
2025-11-25 10:36:36,bwhite,LOGIN,SalesDashboard,SUCCESS,4401
2025-11-25 08:49:14,asmith,LOGOUT,SalesDashboard,SUCCESS,2680
2025-11-25 12:22:27,admin,VIEW_REPORT,SystemSettings,SUCCESS,729
2025-11-25 12:23:50,clane,VIEW_REPORT,InventoryReport,SUCCESS,638
2025-11-25 10:27:28,davis,DELETE_USER,UserManagement,SUCCESS,1228
2025-11-25 08:21:32,davis,LOGIN,UserManagement,SUCCESS,2473
2025-11-25 15:58:29,asmith,DELETE_USER,SystemSettings,SUCCESS,413
2025-11-25 12:39:48,asmith,DELETE_USER,UserManagement,SUCCESS,3788
2025-11-25 16:24:05,clane,LOGIN,AuditLogs,SUCCESS,1589
2025-11-25 16:34:52,davis,DELETE_USER,AuditLogs,SUCCESS,574
2025-11-25 16:00:01,davis,VIEW_REPORT,SystemSettings,SUCCESS,3961
2025-11-25 15:17:54,davis,CREATE_USER,InventoryReport,SUCCESS,2751
2025-11-25 08:25:49,admin,DELETE_USER,SystemSettings,SUCCESS,2299
2025-11-25 09:20:22,asmith,CREATE_USER,UserManagement,SUCCESS,4898
2025-11-25 09:54:42,clane,EXPORT_REPORT,SalesDashboard,SUCCESS,3876
2025-11-25 10:54:18,clane,EXPORT_REPORT,AuditLogs,SUCCESS,4005
2025-11-25 09:19:27,admin,LOGOUT,AuditLogs,SUCCESS,4558
2025-11-25 12:55:42,bwhite,VIEW_REPORT,SalesDashboard,SUCCESS,1132
2025-11-25 15:27:14,clane,ADMIN_CONFIG,SalesDashboard,SUCCESS,4655
2025-11-25 02:40:48,admin,ADMIN_CONFIG,SalesDashboard,SUCCESS,315
2025-11-25 14:48:38,clane,EXPORT_REPORT,SalesDashboard,SUCCESS,4791
2025-11-25 09:58:15,davis,VIEW_REPORT,InventoryReport,SUCCESS,4292
2025-11-25 15:37:57,clane,EXPORT_REPORT,AuditLogs,SUCCESS,4707
2025-11-25 22:18:16,asmith,CREATE_USER,AuditLogs,SUCCESS,1808
2025-11-25 14:56:26,jdoe,CREATE_USER,SystemSettings,SUCCESS,796
2025-11-25 13:49:50,davis,VIEW_REPORT,InventoryReport,SUCCESS,1759
2025-11-25 14:40:18,bwhite,EXPORT_REPORT,SystemSettings,SUCCESS,1210
2025-11-25 08:32:25,admin,EXPORT_REPORT,UserManagement,SUCCESS,4419
2025-11-25 16:42:04,clane,LOGOUT,AuditLogs,SUCCESS,299
2025-11-25 13:48:34,admin,LOGIN,SalesDashboard,SUCCESS,2879
2025-11-25 14:33:43,davis,LOGIN,InventoryReport,SUCCESS,1150
2025-11-25 12:10:18,asmith,CREATE_USER,SalesDashboard,SUCCESS,518
2025-11-25 08:25:41,admin,EXPORT_REPORT,InventoryReport,SUCCESS,3592
2025-11-25 17:55:59,jdoe,LOGOUT,SalesDashboard,SUCCESS,3026
2025-11-26 10:00:00,davis,LOGOUT,AuditLogs,SUCCESS,4220
2025-11-26 11:22:57,jdoe,DELETE_USER,InventoryReport,SUCCESS,1981
2025-11-26 18:28:27,bwhite,LOGOUT,SalesDashboard,SUCCESS,2818
2025-11-26 10:32:04,admin,LOGIN,SystemSettings,SUCCESS,3114
2025-11-26 13:56:16,clane,LOGIN,SystemSettings,SUCCESS,4810
2025-11-26 11:01:33,asmith,LOGIN,SystemSettings,SUCCESS,64
2025-11-26 13:28:04,bwhite,EXPORT_REPORT,UserManagement,SUCCESS,350
2025-11-26 16:08:14,admin,LOGOUT,SalesDashboard,SUCCESS,1202
2025-11-26 14:05:39,jdoe,LOGOUT,SalesDashboard,SUCCESS,4164
2025-11-26 14:36:44,jdoe,EXPORT_REPORT,UserManagement,SUCCESS,3123
2025-11-26 13:59:45,bwhite,LOGOUT,SalesDashboard,SUCCESS,2372
2025-11-26 15:21:02,jdoe,DELETE_USER,UserManagement,FAILURE,3679
2025-11-26 00:51:22,admin,DELETE_USER,UserManagement,SUCCESS,4604
2025-11-26 16:51:31,admin,ADMIN_CONFIG,InventoryReport,SUCCESS,4677
2025-11-26 09:36:44,jdoe,VIEW_REPORT,InventoryReport,SUCCESS,1083
2025-11-26 13:06:28,jdoe,VIEW_REPORT,SalesDashboard,SUCCESS,4822
2025-11-26 15:51:41,jdoe,DELETE_USER,SystemSettings,SUCCESS,2994
2025-11-26 09:37:07,admin,LOGOUT,SalesDashboard,SUCCESS,3498
2025-11-26 05:46:27,admin,DELETE_USER,UserManagement,FAILURE,761
2025-11-26 09:11:11,jdoe,LOGIN,SalesDashboard,SUCCESS,1611
2025-11-26 08:20:32,bwhite,CREATE_USER,SalesDashboard,SUCCESS,4122
2025-11-26 09:24:26,admin,LOGIN,AuditLogs,SUCCESS,3294
2025-11-26 15:42:55,admin,EXPORT_REPORT,UserManagement,SUCCESS,704
2025-11-26 20:54:50,admin,VIEW_REPORT,AuditLogs,SUCCESS,2227
2025-11-26 15:50:36,asmith,LOGOUT,SystemSettings,SUCCESS,280
2025-11-26 11:58:00,admin,LOGOUT,AuditLogs,SUCCESS,4013
2025-11-26 11:21:46,asmith,VIEW_REPORT,SystemSettings,SUCCESS,502
2025-11-26 09:13:28,jdoe,VIEW_REPORT,AuditLogs,SUCCESS,2735
2025-11-26 09:38:09,clane,VIEW_REPORT,AuditLogs,SUCCESS,4359
2025-11-26 09:31:44,clane,EXPORT_REPORT,SystemSettings,SUCCESS,886
2025-11-26 14:40:49,davis,LOGIN,SystemSettings,SUCCESS,3416
2025-11-26 05:06:02,jdoe,EXPORT_REPORT,SystemSettings,SUCCESS,2867
2025-11-26 15:00:07,bwhite,LOGIN,SystemSettings,SUCCESS,3257
2025-11-26 10:51:48,davis,ADMIN_CONFIG,UserManagement,SUCCESS,2278
2025-11-26 07:07:11,asmith,CREATE_USER,SystemSettings,SUCCESS,2342
2025-11-26 09:07:56,bwhite,VIEW_REPORT,InventoryReport,SUCCESS,1617
2025-11-26 08:45:34,admin,LOGOUT,UserManagement,SUCCESS,461
2025-11-26 09:28:49,bwhite,LOGOUT,AuditLogs,SUCCESS,2562
2025-11-26 09:17:48,davis,ADMIN_CONFIG,UserManagement,SUCCESS,3542
2025-11-26 12:53:14,bwhite,LOGIN,AuditLogs,SUCCESS,223
2025-11-26 11:08:51,bwhite,VIEW_REPORT,InventoryReport,SUCCESS,2227
2025-11-26 16:34:26,clane,LOGIN,UserManagement,SUCCESS,1150
2025-11-26 00:44:16,admin,LOGOUT,SalesDashboard,SUCCESS,1919
2025-11-26 08:48:40,admin,LOGIN,AuditLogs,SUCCESS,3140
2025-11-26 14:57:45,clane,CREATE_USER,UserManagement,SUCCESS,1586
2025-11-26 09:50:40,davis,LOGIN,UserManagement,SUCCESS,4939
2025-11-26 21:07:37,bwhite,CREATE_USER,UserManagement,SUCCESS,4634
2025-11-26 13:21:17,jdoe,LOGOUT,SystemSettings,SUCCESS,4964
2025-11-26 15:49:47,admin,ADMIN_CONFIG,InventoryReport,FAILURE,480
2025-11-26 09:49:23,clane,LOGIN,UserManagement,SUCCESS,769
2025-11-26 09:24:40,asmith,EXPORT_REPORT,SalesDashboard,SUCCESS,212
2025-11-26 08:36:01,asmith,LOGIN,AuditLogs,SUCCESS,905
2025-11-26 16:31:32,jdoe,EXPORT_REPORT,AuditLogs,FAILURE,2207
2025-11-26 10:08:02,bwhite,EXPORT_REPORT,SalesDashboard,SUCCESS,1063
2025-11-26 15:45:13,davis,LOGIN,InventoryReport,SUCCESS,3821
2025-11-26 09:48:03,davis,VIEW_REPORT,InventoryReport,SUCCESS,2143
2025-11-26 10:08:58,clane,EXPORT_REPORT,SalesDashboard,SUCCESS,2816
2025-11-26 11:43:35,asmith,DELETE_USER,AuditLogs,SUCCESS,4375
2025-11-26 12:44:49,jdoe,LOGOUT,AuditLogs,SUCCESS,4018
2025-11-26 17:54:18,admin,ADMIN_CONFIG,InventoryReport,SUCCESS,4781
2025-11-26 13:47:48,asmith,LOGOUT,SalesDashboard,SUCCESS,3954
2025-11-26 06:51:54,bwhite,ADMIN_CONFIG,SystemSettings,SUCCESS,742
2025-11-26 08:28:38,davis,EXPORT_REPORT,InventoryReport,SUCCESS,4721
2025-11-26 10:58:37,asmith,ADMIN_CONFIG,InventoryReport,SUCCESS,3120
2025-11-26 12:10:41,jdoe,VIEW_REPORT,SalesDashboard,SUCCESS,726
2025-11-26 22:14:09,davis,ADMIN_CONFIG,AuditLogs,SUCCESS,1623
2025-11-26 02:32:38,jdoe,DELETE_USER,UserManagement,SUCCESS,2625
2025-11-26 16:05:51,clane,VIEW_REPORT,AuditLogs,SUCCESS,1136
2025-11-26 23:06:45,admin,DELETE_USER,InventoryReport,SUCCESS,468
2025-11-26 09:34:13,davis,VIEW_REPORT,UserManagement,FAILURE,2903
2025-11-26 13:30:11,davis,DELETE_USER,SalesDashboard,SUCCESS,4038
2025-11-26 09:30:57,asmith,VIEW_REPORT,SalesDashboard,SUCCESS,1159
2025-11-26 14:38:18,admin,DELETE_USER,InventoryReport,SUCCESS,2925
2025-11-26 10:58:25,davis,VIEW_REPORT,AuditLogs,SUCCESS,490
2025-11-26 10:37:43,bwhite,LOGIN,SystemSettings,SUCCESS,405
2025-11-26 16:17:04,davis,VIEW_REPORT,SalesDashboard,SUCCESS,2649
2025-11-26 15:09:28,asmith,VIEW_REPORT,InventoryReport,SUCCESS,3105
2025-11-26 21:09:15,clane,EXPORT_REPORT,InventoryReport,SUCCESS,1060
2025-11-26 10:56:29,clane,ADMIN_CONFIG,AuditLogs,SUCCESS,1299
2025-11-26 11:37:02,bwhite,CREATE_USER,AuditLogs,SUCCESS,894
2025-11-26 12:30:02,jdoe,ADMIN_CONFIG,AuditLogs,SUCCESS,1311
2025-11-26 10:05:05,clane,LOGIN,SalesDashboard,SUCCESS,869
2025-11-26 12:37:57,bwhite,EXPORT_REPORT,SalesDashboard,SUCCESS,4462
2025-11-26 09:05:39,asmith,ADMIN_CONFIG,AuditLogs,SUCCESS,1299
2025-11-26 09:35:15,davis,CREATE_USER,UserManagement,SUCCESS,2865
2025-11-26 15:40:43,davis,EXPORT_REPORT,SalesDashboard,SUCCESS,3762
2025-11-26 08:31:39,asmith,LOGOUT,InventoryReport,SUCCESS,2107
2025-11-26 13:36:43,bwhite,EXPORT_REPORT,AuditLogs,SUCCESS,972
2025-11-26 13:12:41,davis,CREATE_USER,UserManagement,SUCCESS,574
2025-11-26 11:21:23,asmith,ADMIN_CONFIG,InventoryReport,SUCCESS,374
2025-11-26 11:29:04,jdoe,EXPORT_REPORT,InventoryReport,FAILURE,4758
2025-11-26 13:34:52,bwhite,EXPORT_REPORT,UserManagement,SUCCESS,3605
2025-11-26 08:54:24,davis,EXPORT_REPORT,InventoryReport,SUCCESS,3752
2025-11-26 09:08:00,admin,CREATE_USER,SystemSettings,SUCCESS,84
2025-11-26 17:24:48,jdoe,CREATE_USER,UserManagement,SUCCESS,1215
2025-11-26 20:33:16,asmith,LOGIN,SalesDashboard,SUCCESS,2271
2025-11-26 07:06:09,bwhite,LOGOUT,SystemSettings,SUCCESS,1658
2025-11-26 13:35:02,clane,CREATE_USER,UserManagement,SUCCESS,4370
2025-11-26 14:26:26,bwhite,VIEW_REPORT,SalesDashboard,SUCCESS,4100
2025-11-26 15:08:43,admin,LOGIN,InventoryReport,SUCCESS,233
2025-11-26 15:18:31,bwhite,VIEW_REPORT,SystemSettings,SUCCESS,98
2025-11-26 11:39:24,admin,LOGOUT,UserManagement,SUCCESS,1223
2025-11-26 14:26:27,jdoe,VIEW_REPORT,SystemSettings,SUCCESS,1482
2025-11-26 15:02:43,davis,VIEW_REPORT,UserManagement,SUCCESS,1532
2025-11-26 15:47:04,davis,DELETE_USER,SalesDashboard,SUCCESS,1816
2025-11-26 11:32:16,clane,VIEW_REPORT,SalesDashboard,SUCCESS,3136
2025-11-26 12:26:51,clane,ADMIN_CONFIG,AuditLogs,SUCCESS,2295
2025-11-26 14:17:23,jdoe,EXPORT_REPORT,SalesDashboard,SUCCESS,2519
2025-11-26 08:37:32,davis,EXPORT_REPORT,AuditLogs,SUCCESS,4729
2025-11-26 08:13:51,jdoe,ADMIN_CONFIG,UserManagement,SUCCESS,1672
2025-11-26 10:17:38,admin,VIEW_REPORT,SystemSettings,SUCCESS,244
2025-11-26 11:10:14,clane,VIEW_REPORT,AuditLogs,SUCCESS,2333
2025-11-26 10:34:42,bwhite,LOGIN,AuditLogs,SUCCESS,1516
2025-11-26 11:55:54,davis,LOGOUT,SalesDashboard,SUCCESS,4963
2025-11-26 11:36:12,davis,EXPORT_REPORT,UserManagement,SUCCESS,2355
2025-11-26 09:00:46,jdoe,LOGIN,SystemSettings,SUCCESS,3654
2025-11-26 10:33:38,admin,DELETE_USER,SystemSettings,SUCCESS,4595
2025-11-26 11:12:54,davis,DELETE_USER,SalesDashboard,SUCCESS,3147
2025-11-26 12:24:29,bwhite,EXPORT_REPORT,SalesDashboard,SUCCESS,2009
2025-11-26 09:14:44,asmith,VIEW_REPORT,UserManagement,SUCCESS,4805
2025-11-26 09:15:37,admin,DELETE_USER,SalesDashboard,SUCCESS,3584
2025-11-26 10:24:56,bwhite,EXPORT_REPORT,SystemSettings,SUCCESS,2193
2025-11-26 10:42:32,jdoe,LOGOUT,AuditLogs,SUCCESS,730
2025-11-26 15:45:48,bwhite,CREATE_USER,SalesDashboard,SUCCESS,3388
2025-11-26 18:21:11,admin,ADMIN_CONFIG,AuditLogs,SUCCESS,1438
2025-11-26 13:49:57,clane,LOGIN,UserManagement,SUCCESS,4674
2025-11-26 14:15:04,admin,DELETE_USER,AuditLogs,SUCCESS,3658
2025-11-26 23:07:00,admin,CREATE_USER,SalesDashboard,SUCCESS,1094
2025-11-26 01:09:20,asmith,CREATE_USER,SystemSettings,SUCCESS,4772
2025-11-26 13:58:10,asmith,VIEW_REPORT,InventoryReport,SUCCESS,4877
2025-11-27 16:44:21,bwhite,EXPORT_REPORT,InventoryReport,SUCCESS,4078
2025-11-27 12:55:17,davis,VIEW_REPORT,SalesDashboard,SUCCESS,4390
2025-11-27 15:14:52,davis,DELETE_USER,SalesDashboard,SUCCESS,923
2025-11-27 08:42:30,bwhite,ADMIN_CONFIG,UserManagement,SUCCESS,4165
2025-11-27 22:44:58,bwhite,ADMIN_CONFIG,InventoryReport,SUCCESS,4289
2025-11-27 16:58:19,davis,CREATE_USER,SalesDashboard,SUCCESS,4267
2025-11-27 16:03:47,davis,VIEW_REPORT,SystemSettings,SUCCESS,4022
2025-11-27 10:37:13,bwhite,VIEW_REPORT,AuditLogs,SUCCESS,2622
2025-11-27 09:01:15,asmith,ADMIN_CONFIG,InventoryReport,SUCCESS,2282
2025-11-27 14:18:00,asmith,CREATE_USER,UserManagement,SUCCESS,2097
2025-11-27 12:40:30,bwhite,DELETE_USER,UserManagement,SUCCESS,1842
2025-11-27 16:57:53,bwhite,LOGOUT,UserManagement,FAILURE,57
2025-11-27 09:56:18,admin,EXPORT_REPORT,SalesDashboard,SUCCESS,2744
2025-11-27 09:16:59,asmith,DELETE_USER,SalesDashboard,SUCCESS,277
2025-11-27 14:47:21,clane,LOGIN,SystemSettings,SUCCESS,3934
2025-11-27 09:19:20,davis,LOGIN,UserManagement,SUCCESS,1993
2025-11-27 08:36:26,jdoe,VIEW_REPORT,UserManagement,SUCCESS,4325
2025-11-27 11:40:26,clane,CREATE_USER,UserManagement,SUCCESS,2269
2025-11-27 13:24:24,jdoe,LOGOUT,SalesDashboard,SUCCESS,3654
2025-11-27 10:19:05,bwhite,ADMIN_CONFIG,SalesDashboard,SUCCESS,1226
2025-11-27 09:27:24,clane,ADMIN_CONFIG,UserManagement,SUCCESS,3415
2025-11-27 13:09:32,bwhite,VIEW_REPORT,SystemSettings,SUCCESS,934
2025-11-27 14:01:46,clane,ADMIN_CONFIG,AuditLogs,SUCCESS,2056
2025-11-27 16:19:31,clane,DELETE_USER,InventoryReport,SUCCESS,945
2025-11-27 23:25:17,clane,DELETE_USER,InventoryReport,SUCCESS,1820
2025-11-27 11:03:21,bwhite,EXPORT_REPORT,AuditLogs,SUCCESS,3245
2025-11-27 03:48:22,bwhite,VIEW_REPORT,InventoryReport,SUCCESS,3241
2025-11-27 08:26:23,bwhite,LOGOUT,UserManagement,FAILURE,4100
2025-11-27 09:52:32,asmith,CREATE_USER,SalesDashboard,SUCCESS,3998
2025-11-27 16:34:02,admin,VIEW_REPORT,AuditLogs,SUCCESS,2582
2025-11-27 05:40:52,davis,ADMIN_CONFIG,SystemSettings,SUCCESS,1328
2025-11-27 12:05:55,clane,EXPORT_REPORT,UserManagement,SUCCESS,1256
2025-11-27 14:19:43,asmith,ADMIN_CONFIG,SystemSettings,SUCCESS,2356
2025-11-27 13:41:32,bwhite,DELETE_USER,UserManagement,SUCCESS,1804
2025-11-27 11:09:43,davis,LOGIN,AuditLogs,SUCCESS,1402
2025-11-27 16:22:50,admin,LOGOUT,InventoryReport,SUCCESS,2114
2025-11-27 14:03:59,admin,LOGOUT,UserManagement,SUCCESS,3269
2025-11-27 11:40:15,admin,DELETE_USER,AuditLogs,SUCCESS,2019
2025-11-27 13:50:19,asmith,DELETE_USER,UserManagement,SUCCESS,3575
2025-11-27 07:20:33,clane,VIEW_REPORT,InventoryReport,SUCCESS,1996
2025-11-27 14:14:04,clane,VIEW_REPORT,AuditLogs,FAILURE,3254
2025-11-27 15:38:17,admin,LOGIN,SalesDashboard,SUCCESS,1815
2025-11-27 08:24:57,clane,VIEW_REPORT,AuditLogs,SUCCESS,919
2025-11-27 16:43:21,admin,ADMIN_CONFIG,SystemSettings,SUCCESS,156
2025-11-27 08:05:59,bwhite,LOGIN,SystemSettings,SUCCESS,1803
2025-11-27 09:07:07,asmith,EXPORT_REPORT,AuditLogs,SUCCESS,2210
2025-11-27 14:40:48,bwhite,LOGOUT,SalesDashboard,SUCCESS,3537
2025-11-27 08:43:30,asmith,DELETE_USER,AuditLogs,SUCCESS,3097
2025-11-27 12:33:09,asmith,VIEW_REPORT,SystemSettings,SUCCESS,4184
2025-11-27 13:59:10,bwhite,EXPORT_REPORT,SystemSettings,FAILURE,1070
2025-11-27 11:20:06,bwhite,LOGIN,InventoryReport,SUCCESS,1397
2025-11-27 12:51:22,bwhite,EXPORT_REPORT,SystemSettings,SUCCESS,3831
2025-11-27 14:28:36,jdoe,CREATE_USER,SalesDashboard,SUCCESS,1833
2025-11-27 13:38:33,clane,LOGIN,SystemSettings,SUCCESS,2376
2025-11-27 09:31:20,asmith,CREATE_USER,UserManagement,SUCCESS,2581
2025-11-27 09:31:10,asmith,DELETE_USER,InventoryReport,SUCCESS,3555
2025-11-27 12:21:13,jdoe,EXPORT_REPORT,AuditLogs,SUCCESS,3352
2025-11-27 05:46:17,davis,ADMIN_CONFIG,AuditLogs,SUCCESS,4938
2025-11-27 10:01:04,admin,VIEW_REPORT,AuditLogs,SUCCESS,1517
2025-11-27 13:02:01,admin,DELETE_USER,InventoryReport,SUCCESS,607
2025-11-27 16:34:04,clane,LOGOUT,UserManagement,FAILURE,4147
2025-11-27 14:13:24,davis,ADMIN_CONFIG,AuditLogs,SUCCESS,869
2025-11-27 13:37:49,jdoe,LOGIN,AuditLogs,SUCCESS,3853
2025-11-27 15:28:36,davis,VIEW_REPORT,SalesDashboard,SUCCESS,1325
2025-11-27 16:07:38,clane,DELETE_USER,UserManagement,SUCCESS,3065
2025-11-27 16:00:43,asmith,VIEW_REPORT,AuditLogs,SUCCESS,1913
2025-11-27 02:49:46,clane,CREATE_USER,AuditLogs,SUCCESS,202
2025-11-27 10:42:34,asmith,EXPORT_REPORT,SalesDashboard,SUCCESS,2386
2025-11-27 05:35:31,admin,DELETE_USER,UserManagement,SUCCESS,2928
2025-11-27 12:16:48,jdoe,LOGOUT,SalesDashboard,SUCCESS,937
2025-11-27 09:04:29,asmith,LOGIN,SystemSettings,SUCCESS,4022
2025-11-27 09:13:47,jdoe,LOGOUT,SalesDashboard,SUCCESS,1089
2025-11-27 08:03:07,admin,LOGIN,SystemSettings,SUCCESS,2984
2025-11-27 08:04:13,admin,LOGIN,AuditLogs,SUCCESS,76
2025-11-27 10:06:34,davis,VIEW_REPORT,SalesDashboard,SUCCESS,3702
2025-11-27 12:54:01,clane,CREATE_USER,SystemSettings,SUCCESS,2678
2025-11-27 09:12:03,jdoe,EXPORT_REPORT,UserManagement,SUCCESS,3391
2025-11-27 12:55:29,bwhite,CREATE_USER,UserManagement,SUCCESS,737
2025-11-27 16:06:45,admin,VIEW_REPORT,InventoryReport,SUCCESS,4849
2025-11-28 18:48:10,clane,VIEW_REPORT,AuditLogs,SUCCESS,1877
2025-11-28 15:55:18,clane,LOGOUT,InventoryReport,SUCCESS,848
2025-11-28 11:24:05,jdoe,EXPORT_REPORT,SystemSettings,SUCCESS,259
2025-11-28 09:59:54,jdoe,LOGOUT,SalesDashboard,SUCCESS,4462
2025-11-28 15:04:20,clane,LOGIN,AuditLogs,SUCCESS,1733
2025-11-28 21:20:23,asmith,CREATE_USER,SystemSettings,SUCCESS,526
2025-11-28 23:48:48,jdoe,VIEW_REPORT,SalesDashboard,SUCCESS,2758
2025-11-28 12:42:57,asmith,DELETE_USER,UserManagement,FAILURE,596
2025-11-28 15:37:03,admin,DELETE_USER,UserManagement,SUCCESS,4930
2025-11-28 03:39:25,asmith,EXPORT_REPORT,InventoryReport,FAILURE,1333
2025-11-28 13:45:20,admin,ADMIN_CONFIG,InventoryReport,SUCCESS,1309
2025-11-28 11:10:25,clane,DELETE_USER,SystemSettings,SUCCESS,2240
2025-11-28 16:58:50,clane,LOGOUT,UserManagement,SUCCESS,1726
2025-11-28 14:00:52,clane,EXPORT_REPORT,SystemSettings,SUCCESS,146
2025-11-28 00:46:03,asmith,VIEW_REPORT,SalesDashboard,SUCCESS,1695
2025-11-28 15:25:59,clane,LOGIN,SalesDashboard,SUCCESS,4131
2025-11-28 11:51:11,jdoe,DELETE_USER,SalesDashboard,SUCCESS,2367
2025-11-28 08:42:03,davis,VIEW_REPORT,SystemSettings,SUCCESS,396
2025-11-28 08:42:59,clane,DELETE_USER,SalesDashboard,FAILURE,62
2025-11-28 16:56:54,davis,EXPORT_REPORT,InventoryReport,SUCCESS,3524
2025-11-28 15:31:09,bwhite,ADMIN_CONFIG,AuditLogs,SUCCESS,1773
2025-11-28 13:01:47,jdoe,DELETE_USER,AuditLogs,SUCCESS,49
2025-11-28 14:01:11,jdoe,ADMIN_CONFIG,InventoryReport,SUCCESS,2692
2025-11-28 10:07:26,bwhite,CREATE_USER,UserManagement,SUCCESS,657
2025-11-28 10:57:00,jdoe,EXPORT_REPORT,SystemSettings,SUCCESS,1348
2025-11-28 09:40:20,admin,ADMIN_CONFIG,UserManagement,SUCCESS,751
2025-11-28 16:54:53,bwhite,CREATE_USER,UserManagement,SUCCESS,1081
2025-11-28 15:30:47,asmith,LOGOUT,InventoryReport,SUCCESS,3490
2025-11-28 08:15:21,clane,VIEW_REPORT,UserManagement,SUCCESS,936
2025-11-28 14:57:25,jdoe,DELETE_USER,SalesDashboard,SUCCESS,3224
2025-11-28 08:00:56,jdoe,ADMIN_CONFIG,UserManagement,SUCCESS,3515
2025-11-28 14:06:14,clane,LOGOUT,SystemSettings,SUCCESS,1061
2025-11-28 12:33:14,asmith,VIEW_REPORT,SystemSettings,SUCCESS,1351
2025-11-28 13:10:28,admin,CREATE_USER,SalesDashboard,SUCCESS,4746
2025-11-28 05:16:59,asmith,VIEW_REPORT,InventoryReport,SUCCESS,3191
2025-11-28 15:32:17,admin,CREATE_USER,InventoryReport,SUCCESS,4964
2025-11-28 06:02:36,admin,LOGIN,AuditLogs,SUCCESS,3660
2025-11-28 14:27:05,clane,ADMIN_CONFIG,UserManagement,SUCCESS,2118
2025-11-28 13:09:56,bwhite,LOGIN,SystemSettings,SUCCESS,2090
2025-11-28 14:57:44,davis,LOGOUT,SalesDashboard,SUCCESS,1138
2025-11-28 10:46:17,admin,LOGIN,SalesDashboard,SUCCESS,3982
2025-11-28 10:41:58,bwhite,DELETE_USER,AuditLogs,SUCCESS,11
2025-11-28 16:30:43,jdoe,LOGOUT,AuditLogs,SUCCESS,2700
2025-11-28 14:59:25,jdoe,EXPORT_REPORT,UserManagement,SUCCESS,741
2025-11-28 11:08:43,davis,EXPORT_REPORT,UserManagement,SUCCESS,4631
2025-11-28 08:42:25,bwhite,EXPORT_REPORT,InventoryReport,SUCCESS,3779
2025-11-28 09:58:58,admin,LOGOUT,InventoryReport,SUCCESS,2376
2025-11-28 12:55:30,bwhite,CREATE_USER,SalesDashboard,SUCCESS,1588
2025-11-28 11:29:27,bwhite,CREATE_USER,UserManagement,SUCCESS,4563
2025-11-28 16:19:01,jdoe,VIEW_REPORT,SystemSettings,FAILURE,3241
2025-11-28 07:20:52,clane,CREATE_USER,UserManagement,SUCCESS,3297
2025-11-28 03:15:08,jdoe,DELETE_USER,InventoryReport,SUCCESS,190
2025-11-28 11:02:02,bwhite,LOGOUT,AuditLogs,SUCCESS,332
2025-11-28 16:26:10,davis,LOGOUT,AuditLogs,SUCCESS,1770
2025-11-28 13:34:05,clane,LOGIN,SystemSettings,SUCCESS,2220
2025-11-28 10:00:45,admin,VIEW_REPORT,AuditLogs,SUCCESS,3266
2025-11-28 14:47:47,admin,EXPORT_REPORT,InventoryReport,SUCCESS,3558
2025-11-28 08:03:29,asmith,LOGIN,InventoryReport,SUCCESS,2112
2025-11-28 15:10:10,admin,LOGOUT,SystemSettings,SUCCESS,3869
2025-11-28 19:52:52,bwhite,ADMIN_CONFIG,SalesDashboard,SUCCESS,1860
2025-11-28 11:08:35,davis,DELETE_USER,AuditLogs,SUCCESS,3586
2025-11-28 08:27:57,davis,CREATE_USER,SystemSettings,SUCCESS,2001
2025-11-28 16:19:12,jdoe,EXPORT_REPORT,SalesDashboard,SUCCESS,1625
2025-11-28 08:10:21,admin,LOGIN,SystemSettings,SUCCESS,1221
2025-11-28 08:29:09,davis,LOGIN,SystemSettings,SUCCESS,2307
2025-11-28 18:35:25,clane,EXPORT_REPORT,InventoryReport,SUCCESS,255
2025-11-28 14:02:50,bwhite,LOGOUT,SystemSettings,FAILURE,4204
2025-11-28 15:36:41,admin,DELETE_USER,SalesDashboard,SUCCESS,2868
2025-11-28 09:10:13,jdoe,LOGIN,SalesDashboard,SUCCESS,2363
2025-11-28 13:38:13,jdoe,DELETE_USER,InventoryReport,SUCCESS,2016
2025-11-28 15:35:22,jdoe,ADMIN_CONFIG,AuditLogs,FAILURE,2178
2025-11-28 11:49:33,asmith,LOGOUT,AuditLogs,SUCCESS,4814
2025-11-28 13:35:32,davis,VIEW_REPORT,UserManagement,SUCCESS,16
2025-11-28 10:05:27,asmith,ADMIN_CONFIG,SalesDashboard,SUCCESS,1446
2025-11-28 09:04:28,jdoe,LOGOUT,InventoryReport,SUCCESS,1397
2025-11-28 10:40:22,jdoe,LOGOUT,SystemSettings,SUCCESS,951
2025-11-28 15:13:55,jdoe,EXPORT_REPORT,SalesDashboard,SUCCESS,2001
2025-11-28 14:54:06,jdoe,CREATE_USER,UserManagement,SUCCESS,3792
2025-11-28 11:41:05,bwhite,LOGOUT,AuditLogs,SUCCESS,4269
2025-11-28 16:37:42,bwhite,CREATE_USER,InventoryReport,SUCCESS,363
2025-11-28 13:43:30,admin,LOGOUT,SystemSettings,SUCCESS,1277
2025-11-28 12:53:25,clane,LOGIN,SalesDashboard,SUCCESS,332
2025-11-28 14:08:36,clane,VIEW_REPORT,UserManagement,SUCCESS,729
2025-11-28 13:11:05,jdoe,VIEW_REPORT,InventoryReport,SUCCESS,3601
2025-11-28 11:41:37,admin,CREATE_USER,InventoryReport,SUCCESS,879
2025-11-28 11:16:26,clane,EXPORT_REPORT,InventoryReport,SUCCESS,2837
2025-11-28 09:48:03,bwhite,LOGIN,InventoryReport,SUCCESS,2009
2025-11-28 11:57:37,bwhite,EXPORT_REPORT,SalesDashboard,SUCCESS,2499
2025-11-28 11:36:46,admin,VIEW_REPORT,SystemSettings,SUCCESS,4724
2025-11-28 13:15:19,bwhite,CREATE_USER,SalesDashboard,SUCCESS,3834
2025-11-28 04:15:08,admin,LOGOUT,SystemSettings,SUCCESS,1397
2025-11-28 07:35:00,admin,ADMIN_CONFIG,SalesDashboard,SUCCESS,1809
2025-11-28 10:50:02,admin,LOGIN,UserManagement,SUCCESS,1710
2025-11-28 08:40:32,bwhite,LOGOUT,AuditLogs,SUCCESS,2023
2025-11-28 11:10:51,jdoe,EXPORT_REPORT,SalesDashboard,FAILURE,389
2025-11-28 21:06:41,asmith,EXPORT_REPORT,SalesDashboard,FAILURE,2959
2025-11-28 09:01:35,asmith,DELETE_USER,SystemSettings,SUCCESS,2622
2025-11-28 23:23:45,clane,ADMIN_CONFIG,InventoryReport,SUCCESS,2837
2025-11-28 11:50:50,admin,VIEW_REPORT,SalesDashboard,SUCCESS,68
2025-11-28 10:35:05,clane,LOGIN,UserManagement,SUCCESS,337
2025-11-28 01:00:50,clane,LOGIN,InventoryReport,SUCCESS,3857
2025-11-28 14:28:00,clane,DELETE_USER,SystemSettings,FAILURE,2236
2025-11-28 14:07:08,davis,VIEW_REPORT,SystemSettings,SUCCESS,2668
2025-11-28 15:46:56,bwhite,EXPORT_REPORT,InventoryReport,SUCCESS,3358
2025-11-28 12:50:00,clane,DELETE_USER,SystemSettings,SUCCESS,2174
2025-11-28 21:55:53,bwhite,ADMIN_CONFIG,InventoryReport,SUCCESS,1594
2025-11-28 14:42:13,jdoe,LOGOUT,AuditLogs,SUCCESS,2489
2025-11-28 14:57:58,asmith,CREATE_USER,SalesDashboard,SUCCESS,873
2025-11-28 12:10:56,jdoe,LOGIN,UserManagement,SUCCESS,4164
2025-11-28 12:12:12,bwhite,LOGOUT,UserManagement,SUCCESS,3456
2025-11-28 09:29:44,davis,LOGOUT,SystemSettings,SUCCESS,689
2025-11-28 08:57:51,bwhite,LOGIN,UserManagement,SUCCESS,2264
2025-11-28 09:57:11,clane,LOGIN,SalesDashboard,SUCCESS,1192
2025-11-28 08:35:10,jdoe,LOGIN,InventoryReport,SUCCESS,1554
2025-11-28 13:04:14,admin,ADMIN_CONFIG,InventoryReport,SUCCESS,2089
2025-11-28 17:45:42,davis,DELETE_USER,SystemSettings,SUCCESS,1012
2025-11-28 06:32:40,jdoe,VIEW_REPORT,SystemSettings,SUCCESS,4984
2025-11-28 14:21:20,davis,DELETE_USER,AuditLogs,SUCCESS,3805
2025-11-28 14:10:36,asmith,VIEW_REPORT,InventoryReport,SUCCESS,3925
2025-11-28 08:49:11,admin,EXPORT_REPORT,SalesDashboard,SUCCESS,3171
2025-11-28 09:56:47,admin,ADMIN_CONFIG,AuditLogs,SUCCESS,4514
2025-11-28 09:03:24,clane,LOGOUT,SystemSettings,SUCCESS,908
2025-11-28 22:13:39,asmith,VIEW_REPORT,AuditLogs,SUCCESS,2839
2025-11-28 14:51:16,asmith,LOGIN,InventoryReport,SUCCESS,3061
2025-11-28 14:41:26,davis,EXPORT_REPORT,UserManagement,FAILURE,755
2025-11-28 02:41:47,davis,EXPORT_REPORT,AuditLogs,SUCCESS,3756
2025-11-28 10:35:50,asmith,LOGOUT,InventoryReport,SUCCESS,2675
2025-11-28 16:12:09,asmith,DELETE_USER,AuditLogs,SUCCESS,4138
2025-11-28 15:15:46,clane,LOGIN,InventoryReport,SUCCESS,596
2025-11-28 14:18:32,davis,CREATE_USER,AuditLogs,SUCCESS,3875
2025-11-28 09:35:50,davis,ADMIN_CONFIG,AuditLogs,SUCCESS,3232
2025-11-28 12:38:25,asmith,CREATE_USER,AuditLogs,SUCCESS,3326
2025-11-28 12:03:47,jdoe,DELETE_USER,AuditLogs,SUCCESS,1734
2025-11-28 16:10:03,davis,ADMIN_CONFIG,UserManagement,SUCCESS,2436
2025-11-28 13:40:38,admin,LOGIN,SalesDashboard,SUCCESS,2028
2025-11-28 16:27:17,clane,VIEW_REPORT,AuditLogs,SUCCESS,3558
2025-11-28 22:10:45,asmith,CREATE_USER,SystemSettings,SUCCESS,2467
2025-11-28 09:45:54,clane,ADMIN_CONFIG,SalesDashboard,FAILURE,618
2025-11-28 08:09:33,davis,LOGIN,UserManagement,SUCCESS,4722
2025-11-28 15:02:47,davis,LOGIN,SystemSettings,SUCCESS,3292
2025-11-28 05:52:26,jdoe,CREATE_USER,UserManagement,SUCCESS,4429
2025-11-28 13:34:59,clane,ADMIN_CONFIG,SalesDashboard,SUCCESS,4590
2025-11-28 13:45:22,bwhite,ADMIN_CONFIG,InventoryReport,SUCCESS,4494
2025-11-28 10:35:54,clane,LOGIN,UserManagement,SUCCESS,2228
2025-11-28 12:02:01,admin,LOGOUT,SalesDashboard,SUCCESS,4488
2025-11-28 13:56:33,jdoe,EXPORT_REPORT,InventoryReport,SUCCESS,478
2025-11-28 12:02:26,admin,CREATE_USER,SalesDashboard,SUCCESS,4090
2025-11-29 10:22:03,asmith,EXPORT_REPORT,UserManagement,SUCCESS,2144
2025-11-29 23:22:54,clane,EXPORT_REPORT,SystemSettings,SUCCESS,4257
2025-11-29 14:59:09,davis,DELETE_USER,InventoryReport,SUCCESS,3787
2025-11-29 09:17:49,davis,DELETE_USER,SalesDashboard,SUCCESS,4477
2025-11-29 13:42:19,jdoe,ADMIN_CONFIG,AuditLogs,SUCCESS,2633
2025-11-29 11:43:57,clane,VIEW_REPORT,SystemSettings,SUCCESS,2464
2025-11-29 19:51:04,clane,CREATE_USER,SalesDashboard,SUCCESS,4225
2025-11-29 08:24:20,jdoe,VIEW_REPORT,SystemSettings,SUCCESS,2340
2025-11-29 16:14:33,davis,ADMIN_CONFIG,AuditLogs,SUCCESS,4930
2025-11-29 23:29:20,davis,CREATE_USER,AuditLogs,FAILURE,3363
2025-11-29 03:24:41,jdoe,EXPORT_REPORT,SalesDashboard,SUCCESS,1742
2025-11-29 19:38:42,jdoe,ADMIN_CONFIG,UserManagement,SUCCESS,1950
2025-11-29 21:00:51,davis,EXPORT_REPORT,SalesDashboard,SUCCESS,573
2025-11-29 16:47:32,bwhite,EXPORT_REPORT,InventoryReport,SUCCESS,3965
2025-11-30 13:25:00,clane,DELETE_USER,SalesDashboard,SUCCESS,3270
2025-11-30 00:39:41,asmith,LOGOUT,SystemSettings,SUCCESS,3660
2025-11-30 09:47:52,jdoe,CREATE_USER,UserManagement,SUCCESS,3376
2025-11-30 10:39:36,clane,VIEW_REPORT,SalesDashboard,SUCCESS,3467
2025-11-30 10:59:59,admin,LOGIN,AuditLogs,SUCCESS,718
2025-11-30 22:55:16,clane,VIEW_REPORT,UserManagement,SUCCESS,1622
2025-11-30 21:55:59,admin,DELETE_USER,SalesDashboard,SUCCESS,4673
2025-11-30 18:01:53,admin,VIEW_REPORT,AuditLogs,SUCCESS,761
2025-11-30 13:02:07,clane,LOGIN,InventoryReport,SUCCESS,2991
2025-11-30 14:54:06,asmith,LOGOUT,AuditLogs,SUCCESS,1858
2025-11-30 20:11:41,bwhite,LOGIN,UserManagement,SUCCESS,3051
2025-11-30 09:38:50,bwhite,ADMIN_CONFIG,AuditLogs,SUCCESS,1982
2025-11-30 08:51:41,clane,DELETE_USER,SalesDashboard,SUCCESS,1330
2025-12-01 09:54:10,davis,CREATE_USER,InventoryReport,SUCCESS,3917
2025-12-01 12:46:01,davis,VIEW_REPORT,SystemSettings,SUCCESS,1948
2025-12-01 14:56:51,jdoe,LOGOUT,SalesDashboard,SUCCESS,650
2025-12-01 13:44:29,bwhite,ADMIN_CONFIG,InventoryReport,SUCCESS,4944
2025-12-01 09:19:24,asmith,DELETE_USER,SystemSettings,SUCCESS,2349
2025-12-01 16:33:33,clane,LOGIN,InventoryReport,SUCCESS,4416
2025-12-01 16:52:00,clane,LOGOUT,SalesDashboard,SUCCESS,1794
2025-12-01 13:24:24,admin,CREATE_USER,InventoryReport,SUCCESS,4737
2025-12-01 13:07:14,bwhite,DELETE_USER,InventoryReport,SUCCESS,1850
2025-12-01 18:42:18,bwhite,EXPORT_REPORT,SalesDashboard,SUCCESS,3830
2025-12-01 08:29:31,davis,EXPORT_REPORT,SalesDashboard,SUCCESS,4912
2025-12-01 15:22:22,jdoe,ADMIN_CONFIG,SalesDashboard,SUCCESS,766
2025-12-01 11:59:34,bwhite,ADMIN_CONFIG,UserManagement,SUCCESS,4326
2025-12-01 15:52:40,clane,LOGIN,SalesDashboard,SUCCESS,1472
2025-12-01 18:46:08,jdoe,EXPORT_REPORT,SystemSettings,SUCCESS,4121
2025-12-01 15:50:13,bwhite,VIEW_REPORT,AuditLogs,SUCCESS,570
2025-12-01 10:09:18,jdoe,VIEW_REPORT,SalesDashboard,SUCCESS,4212
2025-12-01 15:06:09,jdoe,DELETE_USER,SalesDashboard,SUCCESS,3853
2025-12-01 05:18:22,asmith,ADMIN_CONFIG,SystemSettings,SUCCESS,276
2025-12-01 11:38:14,clane,LOGOUT,UserManagement,SUCCESS,4479
2025-12-01 10:56:39,asmith,CREATE_USER,SalesDashboard,SUCCESS,2316
2025-12-01 14:17:30,bwhite,DELETE_USER,SystemSettings,SUCCESS,1814
2025-12-01 16:58:43,clane,DELETE_USER,SalesDashboard,SUCCESS,528
2025-12-01 11:49:39,asmith,CREATE_USER,SystemSettings,SUCCESS,3277
2025-12-01 08:50:47,jdoe,LOGOUT,AuditLogs,SUCCESS,921
2025-12-01 18:23:17,davis,DELETE_USER,AuditLogs,SUCCESS,1804
2025-12-01 08:54:33,clane,CREATE_USER,AuditLogs,SUCCESS,1446
2025-12-01 14:29:33,asmith,CREATE_USER,SystemSettings,SUCCESS,1344
2025-12-01 08:29:17,davis,CREATE_USER,SystemSettings,SUCCESS,2737
2025-12-01 09:23:09,davis,LOGIN,AuditLogs,SUCCESS,1054
2025-12-01 12:21:07,davis,EXPORT_REPORT,AuditLogs,SUCCESS,1471
2025-12-01 16:35:04,davis,VIEW_REPORT,AuditLogs,SUCCESS,2075
2025-12-01 15:03:52,clane,LOGOUT,InventoryReport,SUCCESS,3755
2025-12-01 09:43:54,bwhite,DELETE_USER,InventoryReport,SUCCESS,3490
2025-12-01 14:06:16,admin,LOGOUT,InventoryReport,SUCCESS,1884
2025-12-01 14:50:05,davis,VIEW_REPORT,InventoryReport,SUCCESS,4965
2025-12-01 12:56:29,admin,VIEW_REPORT,SalesDashboard,SUCCESS,4175
2025-12-01 12:46:56,jdoe,EXPORT_REPORT,SalesDashboard,SUCCESS,725
2025-12-01 08:30:46,davis,LOGIN,SalesDashboard,SUCCESS,1274
2025-12-01 11:04:33,bwhite,ADMIN_CONFIG,InventoryReport,SUCCESS,1591
2025-12-01 20:44:14,clane,DELETE_USER,AuditLogs,SUCCESS,26
2025-12-01 09:24:41,bwhite,ADMIN_CONFIG,SystemSettings,SUCCESS,1590
2025-12-01 13:38:40,bwhite,CREATE_USER,SystemSettings,SUCCESS,4340
2025-12-01 03:02:55,asmith,EXPORT_REPORT,InventoryReport,SUCCESS,1075
2025-12-01 15:31:25,jdoe,VIEW_REPORT,SalesDashboard,SUCCESS,1259
2025-12-01 13:57:18,asmith,CREATE_USER,UserManagement,SUCCESS,4796
2025-12-01 14:35:18,jdoe,LOGOUT,UserManagement,SUCCESS,3458
2025-12-01 13:39:47,admin,VIEW_REPORT,SystemSettings,SUCCESS,494
2025-12-01 12:34:52,admin,ADMIN_CONFIG,SystemSettings,SUCCESS,2993
2025-12-01 16:14:13,clane,DELETE_USER,SystemSettings,SUCCESS,1532
2025-12-01 10:54:55,davis,VIEW_REPORT,UserManagement,SUCCESS,1775
2025-12-01 16:59:34,admin,ADMIN_CONFIG,SystemSettings,SUCCESS,1025
2025-12-01 23:05:48,asmith,EXPORT_REPORT,AuditLogs,SUCCESS,1392
2025-12-01 10:36:32,bwhite,DELETE_USER,InventoryReport,SUCCESS,4691
2025-12-01 10:19:50,clane,CREATE_USER,SystemSettings,SUCCESS,1255
2025-12-01 14:30:19,clane,CREATE_USER,SystemSettings,SUCCESS,205
2025-12-01 00:45:49,bwhite,EXPORT_REPORT,AuditLogs,SUCCESS,3086
2025-12-01 08:59:48,davis,ADMIN_CONFIG,InventoryReport,SUCCESS,2055
2025-12-01 17:03:06,bwhite,VIEW_REPORT,InventoryReport,SUCCESS,2147
2025-12-01 12:53:55,asmith,LOGIN,AuditLogs,SUCCESS,4729
2025-12-01 13:38:30,jdoe,LOGIN,AuditLogs,SUCCESS,3886
2025-12-01 15:07:16,jdoe,ADMIN_CONFIG,SystemSettings,SUCCESS,2768
2025-12-01 10:03:21,jdoe,LOGOUT,AuditLogs,SUCCESS,355
2025-12-01 10:20:23,davis,LOGIN,UserManagement,SUCCESS,2856
2025-12-01 08:43:12,davis,VIEW_REPORT,InventoryReport,SUCCESS,2257
2025-12-01 09:42:09,jdoe,VIEW_REPORT,UserManagement,SUCCESS,565
2025-12-01 10:23:16,admin,VIEW_REPORT,AuditLogs,SUCCESS,1152
2025-12-01 20:19:05,bwhite,DELETE_USER,InventoryReport,SUCCESS,2481
2025-12-01 09:12:16,jdoe,ADMIN_CONFIG,InventoryReport,SUCCESS,4990
2025-12-01 10:10:18,davis,LOGOUT,SalesDashboard,SUCCESS,1752
2025-12-01 14:45:00,davis,LOGIN,InventoryReport,SUCCESS,4411
2025-12-01 10:29:48,bwhite,EXPORT_REPORT,SystemSettings,SUCCESS,4269
2025-12-01 13:16:15,bwhite,CREATE_USER,UserManagement,FAILURE,4800
2025-12-01 09:17:17,davis,LOGOUT,UserManagement,SUCCESS,4841
2025-12-01 12:05:47,asmith,DELETE_USER,UserManagement,SUCCESS,715
2025-12-01 11:48:34,clane,LOGOUT,SystemSettings,SUCCESS,3042
2025-12-01 13:38:27,davis,LOGOUT,UserManagement,SUCCESS,1188
2025-12-01 17:02:52,davis,CREATE_USER,SalesDashboard,SUCCESS,4996
2025-12-01 12:03:41,davis,VIEW_REPORT,SystemSettings,SUCCESS,1740
2025-12-01 15:43:23,davis,LOGOUT,SystemSettings,SUCCESS,1937
2025-12-01 11:04:33,asmith,DELETE_USER,UserManagement,FAILURE,3608
2025-12-01 19:23:35,admin,EXPORT_REPORT,AuditLogs,SUCCESS,2431
2025-12-01 09:51:38,asmith,LOGOUT,SalesDashboard,SUCCESS,929
2025-12-01 13:08:49,davis,EXPORT_REPORT,AuditLogs,SUCCESS,2691
2025-12-01 09:23:16,clane,CREATE_USER,AuditLogs,SUCCESS,3875
2025-12-01 10:02:46,clane,LOGIN,SalesDashboard,SUCCESS,1143
2025-12-01 16:50:49,bwhite,VIEW_REPORT,SalesDashboard,SUCCESS,950
2025-12-01 10:32:31,bwhite,VIEW_REPORT,UserManagement,SUCCESS,4466
2025-12-01 16:33:22,jdoe,ADMIN_CONFIG,SystemSettings,SUCCESS,2247
2025-12-01 23:50:15,clane,EXPORT_REPORT,UserManagement,SUCCESS,2511
2025-12-01 12:11:32,bwhite,ADMIN_CONFIG,SalesDashboard,SUCCESS,3560
2025-12-01 09:35:34,asmith,DELETE_USER,InventoryReport,SUCCESS,649
2025-12-01 13:33:13,jdoe,CREATE_USER,SystemSettings,SUCCESS,511
2025-12-01 08:18:27,jdoe,CREATE_USER,SalesDashboard,SUCCESS,3769
2025-12-01 15:14:00,admin,VIEW_REPORT,UserManagement,SUCCESS,276
2025-12-01 12:15:24,davis,ADMIN_CONFIG,UserManagement,SUCCESS,2778
2025-12-01 13:58:14,bwhite,ADMIN_CONFIG,SystemSettings,SUCCESS,1108
2025-12-01 09:43:15,bwhite,LOGIN,AuditLogs,SUCCESS,2539
2025-12-01 07:24:08,davis,LOGOUT,SalesDashboard,SUCCESS,983
2025-12-01 06:27:40,bwhite,DELETE_USER,SalesDashboard,SUCCESS,4054
2025-12-01 08:27:09,bwhite,ADMIN_CONFIG,SystemSettings,SUCCESS,777
2025-12-01 09:50:23,admin,CREATE_USER,UserManagement,SUCCESS,321
2025-12-01 12:07:02,admin,CREATE_USER,InventoryReport,SUCCESS,553
2025-12-01 11:20:40,admin,EXPORT_REPORT,UserManagement,SUCCESS,3277
2025-12-01 23:53:00,asmith,EXPORT_REPORT,SystemSettings,SUCCESS,2799
2025-12-01 16:21:37,bwhite,EXPORT_REPORT,UserManagement,SUCCESS,715
2025-12-01 14:53:43,admin,VIEW_REPORT,SalesDashboard,SUCCESS,2102
2025-12-01 15:16:38,jdoe,LOGOUT,AuditLogs,SUCCESS,1101
2025-12-01 11:06:44,davis,CREATE_USER,UserManagement,SUCCESS,543
2025-12-01 10:54:40,jdoe,LOGOUT,SalesDashboard,FAILURE,1369
2025-12-01 13:22:02,admin,DELETE_USER,SalesDashboard,SUCCESS,1830
2025-12-01 13:51:07,clane,ADMIN_CONFIG,InventoryReport,SUCCESS,1183
2025-12-01 08:01:37,bwhite,LOGIN,UserManagement,SUCCESS,2470
2025-12-01 13:47:23,bwhite,CREATE_USER,UserManagement,SUCCESS,4555
2025-12-01 08:29:16,asmith,CREATE_USER,SalesDashboard,SUCCESS,3251
2025-12-01 11:36:49,clane,ADMIN_CONFIG,UserManagement,SUCCESS,1591
2025-12-01 11:24:47,clane,LOGOUT,UserManagement,SUCCESS,2965
2025-12-01 15:27:11,davis,EXPORT_REPORT,UserManagement,SUCCESS,2715
2025-12-01 14:38:21,bwhite,LOGIN,SalesDashboard,SUCCESS,765
2025-12-01 13:12:50,bwhite,LOGOUT,AuditLogs,SUCCESS,1710
2025-12-01 16:42:46,asmith,LOGOUT,SalesDashboard,SUCCESS,4778
2025-12-01 07:58:55,asmith,LOGIN,InventoryReport,SUCCESS,1541
2025-12-01 10:55:49,jdoe,EXPORT_REPORT,SystemSettings,SUCCESS,3950
2025-12-01 09:53:05,davis,LOGIN,UserManagement,SUCCESS,1744
2025-12-01 02:58:32,clane,CREATE_USER,SystemSettings,SUCCESS,2479
2025-12-01 08:45:47,davis,DELETE_USER,SalesDashboard,SUCCESS,352
2025-12-01 11:33:57,asmith,VIEW_REPORT,UserManagement,SUCCESS,1077
2025-12-01 09:35:40,jdoe,EXPORT_REPORT,SalesDashboard,SUCCESS,2247
2025-12-01 11:46:40,davis,DELETE_USER,SalesDashboard,SUCCESS,1980
2025-12-01 11:36:55,clane,LOGIN,SalesDashboard,SUCCESS,4137
2025-12-01 08:33:06,bwhite,DELETE_USER,SystemSettings,SUCCESS,3965
2025-12-01 10:52:33,clane,VIEW_REPORT,InventoryReport,SUCCESS,3934
2025-12-01 12:52:03,asmith,EXPORT_REPORT,InventoryReport,SUCCESS,3474
2025-12-01 23:43:52,bwhite,LOGOUT,SalesDashboard,SUCCESS,3127
2025-12-01 10:27:25,asmith,DELETE_USER,UserManagement,SUCCESS,3267
2025-12-01 15:57:42,jdoe,DELETE_USER,InventoryReport,SUCCESS,41
2025-12-01 10:33:54,clane,DELETE_USER,InventoryReport,SUCCESS,4492
2025-12-01 15:38:01,clane,ADMIN_CONFIG,SystemSettings,FAILURE,1356
2025-12-01 16:12:18,jdoe,CREATE_USER,AuditLogs,SUCCESS,2243
2025-12-01 15:51:25,davis,ADMIN_CONFIG,InventoryReport,SUCCESS,3615
2025-12-01 12:01:18,admin,LOGOUT,SalesDashboard,SUCCESS,4519
2025-12-02 15:36:03,bwhite,LOGOUT,UserManagement,SUCCESS,554
2025-12-02 06:03:49,davis,ADMIN_CONFIG,AuditLogs,SUCCESS,2719
2025-12-02 15:48:15,asmith,ADMIN_CONFIG,InventoryReport,SUCCESS,4294
2025-12-02 14:08:48,jdoe,DELETE_USER,SalesDashboard,SUCCESS,2508
2025-12-02 14:52:45,asmith,LOGIN,SalesDashboard,SUCCESS,427
2025-12-02 14:59:13,asmith,EXPORT_REPORT,SystemSettings,SUCCESS,2032
2025-12-02 14:13:25,asmith,CREATE_USER,AuditLogs,SUCCESS,1938
2025-12-02 15:59:26,jdoe,LOGIN,AuditLogs,SUCCESS,2327
2025-12-02 08:14:15,clane,LOGOUT,InventoryReport,SUCCESS,3747
2025-12-02 00:20:01,admin,LOGOUT,SystemSettings,SUCCESS,931
2025-12-02 08:46:16,admin,LOGIN,InventoryReport,SUCCESS,1207
2025-12-02 13:37:34,bwhite,LOGOUT,InventoryReport,SUCCESS,671
2025-12-02 09:35:25,bwhite,EXPORT_REPORT,SystemSettings,SUCCESS,1256
2025-12-02 13:51:53,asmith,CREATE_USER,SystemSettings,SUCCESS,833
2025-12-02 12:52:51,clane,ADMIN_CONFIG,UserManagement,FAILURE,3294
2025-12-02 16:29:46,davis,ADMIN_CONFIG,SalesDashboard,SUCCESS,316
2025-12-02 10:50:07,admin,LOGIN,SystemSettings,SUCCESS,4663
2025-12-02 16:06:32,davis,ADMIN_CONFIG,UserManagement,SUCCESS,4475
2025-12-02 08:59:46,davis,EXPORT_REPORT,AuditLogs,SUCCESS,2235
2025-12-02 17:54:58,jdoe,DELETE_USER,InventoryReport,SUCCESS,3575
2025-12-02 13:39:05,bwhite,VIEW_REPORT,UserManagement,SUCCESS,832
2025-12-02 19:35:09,bwhite,CREATE_USER,UserManagement,SUCCESS,4412
2025-12-02 13:06:27,admin,LOGIN,UserManagement,SUCCESS,852
2025-12-02 19:40:23,clane,EXPORT_REPORT,AuditLogs,FAILURE,1173
2025-12-02 12:03:05,admin,CREATE_USER,SalesDashboard,SUCCESS,1885
2025-12-02 08:16:05,admin,LOGIN,SystemSettings,SUCCESS,3639
2025-12-02 12:10:00,jdoe,LOGOUT,SalesDashboard,SUCCESS,834
2025-12-02 13:31:27,asmith,EXPORT_REPORT,SalesDashboard,SUCCESS,1333
2025-12-02 13:58:40,clane,DELETE_USER,InventoryReport,SUCCESS,3574
2025-12-02 13:16:09,clane,EXPORT_REPORT,SalesDashboard,SUCCESS,1721
2025-12-02 10:41:01,bwhite,DELETE_USER,InventoryReport,SUCCESS,1801
2025-12-02 14:11:27,asmith,EXPORT_REPORT,SystemSettings,SUCCESS,4520
2025-12-02 16:41:07,davis,LOGIN,InventoryReport,SUCCESS,950
2025-12-02 09:25:21,clane,LOGOUT,SalesDashboard,SUCCESS,846
2025-12-02 11:06:38,asmith,CREATE_USER,SystemSettings,SUCCESS,3919
2025-12-02 15:25:17,admin,DELETE_USER,SystemSettings,SUCCESS,4330
2025-12-02 09:48:56,clane,LOGOUT,SalesDashboard,SUCCESS,958
2025-12-02 16:37:03,clane,VIEW_REPORT,UserManagement,FAILURE,2083
2025-12-02 16:53:00,jdoe,VIEW_REPORT,AuditLogs,SUCCESS,2238
2025-12-02 16:04:05,admin,ADMIN_CONFIG,SalesDashboard,SUCCESS,4583
2025-12-02 14:18:33,asmith,DELETE_USER,InventoryReport,SUCCESS,4517
2025-12-02 12:35:40,asmith,LOGIN,SystemSettings,SUCCESS,1706
2025-12-02 15:32:28,clane,LOGOUT,UserManagement,SUCCESS,1530
2025-12-02 11:20:00,davis,EXPORT_REPORT,SystemSettings,FAILURE,737
2025-12-02 13:24:14,davis,ADMIN_CONFIG,InventoryReport,SUCCESS,4654
2025-12-02 16:39:42,bwhite,ADMIN_CONFIG,SalesDashboard,SUCCESS,1897
2025-12-02 16:59:54,asmith,EXPORT_REPORT,AuditLogs,SUCCESS,2051
2025-12-02 05:52:06,bwhite,LOGOUT,SystemSettings,SUCCESS,1666
2025-12-02 12:37:17,bwhite,EXPORT_REPORT,SystemSettings,SUCCESS,4230
2025-12-02 09:06:31,asmith,DELETE_USER,UserManagement,SUCCESS,4900
2025-12-02 10:33:58,jdoe,VIEW_REPORT,UserManagement,SUCCESS,1712
2025-12-02 01:14:49,bwhite,VIEW_REPORT,SystemSettings,SUCCESS,3701
2025-12-02 13:05:21,bwhite,EXPORT_REPORT,AuditLogs,SUCCESS,4784
2025-12-02 13:24:50,bwhite,CREATE_USER,AuditLogs,SUCCESS,2302
2025-12-02 11:53:24,admin,DELETE_USER,InventoryReport,SUCCESS,1607
2025-12-02 09:18:08,asmith,DELETE_USER,InventoryReport,SUCCESS,729
2025-12-02 12:05:27,asmith,DELETE_USER,SystemSettings,SUCCESS,270
2025-12-02 15:45:27,admin,ADMIN_CONFIG,UserManagement,SUCCESS,4502
2025-12-02 06:20:36,davis,DELETE_USER,AuditLogs,SUCCESS,149
2025-12-02 15:17:33,asmith,VIEW_REPORT,InventoryReport,SUCCESS,614
2025-12-02 15:38:39,admin,LOGOUT,AuditLogs,SUCCESS,3536
2025-12-02 11:06:34,bwhite,LOGIN,InventoryReport,SUCCESS,4350
2025-12-02 16:14:30,bwhite,DELETE_USER,AuditLogs,SUCCESS,936
2025-12-02 05:25:58,jdoe,LOGIN,AuditLogs,SUCCESS,405
2025-12-02 14:29:48,jdoe,LOGIN,SalesDashboard,SUCCESS,136
2025-12-02 10:43:18,davis,LOGOUT,SystemSettings,SUCCESS,3712
2025-12-02 11:07:19,davis,LOGIN,UserManagement,SUCCESS,3310
2025-12-02 14:09:49,asmith,EXPORT_REPORT,SalesDashboard,SUCCESS,4751
2025-12-02 13:51:43,davis,VIEW_REPORT,SystemSettings,SUCCESS,3653
2025-12-02 11:08:03,asmith,CREATE_USER,UserManagement,SUCCESS,4120
2025-12-02 13:13:33,davis,DELETE_USER,AuditLogs,SUCCESS,4369
2025-12-02 11:18:13,asmith,DELETE_USER,UserManagement,SUCCESS,102
2025-12-02 08:28:22,jdoe,VIEW_REPORT,SystemSettings,SUCCESS,4382
2025-12-02 14:59:56,asmith,EXPORT_REPORT,AuditLogs,SUCCESS,3996
2025-12-02 16:48:06,clane,DELETE_USER,InventoryReport,SUCCESS,1560
2025-12-03 15:56:13,clane,LOGIN,SystemSettings,FAILURE,908
2025-12-03 10:05:57,admin,DELETE_USER,InventoryReport,SUCCESS,2150
2025-12-03 10:01:42,jdoe,CREATE_USER,SystemSettings,SUCCESS,3900
2025-12-03 08:23:19,asmith,CREATE_USER,SystemSettings,SUCCESS,1017
2025-12-03 08:00:24,davis,ADMIN_CONFIG,UserManagement,SUCCESS,1483
2025-12-03 16:52:27,davis,DELETE_USER,SalesDashboard,SUCCESS,1862
2025-12-03 13:52:27,davis,ADMIN_CONFIG,InventoryReport,SUCCESS,588
2025-12-03 14:25:41,clane,CREATE_USER,AuditLogs,SUCCESS,3653
2025-12-03 15:54:40,davis,EXPORT_REPORT,UserManagement,SUCCESS,3476
2025-12-03 12:22:58,davis,VIEW_REPORT,InventoryReport,SUCCESS,1881
2025-12-03 10:03:06,davis,LOGOUT,SystemSettings,SUCCESS,4665
2025-12-03 09:39:05,davis,LOGOUT,SalesDashboard,SUCCESS,4982
2025-12-03 15:10:51,clane,LOGOUT,UserManagement,SUCCESS,782
2025-12-03 13:40:08,asmith,ADMIN_CONFIG,UserManagement,SUCCESS,4489
2025-12-03 09:22:43,davis,EXPORT_REPORT,UserManagement,SUCCESS,1773
2025-12-03 08:09:05,admin,CREATE_USER,SystemSettings,SUCCESS,3090
2025-12-03 08:46:41,davis,EXPORT_REPORT,AuditLogs,SUCCESS,2574
2025-12-03 09:14:59,asmith,CREATE_USER,AuditLogs,SUCCESS,3480
2025-12-03 12:40:21,asmith,EXPORT_REPORT,AuditLogs,SUCCESS,4574
2025-12-03 15:56:20,bwhite,LOGIN,InventoryReport,SUCCESS,2400
2025-12-03 17:30:46,admin,CREATE_USER,SystemSettings,SUCCESS,533
2025-12-03 08:16:15,asmith,LOGIN,InventoryReport,SUCCESS,4506
2025-12-03 20:25:42,clane,EXPORT_REPORT,SystemSettings,SUCCESS,88
2025-12-03 03:41:47,clane,LOGIN,UserManagement,SUCCESS,3635
2025-12-03 14:34:27,asmith,LOGOUT,SalesDashboard,SUCCESS,1905
2025-12-03 08:20:04,jdoe,EXPORT_REPORT,SystemSettings,SUCCESS,4423
2025-12-03 16:43:05,asmith,DELETE_USER,SystemSettings,SUCCESS,2593
2025-12-03 10:17:23,davis,VIEW_REPORT,AuditLogs,SUCCESS,3204
2025-12-03 10:47:39,clane,ADMIN_CONFIG,UserManagement,SUCCESS,18
2025-12-03 12:00:48,clane,VIEW_REPORT,UserManagement,SUCCESS,518
2025-12-03 14:24:26,davis,CREATE_USER,SystemSettings,FAILURE,252
2025-12-03 16:08:20,bwhite,LOGIN,AuditLogs,SUCCESS,4793
2025-12-03 07:00:23,bwhite,EXPORT_REPORT,SystemSettings,SUCCESS,1437
2025-12-03 23:39:17,davis,LOGIN,UserManagement,SUCCESS,803
2025-12-03 14:15:59,clane,ADMIN_CONFIG,UserManagement,SUCCESS,4000
2025-12-03 10:16:33,davis,EXPORT_REPORT,SalesDashboard,SUCCESS,3473
2025-12-03 14:38:27,admin,VIEW_REPORT,SalesDashboard,SUCCESS,816
2025-12-03 11:36:58,bwhite,EXPORT_REPORT,InventoryReport,SUCCESS,2275
2025-12-03 08:13:43,jdoe,EXPORT_REPORT,SystemSettings,SUCCESS,3065
2025-12-03 13:04:36,clane,VIEW_REPORT,SalesDashboard,SUCCESS,789
2025-12-03 15:24:15,clane,CREATE_USER,AuditLogs,SUCCESS,2479
2025-12-03 12:49:29,admin,CREATE_USER,SalesDashboard,SUCCESS,3922
2025-12-03 21:23:13,clane,LOGOUT,SalesDashboard,SUCCESS,1335
2025-12-03 08:46:21,davis,DELETE_USER,SalesDashboard,SUCCESS,1877
2025-12-03 16:44:45,jdoe,ADMIN_CONFIG,UserManagement,SUCCESS,128
2025-12-03 16:13:45,admin,EXPORT_REPORT,SystemSettings,SUCCESS,2402
2025-12-03 11:12:58,asmith,LOGOUT,SalesDashboard,SUCCESS,2942
2025-12-03 11:25:06,asmith,LOGIN,AuditLogs,SUCCESS,2011
2025-12-03 14:56:52,davis,ADMIN_CONFIG,SystemSettings,SUCCESS,2382
2025-12-03 18:59:40,clane,LOGOUT,AuditLogs,SUCCESS,2009
2025-12-03 15:54:47,admin,DELETE_USER,SystemSettings,SUCCESS,955
2025-12-03 15:13:45,bwhite,CREATE_USER,SalesDashboard,SUCCESS,3693
2025-12-03 14:12:09,bwhite,LOGOUT,SalesDashboard,SUCCESS,4898
2025-12-03 16:20:59,jdoe,LOGOUT,SalesDashboard,SUCCESS,1996
2025-12-03 06:03:03,davis,DELETE_USER,SalesDashboard,SUCCESS,4428
2025-12-03 08:38:42,clane,EXPORT_REPORT,SystemSettings,SUCCESS,79
2025-12-03 12:09:22,bwhite,CREATE_USER,SalesDashboard,SUCCESS,4260
2025-12-03 14:42:41,clane,VIEW_REPORT,AuditLogs,SUCCESS,3646
2025-12-03 13:10:42,asmith,CREATE_USER,InventoryReport,SUCCESS,571
2025-12-03 09:59:37,davis,LOGIN,SalesDashboard,SUCCESS,4602
2025-12-03 08:52:38,admin,CREATE_USER,InventoryReport,SUCCESS,3583
2025-12-03 13:01:24,jdoe,LOGOUT,AuditLogs,SUCCESS,3724
2025-12-03 14:51:46,jdoe,VIEW_REPORT,AuditLogs,SUCCESS,1178
2025-12-03 12:05:18,asmith,DELETE_USER,UserManagement,SUCCESS,3442
2025-12-03 11:53:23,asmith,LOGIN,InventoryReport,SUCCESS,808
2025-12-03 13:30:16,clane,LOGOUT,SalesDashboard,SUCCESS,2483
2025-12-03 12:22:56,jdoe,LOGIN,UserManagement,SUCCESS,4925
2025-12-03 15:49:15,admin,CREATE_USER,SalesDashboard,SUCCESS,2036
2025-12-03 12:49:01,jdoe,LOGIN,SystemSettings,SUCCESS,4749
2025-12-03 14:28:17,bwhite,VIEW_REPORT,InventoryReport,SUCCESS,303
2025-12-03 15:59:26,jdoe,LOGIN,InventoryReport,SUCCESS,145
2025-12-03 14:43:40,davis,VIEW_REPORT,SystemSettings,SUCCESS,770
2025-12-04 08:49:03,asmith,DELETE_USER,InventoryReport,SUCCESS,4373
2025-12-04 11:35:48,jdoe,VIEW_REPORT,InventoryReport,SUCCESS,3089
2025-12-04 01:28:10,asmith,CREATE_USER,InventoryReport,SUCCESS,4787
2025-12-04 07:15:48,clane,ADMIN_CONFIG,AuditLogs,SUCCESS,2301
2025-12-04 13:43:07,admin,EXPORT_REPORT,UserManagement,SUCCESS,1066
2025-12-04 10:48:52,davis,CREATE_USER,UserManagement,SUCCESS,4839
2025-12-04 09:27:32,clane,CREATE_USER,SalesDashboard,SUCCESS,1628
2025-12-04 09:16:06,bwhite,LOGIN,AuditLogs,SUCCESS,1871
2025-12-04 21:13:00,asmith,EXPORT_REPORT,UserManagement,SUCCESS,4858
2025-12-04 09:36:18,jdoe,LOGOUT,SalesDashboard,SUCCESS,1296
2025-12-04 12:15:29,davis,VIEW_REPORT,AuditLogs,SUCCESS,2835
2025-12-04 15:44:21,bwhite,ADMIN_CONFIG,AuditLogs,SUCCESS,2196
2025-12-04 15:37:56,jdoe,EXPORT_REPORT,InventoryReport,SUCCESS,1950
2025-12-04 15:42:35,clane,DELETE_USER,SalesDashboard,SUCCESS,3857
2025-12-04 02:15:48,davis,LOGIN,SalesDashboard,SUCCESS,4440
2025-12-04 10:13:25,davis,LOGIN,SystemSettings,SUCCESS,1291
2025-12-04 10:41:34,jdoe,DELETE_USER,InventoryReport,SUCCESS,3064
2025-12-04 16:07:37,davis,LOGOUT,SystemSettings,SUCCESS,4764
2025-12-04 22:53:04,clane,LOGIN,SystemSettings,SUCCESS,4041
2025-12-04 16:03:23,asmith,DELETE_USER,SalesDashboard,SUCCESS,2060
2025-12-04 15:15:11,clane,CREATE_USER,AuditLogs,SUCCESS,1152
2025-12-04 13:10:17,jdoe,LOGIN,SystemSettings,SUCCESS,2878
2025-12-04 14:59:49,asmith,EXPORT_REPORT,InventoryReport,SUCCESS,1615
2025-12-04 13:00:24,bwhite,EXPORT_REPORT,InventoryReport,SUCCESS,3144
2025-12-04 09:49:38,davis,CREATE_USER,SystemSettings,SUCCESS,3630
2025-12-04 13:13:01,clane,LOGOUT,InventoryReport,SUCCESS,1041
2025-12-04 08:15:41,jdoe,LOGOUT,AuditLogs,SUCCESS,688
2025-12-04 13:18:23,jdoe,CREATE_USER,SystemSettings,SUCCESS,1516
2025-12-04 11:23:46,admin,EXPORT_REPORT,AuditLogs,SUCCESS,3557
2025-12-04 16:13:47,asmith,LOGIN,SalesDashboard,SUCCESS,2308
2025-12-04 13:47:00,asmith,LOGIN,SystemSettings,SUCCESS,4706
2025-12-04 12:00:36,bwhite,LOGOUT,UserManagement,SUCCESS,1061
2025-12-04 12:34:04,admin,VIEW_REPORT,AuditLogs,SUCCESS,2138
2025-12-04 03:45:31,bwhite,DELETE_USER,AuditLogs,SUCCESS,111
2025-12-04 16:47:23,asmith,EXPORT_REPORT,SalesDashboard,SUCCESS,3993
2025-12-04 11:05:15,clane,CREATE_USER,UserManagement,SUCCESS,3822
2025-12-04 16:15:30,asmith,EXPORT_REPORT,SystemSettings,SUCCESS,4442
2025-12-04 12:52:28,davis,VIEW_REPORT,AuditLogs,SUCCESS,3614
2025-12-04 13:08:59,admin,LOGOUT,UserManagement,SUCCESS,1702
2025-12-04 11:55:42,admin,VIEW_REPORT,AuditLogs,SUCCESS,4966
2025-12-04 12:01:25,bwhite,LOGOUT,InventoryReport,SUCCESS,2154
2025-12-04 08:53:15,asmith,CREATE_USER,SystemSettings,SUCCESS,2288
2025-12-04 16:57:54,asmith,CREATE_USER,SystemSettings,SUCCESS,3952
2025-12-04 11:11:24,admin,EXPORT_REPORT,SalesDashboard,SUCCESS,1662
2025-12-04 13:31:04,davis,EXPORT_REPORT,AuditLogs,SUCCESS,1907
2025-12-04 10:48:57,clane,ADMIN_CONFIG,SalesDashboard,SUCCESS,4041
2025-12-04 08:18:51,jdoe,EXPORT_REPORT,SalesDashboard,SUCCESS,3286
2025-12-04 12:32:30,davis,LOGIN,SalesDashboard,SUCCESS,4046
2025-12-04 13:19:36,davis,DELETE_USER,SalesDashboard,SUCCESS,4359
2025-12-04 09:11:18,bwhite,EXPORT_REPORT,SystemSettings,SUCCESS,3890
2025-12-04 16:51:37,jdoe,DELETE_USER,SystemSettings,SUCCESS,790
2025-12-04 10:29:41,bwhite,DELETE_USER,SalesDashboard,SUCCESS,2808
2025-12-04 11:25:16,bwhite,LOGIN,SalesDashboard,SUCCESS,1949
2025-12-04 10:25:41,jdoe,VIEW_REPORT,AuditLogs,SUCCESS,1211
2025-12-04 16:30:24,bwhite,LOGOUT,AuditLogs,SUCCESS,1211
2025-12-04 23:36:24,davis,VIEW_REPORT,UserManagement,SUCCESS,453
2025-12-04 11:10:16,clane,CREATE_USER,SalesDashboard,SUCCESS,1280
2025-12-04 09:48:24,bwhite,VIEW_REPORT,SystemSettings,FAILURE,3909
2025-12-04 09:23:40,clane,ADMIN_CONFIG,AuditLogs,FAILURE,3802
2025-12-04 17:52:44,clane,EXPORT_REPORT,AuditLogs,SUCCESS,2556
2025-12-04 08:53:36,jdoe,EXPORT_REPORT,UserManagement,SUCCESS,2551
2025-12-04 11:15:46,asmith,CREATE_USER,SystemSettings,SUCCESS,3528
2025-12-04 09:44:44,jdoe,VIEW_REPORT,SalesDashboard,SUCCESS,4768
2025-12-04 10:35:42,bwhite,ADMIN_CONFIG,UserManagement,SUCCESS,1710
2025-12-04 08:49:29,asmith,VIEW_REPORT,UserManagement,SUCCESS,2191
2025-12-04 10:05:37,bwhite,EXPORT_REPORT,UserManagement,SUCCESS,224
2025-12-04 09:57:08,bwhite,LOGIN,SalesDashboard,SUCCESS,1832
2025-12-04 16:11:23,clane,CREATE_USER,InventoryReport,SUCCESS,525
2025-12-04 16:08:23,davis,VIEW_REPORT,InventoryReport,SUCCESS,3699
2025-12-04 10:10:52,asmith,LOGIN,AuditLogs,SUCCESS,2225
2025-12-04 08:56:12,jdoe,ADMIN_CONFIG,UserManagement,SUCCESS,4320
2025-12-04 13:31:15,asmith,CREATE_USER,InventoryReport,SUCCESS,1410
2025-12-04 16:13:43,clane,ADMIN_CONFIG,SalesDashboard,SUCCESS,229
2025-12-04 16:46:48,clane,VIEW_REPORT,SystemSettings,SUCCESS,3409
2025-12-04 15:10:00,bwhite,VIEW_REPORT,AuditLogs,SUCCESS,4814
2025-12-04 10:03:11,admin,DELETE_USER,UserManagement,SUCCESS,278
2025-12-04 01:40:54,bwhite,ADMIN_CONFIG,SystemSettings,SUCCESS,2021
2025-12-04 06:42:38,asmith,CREATE_USER,InventoryReport,SUCCESS,4048
2025-12-04 16:36:58,asmith,CREATE_USER,AuditLogs,SUCCESS,1202
2025-12-04 10:21:10,clane,EXPORT_REPORT,AuditLogs,SUCCESS,1066
2025-12-05 10:18:01,bwhite,LOGIN,UserManagement,SUCCESS,2878
2025-12-05 10:32:30,clane,LOGOUT,AuditLogs,SUCCESS,3918
2025-12-05 10:21:12,bwhite,LOGIN,SalesDashboard,SUCCESS,2986
2025-12-05 09:18:18,davis,EXPORT_REPORT,InventoryReport,SUCCESS,4418
2025-12-05 08:37:55,clane,VIEW_REPORT,InventoryReport,SUCCESS,1939
2025-12-05 12:05:27,jdoe,DELETE_USER,SalesDashboard,SUCCESS,1681
2025-12-05 15:29:06,clane,DELETE_USER,UserManagement,SUCCESS,134
2025-12-05 14:54:31,davis,ADMIN_CONFIG,UserManagement,SUCCESS,4543
2025-12-05 21:22:14,admin,ADMIN_CONFIG,SalesDashboard,SUCCESS,2445
2025-12-05 12:17:23,clane,EXPORT_REPORT,SystemSettings,SUCCESS,3383
2025-12-05 08:10:27,bwhite,EXPORT_REPORT,SystemSettings,SUCCESS,250
2025-12-05 13:56:30,clane,EXPORT_REPORT,AuditLogs,SUCCESS,1880
2025-12-05 12:36:32,admin,EXPORT_REPORT,AuditLogs,SUCCESS,342
2025-12-05 10:14:25,davis,ADMIN_CONFIG,AuditLogs,SUCCESS,2620
2025-12-05 13:51:27,clane,LOGIN,AuditLogs,SUCCESS,1910
2025-12-05 14:47:15,asmith,VIEW_REPORT,SystemSettings,SUCCESS,3826
2025-12-05 14:30:08,bwhite,EXPORT_REPORT,AuditLogs,SUCCESS,759
2025-12-05 10:01:20,bwhite,ADMIN_CONFIG,InventoryReport,SUCCESS,4268
2025-12-05 15:23:02,davis,LOGOUT,UserManagement,SUCCESS,224
2025-12-05 13:17:33,davis,CREATE_USER,SystemSettings,SUCCESS,3786
2025-12-05 11:54:40,admin,VIEW_REPORT,UserManagement,SUCCESS,2607
2025-12-05 09:17:08,asmith,DELETE_USER,UserManagement,SUCCESS,1535
2025-12-05 07:04:08,jdoe,VIEW_REPORT,UserManagement,SUCCESS,1746
2025-12-05 01:10:50,jdoe,ADMIN_CONFIG,InventoryReport,SUCCESS,3621
2025-12-05 16:11:21,clane,LOGOUT,InventoryReport,SUCCESS,4479
2025-12-05 10:17:11,asmith,VIEW_REPORT,UserManagement,FAILURE,1708
2025-12-05 11:51:06,jdoe,ADMIN_CONFIG,SalesDashboard,SUCCESS,689
2025-12-05 12:36:21,clane,CREATE_USER,SystemSettings,SUCCESS,4408
2025-12-05 16:01:29,asmith,LOGOUT,InventoryReport,SUCCESS,1256
2025-12-05 13:29:27,clane,LOGIN,UserManagement,SUCCESS,879
2025-12-05 12:00:14,bwhite,ADMIN_CONFIG,SalesDashboard,SUCCESS,4238
2025-12-05 21:15:20,davis,LOGOUT,SystemSettings,SUCCESS,1938
2025-12-05 10:50:48,asmith,CREATE_USER,AuditLogs,SUCCESS,3054
2025-12-05 08:27:25,admin,VIEW_REPORT,AuditLogs,SUCCESS,1281
2025-12-05 09:20:59,asmith,CREATE_USER,SystemSettings,SUCCESS,821
2025-12-05 16:25:43,admin,ADMIN_CONFIG,AuditLogs,SUCCESS,971
2025-12-05 14:54:36,davis,ADMIN_CONFIG,SalesDashboard,SUCCESS,4626
2025-12-05 10:38:42,asmith,CREATE_USER,InventoryReport,SUCCESS,1321
2025-12-05 13:00:19,jdoe,LOGIN,SystemSettings,SUCCESS,3222
2025-12-05 12:09:35,asmith,VIEW_REPORT,InventoryReport,SUCCESS,1836
2025-12-05 12:04:18,bwhite,ADMIN_CONFIG,SalesDashboard,SUCCESS,1051
2025-12-05 13:04:37,clane,LOGOUT,AuditLogs,SUCCESS,4576
2025-12-05 16:00:06,davis,LOGOUT,SalesDashboard,SUCCESS,4671
2025-12-05 15:06:44,asmith,LOGIN,InventoryReport,SUCCESS,2201
2025-12-05 09:25:59,jdoe,ADMIN_CONFIG,InventoryReport,SUCCESS,73
2025-12-05 13:34:25,davis,CREATE_USER,SalesDashboard,SUCCESS,4976
2025-12-05 10:49:42,jdoe,LOGOUT,SalesDashboard,SUCCESS,1063
2025-12-05 16:48:10,asmith,DELETE_USER,AuditLogs,SUCCESS,89
2025-12-05 08:57:27,asmith,CREATE_USER,UserManagement,SUCCESS,71
2025-12-05 10:33:26,davis,ADMIN_CONFIG,UserManagement,SUCCESS,3532
2025-12-05 15:24:40,clane,DELETE_USER,SalesDashboard,SUCCESS,4691
2025-12-05 11:28:15,davis,LOGOUT,SystemSettings,SUCCESS,813
2025-12-05 08:25:15,asmith,LOGOUT,SalesDashboard,SUCCESS,1710
2025-12-05 11:52:35,jdoe,CREATE_USER,InventoryReport,SUCCESS,4625
2025-12-05 09:39:23,jdoe,LOGOUT,AuditLogs,SUCCESS,3741
2025-12-05 15:03:36,clane,ADMIN_CONFIG,InventoryReport,FAILURE,1720
2025-12-05 12:00:23,jdoe,VIEW_REPORT,SystemSettings,SUCCESS,2466
2025-12-05 14:13:04,clane,EXPORT_REPORT,AuditLogs,SUCCESS,861
2025-12-05 14:07:15,bwhite,VIEW_REPORT,InventoryReport,SUCCESS,4009
2025-12-05 11:09:33,bwhite,LOGIN,InventoryReport,SUCCESS,3852
2025-12-05 14:18:31,davis,ADMIN_CONFIG,SalesDashboard,SUCCESS,1226
2025-12-05 14:58:10,jdoe,EXPORT_REPORT,SalesDashboard,SUCCESS,1672
2025-12-05 20:59:40,asmith,EXPORT_REPORT,SalesDashboard,SUCCESS,4966
2025-12-05 12:14:52,jdoe,VIEW_REPORT,InventoryReport,SUCCESS,1447
2025-12-05 16:32:48,clane,ADMIN_CONFIG,UserManagement,FAILURE,3532
2025-12-05 15:33:28,clane,LOGOUT,AuditLogs,SUCCESS,4737
2025-12-05 02:38:16,clane,EXPORT_REPORT,UserManagement,SUCCESS,1303
2025-12-05 08:34:00,admin,EXPORT_REPORT,SalesDashboard,SUCCESS,1682
2025-12-05 10:33:19,asmith,CREATE_USER,SalesDashboard,SUCCESS,1348
2025-12-05 16:46:54,admin,LOGIN,InventoryReport,SUCCESS,3714
2025-12-05 19:51:32,davis,DELETE_USER,AuditLogs,SUCCESS,3680
2025-12-05 09:20:53,davis,LOGOUT,SalesDashboard,SUCCESS,1422
2025-12-05 13:46:55,asmith,ADMIN_CONFIG,InventoryReport,SUCCESS,706
2025-12-05 14:52:05,jdoe,VIEW_REPORT,SalesDashboard,SUCCESS,689
2025-12-05 08:56:45,jdoe,ADMIN_CONFIG,SystemSettings,SUCCESS,3454
2025-12-05 15:02:31,davis,ADMIN_CONFIG,SalesDashboard,SUCCESS,4406
2025-12-05 10:25:03,clane,VIEW_REPORT,SalesDashboard,SUCCESS,488
2025-12-05 10:41:31,asmith,EXPORT_REPORT,InventoryReport,SUCCESS,2650
2025-12-05 12:46:29,asmith,VIEW_REPORT,InventoryReport,SUCCESS,4634
2025-12-05 11:46:55,clane,DELETE_USER,UserManagement,SUCCESS,4431
2025-12-05 23:50:40,bwhite,DELETE_USER,SystemSettings,SUCCESS,555
2025-12-05 02:37:03,clane,EXPORT_REPORT,SystemSettings,SUCCESS,1764
2025-12-05 08:00:06,admin,LOGIN,SystemSettings,SUCCESS,650
2025-12-05 13:01:30,admin,LOGOUT,SystemSettings,SUCCESS,874
2025-12-05 11:24:26,jdoe,VIEW_REPORT,SalesDashboard,SUCCESS,4102
2025-12-05 11:37:29,bwhite,LOGIN,SystemSettings,SUCCESS,1771
2025-12-05 08:50:38,asmith,DELETE_USER,SalesDashboard,SUCCESS,3745
2025-12-05 13:27:09,bwhite,LOGOUT,AuditLogs,SUCCESS,430
2025-12-05 08:20:26,davis,LOGIN,SystemSettings,FAILURE,3913
2025-12-06 04:13:28,asmith,CREATE_USER,AuditLogs,SUCCESS,1341
2025-12-06 11:36:35,jdoe,ADMIN_CONFIG,InventoryReport,SUCCESS,4490
2025-12-06 20:31:55,asmith,LOGOUT,InventoryReport,SUCCESS,117
2025-12-06 20:00:07,admin,VIEW_REPORT,InventoryReport,SUCCESS,2608
2025-12-06 00:21:12,davis,EXPORT_REPORT,UserManagement,SUCCESS,207
2025-12-06 06:51:33,davis,ADMIN_CONFIG,SalesDashboard,SUCCESS,3143
2025-12-06 03:24:16,bwhite,LOGOUT,AuditLogs,SUCCESS,3190
2025-12-07 07:08:41,jdoe,EXPORT_REPORT,SalesDashboard,SUCCESS,3678
2025-12-07 18:15:44,admin,DELETE_USER,SystemSettings,SUCCESS,4293
2025-12-07 02:36:21,admin,LOGOUT,InventoryReport,SUCCESS,3438
2025-12-07 22:19:59,clane,LOGIN,SalesDashboard,SUCCESS,4343
2025-12-07 15:52:29,davis,VIEW_REPORT,UserManagement,SUCCESS,550
2025-12-07 01:00:59,clane,LOGIN,InventoryReport,SUCCESS,3615
2025-12-08 13:30:11,bwhite,LOGIN,SystemSettings,SUCCESS,4204
2025-12-08 16:48:36,admin,EXPORT_REPORT,InventoryReport,SUCCESS,3972
2025-12-08 16:45:07,jdoe,EXPORT_REPORT,SalesDashboard,SUCCESS,1483
2025-12-08 13:52:40,asmith,ADMIN_CONFIG,SalesDashboard,SUCCESS,2680
2025-12-08 10:00:00,bwhite,LOGIN,SystemSettings,SUCCESS,3064
2025-12-08 17:25:38,davis,ADMIN_CONFIG,AuditLogs,SUCCESS,4546
2025-12-08 16:52:21,davis,EXPORT_REPORT,UserManagement,SUCCESS,1514
2025-12-08 10:30:31,davis,LOGOUT,SystemSettings,SUCCESS,4905
2025-12-08 04:01:42,bwhite,VIEW_REPORT,SystemSettings,SUCCESS,4738
2025-12-08 15:36:17,admin,LOGOUT,UserManagement,SUCCESS,755
2025-12-08 12:04:38,jdoe,CREATE_USER,SystemSettings,SUCCESS,2237
2025-12-08 15:19:04,asmith,CREATE_USER,InventoryReport,SUCCESS,987
2025-12-08 09:36:10,jdoe,LOGIN,SystemSettings,SUCCESS,2433
2025-12-08 10:47:01,asmith,LOGIN,SystemSettings,SUCCESS,1922
2025-12-08 13:26:35,admin,EXPORT_REPORT,InventoryReport,SUCCESS,4517
2025-12-08 05:30:53,clane,LOGOUT,UserManagement,SUCCESS,4736
2025-12-08 16:25:37,jdoe,VIEW_REPORT,SalesDashboard,SUCCESS,2750
2025-12-08 11:48:05,clane,VIEW_REPORT,AuditLogs,SUCCESS,2191
2025-12-08 08:38:22,jdoe,LOGOUT,InventoryReport,SUCCESS,208
2025-12-08 07:51:24,jdoe,LOGOUT,SalesDashboard,SUCCESS,4747
2025-12-08 16:21:41,davis,VIEW_REPORT,SystemSettings,SUCCESS,1250
2025-12-08 10:40:10,jdoe,ADMIN_CONFIG,SystemSettings,SUCCESS,3911
2025-12-08 08:50:39,jdoe,ADMIN_CONFIG,AuditLogs,SUCCESS,825
2025-12-08 16:44:52,jdoe,CREATE_USER,SystemSettings,SUCCESS,3987
2025-12-08 10:14:08,bwhite,VIEW_REPORT,AuditLogs,FAILURE,4765
2025-12-08 07:42:33,davis,ADMIN_CONFIG,SalesDashboard,SUCCESS,3536
2025-12-08 12:00:50,davis,LOGIN,InventoryReport,SUCCESS,187
2025-12-08 09:17:34,clane,EXPORT_REPORT,AuditLogs,SUCCESS,2492
2025-12-08 16:41:29,bwhite,ADMIN_CONFIG,SystemSettings,SUCCESS,2544
2025-12-08 15:44:43,asmith,CREATE_USER,InventoryReport,SUCCESS,2869
2025-12-08 14:38:42,admin,LOGIN,UserManagement,SUCCESS,1965
2025-12-08 09:27:55,asmith,CREATE_USER,SalesDashboard,SUCCESS,4790
2025-12-08 14:10:00,jdoe,LOGOUT,AuditLogs,SUCCESS,724
2025-12-08 11:08:54,jdoe,LOGIN,SalesDashboard,SUCCESS,2979
2025-12-08 08:42:37,admin,LOGIN,AuditLogs,SUCCESS,140
2025-12-08 12:26:49,bwhite,LOGOUT,SalesDashboard,FAILURE,1932
2025-12-08 09:57:21,clane,DELETE_USER,SalesDashboard,SUCCESS,3035
2025-12-08 08:45:09,admin,CREATE_USER,SystemSettings,SUCCESS,2001
2025-12-08 14:12:45,bwhite,EXPORT_REPORT,UserManagement,SUCCESS,2647
2025-12-08 08:28:01,clane,VIEW_REPORT,SystemSettings,SUCCESS,686
2025-12-08 20:22:07,jdoe,ADMIN_CONFIG,AuditLogs,SUCCESS,455
2025-12-08 01:03:33,admin,VIEW_REPORT,AuditLogs,SUCCESS,4406
2025-12-08 16:41:52,admin,ADMIN_CONFIG,SalesDashboard,SUCCESS,3454
2025-12-08 15:18:31,davis,CREATE_USER,SystemSettings,SUCCESS,3302
2025-12-08 11:07:47,jdoe,VIEW_REPORT,SystemSettings,SUCCESS,2930
2025-12-08 13:44:14,jdoe,VIEW_REPORT,AuditLogs,FAILURE,4218
2025-12-08 11:16:40,asmith,VIEW_REPORT,SystemSettings,SUCCESS,888
2025-12-08 12:56:58,jdoe,CREATE_USER,InventoryReport,SUCCESS,3887
2025-12-08 13:56:07,jdoe,LOGIN,SalesDashboard,SUCCESS,4308
2025-12-08 12:22:13,admin,CREATE_USER,AuditLogs,SUCCESS,846
2025-12-08 14:28:22,asmith,EXPORT_REPORT,SystemSettings,SUCCESS,3464
2025-12-08 15:35:39,bwhite,VIEW_REPORT,AuditLogs,SUCCESS,3089
2025-12-08 12:39:39,asmith,CREATE_USER,AuditLogs,SUCCESS,4377
2025-12-08 13:45:01,jdoe,VIEW_REPORT,AuditLogs,SUCCESS,3561
2025-12-08 16:21:42,asmith,VIEW_REPORT,SystemSettings,SUCCESS,609
2025-12-08 22:47:22,asmith,CREATE_USER,InventoryReport,SUCCESS,4470
2025-12-08 15:19:21,bwhite,EXPORT_REPORT,SalesDashboard,SUCCESS,4681
2025-12-08 11:53:45,clane,DELETE_USER,InventoryReport,SUCCESS,3334
2025-12-08 11:39:43,bwhite,ADMIN_CONFIG,SystemSettings,SUCCESS,3560
2025-12-08 13:19:00,admin,LOGIN,InventoryReport,SUCCESS,1249
2025-12-08 10:24:39,davis,DELETE_USER,InventoryReport,SUCCESS,2817
2025-12-08 11:43:09,clane,VIEW_REPORT,SystemSettings,SUCCESS,871
2025-12-08 09:39:22,davis,DELETE_USER,UserManagement,SUCCESS,4855
2025-12-08 09:49:13,clane,LOGIN,InventoryReport,SUCCESS,3617
2025-12-08 16:24:35,asmith,LOGOUT,UserManagement,SUCCESS,3455
2025-12-08 15:32:21,bwhite,ADMIN_CONFIG,InventoryReport,SUCCESS,1366
2025-12-08 04:21:15,jdoe,CREATE_USER,SalesDashboard,SUCCESS,108
2025-12-08 12:22:19,jdoe,VIEW_REPORT,SystemSettings,SUCCESS,2145
2025-12-08 09:38:14,asmith,VIEW_REPORT,SalesDashboard,SUCCESS,4206
2025-12-08 16:18:10,admin,CREATE_USER,SystemSettings,SUCCESS,3109
2025-12-08 22:59:25,davis,DELETE_USER,AuditLogs,SUCCESS,2759
2025-12-08 11:09:35,davis,LOGOUT,InventoryReport,SUCCESS,3712
2025-12-08 19:30:21,clane,ADMIN_CONFIG,AuditLogs,SUCCESS,472
2025-12-08 16:03:38,bwhite,ADMIN_CONFIG,SalesDashboard,SUCCESS,4838
2025-12-08 08:50:12,davis,DELETE_USER,AuditLogs,SUCCESS,2558
2025-12-08 08:23:01,asmith,LOGIN,SystemSettings,SUCCESS,2954
2025-12-08 09:55:48,clane,DELETE_USER,UserManagement,SUCCESS,98
2025-12-08 05:02:01,davis,VIEW_REPORT,AuditLogs,SUCCESS,2300
2025-12-08 13:58:25,jdoe,EXPORT_REPORT,SystemSettings,SUCCESS,3755
2025-12-08 16:39:53,jdoe,LOGOUT,InventoryReport,SUCCESS,3583
2025-12-08 16:42:46,clane,VIEW_REPORT,UserManagement,SUCCESS,2593
2025-12-08 12:37:17,asmith,LOGIN,InventoryReport,SUCCESS,1177
2025-12-08 08:38:02,clane,LOGOUT,InventoryReport,SUCCESS,3956
2025-12-08 16:46:50,davis,EXPORT_REPORT,AuditLogs,SUCCESS,3973
2025-12-08 14:39:28,admin,CREATE_USER,AuditLogs,FAILURE,3186
2025-12-08 14:53:25,jdoe,EXPORT_REPORT,SystemSettings,SUCCESS,3497
2025-12-08 01:13:07,jdoe,LOGIN,UserManagement,SUCCESS,2156
2025-12-08 10:46:38,bwhite,LOGOUT,UserManagement,SUCCESS,2177
2025-12-08 15:55:48,davis,LOGOUT,AuditLogs,SUCCESS,361
2025-12-08 00:32:49,davis,EXPORT_REPORT,SalesDashboard,SUCCESS,2054
2025-12-08 15:19:24,asmith,LOGOUT,InventoryReport,SUCCESS,4491
2025-12-08 15:59:00,bwhite,DELETE_USER,SystemSettings,SUCCESS,723
2025-12-08 07:56:47,jdoe,LOGIN,UserManagement,SUCCESS,1867
2025-12-08 16:17:44,jdoe,VIEW_REPORT,SystemSettings,SUCCESS,3779
2025-12-08 09:41:19,clane,ADMIN_CONFIG,SystemSettings,SUCCESS,939
2025-12-08 13:07:40,asmith,DELETE_USER,InventoryReport,SUCCESS,4160
2025-12-08 12:13:14,clane,DELETE_USER,InventoryReport,SUCCESS,453
2025-12-08 09:38:28,admin,CREATE_USER,InventoryReport,FAILURE,4752
2025-12-08 13:26:20,asmith,VIEW_REPORT,SystemSettings,SUCCESS,140
2025-12-08 14:24:54,jdoe,CREATE_USER,UserManagement,SUCCESS,1731
2025-12-08 10:52:13,clane,LOGIN,UserManagement,SUCCESS,1233
2025-12-08 08:13:02,bwhite,CREATE_USER,UserManagement,SUCCESS,2858
2025-12-08 16:16:31,admin,ADMIN_CONFIG,InventoryReport,SUCCESS,822
2025-12-08 14:56:07,jdoe,DELETE_USER,InventoryReport,SUCCESS,2444
2025-12-08 19:26:17,davis,CREATE_USER,AuditLogs,SUCCESS,467
2025-12-08 13:54:12,asmith,ADMIN_CONFIG,UserManagement,SUCCESS,1447
2025-12-08 13:57:20,admin,DELETE_USER,SystemSettings,SUCCESS,3007
2025-12-08 12:24:56,admin,DELETE_USER,SalesDashboard,SUCCESS,2491
2025-12-08 09:11:39,clane,LOGIN,SystemSettings,SUCCESS,2463
2025-12-08 12:19:32,davis,LOGOUT,UserManagement,SUCCESS,2498
2025-12-08 16:47:32,bwhite,CREATE_USER,InventoryReport,SUCCESS,1791
2025-12-08 15:32:49,admin,LOGOUT,InventoryReport,SUCCESS,530
2025-12-08 08:36:34,jdoe,ADMIN_CONFIG,UserManagement,SUCCESS,2613
2025-12-08 16:22:54,jdoe,ADMIN_CONFIG,AuditLogs,SUCCESS,3556
2025-12-08 04:01:34,bwhite,EXPORT_REPORT,SalesDashboard,SUCCESS,2424
2025-12-08 14:39:21,asmith,DELETE_USER,SalesDashboard,SUCCESS,3780
2025-12-08 08:50:34,bwhite,LOGOUT,AuditLogs,SUCCESS,3164
2025-12-08 17:07:11,jdoe,LOGIN,SalesDashboard,SUCCESS,2781
2025-12-08 11:30:25,asmith,ADMIN_CONFIG,SystemSettings,FAILURE,2860
2025-12-08 09:55:48,bwhite,LOGIN,InventoryReport,SUCCESS,680
2025-12-08 13:54:03,jdoe,DELETE_USER,SystemSettings,SUCCESS,2312
2025-12-08 12:42:26,jdoe,VIEW_REPORT,UserManagement,SUCCESS,2601
2025-12-08 11:00:37,asmith,VIEW_REPORT,SalesDashboard,SUCCESS,1278
2025-12-08 08:21:22,davis,VIEW_REPORT,AuditLogs,SUCCESS,4209
2025-12-08 10:09:08,admin,ADMIN_CONFIG,UserManagement,SUCCESS,60
2025-12-08 08:45:27,clane,DELETE_USER,SalesDashboard,FAILURE,4995
2025-12-08 11:48:25,bwhite,EXPORT_REPORT,SalesDashboard,SUCCESS,1421
2025-12-08 13:21:54,asmith,CREATE_USER,AuditLogs,SUCCESS,4632
2025-12-08 15:43:37,admin,DELETE_USER,UserManagement,SUCCESS,3941
2025-12-08 11:19:28,clane,LOGIN,UserManagement,SUCCESS,2284
2025-12-08 10:19:38,clane,LOGOUT,UserManagement,SUCCESS,4362
2025-12-08 16:05:05,admin,VIEW_REPORT,InventoryReport,SUCCESS,74
2025-12-08 10:13:51,davis,VIEW_REPORT,AuditLogs,SUCCESS,4485
2025-12-09 15:26:00,jdoe,CREATE_USER,UserManagement,SUCCESS,4614
2025-12-09 09:49:00,clane,LOGOUT,SalesDashboard,SUCCESS,1248
2025-12-09 15:36:50,jdoe,ADMIN_CONFIG,AuditLogs,SUCCESS,3990
2025-12-09 09:09:00,clane,EXPORT_REPORT,SystemSettings,SUCCESS,3567
2025-12-09 15:04:47,davis,VIEW_REPORT,SystemSettings,SUCCESS,3365
2025-12-09 11:36:16,asmith,EXPORT_REPORT,SystemSettings,FAILURE,4863
2025-12-09 12:18:25,davis,DELETE_USER,InventoryReport,SUCCESS,4828
2025-12-09 11:28:20,clane,EXPORT_REPORT,AuditLogs,SUCCESS,3688
2025-12-09 16:37:07,davis,DELETE_USER,SalesDashboard,SUCCESS,3631
2025-12-09 13:40:43,asmith,LOGOUT,AuditLogs,SUCCESS,4657
2025-12-09 02:41:48,asmith,LOGOUT,InventoryReport,SUCCESS,2028
2025-12-09 15:03:15,clane,ADMIN_CONFIG,UserManagement,SUCCESS,872
2025-12-09 22:53:34,davis,DELETE_USER,UserManagement,SUCCESS,4757
2025-12-09 08:43:56,admin,ADMIN_CONFIG,SalesDashboard,SUCCESS,4542
2025-12-09 15:24:43,bwhite,CREATE_USER,AuditLogs,SUCCESS,2819
2025-12-09 23:43:15,admin,CREATE_USER,InventoryReport,SUCCESS,4878
2025-12-09 09:15:22,asmith,ADMIN_CONFIG,InventoryReport,SUCCESS,346
2025-12-09 09:53:59,jdoe,ADMIN_CONFIG,SystemSettings,SUCCESS,4382
2025-12-09 18:20:49,jdoe,LOGOUT,SalesDashboard,SUCCESS,4173
2025-12-09 10:13:46,clane,EXPORT_REPORT,UserManagement,SUCCESS,1244
2025-12-09 12:50:12,admin,CREATE_USER,UserManagement,SUCCESS,3209
2025-12-09 18:26:53,bwhite,VIEW_REPORT,UserManagement,SUCCESS,4472
2025-12-09 13:18:13,jdoe,ADMIN_CONFIG,SalesDashboard,SUCCESS,2704
2025-12-09 13:21:06,admin,EXPORT_REPORT,SalesDashboard,SUCCESS,3224
2025-12-09 14:04:04,bwhite,LOGIN,SystemSettings,SUCCESS,1215
2025-12-09 13:33:30,admin,EXPORT_REPORT,UserManagement,SUCCESS,3637
2025-12-09 15:15:13,admin,DELETE_USER,UserManagement,SUCCESS,241
2025-12-09 17:54:01,davis,LOGIN,SystemSettings,SUCCESS,340
2025-12-09 09:32:17,bwhite,LOGOUT,InventoryReport,SUCCESS,1461
2025-12-09 16:42:57,jdoe,LOGOUT,AuditLogs,FAILURE,4267
2025-12-09 13:53:53,bwhite,LOGOUT,SystemSettings,SUCCESS,3081
2025-12-09 05:11:45,asmith,EXPORT_REPORT,SalesDashboard,SUCCESS,3481
2025-12-09 12:30:21,asmith,LOGIN,InventoryReport,SUCCESS,2474
2025-12-09 16:26:59,admin,EXPORT_REPORT,InventoryReport,SUCCESS,487
2025-12-09 09:40:20,admin,DELETE_USER,SystemSettings,FAILURE,4368
2025-12-09 10:07:43,asmith,LOGOUT,SystemSettings,FAILURE,952
2025-12-09 15:49:37,jdoe,EXPORT_REPORT,SystemSettings,SUCCESS,3028
2025-12-09 09:11:17,asmith,VIEW_REPORT,AuditLogs,SUCCESS,3474
2025-12-09 09:01:05,bwhite,CREATE_USER,UserManagement,SUCCESS,555
2025-12-09 15:30:34,davis,LOGIN,InventoryReport,SUCCESS,1752
2025-12-09 11:38:19,admin,LOGIN,InventoryReport,SUCCESS,3766
2025-12-09 14:39:36,jdoe,ADMIN_CONFIG,SystemSettings,SUCCESS,1746
2025-12-09 12:30:55,bwhite,LOGOUT,AuditLogs,SUCCESS,4135
2025-12-09 08:23:03,jdoe,EXPORT_REPORT,UserManagement,SUCCESS,856
2025-12-09 10:24:48,davis,DELETE_USER,AuditLogs,SUCCESS,4498
2025-12-09 08:34:41,davis,EXPORT_REPORT,UserManagement,SUCCESS,4393
2025-12-09 02:40:56,davis,ADMIN_CONFIG,UserManagement,SUCCESS,4994
2025-12-09 15:00:24,davis,DELETE_USER,SalesDashboard,SUCCESS,401
2025-12-09 16:43:52,davis,CREATE_USER,InventoryReport,SUCCESS,1687
2025-12-09 11:49:42,davis,LOGIN,UserManagement,SUCCESS,2423
2025-12-09 00:07:40,bwhite,EXPORT_REPORT,AuditLogs,SUCCESS,2751
2025-12-09 05:14:59,clane,DELETE_USER,AuditLogs,SUCCESS,1865
2025-12-09 08:00:24,admin,LOGOUT,UserManagement,SUCCESS,201
2025-12-09 12:12:09,bwhite,ADMIN_CONFIG,SalesDashboard,SUCCESS,1526
2025-12-09 16:06:14,clane,VIEW_REPORT,AuditLogs,SUCCESS,272
2025-12-09 13:00:19,bwhite,CREATE_USER,UserManagement,SUCCESS,1724
2025-12-09 02:21:55,clane,CREATE_USER,UserManagement,SUCCESS,948
2025-12-09 16:25:19,admin,ADMIN_CONFIG,InventoryReport,SUCCESS,3826
2025-12-09 14:09:00,admin,LOGOUT,SystemSettings,SUCCESS,2218
2025-12-09 16:03:49,jdoe,LOGOUT,SalesDashboard,SUCCESS,2644
2025-12-09 13:20:33,clane,LOGOUT,InventoryReport,SUCCESS,3573
2025-12-09 16:38:44,clane,VIEW_REPORT,UserManagement,SUCCESS,4191
2025-12-09 17:49:20,davis,VIEW_REPORT,UserManagement,SUCCESS,1831
2025-12-09 13:49:26,clane,CREATE_USER,SalesDashboard,SUCCESS,2365
2025-12-09 14:25:53,admin,DELETE_USER,UserManagement,SUCCESS,3872
2025-12-09 11:15:47,bwhite,LOGIN,SystemSettings,SUCCESS,2335
2025-12-09 09:25:31,clane,CREATE_USER,SystemSettings,SUCCESS,2398
2025-12-09 12:09:57,jdoe,LOGIN,SalesDashboard,SUCCESS,3433
2025-12-09 09:26:40,davis,DELETE_USER,AuditLogs,SUCCESS,3225
2025-12-09 11:20:41,bwhite,ADMIN_CONFIG,UserManagement,SUCCESS,4333
2025-12-09 05:05:48,jdoe,LOGIN,SystemSettings,SUCCESS,3937
2025-12-09 22:57:52,davis,LOGIN,SalesDashboard,SUCCESS,4814
2025-12-09 16:52:18,jdoe,LOGOUT,SystemSettings,SUCCESS,4359
2025-12-09 04:14:09,asmith,EXPORT_REPORT,InventoryReport,FAILURE,1224
2025-12-09 11:02:12,jdoe,ADMIN_CONFIG,InventoryReport,SUCCESS,2176
2025-12-09 14:04:24,jdoe,EXPORT_REPORT,AuditLogs,SUCCESS,1046
2025-12-09 08:27:49,bwhite,VIEW_REPORT,SalesDashboard,SUCCESS,4835
2025-12-09 14:14:49,clane,CREATE_USER,AuditLogs,SUCCESS,2799
2025-12-09 15:08:56,admin,EXPORT_REPORT,SalesDashboard,SUCCESS,2834
2025-12-09 15:17:51,davis,ADMIN_CONFIG,InventoryReport,SUCCESS,4314
2025-12-09 09:48:45,admin,ADMIN_CONFIG,AuditLogs,SUCCESS,3618
2025-12-09 09:44:09,jdoe,LOGOUT,InventoryReport,SUCCESS,2122
2025-12-09 10:20:49,bwhite,VIEW_REPORT,SystemSettings,SUCCESS,3254
2025-12-09 08:15:25,admin,ADMIN_CONFIG,AuditLogs,SUCCESS,1881
2025-12-09 16:00:05,bwhite,ADMIN_CONFIG,SystemSettings,SUCCESS,3934
2025-12-09 09:44:24,jdoe,DELETE_USER,SalesDashboard,SUCCESS,3910
2025-12-09 13:25:29,jdoe,ADMIN_CONFIG,InventoryReport,SUCCESS,501
2025-12-09 14:32:50,clane,LOGIN,InventoryReport,SUCCESS,4887
2025-12-09 10:01:27,asmith,ADMIN_CONFIG,InventoryReport,SUCCESS,4125
2025-12-09 15:40:02,jdoe,DELETE_USER,SystemSettings,SUCCESS,181
2025-12-09 08:11:21,bwhite,DELETE_USER,AuditLogs,SUCCESS,547
2025-12-09 14:04:21,clane,EXPORT_REPORT,SalesDashboard,SUCCESS,134
2025-12-09 09:44:37,bwhite,LOGIN,UserManagement,SUCCESS,865
2025-12-09 10:36:58,asmith,VIEW_REPORT,SystemSettings,SUCCESS,1140
2025-12-09 08:50:47,clane,ADMIN_CONFIG,SystemSettings,SUCCESS,4020
2025-12-09 14:34:20,asmith,VIEW_REPORT,UserManagement,SUCCESS,999
2025-12-09 10:28:22,jdoe,CREATE_USER,UserManagement,SUCCESS,4831
2025-12-09 14:29:23,asmith,ADMIN_CONFIG,AuditLogs,SUCCESS,960
2025-12-09 14:35:17,davis,ADMIN_CONFIG,InventoryReport,SUCCESS,4665
2025-12-09 08:57:19,bwhite,ADMIN_CONFIG,UserManagement,SUCCESS,1540
2025-12-09 02:33:57,davis,LOGOUT,InventoryReport,SUCCESS,2571
2025-12-09 14:09:02,bwhite,CREATE_USER,SalesDashboard,SUCCESS,3927
2025-12-09 23:27:10,davis,DELETE_USER,SystemSettings,SUCCESS,3797
2025-12-09 10:37:53,bwhite,LOGIN,SystemSettings,SUCCESS,512
2025-12-10 12:13:52,bwhite,DELETE_USER,AuditLogs,SUCCESS,114
2025-12-10 08:04:31,davis,LOGOUT,InventoryReport,SUCCESS,3502
2025-12-10 14:13:36,admin,LOGIN,SystemSettings,SUCCESS,2905
2025-12-10 11:15:02,bwhite,LOGOUT,UserManagement,SUCCESS,4804
2025-12-10 00:58:42,bwhite,EXPORT_REPORT,AuditLogs,SUCCESS,647
2025-12-10 04:06:41,davis,CREATE_USER,AuditLogs,FAILURE,962
2025-12-10 08:35:26,asmith,DELETE_USER,UserManagement,SUCCESS,1728
2025-12-10 15:32:48,bwhite,CREATE_USER,AuditLogs,SUCCESS,440
2025-12-10 13:38:34,admin,ADMIN_CONFIG,UserManagement,SUCCESS,2373
2025-12-10 12:49:18,asmith,LOGOUT,SalesDashboard,SUCCESS,4563
2025-12-10 23:40:22,jdoe,LOGOUT,InventoryReport,SUCCESS,4179
2025-12-10 10:57:05,admin,DELETE_USER,AuditLogs,SUCCESS,709
2025-12-10 14:05:37,davis,VIEW_REPORT,UserManagement,SUCCESS,4694
2025-12-10 20:32:07,bwhite,EXPORT_REPORT,SystemSettings,SUCCESS,2749
2025-12-10 08:56:10,asmith,VIEW_REPORT,SalesDashboard,SUCCESS,641
2025-12-10 16:06:29,davis,VIEW_REPORT,SalesDashboard,SUCCESS,189
2025-12-10 15:49:13,davis,LOGIN,SalesDashboard,SUCCESS,4931
2025-12-10 14:37:45,admin,CREATE_USER,SalesDashboard,SUCCESS,3389
2025-12-10 16:33:25,davis,CREATE_USER,AuditLogs,SUCCESS,2294
2025-12-10 12:36:46,bwhite,ADMIN_CONFIG,UserManagement,FAILURE,3806
2025-12-10 14:33:26,asmith,EXPORT_REPORT,SalesDashboard,SUCCESS,3194
2025-12-10 11:03:37,jdoe,EXPORT_REPORT,SystemSettings,SUCCESS,2032
2025-12-10 09:21:59,admin,LOGIN,UserManagement,SUCCESS,4233
2025-12-10 08:08:51,jdoe,EXPORT_REPORT,SystemSettings,SUCCESS,1486
2025-12-10 10:35:45,clane,EXPORT_REPORT,SalesDashboard,SUCCESS,2218
2025-12-10 03:31:36,bwhite,DELETE_USER,SystemSettings,SUCCESS,541
2025-12-10 15:32:45,davis,CREATE_USER,AuditLogs,SUCCESS,59
2025-12-10 13:11:07,bwhite,LOGIN,InventoryReport,SUCCESS,2888
2025-12-10 23:32:14,jdoe,LOGOUT,SystemSettings,SUCCESS,1550
2025-12-10 14:51:40,asmith,CREATE_USER,SystemSettings,SUCCESS,1094
2025-12-10 15:58:24,admin,EXPORT_REPORT,SalesDashboard,SUCCESS,4053
2025-12-10 10:10:06,bwhite,CREATE_USER,AuditLogs,SUCCESS,3646
2025-12-10 09:51:58,admin,LOGIN,InventoryReport,SUCCESS,3002
2025-12-10 16:14:20,jdoe,DELETE_USER,UserManagement,SUCCESS,385
2025-12-10 09:24:20,admin,VIEW_REPORT,UserManagement,SUCCESS,3211
2025-12-10 16:17:14,jdoe,EXPORT_REPORT,UserManagement,SUCCESS,2445
2025-12-10 14:09:40,jdoe,LOGIN,SystemSettings,SUCCESS,243
2025-12-10 21:27:21,admin,ADMIN_CONFIG,UserManagement,SUCCESS,1543
2025-12-10 22:41:19,asmith,VIEW_REPORT,InventoryReport,SUCCESS,1858
2025-12-10 08:49:48,asmith,DELETE_USER,AuditLogs,SUCCESS,2591
2025-12-10 10:18:47,asmith,CREATE_USER,SalesDashboard,SUCCESS,161
2025-12-10 10:24:07,admin,CREATE_USER,SalesDashboard,SUCCESS,3013
2025-12-10 16:40:46,bwhite,VIEW_REPORT,UserManagement,SUCCESS,3937
2025-12-10 12:11:56,davis,LOGIN,SalesDashboard,FAILURE,827
2025-12-10 08:12:24,bwhite,LOGOUT,UserManagement,SUCCESS,4824
2025-12-10 16:35:18,jdoe,ADMIN_CONFIG,InventoryReport,FAILURE,148
2025-12-10 22:46:22,admin,EXPORT_REPORT,AuditLogs,FAILURE,2367
2025-12-10 16:17:21,clane,LOGIN,SystemSettings,SUCCESS,300
2025-12-10 10:17:52,davis,EXPORT_REPORT,InventoryReport,SUCCESS,4088
2025-12-10 12:39:36,bwhite,CREATE_USER,AuditLogs,SUCCESS,2320
2025-12-10 19:36:17,davis,EXPORT_REPORT,SystemSettings,SUCCESS,2786
2025-12-10 13:58:57,clane,LOGIN,UserManagement,SUCCESS,511
2025-12-10 12:18:38,clane,VIEW_REPORT,SystemSettings,SUCCESS,2658
2025-12-10 08:59:53,davis,LOGOUT,SystemSettings,SUCCESS,3159
2025-12-10 13:04:35,jdoe,EXPORT_REPORT,UserManagement,SUCCESS,1976
2025-12-10 08:40:17,asmith,ADMIN_CONFIG,SalesDashboard,SUCCESS,3630
2025-12-10 15:09:45,jdoe,LOGIN,SystemSettings,FAILURE,87
2025-12-10 10:21:26,davis,DELETE_USER,SystemSettings,SUCCESS,802
2025-12-10 12:56:35,davis,LOGIN,UserManagement,SUCCESS,368
2025-12-10 13:21:12,admin,CREATE_USER,AuditLogs,SUCCESS,3110
2025-12-10 08:51:14,admin,LOGOUT,InventoryReport,SUCCESS,4992
2025-12-10 13:40:46,admin,EXPORT_REPORT,AuditLogs,SUCCESS,4308
2025-12-10 09:43:57,asmith,VIEW_REPORT,InventoryReport,SUCCESS,3561
2025-12-10 16:15:51,clane,EXPORT_REPORT,UserManagement,SUCCESS,1756
2025-12-10 15:17:25,bwhite,EXPORT_REPORT,InventoryReport,SUCCESS,389
2025-12-10 10:32:51,bwhite,LOGOUT,UserManagement,FAILURE,2005
2025-12-10 14:36:26,clane,ADMIN_CONFIG,AuditLogs,SUCCESS,91
2025-12-10 08:27:01,asmith,EXPORT_REPORT,InventoryReport,SUCCESS,1926
2025-12-10 14:01:15,asmith,LOGOUT,SalesDashboard,SUCCESS,1934
2025-12-10 22:48:18,jdoe,LOGOUT,InventoryReport,SUCCESS,414
2025-12-10 12:58:03,admin,CREATE_USER,SystemSettings,SUCCESS,4314
2025-12-10 13:11:09,bwhite,LOGIN,SystemSettings,SUCCESS,1118
2025-12-10 21:11:29,davis,DELETE_USER,UserManagement,SUCCESS,937
2025-12-10 08:13:39,jdoe,LOGIN,AuditLogs,SUCCESS,3709
2025-12-10 13:51:57,davis,DELETE_USER,UserManagement,SUCCESS,3625
2025-12-10 11:05:06,jdoe,VIEW_REPORT,AuditLogs,SUCCESS,4497
2025-12-10 08:32:13,jdoe,LOGOUT,InventoryReport,SUCCESS,1068
2025-12-10 14:25:14,asmith,LOGIN,UserManagement,SUCCESS,708
2025-12-10 11:32:11,asmith,ADMIN_CONFIG,AuditLogs,SUCCESS,4419
2025-12-11 13:21:36,clane,LOGOUT,UserManagement,SUCCESS,3378
2025-12-11 09:00:35,clane,EXPORT_REPORT,UserManagement,SUCCESS,2739
2025-12-11 11:47:12,clane,ADMIN_CONFIG,SalesDashboard,SUCCESS,446
2025-12-11 13:51:13,davis,ADMIN_CONFIG,AuditLogs,SUCCESS,3103
2025-12-11 08:08:20,jdoe,CREATE_USER,SalesDashboard,SUCCESS,1809
2025-12-11 11:16:27,clane,ADMIN_CONFIG,SalesDashboard,SUCCESS,3336
2025-12-11 08:58:09,clane,EXPORT_REPORT,AuditLogs,SUCCESS,3851
2025-12-11 12:18:14,davis,CREATE_USER,SystemSettings,SUCCESS,3588
2025-12-11 00:14:41,davis,LOGIN,UserManagement,SUCCESS,2856
2025-12-11 08:57:12,bwhite,LOGIN,UserManagement,FAILURE,868
2025-12-11 09:39:20,asmith,CREATE_USER,InventoryReport,SUCCESS,4370
2025-12-11 12:42:09,bwhite,DELETE_USER,UserManagement,SUCCESS,3229
2025-12-11 11:08:08,bwhite,ADMIN_CONFIG,InventoryReport,SUCCESS,589
2025-12-11 09:17:27,admin,LOGOUT,AuditLogs,SUCCESS,438
2025-12-11 16:08:04,jdoe,LOGOUT,InventoryReport,SUCCESS,267
2025-12-11 08:26:22,admin,EXPORT_REPORT,AuditLogs,SUCCESS,72
2025-12-11 13:54:01,asmith,LOGIN,InventoryReport,SUCCESS,2920
2025-12-11 10:57:04,bwhite,LOGIN,AuditLogs,SUCCESS,2651
2025-12-11 08:53:47,jdoe,VIEW_REPORT,SalesDashboard,SUCCESS,2447
2025-12-11 09:01:18,davis,ADMIN_CONFIG,UserManagement,SUCCESS,2466
2025-12-11 16:02:34,bwhite,DELETE_USER,InventoryReport,SUCCESS,1104
2025-12-11 15:23:41,asmith,LOGIN,SalesDashboard,FAILURE,2004
2025-12-11 14:51:32,clane,EXPORT_REPORT,SystemSettings,SUCCESS,4586
2025-12-11 08:06:21,bwhite,EXPORT_REPORT,AuditLogs,SUCCESS,4831
2025-12-11 11:26:27,clane,LOGOUT,InventoryReport,SUCCESS,1815
2025-12-11 11:26:08,clane,CREATE_USER,SystemSettings,SUCCESS,4857
2025-12-11 14:20:36,jdoe,DELETE_USER,AuditLogs,SUCCESS,2235
2025-12-11 08:24:17,bwhite,VIEW_REPORT,SalesDashboard,SUCCESS,265
2025-12-11 13:51:53,davis,VIEW_REPORT,AuditLogs,FAILURE,1006
2025-12-11 12:20:06,jdoe,VIEW_REPORT,UserManagement,SUCCESS,4695
2025-12-11 10:00:45,clane,CREATE_USER,AuditLogs,SUCCESS,4986
2025-12-11 17:40:02,jdoe,ADMIN_CONFIG,SystemSettings,SUCCESS,4385
2025-12-11 08:33:02,admin,VIEW_REPORT,InventoryReport,FAILURE,2319
2025-12-11 12:30:18,davis,VIEW_REPORT,SystemSettings,SUCCESS,3673
2025-12-11 09:17:19,asmith,VIEW_REPORT,SalesDashboard,SUCCESS,4068
2025-12-11 16:07:45,admin,DELETE_USER,SystemSettings,SUCCESS,4194
2025-12-11 18:38:49,clane,CREATE_USER,InventoryReport,SUCCESS,807
2025-12-11 11:35:04,admin,LOGOUT,SalesDashboard,SUCCESS,1745
2025-12-11 15:25:36,jdoe,LOGOUT,SalesDashboard,SUCCESS,878
2025-12-11 16:56:38,jdoe,DELETE_USER,InventoryReport,SUCCESS,2895
2025-12-11 08:34:39,asmith,DELETE_USER,InventoryReport,SUCCESS,1379
2025-12-11 02:34:54,asmith,LOGIN,SystemSettings,SUCCESS,1380
2025-12-11 12:44:45,clane,DELETE_USER,SalesDashboard,SUCCESS,2706
2025-12-11 12:16:32,admin,LOGIN,SalesDashboard,SUCCESS,2135
2025-12-11 11:34:55,asmith,CREATE_USER,SalesDashboard,SUCCESS,3016
2025-12-11 14:57:29,jdoe,ADMIN_CONFIG,UserManagement,SUCCESS,1386
2025-12-11 08:01:11,bwhite,DELETE_USER,UserManagement,SUCCESS,2452
2025-12-11 15:21:47,davis,LOGOUT,AuditLogs,SUCCESS,1410
2025-12-11 09:21:59,admin,DELETE_USER,UserManagement,SUCCESS,2945
2025-12-11 14:08:14,clane,DELETE_USER,AuditLogs,SUCCESS,491
2025-12-11 14:54:12,davis,DELETE_USER,AuditLogs,SUCCESS,3137
2025-12-11 14:08:32,clane,LOGIN,SalesDashboard,SUCCESS,43
2025-12-11 12:37:02,admin,VIEW_REPORT,SalesDashboard,SUCCESS,2048
2025-12-11 12:04:01,clane,EXPORT_REPORT,InventoryReport,SUCCESS,2027
2025-12-11 11:26:22,admin,EXPORT_REPORT,UserManagement,SUCCESS,1594
2025-12-11 15:44:00,asmith,EXPORT_REPORT,AuditLogs,SUCCESS,2939
2025-12-11 17:17:52,jdoe,VIEW_REPORT,InventoryReport,SUCCESS,3835
2025-12-11 09:36:52,asmith,EXPORT_REPORT,AuditLogs,SUCCESS,870
2025-12-11 15:02:46,davis,DELETE_USER,SystemSettings,SUCCESS,3066
2025-12-11 10:52:04,clane,VIEW_REPORT,SystemSettings,SUCCESS,1083
2025-12-11 16:40:01,jdoe,EXPORT_REPORT,SalesDashboard,SUCCESS,1569
2025-12-11 15:43:55,bwhite,CREATE_USER,InventoryReport,SUCCESS,136
2025-12-11 16:22:56,clane,DELETE_USER,UserManagement,FAILURE,4771
2025-12-11 20:39:39,jdoe,LOGIN,InventoryReport,FAILURE,1012
2025-12-11 13:04:10,davis,ADMIN_CONFIG,InventoryReport,SUCCESS,2871
2025-12-11 11:20:43,davis,EXPORT_REPORT,InventoryReport,SUCCESS,247
2025-12-12 14:56:53,davis,EXPORT_REPORT,SalesDashboard,SUCCESS,3689
2025-12-12 16:37:42,asmith,EXPORT_REPORT,SalesDashboard,SUCCESS,4452
2025-12-12 23:03:12,clane,LOGOUT,SalesDashboard,SUCCESS,506
2025-12-12 13:21:03,davis,LOGOUT,InventoryReport,SUCCESS,2415
2025-12-12 12:01:06,asmith,VIEW_REPORT,SystemSettings,SUCCESS,2501
2025-12-12 13:12:51,jdoe,VIEW_REPORT,AuditLogs,SUCCESS,2849
2025-12-12 15:00:39,asmith,LOGOUT,SystemSettings,SUCCESS,3422
2025-12-12 13:05:11,asmith,CREATE_USER,UserManagement,SUCCESS,2386
2025-12-12 09:32:22,davis,VIEW_REPORT,SystemSettings,SUCCESS,4485
2025-12-12 08:50:44,bwhite,ADMIN_CONFIG,SalesDashboard,SUCCESS,714
2025-12-12 16:17:24,davis,DELETE_USER,SystemSettings,SUCCESS,3934
2025-12-12 10:19:37,clane,CREATE_USER,InventoryReport,FAILURE,1258
2025-12-12 09:21:20,clane,LOGOUT,AuditLogs,SUCCESS,3337
2025-12-12 16:08:23,admin,ADMIN_CONFIG,SystemSettings,FAILURE,4155
2025-12-12 12:11:27,davis,DELETE_USER,UserManagement,SUCCESS,1899
2025-12-12 08:33:25,bwhite,LOGIN,SalesDashboard,SUCCESS,4497
2025-12-12 14:16:40,admin,LOGIN,InventoryReport,FAILURE,1189
2025-12-12 14:05:42,clane,CREATE_USER,AuditLogs,SUCCESS,4736
2025-12-12 10:56:43,asmith,LOGIN,InventoryReport,SUCCESS,2643
2025-12-12 08:42:00,clane,LOGOUT,UserManagement,FAILURE,4295
2025-12-12 09:48:54,admin,CREATE_USER,AuditLogs,SUCCESS,84
2025-12-12 13:31:35,asmith,DELETE_USER,InventoryReport,SUCCESS,1639
2025-12-12 14:12:20,admin,DELETE_USER,UserManagement,SUCCESS,1142
2025-12-12 14:10:21,clane,VIEW_REPORT,AuditLogs,SUCCESS,4782
2025-12-12 08:33:15,jdoe,EXPORT_REPORT,SalesDashboard,SUCCESS,2042
2025-12-12 12:28:46,clane,EXPORT_REPORT,UserManagement,SUCCESS,207
2025-12-12 09:30:59,asmith,LOGIN,UserManagement,SUCCESS,3436
2025-12-12 10:46:15,davis,EXPORT_REPORT,SalesDashboard,SUCCESS,3214
2025-12-12 13:09:34,asmith,DELETE_USER,AuditLogs,SUCCESS,3215
2025-12-12 10:54:06,davis,DELETE_USER,SystemSettings,SUCCESS,3748
2025-12-12 14:47:14,bwhite,ADMIN_CONFIG,InventoryReport,SUCCESS,2557
2025-12-12 14:41:59,davis,CREATE_USER,InventoryReport,SUCCESS,4193
2025-12-12 12:44:08,admin,ADMIN_CONFIG,InventoryReport,SUCCESS,2788
2025-12-12 09:27:41,bwhite,VIEW_REPORT,AuditLogs,SUCCESS,2937
2025-12-12 14:30:12,admin,CREATE_USER,UserManagement,SUCCESS,3728
2025-12-12 08:25:36,admin,LOGOUT,SystemSettings,SUCCESS,1353
2025-12-12 12:22:46,asmith,CREATE_USER,SystemSettings,SUCCESS,3622
2025-12-12 09:23:33,asmith,ADMIN_CONFIG,AuditLogs,SUCCESS,2664
2025-12-12 01:54:57,bwhite,DELETE_USER,UserManagement,SUCCESS,3994
2025-12-12 11:18:52,jdoe,LOGOUT,InventoryReport,SUCCESS,3106
2025-12-12 10:54:31,asmith,DELETE_USER,InventoryReport,SUCCESS,3299
2025-12-12 09:21:55,asmith,LOGIN,UserManagement,SUCCESS,1940
2025-12-12 21:51:12,clane,EXPORT_REPORT,SystemSettings,SUCCESS,3743
2025-12-12 10:30:54,admin,LOGOUT,SystemSettings,SUCCESS,3599
2025-12-12 12:53:45,davis,LOGIN,AuditLogs,SUCCESS,4081
2025-12-12 12:53:50,admin,VIEW_REPORT,UserManagement,SUCCESS,3077
2025-12-12 14:56:34,clane,VIEW_REPORT,InventoryReport,SUCCESS,4372
2025-12-12 10:20:12,admin,LOGOUT,SystemSettings,SUCCESS,486
2025-12-12 15:04:38,admin,DELETE_USER,SalesDashboard,SUCCESS,1617
2025-12-12 16:11:47,admin,LOGIN,AuditLogs,SUCCESS,4481
2025-12-12 15:36:15,clane,DELETE_USER,UserManagement,SUCCESS,3208
2025-12-12 13:36:20,clane,CREATE_USER,SalesDashboard,SUCCESS,911
2025-12-12 14:07:53,admin,VIEW_REPORT,AuditLogs,SUCCESS,1127
2025-12-12 12:44:45,clane,VIEW_REPORT,AuditLogs,SUCCESS,3690
2025-12-12 12:11:44,asmith,LOGOUT,InventoryReport,SUCCESS,1243
2025-12-12 16:21:14,bwhite,LOGIN,SystemSettings,SUCCESS,1022
2025-12-12 16:40:25,davis,LOGIN,UserManagement,SUCCESS,459
2025-12-12 09:40:02,davis,CREATE_USER,SalesDashboard,SUCCESS,1871
2025-12-12 17:04:25,asmith,DELETE_USER,SalesDashboard,SUCCESS,1501
2025-12-12 21:20:21,bwhite,VIEW_REPORT,UserManagement,SUCCESS,1003
2025-12-12 16:10:11,asmith,LOGIN,InventoryReport,SUCCESS,1330
2025-12-12 08:46:06,davis,ADMIN_CONFIG,InventoryReport,SUCCESS,3576
2025-12-12 10:11:36,clane,EXPORT_REPORT,SalesDashboard,SUCCESS,299
2025-12-12 09:08:20,davis,VIEW_REPORT,SalesDashboard,SUCCESS,2911
2025-12-12 11:14:02,clane,EXPORT_REPORT,UserManagement,SUCCESS,520
2025-12-12 15:12:24,clane,EXPORT_REPORT,InventoryReport,SUCCESS,3687
2025-12-12 11:55:28,davis,LOGIN,AuditLogs,FAILURE,943
2025-12-12 11:07:16,jdoe,VIEW_REPORT,AuditLogs,SUCCESS,2992
2025-12-12 10:57:21,clane,CREATE_USER,InventoryReport,SUCCESS,2753
2025-12-12 09:38:45,asmith,VIEW_REPORT,InventoryReport,SUCCESS,497
2025-12-12 01:05:41,jdoe,EXPORT_REPORT,InventoryReport,SUCCESS,4602
2025-12-12 15:57:09,davis,EXPORT_REPORT,SalesDashboard,SUCCESS,2391
2025-12-12 13:29:59,clane,VIEW_REPORT,AuditLogs,SUCCESS,4780
2025-12-12 10:49:29,davis,LOGOUT,SystemSettings,SUCCESS,2438
2025-12-12 11:05:25,clane,VIEW_REPORT,UserManagement,SUCCESS,129
2025-12-12 11:52:40,admin,DELETE_USER,SystemSettings,SUCCESS,974
2025-12-12 21:06:37,asmith,EXPORT_REPORT,SystemSettings,SUCCESS,4934
2025-12-12 15:58:23,jdoe,EXPORT_REPORT,UserManagement,SUCCESS,916
2025-12-12 10:21:32,admin,LOGIN,AuditLogs,SUCCESS,246
2025-12-12 10:51:38,admin,VIEW_REPORT,AuditLogs,SUCCESS,3050
2025-12-12 08:18:03,davis,DELETE_USER,SalesDashboard,SUCCESS,859
2025-12-12 10:52:49,jdoe,CREATE_USER,SystemSettings,SUCCESS,1800
2025-12-12 16:50:55,bwhite,DELETE_USER,UserManagement,SUCCESS,3614
2025-12-12 08:57:17,asmith,DELETE_USER,AuditLogs,SUCCESS,4013
2025-12-12 09:43:38,admin,DELETE_USER,InventoryReport,SUCCESS,3863
2025-12-12 12:21:30,admin,EXPORT_REPORT,SalesDashboard,SUCCESS,548
2025-12-12 16:13:34,admin,EXPORT_REPORT,UserManagement,SUCCESS,4983
2025-12-12 16:19:29,admin,ADMIN_CONFIG,InventoryReport,SUCCESS,2578
2025-12-12 14:52:20,admin,ADMIN_CONFIG,SystemSettings,SUCCESS,3476
2025-12-12 12:53:27,davis,ADMIN_CONFIG,SalesDashboard,SUCCESS,4701
2025-12-12 15:37:53,asmith,CREATE_USER,AuditLogs,SUCCESS,1693
2025-12-12 16:34:14,davis,VIEW_REPORT,InventoryReport,SUCCESS,4588
2025-12-12 09:16:38,clane,LOGIN,AuditLogs,SUCCESS,2352
2025-12-12 13:53:32,admin,CREATE_USER,AuditLogs,SUCCESS,2195
2025-12-12 14:26:19,bwhite,LOGOUT,InventoryReport,SUCCESS,1139
2025-12-12 11:09:31,admin,LOGIN,UserManagement,SUCCESS,2184
2025-12-12 14:45:17,asmith,CREATE_USER,AuditLogs,SUCCESS,388
2025-12-12 05:50:29,clane,VIEW_REPORT,InventoryReport,SUCCESS,2392
2025-12-12 15:26:24,jdoe,CREATE_USER,SalesDashboard,FAILURE,369
2025-12-12 15:52:30,davis,VIEW_REPORT,UserManagement,SUCCESS,1420
2025-12-12 17:59:56,clane,DELETE_USER,SystemSettings,SUCCESS,326
2025-12-12 11:05:18,bwhite,EXPORT_REPORT,SystemSettings,SUCCESS,2887
2025-12-12 12:49:34,admin,CREATE_USER,InventoryReport,SUCCESS,878
2025-12-12 12:43:50,clane,VIEW_REPORT,UserManagement,SUCCESS,2515
2025-12-12 20:15:22,admin,LOGIN,UserManagement,SUCCESS,591
2025-12-12 09:22:35,davis,LOGIN,AuditLogs,SUCCESS,3522
2025-12-12 20:36:28,admin,LOGIN,AuditLogs,SUCCESS,93
2025-12-12 12:43:32,clane,LOGIN,SalesDashboard,SUCCESS,454
2025-12-12 11:23:55,clane,LOGIN,UserManagement,SUCCESS,1429
2025-12-12 09:33:46,asmith,VIEW_REPORT,SystemSettings,SUCCESS,1992
2025-12-12 14:01:49,asmith,LOGOUT,SystemSettings,SUCCESS,2513
2025-12-12 19:33:24,admin,DELETE_USER,UserManagement,SUCCESS,1999
2025-12-12 08:46:23,davis,LOGOUT,InventoryReport,SUCCESS,1234
2025-12-12 16:15:50,clane,ADMIN_CONFIG,SalesDashboard,SUCCESS,3414
2025-12-12 10:48:58,asmith,LOGIN,SalesDashboard,SUCCESS,1842
2025-12-12 15:39:12,bwhite,EXPORT_REPORT,SystemSettings,SUCCESS,1969
2025-12-12 21:15:32,admin,EXPORT_REPORT,SalesDashboard,SUCCESS,486
2025-12-13 06:16:27,davis,EXPORT_REPORT,AuditLogs,SUCCESS,4810
2025-12-13 05:57:54,bwhite,VIEW_REPORT,SystemSettings,SUCCESS,1911
2025-12-13 12:30:06,clane,EXPORT_REPORT,AuditLogs,SUCCESS,514
2025-12-13 19:26:10,davis,LOGOUT,SalesDashboard,SUCCESS,993
2025-12-13 17:09:44,bwhite,CREATE_USER,SystemSettings,SUCCESS,2731
2025-12-13 01:14:22,asmith,CREATE_USER,SalesDashboard,SUCCESS,3454
2025-12-13 12:56:29,clane,VIEW_REPORT,InventoryReport,SUCCESS,1468
2025-12-13 01:11:04,asmith,LOGIN,AuditLogs,SUCCESS,2881
2025-12-13 13:51:26,asmith,LOGIN,SalesDashboard,SUCCESS,4682
2025-12-13 07:42:58,asmith,EXPORT_REPORT,UserManagement,SUCCESS,2612
2025-12-13 22:57:23,bwhite,LOGIN,SystemSettings,SUCCESS,1312
2025-12-13 23:44:55,davis,LOGOUT,UserManagement,SUCCESS,2070
2025-12-14 10:18:41,bwhite,ADMIN_CONFIG,InventoryReport,SUCCESS,769
2025-12-14 00:18:00,bwhite,CREATE_USER,AuditLogs,SUCCESS,1417
2025-12-14 06:21:11,asmith,DELETE_USER,AuditLogs,SUCCESS,2657
2025-12-14 23:12:36,asmith,VIEW_REPORT,InventoryReport,SUCCESS,208
2025-12-14 10:22:33,clane,ADMIN_CONFIG,AuditLogs,SUCCESS,1627
2025-12-14 00:33:49,clane,LOGOUT,AuditLogs,SUCCESS,1626
2025-12-14 01:00:20,bwhite,EXPORT_REPORT,SystemSettings,SUCCESS,985
2025-12-14 18:07:43,davis,DELETE_USER,AuditLogs,SUCCESS,3421
2025-12-14 23:18:55,admin,DELETE_USER,SalesDashboard,SUCCESS,4846
2025-12-15 13:19:58,admin,LOGOUT,AuditLogs,SUCCESS,4928
2025-12-15 15:32:23,bwhite,DELETE_USER,InventoryReport,SUCCESS,906
2025-12-15 02:40:17,davis,ADMIN_CONFIG,InventoryReport,SUCCESS,2296
2025-12-15 15:17:45,admin,VIEW_REPORT,InventoryReport,SUCCESS,4894
2025-12-15 13:06:02,davis,LOGOUT,AuditLogs,SUCCESS,477
2025-12-15 09:19:00,bwhite,EXPORT_REPORT,AuditLogs,FAILURE,4725
2025-12-15 13:40:41,asmith,CREATE_USER,UserManagement,SUCCESS,2230
2025-12-15 11:40:28,asmith,LOGOUT,SystemSettings,SUCCESS,4112
2025-12-15 15:13:42,clane,EXPORT_REPORT,AuditLogs,SUCCESS,1594
2025-12-15 09:08:27,admin,EXPORT_REPORT,SystemSettings,SUCCESS,2202
2025-12-15 20:37:22,asmith,LOGOUT,SalesDashboard,FAILURE,2300
2025-12-15 15:15:00,jdoe,LOGIN,InventoryReport,FAILURE,1918
2025-12-15 21:49:54,admin,EXPORT_REPORT,InventoryReport,SUCCESS,4162
2025-12-15 13:23:37,admin,EXPORT_REPORT,SalesDashboard,SUCCESS,3333
2025-12-15 12:55:53,clane,EXPORT_REPORT,SalesDashboard,SUCCESS,2923
2025-12-15 11:59:46,bwhite,VIEW_REPORT,UserManagement,SUCCESS,4136
2025-12-15 10:09:29,asmith,DELETE_USER,UserManagement,SUCCESS,384
2025-12-15 11:19:20,davis,CREATE_USER,SalesDashboard,SUCCESS,286
2025-12-15 11:22:24,admin,CREATE_USER,UserManagement,SUCCESS,1721
2025-12-15 12:28:33,bwhite,LOGOUT,SystemSettings,SUCCESS,4452
2025-12-15 12:37:00,clane,CREATE_USER,UserManagement,SUCCESS,3497
2025-12-15 08:35:13,davis,LOGOUT,AuditLogs,SUCCESS,2299
2025-12-15 13:19:36,bwhite,LOGOUT,SalesDashboard,SUCCESS,3578
2025-12-15 11:52:42,clane,EXPORT_REPORT,UserManagement,SUCCESS,4913
2025-12-15 11:37:55,admin,EXPORT_REPORT,SystemSettings,SUCCESS,4925
2025-12-15 14:29:53,asmith,EXPORT_REPORT,AuditLogs,SUCCESS,1505
2025-12-15 09:07:03,asmith,CREATE_USER,AuditLogs,SUCCESS,499
2025-12-15 12:34:09,admin,DELETE_USER,UserManagement,SUCCESS,4661
2025-12-15 16:03:16,clane,LOGIN,SalesDashboard,SUCCESS,2530
2025-12-15 17:38:12,davis,LOGOUT,SalesDashboard,SUCCESS,732
2025-12-15 06:36:25,admin,LOGOUT,InventoryReport,SUCCESS,4880
2025-12-15 13:05:34,bwhite,LOGIN,UserManagement,SUCCESS,3100
2025-12-15 09:52:36,davis,LOGIN,SystemSettings,SUCCESS,3228
2025-12-15 09:15:55,admin,EXPORT_REPORT,InventoryReport,SUCCESS,373
2025-12-15 10:35:08,jdoe,CREATE_USER,AuditLogs,SUCCESS,2238
2025-12-15 13:20:51,admin,CREATE_USER,InventoryReport,SUCCESS,627
2025-12-15 16:17:19,asmith,DELETE_USER,InventoryReport,SUCCESS,3074
2025-12-15 16:33:36,asmith,CREATE_USER,AuditLogs,SUCCESS,212
2025-12-15 08:29:56,clane,DELETE_USER,InventoryReport,SUCCESS,3361
2025-12-15 15:51:19,asmith,EXPORT_REPORT,AuditLogs,SUCCESS,1341
2025-12-15 13:08:56,admin,ADMIN_CONFIG,AuditLogs,SUCCESS,1947
2025-12-15 03:38:08,asmith,EXPORT_REPORT,UserManagement,SUCCESS,1678
2025-12-15 12:47:17,admin,EXPORT_REPORT,InventoryReport,SUCCESS,3188
2025-12-15 09:40:43,admin,LOGOUT,AuditLogs,SUCCESS,3736
2025-12-15 10:36:52,davis,ADMIN_CONFIG,AuditLogs,SUCCESS,2507
2025-12-15 16:09:00,davis,ADMIN_CONFIG,SystemSettings,SUCCESS,3618
2025-12-15 15:16:33,asmith,VIEW_REPORT,InventoryReport,FAILURE,3948
2025-12-15 16:05:05,jdoe,LOGOUT,SalesDashboard,SUCCESS,1787
2025-12-15 15:53:01,bwhite,VIEW_REPORT,AuditLogs,SUCCESS,3409
2025-12-15 11:32:59,bwhite,LOGOUT,AuditLogs,SUCCESS,445
2025-12-15 10:20:37,asmith,LOGOUT,InventoryReport,SUCCESS,375
2025-12-15 01:13:22,jdoe,LOGIN,UserManagement,SUCCESS,888
2025-12-15 15:08:30,admin,DELETE_USER,SalesDashboard,SUCCESS,236
2025-12-15 14:39:10,clane,EXPORT_REPORT,UserManagement,FAILURE,4756
2025-12-15 03:48:44,admin,EXPORT_REPORT,UserManagement,FAILURE,4184
2025-12-15 16:38:24,bwhite,DELETE_USER,InventoryReport,SUCCESS,1150
2025-12-15 10:37:56,asmith,ADMIN_CONFIG,UserManagement,SUCCESS,3661
2025-12-15 16:19:33,clane,LOGOUT,InventoryReport,SUCCESS,4628
2025-12-15 16:19:43,davis,DELETE_USER,InventoryReport,SUCCESS,2167
2025-12-15 15:34:12,davis,ADMIN_CONFIG,SystemSettings,SUCCESS,715
2025-12-15 15:36:46,asmith,LOGOUT,UserManagement,SUCCESS,766
2025-12-15 13:02:14,admin,LOGIN,SalesDashboard,SUCCESS,3577
2025-12-15 09:22:22,bwhite,CREATE_USER,SystemSettings,SUCCESS,1752
2025-12-15 13:51:37,clane,VIEW_REPORT,SalesDashboard,SUCCESS,1956
2025-12-15 12:50:50,davis,CREATE_USER,InventoryReport,FAILURE,165
2025-12-15 09:39:43,jdoe,VIEW_REPORT,InventoryReport,SUCCESS,419
2025-12-15 10:49:42,bwhite,ADMIN_CONFIG,UserManagement,SUCCESS,4905
2025-12-15 13:11:36,admin,VIEW_REPORT,UserManagement,SUCCESS,3877
2025-12-15 18:16:34,asmith,DELETE_USER,SalesDashboard,SUCCESS,4143
2025-12-15 10:56:59,davis,CREATE_USER,AuditLogs,SUCCESS,3711
2025-12-15 11:25:53,admin,EXPORT_REPORT,SalesDashboard,SUCCESS,560
2025-12-15 04:14:56,bwhite,VIEW_REPORT,InventoryReport,SUCCESS,2458
2025-12-15 20:21:55,asmith,ADMIN_CONFIG,UserManagement,SUCCESS,2334
2025-12-15 13:39:33,admin,EXPORT_REPORT,SalesDashboard,SUCCESS,1224
2025-12-15 02:53:18,asmith,VIEW_REPORT,InventoryReport,SUCCESS,3812
2025-12-15 11:01:52,jdoe,CREATE_USER,SystemSettings,SUCCESS,2771
2025-12-15 09:35:00,davis,ADMIN_CONFIG,InventoryReport,SUCCESS,2052
2025-12-15 12:53:15,asmith,LOGOUT,AuditLogs,SUCCESS,4830
2025-12-15 01:02:22,bwhite,LOGIN,UserManagement,SUCCESS,54
2025-12-15 16:58:27,jdoe,LOGIN,SystemSettings,SUCCESS,3698
2025-12-15 13:36:03,jdoe,EXPORT_REPORT,InventoryReport,SUCCESS,4721
2025-12-15 09:17:20,admin,EXPORT_REPORT,SalesDashboard,SUCCESS,1731
2025-12-15 16:24:29,jdoe,EXPORT_REPORT,SalesDashboard,SUCCESS,2087
2025-12-15 08:14:42,asmith,LOGIN,SystemSettings,SUCCESS,2238
2025-12-15 22:36:11,clane,EXPORT_REPORT,AuditLogs,SUCCESS,3200
2025-12-15 12:05:22,davis,LOGIN,SystemSettings,SUCCESS,568
2025-12-15 14:16:32,davis,VIEW_REPORT,UserManagement,SUCCESS,732
2025-12-15 13:07:27,admin,ADMIN_CONFIG,SalesDashboard,SUCCESS,2157
2025-12-15 16:00:17,admin,LOGIN,AuditLogs,SUCCESS,2749
2025-12-15 11:48:17,clane,ADMIN_CONFIG,SalesDashboard,FAILURE,4782
2025-12-15 10:18:08,admin,CREATE_USER,InventoryReport,SUCCESS,3900
2025-12-15 16:09:18,admin,ADMIN_CONFIG,AuditLogs,SUCCESS,1376
2025-12-15 10:35:47,asmith,EXPORT_REPORT,InventoryReport,SUCCESS,3871
2025-12-15 09:37:55,admin,VIEW_REPORT,SystemSettings,SUCCESS,4428
2025-12-15 15:55:30,clane,LOGOUT,InventoryReport,SUCCESS,1863
2025-12-15 14:22:12,clane,LOGOUT,UserManagement,SUCCESS,214
2025-12-15 12:56:58,asmith,CREATE_USER,InventoryReport,SUCCESS,27
2025-12-15 11:32:15,jdoe,LOGIN,SystemSettings,SUCCESS,3236
2025-12-15 14:56:36,bwhite,LOGIN,SystemSettings,SUCCESS,1866
2025-12-15 09:07:59,davis,DELETE_USER,AuditLogs,SUCCESS,2280
2025-12-15 13:33:09,asmith,EXPORT_REPORT,AuditLogs,SUCCESS,2723
2025-12-15 10:06:20,jdoe,ADMIN_CONFIG,AuditLogs,SUCCESS,2270
2025-12-15 16:36:56,clane,LOGOUT,SystemSettings,SUCCESS,4154
2025-12-15 20:10:56,asmith,EXPORT_REPORT,InventoryReport,SUCCESS,3984
2025-12-15 10:10:37,jdoe,LOGIN,InventoryReport,SUCCESS,1155
2025-12-15 08:48:36,admin,LOGOUT,SystemSettings,SUCCESS,3420
2025-12-15 04:53:04,davis,ADMIN_CONFIG,InventoryReport,FAILURE,225
2025-12-15 15:10:29,davis,LOGOUT,AuditLogs,SUCCESS,1706
2025-12-15 14:42:10,bwhite,CREATE_USER,InventoryReport,SUCCESS,2814
2025-12-15 15:27:20,asmith,VIEW_REPORT,UserManagement,SUCCESS,3289
2025-12-15 08:53:28,asmith,DELETE_USER,UserManagement,FAILURE,2180
2025-12-15 00:15:19,davis,LOGIN,SalesDashboard,SUCCESS,57
2025-12-15 13:45:15,jdoe,VIEW_REPORT,UserManagement,SUCCESS,2503
2025-12-15 08:20:39,clane,LOGOUT,AuditLogs,SUCCESS,3780
2025-12-15 11:46:15,bwhite,LOGOUT,AuditLogs,SUCCESS,4421
2025-12-15 08:40:02,admin,ADMIN_CONFIG,AuditLogs,SUCCESS,3855
2025-12-15 16:55:50,davis,ADMIN_CONFIG,AuditLogs,SUCCESS,1030
2025-12-15 08:43:45,bwhite,LOGIN,InventoryReport,SUCCESS,3108
2025-12-15 16:50:41,admin,ADMIN_CONFIG,UserManagement,SUCCESS,3790
2025-12-15 16:50:24,jdoe,EXPORT_REPORT,SalesDashboard,SUCCESS,4602
2025-12-15 10:19:58,admin,VIEW_REPORT,AuditLogs,SUCCESS,4503
2025-12-15 11:31:49,asmith,LOGIN,AuditLogs,SUCCESS,644
2025-12-15 06:16:27,asmith,VIEW_REPORT,AuditLogs,SUCCESS,2503
2025-12-15 16:34:45,clane,ADMIN_CONFIG,SystemSettings,FAILURE,3594
2025-12-15 14:01:38,bwhite,ADMIN_CONFIG,SalesDashboard,SUCCESS,3063
2025-12-15 16:47:58,bwhite,CREATE_USER,SalesDashboard,SUCCESS,1072
2025-12-15 08:39:57,bwhite,CREATE_USER,AuditLogs,SUCCESS,107
2025-12-15 02:31:24,asmith,VIEW_REPORT,InventoryReport,SUCCESS,84
2025-12-15 16:59:06,admin,ADMIN_CONFIG,InventoryReport,SUCCESS,3191
2025-12-15 08:29:37,admin,CREATE_USER,InventoryReport,SUCCESS,2111
2025-12-15 08:58:47,davis,CREATE_USER,SalesDashboard,SUCCESS,2233
2025-12-15 12:06:25,admin,LOGIN,InventoryReport,SUCCESS,2193
2025-12-15 16:09:26,davis,LOGIN,UserManagement,SUCCESS,816
2025-12-15 12:35:48,davis,EXPORT_REPORT,SalesDashboard,SUCCESS,3827
2025-12-15 09:20:05,davis,ADMIN_CONFIG,AuditLogs,SUCCESS,390
2025-12-15 16:37:52,davis,LOGIN,SalesDashboard,SUCCESS,4332
2025-12-15 10:39:33,jdoe,DELETE_USER,UserManagement,SUCCESS,1117
2025-12-15 13:08:46,jdoe,LOGIN,AuditLogs,FAILURE,3494
2025-12-15 10:42:57,bwhite,CREATE_USER,SystemSettings,SUCCESS,1460
2025-12-15 13:29:27,davis,ADMIN_CONFIG,AuditLogs,SUCCESS,2173
2025-12-15 12:44:28,asmith,VIEW_REPORT,SystemSettings,SUCCESS,2398
2025-12-15 10:03:51,bwhite,VIEW_REPORT,AuditLogs,FAILURE,2606
2025-12-16 00:18:42,jdoe,EXPORT_REPORT,InventoryReport,SUCCESS,3638
2025-12-16 14:04:07,bwhite,VIEW_REPORT,AuditLogs,SUCCESS,4208
2025-12-16 16:58:06,davis,VIEW_REPORT,UserManagement,SUCCESS,2737
2025-12-16 12:38:16,clane,LOGOUT,UserManagement,SUCCESS,3608
2025-12-16 08:08:35,admin,LOGOUT,AuditLogs,SUCCESS,777
2025-12-16 12:34:12,davis,ADMIN_CONFIG,InventoryReport,SUCCESS,2781
2025-12-16 15:52:05,jdoe,CREATE_USER,InventoryReport,SUCCESS,226
2025-12-16 12:49:31,clane,LOGIN,InventoryReport,SUCCESS,2778
2025-12-16 11:16:12,asmith,VIEW_REPORT,SystemSettings,SUCCESS,3151
2025-12-16 09:39:42,jdoe,VIEW_REPORT,SalesDashboard,SUCCESS,4457
2025-12-16 14:50:39,asmith,VIEW_REPORT,UserManagement,SUCCESS,1256
2025-12-16 10:05:34,jdoe,CREATE_USER,UserManagement,SUCCESS,2861
2025-12-16 15:28:28,davis,CREATE_USER,AuditLogs,SUCCESS,4479
2025-12-16 04:49:05,bwhite,LOGOUT,InventoryReport,SUCCESS,466
2025-12-16 15:38:54,jdoe,EXPORT_REPORT,SalesDashboard,SUCCESS,4439
2025-12-16 08:42:54,davis,CREATE_USER,AuditLogs,SUCCESS,332
2025-12-16 13:47:54,bwhite,EXPORT_REPORT,InventoryReport,SUCCESS,2168
2025-12-16 11:51:22,admin,DELETE_USER,InventoryReport,SUCCESS,1421
2025-12-16 09:06:32,admin,CREATE_USER,SalesDashboard,SUCCESS,2611
2025-12-16 15:33:41,jdoe,LOGOUT,UserManagement,SUCCESS,2433
2025-12-16 00:37:59,bwhite,DELETE_USER,AuditLogs,SUCCESS,133
2025-12-16 13:40:31,bwhite,EXPORT_REPORT,SalesDashboard,SUCCESS,3050
2025-12-16 14:04:21,davis,DELETE_USER,UserManagement,SUCCESS,2500
2025-12-16 09:50:17,admin,LOGOUT,AuditLogs,SUCCESS,40
2025-12-16 08:26:58,jdoe,LOGOUT,SalesDashboard,SUCCESS,2462
2025-12-16 12:23:59,admin,LOGIN,UserManagement,SUCCESS,3822
2025-12-16 14:12:38,asmith,ADMIN_CONFIG,InventoryReport,SUCCESS,4252
2025-12-16 09:59:43,asmith,LOGOUT,InventoryReport,SUCCESS,3305
2025-12-16 16:17:07,admin,CREATE_USER,InventoryReport,SUCCESS,3987
2025-12-16 15:19:00,davis,ADMIN_CONFIG,UserManagement,SUCCESS,2063
2025-12-16 13:48:06,clane,EXPORT_REPORT,AuditLogs,SUCCESS,4765
2025-12-16 15:30:43,asmith,DELETE_USER,InventoryReport,SUCCESS,3797
2025-12-16 14:19:32,bwhite,VIEW_REPORT,AuditLogs,SUCCESS,35
2025-12-16 15:54:08,bwhite,LOGOUT,InventoryReport,SUCCESS,3301
2025-12-16 16:23:45,jdoe,ADMIN_CONFIG,UserManagement,SUCCESS,1703
2025-12-16 12:57:32,bwhite,CREATE_USER,SystemSettings,SUCCESS,3241
2025-12-16 08:06:56,jdoe,ADMIN_CONFIG,SalesDashboard,SUCCESS,4177
2025-12-16 15:40:26,admin,EXPORT_REPORT,AuditLogs,SUCCESS,2085
2025-12-16 13:05:54,clane,LOGOUT,UserManagement,SUCCESS,2896
2025-12-16 11:17:49,davis,ADMIN_CONFIG,AuditLogs,SUCCESS,692
2025-12-16 02:31:39,bwhite,LOGOUT,SalesDashboard,SUCCESS,4742
2025-12-16 18:07:16,jdoe,DELETE_USER,AuditLogs,SUCCESS,4694
2025-12-16 20:48:26,asmith,LOGIN,SystemSettings,SUCCESS,4721
2025-12-16 08:02:20,asmith,LOGIN,SystemSettings,SUCCESS,3582
2025-12-16 13:34:48,clane,LOGOUT,SalesDashboard,SUCCESS,533
2025-12-16 15:16:45,davis,ADMIN_CONFIG,AuditLogs,SUCCESS,3995
2025-12-16 13:24:17,jdoe,LOGIN,UserManagement,SUCCESS,48
2025-12-16 07:16:28,jdoe,DELETE_USER,SalesDashboard,SUCCESS,1638
2025-12-16 14:44:32,davis,CREATE_USER,AuditLogs,SUCCESS,2295
2025-12-16 10:31:00,asmith,LOGOUT,InventoryReport,FAILURE,562
2025-12-16 11:08:21,jdoe,VIEW_REPORT,InventoryReport,SUCCESS,3937
2025-12-16 20:58:29,bwhite,ADMIN_CONFIG,SalesDashboard,SUCCESS,2541
2025-12-16 10:24:22,asmith,LOGIN,SystemSettings,SUCCESS,368
2025-12-16 08:34:18,davis,LOGIN,InventoryReport,SUCCESS,458
2025-12-16 10:41:33,jdoe,LOGIN,InventoryReport,SUCCESS,2685
2025-12-16 15:10:26,bwhite,CREATE_USER,AuditLogs,SUCCESS,2923
2025-12-16 22:34:55,jdoe,DELETE_USER,SystemSettings,SUCCESS,3974
2025-12-16 15:32:20,asmith,DELETE_USER,AuditLogs,SUCCESS,2439
2025-12-16 08:06:44,clane,CREATE_USER,UserManagement,SUCCESS,1963
2025-12-16 11:16:34,jdoe,LOGIN,UserManagement,SUCCESS,3263
2025-12-16 08:19:34,davis,DELETE_USER,SystemSettings,SUCCESS,2519
2025-12-16 09:53:17,asmith,EXPORT_REPORT,AuditLogs,SUCCESS,3864
2025-12-16 02:31:55,asmith,LOGOUT,InventoryReport,SUCCESS,934
2025-12-16 00:32:08,clane,VIEW_REPORT,AuditLogs,SUCCESS,2976
2025-12-16 12:18:55,bwhite,ADMIN_CONFIG,UserManagement,FAILURE,4937
2025-12-16 16:48:24,jdoe,EXPORT_REPORT,InventoryReport,SUCCESS,1115
2025-12-16 16:00:26,davis,EXPORT_REPORT,SalesDashboard,SUCCESS,4351
2025-12-16 11:39:03,jdoe,DELETE_USER,SystemSettings,SUCCESS,4925
2025-12-16 15:36:21,bwhite,EXPORT_REPORT,UserManagement,SUCCESS,709
2025-12-16 16:08:04,asmith,DELETE_USER,InventoryReport,SUCCESS,4615
2025-12-16 12:28:05,admin,CREATE_USER,SalesDashboard,SUCCESS,4629
2025-12-16 20:55:13,admin,CREATE_USER,AuditLogs,SUCCESS,3610
2025-12-16 10:15:56,jdoe,LOGOUT,SalesDashboard,SUCCESS,528
2025-12-16 12:53:14,jdoe,VIEW_REPORT,AuditLogs,SUCCESS,3097
2025-12-16 16:51:15,jdoe,EXPORT_REPORT,AuditLogs,SUCCESS,2451
2025-12-16 16:27:15,davis,ADMIN_CONFIG,SalesDashboard,SUCCESS,2436
2025-12-16 16:56:07,admin,CREATE_USER,UserManagement,SUCCESS,4732
2025-12-16 11:03:09,davis,EXPORT_REPORT,UserManagement,SUCCESS,1764
2025-12-16 14:19:27,jdoe,LOGOUT,InventoryReport,SUCCESS,2917
2025-12-16 10:49:11,admin,ADMIN_CONFIG,AuditLogs,SUCCESS,3929
2025-12-16 11:08:23,jdoe,ADMIN_CONFIG,SalesDashboard,SUCCESS,2172
2025-12-16 15:50:45,admin,EXPORT_REPORT,SalesDashboard,SUCCESS,3437
2025-12-16 11:00:31,asmith,VIEW_REPORT,InventoryReport,SUCCESS,1746
2025-12-16 08:49:29,clane,LOGIN,UserManagement,SUCCESS,4878
2025-12-16 08:09:26,asmith,VIEW_REPORT,AuditLogs,SUCCESS,4715
2025-12-16 11:37:35,davis,LOGIN,AuditLogs,SUCCESS,1186
2025-12-16 12:37:32,asmith,LOGOUT,SalesDashboard,SUCCESS,1154
2025-12-16 16:46:46,jdoe,EXPORT_REPORT,SystemSettings,SUCCESS,1284
2025-12-16 13:26:48,davis,EXPORT_REPORT,SalesDashboard,SUCCESS,3410
2025-12-16 09:00:36,admin,ADMIN_CONFIG,AuditLogs,SUCCESS,1706
2025-12-16 10:13:01,bwhite,LOGIN,SystemSettings,SUCCESS,2774
2025-12-16 16:24:30,bwhite,ADMIN_CONFIG,SystemSettings,SUCCESS,2245
2025-12-16 09:53:31,admin,DELETE_USER,AuditLogs,SUCCESS,247
2025-12-16 19:37:16,bwhite,EXPORT_REPORT,UserManagement,SUCCESS,4769
2025-12-16 15:18:15,admin,LOGOUT,SystemSettings,SUCCESS,4609
2025-12-16 16:46:05,bwhite,LOGOUT,UserManagement,SUCCESS,2244
2025-12-16 14:41:41,davis,EXPORT_REPORT,InventoryReport,SUCCESS,2012
2025-12-16 01:54:20,asmith,CREATE_USER,AuditLogs,SUCCESS,1211
2025-12-16 15:29:39,davis,EXPORT_REPORT,UserManagement,SUCCESS,523
2025-12-16 10:18:02,asmith,CREATE_USER,SalesDashboard,SUCCESS,817
2025-12-16 14:40:11,bwhite,LOGIN,SalesDashboard,SUCCESS,4070
2025-12-16 14:35:00,bwhite,CREATE_USER,UserManagement,SUCCESS,4082
2025-12-16 15:14:09,bwhite,CREATE_USER,UserManagement,SUCCESS,2274
2025-12-16 14:46:41,jdoe,DELETE_USER,SystemSettings,SUCCESS,4501
2025-12-16 16:56:15,admin,LOGOUT,UserManagement,SUCCESS,843
2025-12-16 12:37:48,clane,LOGOUT,UserManagement,SUCCESS,1635
2025-12-16 12:29:36,bwhite,ADMIN_CONFIG,InventoryReport,SUCCESS,2200
2025-12-16 02:45:32,davis,LOGOUT,SalesDashboard,SUCCESS,111
2025-12-16 22:30:26,davis,CREATE_USER,SalesDashboard,SUCCESS,3368
2025-12-16 09:33:34,davis,DELETE_USER,SalesDashboard,SUCCESS,4510
2025-12-16 09:16:51,asmith,VIEW_REPORT,SalesDashboard,SUCCESS,712
2025-12-16 14:03:55,jdoe,VIEW_REPORT,UserManagement,SUCCESS,954
2025-12-16 10:22:06,bwhite,LOGIN,InventoryReport,SUCCESS,1017
2025-12-16 12:51:28,jdoe,LOGOUT,SalesDashboard,SUCCESS,3574
2025-12-16 15:46:47,clane,ADMIN_CONFIG,SalesDashboard,SUCCESS,4607
2025-12-16 13:12:40,asmith,ADMIN_CONFIG,UserManagement,SUCCESS,135
2025-12-16 11:42:10,clane,DELETE_USER,SalesDashboard,SUCCESS,1704
2025-12-16 15:45:54,asmith,LOGIN,InventoryReport,SUCCESS,2609
2025-12-16 14:59:20,clane,VIEW_REPORT,UserManagement,SUCCESS,3519
2025-12-16 11:14:13,asmith,ADMIN_CONFIG,AuditLogs,SUCCESS,1460
2025-12-16 16:27:41,clane,ADMIN_CONFIG,UserManagement,SUCCESS,2935
2025-12-16 16:20:27,bwhite,LOGIN,InventoryReport,SUCCESS,1200
2025-12-16 14:37:27,admin,CREATE_USER,SalesDashboard,SUCCESS,4618
2025-12-16 10:55:34,admin,LOGIN,AuditLogs,SUCCESS,912
2025-12-16 13:51:27,jdoe,ADMIN_CONFIG,AuditLogs,SUCCESS,1474
2025-12-16 12:40:47,asmith,ADMIN_CONFIG,SalesDashboard,SUCCESS,962
2025-12-16 13:10:36,clane,VIEW_REPORT,SystemSettings,SUCCESS,1929
2025-12-17 12:54:27,jdoe,LOGIN,InventoryReport,SUCCESS,3255
2025-12-17 10:12:55,clane,EXPORT_REPORT,UserManagement,SUCCESS,4465
2025-12-17 13:47:16,clane,LOGIN,SalesDashboard,SUCCESS,2435
2025-12-17 14:54:25,bwhite,LOGOUT,AuditLogs,SUCCESS,2743
2025-12-17 15:31:40,admin,LOGOUT,AuditLogs,SUCCESS,4261
2025-12-17 09:21:02,asmith,DELETE_USER,AuditLogs,SUCCESS,4277
2025-12-17 16:46:36,jdoe,LOGIN,InventoryReport,SUCCESS,1640
2025-12-17 09:12:31,bwhite,EXPORT_REPORT,InventoryReport,SUCCESS,3727
2025-12-17 13:42:48,clane,LOGOUT,AuditLogs,SUCCESS,4247
2025-12-17 15:05:59,davis,DELETE_USER,InventoryReport,SUCCESS,3562
2025-12-17 11:33:42,admin,LOGOUT,InventoryReport,SUCCESS,3206
2025-12-17 11:30:35,admin,EXPORT_REPORT,SalesDashboard,SUCCESS,4000
2025-12-17 11:53:18,bwhite,DELETE_USER,SystemSettings,SUCCESS,3985
2025-12-17 14:39:52,davis,DELETE_USER,SalesDashboard,SUCCESS,1508
2025-12-17 15:44:38,jdoe,VIEW_REPORT,SalesDashboard,SUCCESS,3463
2025-12-17 11:37:35,clane,EXPORT_REPORT,InventoryReport,SUCCESS,4963
2025-12-17 16:12:10,jdoe,CREATE_USER,UserManagement,SUCCESS,3692
2025-12-17 15:37:28,jdoe,ADMIN_CONFIG,UserManagement,SUCCESS,2365
2025-12-17 04:51:14,davis,DELETE_USER,SystemSettings,SUCCESS,4601
2025-12-17 13:16:58,admin,CREATE_USER,InventoryReport,SUCCESS,3389
2025-12-17 09:55:58,admin,DELETE_USER,AuditLogs,SUCCESS,4354
2025-12-17 10:46:49,clane,VIEW_REPORT,AuditLogs,SUCCESS,2810
2025-12-17 15:45:41,clane,LOGIN,UserManagement,SUCCESS,4430
2025-12-17 11:14:16,asmith,LOGOUT,SystemSettings,SUCCESS,1650
2025-12-17 12:11:59,jdoe,CREATE_USER,UserManagement,SUCCESS,2991
2025-12-17 09:00:46,bwhite,DELETE_USER,AuditLogs,SUCCESS,697
2025-12-17 12:45:34,admin,EXPORT_REPORT,SystemSettings,SUCCESS,2276
2025-12-17 12:19:56,jdoe,ADMIN_CONFIG,AuditLogs,SUCCESS,4556
2025-12-17 16:13:11,jdoe,VIEW_REPORT,InventoryReport,SUCCESS,794
2025-12-17 11:14:17,asmith,ADMIN_CONFIG,InventoryReport,SUCCESS,2222
2025-12-17 16:14:02,jdoe,CREATE_USER,UserManagement,SUCCESS,3560
2025-12-17 11:13:30,clane,CREATE_USER,AuditLogs,SUCCESS,2719
2025-12-17 12:57:50,bwhite,CREATE_USER,UserManagement,SUCCESS,4144
2025-12-17 10:51:12,jdoe,CREATE_USER,SystemSettings,SUCCESS,4534
2025-12-17 09:17:50,clane,LOGIN,SystemSettings,SUCCESS,712
2025-12-17 12:40:16,asmith,EXPORT_REPORT,SystemSettings,SUCCESS,2553
2025-12-17 10:23:59,clane,LOGOUT,InventoryReport,SUCCESS,203
2025-12-17 10:09:37,admin,LOGOUT,AuditLogs,FAILURE,3015
2025-12-17 10:48:56,clane,ADMIN_CONFIG,InventoryReport,SUCCESS,3333
2025-12-17 13:29:26,admin,DELETE_USER,InventoryReport,SUCCESS,359
2025-12-17 20:12:44,admin,EXPORT_REPORT,SystemSettings,SUCCESS,1027
2025-12-17 04:18:30,asmith,EXPORT_REPORT,SalesDashboard,FAILURE,4461
2025-12-17 10:12:51,davis,VIEW_REPORT,SystemSettings,SUCCESS,4323
2025-12-17 11:57:53,bwhite,LOGIN,SalesDashboard,SUCCESS,1813
2025-12-17 15:35:01,bwhite,CREATE_USER,SystemSettings,SUCCESS,909
2025-12-17 19:27:51,clane,LOGOUT,InventoryReport,SUCCESS,4282
2025-12-17 10:57:14,admin,LOGOUT,AuditLogs,SUCCESS,1011
2025-12-17 15:41:38,asmith,LOGOUT,SalesDashboard,SUCCESS,100
2025-12-17 09:35:08,clane,LOGIN,SystemSettings,SUCCESS,1964
2025-12-17 09:40:13,davis,LOGOUT,AuditLogs,SUCCESS,1460
2025-12-17 12:06:43,admin,VIEW_REPORT,InventoryReport,SUCCESS,2542
2025-12-17 11:11:08,bwhite,CREATE_USER,UserManagement,SUCCESS,4834
2025-12-17 16:17:09,admin,VIEW_REPORT,SalesDashboard,SUCCESS,544
2025-12-17 13:29:47,jdoe,ADMIN_CONFIG,AuditLogs,SUCCESS,100
2025-12-17 10:33:15,jdoe,LOGOUT,UserManagement,SUCCESS,2011
2025-12-17 10:07:56,davis,DELETE_USER,SalesDashboard,SUCCESS,128
2025-12-17 16:22:55,bwhite,EXPORT_REPORT,UserManagement,SUCCESS,2305
2025-12-17 19:30:26,davis,LOGIN,SystemSettings,SUCCESS,4596
2025-12-17 12:00:21,asmith,DELETE_USER,SystemSettings,SUCCESS,1999
2025-12-17 15:23:52,bwhite,VIEW_REPORT,InventoryReport,SUCCESS,1737
2025-12-17 02:18:00,davis,EXPORT_REPORT,InventoryReport,SUCCESS,2259
2025-12-17 10:33:53,admin,CREATE_USER,SystemSettings,SUCCESS,4269
2025-12-17 08:17:55,jdoe,LOGIN,InventoryReport,SUCCESS,2818
2025-12-17 16:02:07,bwhite,CREATE_USER,UserManagement,SUCCESS,3784
2025-12-17 15:17:46,bwhite,LOGOUT,AuditLogs,SUCCESS,225
2025-12-17 07:02:43,bwhite,DELETE_USER,InventoryReport,SUCCESS,2314
2025-12-17 08:24:29,asmith,DELETE_USER,SystemSettings,SUCCESS,1922
2025-12-17 12:20:05,davis,LOGIN,InventoryReport,FAILURE,4040
2025-12-17 14:37:33,davis,LOGOUT,AuditLogs,SUCCESS,235
2025-12-17 11:02:07,admin,LOGOUT,UserManagement,SUCCESS,1416
2025-12-17 12:47:56,admin,EXPORT_REPORT,SystemSettings,SUCCESS,594
2025-12-17 10:04:00,asmith,EXPORT_REPORT,SalesDashboard,SUCCESS,3364
2025-12-17 16:55:10,bwhite,LOGIN,UserManagement,SUCCESS,2629
2025-12-17 08:15:20,davis,CREATE_USER,AuditLogs,SUCCESS,2769
2025-12-17 10:25:24,clane,DELETE_USER,SalesDashboard,SUCCESS,1315
2025-12-17 08:05:11,admin,LOGIN,AuditLogs,SUCCESS,2785
2025-12-17 09:34:07,admin,LOGIN,InventoryReport,SUCCESS,1202
2025-12-17 10:52:48,bwhite,LOGOUT,UserManagement,SUCCESS,3523
2025-12-17 17:59:12,admin,VIEW_REPORT,UserManagement,SUCCESS,3637
2025-12-17 10:10:32,asmith,DELETE_USER,SystemSettings,SUCCESS,2244
2025-12-17 09:15:44,admin,LOGIN,UserManagement,SUCCESS,158
2025-12-17 14:03:30,jdoe,EXPORT_REPORT,SystemSettings,SUCCESS,1001
2025-12-17 10:00:44,davis,LOGIN,SalesDashboard,SUCCESS,2933
2025-12-17 08:53:11,asmith,ADMIN_CONFIG,AuditLogs,SUCCESS,2738
2025-12-18 13:48:54,clane,DELETE_USER,SystemSettings,SUCCESS,1980
2025-12-18 10:02:08,admin,VIEW_REPORT,UserManagement,SUCCESS,1957
2025-12-18 10:50:37,davis,LOGOUT,SalesDashboard,SUCCESS,3845
2025-12-18 10:52:29,clane,EXPORT_REPORT,AuditLogs,SUCCESS,2465
2025-12-18 08:50:33,asmith,CREATE_USER,AuditLogs,SUCCESS,3873
2025-12-18 12:19:57,jdoe,VIEW_REPORT,InventoryReport,SUCCESS,1784
2025-12-18 16:00:53,bwhite,ADMIN_CONFIG,SalesDashboard,SUCCESS,575
2025-12-18 10:40:56,bwhite,VIEW_REPORT,InventoryReport,SUCCESS,4360
2025-12-18 10:31:30,davis,LOGIN,AuditLogs,FAILURE,471
2025-12-18 10:22:17,davis,VIEW_REPORT,AuditLogs,SUCCESS,1120
2025-12-18 13:30:18,asmith,VIEW_REPORT,UserManagement,SUCCESS,339
2025-12-18 08:06:51,bwhite,ADMIN_CONFIG,SalesDashboard,SUCCESS,1766
2025-12-18 12:42:21,clane,EXPORT_REPORT,UserManagement,SUCCESS,2788
2025-12-18 12:16:42,admin,DELETE_USER,SystemSettings,SUCCESS,2553
2025-12-18 12:58:32,jdoe,ADMIN_CONFIG,InventoryReport,SUCCESS,1123
2025-12-18 15:03:11,clane,DELETE_USER,AuditLogs,SUCCESS,3057
2025-12-18 13:26:25,admin,LOGIN,SalesDashboard,SUCCESS,2096
2025-12-18 11:06:59,clane,ADMIN_CONFIG,SalesDashboard,SUCCESS,3568
2025-12-18 15:42:59,admin,LOGIN,SystemSettings,SUCCESS,3277
2025-12-18 09:36:46,clane,LOGOUT,UserManagement,SUCCESS,4468
2025-12-18 15:55:40,admin,LOGIN,SalesDashboard,SUCCESS,3582
2025-12-18 11:13:19,jdoe,LOGOUT,AuditLogs,SUCCESS,1123
2025-12-18 11:17:47,jdoe,EXPORT_REPORT,AuditLogs,SUCCESS,4197
2025-12-18 16:21:54,jdoe,LOGIN,AuditLogs,SUCCESS,1008
2025-12-18 11:16:19,davis,VIEW_REPORT,UserManagement,SUCCESS,2742
2025-12-18 11:27:58,admin,EXPORT_REPORT,InventoryReport,SUCCESS,3347
2025-12-18 11:51:42,admin,LOGIN,SalesDashboard,SUCCESS,3208
2025-12-18 14:28:07,davis,CREATE_USER,SystemSettings,SUCCESS,1579
2025-12-18 10:34:23,asmith,CREATE_USER,InventoryReport,SUCCESS,1107
2025-12-18 14:26:31,asmith,LOGOUT,AuditLogs,SUCCESS,2913
2025-12-18 22:39:30,jdoe,CREATE_USER,AuditLogs,SUCCESS,1897
2025-12-18 12:54:28,admin,LOGIN,UserManagement,SUCCESS,3602
2025-12-18 10:31:55,clane,LOGIN,SystemSettings,SUCCESS,3169
2025-12-18 18:47:37,davis,ADMIN_CONFIG,InventoryReport,SUCCESS,4277
2025-12-18 09:10:43,clane,EXPORT_REPORT,InventoryReport,SUCCESS,3890
2025-12-18 10:33:25,jdoe,LOGOUT,SystemSettings,SUCCESS,88
2025-12-18 09:10:09,davis,LOGIN,AuditLogs,SUCCESS,443
2025-12-18 16:56:34,jdoe,ADMIN_CONFIG,InventoryReport,SUCCESS,3852
2025-12-18 09:46:58,asmith,CREATE_USER,AuditLogs,SUCCESS,1454
2025-12-18 10:07:22,admin,LOGOUT,SystemSettings,SUCCESS,4214
2025-12-18 13:38:23,jdoe,VIEW_REPORT,AuditLogs,SUCCESS,1826
2025-12-18 09:10:57,jdoe,VIEW_REPORT,AuditLogs,SUCCESS,2630
2025-12-18 08:18:43,davis,LOGOUT,UserManagement,SUCCESS,1294
2025-12-18 10:33:34,asmith,VIEW_REPORT,SalesDashboard,SUCCESS,2602
2025-12-18 16:49:31,davis,DELETE_USER,InventoryReport,SUCCESS,4683
2025-12-18 14:39:41,clane,ADMIN_CONFIG,SalesDashboard,SUCCESS,3452
2025-12-18 12:46:22,jdoe,EXPORT_REPORT,AuditLogs,SUCCESS,1967
2025-12-18 15:42:37,davis,LOGIN,SystemSettings,SUCCESS,11
2025-12-18 12:29:25,admin,DELETE_USER,AuditLogs,SUCCESS,2844
2025-12-18 20:33:56,admin,LOGOUT,SalesDashboard,SUCCESS,2101
2025-12-18 09:09:58,bwhite,ADMIN_CONFIG,InventoryReport,SUCCESS,4785
2025-12-18 16:34:41,bwhite,LOGIN,SystemSettings,SUCCESS,4814
2025-12-18 14:53:38,davis,ADMIN_CONFIG,AuditLogs,FAILURE,2360
2025-12-18 11:04:55,davis,ADMIN_CONFIG,InventoryReport,SUCCESS,4457
2025-12-18 14:04:46,asmith,LOGOUT,InventoryReport,SUCCESS,3573
2025-12-18 07:52:20,davis,DELETE_USER,AuditLogs,SUCCESS,2093
2025-12-18 11:28:10,jdoe,VIEW_REPORT,SalesDashboard,SUCCESS,873
2025-12-18 23:19:15,clane,CREATE_USER,SalesDashboard,SUCCESS,2298
2025-12-18 13:53:20,bwhite,EXPORT_REPORT,SalesDashboard,SUCCESS,4520
2025-12-18 07:05:58,davis,ADMIN_CONFIG,SystemSettings,SUCCESS,1040
2025-12-18 19:49:03,bwhite,LOGOUT,UserManagement,SUCCESS,1651
2025-12-18 08:56:23,bwhite,CREATE_USER,SalesDashboard,SUCCESS,2204
2025-12-18 06:49:06,admin,ADMIN_CONFIG,AuditLogs,FAILURE,3029
2025-12-18 13:40:41,jdoe,DELETE_USER,SalesDashboard,FAILURE,3637
2025-12-18 09:01:35,clane,ADMIN_CONFIG,InventoryReport,SUCCESS,1376
2025-12-18 11:47:09,asmith,EXPORT_REPORT,UserManagement,SUCCESS,1105
2025-12-18 15:58:22,davis,EXPORT_REPORT,SystemSettings,SUCCESS,542
2025-12-18 15:06:59,clane,LOGOUT,InventoryReport,SUCCESS,895
2025-12-18 11:20:29,admin,LOGIN,AuditLogs,SUCCESS,1548
2025-12-18 10:27:04,davis,LOGOUT,UserManagement,SUCCESS,267
2025-12-18 13:50:29,admin,VIEW_REPORT,UserManagement,SUCCESS,4143
2025-12-18 03:23:58,admin,VIEW_REPORT,SalesDashboard,SUCCESS,4348
2025-12-18 15:48:56,admin,LOGOUT,SystemSettings,SUCCESS,1044
2025-12-18 08:45:16,jdoe,LOGOUT,UserManagement,SUCCESS,1788
2025-12-18 23:53:17,bwhite,DELETE_USER,SalesDashboard,SUCCESS,4073
2025-12-18 09:12:31,bwhite,EXPORT_REPORT,InventoryReport,SUCCESS,1050
2025-12-18 09:10:34,davis,CREATE_USER,InventoryReport,SUCCESS,3810
2025-12-18 08:31:43,asmith,ADMIN_CONFIG,UserManagement,SUCCESS,539
2025-12-18 12:18:47,davis,LOGIN,SystemSettings,SUCCESS,4245
2025-12-18 10:19:37,bwhite,LOGIN,SalesDashboard,SUCCESS,4454
2025-12-18 15:22:40,davis,LOGOUT,InventoryReport,SUCCESS,709
2025-12-18 12:09:18,jdoe,VIEW_REPORT,UserManagement,SUCCESS,1252
2025-12-18 09:19:24,asmith,LOGOUT,SalesDashboard,SUCCESS,4569
2025-12-18 14:56:19,clane,LOGIN,SalesDashboard,FAILURE,1868
2025-12-18 16:06:40,bwhite,LOGIN,SalesDashboard,SUCCESS,1641
2025-12-19 08:32:52,davis,ADMIN_CONFIG,InventoryReport,SUCCESS,1799
2025-12-19 15:55:40,clane,DELETE_USER,AuditLogs,SUCCESS,4290
2025-12-19 11:06:27,davis,EXPORT_REPORT,AuditLogs,SUCCESS,737
2025-12-19 08:55:35,asmith,LOGOUT,UserManagement,SUCCESS,670
2025-12-19 08:27:32,asmith,DELETE_USER,UserManagement,SUCCESS,3824
2025-12-19 09:49:38,davis,LOGIN,UserManagement,SUCCESS,467
2025-12-19 15:37:15,bwhite,LOGOUT,SystemSettings,SUCCESS,2106
2025-12-19 10:07:27,jdoe,LOGIN,UserManagement,SUCCESS,1143
2025-12-19 17:58:58,bwhite,CREATE_USER,InventoryReport,SUCCESS,3349
2025-12-19 10:13:10,asmith,ADMIN_CONFIG,InventoryReport,SUCCESS,3896
2025-12-19 12:38:37,jdoe,LOGOUT,UserManagement,SUCCESS,260
2025-12-19 16:43:17,davis,EXPORT_REPORT,InventoryReport,SUCCESS,4966
2025-12-19 10:10:29,davis,ADMIN_CONFIG,AuditLogs,SUCCESS,3067
2025-12-19 12:10:16,davis,LOGIN,UserManagement,SUCCESS,4533
2025-12-19 14:41:36,bwhite,CREATE_USER,InventoryReport,SUCCESS,1935
2025-12-19 23:21:58,jdoe,LOGIN,InventoryReport,SUCCESS,4040
2025-12-19 14:53:41,davis,CREATE_USER,UserManagement,SUCCESS,4909
2025-12-19 09:52:57,davis,LOGOUT,UserManagement,SUCCESS,4774
2025-12-19 02:32:31,asmith,VIEW_REPORT,SystemSettings,SUCCESS,3849
2025-12-19 14:03:26,jdoe,EXPORT_REPORT,AuditLogs,SUCCESS,3517
2025-12-19 09:51:21,bwhite,VIEW_REPORT,SystemSettings,SUCCESS,2181
2025-12-19 16:46:14,asmith,EXPORT_REPORT,UserManagement,SUCCESS,772
2025-12-19 10:17:00,asmith,ADMIN_CONFIG,SystemSettings,SUCCESS,1365
2025-12-19 09:52:28,bwhite,EXPORT_REPORT,SalesDashboard,SUCCESS,4748
2025-12-19 12:38:28,clane,EXPORT_REPORT,SalesDashboard,SUCCESS,1473
2025-12-19 11:31:57,jdoe,EXPORT_REPORT,AuditLogs,SUCCESS,3284
2025-12-19 21:29:21,asmith,CREATE_USER,UserManagement,SUCCESS,3232
2025-12-19 20:57:39,clane,VIEW_REPORT,SalesDashboard,SUCCESS,396
2025-12-19 08:39:24,clane,EXPORT_REPORT,AuditLogs,SUCCESS,692
2025-12-19 12:49:04,bwhite,EXPORT_REPORT,SystemSettings,SUCCESS,2919
2025-12-19 16:28:35,davis,LOGIN,SystemSettings,SUCCESS,3008
2025-12-19 14:38:14,davis,DELETE_USER,UserManagement,SUCCESS,2863
2025-12-19 09:49:08,bwhite,CREATE_USER,SalesDashboard,SUCCESS,941
2025-12-19 14:10:28,asmith,DELETE_USER,UserManagement,SUCCESS,1231
2025-12-19 09:37:56,admin,LOGOUT,SalesDashboard,SUCCESS,1700
2025-12-19 09:57:44,jdoe,EXPORT_REPORT,UserManagement,SUCCESS,748
2025-12-19 10:01:40,jdoe,LOGIN,AuditLogs,FAILURE,739
2025-12-19 11:48:57,bwhite,DELETE_USER,AuditLogs,SUCCESS,3397
2025-12-19 11:32:01,davis,CREATE_USER,InventoryReport,FAILURE,3369
2025-12-19 08:07:46,admin,VIEW_REPORT,SystemSettings,SUCCESS,2511
2025-12-19 15:13:58,asmith,VIEW_REPORT,SystemSettings,SUCCESS,2836
2025-12-19 23:20:02,clane,LOGIN,InventoryReport,SUCCESS,1490
2025-12-19 15:27:46,davis,LOGOUT,AuditLogs,FAILURE,4822
2025-12-19 11:16:40,asmith,CREATE_USER,SystemSettings,FAILURE,1439
2025-12-19 02:10:18,clane,ADMIN_CONFIG,SystemSettings,SUCCESS,4445
2025-12-19 16:48:38,davis,DELETE_USER,InventoryReport,SUCCESS,2681
2025-12-19 12:10:31,davis,CREATE_USER,UserManagement,SUCCESS,4061
2025-12-19 15:43:22,davis,LOGOUT,AuditLogs,SUCCESS,4497
2025-12-19 11:49:53,davis,EXPORT_REPORT,SalesDashboard,SUCCESS,2338
2025-12-19 11:46:35,davis,DELETE_USER,AuditLogs,SUCCESS,4822
2025-12-19 13:12:53,jdoe,LOGIN,UserManagement,SUCCESS,4830
2025-12-19 13:20:38,clane,VIEW_REPORT,SystemSettings,SUCCESS,23
2025-12-19 14:23:31,asmith,EXPORT_REPORT,SalesDashboard,SUCCESS,2049
2025-12-19 09:38:33,clane,ADMIN_CONFIG,UserManagement,SUCCESS,740
2025-12-19 16:58:02,admin,VIEW_REPORT,AuditLogs,SUCCESS,2457
2025-12-19 14:43:29,clane,DELETE_USER,InventoryReport,SUCCESS,2073
2025-12-19 01:22:51,davis,LOGOUT,InventoryReport,SUCCESS,4052
2025-12-19 14:11:06,davis,CREATE_USER,SystemSettings,SUCCESS,4341
2025-12-19 08:28:44,asmith,ADMIN_CONFIG,UserManagement,SUCCESS,4258
2025-12-19 13:27:37,admin,VIEW_REPORT,AuditLogs,SUCCESS,821
2025-12-19 10:38:38,clane,EXPORT_REPORT,AuditLogs,SUCCESS,294
2025-12-19 12:31:13,bwhite,CREATE_USER,SystemSettings,SUCCESS,2062
2025-12-19 08:52:08,asmith,DELETE_USER,UserManagement,SUCCESS,1645
2025-12-19 14:30:50,clane,CREATE_USER,SalesDashboard,SUCCESS,855
2025-12-19 13:13:28,bwhite,LOGOUT,AuditLogs,SUCCESS,1680
2025-12-19 14:14:00,asmith,ADMIN_CONFIG,InventoryReport,FAILURE,2096
2025-12-19 16:31:34,bwhite,EXPORT_REPORT,AuditLogs,SUCCESS,2233
2025-12-19 16:04:37,bwhite,LOGIN,SalesDashboard,FAILURE,4651
2025-12-19 13:25:35,jdoe,LOGOUT,AuditLogs,SUCCESS,769
2025-12-19 12:14:51,asmith,DELETE_USER,SystemSettings,SUCCESS,1141
2025-12-19 07:40:46,clane,DELETE_USER,AuditLogs,SUCCESS,4037
2025-12-19 11:03:00,admin,ADMIN_CONFIG,AuditLogs,SUCCESS,3288
2025-12-19 19:20:02,admin,EXPORT_REPORT,SystemSettings,SUCCESS,2954
2025-12-19 17:56:32,jdoe,ADMIN_CONFIG,AuditLogs,SUCCESS,1048
2025-12-19 14:01:41,jdoe,LOGIN,InventoryReport,SUCCESS,828
2025-12-19 14:03:28,jdoe,VIEW_REPORT,UserManagement,SUCCESS,468
2025-12-19 05:54:13,davis,EXPORT_REPORT,AuditLogs,SUCCESS,4256
2025-12-19 09:23:46,admin,LOGIN,InventoryReport,SUCCESS,635
2025-12-19 12:34:29,admin,LOGOUT,InventoryReport,SUCCESS,2584
2025-12-19 16:42:55,bwhite,EXPORT_REPORT,InventoryReport,SUCCESS,2554
2025-12-19 03:32:46,asmith,ADMIN_CONFIG,InventoryReport,SUCCESS,4604
2025-12-19 08:46:30,clane,DELETE_USER,SystemSettings,SUCCESS,1129
2025-12-19 12:24:54,bwhite,ADMIN_CONFIG,UserManagement,SUCCESS,4539
2025-12-19 21:11:31,bwhite,EXPORT_REPORT,SystemSettings,SUCCESS,2658
2025-12-19 08:37:35,davis,CREATE_USER,InventoryReport,SUCCESS,2978
2025-12-19 07:07:19,admin,ADMIN_CONFIG,SystemSettings,SUCCESS,3660
2025-12-19 12:32:08,davis,LOGIN,InventoryReport,FAILURE,809
2025-12-19 10:44:15,davis,LOGIN,InventoryReport,SUCCESS,840
2025-12-19 09:46:07,davis,CREATE_USER,SalesDashboard,SUCCESS,892
2025-12-19 11:05:56,clane,DELETE_USER,AuditLogs,FAILURE,2546
2025-12-19 12:12:51,davis,LOGOUT,AuditLogs,SUCCESS,2072
2025-12-19 04:03:27,clane,CREATE_USER,SalesDashboard,SUCCESS,585
2025-12-19 15:02:46,bwhite,EXPORT_REPORT,SalesDashboard,SUCCESS,2942
2025-12-19 13:25:46,bwhite,VIEW_REPORT,AuditLogs,SUCCESS,3335
2025-12-19 13:52:54,davis,CREATE_USER,UserManagement,SUCCESS,4388
2025-12-19 10:29:09,admin,EXPORT_REPORT,SystemSettings,SUCCESS,3124
2025-12-19 09:40:23,jdoe,LOGOUT,InventoryReport,SUCCESS,2740
2025-12-19 15:42:51,bwhite,ADMIN_CONFIG,SystemSettings,SUCCESS,4378
2025-12-19 15:06:59,jdoe,EXPORT_REPORT,AuditLogs,SUCCESS,3457
2025-12-19 12:09:06,jdoe,EXPORT_REPORT,SystemSettings,SUCCESS,1403
2025-12-19 08:35:32,admin,LOGOUT,SystemSettings,SUCCESS,3337
2025-12-19 08:00:01,jdoe,LOGOUT,InventoryReport,SUCCESS,3985
2025-12-20 11:23:06,davis,LOGIN,UserManagement,SUCCESS,4224
2025-12-20 21:33:30,jdoe,CREATE_USER,SystemSettings,SUCCESS,2707
2025-12-20 22:49:27,asmith,ADMIN_CONFIG,InventoryReport,SUCCESS,3770
2025-12-20 23:59:09,bwhite,DELETE_USER,AuditLogs,SUCCESS,2015
2025-12-20 17:04:56,clane,VIEW_REPORT,InventoryReport,SUCCESS,4673
2025-12-20 23:42:41,bwhite,CREATE_USER,InventoryReport,SUCCESS,3636
2025-12-20 02:03:46,jdoe,LOGOUT,AuditLogs,SUCCESS,4935
2025-12-20 05:49:23,bwhite,CREATE_USER,AuditLogs,SUCCESS,348
2025-12-20 02:43:18,jdoe,DELETE_USER,UserManagement,FAILURE,4263
2025-12-20 07:26:14,bwhite,LOGIN,InventoryReport,SUCCESS,3894
2025-12-20 08:39:25,davis,LOGOUT,SystemSettings,SUCCESS,4272
2025-12-20 03:47:43,bwhite,VIEW_REPORT,InventoryReport,SUCCESS,3925
2025-12-20 13:04:02,clane,DELETE_USER,UserManagement,SUCCESS,20
2025-12-20 23:20:34,davis,EXPORT_REPORT,UserManagement,SUCCESS,3511
2025-12-21 00:27:54,jdoe,EXPORT_REPORT,AuditLogs,SUCCESS,289
2025-12-21 11:08:21,davis,LOGOUT,AuditLogs,SUCCESS,894
2025-12-21 22:43:53,clane,VIEW_REPORT,AuditLogs,SUCCESS,1488
2025-12-21 13:57:54,clane,EXPORT_REPORT,SalesDashboard,SUCCESS,546
2025-12-21 04:56:07,jdoe,VIEW_REPORT,UserManagement,SUCCESS,2376
2025-12-21 05:55:00,jdoe,CREATE_USER,UserManagement,SUCCESS,161
2025-12-21 07:02:32,bwhite,DELETE_USER,SystemSettings,SUCCESS,2115
2025-12-21 01:05:20,admin,CREATE_USER,AuditLogs,SUCCESS,2440
2025-12-21 18:07:16,clane,DELETE_USER,AuditLogs,FAILURE,1449
2025-12-21 04:00:03,asmith,CREATE_USER,SystemSettings,SUCCESS,2565
2025-12-21 10:52:37,clane,DELETE_USER,InventoryReport,SUCCESS,4457
2025-12-22 12:09:53,davis,LOGIN,InventoryReport,SUCCESS,1542
2025-12-22 11:44:28,clane,ADMIN_CONFIG,SystemSettings,SUCCESS,1305
2025-12-22 05:55:37,asmith,ADMIN_CONFIG,InventoryReport,SUCCESS,4294
2025-12-22 14:25:39,admin,ADMIN_CONFIG,AuditLogs,SUCCESS,4411
2025-12-22 10:25:09,bwhite,DELETE_USER,InventoryReport,SUCCESS,4873
2025-12-22 09:17:02,davis,CREATE_USER,SystemSettings,SUCCESS,3808
2025-12-22 14:12:35,asmith,LOGOUT,SystemSettings,SUCCESS,2102
2025-12-22 08:29:30,clane,LOGOUT,SalesDashboard,SUCCESS,3295
2025-12-22 11:30:32,admin,CREATE_USER,AuditLogs,SUCCESS,710
2025-12-22 13:13:43,bwhite,VIEW_REPORT,SystemSettings,SUCCESS,4322
2025-12-22 12:28:32,davis,DELETE_USER,AuditLogs,SUCCESS,4006
2025-12-22 03:10:56,clane,VIEW_REPORT,AuditLogs,SUCCESS,4952
2025-12-22 05:24:32,admin,LOGOUT,UserManagement,SUCCESS,4348
2025-12-22 12:10:36,bwhite,DELETE_USER,SalesDashboard,SUCCESS,2652
2025-12-22 14:19:56,davis,CREATE_USER,AuditLogs,SUCCESS,4774
2025-12-22 15:16:47,clane,DELETE_USER,InventoryReport,SUCCESS,1805
2025-12-22 12:56:07,admin,LOGIN,SystemSettings,SUCCESS,2929
2025-12-22 12:07:11,davis,LOGOUT,SystemSettings,SUCCESS,836
2025-12-22 00:40:51,clane,ADMIN_CONFIG,SystemSettings,SUCCESS,505
2025-12-22 10:40:46,admin,LOGIN,UserManagement,SUCCESS,4567
2025-12-22 10:52:04,admin,LOGOUT,SystemSettings,SUCCESS,3993
2025-12-22 03:46:08,davis,EXPORT_REPORT,UserManagement,SUCCESS,939
2025-12-22 15:22:40,admin,LOGIN,UserManagement,SUCCESS,1590
2025-12-22 00:45:15,jdoe,LOGIN,SalesDashboard,SUCCESS,3130
2025-12-22 11:31:29,clane,ADMIN_CONFIG,UserManagement,SUCCESS,3115
2025-12-22 22:08:36,admin,EXPORT_REPORT,AuditLogs,SUCCESS,4895
2025-12-22 17:56:35,clane,VIEW_REPORT,SystemSettings,SUCCESS,1995
2025-12-22 16:26:57,asmith,LOGOUT,SalesDashboard,SUCCESS,2795
2025-12-22 17:45:38,davis,EXPORT_REPORT,SystemSettings,SUCCESS,565
2025-12-22 13:35:44,clane,DELETE_USER,SalesDashboard,SUCCESS,795
2025-12-22 14:37:50,bwhite,ADMIN_CONFIG,InventoryReport,FAILURE,4735
2025-12-22 15:48:48,asmith,ADMIN_CONFIG,SystemSettings,SUCCESS,1161
2025-12-22 14:58:27,asmith,EXPORT_REPORT,InventoryReport,SUCCESS,1301
2025-12-22 09:46:22,bwhite,ADMIN_CONFIG,AuditLogs,SUCCESS,2551
2025-12-22 14:13:01,asmith,DELETE_USER,UserManagement,SUCCESS,2089
2025-12-22 10:30:37,clane,VIEW_REPORT,SystemSettings,SUCCESS,4183
2025-12-22 12:41:27,jdoe,LOGIN,AuditLogs,SUCCESS,390
2025-12-22 11:56:31,davis,LOGOUT,AuditLogs,SUCCESS,4823
2025-12-22 11:53:20,bwhite,EXPORT_REPORT,SystemSettings,SUCCESS,59
2025-12-22 15:25:50,admin,EXPORT_REPORT,AuditLogs,SUCCESS,3251
2025-12-22 12:32:58,clane,VIEW_REPORT,SystemSettings,SUCCESS,4626
2025-12-22 11:38:02,asmith,CREATE_USER,InventoryReport,SUCCESS,1241
2025-12-22 15:52:53,admin,ADMIN_CONFIG,InventoryReport,SUCCESS,3851
2025-12-22 12:36:59,asmith,EXPORT_REPORT,AuditLogs,SUCCESS,4910
2025-12-22 08:55:24,admin,LOGIN,InventoryReport,SUCCESS,4985
2025-12-22 13:23:52,jdoe,CREATE_USER,InventoryReport,SUCCESS,4326
2025-12-22 15:11:43,asmith,LOGIN,SystemSettings,SUCCESS,540
2025-12-22 11:38:19,jdoe,VIEW_REPORT,UserManagement,SUCCESS,4797
2025-12-22 21:23:55,bwhite,LOGIN,UserManagement,SUCCESS,699
2025-12-22 09:02:58,asmith,ADMIN_CONFIG,InventoryReport,SUCCESS,4393
2025-12-22 16:32:03,davis,DELETE_USER,InventoryReport,SUCCESS,2069
2025-12-22 10:35:33,asmith,CREATE_USER,SystemSettings,SUCCESS,4787
2025-12-22 11:26:10,clane,ADMIN_CONFIG,InventoryReport,SUCCESS,2935
2025-12-22 08:23:43,davis,ADMIN_CONFIG,UserManagement,SUCCESS,511
2025-12-22 16:45:32,davis,CREATE_USER,InventoryReport,SUCCESS,436
2025-12-22 16:24:11,admin,LOGIN,SystemSettings,SUCCESS,537
2025-12-22 16:21:51,clane,ADMIN_CONFIG,InventoryReport,SUCCESS,2446
2025-12-22 14:16:01,asmith,LOGIN,AuditLogs,SUCCESS,3736
2025-12-22 11:26:09,admin,LOGIN,AuditLogs,SUCCESS,809
2025-12-22 10:15:06,admin,ADMIN_CONFIG,AuditLogs,SUCCESS,2973
2025-12-22 13:01:01,clane,DELETE_USER,UserManagement,SUCCESS,2085
2025-12-22 10:05:25,asmith,VIEW_REPORT,SalesDashboard,FAILURE,1392
2025-12-22 11:52:42,asmith,CREATE_USER,InventoryReport,SUCCESS,3588
2025-12-22 08:16:54,clane,LOGIN,UserManagement,SUCCESS,3466
2025-12-22 15:21:30,asmith,LOGIN,UserManagement,SUCCESS,3123
2025-12-22 10:19:31,admin,DELETE_USER,UserManagement,SUCCESS,1802
2025-12-22 09:37:27,jdoe,CREATE_USER,AuditLogs,SUCCESS,2875
2025-12-22 10:56:12,admin,EXPORT_REPORT,InventoryReport,FAILURE,4278
2025-12-22 12:03:34,asmith,EXPORT_REPORT,SalesDashboard,SUCCESS,2939
2025-12-22 10:43:19,jdoe,LOGOUT,InventoryReport,SUCCESS,415
2025-12-22 10:07:23,clane,EXPORT_REPORT,AuditLogs,SUCCESS,279
2025-12-22 07:28:50,admin,CREATE_USER,SalesDashboard,SUCCESS,1961
2025-12-22 16:31:05,jdoe,LOGOUT,InventoryReport,SUCCESS,3615
2025-12-22 06:03:49,clane,CREATE_USER,AuditLogs,SUCCESS,1975
2025-12-22 10:33:37,davis,ADMIN_CONFIG,SystemSettings,SUCCESS,1948
2025-12-22 15:52:56,clane,LOGIN,UserManagement,SUCCESS,4396
2025-12-22 15:55:20,bwhite,LOGIN,InventoryReport,FAILURE,3707
2025-12-22 11:26:10,bwhite,CREATE_USER,SystemSettings,SUCCESS,562
2025-12-22 08:33:50,asmith,LOGOUT,AuditLogs,SUCCESS,4557
2025-12-22 08:49:19,clane,ADMIN_CONFIG,SalesDashboard,SUCCESS,235
2025-12-22 08:07:37,davis,ADMIN_CONFIG,UserManagement,SUCCESS,2352
2025-12-22 01:23:42,asmith,CREATE_USER,InventoryReport,SUCCESS,1159
2025-12-22 14:53:21,admin,LOGIN,SystemSettings,SUCCESS,4238
2025-12-22 15:36:31,davis,LOGIN,SalesDashboard,SUCCESS,2245
2025-12-22 16:14:08,jdoe,ADMIN_CONFIG,SystemSettings,SUCCESS,1580
2025-12-22 14:58:52,jdoe,ADMIN_CONFIG,InventoryReport,FAILURE,2178
2025-12-22 12:47:15,davis,LOGOUT,SalesDashboard,SUCCESS,1344
2025-12-22 21:42:24,bwhite,VIEW_REPORT,UserManagement,SUCCESS,494
2025-12-22 15:17:47,admin,LOGIN,SalesDashboard,FAILURE,3198
2025-12-22 16:02:53,bwhite,LOGOUT,InventoryReport,SUCCESS,4530
2025-12-22 13:20:13,clane,VIEW_REPORT,AuditLogs,SUCCESS,2738
2025-12-22 11:08:35,clane,CREATE_USER,SalesDashboard,SUCCESS,1259
2025-12-22 13:37:04,clane,EXPORT_REPORT,UserManagement,SUCCESS,1275
2025-12-22 07:18:22,bwhite,LOGOUT,UserManagement,SUCCESS,1986
2025-12-22 07:51:41,clane,LOGOUT,UserManagement,SUCCESS,1982
2025-12-22 13:26:14,admin,LOGIN,InventoryReport,SUCCESS,487
2025-12-22 12:50:21,clane,LOGOUT,SystemSettings,SUCCESS,1417
2025-12-22 11:35:39,asmith,LOGOUT,SalesDashboard,SUCCESS,4251
2025-12-22 15:35:22,jdoe,VIEW_REPORT,UserManagement,SUCCESS,4034
2025-12-22 21:36:05,asmith,EXPORT_REPORT,AuditLogs,SUCCESS,1304
2025-12-22 01:56:58,bwhite,LOGIN,AuditLogs,SUCCESS,3092
2025-12-22 12:27:11,jdoe,DELETE_USER,InventoryReport,SUCCESS,4215
2025-12-22 14:42:44,jdoe,EXPORT_REPORT,SystemSettings,SUCCESS,1270
2025-12-22 10:36:20,asmith,ADMIN_CONFIG,SystemSettings,SUCCESS,2336
2025-12-22 10:18:02,admin,CREATE_USER,AuditLogs,SUCCESS,3355
2025-12-22 15:50:00,davis,DELETE_USER,UserManagement,SUCCESS,3793
2025-12-22 16:40:26,davis,DELETE_USER,UserManagement,SUCCESS,2407
2025-12-22 08:30:02,davis,EXPORT_REPORT,UserManagement,SUCCESS,2018
2025-12-22 17:23:51,clane,DELETE_USER,SystemSettings,SUCCESS,4386
2025-12-22 13:01:47,admin,DELETE_USER,SalesDashboard,SUCCESS,4285
2025-12-22 14:08:57,jdoe,LOGOUT,InventoryReport,SUCCESS,1775
2025-12-22 09:08:57,bwhite,EXPORT_REPORT,SystemSettings,SUCCESS,866
2025-12-22 10:10:41,davis,ADMIN_CONFIG,SalesDashboard,SUCCESS,4727
2025-12-22 00:32:47,jdoe,LOGIN,UserManagement,SUCCESS,4450
2025-12-22 09:47:12,admin,DELETE_USER,AuditLogs,SUCCESS,4587
2025-12-22 08:51:13,admin,LOGOUT,AuditLogs,SUCCESS,3399
2025-12-22 11:29:15,bwhite,LOGIN,AuditLogs,SUCCESS,3813
2025-12-22 13:34:13,asmith,VIEW_REPORT,AuditLogs,SUCCESS,4631
2025-12-22 04:06:08,bwhite,LOGIN,InventoryReport,SUCCESS,4248
2025-12-22 13:03:48,davis,LOGOUT,SalesDashboard,SUCCESS,1375
2025-12-22 11:52:22,clane,LOGIN,InventoryReport,SUCCESS,2292
2025-12-22 12:43:28,admin,DELETE_USER,SalesDashboard,SUCCESS,462
2025-12-22 14:34:12,jdoe,LOGIN,InventoryReport,SUCCESS,1647
2025-12-22 14:34:44,jdoe,EXPORT_REPORT,InventoryReport,SUCCESS,1007
2025-12-22 11:03:11,admin,LOGIN,InventoryReport,SUCCESS,3654
2025-12-23 11:44:15,jdoe,LOGIN,SalesDashboard,SUCCESS,4345
2025-12-23 11:44:18,clane,DELETE_USER,SalesDashboard,FAILURE,1854
2025-12-23 09:35:55,davis,EXPORT_REPORT,UserManagement,SUCCESS,2871
2025-12-23 13:42:24,jdoe,VIEW_REPORT,UserManagement,FAILURE,3662
2025-12-23 09:41:40,jdoe,LOGIN,UserManagement,SUCCESS,1875
2025-12-23 15:14:12,admin,DELETE_USER,InventoryReport,SUCCESS,1987
2025-12-23 11:40:05,davis,CREATE_USER,AuditLogs,SUCCESS,1509
2025-12-23 10:48:44,davis,LOGIN,InventoryReport,SUCCESS,4167
2025-12-23 09:27:08,asmith,LOGOUT,UserManagement,SUCCESS,1232
2025-12-23 09:27:39,davis,LOGOUT,UserManagement,SUCCESS,1289
2025-12-23 15:06:16,davis,ADMIN_CONFIG,InventoryReport,SUCCESS,1189
2025-12-23 16:05:38,clane,ADMIN_CONFIG,SalesDashboard,SUCCESS,810
2025-12-23 09:54:15,admin,VIEW_REPORT,UserManagement,SUCCESS,1324
2025-12-23 14:23:51,admin,LOGIN,InventoryReport,SUCCESS,1483
2025-12-23 15:14:25,bwhite,LOGOUT,AuditLogs,SUCCESS,2294
2025-12-23 11:30:00,bwhite,LOGIN,AuditLogs,SUCCESS,2206
2025-12-23 11:59:49,asmith,EXPORT_REPORT,SalesDashboard,SUCCESS,3222
2025-12-23 14:23:56,jdoe,DELETE_USER,SystemSettings,SUCCESS,3480
2025-12-23 14:29:32,bwhite,LOGOUT,UserManagement,SUCCESS,4301
2025-12-23 12:18:17,bwhite,EXPORT_REPORT,UserManagement,SUCCESS,1928
2025-12-23 14:16:42,davis,DELETE_USER,SystemSettings,SUCCESS,781
2025-12-23 15:27:52,bwhite,LOGIN,SalesDashboard,SUCCESS,2583
2025-12-23 13:39:09,clane,LOGIN,InventoryReport,SUCCESS,1173
2025-12-23 08:41:57,clane,DELETE_USER,AuditLogs,SUCCESS,1555
2025-12-23 16:36:22,admin,ADMIN_CONFIG,InventoryReport,SUCCESS,392
2025-12-23 09:06:32,jdoe,EXPORT_REPORT,InventoryReport,SUCCESS,264
2025-12-23 08:32:50,asmith,CREATE_USER,SalesDashboard,SUCCESS,3337
2025-12-23 13:50:13,jdoe,LOGOUT,InventoryReport,SUCCESS,4169
2025-12-23 16:20:07,clane,ADMIN_CONFIG,SystemSettings,SUCCESS,4224
2025-12-23 13:03:51,jdoe,LOGOUT,SalesDashboard,SUCCESS,2236
2025-12-23 14:00:30,asmith,DELETE_USER,UserManagement,SUCCESS,41
2025-12-23 10:12:44,admin,EXPORT_REPORT,SalesDashboard,FAILURE,1285
2025-12-23 13:04:59,asmith,ADMIN_CONFIG,InventoryReport,SUCCESS,4429
2025-12-23 13:04:39,bwhite,DELETE_USER,UserManagement,SUCCESS,701
2025-12-23 11:15:08,jdoe,VIEW_REPORT,SalesDashboard,SUCCESS,4512
2025-12-23 09:47:33,jdoe,CREATE_USER,InventoryReport,SUCCESS,2846
2025-12-23 10:16:28,bwhite,VIEW_REPORT,AuditLogs,SUCCESS,458
2025-12-23 15:22:24,clane,CREATE_USER,AuditLogs,FAILURE,510
2025-12-23 12:33:44,davis,DELETE_USER,AuditLogs,SUCCESS,2698
2025-12-23 14:12:37,davis,ADMIN_CONFIG,InventoryReport,SUCCESS,4522
2025-12-23 16:42:58,davis,CREATE_USER,SalesDashboard,SUCCESS,3474
2025-12-23 16:26:35,asmith,DELETE_USER,AuditLogs,SUCCESS,901
2025-12-23 02:56:23,asmith,ADMIN_CONFIG,SalesDashboard,SUCCESS,4336
2025-12-23 14:15:16,admin,LOGOUT,SalesDashboard,SUCCESS,3431
2025-12-23 13:23:18,davis,VIEW_REPORT,InventoryReport,SUCCESS,4017
2025-12-23 16:14:08,jdoe,LOGOUT,SystemSettings,SUCCESS,3641
2025-12-23 08:10:11,asmith,EXPORT_REPORT,UserManagement,SUCCESS,2940
2025-12-23 14:52:54,clane,EXPORT_REPORT,SalesDashboard,SUCCESS,562
2025-12-23 10:54:15,davis,EXPORT_REPORT,SalesDashboard,SUCCESS,3832
2025-12-23 07:57:47,davis,EXPORT_REPORT,SalesDashboard,SUCCESS,3841
2025-12-23 13:57:43,asmith,ADMIN_CONFIG,SalesDashboard,FAILURE,368
2025-12-23 12:22:26,asmith,VIEW_REPORT,SalesDashboard,SUCCESS,4351
2025-12-23 10:40:23,bwhite,LOGIN,SalesDashboard,SUCCESS,3280
2025-12-23 19:14:53,bwhite,VIEW_REPORT,SalesDashboard,SUCCESS,4222
2025-12-23 15:20:36,asmith,LOGOUT,SystemSettings,SUCCESS,1537
2025-12-23 12:49:29,asmith,LOGOUT,SystemSettings,SUCCESS,2216
2025-12-23 13:11:49,davis,VIEW_REPORT,InventoryReport,SUCCESS,171
2025-12-23 11:34:38,jdoe,CREATE_USER,UserManagement,SUCCESS,1213
2025-12-23 12:25:47,davis,DELETE_USER,SystemSettings,SUCCESS,2314
2025-12-23 09:49:12,davis,EXPORT_REPORT,SalesDashboard,SUCCESS,4431
2025-12-23 08:04:14,jdoe,DELETE_USER,InventoryReport,SUCCESS,3686
2025-12-23 11:45:05,bwhite,EXPORT_REPORT,AuditLogs,SUCCESS,338
2025-12-23 16:59:52,jdoe,VIEW_REPORT,UserManagement,SUCCESS,4822
2025-12-23 10:38:31,davis,CREATE_USER,SalesDashboard,SUCCESS,1858
2025-12-23 09:45:01,admin,ADMIN_CONFIG,UserManagement,SUCCESS,2408
2025-12-23 11:57:55,davis,DELETE_USER,SalesDashboard,SUCCESS,3540
2025-12-23 10:50:45,bwhite,DELETE_USER,AuditLogs,SUCCESS,3189
2025-12-23 10:04:58,jdoe,LOGOUT,AuditLogs,SUCCESS,3236
2025-12-23 03:45:02,clane,CREATE_USER,UserManagement,SUCCESS,513
2025-12-23 16:15:25,clane,EXPORT_REPORT,SystemSettings,SUCCESS,2098
2025-12-23 14:19:35,davis,DELETE_USER,SystemSettings,SUCCESS,4874
2025-12-23 20:13:41,davis,ADMIN_CONFIG,AuditLogs,SUCCESS,2676
2025-12-23 11:05:58,davis,LOGOUT,AuditLogs,SUCCESS,4111
2025-12-23 15:15:02,clane,LOGIN,InventoryReport,SUCCESS,4993
2025-12-23 16:11:25,asmith,LOGIN,SystemSettings,SUCCESS,56
2025-12-23 07:48:20,clane,CREATE_USER,UserManagement,SUCCESS,1784
2025-12-23 20:18:53,clane,ADMIN_CONFIG,SalesDashboard,SUCCESS,2222
2025-12-23 10:49:52,jdoe,EXPORT_REPORT,SalesDashboard,FAILURE,1793
2025-12-23 08:34:13,asmith,DELETE_USER,UserManagement,SUCCESS,2747
2025-12-23 08:55:43,asmith,LOGOUT,SalesDashboard,SUCCESS,1412
2025-12-23 12:15:30,asmith,VIEW_REPORT,SalesDashboard,SUCCESS,1999
2025-12-23 13:08:21,jdoe,LOGIN,AuditLogs,SUCCESS,1661
2025-12-23 10:55:31,clane,CREATE_USER,SalesDashboard,SUCCESS,4384
2025-12-23 08:00:58,clane,VIEW_REPORT,InventoryReport,SUCCESS,4258
2025-12-23 10:58:01,admin,DELETE_USER,InventoryReport,SUCCESS,4272
2025-12-23 11:58:00,admin,EXPORT_REPORT,AuditLogs,SUCCESS,159
2025-12-23 20:41:31,davis,CREATE_USER,InventoryReport,FAILURE,431
2025-12-23 12:05:46,asmith,VIEW_REPORT,AuditLogs,SUCCESS,756
2025-12-23 11:28:31,jdoe,LOGIN,InventoryReport,SUCCESS,1453
2025-12-23 16:24:26,jdoe,LOGOUT,SalesDashboard,FAILURE,234
2025-12-23 11:37:29,jdoe,LOGOUT,AuditLogs,SUCCESS,4495
2025-12-24 13:33:08,bwhite,ADMIN_CONFIG,SystemSettings,SUCCESS,1838
2025-12-24 09:26:58,admin,VIEW_REPORT,SalesDashboard,SUCCESS,2856
2025-12-24 16:55:15,jdoe,LOGIN,InventoryReport,SUCCESS,3218
2025-12-24 09:41:11,asmith,LOGIN,UserManagement,SUCCESS,680
2025-12-24 15:49:51,bwhite,CREATE_USER,UserManagement,SUCCESS,3545
2025-12-24 11:57:50,clane,ADMIN_CONFIG,UserManagement,SUCCESS,1271
2025-12-24 09:16:18,asmith,CREATE_USER,AuditLogs,SUCCESS,1261
2025-12-24 13:32:08,clane,LOGIN,SalesDashboard,SUCCESS,1167
2025-12-24 13:40:26,jdoe,LOGIN,UserManagement,SUCCESS,1897
2025-12-24 14:21:21,davis,CREATE_USER,SalesDashboard,SUCCESS,4249
2025-12-24 08:46:57,bwhite,LOGOUT,SystemSettings,SUCCESS,2803
2025-12-24 19:49:25,bwhite,VIEW_REPORT,SystemSettings,SUCCESS,2831
2025-12-24 14:51:28,asmith,LOGOUT,SalesDashboard,SUCCESS,1206
2025-12-24 10:51:32,admin,LOGIN,AuditLogs,SUCCESS,3074
2025-12-24 14:47:14,jdoe,LOGIN,SystemSettings,SUCCESS,4263
2025-12-24 14:35:58,asmith,DELETE_USER,InventoryReport,SUCCESS,4971
2025-12-24 12:26:01,davis,CREATE_USER,UserManagement,SUCCESS,1999
2025-12-24 10:36:22,clane,LOGOUT,SystemSettings,SUCCESS,4893
2025-12-24 14:12:29,jdoe,LOGOUT,AuditLogs,SUCCESS,340
2025-12-24 08:09:59,davis,ADMIN_CONFIG,InventoryReport,SUCCESS,4513
2025-12-24 15:17:11,admin,VIEW_REPORT,InventoryReport,SUCCESS,1612
2025-12-24 12:39:55,bwhite,CREATE_USER,SystemSettings,SUCCESS,3114
2025-12-24 14:54:25,jdoe,LOGOUT,InventoryReport,SUCCESS,4077
2025-12-24 15:34:03,bwhite,LOGOUT,UserManagement,SUCCESS,1197
2025-12-24 11:34:45,bwhite,LOGIN,AuditLogs,SUCCESS,4817
2025-12-24 16:41:39,davis,ADMIN_CONFIG,InventoryReport,SUCCESS,3654
2025-12-24 08:13:17,clane,EXPORT_REPORT,SystemSettings,SUCCESS,390
2025-12-24 10:06:02,clane,LOGOUT,InventoryReport,SUCCESS,4759
2025-12-24 16:52:45,asmith,ADMIN_CONFIG,SalesDashboard,SUCCESS,3121
2025-12-24 10:42:23,clane,CREATE_USER,UserManagement,SUCCESS,1034
2025-12-24 19:42:11,bwhite,VIEW_REPORT,UserManagement,SUCCESS,987
2025-12-24 08:57:52,davis,DELETE_USER,SalesDashboard,SUCCESS,1071
2025-12-24 10:42:20,davis,CREATE_USER,InventoryReport,SUCCESS,3336
2025-12-24 15:44:17,bwhite,DELETE_USER,UserManagement,SUCCESS,310
2025-12-24 21:49:06,jdoe,LOGOUT,InventoryReport,SUCCESS,1716
2025-12-24 07:55:42,admin,LOGOUT,UserManagement,SUCCESS,124
2025-12-24 11:35:34,jdoe,DELETE_USER,InventoryReport,SUCCESS,3785
2025-12-24 13:05:19,clane,CREATE_USER,SystemSettings,SUCCESS,1920
2025-12-24 15:13:21,jdoe,EXPORT_REPORT,AuditLogs,SUCCESS,4634
2025-12-24 11:15:17,clane,LOGOUT,UserManagement,SUCCESS,2583
2025-12-24 16:09:23,clane,LOGIN,InventoryReport,SUCCESS,3768
2025-12-24 08:16:49,clane,LOGIN,SystemSettings,SUCCESS,2307
2025-12-24 17:15:52,admin,DELETE_USER,UserManagement,FAILURE,2596
2025-12-24 16:55:43,bwhite,DELETE_USER,SalesDashboard,SUCCESS,4588
2025-12-24 14:13:37,asmith,VIEW_REPORT,AuditLogs,SUCCESS,801
2025-12-24 13:52:21,admin,ADMIN_CONFIG,InventoryReport,SUCCESS,3665
2025-12-24 13:06:26,admin,DELETE_USER,UserManagement,SUCCESS,4265
2025-12-24 15:24:12,jdoe,LOGOUT,InventoryReport,SUCCESS,653
2025-12-24 14:52:43,asmith,ADMIN_CONFIG,SalesDashboard,SUCCESS,4395
2025-12-24 15:00:00,admin,ADMIN_CONFIG,SystemSettings,SUCCESS,197
2025-12-24 17:25:10,davis,DELETE_USER,SalesDashboard,SUCCESS,4921
2025-12-24 08:03:54,asmith,ADMIN_CONFIG,InventoryReport,SUCCESS,4977
2025-12-24 15:09:28,asmith,CREATE_USER,SystemSettings,SUCCESS,221
2025-12-24 14:05:01,davis,LOGOUT,SalesDashboard,SUCCESS,83
2025-12-24 10:56:20,jdoe,DELETE_USER,InventoryReport,SUCCESS,458
2025-12-24 12:10:34,asmith,ADMIN_CONFIG,SalesDashboard,SUCCESS,3186
2025-12-24 12:32:09,asmith,ADMIN_CONFIG,AuditLogs,SUCCESS,1113
2025-12-24 12:44:58,bwhite,CREATE_USER,SystemSettings,SUCCESS,3662
2025-12-24 07:09:22,clane,LOGIN,AuditLogs,SUCCESS,1774
2025-12-24 15:22:48,bwhite,LOGIN,SystemSettings,SUCCESS,4969
2025-12-24 08:02:29,bwhite,EXPORT_REPORT,AuditLogs,SUCCESS,840
2025-12-24 02:22:18,davis,VIEW_REPORT,InventoryReport,SUCCESS,1008
2025-12-24 10:45:29,davis,ADMIN_CONFIG,SystemSettings,SUCCESS,4111
2025-12-24 16:58:03,clane,ADMIN_CONFIG,UserManagement,FAILURE,675
2025-12-24 13:44:23,asmith,EXPORT_REPORT,SystemSettings,SUCCESS,3062
2025-12-24 13:25:07,clane,CREATE_USER,SystemSettings,SUCCESS,1095
2025-12-24 08:53:55,jdoe,LOGOUT,InventoryReport,SUCCESS,1294
2025-12-24 07:10:54,jdoe,LOGOUT,InventoryReport,SUCCESS,3087
2025-12-24 13:53:49,bwhite,ADMIN_CONFIG,SalesDashboard,SUCCESS,3418
2025-12-24 09:06:34,jdoe,CREATE_USER,SalesDashboard,SUCCESS,322
2025-12-24 13:19:51,bwhite,LOGOUT,InventoryReport,SUCCESS,4873
2025-12-24 22:46:45,admin,EXPORT_REPORT,SystemSettings,SUCCESS,1788
2025-12-24 14:32:59,davis,VIEW_REPORT,SystemSettings,SUCCESS,2097
2025-12-24 10:48:23,jdoe,DELETE_USER,UserManagement,SUCCESS,1090
2025-12-24 12:56:24,clane,EXPORT_REPORT,AuditLogs,SUCCESS,2457
2025-12-24 15:37:51,jdoe,CREATE_USER,AuditLogs,SUCCESS,3122
2025-12-24 15:59:25,davis,EXPORT_REPORT,SalesDashboard,SUCCESS,3026
2025-12-24 12:10:42,bwhite,VIEW_REPORT,AuditLogs,SUCCESS,4063
2025-12-24 09:27:45,clane,LOGIN,SalesDashboard,FAILURE,41
2025-12-24 08:18:54,jdoe,DELETE_USER,UserManagement,SUCCESS,4290
2025-12-24 09:46:48,bwhite,LOGIN,SalesDashboard,SUCCESS,615
2025-12-24 09:55:40,bwhite,ADMIN_CONFIG,AuditLogs,SUCCESS,2528
2025-12-24 11:03:30,bwhite,VIEW_REPORT,SystemSettings,SUCCESS,2002
2025-12-24 15:11:38,jdoe,ADMIN_CONFIG,InventoryReport,SUCCESS,3084
2025-12-24 14:30:18,admin,ADMIN_CONFIG,AuditLogs,SUCCESS,4796
2025-12-24 00:48:28,asmith,EXPORT_REPORT,AuditLogs,SUCCESS,1576
2025-12-24 10:43:13,clane,VIEW_REPORT,SystemSettings,SUCCESS,628
2025-12-24 09:46:50,davis,LOGIN,SalesDashboard,SUCCESS,4119
2025-12-24 13:03:27,asmith,VIEW_REPORT,UserManagement,SUCCESS,3887
2025-12-24 11:53:59,davis,DELETE_USER,SystemSettings,SUCCESS,1007
2025-12-24 08:45:30,bwhite,DELETE_USER,InventoryReport,SUCCESS,3445
2025-12-24 09:01:35,davis,LOGOUT,AuditLogs,SUCCESS,3276
2025-12-24 09:31:23,bwhite,ADMIN_CONFIG,SalesDashboard,SUCCESS,3623
2025-12-24 11:34:01,admin,EXPORT_REPORT,UserManagement,SUCCESS,4395
2025-12-24 15:42:33,jdoe,ADMIN_CONFIG,SalesDashboard,SUCCESS,3710
2025-12-24 12:13:40,jdoe,LOGOUT,SalesDashboard,SUCCESS,4903
2025-12-24 13:32:16,davis,LOGOUT,InventoryReport,SUCCESS,3538
2025-12-24 08:01:47,asmith,EXPORT_REPORT,UserManagement,SUCCESS,2951
2025-12-24 14:11:36,asmith,DELETE_USER,UserManagement,SUCCESS,4646
2025-12-24 09:15:52,jdoe,DELETE_USER,SystemSettings,SUCCESS,3594
2025-12-24 12:41:14,asmith,EXPORT_REPORT,SalesDashboard,SUCCESS,2854
2025-12-24 09:46:04,jdoe,VIEW_REPORT,InventoryReport,SUCCESS,4679
2025-12-24 19:20:09,jdoe,DELETE_USER,SalesDashboard,SUCCESS,333
2025-12-24 14:56:15,admin,DELETE_USER,UserManagement,SUCCESS,1025
2025-12-24 05:43:34,clane,LOGIN,UserManagement,SUCCESS,3988
2025-12-24 10:05:22,asmith,EXPORT_REPORT,InventoryReport,SUCCESS,2705
2025-12-24 19:38:49,jdoe,LOGIN,SalesDashboard,SUCCESS,3591
2025-12-24 16:47:19,bwhite,DELETE_USER,SystemSettings,SUCCESS,235
2025-12-24 10:04:14,bwhite,ADMIN_CONFIG,InventoryReport,SUCCESS,1051
2025-12-24 10:58:28,admin,LOGOUT,AuditLogs,SUCCESS,2864
2025-12-24 01:29:27,asmith,DELETE_USER,SalesDashboard,SUCCESS,621
2025-12-24 16:34:28,clane,VIEW_REPORT,AuditLogs,SUCCESS,3963
2025-12-24 14:31:03,clane,VIEW_REPORT,InventoryReport,SUCCESS,4439
2025-12-24 10:41:24,davis,VIEW_REPORT,SalesDashboard,SUCCESS,1710
2025-12-24 13:09:02,asmith,EXPORT_REPORT,UserManagement,SUCCESS,4451
2025-12-24 12:41:23,asmith,LOGOUT,AuditLogs,SUCCESS,3985
2025-12-24 16:18:13,bwhite,VIEW_REPORT,InventoryReport,SUCCESS,3467
2025-12-24 12:40:58,jdoe,CREATE_USER,UserManagement,SUCCESS,4916
2025-12-24 16:10:32,jdoe,DELETE_USER,AuditLogs,SUCCESS,4043
2025-12-24 12:02:17,clane,CREATE_USER,SystemSettings,SUCCESS,2280
2025-12-24 12:52:02,admin,DELETE_USER,UserManagement,SUCCESS,2225
2025-12-24 11:01:39,jdoe,LOGIN,SystemSettings,SUCCESS,1725
2025-12-24 15:56:32,bwhite,EXPORT_REPORT,UserManagement,SUCCESS,4328
2025-12-24 12:19:27,admin,VIEW_REPORT,AuditLogs,SUCCESS,4438
2025-12-24 13:54:46,clane,LOGOUT,AuditLogs,SUCCESS,1061
2025-12-24 02:12:09,asmith,LOGIN,SystemSettings,SUCCESS,4338
2025-12-24 23:48:47,asmith,LOGIN,SalesDashboard,SUCCESS,4474
2025-12-24 09:09:53,jdoe,LOGIN,InventoryReport,SUCCESS,950
2025-12-24 13:45:01,bwhite,EXPORT_REPORT,SystemSettings,SUCCESS,4997
2025-12-24 16:27:20,bwhite,DELETE_USER,SalesDashboard,SUCCESS,1725
2025-12-24 15:37:24,clane,LOGOUT,AuditLogs,SUCCESS,3621
2025-12-24 12:47:32,bwhite,VIEW_REPORT,UserManagement,SUCCESS,4590
2025-12-24 13:42:17,jdoe,CREATE_USER,InventoryReport,SUCCESS,3006
2025-12-24 16:30:26,clane,LOGOUT,InventoryReport,SUCCESS,3262
2025-12-24 19:47:23,asmith,VIEW_REPORT,SystemSettings,SUCCESS,1865
2025-12-24 08:39:29,davis,CREATE_USER,AuditLogs,SUCCESS,1449
2025-12-24 08:00:15,admin,EXPORT_REPORT,SalesDashboard,SUCCESS,532
2025-12-24 11:03:21,asmith,LOGOUT,SystemSettings,SUCCESS,2408
2025-12-24 19:40:56,bwhite,EXPORT_REPORT,AuditLogs,SUCCESS,4105
2025-12-24 11:21:40,asmith,VIEW_REPORT,SalesDashboard,SUCCESS,1936
2025-12-24 10:48:11,asmith,LOGIN,SystemSettings,SUCCESS,3376
2025-12-24 12:16:39,bwhite,CREATE_USER,SystemSettings,SUCCESS,4363
2025-12-24 19:10:00,asmith,EXPORT_REPORT,InventoryReport,SUCCESS,4596
2025-12-24 03:48:38,admin,DELETE_USER,AuditLogs,SUCCESS,3131
2025-12-24 12:40:48,jdoe,ADMIN_CONFIG,AuditLogs,SUCCESS,4726
2025-12-24 09:46:42,asmith,ADMIN_CONFIG,SalesDashboard,SUCCESS,3477
2025-12-24 16:02:47,davis,CREATE_USER,AuditLogs,SUCCESS,68
2025-12-24 10:35:27,bwhite,DELETE_USER,SalesDashboard,SUCCESS,237
2025-12-24 14:26:10,admin,LOGIN,AuditLogs,SUCCESS,793
2025-12-25 16:51:55,bwhite,LOGIN,SalesDashboard,SUCCESS,3121
2025-12-25 16:48:48,admin,CREATE_USER,SalesDashboard,SUCCESS,4075
2025-12-25 11:34:12,jdoe,ADMIN_CONFIG,SalesDashboard,SUCCESS,378
2025-12-25 08:07:41,davis,DELETE_USER,AuditLogs,SUCCESS,191
2025-12-25 14:11:31,jdoe,ADMIN_CONFIG,SystemSettings,SUCCESS,4060
2025-12-25 12:55:27,clane,DELETE_USER,SystemSettings,SUCCESS,343
2025-12-25 08:36:39,clane,VIEW_REPORT,AuditLogs,SUCCESS,187
2025-12-25 11:31:30,jdoe,DELETE_USER,SystemSettings,SUCCESS,881
2025-12-25 15:13:29,asmith,DELETE_USER,InventoryReport,SUCCESS,1307
2025-12-25 14:21:20,bwhite,LOGIN,InventoryReport,SUCCESS,2398
2025-12-25 12:55:21,jdoe,ADMIN_CONFIG,InventoryReport,SUCCESS,507
2025-12-25 14:10:02,admin,CREATE_USER,InventoryReport,FAILURE,4303
2025-12-25 20:38:49,clane,VIEW_REPORT,InventoryReport,SUCCESS,58
2025-12-25 13:59:50,asmith,LOGIN,SalesDashboard,SUCCESS,2217
2025-12-25 08:45:10,jdoe,LOGIN,AuditLogs,SUCCESS,2696
2025-12-25 08:18:44,bwhite,VIEW_REPORT,UserManagement,SUCCESS,2865
2025-12-25 16:39:17,bwhite,ADMIN_CONFIG,UserManagement,SUCCESS,4939
2025-12-25 08:18:10,jdoe,LOGIN,InventoryReport,SUCCESS,2816
2025-12-25 12:04:55,admin,CREATE_USER,UserManagement,SUCCESS,4721
2025-12-25 19:34:14,clane,ADMIN_CONFIG,AuditLogs,SUCCESS,4919
2025-12-25 16:25:01,davis,ADMIN_CONFIG,AuditLogs,SUCCESS,4163
2025-12-25 07:33:18,bwhite,VIEW_REPORT,AuditLogs,SUCCESS,2374
2025-12-25 13:43:16,davis,DELETE_USER,UserManagement,SUCCESS,4125
2025-12-25 09:35:15,admin,ADMIN_CONFIG,InventoryReport,SUCCESS,1743
2025-12-25 07:18:03,admin,DELETE_USER,AuditLogs,SUCCESS,1164
2025-12-25 15:34:50,bwhite,LOGOUT,SystemSettings,SUCCESS,4351
2025-12-25 11:13:51,admin,LOGOUT,UserManagement,SUCCESS,3429
2025-12-25 16:05:41,bwhite,CREATE_USER,SystemSettings,SUCCESS,4978
2025-12-25 16:43:22,jdoe,DELETE_USER,UserManagement,SUCCESS,3727
2025-12-25 16:59:19,davis,DELETE_USER,InventoryReport,SUCCESS,263
2025-12-25 21:04:29,jdoe,LOGOUT,SystemSettings,FAILURE,4510
2025-12-25 11:59:52,asmith,LOGIN,AuditLogs,SUCCESS,834
2025-12-25 17:32:25,bwhite,LOGIN,SalesDashboard,SUCCESS,4528
2025-12-25 10:36:27,jdoe,VIEW_REPORT,SystemSettings,SUCCESS,426
2025-12-25 12:26:07,jdoe,VIEW_REPORT,SalesDashboard,SUCCESS,4704
2025-12-25 14:18:36,jdoe,ADMIN_CONFIG,InventoryReport,SUCCESS,3319
2025-12-25 13:07:46,bwhite,LOGOUT,InventoryReport,SUCCESS,3679
2025-12-25 15:20:14,jdoe,EXPORT_REPORT,SystemSettings,SUCCESS,3675
2025-12-25 14:16:57,asmith,LOGOUT,InventoryReport,SUCCESS,1120
2025-12-25 09:35:24,admin,LOGIN,UserManagement,SUCCESS,3415
2025-12-25 14:51:56,admin,EXPORT_REPORT,SystemSettings,SUCCESS,2663
2025-12-25 12:51:18,jdoe,ADMIN_CONFIG,UserManagement,SUCCESS,4609
2025-12-25 16:54:02,jdoe,VIEW_REPORT,SalesDashboard,SUCCESS,2040
2025-12-25 10:04:36,jdoe,DELETE_USER,AuditLogs,SUCCESS,3026
2025-12-25 11:36:38,davis,VIEW_REPORT,UserManagement,FAILURE,4809
2025-12-25 20:51:41,asmith,EXPORT_REPORT,SystemSettings,SUCCESS,2809
2025-12-25 08:24:36,asmith,VIEW_REPORT,SalesDashboard,SUCCESS,3723
2025-12-25 11:36:36,davis,LOGOUT,InventoryReport,SUCCESS,4270
2025-12-25 15:00:59,asmith,ADMIN_CONFIG,SalesDashboard,SUCCESS,2275
2025-12-25 09:36:04,clane,ADMIN_CONFIG,SystemSettings,SUCCESS,4848
2025-12-25 04:51:05,asmith,DELETE_USER,UserManagement,FAILURE,4574
2025-12-25 12:43:12,clane,LOGIN,SalesDashboard,SUCCESS,2966
2025-12-25 15:55:28,bwhite,CREATE_USER,UserManagement,SUCCESS,4254
2025-12-25 08:03:10,clane,ADMIN_CONFIG,UserManagement,SUCCESS,371
2025-12-25 15:44:18,asmith,LOGIN,SalesDashboard,SUCCESS,3525
2025-12-25 08:51:12,jdoe,CREATE_USER,UserManagement,SUCCESS,1155
2025-12-25 23:28:11,davis,LOGOUT,SystemSettings,SUCCESS,3284
2025-12-25 08:57:22,clane,VIEW_REPORT,InventoryReport,SUCCESS,241
2025-12-25 08:05:38,bwhite,LOGOUT,InventoryReport,SUCCESS,930
2025-12-25 13:49:11,admin,LOGIN,SalesDashboard,SUCCESS,4229
2025-12-25 15:49:06,jdoe,CREATE_USER,SalesDashboard,SUCCESS,3036
2025-12-25 10:57:26,asmith,ADMIN_CONFIG,SalesDashboard,SUCCESS,2184
2025-12-25 09:38:59,bwhite,LOGIN,InventoryReport,SUCCESS,966
2025-12-25 09:58:50,jdoe,VIEW_REPORT,UserManagement,SUCCESS,4611
2025-12-25 16:56:01,asmith,DELETE_USER,UserManagement,SUCCESS,3935
2025-12-25 09:49:17,asmith,VIEW_REPORT,UserManagement,SUCCESS,2164
2025-12-25 13:58:27,admin,LOGIN,AuditLogs,SUCCESS,2793
2025-12-25 16:43:32,bwhite,DELETE_USER,InventoryReport,SUCCESS,1560
2025-12-25 14:06:08,jdoe,LOGIN,AuditLogs,SUCCESS,2082
2025-12-25 12:27:15,jdoe,VIEW_REPORT,AuditLogs,SUCCESS,4868
2025-12-25 13:49:27,jdoe,LOGIN,InventoryReport,FAILURE,2688
2025-12-25 11:30:01,admin,LOGOUT,UserManagement,SUCCESS,3919
2025-12-25 20:18:28,jdoe,VIEW_REPORT,UserManagement,SUCCESS,1842
2025-12-25 11:51:15,admin,EXPORT_REPORT,AuditLogs,SUCCESS,1171
2025-12-25 11:38:33,davis,LOGIN,SalesDashboard,SUCCESS,3807
2025-12-25 10:55:08,asmith,LOGIN,InventoryReport,SUCCESS,4891
2025-12-25 08:58:46,asmith,ADMIN_CONFIG,UserManagement,FAILURE,3356
2025-12-25 08:13:08,bwhite,LOGIN,InventoryReport,SUCCESS,2722
2025-12-25 13:50:31,admin,VIEW_REPORT,UserManagement,SUCCESS,1249
2025-12-25 10:56:54,davis,VIEW_REPORT,SalesDashboard,SUCCESS,2129
2025-12-25 12:30:06,clane,ADMIN_CONFIG,InventoryReport,SUCCESS,4224
2025-12-25 08:41:12,clane,DELETE_USER,SystemSettings,SUCCESS,1566
2025-12-25 14:17:22,davis,LOGIN,SystemSettings,SUCCESS,910
2025-12-25 08:49:24,admin,LOGOUT,InventoryReport,SUCCESS,3242
2025-12-25 12:56:56,davis,VIEW_REPORT,InventoryReport,SUCCESS,555
2025-12-25 16:39:12,davis,LOGOUT,InventoryReport,SUCCESS,2978
2025-12-25 09:03:02,jdoe,LOGOUT,InventoryReport,SUCCESS,339
2025-12-25 08:15:23,admin,ADMIN_CONFIG,InventoryReport,SUCCESS,1770
2025-12-25 14:36:36,admin,VIEW_REPORT,UserManagement,SUCCESS,487
2025-12-25 13:52:26,admin,DELETE_USER,InventoryReport,SUCCESS,3483
2025-12-25 13:13:28,admin,VIEW_REPORT,UserManagement,SUCCESS,3306
2025-12-25 15:04:46,clane,CREATE_USER,UserManagement,SUCCESS,592
2025-12-25 10:55:34,admin,LOGOUT,AuditLogs,SUCCESS,497
2025-12-25 08:15:13,asmith,EXPORT_REPORT,InventoryReport,SUCCESS,3276
2025-12-25 08:54:08,admin,DELETE_USER,AuditLogs,SUCCESS,3933
2025-12-25 13:28:41,asmith,EXPORT_REPORT,SalesDashboard,SUCCESS,2153
2025-12-25 15:17:50,clane,CREATE_USER,SalesDashboard,SUCCESS,2777
2025-12-25 20:43:16,davis,ADMIN_CONFIG,AuditLogs,SUCCESS,3851
2025-12-25 10:04:32,davis,CREATE_USER,SystemSettings,SUCCESS,2375
2025-12-25 10:31:40,asmith,LOGIN,SystemSettings,SUCCESS,4920
2025-12-25 09:55:48,clane,CREATE_USER,SystemSettings,SUCCESS,2683
2025-12-25 14:14:07,bwhite,LOGIN,UserManagement,SUCCESS,2620
2025-12-25 10:23:49,asmith,LOGIN,UserManagement,FAILURE,4682
2025-12-25 10:10:22,admin,ADMIN_CONFIG,SystemSettings,SUCCESS,1296
2025-12-25 09:53:24,asmith,CREATE_USER,SystemSettings,SUCCESS,339
2025-12-25 14:57:31,clane,LOGOUT,UserManagement,SUCCESS,1619
2025-12-25 13:17:20,admin,ADMIN_CONFIG,UserManagement,SUCCESS,40
2025-12-25 00:04:37,clane,VIEW_REPORT,AuditLogs,SUCCESS,4280
2025-12-25 12:59:20,clane,ADMIN_CONFIG,SalesDashboard,SUCCESS,1710
2025-12-25 16:38:04,clane,EXPORT_REPORT,AuditLogs,FAILURE,2211
2025-12-25 08:45:58,admin,CREATE_USER,SystemSettings,FAILURE,1414
2025-12-25 13:05:42,asmith,VIEW_REPORT,SalesDashboard,SUCCESS,1577
2025-12-25 16:28:28,davis,VIEW_REPORT,AuditLogs,SUCCESS,1181
2025-12-25 10:12:35,asmith,EXPORT_REPORT,SystemSettings,SUCCESS,3354
2025-12-25 12:04:39,asmith,EXPORT_REPORT,AuditLogs,SUCCESS,1435
2025-12-25 16:23:17,davis,VIEW_REPORT,UserManagement,SUCCESS,4703
2025-12-25 09:11:33,clane,CREATE_USER,SystemSettings,FAILURE,2036
2025-12-25 10:30:19,asmith,CREATE_USER,SystemSettings,SUCCESS,3997
2025-12-25 09:36:12,jdoe,CREATE_USER,SalesDashboard,FAILURE,4661
2025-12-25 08:11:59,davis,EXPORT_REPORT,UserManagement,SUCCESS,1781
2025-12-25 16:05:19,asmith,LOGIN,SalesDashboard,SUCCESS,1023
2025-12-25 13:15:44,asmith,CREATE_USER,UserManagement,SUCCESS,4783
2025-12-25 15:33:28,admin,LOGIN,InventoryReport,SUCCESS,1357
2025-12-25 10:28:05,bwhite,LOGIN,UserManagement,SUCCESS,160
2025-12-25 12:31:52,admin,EXPORT_REPORT,SystemSettings,SUCCESS,2451
2025-12-25 16:22:00,clane,LOGOUT,AuditLogs,SUCCESS,4821
2025-12-26 09:25:47,jdoe,ADMIN_CONFIG,UserManagement,SUCCESS,836
2025-12-26 12:54:20,bwhite,ADMIN_CONFIG,AuditLogs,SUCCESS,143
2025-12-26 22:29:45,davis,ADMIN_CONFIG,SystemSettings,SUCCESS,4013
2025-12-26 10:55:30,clane,VIEW_REPORT,AuditLogs,FAILURE,4569
2025-12-26 05:03:44,jdoe,CREATE_USER,SalesDashboard,SUCCESS,4986
2025-12-26 15:07:08,bwhite,DELETE_USER,SystemSettings,SUCCESS,357
2025-12-26 11:04:57,davis,EXPORT_REPORT,UserManagement,SUCCESS,4191
2025-12-26 10:36:24,admin,LOGIN,SalesDashboard,SUCCESS,1154
2025-12-26 09:03:26,bwhite,DELETE_USER,UserManagement,FAILURE,2506
2025-12-26 12:34:21,bwhite,ADMIN_CONFIG,InventoryReport,SUCCESS,1726
2025-12-26 15:33:51,bwhite,CREATE_USER,AuditLogs,SUCCESS,1181
2025-12-26 15:08:52,admin,EXPORT_REPORT,UserManagement,SUCCESS,4516
2025-12-26 10:43:37,clane,EXPORT_REPORT,SystemSettings,SUCCESS,290
2025-12-26 16:29:27,davis,ADMIN_CONFIG,SystemSettings,SUCCESS,3415
2025-12-26 13:48:14,admin,LOGIN,InventoryReport,SUCCESS,75
2025-12-26 12:05:34,asmith,ADMIN_CONFIG,AuditLogs,SUCCESS,2546
2025-12-26 09:09:11,bwhite,LOGOUT,SalesDashboard,SUCCESS,4789
2025-12-26 14:13:05,bwhite,LOGOUT,SystemSettings,SUCCESS,4033
2025-12-26 12:53:24,admin,LOGOUT,AuditLogs,SUCCESS,3230
2025-12-26 09:18:47,admin,LOGOUT,SalesDashboard,SUCCESS,1343
2025-12-26 20:27:59,jdoe,ADMIN_CONFIG,UserManagement,SUCCESS,3933
2025-12-26 17:44:35,bwhite,ADMIN_CONFIG,UserManagement,SUCCESS,4582
2025-12-26 11:22:47,admin,LOGIN,InventoryReport,SUCCESS,1585
2025-12-26 08:08:25,jdoe,LOGOUT,AuditLogs,SUCCESS,286
2025-12-26 05:28:30,davis,VIEW_REPORT,SalesDashboard,SUCCESS,4529
2025-12-26 11:15:03,clane,CREATE_USER,AuditLogs,SUCCESS,3742
2025-12-26 08:27:51,admin,DELETE_USER,AuditLogs,SUCCESS,2862
2025-12-26 13:43:27,jdoe,VIEW_REPORT,SystemSettings,SUCCESS,3680
2025-12-26 11:17:50,asmith,LOGIN,UserManagement,SUCCESS,2593
2025-12-26 13:53:29,bwhite,LOGOUT,SystemSettings,SUCCESS,3791
2025-12-26 16:13:18,bwhite,CREATE_USER,AuditLogs,SUCCESS,4837
2025-12-26 15:18:47,admin,LOGOUT,UserManagement,SUCCESS,2829
2025-12-26 13:34:13,asmith,EXPORT_REPORT,InventoryReport,SUCCESS,4394
2025-12-26 15:14:48,asmith,EXPORT_REPORT,SalesDashboard,SUCCESS,3948
2025-12-26 15:25:59,bwhite,CREATE_USER,SalesDashboard,SUCCESS,1055
2025-12-26 13:58:59,admin,DELETE_USER,SalesDashboard,SUCCESS,2055
2025-12-26 08:57:17,jdoe,LOGIN,SalesDashboard,SUCCESS,4052
2025-12-26 14:59:45,asmith,ADMIN_CONFIG,UserManagement,SUCCESS,3098
2025-12-26 09:51:03,bwhite,LOGIN,SalesDashboard,SUCCESS,3093
2025-12-26 11:53:00,clane,DELETE_USER,SystemSettings,SUCCESS,4783
2025-12-26 11:05:28,admin,CREATE_USER,SalesDashboard,FAILURE,987
2025-12-26 20:38:39,jdoe,ADMIN_CONFIG,UserManagement,SUCCESS,66
2025-12-26 11:40:49,bwhite,LOGIN,AuditLogs,SUCCESS,1944
2025-12-26 15:40:22,asmith,CREATE_USER,UserManagement,SUCCESS,804
2025-12-26 13:04:34,asmith,LOGOUT,SalesDashboard,SUCCESS,4682
2025-12-26 01:35:17,bwhite,LOGOUT,UserManagement,SUCCESS,911
2025-12-26 14:52:03,asmith,ADMIN_CONFIG,InventoryReport,SUCCESS,2595
2025-12-26 09:20:34,bwhite,ADMIN_CONFIG,InventoryReport,SUCCESS,2309
2025-12-26 16:09:50,asmith,ADMIN_CONFIG,UserManagement,SUCCESS,639
2025-12-26 01:50:34,admin,VIEW_REPORT,AuditLogs,SUCCESS,313
2025-12-26 14:08:25,admin,CREATE_USER,UserManagement,SUCCESS,2597
2025-12-26 14:33:08,asmith,LOGOUT,AuditLogs,SUCCESS,3892
2025-12-26 13:07:33,davis,CREATE_USER,AuditLogs,SUCCESS,4678
2025-12-26 02:36:56,jdoe,LOGIN,AuditLogs,SUCCESS,133
2025-12-26 10:41:53,jdoe,DELETE_USER,SystemSettings,SUCCESS,4082
2025-12-26 14:22:10,davis,CREATE_USER,AuditLogs,SUCCESS,1538
2025-12-26 08:02:54,davis,LOGIN,SalesDashboard,SUCCESS,1929
2025-12-26 08:48:48,admin,LOGOUT,AuditLogs,SUCCESS,3868
2025-12-26 13:05:24,jdoe,ADMIN_CONFIG,UserManagement,SUCCESS,1514
2025-12-26 13:59:00,jdoe,LOGIN,InventoryReport,SUCCESS,4642
2025-12-26 08:00:21,clane,ADMIN_CONFIG,InventoryReport,SUCCESS,4682
2025-12-26 14:11:57,jdoe,VIEW_REPORT,AuditLogs,SUCCESS,1371
2025-12-26 09:42:28,clane,DELETE_USER,SalesDashboard,SUCCESS,2146
2025-12-26 02:35:57,asmith,CREATE_USER,SystemSettings,SUCCESS,4877
2025-12-26 08:23:16,jdoe,EXPORT_REPORT,AuditLogs,SUCCESS,2161
2025-12-26 09:49:43,davis,EXPORT_REPORT,InventoryReport,SUCCESS,2756
2025-12-26 16:21:27,bwhite,DELETE_USER,AuditLogs,SUCCESS,4477
2025-12-26 22:39:28,davis,DELETE_USER,InventoryReport,SUCCESS,1126
2025-12-26 16:02:42,jdoe,VIEW_REPORT,SalesDashboard,SUCCESS,2617
2025-12-26 11:21:16,asmith,CREATE_USER,SystemSettings,SUCCESS,4497
2025-12-26 15:39:33,admin,LOGIN,SystemSettings,SUCCESS,3217
2025-12-26 10:48:30,bwhite,EXPORT_REPORT,InventoryReport,SUCCESS,3390
2025-12-26 16:52:23,jdoe,EXPORT_REPORT,InventoryReport,SUCCESS,4929
2025-12-26 09:56:10,clane,EXPORT_REPORT,SalesDashboard,SUCCESS,1011
2025-12-26 12:20:12,jdoe,DELETE_USER,AuditLogs,FAILURE,81
2025-12-26 08:03:35,davis,EXPORT_REPORT,SalesDashboard,SUCCESS,3617
2025-12-26 12:25:39,bwhite,LOGIN,InventoryReport,SUCCESS,1928
2025-12-27 16:02:05,asmith,EXPORT_REPORT,UserManagement,SUCCESS,3132
2025-12-27 18:42:18,clane,LOGOUT,InventoryReport,SUCCESS,3131
2025-12-27 22:33:23,admin,LOGOUT,InventoryReport,SUCCESS,4385
2025-12-27 22:29:10,davis,EXPORT_REPORT,UserManagement,SUCCESS,3343
2025-12-27 03:37:02,bwhite,ADMIN_CONFIG,InventoryReport,SUCCESS,3838
2025-12-27 23:55:40,davis,EXPORT_REPORT,SystemSettings,SUCCESS,3563
2025-12-27 00:11:22,clane,DELETE_USER,InventoryReport,SUCCESS,1803
2025-12-27 16:20:52,jdoe,LOGIN,SalesDashboard,SUCCESS,1633
2025-12-27 13:23:36,jdoe,EXPORT_REPORT,UserManagement,SUCCESS,3486
2025-12-28 06:32:31,jdoe,LOGIN,AuditLogs,SUCCESS,2423
2025-12-28 11:28:21,bwhite,ADMIN_CONFIG,InventoryReport,SUCCESS,3710
2025-12-28 12:38:48,jdoe,DELETE_USER,AuditLogs,SUCCESS,3545
2025-12-28 08:56:05,asmith,LOGIN,AuditLogs,SUCCESS,2266
2025-12-28 20:36:47,clane,CREATE_USER,SalesDashboard,SUCCESS,2450
2025-12-28 23:48:25,admin,VIEW_REPORT,SalesDashboard,SUCCESS,1579
2025-12-29 02:29:33,jdoe,ADMIN_CONFIG,SalesDashboard,SUCCESS,2851
2025-12-29 16:24:10,jdoe,CREATE_USER,SystemSettings,SUCCESS,939
2025-12-29 15:56:20,asmith,ADMIN_CONFIG,SalesDashboard,SUCCESS,3988
2025-12-29 15:12:59,clane,LOGOUT,SalesDashboard,SUCCESS,285
2025-12-29 14:24:31,clane,CREATE_USER,SystemSettings,SUCCESS,856
2025-12-29 14:32:29,davis,DELETE_USER,SystemSettings,SUCCESS,1217
2025-12-29 14:42:22,bwhite,DELETE_USER,InventoryReport,SUCCESS,287
2025-12-29 14:48:04,clane,DELETE_USER,InventoryReport,SUCCESS,147
2025-12-29 15:04:07,davis,LOGIN,AuditLogs,SUCCESS,3742
2025-12-29 13:21:14,bwhite,LOGOUT,UserManagement,SUCCESS,1630
2025-12-29 15:06:46,clane,LOGIN,UserManagement,SUCCESS,2041
2025-12-29 08:28:14,bwhite,LOGIN,InventoryReport,SUCCESS,2042
2025-12-29 13:27:35,jdoe,DELETE_USER,InventoryReport,SUCCESS,1106
2025-12-29 14:52:06,davis,EXPORT_REPORT,InventoryReport,SUCCESS,3011
2025-12-29 08:11:21,asmith,EXPORT_REPORT,SystemSettings,SUCCESS,3567
2025-12-29 16:51:26,davis,EXPORT_REPORT,AuditLogs,FAILURE,138
2025-12-29 15:03:12,clane,LOGIN,UserManagement,SUCCESS,1029
2025-12-29 13:21:36,clane,ADMIN_CONFIG,InventoryReport,SUCCESS,4238
2025-12-29 10:37:28,asmith,CREATE_USER,AuditLogs,SUCCESS,843
2025-12-29 08:50:51,jdoe,DELETE_USER,InventoryReport,SUCCESS,4842
2025-12-29 14:55:53,jdoe,DELETE_USER,SalesDashboard,SUCCESS,3003
2025-12-29 16:49:52,admin,LOGOUT,AuditLogs,SUCCESS,3687
2025-12-29 15:06:34,admin,EXPORT_REPORT,UserManagement,SUCCESS,3302
2025-12-29 14:00:41,bwhite,LOGOUT,UserManagement,SUCCESS,737
2025-12-29 02:20:32,clane,LOGIN,UserManagement,SUCCESS,4394
2025-12-29 21:04:25,bwhite,DELETE_USER,SalesDashboard,SUCCESS,2690
2025-12-29 15:06:27,jdoe,DELETE_USER,SystemSettings,SUCCESS,2199
2025-12-29 12:29:38,clane,DELETE_USER,AuditLogs,SUCCESS,548
2025-12-29 11:38:45,davis,DELETE_USER,SystemSettings,SUCCESS,4775
2025-12-29 15:40:13,admin,VIEW_REPORT,SalesDashboard,FAILURE,3446
2025-12-29 14:22:25,bwhite,VIEW_REPORT,AuditLogs,SUCCESS,532
2025-12-29 04:57:45,admin,VIEW_REPORT,UserManagement,SUCCESS,1678
2025-12-29 21:28:39,davis,CREATE_USER,SalesDashboard,SUCCESS,4423
2025-12-29 11:42:32,admin,EXPORT_REPORT,AuditLogs,SUCCESS,179
2025-12-29 02:19:52,jdoe,CREATE_USER,SystemSettings,SUCCESS,4527
2025-12-29 11:33:27,davis,CREATE_USER,AuditLogs,SUCCESS,1078
2025-12-29 09:10:27,admin,DELETE_USER,UserManagement,SUCCESS,401
2025-12-29 15:45:45,admin,DELETE_USER,UserManagement,SUCCESS,1532
2025-12-29 10:56:19,jdoe,DELETE_USER,UserManagement,SUCCESS,4548
2025-12-29 18:30:50,asmith,DELETE_USER,InventoryReport,SUCCESS,3900
2025-12-29 06:38:21,jdoe,CREATE_USER,SystemSettings,SUCCESS,2861
2025-12-29 06:17:55,bwhite,CREATE_USER,AuditLogs,SUCCESS,3629
2025-12-29 15:30:53,admin,VIEW_REPORT,SystemSettings,SUCCESS,2801
2025-12-29 15:39:58,clane,ADMIN_CONFIG,SystemSettings,SUCCESS,3100
2025-12-29 12:28:37,admin,VIEW_REPORT,UserManagement,SUCCESS,3048
2025-12-29 16:19:43,bwhite,EXPORT_REPORT,SystemSettings,SUCCESS,3870
2025-12-29 16:47:06,clane,CREATE_USER,SystemSettings,SUCCESS,434
2025-12-29 10:02:33,admin,DELETE_USER,AuditLogs,SUCCESS,4346
2025-12-29 11:48:51,asmith,DELETE_USER,SystemSettings,SUCCESS,692
2025-12-29 14:24:57,asmith,ADMIN_CONFIG,UserManagement,SUCCESS,4450
2025-12-29 10:21:06,asmith,DELETE_USER,UserManagement,SUCCESS,3305
2025-12-29 13:58:11,clane,VIEW_REPORT,InventoryReport,SUCCESS,841
2025-12-29 16:29:19,asmith,EXPORT_REPORT,UserManagement,SUCCESS,1509
2025-12-29 08:25:14,jdoe,LOGOUT,SalesDashboard,SUCCESS,3910
2025-12-29 09:00:53,asmith,ADMIN_CONFIG,SystemSettings,SUCCESS,4957
2025-12-29 14:32:00,admin,DELETE_USER,SystemSettings,SUCCESS,2736
2025-12-29 14:02:31,asmith,ADMIN_CONFIG,SalesDashboard,SUCCESS,3185
2025-12-29 04:23:03,clane,DELETE_USER,AuditLogs,SUCCESS,1129
2025-12-29 14:40:02,admin,LOGOUT,SystemSettings,SUCCESS,4953
2025-12-30 15:26:37,clane,EXPORT_REPORT,SystemSettings,FAILURE,1204
2025-12-30 16:46:16,admin,LOGIN,SalesDashboard,SUCCESS,2808
2025-12-30 09:36:06,davis,LOGOUT,SystemSettings,SUCCESS,1791
2025-12-30 15:49:28,bwhite,LOGOUT,SalesDashboard,SUCCESS,4677
2025-12-30 08:08:20,davis,CREATE_USER,InventoryReport,SUCCESS,3248
2025-12-30 10:49:58,jdoe,ADMIN_CONFIG,SalesDashboard,SUCCESS,1254
2025-12-30 08:06:23,bwhite,LOGIN,UserManagement,SUCCESS,4199
2025-12-30 15:31:54,bwhite,LOGIN,InventoryReport,SUCCESS,4377
2025-12-30 15:21:04,clane,LOGOUT,SystemSettings,SUCCESS,4748
2025-12-30 11:30:55,bwhite,VIEW_REPORT,SalesDashboard,SUCCESS,1835
2025-12-30 11:37:23,davis,ADMIN_CONFIG,InventoryReport,SUCCESS,1525
2025-12-30 11:28:50,bwhite,CREATE_USER,SalesDashboard,SUCCESS,2299
2025-12-30 10:35:13,admin,VIEW_REPORT,SalesDashboard,SUCCESS,3992
2025-12-30 08:59:19,asmith,DELETE_USER,AuditLogs,SUCCESS,2748
2025-12-30 15:56:54,clane,VIEW_REPORT,UserManagement,SUCCESS,4119
2025-12-30 14:07:04,jdoe,LOGOUT,AuditLogs,SUCCESS,3699
2025-12-30 09:07:05,clane,EXPORT_REPORT,SalesDashboard,SUCCESS,1153
2025-12-30 19:46:38,clane,VIEW_REPORT,SystemSettings,FAILURE,1765
2025-12-30 16:38:24,admin,DELETE_USER,AuditLogs,SUCCESS,1427
2025-12-30 08:55:23,asmith,LOGOUT,SalesDashboard,SUCCESS,2223
2025-12-30 14:22:46,asmith,EXPORT_REPORT,UserManagement,SUCCESS,825
2025-12-30 08:12:59,clane,CREATE_USER,AuditLogs,SUCCESS,2631
2025-12-30 19:55:25,davis,DELETE_USER,SalesDashboard,SUCCESS,1562
2025-12-30 12:51:36,davis,VIEW_REPORT,UserManagement,SUCCESS,4142
2025-12-30 14:44:00,clane,ADMIN_CONFIG,SystemSettings,SUCCESS,78
2025-12-30 02:02:23,jdoe,VIEW_REPORT,SalesDashboard,SUCCESS,1354
2025-12-30 15:28:01,bwhite,EXPORT_REPORT,SalesDashboard,SUCCESS,3225
2025-12-30 10:04:00,davis,ADMIN_CONFIG,InventoryReport,SUCCESS,2524
2025-12-30 14:12:13,asmith,EXPORT_REPORT,UserManagement,SUCCESS,1604
2025-12-30 14:30:54,bwhite,CREATE_USER,InventoryReport,SUCCESS,3256
2025-12-30 12:10:23,davis,DELETE_USER,SalesDashboard,SUCCESS,4600
2025-12-30 13:47:24,davis,EXPORT_REPORT,UserManagement,SUCCESS,3831
2025-12-30 07:03:43,bwhite,VIEW_REPORT,UserManagement,SUCCESS,40
2025-12-30 11:41:01,davis,CREATE_USER,InventoryReport,SUCCESS,3656
2025-12-30 10:55:47,asmith,LOGIN,SystemSettings,FAILURE,4467
2025-12-30 14:39:53,asmith,LOGOUT,SystemSettings,SUCCESS,4535
2025-12-30 16:23:11,asmith,EXPORT_REPORT,SalesDashboard,SUCCESS,4629
2025-12-30 15:19:43,asmith,EXPORT_REPORT,SystemSettings,SUCCESS,264
2025-12-30 09:02:36,clane,LOGOUT,SystemSettings,SUCCESS,4801
2025-12-30 14:23:44,jdoe,VIEW_REPORT,InventoryReport,SUCCESS,4749
2025-12-30 13:10:05,davis,LOGIN,UserManagement,SUCCESS,884
2025-12-30 08:57:37,bwhite,LOGOUT,SystemSettings,SUCCESS,1062
2025-12-30 16:46:57,davis,LOGIN,SalesDashboard,SUCCESS,1623
2025-12-30 09:26:19,davis,LOGOUT,SalesDashboard,SUCCESS,3769
2025-12-30 22:10:29,asmith,DELETE_USER,SystemSettings,SUCCESS,403
2025-12-30 10:18:41,jdoe,ADMIN_CONFIG,InventoryReport,SUCCESS,2004
2025-12-30 04:23:15,bwhite,LOGOUT,InventoryReport,SUCCESS,780
2025-12-30 08:13:12,bwhite,DELETE_USER,AuditLogs,SUCCESS,3329
2025-12-30 13:04:05,davis,LOGIN,UserManagement,SUCCESS,11
2025-12-30 16:24:29,davis,LOGIN,SalesDashboard,SUCCESS,3863
2025-12-30 08:49:27,jdoe,LOGOUT,SalesDashboard,FAILURE,3173
2025-12-30 10:58:04,asmith,LOGOUT,InventoryReport,SUCCESS,2299
2025-12-30 13:09:08,jdoe,DELETE_USER,UserManagement,SUCCESS,1500
2025-12-30 11:35:14,bwhite,DELETE_USER,SystemSettings,SUCCESS,4470
2025-12-30 23:25:32,bwhite,LOGOUT,SystemSettings,SUCCESS,112
2025-12-30 15:54:08,davis,DELETE_USER,SystemSettings,SUCCESS,4630
2025-12-30 14:46:37,jdoe,DELETE_USER,SalesDashboard,SUCCESS,956
2025-12-30 14:24:13,jdoe,ADMIN_CONFIG,InventoryReport,SUCCESS,1986
2025-12-30 08:48:10,bwhite,EXPORT_REPORT,SalesDashboard,SUCCESS,237
2025-12-30 10:06:07,jdoe,LOGOUT,SalesDashboard,SUCCESS,61
2025-12-30 15:44:46,admin,ADMIN_CONFIG,InventoryReport,SUCCESS,2111
2025-12-30 14:18:49,davis,LOGIN,UserManagement,SUCCESS,2718
2025-12-30 16:34:39,bwhite,LOGIN,SalesDashboard,FAILURE,4605
2025-12-30 02:42:09,admin,CREATE_USER,InventoryReport,SUCCESS,1550
2025-12-30 15:05:42,davis,EXPORT_REPORT,InventoryReport,SUCCESS,4596
2025-12-30 10:37:39,admin,EXPORT_REPORT,UserManagement,SUCCESS,4571
2025-12-30 03:36:28,clane,ADMIN_CONFIG,SystemSettings,SUCCESS,223
2025-12-30 13:10:28,admin,LOGIN,AuditLogs,SUCCESS,3752
2025-12-30 20:56:56,davis,VIEW_REPORT,UserManagement,SUCCESS,1957
2025-12-30 11:44:01,admin,CREATE_USER,UserManagement,SUCCESS,1886
2025-12-30 12:52:20,davis,EXPORT_REPORT,InventoryReport,SUCCESS,3794
2025-12-30 13:37:44,bwhite,DELETE_USER,SystemSettings,SUCCESS,1703
2025-12-30 10:39:20,bwhite,DELETE_USER,AuditLogs,SUCCESS,2371
2025-12-30 16:11:07,davis,ADMIN_CONFIG,SalesDashboard,SUCCESS,449
2025-12-30 12:25:33,admin,LOGIN,AuditLogs,SUCCESS,3311
2025-12-30 12:09:56,davis,EXPORT_REPORT,UserManagement,SUCCESS,3487
2025-12-30 12:41:07,admin,DELETE_USER,SystemSettings,SUCCESS,4747
2025-12-30 11:31:36,admin,EXPORT_REPORT,SystemSettings,SUCCESS,1578
2025-12-30 08:20:22,davis,ADMIN_CONFIG,UserManagement,SUCCESS,3194
2025-12-30 21:14:07,jdoe,VIEW_REPORT,InventoryReport,SUCCESS,3751
2025-12-30 11:12:13,asmith,CREATE_USER,UserManagement,FAILURE,2679
2025-12-30 02:56:37,davis,EXPORT_REPORT,SystemSettings,SUCCESS,3434
2025-12-30 09:52:34,admin,CREATE_USER,AuditLogs,SUCCESS,276
2025-12-30 14:42:50,asmith,DELETE_USER,InventoryReport,SUCCESS,2784
2025-12-30 10:26:18,clane,VIEW_REPORT,SystemSettings,SUCCESS,1701
2025-12-30 14:23:22,bwhite,CREATE_USER,InventoryReport,SUCCESS,2879
2025-12-30 16:00:35,clane,VIEW_REPORT,InventoryReport,SUCCESS,3548
2025-12-30 12:39:47,davis,DELETE_USER,UserManagement,SUCCESS,4734
2025-12-30 13:55:38,clane,EXPORT_REPORT,SystemSettings,SUCCESS,1599
2025-12-30 08:19:16,clane,VIEW_REPORT,AuditLogs,SUCCESS,3588
2025-12-30 08:28:01,jdoe,DELETE_USER,InventoryReport,SUCCESS,450
2025-12-30 08:51:51,asmith,DELETE_USER,AuditLogs,SUCCESS,4490
2025-12-30 13:05:03,admin,ADMIN_CONFIG,InventoryReport,SUCCESS,3632
2025-12-30 16:14:33,jdoe,EXPORT_REPORT,SystemSettings,SUCCESS,4139
2025-12-30 10:16:16,asmith,VIEW_REPORT,InventoryReport,SUCCESS,1674
2025-12-30 15:23:21,admin,CREATE_USER,SalesDashboard,SUCCESS,4305
2025-12-30 10:51:21,bwhite,EXPORT_REPORT,SystemSettings,SUCCESS,1852
2025-12-30 15:17:59,clane,LOGOUT,UserManagement,SUCCESS,4691
2025-12-30 00:26:12,admin,LOGIN,SystemSettings,SUCCESS,3434
2025-12-30 17:14:25,admin,CREATE_USER,SystemSettings,SUCCESS,2176
2025-12-30 06:01:39,bwhite,LOGIN,UserManagement,SUCCESS,4983
2025-12-30 15:17:45,davis,CREATE_USER,UserManagement,SUCCESS,3638
2025-12-30 08:55:26,admin,EXPORT_REPORT,SystemSettings,SUCCESS,1614
2025-12-30 13:07:59,davis,EXPORT_REPORT,AuditLogs,SUCCESS,4830
2025-12-30 12:43:35,davis,VIEW_REPORT,SalesDashboard,SUCCESS,272
2025-12-30 13:16:46,asmith,ADMIN_CONFIG,InventoryReport,SUCCESS,2896
2025-12-30 08:43:15,admin,CREATE_USER,SystemSettings,FAILURE,421
2025-12-30 14:24:17,admin,DELETE_USER,UserManagement,SUCCESS,4251
2025-12-30 05:25:33,davis,EXPORT_REPORT,InventoryReport,SUCCESS,3148
2025-12-30 12:38:47,asmith,LOGIN,SystemSettings,SUCCESS,138
2025-12-30 12:46:02,asmith,EXPORT_REPORT,SalesDashboard,SUCCESS,608
2025-12-30 16:58:15,clane,VIEW_REPORT,UserManagement,SUCCESS,3015
2025-12-30 10:17:55,jdoe,DELETE_USER,InventoryReport,SUCCESS,3567
2025-12-30 23:52:15,bwhite,DELETE_USER,InventoryReport,SUCCESS,758
2025-12-30 13:47:11,davis,ADMIN_CONFIG,UserManagement,SUCCESS,1630
2025-12-30 16:20:33,jdoe,DELETE_USER,AuditLogs,SUCCESS,1456
2025-12-30 11:01:24,jdoe,ADMIN_CONFIG,UserManagement,SUCCESS,4025
2025-12-30 09:48:05,clane,DELETE_USER,UserManagement,SUCCESS,1071
2025-12-30 10:08:12,jdoe,EXPORT_REPORT,AuditLogs,SUCCESS,2352
2025-12-30 11:51:34,bwhite,DELETE_USER,SystemSettings,SUCCESS,2059
2025-12-30 09:27:26,davis,VIEW_REPORT,AuditLogs,SUCCESS,3818
2025-12-30 12:07:48,asmith,VIEW_REPORT,AuditLogs,SUCCESS,2413
2025-12-30 16:32:16,clane,DELETE_USER,SystemSettings,SUCCESS,1234
2025-12-30 13:15:15,asmith,VIEW_REPORT,AuditLogs,SUCCESS,1634
2025-12-30 11:27:30,asmith,LOGOUT,SalesDashboard,SUCCESS,2870
2025-12-30 11:43:27,admin,EXPORT_REPORT,UserManagement,SUCCESS,3083
2025-12-30 11:10:22,asmith,LOGIN,SystemSettings,SUCCESS,2513
2025-12-30 16:21:47,asmith,ADMIN_CONFIG,InventoryReport,SUCCESS,527
2025-12-31 12:40:00,bwhite,LOGIN,SystemSettings,FAILURE,3358
2025-12-31 15:14:18,asmith,VIEW_REPORT,UserManagement,SUCCESS,4358
2025-12-31 03:10:46,jdoe,VIEW_REPORT,InventoryReport,SUCCESS,486
2025-12-31 08:07:54,asmith,ADMIN_CONFIG,UserManagement,SUCCESS,307
2025-12-31 12:36:20,clane,EXPORT_REPORT,InventoryReport,SUCCESS,492
2025-12-31 10:53:46,jdoe,LOGIN,SystemSettings,SUCCESS,4072
2025-12-31 11:11:51,davis,ADMIN_CONFIG,SystemSettings,SUCCESS,2385
2025-12-31 10:46:04,davis,DELETE_USER,AuditLogs,SUCCESS,3069
2025-12-31 10:26:44,bwhite,LOGIN,AuditLogs,SUCCESS,3547
2025-12-31 10:35:04,admin,ADMIN_CONFIG,InventoryReport,SUCCESS,3549
2025-12-31 11:54:35,clane,LOGIN,AuditLogs,SUCCESS,4229
2025-12-31 15:02:16,admin,ADMIN_CONFIG,AuditLogs,SUCCESS,4615
2025-12-31 08:24:32,asmith,EXPORT_REPORT,SalesDashboard,SUCCESS,753
2025-12-31 09:44:02,bwhite,LOGIN,InventoryReport,SUCCESS,2244
2025-12-31 15:05:39,asmith,ADMIN_CONFIG,SystemSettings,SUCCESS,1502
2025-12-31 09:16:52,jdoe,LOGIN,AuditLogs,SUCCESS,1904
2025-12-31 15:49:54,admin,DELETE_USER,InventoryReport,SUCCESS,4978
2025-12-31 13:57:04,clane,ADMIN_CONFIG,UserManagement,SUCCESS,970
2025-12-31 05:28:50,clane,EXPORT_REPORT,SystemSettings,SUCCESS,4217
2025-12-31 16:17:49,bwhite,DELETE_USER,UserManagement,SUCCESS,4183
2025-12-31 13:56:56,jdoe,DELETE_USER,AuditLogs,SUCCESS,2831
2025-12-31 09:07:08,asmith,LOGIN,UserManagement,SUCCESS,197
2025-12-31 09:39:04,davis,DELETE_USER,AuditLogs,SUCCESS,796
2025-12-31 13:33:07,clane,LOGIN,AuditLogs,SUCCESS,297
2025-12-31 12:44:34,clane,EXPORT_REPORT,AuditLogs,SUCCESS,3988
2025-12-31 10:18:05,admin,VIEW_REPORT,SalesDashboard,SUCCESS,138
2025-12-31 10:04:07,admin,ADMIN_CONFIG,InventoryReport,SUCCESS,2403
2025-12-31 16:02:10,admin,LOGOUT,SystemSettings,SUCCESS,3766
2025-12-31 11:12:29,asmith,DELETE_USER,UserManagement,SUCCESS,873
2025-12-31 15:39:40,bwhite,LOGOUT,SystemSettings,SUCCESS,3336
2025-12-31 08:43:31,asmith,EXPORT_REPORT,SystemSettings,SUCCESS,2741
2025-12-31 15:57:19,asmith,CREATE_USER,AuditLogs,SUCCESS,2240
2025-12-31 14:19:19,bwhite,LOGOUT,AuditLogs,SUCCESS,4409
2025-12-31 15:52:35,clane,CREATE_USER,UserManagement,SUCCESS,2449
2025-12-31 16:36:37,clane,EXPORT_REPORT,UserManagement,SUCCESS,2107
2025-12-31 09:17:45,clane,DELETE_USER,UserManagement,SUCCESS,1310
2025-12-31 16:36:56,bwhite,LOGIN,InventoryReport,SUCCESS,2091
2025-12-31 13:13:14,clane,VIEW_REPORT,UserManagement,SUCCESS,4620
2025-12-31 14:53:09,admin,LOGOUT,SalesDashboard,SUCCESS,2273
2025-12-31 11:31:54,asmith,DELETE_USER,AuditLogs,SUCCESS,4437
2025-12-31 09:43:17,admin,DELETE_USER,AuditLogs,SUCCESS,3814
2025-12-31 14:52:03,admin,LOGIN,SystemSettings,SUCCESS,1153
2025-12-31 12:50:00,jdoe,ADMIN_CONFIG,SalesDashboard,SUCCESS,2991
2025-12-31 05:36:28,clane,LOGIN,SalesDashboard,FAILURE,4551
2025-12-31 07:19:04,jdoe,VIEW_REPORT,SystemSettings,SUCCESS,4878
2025-12-31 16:04:03,asmith,DELETE_USER,SalesDashboard,SUCCESS,2720
2025-12-31 09:11:02,jdoe,ADMIN_CONFIG,UserManagement,SUCCESS,3077
2025-12-31 08:26:05,jdoe,EXPORT_REPORT,SalesDashboard,SUCCESS,1118
2025-12-31 01:35:13,clane,LOGOUT,UserManagement,SUCCESS,2454
2025-12-31 13:06:15,bwhite,LOGIN,AuditLogs,SUCCESS,3872
2025-12-31 15:19:16,davis,LOGIN,AuditLogs,SUCCESS,2985
2025-12-31 15:08:03,asmith,LOGOUT,SystemSettings,SUCCESS,643
2025-12-31 10:53:13,admin,LOGOUT,SystemSettings,FAILURE,3647
2025-12-31 09:36:40,davis,EXPORT_REPORT,UserManagement,SUCCESS,323
2025-12-31 11:01:47,clane,ADMIN_CONFIG,SalesDashboard,SUCCESS,3016
2025-12-31 08:53:38,jdoe,LOGIN,AuditLogs,SUCCESS,1569
2025-12-31 11:13:22,bwhite,CREATE_USER,AuditLogs,SUCCESS,2914
2025-12-31 15:16:23,jdoe,LOGOUT,InventoryReport,SUCCESS,336
2025-12-31 11:58:59,jdoe,LOGIN,InventoryReport,SUCCESS,1569
2025-12-31 15:53:51,davis,DELETE_USER,SystemSettings,SUCCESS,3429
2025-12-31 08:45:31,jdoe,VIEW_REPORT,InventoryReport,SUCCESS,4720
2025-12-31 13:04:13,bwhite,LOGOUT,InventoryReport,SUCCESS,1696
2025-12-31 11:30:56,admin,CREATE_USER,SystemSettings,SUCCESS,4360
2025-12-31 14:05:05,admin,EXPORT_REPORT,SystemSettings,SUCCESS,812
2025-12-31 21:00:03,clane,EXPORT_REPORT,SystemSettings,SUCCESS,2700
2025-12-31 11:37:00,davis,LOGIN,InventoryReport,SUCCESS,3676
2025-12-31 16:57:20,davis,VIEW_REPORT,AuditLogs,SUCCESS,2431
2025-12-31 11:06:01,clane,VIEW_REPORT,UserManagement,SUCCESS,922
2025-12-31 11:00:44,admin,LOGOUT,InventoryReport,SUCCESS,3485
2025-12-31 13:50:49,asmith,DELETE_USER,UserManagement,FAILURE,944
2025-12-31 12:46:26,admin,CREATE_USER,UserManagement,SUCCESS,127
2025-12-31 10:54:36,jdoe,LOGOUT,UserManagement,SUCCESS,3087
2025-12-31 13:09:24,admin,LOGOUT,InventoryReport,SUCCESS,4156
2025-12-31 15:09:26,clane,ADMIN_CONFIG,AuditLogs,SUCCESS,1339
2025-12-31 11:44:32,bwhite,LOGOUT,SalesDashboard,SUCCESS,1349
2025-12-31 10:31:59,clane,LOGIN,SystemSettings,SUCCESS,2539
2025-12-31 15:44:43,asmith,DELETE_USER,SalesDashboard,SUCCESS,3298
2025-12-31 15:13:09,clane,LOGOUT,SystemSettings,SUCCESS,2826
2025-12-31 10:04:30,davis,LOGOUT,SystemSettings,SUCCESS,3593
2025-12-31 10:57:12,asmith,VIEW_REPORT,SalesDashboard,SUCCESS,2954
2025-12-31 14:34:59,jdoe,CREATE_USER,SalesDashboard,SUCCESS,522
2025-12-31 11:48:56,clane,LOGIN,SystemSettings,SUCCESS,82
2025-12-31 14:49:34,admin,LOGOUT,UserManagement,SUCCESS,3074
2025-12-31 11:22:03,jdoe,LOGIN,SystemSettings,SUCCESS,1798
2025-12-31 04:02:31,jdoe,VIEW_REPORT,SystemSettings,SUCCESS,351
2025-12-31 20:50:08,jdoe,DELETE_USER,SalesDashboard,SUCCESS,1649
2025-12-31 20:44:20,bwhite,VIEW_REPORT,AuditLogs,SUCCESS,2188
2025-12-31 14:48:53,bwhite,CREATE_USER,AuditLogs,SUCCESS,4615
2025-12-31 20:48:01,bwhite,DELETE_USER,SystemSettings,SUCCESS,3007
2025-12-31 01:14:34,jdoe,ADMIN_CONFIG,AuditLogs,SUCCESS,4761
2025-12-31 14:34:03,davis,VIEW_REPORT,AuditLogs,FAILURE,1661
2025-12-31 09:39:49,davis,ADMIN_CONFIG,UserManagement,SUCCESS,1412
2025-12-31 11:00:17,asmith,DELETE_USER,UserManagement,SUCCESS,2016
2025-12-31 13:07:03,bwhite,ADMIN_CONFIG,InventoryReport,SUCCESS,3312
2025-12-31 12:40:33,asmith,VIEW_REPORT,InventoryReport,SUCCESS,294
2025-12-31 11:55:11,davis,EXPORT_REPORT,UserManagement,SUCCESS,4868
2025-12-31 08:29:51,clane,VIEW_REPORT,SystemSettings,SUCCESS,3647
2025-12-31 12:06:39,bwhite,EXPORT_REPORT,UserManagement,SUCCESS,4822
2025-12-31 06:24:43,jdoe,LOGOUT,UserManagement,SUCCESS,3028
2025-12-31 09:21:13,davis,LOGIN,SalesDashboard,SUCCESS,2379
2025-12-31 11:24:14,admin,ADMIN_CONFIG,SystemSettings,SUCCESS,2568
2025-12-31 16:19:43,jdoe,EXPORT_REPORT,UserManagement,SUCCESS,1206
2025-12-31 15:22:20,asmith,ADMIN_CONFIG,UserManagement,SUCCESS,2217
2025-12-31 11:16:34,bwhite,VIEW_REPORT,AuditLogs,SUCCESS,1169
2025-12-31 11:16:37,clane,CREATE_USER,UserManagement,SUCCESS,1456
2025-12-31 12:53:24,bwhite,ADMIN_CONFIG,SalesDashboard,FAILURE,4355
2025-12-31 16:21:39,admin,VIEW_REPORT,SalesDashboard,SUCCESS,18
2025-12-31 11:48:42,admin,LOGOUT,SystemSettings,SUCCESS,4196
2025-12-31 14:52:46,bwhite,LOGOUT,InventoryReport,SUCCESS,3327
2025-12-31 09:44:19,jdoe,LOGOUT,UserManagement,FAILURE,4331
2025-12-31 17:56:48,admin,ADMIN_CONFIG,InventoryReport,SUCCESS,3638
2025-12-31 12:15:27,clane,VIEW_REPORT,InventoryReport,SUCCESS,3871
2025-12-31 12:44:02,bwhite,ADMIN_CONFIG,AuditLogs,SUCCESS,1925
2025-12-31 08:08:44,bwhite,LOGIN,UserManagement,SUCCESS,2387
2025-12-31 12:48:52,jdoe,DELETE_USER,AuditLogs,SUCCESS,4622
2025-12-31 14:32:24,bwhite,CREATE_USER,InventoryReport,SUCCESS,2787
2025-12-31 11:38:22,clane,VIEW_REPORT,UserManagement,SUCCESS,2562
2025-12-31 10:17:23,bwhite,EXPORT_REPORT,AuditLogs,SUCCESS,4670
2025-12-31 14:26:26,davis,CREATE_USER,SalesDashboard,SUCCESS,556
2025-12-31 15:50:19,bwhite,CREATE_USER,SalesDashboard,SUCCESS,2789
2025-12-31 09:43:34,asmith,DELETE_USER,InventoryReport,SUCCESS,3726
2025-12-31 10:35:43,bwhite,ADMIN_CONFIG,InventoryReport,SUCCESS,3187
2025-12-31 10:52:07,asmith,LOGIN,AuditLogs,SUCCESS,1219
2025-12-31 14:22:42,asmith,LOGIN,SalesDashboard,SUCCESS,366
2025-12-31 11:48:36,clane,LOGOUT,SalesDashboard,SUCCESS,1385
2025-12-31 12:47:23,davis,EXPORT_REPORT,SalesDashboard,SUCCESS,1781
2025-12-31 11:32:09,davis,LOGIN,AuditLogs,SUCCESS,4395
2025-12-31 15:02:40,admin,EXPORT_REPORT,InventoryReport,SUCCESS,668
2025-12-31 11:18:29,davis,LOGOUT,SalesDashboard,SUCCESS,506
2025-12-31 13:45:18,jdoe,LOGOUT,InventoryReport,SUCCESS,2759
2025-12-31 11:09:45,davis,EXPORT_REPORT,UserManagement,SUCCESS,543
2025-12-31 15:44:35,jdoe,EXPORT_REPORT,AuditLogs,SUCCESS,4107
2025-12-31 23:03:48,clane,LOGIN,SalesDashboard,SUCCESS,4281
2025-12-31 11:34:26,davis,VIEW_REPORT,SalesDashboard,FAILURE,1219
2025-12-31 11:40:47,clane,EXPORT_REPORT,UserManagement,SUCCESS,3128
2025-12-31 21:46:48,jdoe,LOGOUT,AuditLogs,SUCCESS,3465
2025-12-31 15:42:33,asmith,CREATE_USER,InventoryReport,SUCCESS,1079
2025-12-31 12:31:42,jdoe,ADMIN_CONFIG,SystemSettings,SUCCESS,4482
2025-12-31 13:00:03,jdoe,LOGIN,SystemSettings,FAILURE,598
2025-12-31 10:31:35,bwhite,VIEW_REPORT,UserManagement,SUCCESS,1840
2025-12-31 09:13:23,bwhite,ADMIN_CONFIG,UserManagement,SUCCESS,2567
2025-12-31 08:33:30,admin,EXPORT_REPORT,InventoryReport,SUCCESS,743
2025-12-31 09:08:52,jdoe,DELETE_USER,SystemSettings,SUCCESS,3992
2025-12-31 15:50:48,admin,DELETE_USER,InventoryReport,SUCCESS,2637
2025-12-31 11:25:20,clane,DELETE_USER,AuditLogs,SUCCESS,615
2025-12-31 10:28:00,asmith,ADMIN_CONFIG,SystemSettings,SUCCESS,4028
2026-01-01 15:09:47,clane,VIEW_REPORT,UserManagement,SUCCESS,2151
2026-01-01 11:35:52,asmith,VIEW_REPORT,UserManagement,SUCCESS,1216
2026-01-01 18:56:01,bwhite,LOGOUT,InventoryReport,SUCCESS,1727
2026-01-01 05:23:28,clane,VIEW_REPORT,UserManagement,FAILURE,3055
2026-01-01 16:22:47,admin,VIEW_REPORT,UserManagement,SUCCESS,3798
2026-01-01 08:05:42,clane,LOGIN,AuditLogs,SUCCESS,437
2026-01-01 12:22:23,asmith,CREATE_USER,AuditLogs,SUCCESS,3655
2026-01-01 15:54:56,admin,LOGOUT,AuditLogs,SUCCESS,4606
2026-01-01 14:22:58,davis,CREATE_USER,InventoryReport,SUCCESS,4327
2026-01-01 16:00:55,davis,EXPORT_REPORT,SystemSettings,SUCCESS,1030
2026-01-01 08:43:37,admin,VIEW_REPORT,UserManagement,SUCCESS,3823
2026-01-01 10:16:04,jdoe,VIEW_REPORT,AuditLogs,SUCCESS,3639
2026-01-01 10:00:08,asmith,LOGIN,InventoryReport,SUCCESS,3062
2026-01-01 08:18:41,asmith,EXPORT_REPORT,SystemSettings,SUCCESS,4558
2026-01-01 09:01:03,clane,EXPORT_REPORT,AuditLogs,SUCCESS,933
2026-01-01 14:34:15,clane,EXPORT_REPORT,AuditLogs,SUCCESS,2183
2026-01-01 16:20:42,admin,LOGOUT,AuditLogs,SUCCESS,2969
2026-01-01 12:21:57,clane,VIEW_REPORT,AuditLogs,SUCCESS,4590
2026-01-01 15:29:43,davis,CREATE_USER,AuditLogs,SUCCESS,4301
2026-01-01 10:08:58,davis,DELETE_USER,InventoryReport,SUCCESS,4301
2026-01-01 08:53:37,clane,DELETE_USER,SalesDashboard,SUCCESS,1764
2026-01-01 08:39:06,jdoe,EXPORT_REPORT,InventoryReport,SUCCESS,1672
2026-01-01 08:32:48,jdoe,DELETE_USER,UserManagement,SUCCESS,1205
2026-01-01 11:06:07,jdoe,LOGIN,SalesDashboard,SUCCESS,745
2026-01-01 11:55:34,clane,VIEW_REPORT,SalesDashboard,SUCCESS,4838
2026-01-01 10:02:17,bwhite,ADMIN_CONFIG,UserManagement,SUCCESS,942
2026-01-01 11:34:15,bwhite,LOGOUT,UserManagement,SUCCESS,4503
2026-01-01 10:42:49,davis,ADMIN_CONFIG,SalesDashboard,SUCCESS,3076
2026-01-01 08:04:52,jdoe,DELETE_USER,SalesDashboard,SUCCESS,2711
2026-01-01 16:23:34,clane,DELETE_USER,UserManagement,SUCCESS,1040
2026-01-01 15:16:26,bwhite,LOGIN,UserManagement,SUCCESS,4822
2026-01-01 00:40:30,bwhite,EXPORT_REPORT,SalesDashboard,SUCCESS,1811
2026-01-01 11:25:54,bwhite,VIEW_REPORT,AuditLogs,SUCCESS,2315
2026-01-01 08:55:34,asmith,VIEW_REPORT,AuditLogs,FAILURE,1832
2026-01-01 16:33:09,clane,CREATE_USER,UserManagement,SUCCESS,1659
2026-01-01 13:10:11,admin,ADMIN_CONFIG,UserManagement,SUCCESS,2233
2026-01-01 09:54:24,jdoe,VIEW_REPORT,InventoryReport,FAILURE,123
2026-01-01 12:14:27,bwhite,LOGIN,UserManagement,SUCCESS,430
2026-01-01 10:55:20,admin,DELETE_USER,UserManagement,SUCCESS,600
2026-01-01 10:48:58,asmith,LOGIN,AuditLogs,SUCCESS,1675
2026-01-01 09:31:47,bwhite,ADMIN_CONFIG,SystemSettings,SUCCESS,235
2026-01-01 09:32:14,davis,LOGIN,UserManagement,SUCCESS,4651
2026-01-01 12:50:35,asmith,ADMIN_CONFIG,AuditLogs,SUCCESS,2795
2026-01-01 10:06:30,davis,LOGIN,UserManagement,SUCCESS,1930
2026-01-01 15:52:46,bwhite,EXPORT_REPORT,SystemSettings,SUCCESS,1219
2026-01-01 13:20:54,asmith,EXPORT_REPORT,SystemSettings,SUCCESS,1191
2026-01-01 08:04:17,clane,DELETE_USER,InventoryReport,SUCCESS,1363
2026-01-01 08:19:00,asmith,LOGIN,UserManagement,SUCCESS,4074
2026-01-01 10:26:55,davis,LOGOUT,AuditLogs,SUCCESS,3232
2026-01-01 11:54:05,jdoe,VIEW_REPORT,SystemSettings,SUCCESS,2536
2026-01-01 10:55:53,clane,CREATE_USER,SalesDashboard,FAILURE,1591
2026-01-01 09:30:03,admin,CREATE_USER,UserManagement,SUCCESS,3033
2026-01-01 10:54:15,bwhite,LOGIN,InventoryReport,SUCCESS,2663
2026-01-01 01:54:29,davis,EXPORT_REPORT,InventoryReport,SUCCESS,1977
2026-01-01 15:15:58,clane,EXPORT_REPORT,SalesDashboard,SUCCESS,3030
2026-01-01 10:31:21,clane,ADMIN_CONFIG,SalesDashboard,SUCCESS,2599
2026-01-01 11:14:41,bwhite,DELETE_USER,AuditLogs,SUCCESS,3932
2026-01-01 13:15:08,jdoe,EXPORT_REPORT,SystemSettings,SUCCESS,4287
2026-01-01 09:01:14,admin,VIEW_REPORT,UserManagement,SUCCESS,2432
2026-01-01 09:27:04,clane,VIEW_REPORT,AuditLogs,SUCCESS,1419
2026-01-01 16:54:27,asmith,VIEW_REPORT,AuditLogs,SUCCESS,968
2026-01-01 09:39:48,clane,DELETE_USER,UserManagement,SUCCESS,4794
2026-01-01 16:13:35,admin,LOGIN,SalesDashboard,SUCCESS,246
2026-01-01 16:22:17,davis,EXPORT_REPORT,SalesDashboard,SUCCESS,3498
2026-01-01 15:49:43,bwhite,LOGOUT,AuditLogs,SUCCESS,1742
2026-01-01 15:12:31,admin,CREATE_USER,AuditLogs,SUCCESS,1567
2026-01-01 11:28:10,jdoe,DELETE_USER,UserManagement,SUCCESS,860
2026-01-01 13:46:57,jdoe,LOGIN,AuditLogs,FAILURE,3837
2026-01-01 13:58:31,bwhite,LOGIN,AuditLogs,SUCCESS,3401
2026-01-01 16:07:17,clane,EXPORT_REPORT,SystemSettings,SUCCESS,3480
2026-01-01 09:14:03,bwhite,VIEW_REPORT,SystemSettings,SUCCESS,4429
2026-01-01 09:26:39,admin,ADMIN_CONFIG,UserManagement,SUCCESS,224
2026-01-01 14:28:44,davis,ADMIN_CONFIG,SystemSettings,SUCCESS,2836
2026-01-01 12:44:01,asmith,DELETE_USER,InventoryReport,SUCCESS,3768
2026-01-01 16:08:28,asmith,LOGIN,UserManagement,SUCCESS,2133
2026-01-01 11:58:49,admin,CREATE_USER,AuditLogs,SUCCESS,3658
2026-01-01 10:35:09,bwhite,LOGIN,InventoryReport,SUCCESS,389
2026-01-01 14:54:07,davis,DELETE_USER,InventoryReport,SUCCESS,1233
2026-01-01 15:35:15,jdoe,CREATE_USER,AuditLogs,SUCCESS,1094
2026-01-01 08:36:38,asmith,DELETE_USER,SystemSettings,SUCCESS,1934
2026-01-01 15:26:57,clane,CREATE_USER,InventoryReport,SUCCESS,2931
2026-01-01 09:42:07,asmith,VIEW_REPORT,AuditLogs,SUCCESS,3802
2026-01-01 22:59:49,davis,ADMIN_CONFIG,SalesDashboard,SUCCESS,1550
2026-01-01 13:46:38,clane,CREATE_USER,SystemSettings,SUCCESS,2762
2026-01-02 12:02:17,bwhite,VIEW_REPORT,UserManagement,SUCCESS,1707
2026-01-02 09:48:30,bwhite,DELETE_USER,AuditLogs,SUCCESS,2080
2026-01-02 14:10:38,davis,EXPORT_REPORT,SalesDashboard,SUCCESS,1921
2026-01-02 03:57:22,asmith,LOGOUT,SalesDashboard,SUCCESS,435
2026-01-02 08:38:02,jdoe,ADMIN_CONFIG,SystemSettings,SUCCESS,4651
2026-01-02 09:17:59,bwhite,CREATE_USER,SalesDashboard,SUCCESS,3708
2026-01-02 10:51:42,asmith,ADMIN_CONFIG,AuditLogs,SUCCESS,2388
2026-01-02 13:59:05,clane,ADMIN_CONFIG,SystemSettings,SUCCESS,185
2026-01-02 10:12:19,clane,EXPORT_REPORT,SystemSettings,SUCCESS,2018
2026-01-02 14:35:20,davis,VIEW_REPORT,AuditLogs,SUCCESS,1106
2026-01-02 09:55:38,asmith,ADMIN_CONFIG,AuditLogs,FAILURE,386
2026-01-02 09:48:44,admin,LOGIN,InventoryReport,SUCCESS,757
2026-01-02 14:56:01,admin,LOGIN,SalesDashboard,SUCCESS,2222
2026-01-02 08:54:19,asmith,EXPORT_REPORT,AuditLogs,SUCCESS,3656
2026-01-02 15:24:06,asmith,VIEW_REPORT,SystemSettings,SUCCESS,728
2026-01-02 10:32:14,bwhite,DELETE_USER,InventoryReport,SUCCESS,2008
2026-01-02 00:18:50,jdoe,LOGOUT,SystemSettings,SUCCESS,1131
2026-01-02 14:03:50,bwhite,LOGIN,AuditLogs,SUCCESS,4026
2026-01-02 16:45:37,bwhite,DELETE_USER,InventoryReport,SUCCESS,1820
2026-01-02 21:07:09,asmith,CREATE_USER,AuditLogs,SUCCESS,966
2026-01-02 22:43:22,asmith,LOGIN,SystemSettings,FAILURE,3480
2026-01-02 16:47:25,asmith,LOGOUT,InventoryReport,SUCCESS,166
2026-01-02 05:28:18,clane,LOGIN,SalesDashboard,SUCCESS,4038
2026-01-02 11:46:03,davis,LOGIN,SalesDashboard,SUCCESS,1016
2026-01-02 10:22:22,admin,VIEW_REPORT,SystemSettings,SUCCESS,2870
2026-01-02 20:32:31,jdoe,LOGIN,UserManagement,SUCCESS,2490
2026-01-02 10:38:28,clane,EXPORT_REPORT,SystemSettings,SUCCESS,2311
2026-01-02 13:04:08,asmith,LOGOUT,UserManagement,SUCCESS,2830
2026-01-02 09:19:02,jdoe,LOGOUT,SystemSettings,SUCCESS,1703
2026-01-02 13:05:48,admin,LOGOUT,SalesDashboard,SUCCESS,3142
2026-01-02 16:55:20,clane,LOGIN,SystemSettings,SUCCESS,876
2026-01-02 08:57:20,davis,DELETE_USER,UserManagement,SUCCESS,3954
2026-01-02 16:03:35,jdoe,ADMIN_CONFIG,InventoryReport,SUCCESS,3950
2026-01-02 18:36:53,davis,DELETE_USER,SystemSettings,SUCCESS,2318
2026-01-02 08:53:40,clane,CREATE_USER,InventoryReport,SUCCESS,151
2026-01-02 11:19:02,davis,ADMIN_CONFIG,AuditLogs,SUCCESS,3320
2026-01-02 15:14:07,clane,ADMIN_CONFIG,AuditLogs,SUCCESS,3932
2026-01-02 11:31:49,asmith,DELETE_USER,UserManagement,SUCCESS,1252
2026-01-02 12:19:26,asmith,ADMIN_CONFIG,SalesDashboard,SUCCESS,21
2026-01-02 23:17:12,clane,LOGIN,SalesDashboard,SUCCESS,239
2026-01-02 15:17:16,bwhite,LOGOUT,InventoryReport,SUCCESS,1317
2026-01-02 01:41:10,asmith,EXPORT_REPORT,SalesDashboard,SUCCESS,4436
2026-01-02 16:01:35,asmith,LOGIN,SalesDashboard,SUCCESS,943
2026-01-02 13:42:00,bwhite,EXPORT_REPORT,UserManagement,SUCCESS,1191
2026-01-02 11:23:32,bwhite,LOGIN,SystemSettings,SUCCESS,205
2026-01-02 16:31:40,jdoe,EXPORT_REPORT,InventoryReport,SUCCESS,4331
2026-01-02 14:42:14,asmith,VIEW_REPORT,SalesDashboard,SUCCESS,3484
2026-01-02 13:42:14,asmith,ADMIN_CONFIG,AuditLogs,SUCCESS,1181
2026-01-02 12:37:33,davis,DELETE_USER,UserManagement,SUCCESS,1783
2026-01-02 12:12:57,clane,CREATE_USER,InventoryReport,SUCCESS,4672
2026-01-02 16:48:37,asmith,EXPORT_REPORT,AuditLogs,SUCCESS,3309
2026-01-02 14:12:07,jdoe,CREATE_USER,SalesDashboard,SUCCESS,1334
2026-01-02 10:08:15,bwhite,LOGIN,SalesDashboard,SUCCESS,729
2026-01-02 11:53:13,asmith,LOGIN,AuditLogs,SUCCESS,435
2026-01-02 13:18:59,asmith,DELETE_USER,SalesDashboard,SUCCESS,4964
2026-01-02 03:57:01,davis,LOGIN,InventoryReport,SUCCESS,4094
2026-01-02 14:43:18,admin,LOGOUT,SystemSettings,SUCCESS,2190
2026-01-02 00:43:32,davis,ADMIN_CONFIG,SalesDashboard,SUCCESS,3281
2026-01-02 05:06:30,jdoe,DELETE_USER,SystemSettings,SUCCESS,2859
2026-01-02 10:35:35,jdoe,EXPORT_REPORT,UserManagement,SUCCESS,1825
2026-01-02 11:47:27,clane,EXPORT_REPORT,InventoryReport,SUCCESS,1573
2026-01-02 08:44:09,asmith,CREATE_USER,UserManagement,SUCCESS,3233
2026-01-02 08:24:24,jdoe,LOGIN,SalesDashboard,SUCCESS,858
2026-01-02 11:53:00,jdoe,VIEW_REPORT,InventoryReport,SUCCESS,107
2026-01-02 19:36:30,clane,ADMIN_CONFIG,AuditLogs,SUCCESS,2356
2026-01-02 14:55:35,jdoe,EXPORT_REPORT,InventoryReport,SUCCESS,4224
2026-01-02 11:04:54,asmith,DELETE_USER,InventoryReport,SUCCESS,74
2026-01-02 10:13:31,jdoe,LOGIN,UserManagement,SUCCESS,2646
2026-01-02 13:24:13,asmith,EXPORT_REPORT,AuditLogs,SUCCESS,3370
2026-01-02 15:09:34,clane,CREATE_USER,SalesDashboard,SUCCESS,3162
2026-01-02 10:55:25,bwhite,VIEW_REPORT,SalesDashboard,SUCCESS,4463
2026-01-02 08:00:45,bwhite,EXPORT_REPORT,SystemSettings,SUCCESS,3784
2026-01-02 16:12:42,asmith,ADMIN_CONFIG,AuditLogs,SUCCESS,134
2026-01-02 16:55:55,bwhite,LOGIN,InventoryReport,SUCCESS,633
2026-01-02 09:19:33,admin,LOGIN,InventoryReport,SUCCESS,3409
2026-01-02 08:56:26,davis,EXPORT_REPORT,AuditLogs,SUCCESS,2035
2026-01-02 16:31:09,asmith,ADMIN_CONFIG,AuditLogs,SUCCESS,3648
2026-01-02 11:39:20,admin,CREATE_USER,AuditLogs,SUCCESS,773
2026-01-02 08:44:40,admin,LOGIN,UserManagement,SUCCESS,4198
2026-01-02 12:41:10,admin,LOGIN,InventoryReport,SUCCESS,132
2026-01-02 16:23:11,admin,LOGIN,InventoryReport,SUCCESS,4801
2026-01-02 09:55:52,asmith,CREATE_USER,SalesDashboard,SUCCESS,1539
2026-01-02 15:44:22,davis,LOGOUT,UserManagement,SUCCESS,1264
2026-01-02 09:12:40,davis,ADMIN_CONFIG,SystemSettings,SUCCESS,4614
2026-01-02 08:44:49,davis,LOGOUT,AuditLogs,SUCCESS,3668
2026-01-02 07:11:12,asmith,VIEW_REPORT,InventoryReport,SUCCESS,1155
2026-01-02 13:05:23,davis,LOGOUT,AuditLogs,SUCCESS,3299
2026-01-02 16:00:36,davis,LOGOUT,SystemSettings,SUCCESS,1179
2026-01-02 09:41:46,bwhite,DELETE_USER,InventoryReport,SUCCESS,740
2026-01-02 13:20:16,asmith,DELETE_USER,UserManagement,SUCCESS,19
2026-01-02 14:20:01,admin,DELETE_USER,UserManagement,SUCCESS,736
2026-01-03 19:16:48,clane,VIEW_REPORT,UserManagement,SUCCESS,4541
2026-01-03 07:50:25,admin,LOGOUT,SalesDashboard,SUCCESS,580
2026-01-03 00:57:30,davis,ADMIN_CONFIG,AuditLogs,SUCCESS,4959
2026-01-03 22:09:07,bwhite,EXPORT_REPORT,SystemSettings,SUCCESS,1334
2026-01-03 23:17:01,clane,VIEW_REPORT,AuditLogs,SUCCESS,2271
2026-01-03 17:39:51,admin,CREATE_USER,InventoryReport,SUCCESS,3769
2026-01-03 09:51:00,clane,LOGIN,SystemSettings,SUCCESS,1880
2026-01-03 03:01:31,clane,VIEW_REPORT,UserManagement,SUCCESS,2363
2026-01-03 22:44:48,admin,EXPORT_REPORT,SalesDashboard,SUCCESS,1335
2026-01-03 12:51:58,jdoe,LOGIN,UserManagement,SUCCESS,1451
2026-01-04 15:11:25,asmith,DELETE_USER,SystemSettings,SUCCESS,1037
2026-01-04 18:28:22,admin,LOGIN,InventoryReport,SUCCESS,2677
2026-01-04 07:43:23,bwhite,VIEW_REPORT,UserManagement,SUCCESS,3556
2026-01-04 13:28:03,asmith,LOGIN,SalesDashboard,SUCCESS,3143
2026-01-04 13:30:42,clane,LOGIN,SalesDashboard,SUCCESS,1315
2026-01-04 07:45:19,jdoe,LOGOUT,AuditLogs,SUCCESS,1916
2026-01-04 22:06:26,asmith,CREATE_USER,UserManagement,SUCCESS,3582
2026-01-04 12:47:46,bwhite,DELETE_USER,InventoryReport,SUCCESS,108
2026-01-04 16:38:13,admin,CREATE_USER,InventoryReport,SUCCESS,1469
2026-01-05 14:22:57,asmith,VIEW_REPORT,UserManagement,SUCCESS,149
2026-01-05 15:05:37,clane,VIEW_REPORT,SalesDashboard,SUCCESS,4566
2026-01-05 16:30:26,davis,CREATE_USER,InventoryReport,SUCCESS,3653
2026-01-05 09:04:35,davis,CREATE_USER,AuditLogs,SUCCESS,3309
2026-01-05 14:21:08,admin,VIEW_REPORT,SalesDashboard,SUCCESS,683
2026-01-05 10:00:07,davis,CREATE_USER,SystemSettings,SUCCESS,3669
2026-01-05 15:10:04,bwhite,ADMIN_CONFIG,SystemSettings,SUCCESS,1316
2026-01-05 13:46:35,jdoe,LOGOUT,SystemSettings,SUCCESS,1093
2026-01-05 08:59:14,davis,LOGOUT,UserManagement,SUCCESS,3058
2026-01-05 13:56:21,davis,ADMIN_CONFIG,SalesDashboard,SUCCESS,4862
2026-01-05 12:33:46,jdoe,LOGOUT,SystemSettings,SUCCESS,1808
2026-01-05 09:30:51,bwhite,LOGIN,SystemSettings,SUCCESS,2963
2026-01-05 13:31:55,jdoe,DELETE_USER,SystemSettings,SUCCESS,256
2026-01-05 13:28:04,clane,ADMIN_CONFIG,SystemSettings,SUCCESS,2445
2026-01-05 00:13:37,admin,VIEW_REPORT,AuditLogs,SUCCESS,4415
2026-01-05 03:10:26,clane,LOGIN,AuditLogs,SUCCESS,2839
2026-01-05 12:01:08,admin,CREATE_USER,SystemSettings,SUCCESS,1101
2026-01-05 12:59:56,bwhite,VIEW_REPORT,SystemSettings,SUCCESS,72
2026-01-05 08:50:58,davis,EXPORT_REPORT,AuditLogs,SUCCESS,2052
2026-01-05 14:16:34,clane,EXPORT_REPORT,InventoryReport,SUCCESS,1019
2026-01-05 08:57:08,asmith,ADMIN_CONFIG,InventoryReport,SUCCESS,2197
2026-01-05 09:29:36,asmith,LOGOUT,AuditLogs,SUCCESS,3045
2026-01-05 15:11:50,jdoe,VIEW_REPORT,AuditLogs,SUCCESS,3743
2026-01-05 04:08:55,jdoe,LOGIN,AuditLogs,SUCCESS,2237
2026-01-05 14:32:53,asmith,CREATE_USER,AuditLogs,SUCCESS,3851
2026-01-05 10:59:50,jdoe,VIEW_REPORT,SystemSettings,SUCCESS,3746
2026-01-05 16:22:29,davis,VIEW_REPORT,SalesDashboard,SUCCESS,2502
2026-01-05 09:35:07,asmith,LOGIN,UserManagement,SUCCESS,2246
2026-01-05 13:32:59,clane,ADMIN_CONFIG,AuditLogs,SUCCESS,2510
2026-01-05 10:24:15,bwhite,VIEW_REPORT,SystemSettings,SUCCESS,4382
2026-01-05 12:59:23,bwhite,EXPORT_REPORT,AuditLogs,SUCCESS,952
2026-01-05 11:44:56,clane,VIEW_REPORT,SystemSettings,SUCCESS,3841
2026-01-05 09:52:36,jdoe,ADMIN_CONFIG,AuditLogs,SUCCESS,1212
2026-01-05 11:25:32,davis,LOGIN,SalesDashboard,SUCCESS,2328
2026-01-05 16:44:03,clane,CREATE_USER,SalesDashboard,SUCCESS,1273
2026-01-05 10:11:18,jdoe,DELETE_USER,AuditLogs,SUCCESS,907
2026-01-05 13:08:04,admin,DELETE_USER,SystemSettings,SUCCESS,1066
2026-01-05 12:08:35,admin,ADMIN_CONFIG,SystemSettings,SUCCESS,2692
2026-01-05 14:52:00,davis,LOGOUT,SalesDashboard,SUCCESS,3073
2026-01-05 15:00:47,asmith,VIEW_REPORT,AuditLogs,SUCCESS,4656
2026-01-05 09:09:24,admin,ADMIN_CONFIG,SalesDashboard,SUCCESS,2692
2026-01-05 08:42:52,asmith,LOGIN,SystemSettings,SUCCESS,3076
2026-01-05 11:06:59,jdoe,VIEW_REPORT,InventoryReport,SUCCESS,1751
2026-01-05 14:21:17,admin,DELETE_USER,AuditLogs,SUCCESS,4382
2026-01-05 10:59:54,asmith,ADMIN_CONFIG,SystemSettings,SUCCESS,843
2026-01-05 14:38:23,clane,ADMIN_CONFIG,SystemSettings,SUCCESS,2359
2026-01-05 09:07:00,davis,EXPORT_REPORT,InventoryReport,SUCCESS,2245
2026-01-05 11:53:10,davis,ADMIN_CONFIG,SalesDashboard,SUCCESS,1642
2026-01-05 10:11:41,admin,EXPORT_REPORT,UserManagement,FAILURE,945
2026-01-05 14:58:25,asmith,VIEW_REPORT,SystemSettings,SUCCESS,2951
2026-01-05 09:26:35,jdoe,ADMIN_CONFIG,AuditLogs,SUCCESS,4219
2026-01-05 13:05:05,asmith,EXPORT_REPORT,SalesDashboard,SUCCESS,1354
2026-01-05 11:37:52,bwhite,EXPORT_REPORT,AuditLogs,SUCCESS,2327
2026-01-05 10:24:01,jdoe,ADMIN_CONFIG,SystemSettings,SUCCESS,3190
2026-01-05 08:44:45,admin,CREATE_USER,InventoryReport,SUCCESS,1240
2026-01-05 12:52:51,davis,ADMIN_CONFIG,UserManagement,SUCCESS,724
2026-01-05 16:02:48,davis,VIEW_REPORT,SystemSettings,SUCCESS,1327
2026-01-05 15:06:35,jdoe,VIEW_REPORT,SalesDashboard,SUCCESS,2571
2026-01-05 11:58:41,bwhite,EXPORT_REPORT,InventoryReport,FAILURE,2009
2026-01-05 17:55:29,clane,CREATE_USER,SalesDashboard,SUCCESS,1093
2026-01-05 12:10:37,clane,CREATE_USER,UserManagement,SUCCESS,3027
2026-01-05 12:39:00,jdoe,LOGIN,InventoryReport,SUCCESS,1683
2026-01-05 13:56:50,asmith,LOGOUT,AuditLogs,SUCCESS,4416
2026-01-05 19:00:53,asmith,CREATE_USER,SalesDashboard,SUCCESS,491
2026-01-05 16:32:30,jdoe,CREATE_USER,InventoryReport,SUCCESS,655
2026-01-05 11:38:40,bwhite,LOGIN,AuditLogs,SUCCESS,3571
2026-01-05 15:52:01,admin,CREATE_USER,SalesDashboard,SUCCESS,160
2026-01-05 16:25:33,asmith,EXPORT_REPORT,SystemSettings,FAILURE,2058
2026-01-05 09:27:09,clane,LOGOUT,SalesDashboard,SUCCESS,219
2026-01-05 16:30:42,bwhite,ADMIN_CONFIG,AuditLogs,SUCCESS,3455
2026-01-05 02:12:32,bwhite,LOGOUT,InventoryReport,FAILURE,1126
2026-01-05 15:55:02,asmith,CREATE_USER,SystemSettings,SUCCESS,449
2026-01-05 09:31:36,asmith,LOGOUT,UserManagement,SUCCESS,1919
2026-01-06 12:16:00,clane,LOGOUT,SystemSettings,SUCCESS,4101
2026-01-06 02:20:22,bwhite,EXPORT_REPORT,AuditLogs,SUCCESS,3905
2026-01-06 12:04:48,asmith,ADMIN_CONFIG,UserManagement,SUCCESS,601
2026-01-06 15:56:14,clane,DELETE_USER,InventoryReport,SUCCESS,253
2026-01-06 13:16:58,asmith,LOGOUT,SystemSettings,SUCCESS,3766
2026-01-06 02:57:15,asmith,EXPORT_REPORT,InventoryReport,SUCCESS,3507
2026-01-06 15:43:34,asmith,VIEW_REPORT,InventoryReport,SUCCESS,1903
2026-01-06 08:57:39,davis,DELETE_USER,UserManagement,FAILURE,709
2026-01-06 10:26:27,clane,LOGIN,AuditLogs,SUCCESS,3928
2026-01-06 10:14:26,asmith,ADMIN_CONFIG,SystemSettings,SUCCESS,4716
2026-01-06 13:06:54,jdoe,CREATE_USER,AuditLogs,SUCCESS,2309
2026-01-06 10:49:20,admin,LOGIN,AuditLogs,SUCCESS,1846
2026-01-06 16:49:26,jdoe,LOGIN,AuditLogs,SUCCESS,2968
2026-01-06 16:09:39,davis,LOGIN,SystemSettings,SUCCESS,3916
2026-01-06 09:57:19,asmith,DELETE_USER,SalesDashboard,SUCCESS,1124
2026-01-06 08:53:17,bwhite,EXPORT_REPORT,SalesDashboard,SUCCESS,1180
2026-01-06 06:55:24,davis,ADMIN_CONFIG,InventoryReport,SUCCESS,1119
2026-01-06 14:39:58,asmith,VIEW_REPORT,SalesDashboard,SUCCESS,4926
2026-01-06 10:36:09,bwhite,VIEW_REPORT,SalesDashboard,SUCCESS,1135
2026-01-06 06:02:58,jdoe,CREATE_USER,SalesDashboard,SUCCESS,622
2026-01-06 20:24:43,asmith,DELETE_USER,AuditLogs,SUCCESS,2887
2026-01-06 20:41:16,clane,ADMIN_CONFIG,AuditLogs,SUCCESS,2372
2026-01-06 02:59:39,bwhite,LOGIN,SystemSettings,SUCCESS,564
2026-01-06 16:28:23,asmith,DELETE_USER,UserManagement,SUCCESS,3878
2026-01-06 11:31:39,davis,DELETE_USER,AuditLogs,SUCCESS,4787
2026-01-06 12:40:00,asmith,ADMIN_CONFIG,SystemSettings,SUCCESS,2026
2026-01-06 15:40:38,clane,LOGIN,AuditLogs,SUCCESS,70
2026-01-06 15:05:29,davis,CREATE_USER,SalesDashboard,SUCCESS,2694
2026-01-06 15:46:27,clane,LOGIN,InventoryReport,SUCCESS,727
2026-01-06 13:37:24,davis,EXPORT_REPORT,UserManagement,SUCCESS,1760
2026-01-06 15:41:07,clane,LOGOUT,InventoryReport,SUCCESS,3962
2026-01-06 13:30:01,clane,VIEW_REPORT,SalesDashboard,SUCCESS,2435
2026-01-06 10:07:04,davis,DELETE_USER,AuditLogs,SUCCESS,309
2026-01-06 17:24:06,admin,EXPORT_REPORT,UserManagement,SUCCESS,4963
2026-01-06 13:36:52,clane,CREATE_USER,AuditLogs,SUCCESS,1772
2026-01-06 11:55:32,admin,LOGOUT,UserManagement,SUCCESS,3966
2026-01-06 06:34:15,asmith,VIEW_REPORT,SystemSettings,SUCCESS,3780
2026-01-06 16:56:16,jdoe,ADMIN_CONFIG,UserManagement,SUCCESS,2220
2026-01-06 10:24:06,admin,VIEW_REPORT,InventoryReport,SUCCESS,4006
2026-01-06 16:53:06,davis,CREATE_USER,SalesDashboard,SUCCESS,1624
2026-01-06 14:29:15,bwhite,EXPORT_REPORT,AuditLogs,SUCCESS,4224
2026-01-06 02:39:29,bwhite,VIEW_REPORT,SystemSettings,SUCCESS,4716
2026-01-06 15:28:01,clane,LOGOUT,UserManagement,SUCCESS,1462
2026-01-06 22:37:55,davis,CREATE_USER,InventoryReport,SUCCESS,2489
2026-01-06 11:10:43,jdoe,LOGIN,InventoryReport,SUCCESS,1220
2026-01-06 12:02:33,davis,EXPORT_REPORT,AuditLogs,SUCCESS,2802
2026-01-06 14:51:01,asmith,LOGIN,SystemSettings,SUCCESS,819
2026-01-06 11:18:02,clane,VIEW_REPORT,SystemSettings,SUCCESS,2080
2026-01-06 12:11:46,bwhite,VIEW_REPORT,AuditLogs,SUCCESS,972
2026-01-06 16:08:58,asmith,CREATE_USER,InventoryReport,SUCCESS,2893
2026-01-06 09:40:24,bwhite,ADMIN_CONFIG,UserManagement,FAILURE,3060
2026-01-06 12:29:02,davis,ADMIN_CONFIG,UserManagement,SUCCESS,734
2026-01-06 09:55:27,davis,LOGIN,AuditLogs,SUCCESS,4547
2026-01-06 06:59:07,jdoe,DELETE_USER,AuditLogs,SUCCESS,3247
2026-01-06 08:24:33,davis,EXPORT_REPORT,AuditLogs,SUCCESS,3050
2026-01-06 04:27:30,asmith,ADMIN_CONFIG,SystemSettings,SUCCESS,4124
2026-01-06 11:17:42,clane,DELETE_USER,SalesDashboard,SUCCESS,3082
2026-01-06 21:57:23,clane,VIEW_REPORT,AuditLogs,SUCCESS,582
2026-01-06 13:50:21,admin,VIEW_REPORT,SystemSettings,SUCCESS,1154
2026-01-06 13:15:05,asmith,LOGOUT,InventoryReport,SUCCESS,4009
2026-01-06 13:37:31,bwhite,LOGIN,SystemSettings,SUCCESS,1892
2026-01-06 10:16:51,bwhite,ADMIN_CONFIG,AuditLogs,SUCCESS,2825
2026-01-06 16:39:51,bwhite,LOGOUT,UserManagement,SUCCESS,4838
2026-01-06 14:00:21,asmith,LOGIN,SystemSettings,SUCCESS,540
2026-01-06 11:07:02,davis,LOGIN,AuditLogs,SUCCESS,3353
2026-01-06 09:53:18,jdoe,LOGIN,SystemSettings,SUCCESS,3338
2026-01-06 16:51:14,admin,CREATE_USER,SalesDashboard,SUCCESS,819
2026-01-06 11:20:49,davis,LOGOUT,InventoryReport,SUCCESS,4357
2026-01-06 16:41:29,davis,EXPORT_REPORT,AuditLogs,SUCCESS,2344
2026-01-06 16:55:19,admin,EXPORT_REPORT,InventoryReport,SUCCESS,3936
2026-01-06 12:49:09,admin,VIEW_REPORT,InventoryReport,SUCCESS,982
2026-01-06 09:10:12,clane,LOGOUT,InventoryReport,FAILURE,279
2026-01-06 11:31:24,asmith,DELETE_USER,SalesDashboard,SUCCESS,1448
2026-01-06 16:03:32,jdoe,EXPORT_REPORT,InventoryReport,SUCCESS,847
2026-01-06 08:35:35,jdoe,DELETE_USER,AuditLogs,SUCCESS,1259
2026-01-06 12:29:42,clane,ADMIN_CONFIG,InventoryReport,SUCCESS,4504
2026-01-06 11:10:33,bwhite,EXPORT_REPORT,InventoryReport,SUCCESS,515
2026-01-06 10:14:16,clane,EXPORT_REPORT,SystemSettings,SUCCESS,2371
2026-01-06 01:00:11,jdoe,LOGOUT,UserManagement,SUCCESS,3134
2026-01-06 15:19:56,clane,DELETE_USER,SystemSettings,SUCCESS,2346
2026-01-06 14:49:59,clane,LOGIN,SalesDashboard,SUCCESS,1362
2026-01-06 11:58:09,admin,LOGIN,InventoryReport,SUCCESS,2206
2026-01-06 09:11:50,asmith,EXPORT_REPORT,UserManagement,SUCCESS,4238
2026-01-06 03:32:52,asmith,ADMIN_CONFIG,AuditLogs,SUCCESS,599
2026-01-06 12:46:38,jdoe,VIEW_REPORT,SalesDashboard,SUCCESS,1033
2026-01-06 12:07:31,jdoe,CREATE_USER,AuditLogs,SUCCESS,1770
2026-01-06 11:28:10,bwhite,ADMIN_CONFIG,UserManagement,SUCCESS,3407
2026-01-06 09:23:04,bwhite,EXPORT_REPORT,SystemSettings,SUCCESS,211
2026-01-06 14:22:22,davis,EXPORT_REPORT,SalesDashboard,SUCCESS,4104
2026-01-06 16:20:04,jdoe,VIEW_REPORT,AuditLogs,SUCCESS,4934
2026-01-06 09:33:47,bwhite,LOGIN,SalesDashboard,SUCCESS,2698
2026-01-06 14:09:32,admin,DELETE_USER,SalesDashboard,SUCCESS,2320
2026-01-06 12:13:02,jdoe,EXPORT_REPORT,SalesDashboard,SUCCESS,597
2026-01-06 09:19:46,asmith,CREATE_USER,SalesDashboard,SUCCESS,1066
2026-01-06 13:30:12,admin,CREATE_USER,InventoryReport,SUCCESS,12
2026-01-06 16:06:36,bwhite,LOGOUT,UserManagement,SUCCESS,2377
2026-01-06 15:11:38,bwhite,LOGOUT,AuditLogs,SUCCESS,4265
2026-01-06 22:20:41,bwhite,VIEW_REPORT,SystemSettings,SUCCESS,2446
2026-01-06 15:31:54,admin,VIEW_REPORT,AuditLogs,SUCCESS,3251
2026-01-06 15:28:03,jdoe,LOGOUT,InventoryReport,SUCCESS,864
2026-01-07 11:10:34,asmith,DELETE_USER,InventoryReport,SUCCESS,4041
2026-01-07 11:39:14,asmith,CREATE_USER,InventoryReport,SUCCESS,1608
2026-01-07 16:15:44,jdoe,LOGOUT,SystemSettings,SUCCESS,29
2026-01-07 15:09:11,admin,LOGOUT,AuditLogs,SUCCESS,3610
2026-01-07 14:09:39,bwhite,ADMIN_CONFIG,SystemSettings,FAILURE,2729
2026-01-07 13:38:57,asmith,CREATE_USER,InventoryReport,SUCCESS,3626
2026-01-07 12:37:29,bwhite,VIEW_REPORT,AuditLogs,SUCCESS,4560
2026-01-07 11:55:53,jdoe,VIEW_REPORT,SalesDashboard,SUCCESS,4974
2026-01-07 12:07:06,jdoe,VIEW_REPORT,SalesDashboard,SUCCESS,1776
2026-01-07 07:25:20,davis,ADMIN_CONFIG,UserManagement,SUCCESS,85
2026-01-07 10:20:46,bwhite,LOGOUT,SalesDashboard,SUCCESS,328
2026-01-07 10:05:29,asmith,ADMIN_CONFIG,InventoryReport,SUCCESS,84
2026-01-07 12:17:18,jdoe,ADMIN_CONFIG,UserManagement,SUCCESS,4318
2026-01-07 16:37:37,admin,LOGIN,UserManagement,SUCCESS,241
2026-01-07 13:14:14,bwhite,EXPORT_REPORT,InventoryReport,SUCCESS,3792
2026-01-07 16:17:10,asmith,EXPORT_REPORT,InventoryReport,SUCCESS,4085
2026-01-07 15:21:06,davis,VIEW_REPORT,AuditLogs,FAILURE,1022
2026-01-07 08:22:25,admin,VIEW_REPORT,SystemSettings,SUCCESS,434
2026-01-07 19:02:53,asmith,EXPORT_REPORT,AuditLogs,SUCCESS,4850
2026-01-07 08:52:27,jdoe,VIEW_REPORT,SalesDashboard,SUCCESS,3773
2026-01-07 08:22:48,admin,EXPORT_REPORT,AuditLogs,SUCCESS,2009
2026-01-07 13:55:54,bwhite,ADMIN_CONFIG,InventoryReport,SUCCESS,2909
2026-01-07 10:25:14,jdoe,CREATE_USER,SystemSettings,SUCCESS,3142
2026-01-07 12:27:12,bwhite,VIEW_REPORT,SalesDashboard,SUCCESS,2084
2026-01-07 14:00:00,jdoe,LOGIN,UserManagement,SUCCESS,3476
2026-01-07 15:10:45,asmith,EXPORT_REPORT,AuditLogs,SUCCESS,3904
2026-01-07 11:13:03,davis,LOGOUT,AuditLogs,SUCCESS,2849
2026-01-07 09:44:36,jdoe,LOGIN,SystemSettings,SUCCESS,2730
2026-01-07 12:04:19,jdoe,DELETE_USER,AuditLogs,SUCCESS,1637
2026-01-07 12:06:27,clane,LOGOUT,InventoryReport,SUCCESS,3075
2026-01-07 09:41:20,clane,LOGOUT,InventoryReport,SUCCESS,754
2026-01-07 00:04:57,admin,ADMIN_CONFIG,SalesDashboard,SUCCESS,4321
2026-01-07 12:01:54,bwhite,DELETE_USER,UserManagement,SUCCESS,4849
2026-01-07 09:27:45,asmith,LOGOUT,SystemSettings,SUCCESS,2854
2026-01-07 19:20:03,clane,LOGIN,SalesDashboard,SUCCESS,1571
2026-01-07 09:47:00,admin,EXPORT_REPORT,UserManagement,SUCCESS,3879
2026-01-07 08:54:18,bwhite,LOGOUT,AuditLogs,SUCCESS,2186
2026-01-07 16:34:39,davis,VIEW_REPORT,UserManagement,SUCCESS,4674
2026-01-07 10:14:06,clane,EXPORT_REPORT,SalesDashboard,SUCCESS,2317
2026-01-07 13:52:01,jdoe,EXPORT_REPORT,SalesDashboard,SUCCESS,3460
2026-01-07 15:58:06,clane,ADMIN_CONFIG,AuditLogs,SUCCESS,1574
2026-01-07 10:48:00,clane,LOGIN,SalesDashboard,FAILURE,4592
2026-01-07 10:27:19,admin,EXPORT_REPORT,SalesDashboard,SUCCESS,2162
2026-01-07 11:29:32,bwhite,LOGOUT,AuditLogs,SUCCESS,1384
2026-01-07 16:50:16,bwhite,CREATE_USER,UserManagement,SUCCESS,1202
2026-01-07 17:26:48,jdoe,VIEW_REPORT,SalesDashboard,SUCCESS,1136
2026-01-07 11:43:19,admin,LOGIN,AuditLogs,SUCCESS,3901
2026-01-07 15:34:29,davis,CREATE_USER,InventoryReport,SUCCESS,3040
2026-01-07 21:50:41,jdoe,EXPORT_REPORT,SalesDashboard,SUCCESS,207
2026-01-07 14:40:57,jdoe,CREATE_USER,UserManagement,SUCCESS,767
2026-01-07 14:06:07,clane,ADMIN_CONFIG,SystemSettings,SUCCESS,98
2026-01-07 09:49:05,jdoe,CREATE_USER,AuditLogs,SUCCESS,2187
2026-01-07 12:46:33,asmith,EXPORT_REPORT,UserManagement,SUCCESS,971
2026-01-07 10:48:19,davis,DELETE_USER,UserManagement,SUCCESS,658
2026-01-07 13:53:04,admin,LOGIN,SalesDashboard,SUCCESS,173
2026-01-07 12:43:32,admin,VIEW_REPORT,AuditLogs,SUCCESS,1680
2026-01-07 13:39:54,bwhite,LOGIN,InventoryReport,SUCCESS,270
2026-01-07 12:33:49,admin,ADMIN_CONFIG,SalesDashboard,SUCCESS,1647
2026-01-07 12:24:38,jdoe,EXPORT_REPORT,UserManagement,SUCCESS,1410
2026-01-07 13:53:50,clane,LOGIN,SalesDashboard,SUCCESS,4963
2026-01-07 11:55:10,davis,LOGIN,AuditLogs,SUCCESS,472
2026-01-07 14:01:44,asmith,ADMIN_CONFIG,UserManagement,SUCCESS,1838
2026-01-07 09:15:42,asmith,DELETE_USER,InventoryReport,SUCCESS,1108
2026-01-07 13:06:03,admin,CREATE_USER,SalesDashboard,SUCCESS,1859
2026-01-07 16:32:09,clane,CREATE_USER,SystemSettings,SUCCESS,443
2026-01-07 13:59:20,admin,VIEW_REPORT,SystemSettings,SUCCESS,910
2026-01-07 08:37:19,jdoe,LOGIN,AuditLogs,SUCCESS,3547
2026-01-07 08:12:10,bwhite,ADMIN_CONFIG,SystemSettings,SUCCESS,4394
2026-01-07 10:37:01,davis,EXPORT_REPORT,SalesDashboard,SUCCESS,707
2026-01-07 12:45:48,davis,EXPORT_REPORT,SalesDashboard,SUCCESS,4119
2026-01-07 12:35:39,asmith,LOGOUT,UserManagement,SUCCESS,119
2026-01-07 16:34:35,davis,CREATE_USER,UserManagement,SUCCESS,1939
2026-01-07 08:04:19,clane,DELETE_USER,SystemSettings,SUCCESS,2538
2026-01-07 08:31:04,admin,DELETE_USER,AuditLogs,SUCCESS,835
2026-01-07 12:52:04,jdoe,ADMIN_CONFIG,InventoryReport,SUCCESS,171
2026-01-07 22:24:55,bwhite,LOGOUT,InventoryReport,SUCCESS,3575
2026-01-07 13:46:28,bwhite,DELETE_USER,InventoryReport,SUCCESS,1086
2026-01-07 09:19:49,bwhite,ADMIN_CONFIG,InventoryReport,SUCCESS,4438
2026-01-07 14:18:09,davis,DELETE_USER,SystemSettings,SUCCESS,130
2026-01-07 17:22:02,bwhite,ADMIN_CONFIG,InventoryReport,SUCCESS,2010
2026-01-07 15:53:37,asmith,LOGOUT,SystemSettings,SUCCESS,955
2026-01-07 16:04:32,admin,DELETE_USER,SalesDashboard,SUCCESS,3340
2026-01-07 12:26:05,asmith,VIEW_REPORT,UserManagement,SUCCESS,410
2026-01-07 13:29:42,jdoe,LOGOUT,AuditLogs,FAILURE,4629
2026-01-07 10:52:18,davis,LOGOUT,AuditLogs,SUCCESS,4939
2026-01-07 14:26:58,bwhite,VIEW_REPORT,SalesDashboard,SUCCESS,2936
2026-01-07 09:19:38,admin,LOGIN,AuditLogs,SUCCESS,2758
2026-01-07 13:00:09,asmith,CREATE_USER,AuditLogs,SUCCESS,4593
2026-01-07 11:57:37,jdoe,EXPORT_REPORT,SalesDashboard,SUCCESS,1167
2026-01-07 15:36:34,bwhite,LOGOUT,UserManagement,SUCCESS,2410
2026-01-07 05:16:57,asmith,LOGOUT,UserManagement,SUCCESS,4561
2026-01-07 05:17:50,asmith,CREATE_USER,InventoryReport,SUCCESS,4969
2026-01-07 08:26:26,davis,LOGOUT,AuditLogs,SUCCESS,2878
2026-01-07 11:05:29,davis,CREATE_USER,SalesDashboard,SUCCESS,4540
2026-01-07 09:20:02,bwhite,VIEW_REPORT,UserManagement,SUCCESS,945
2026-01-07 10:05:23,jdoe,ADMIN_CONFIG,UserManagement,SUCCESS,2359
2026-01-07 08:08:19,bwhite,CREATE_USER,AuditLogs,SUCCESS,2810
2026-01-07 14:47:41,asmith,ADMIN_CONFIG,SystemSettings,FAILURE,1306
2026-01-08 10:21:11,jdoe,LOGOUT,AuditLogs,SUCCESS,4853
2026-01-08 12:45:09,bwhite,ADMIN_CONFIG,SalesDashboard,SUCCESS,926
2026-01-08 05:30:09,admin,EXPORT_REPORT,SystemSettings,SUCCESS,4194
2026-01-08 14:40:40,asmith,EXPORT_REPORT,InventoryReport,SUCCESS,4914
2026-01-08 10:39:04,davis,CREATE_USER,AuditLogs,SUCCESS,4677
2026-01-08 11:42:28,asmith,LOGIN,SystemSettings,SUCCESS,4773
2026-01-08 09:31:51,asmith,LOGOUT,SystemSettings,SUCCESS,4566
2026-01-08 12:57:48,jdoe,CREATE_USER,SalesDashboard,SUCCESS,3512
2026-01-08 15:37:33,jdoe,EXPORT_REPORT,SystemSettings,SUCCESS,1332
2026-01-08 23:10:30,davis,LOGIN,SystemSettings,SUCCESS,4864
2026-01-08 09:55:26,bwhite,ADMIN_CONFIG,SystemSettings,SUCCESS,588
2026-01-08 09:52:47,jdoe,CREATE_USER,UserManagement,SUCCESS,4851
2026-01-08 10:59:46,bwhite,DELETE_USER,SystemSettings,SUCCESS,3859
2026-01-08 11:42:20,admin,LOGIN,SalesDashboard,SUCCESS,4181
2026-01-08 12:13:16,bwhite,ADMIN_CONFIG,SystemSettings,SUCCESS,4764
2026-01-08 01:49:31,davis,LOGIN,AuditLogs,SUCCESS,3841
2026-01-08 10:16:48,jdoe,EXPORT_REPORT,InventoryReport,FAILURE,1686
2026-01-08 16:48:17,clane,EXPORT_REPORT,InventoryReport,SUCCESS,536
2026-01-08 14:39:07,davis,LOGIN,UserManagement,SUCCESS,4720
2026-01-08 11:03:18,clane,ADMIN_CONFIG,SalesDashboard,SUCCESS,2135
2026-01-08 15:16:26,clane,DELETE_USER,SystemSettings,SUCCESS,3269
2026-01-08 23:06:23,asmith,EXPORT_REPORT,AuditLogs,SUCCESS,3884
2026-01-08 10:29:06,clane,EXPORT_REPORT,UserManagement,SUCCESS,4383
2026-01-08 16:54:26,bwhite,EXPORT_REPORT,SystemSettings,SUCCESS,4423
2026-01-08 08:49:12,clane,LOGOUT,UserManagement,SUCCESS,2848
2026-01-08 15:58:15,jdoe,EXPORT_REPORT,SystemSettings,SUCCESS,237
2026-01-08 08:16:17,davis,CREATE_USER,AuditLogs,SUCCESS,4810
2026-01-08 14:34:27,bwhite,LOGOUT,UserManagement,SUCCESS,4820
2026-01-08 11:42:03,bwhite,VIEW_REPORT,SystemSettings,SUCCESS,616
2026-01-08 14:25:50,asmith,CREATE_USER,InventoryReport,SUCCESS,1243
2026-01-08 16:57:03,asmith,ADMIN_CONFIG,SalesDashboard,SUCCESS,2775
2026-01-08 13:58:37,jdoe,CREATE_USER,SalesDashboard,SUCCESS,2607
2026-01-08 10:08:52,asmith,LOGOUT,UserManagement,SUCCESS,2312
2026-01-08 11:05:15,admin,VIEW_REPORT,SalesDashboard,SUCCESS,1503
2026-01-08 05:48:11,admin,LOGOUT,SystemSettings,SUCCESS,252
2026-01-08 21:45:27,jdoe,EXPORT_REPORT,SystemSettings,SUCCESS,989
2026-01-08 09:10:03,davis,LOGOUT,SystemSettings,FAILURE,386
2026-01-08 11:09:56,asmith,VIEW_REPORT,InventoryReport,SUCCESS,2226
2026-01-08 09:48:54,bwhite,ADMIN_CONFIG,AuditLogs,SUCCESS,4889
2026-01-08 16:23:36,asmith,DELETE_USER,SystemSettings,SUCCESS,1259
2026-01-08 08:57:52,asmith,DELETE_USER,InventoryReport,SUCCESS,1788
2026-01-08 10:38:03,clane,DELETE_USER,SystemSettings,SUCCESS,3702
2026-01-08 08:10:51,admin,LOGOUT,UserManagement,SUCCESS,1540
2026-01-08 16:30:17,davis,VIEW_REPORT,InventoryReport,SUCCESS,312
2026-01-08 15:34:07,bwhite,ADMIN_CONFIG,UserManagement,SUCCESS,2336
2026-01-08 09:22:52,davis,DELETE_USER,UserManagement,SUCCESS,2143
2026-01-08 13:53:49,jdoe,VIEW_REPORT,SalesDashboard,SUCCESS,3025
2026-01-08 16:18:43,admin,LOGOUT,SystemSettings,SUCCESS,1756
2026-01-08 10:40:28,asmith,EXPORT_REPORT,InventoryReport,SUCCESS,4231
2026-01-08 09:35:17,davis,CREATE_USER,SystemSettings,SUCCESS,2811
2026-01-08 08:04:12,jdoe,LOGIN,InventoryReport,SUCCESS,2374
2026-01-08 15:30:53,admin,EXPORT_REPORT,SystemSettings,SUCCESS,1854
2026-01-08 14:59:06,admin,LOGIN,AuditLogs,SUCCESS,4592
2026-01-08 16:28:18,asmith,EXPORT_REPORT,AuditLogs,SUCCESS,3917
2026-01-08 15:20:53,asmith,VIEW_REPORT,InventoryReport,SUCCESS,2814
2026-01-08 15:07:10,asmith,CREATE_USER,UserManagement,SUCCESS,4171
2026-01-08 08:51:54,jdoe,VIEW_REPORT,SystemSettings,FAILURE,2357
2026-01-08 13:22:22,jdoe,LOGIN,SalesDashboard,SUCCESS,3543
2026-01-08 13:16:40,admin,EXPORT_REPORT,SystemSettings,SUCCESS,4863
2026-01-08 16:12:11,bwhite,LOGOUT,SystemSettings,SUCCESS,2979
2026-01-08 12:06:22,davis,ADMIN_CONFIG,SystemSettings,SUCCESS,2553
2026-01-08 12:04:56,clane,VIEW_REPORT,UserManagement,SUCCESS,3240
2026-01-08 10:00:05,bwhite,EXPORT_REPORT,SalesDashboard,SUCCESS,3650
2026-01-08 23:52:26,davis,LOGIN,SystemSettings,SUCCESS,4043
2026-01-08 11:43:02,asmith,VIEW_REPORT,SalesDashboard,SUCCESS,720
2026-01-08 08:52:58,admin,DELETE_USER,InventoryReport,SUCCESS,4669
2026-01-08 16:01:43,davis,DELETE_USER,UserManagement,SUCCESS,2485
2026-01-08 03:55:01,clane,EXPORT_REPORT,UserManagement,SUCCESS,4843
2026-01-08 13:21:07,jdoe,EXPORT_REPORT,UserManagement,SUCCESS,2818
2026-01-08 15:03:11,bwhite,EXPORT_REPORT,AuditLogs,SUCCESS,2432
2026-01-08 14:27:52,asmith,LOGIN,UserManagement,SUCCESS,3667
2026-01-08 02:10:35,jdoe,LOGOUT,UserManagement,SUCCESS,1492
2026-01-08 12:36:55,jdoe,ADMIN_CONFIG,AuditLogs,SUCCESS,4421
2026-01-08 09:25:39,asmith,LOGIN,SystemSettings,SUCCESS,1333
2026-01-08 08:47:41,davis,ADMIN_CONFIG,AuditLogs,SUCCESS,55
2026-01-08 14:45:08,jdoe,LOGIN,UserManagement,SUCCESS,4616
2026-01-08 10:42:31,jdoe,VIEW_REPORT,SalesDashboard,SUCCESS,4816
2026-01-08 15:46:53,jdoe,ADMIN_CONFIG,SalesDashboard,SUCCESS,1608
2026-01-08 14:16:01,bwhite,EXPORT_REPORT,SystemSettings,SUCCESS,1044
2026-01-08 10:08:26,admin,DELETE_USER,InventoryReport,SUCCESS,2482
2026-01-08 15:38:08,bwhite,LOGOUT,UserManagement,SUCCESS,651
2026-01-08 09:50:29,jdoe,CREATE_USER,InventoryReport,SUCCESS,290
2026-01-08 14:44:29,jdoe,DELETE_USER,UserManagement,SUCCESS,4146
2026-01-08 16:20:13,davis,VIEW_REPORT,SystemSettings,SUCCESS,3754
2026-01-08 08:14:49,asmith,ADMIN_CONFIG,UserManagement,SUCCESS,123
2026-01-08 11:41:32,jdoe,DELETE_USER,SalesDashboard,SUCCESS,4437
2026-01-08 13:07:16,clane,LOGOUT,InventoryReport,SUCCESS,816
2026-01-08 14:26:15,admin,CREATE_USER,AuditLogs,SUCCESS,2238
2026-01-08 10:58:27,asmith,EXPORT_REPORT,SystemSettings,SUCCESS,2621
2026-01-08 11:56:53,clane,DELETE_USER,SystemSettings,SUCCESS,363
2026-01-08 15:47:09,asmith,LOGOUT,SystemSettings,SUCCESS,1710
2026-01-08 12:52:46,clane,ADMIN_CONFIG,SalesDashboard,SUCCESS,407
2026-01-08 12:18:26,admin,DELETE_USER,InventoryReport,SUCCESS,2031
2026-01-08 09:09:58,admin,CREATE_USER,AuditLogs,SUCCESS,199
2026-01-08 10:35:41,jdoe,LOGIN,SalesDashboard,SUCCESS,4771
2026-01-08 14:03:52,clane,ADMIN_CONFIG,AuditLogs,SUCCESS,3464
2026-01-08 19:32:15,clane,VIEW_REPORT,SalesDashboard,SUCCESS,3079
2026-01-08 11:10:41,bwhite,EXPORT_REPORT,UserManagement,SUCCESS,4476
2026-01-08 13:44:13,davis,LOGIN,AuditLogs,SUCCESS,4821
2026-01-08 08:38:41,clane,CREATE_USER,UserManagement,SUCCESS,1505
2026-01-08 05:29:00,jdoe,DELETE_USER,UserManagement,SUCCESS,764
2026-01-08 00:28:52,admin,VIEW_REPORT,UserManagement,SUCCESS,2328
2026-01-09 13:27:50,jdoe,VIEW_REPORT,AuditLogs,SUCCESS,4611
2026-01-09 15:14:03,clane,DELETE_USER,InventoryReport,SUCCESS,36
2026-01-09 08:52:12,admin,EXPORT_REPORT,SystemSettings,SUCCESS,4045
2026-01-09 15:19:39,asmith,CREATE_USER,UserManagement,SUCCESS,829
2026-01-09 15:40:57,asmith,CREATE_USER,AuditLogs,SUCCESS,406
2026-01-09 08:06:22,clane,EXPORT_REPORT,SalesDashboard,SUCCESS,4783
2026-01-09 16:01:01,asmith,LOGIN,InventoryReport,SUCCESS,1622
2026-01-09 22:57:11,bwhite,VIEW_REPORT,InventoryReport,SUCCESS,1842
2026-01-09 16:51:28,clane,ADMIN_CONFIG,UserManagement,SUCCESS,2560
2026-01-09 22:04:39,clane,LOGOUT,InventoryReport,SUCCESS,869
2026-01-09 15:36:31,bwhite,DELETE_USER,UserManagement,SUCCESS,2965
2026-01-09 14:58:53,asmith,DELETE_USER,InventoryReport,SUCCESS,3339
2026-01-09 16:46:33,admin,DELETE_USER,AuditLogs,SUCCESS,4829
2026-01-09 03:29:16,jdoe,ADMIN_CONFIG,AuditLogs,SUCCESS,2608
2026-01-09 13:27:46,jdoe,LOGOUT,UserManagement,SUCCESS,3689
2026-01-09 13:48:18,clane,ADMIN_CONFIG,SystemSettings,SUCCESS,2677
2026-01-09 09:07:59,bwhite,LOGOUT,InventoryReport,SUCCESS,3437
2026-01-09 11:04:06,asmith,DELETE_USER,AuditLogs,SUCCESS,4828
2026-01-09 11:18:53,admin,EXPORT_REPORT,SalesDashboard,SUCCESS,889
2026-01-09 11:01:36,bwhite,LOGOUT,InventoryReport,SUCCESS,711
2026-01-09 10:05:25,asmith,LOGIN,SystemSettings,SUCCESS,3678
2026-01-09 12:27:39,jdoe,VIEW_REPORT,SystemSettings,SUCCESS,838
2026-01-09 13:46:06,davis,EXPORT_REPORT,AuditLogs,SUCCESS,2017
2026-01-09 16:36:29,jdoe,LOGOUT,InventoryReport,SUCCESS,3887
2026-01-09 13:01:52,clane,LOGOUT,UserManagement,SUCCESS,3096
2026-01-09 13:30:36,davis,ADMIN_CONFIG,UserManagement,SUCCESS,4872
2026-01-09 09:26:17,clane,LOGIN,SalesDashboard,SUCCESS,3234
2026-01-09 09:15:26,clane,DELETE_USER,UserManagement,SUCCESS,2713
2026-01-09 03:20:00,admin,EXPORT_REPORT,SalesDashboard,SUCCESS,1334
2026-01-09 08:55:50,asmith,LOGOUT,UserManagement,SUCCESS,3939
2026-01-09 18:36:36,bwhite,EXPORT_REPORT,AuditLogs,SUCCESS,4534
2026-01-09 10:25:15,jdoe,DELETE_USER,UserManagement,SUCCESS,63
2026-01-09 13:37:32,admin,EXPORT_REPORT,InventoryReport,SUCCESS,2866
2026-01-09 16:25:35,admin,LOGIN,SystemSettings,SUCCESS,3552
2026-01-09 09:43:52,jdoe,ADMIN_CONFIG,InventoryReport,SUCCESS,3540
2026-01-09 08:13:42,jdoe,VIEW_REPORT,SystemSettings,FAILURE,3417
2026-01-09 12:33:06,admin,EXPORT_REPORT,UserManagement,SUCCESS,333
2026-01-09 11:11:47,admin,LOGIN,InventoryReport,SUCCESS,3455
2026-01-09 20:15:23,admin,LOGOUT,InventoryReport,SUCCESS,1804
2026-01-09 11:18:22,asmith,LOGIN,AuditLogs,SUCCESS,834
2026-01-09 12:28:08,admin,DELETE_USER,SystemSettings,SUCCESS,2389
2026-01-09 07:36:44,admin,ADMIN_CONFIG,AuditLogs,SUCCESS,2915
2026-01-09 11:44:13,jdoe,DELETE_USER,AuditLogs,SUCCESS,913
2026-01-09 15:15:17,bwhite,VIEW_REPORT,InventoryReport,SUCCESS,519
2026-01-09 14:28:32,asmith,LOGOUT,SystemSettings,SUCCESS,3352
2026-01-09 16:54:15,jdoe,DELETE_USER,AuditLogs,SUCCESS,3152
2026-01-09 16:19:01,jdoe,EXPORT_REPORT,SalesDashboard,SUCCESS,1809
2026-01-09 12:46:31,asmith,LOGIN,UserManagement,SUCCESS,2780
2026-01-09 09:40:36,davis,CREATE_USER,SalesDashboard,SUCCESS,4004
2026-01-09 09:26:29,admin,LOGIN,AuditLogs,SUCCESS,2656
2026-01-09 11:14:32,asmith,LOGIN,UserManagement,SUCCESS,3084
2026-01-09 17:48:05,asmith,LOGOUT,SystemSettings,SUCCESS,4598
2026-01-09 11:01:54,admin,DELETE_USER,SystemSettings,SUCCESS,3268
2026-01-09 15:42:18,davis,DELETE_USER,SalesDashboard,FAILURE,2235
2026-01-09 01:40:49,asmith,DELETE_USER,SalesDashboard,FAILURE,1375
2026-01-09 09:58:56,clane,DELETE_USER,SalesDashboard,SUCCESS,3210
2026-01-09 14:25:10,bwhite,LOGIN,UserManagement,SUCCESS,2021
2026-01-09 09:09:32,davis,VIEW_REPORT,AuditLogs,SUCCESS,1857
2026-01-09 10:22:19,asmith,LOGIN,AuditLogs,SUCCESS,649
2026-01-09 12:56:36,admin,CREATE_USER,AuditLogs,SUCCESS,4485
2026-01-09 14:32:43,davis,ADMIN_CONFIG,UserManagement,SUCCESS,4648
2026-01-09 10:22:07,bwhite,ADMIN_CONFIG,SystemSettings,SUCCESS,851
2026-01-09 16:13:11,asmith,DELETE_USER,SystemSettings,SUCCESS,3360
2026-01-09 16:22:33,bwhite,CREATE_USER,UserManagement,SUCCESS,887
2026-01-09 15:54:36,clane,DELETE_USER,AuditLogs,SUCCESS,374
2026-01-09 09:07:35,admin,LOGOUT,SystemSettings,SUCCESS,4536
2026-01-09 13:20:53,jdoe,CREATE_USER,AuditLogs,SUCCESS,1466
2026-01-09 18:18:46,bwhite,LOGOUT,SalesDashboard,SUCCESS,1267
2026-01-09 11:24:36,asmith,CREATE_USER,SystemSettings,SUCCESS,3959
2026-01-09 11:45:09,jdoe,VIEW_REPORT,AuditLogs,SUCCESS,1748
2026-01-09 00:28:47,asmith,ADMIN_CONFIG,SalesDashboard,SUCCESS,1638
2026-01-09 20:11:17,asmith,EXPORT_REPORT,InventoryReport,SUCCESS,1225
2026-01-09 10:58:45,jdoe,ADMIN_CONFIG,InventoryReport,SUCCESS,2247
2026-01-09 21:59:27,jdoe,VIEW_REPORT,SalesDashboard,SUCCESS,677
2026-01-09 08:44:42,admin,EXPORT_REPORT,SystemSettings,SUCCESS,4510
2026-01-09 08:35:00,davis,DELETE_USER,InventoryReport,SUCCESS,4560
2026-01-09 10:22:27,jdoe,CREATE_USER,SalesDashboard,SUCCESS,1811
2026-01-09 05:23:39,admin,VIEW_REPORT,SystemSettings,SUCCESS,2826
2026-01-09 14:51:05,clane,ADMIN_CONFIG,SalesDashboard,SUCCESS,1163
2026-01-09 08:58:09,admin,LOGIN,SystemSettings,SUCCESS,572
2026-01-09 13:35:40,admin,EXPORT_REPORT,SystemSettings,SUCCESS,645
2026-01-09 13:44:48,davis,DELETE_USER,SystemSettings,SUCCESS,2851
2026-01-09 16:49:00,clane,LOGOUT,UserManagement,SUCCESS,73
2026-01-09 11:20:08,asmith,VIEW_REPORT,InventoryReport,FAILURE,3193
2026-01-09 11:58:18,davis,EXPORT_REPORT,SystemSettings,SUCCESS,4035
2026-01-09 16:06:41,clane,DELETE_USER,AuditLogs,SUCCESS,3164
2026-01-09 10:50:11,jdoe,DELETE_USER,SalesDashboard,SUCCESS,950
2026-01-09 14:49:59,jdoe,LOGOUT,SystemSettings,SUCCESS,2764
2026-01-09 16:36:02,admin,CREATE_USER,SystemSettings,SUCCESS,4708
2026-01-09 21:11:46,davis,VIEW_REPORT,InventoryReport,SUCCESS,1714
2026-01-09 04:13:39,jdoe,LOGIN,SystemSettings,SUCCESS,654
2026-01-09 09:23:19,clane,LOGIN,SystemSettings,SUCCESS,2608
2026-01-09 14:40:12,asmith,EXPORT_REPORT,AuditLogs,SUCCESS,2953
2026-01-09 08:04:54,bwhite,LOGOUT,SystemSettings,SUCCESS,103
2026-01-09 16:37:16,davis,ADMIN_CONFIG,InventoryReport,SUCCESS,3888
2026-01-09 16:15:43,clane,ADMIN_CONFIG,UserManagement,SUCCESS,631
2026-01-09 16:26:12,admin,VIEW_REPORT,InventoryReport,SUCCESS,1985
2026-01-09 13:45:56,clane,LOGIN,UserManagement,SUCCESS,1820
2026-01-09 08:17:46,jdoe,LOGIN,AuditLogs,SUCCESS,4085
2026-01-09 12:40:54,clane,LOGIN,SystemSettings,SUCCESS,3059
2026-01-09 13:10:28,clane,EXPORT_REPORT,SalesDashboard,SUCCESS,3554
2026-01-09 12:54:16,admin,CREATE_USER,AuditLogs,SUCCESS,4845
2026-01-09 08:55:27,admin,LOGIN,UserManagement,FAILURE,2265
2026-01-09 12:04:24,bwhite,CREATE_USER,UserManagement,SUCCESS,4203
2026-01-09 10:43:12,clane,VIEW_REPORT,SalesDashboard,SUCCESS,1867
2026-01-09 11:07:38,asmith,LOGOUT,AuditLogs,SUCCESS,3300
2026-01-09 10:53:21,admin,DELETE_USER,SalesDashboard,SUCCESS,1756
2026-01-09 16:00:01,asmith,VIEW_REPORT,SalesDashboard,SUCCESS,1268
2026-01-10 20:18:53,davis,LOGIN,UserManagement,SUCCESS,1625
2026-01-10 10:46:12,jdoe,DELETE_USER,SalesDashboard,SUCCESS,1613
2026-01-10 18:46:09,asmith,EXPORT_REPORT,AuditLogs,SUCCESS,1350
2026-01-10 20:41:14,clane,CREATE_USER,InventoryReport,SUCCESS,2998
2026-01-10 21:29:37,admin,CREATE_USER,SystemSettings,SUCCESS,3172
2026-01-10 19:33:50,asmith,LOGIN,AuditLogs,SUCCESS,4861
2026-01-10 08:34:28,clane,EXPORT_REPORT,InventoryReport,SUCCESS,3142
2026-01-10 13:58:03,bwhite,LOGIN,UserManagement,SUCCESS,2329
2026-01-10 02:19:05,bwhite,ADMIN_CONFIG,UserManagement,SUCCESS,1267
2026-01-10 14:14:38,jdoe,LOGIN,SystemSettings,SUCCESS,4372
2026-01-10 03:27:46,jdoe,ADMIN_CONFIG,SystemSettings,SUCCESS,1918
2026-01-11 20:57:55,bwhite,EXPORT_REPORT,UserManagement,SUCCESS,1571
2026-01-11 14:21:33,davis,DELETE_USER,SystemSettings,SUCCESS,2563
2026-01-11 19:20:57,bwhite,VIEW_REPORT,UserManagement,SUCCESS,226
2026-01-11 05:02:39,bwhite,DELETE_USER,SalesDashboard,SUCCESS,2827
2026-01-11 10:24:22,davis,VIEW_REPORT,AuditLogs,SUCCESS,2818
2026-01-11 00:40:11,davis,VIEW_REPORT,SalesDashboard,SUCCESS,3914
2026-01-11 21:37:21,clane,LOGOUT,UserManagement,SUCCESS,3294
2026-01-12 10:25:31,davis,CREATE_USER,UserManagement,SUCCESS,710
2026-01-12 14:19:49,davis,LOGIN,SystemSettings,SUCCESS,2855
2026-01-12 14:39:04,admin,VIEW_REPORT,UserManagement,SUCCESS,3644
2026-01-12 16:02:50,admin,VIEW_REPORT,SalesDashboard,SUCCESS,931
2026-01-12 09:34:33,bwhite,CREATE_USER,SystemSettings,SUCCESS,3989
2026-01-12 10:14:00,clane,LOGIN,UserManagement,SUCCESS,2431
2026-01-12 15:01:14,admin,CREATE_USER,UserManagement,SUCCESS,3733
2026-01-12 11:17:56,asmith,VIEW_REPORT,UserManagement,SUCCESS,3307
2026-01-12 16:17:59,jdoe,CREATE_USER,UserManagement,SUCCESS,3770
2026-01-12 14:26:09,bwhite,LOGOUT,InventoryReport,SUCCESS,4719
2026-01-12 09:06:16,admin,ADMIN_CONFIG,SystemSettings,SUCCESS,22
2026-01-12 18:46:57,davis,ADMIN_CONFIG,InventoryReport,SUCCESS,2751
2026-01-12 19:56:06,clane,LOGIN,SalesDashboard,SUCCESS,2280
2026-01-12 14:20:13,bwhite,CREATE_USER,UserManagement,SUCCESS,3160
2026-01-12 14:52:27,bwhite,LOGIN,InventoryReport,SUCCESS,4499
2026-01-12 02:12:31,davis,VIEW_REPORT,UserManagement,SUCCESS,2678
2026-01-12 11:53:24,bwhite,DELETE_USER,UserManagement,SUCCESS,4100
2026-01-12 16:30:25,asmith,LOGIN,InventoryReport,SUCCESS,4718
2026-01-12 13:18:28,jdoe,LOGIN,SalesDashboard,SUCCESS,2252
2026-01-12 11:08:00,admin,EXPORT_REPORT,UserManagement,SUCCESS,3985
2026-01-12 14:24:55,clane,DELETE_USER,InventoryReport,SUCCESS,3469
2026-01-12 13:22:15,bwhite,ADMIN_CONFIG,SystemSettings,SUCCESS,243
2026-01-12 08:47:38,jdoe,VIEW_REPORT,SalesDashboard,SUCCESS,1435
2026-01-12 13:25:20,clane,ADMIN_CONFIG,SalesDashboard,SUCCESS,1590
2026-01-12 14:50:32,clane,ADMIN_CONFIG,AuditLogs,SUCCESS,3961
2026-01-12 09:38:27,asmith,CREATE_USER,UserManagement,SUCCESS,2941
2026-01-12 08:59:30,admin,ADMIN_CONFIG,UserManagement,SUCCESS,990
2026-01-12 08:05:44,jdoe,EXPORT_REPORT,InventoryReport,SUCCESS,4494
2026-01-12 13:59:14,davis,CREATE_USER,AuditLogs,SUCCESS,2941
2026-01-12 01:40:35,jdoe,EXPORT_REPORT,SalesDashboard,SUCCESS,1201
2026-01-12 12:36:19,asmith,LOGIN,SystemSettings,SUCCESS,1105
2026-01-12 11:07:53,clane,LOGIN,UserManagement,SUCCESS,2329
2026-01-12 16:20:30,bwhite,LOGOUT,SalesDashboard,SUCCESS,1297
2026-01-12 15:28:21,davis,CREATE_USER,SalesDashboard,SUCCESS,3089
2026-01-12 16:17:12,davis,LOGIN,SalesDashboard,SUCCESS,3412
2026-01-12 13:02:41,asmith,ADMIN_CONFIG,SystemSettings,SUCCESS,2363
2026-01-12 11:31:43,davis,ADMIN_CONFIG,SalesDashboard,SUCCESS,1382
2026-01-12 16:40:51,admin,LOGIN,SalesDashboard,SUCCESS,1772
2026-01-12 08:13:26,bwhite,CREATE_USER,SystemSettings,SUCCESS,3548
2026-01-12 14:32:53,admin,CREATE_USER,AuditLogs,SUCCESS,1372
2026-01-12 12:44:42,bwhite,VIEW_REPORT,AuditLogs,SUCCESS,4653
2026-01-12 16:37:44,admin,ADMIN_CONFIG,InventoryReport,SUCCESS,1815
2026-01-12 09:56:05,admin,LOGIN,InventoryReport,SUCCESS,309
2026-01-12 13:28:33,asmith,CREATE_USER,UserManagement,SUCCESS,1886
2026-01-12 16:43:16,admin,CREATE_USER,AuditLogs,SUCCESS,797
2026-01-12 11:34:49,asmith,EXPORT_REPORT,AuditLogs,SUCCESS,672
2026-01-12 10:02:19,clane,ADMIN_CONFIG,UserManagement,SUCCESS,4040
2026-01-12 11:32:54,jdoe,LOGOUT,SalesDashboard,SUCCESS,4347
2026-01-12 16:12:47,jdoe,VIEW_REPORT,UserManagement,SUCCESS,2282
2026-01-12 14:43:54,clane,EXPORT_REPORT,SystemSettings,SUCCESS,942
2026-01-12 12:03:08,jdoe,LOGIN,InventoryReport,SUCCESS,1210
2026-01-12 17:57:42,bwhite,EXPORT_REPORT,SalesDashboard,SUCCESS,1734
2026-01-12 14:57:03,admin,DELETE_USER,AuditLogs,SUCCESS,3663
2026-01-12 11:33:40,jdoe,LOGOUT,InventoryReport,SUCCESS,4477
2026-01-12 09:50:24,admin,VIEW_REPORT,SalesDashboard,SUCCESS,4458
2026-01-12 10:50:40,asmith,VIEW_REPORT,UserManagement,SUCCESS,3670
2026-01-12 21:02:53,jdoe,LOGOUT,UserManagement,SUCCESS,4680
2026-01-12 09:26:42,jdoe,CREATE_USER,SalesDashboard,SUCCESS,2053
2026-01-12 15:19:31,asmith,VIEW_REPORT,InventoryReport,SUCCESS,1241
2026-01-12 13:32:19,davis,LOGOUT,SalesDashboard,SUCCESS,53
2026-01-12 09:44:14,admin,LOGOUT,SalesDashboard,SUCCESS,2718
2026-01-12 04:16:06,jdoe,CREATE_USER,InventoryReport,SUCCESS,934
2026-01-12 11:13:19,admin,LOGIN,SystemSettings,SUCCESS,2262
2026-01-12 03:30:31,admin,VIEW_REPORT,SalesDashboard,SUCCESS,1337
2026-01-12 14:28:26,bwhite,LOGOUT,UserManagement,SUCCESS,393
2026-01-12 12:23:36,davis,CREATE_USER,InventoryReport,SUCCESS,742
2026-01-12 17:05:27,bwhite,DELETE_USER,AuditLogs,SUCCESS,1002
2026-01-12 16:57:25,asmith,CREATE_USER,InventoryReport,SUCCESS,4350
2026-01-12 08:01:28,jdoe,VIEW_REPORT,SalesDashboard,SUCCESS,4238
2026-01-12 15:47:18,asmith,VIEW_REPORT,SalesDashboard,SUCCESS,39
2026-01-12 11:44:19,asmith,EXPORT_REPORT,InventoryReport,SUCCESS,2585
2026-01-12 13:30:05,jdoe,DELETE_USER,SalesDashboard,SUCCESS,4654
2026-01-12 14:56:05,davis,ADMIN_CONFIG,InventoryReport,FAILURE,243
2026-01-12 11:44:46,jdoe,EXPORT_REPORT,SalesDashboard,SUCCESS,288
2026-01-12 08:38:52,clane,DELETE_USER,AuditLogs,SUCCESS,1667
2026-01-12 09:11:22,admin,VIEW_REPORT,SystemSettings,SUCCESS,1673
2026-01-12 12:45:48,admin,LOGOUT,InventoryReport,SUCCESS,2987
2026-01-12 12:18:38,jdoe,ADMIN_CONFIG,SalesDashboard,SUCCESS,1899
2026-01-12 15:10:22,clane,ADMIN_CONFIG,InventoryReport,SUCCESS,2776
2026-01-12 11:16:32,asmith,DELETE_USER,InventoryReport,SUCCESS,3711
2026-01-12 14:31:37,bwhite,LOGIN,UserManagement,SUCCESS,3698
2026-01-12 10:21:50,admin,ADMIN_CONFIG,InventoryReport,SUCCESS,4918
2026-01-12 10:42:16,bwhite,LOGIN,UserManagement,SUCCESS,4657
2026-01-12 14:53:39,bwhite,CREATE_USER,InventoryReport,SUCCESS,382
2026-01-12 14:07:24,davis,EXPORT_REPORT,AuditLogs,SUCCESS,1093
2026-01-12 16:31:11,clane,ADMIN_CONFIG,SystemSettings,SUCCESS,2233
2026-01-12 09:39:51,bwhite,LOGIN,SalesDashboard,SUCCESS,1280
2026-01-12 13:07:34,davis,CREATE_USER,UserManagement,SUCCESS,4332
2026-01-12 15:33:50,bwhite,EXPORT_REPORT,InventoryReport,SUCCESS,3500
2026-01-12 10:48:27,bwhite,LOGIN,SalesDashboard,SUCCESS,3618
2026-01-12 11:37:06,bwhite,LOGIN,SystemSettings,SUCCESS,2827
2026-01-12 15:33:11,bwhite,CREATE_USER,InventoryReport,SUCCESS,3080
2026-01-12 13:50:14,davis,CREATE_USER,InventoryReport,SUCCESS,1950
2026-01-12 04:45:55,clane,LOGIN,AuditLogs,SUCCESS,4917
2026-01-12 15:17:11,admin,LOGIN,SystemSettings,SUCCESS,641
2026-01-12 14:38:13,davis,DELETE_USER,InventoryReport,SUCCESS,2447
2026-01-12 09:39:48,bwhite,VIEW_REPORT,AuditLogs,SUCCESS,4778
2026-01-12 13:27:38,asmith,LOGOUT,AuditLogs,SUCCESS,2463
2026-01-12 14:14:26,clane,CREATE_USER,SystemSettings,SUCCESS,1209
2026-01-12 14:37:56,jdoe,LOGOUT,SystemSettings,SUCCESS,2496
2026-01-13 14:00:54,clane,EXPORT_REPORT,AuditLogs,SUCCESS,4658
2026-01-13 13:50:19,bwhite,ADMIN_CONFIG,UserManagement,SUCCESS,3891
2026-01-13 11:02:20,admin,ADMIN_CONFIG,SystemSettings,SUCCESS,4139
2026-01-13 15:26:04,bwhite,LOGIN,UserManagement,SUCCESS,3732
2026-01-13 13:39:56,asmith,LOGIN,SalesDashboard,FAILURE,2242
2026-01-13 23:55:50,bwhite,EXPORT_REPORT,AuditLogs,SUCCESS,1636
2026-01-13 11:47:51,asmith,DELETE_USER,SalesDashboard,SUCCESS,161
2026-01-13 12:12:22,bwhite,EXPORT_REPORT,UserManagement,SUCCESS,1050
2026-01-13 12:50:29,bwhite,LOGIN,InventoryReport,FAILURE,2655
2026-01-13 09:06:56,bwhite,LOGOUT,SystemSettings,SUCCESS,889
2026-01-13 11:10:52,admin,LOGOUT,UserManagement,SUCCESS,4988
2026-01-13 08:36:04,jdoe,VIEW_REPORT,SalesDashboard,SUCCESS,3038
2026-01-13 16:32:44,davis,LOGOUT,UserManagement,SUCCESS,3650
2026-01-13 08:13:13,clane,EXPORT_REPORT,SalesDashboard,SUCCESS,2498
2026-01-13 21:12:19,admin,LOGOUT,SystemSettings,SUCCESS,865
2026-01-13 16:04:09,admin,EXPORT_REPORT,AuditLogs,SUCCESS,1895
2026-01-13 13:22:30,clane,CREATE_USER,SystemSettings,SUCCESS,2921
2026-01-13 16:27:02,admin,DELETE_USER,AuditLogs,SUCCESS,111
2026-01-13 15:35:00,bwhite,CREATE_USER,AuditLogs,SUCCESS,1660
2026-01-13 12:42:43,bwhite,CREATE_USER,AuditLogs,SUCCESS,1096
2026-01-13 14:50:22,jdoe,CREATE_USER,SystemSettings,SUCCESS,3885
2026-01-13 12:54:12,jdoe,ADMIN_CONFIG,UserManagement,SUCCESS,4063
2026-01-13 10:02:41,davis,DELETE_USER,SalesDashboard,SUCCESS,418
2026-01-13 21:14:27,asmith,DELETE_USER,InventoryReport,SUCCESS,4370
2026-01-13 14:08:45,admin,LOGIN,SystemSettings,SUCCESS,3535
2026-01-13 06:04:47,asmith,LOGOUT,SystemSettings,SUCCESS,320
2026-01-13 11:52:24,asmith,DELETE_USER,AuditLogs,SUCCESS,2375
2026-01-13 00:02:34,bwhite,DELETE_USER,AuditLogs,SUCCESS,2325
2026-01-13 13:20:32,davis,LOGOUT,AuditLogs,SUCCESS,1055
2026-01-13 16:55:59,bwhite,VIEW_REPORT,InventoryReport,SUCCESS,24
2026-01-13 05:45:38,jdoe,LOGOUT,AuditLogs,FAILURE,668
2026-01-13 10:31:43,asmith,EXPORT_REPORT,InventoryReport,SUCCESS,4461
2026-01-13 09:40:28,bwhite,DELETE_USER,UserManagement,SUCCESS,3406
2026-01-13 14:39:18,davis,CREATE_USER,SalesDashboard,SUCCESS,3621
2026-01-13 10:31:37,jdoe,LOGOUT,SalesDashboard,SUCCESS,1384
2026-01-13 10:08:11,admin,LOGOUT,AuditLogs,SUCCESS,1211
2026-01-13 10:37:25,clane,VIEW_REPORT,InventoryReport,SUCCESS,1732
2026-01-13 08:47:31,asmith,ADMIN_CONFIG,InventoryReport,SUCCESS,3715
2026-01-13 12:39:47,asmith,LOGIN,SalesDashboard,SUCCESS,3962
2026-01-13 09:53:14,jdoe,ADMIN_CONFIG,SalesDashboard,SUCCESS,796
2026-01-13 08:56:18,bwhite,DELETE_USER,SalesDashboard,SUCCESS,2385
2026-01-13 19:17:28,asmith,DELETE_USER,SystemSettings,SUCCESS,4100
2026-01-13 17:38:39,clane,CREATE_USER,SystemSettings,SUCCESS,2619
2026-01-13 11:02:46,bwhite,LOGIN,SalesDashboard,SUCCESS,3322
2026-01-13 15:12:00,jdoe,EXPORT_REPORT,InventoryReport,SUCCESS,3425
2026-01-13 15:32:54,admin,VIEW_REPORT,UserManagement,SUCCESS,795
2026-01-13 09:18:11,jdoe,LOGOUT,InventoryReport,SUCCESS,1991
2026-01-13 16:45:20,davis,VIEW_REPORT,SystemSettings,SUCCESS,565
2026-01-13 08:12:42,davis,ADMIN_CONFIG,SystemSettings,SUCCESS,1257
2026-01-13 12:43:06,asmith,DELETE_USER,InventoryReport,SUCCESS,396
2026-01-13 09:34:31,admin,LOGIN,AuditLogs,SUCCESS,4855
2026-01-13 02:42:07,jdoe,VIEW_REPORT,SalesDashboard,SUCCESS,1100
2026-01-13 15:14:44,jdoe,CREATE_USER,SystemSettings,SUCCESS,2287
2026-01-13 10:05:27,clane,LOGIN,InventoryReport,SUCCESS,859
2026-01-13 11:49:35,asmith,EXPORT_REPORT,SystemSettings,SUCCESS,1293
2026-01-13 11:01:56,davis,LOGIN,InventoryReport,SUCCESS,502
2026-01-13 09:33:56,admin,VIEW_REPORT,AuditLogs,SUCCESS,4553
2026-01-13 08:21:33,jdoe,VIEW_REPORT,UserManagement,SUCCESS,2056
2026-01-13 16:31:55,clane,DELETE_USER,UserManagement,SUCCESS,1023
2026-01-13 12:29:50,asmith,CREATE_USER,SystemSettings,SUCCESS,410
2026-01-13 12:17:37,clane,LOGOUT,AuditLogs,SUCCESS,4025
2026-01-13 08:09:15,bwhite,EXPORT_REPORT,AuditLogs,SUCCESS,2406
2026-01-13 12:52:19,jdoe,CREATE_USER,SalesDashboard,SUCCESS,3683
2026-01-13 20:05:22,bwhite,VIEW_REPORT,UserManagement,SUCCESS,658
2026-01-13 10:04:45,bwhite,VIEW_REPORT,SystemSettings,SUCCESS,1975
2026-01-13 15:19:15,davis,LOGOUT,UserManagement,SUCCESS,4678
2026-01-13 11:58:57,bwhite,DELETE_USER,SalesDashboard,SUCCESS,3530
2026-01-13 11:01:03,admin,LOGOUT,SalesDashboard,SUCCESS,4524
2026-01-13 10:03:17,jdoe,EXPORT_REPORT,SalesDashboard,SUCCESS,2534
2026-01-13 09:23:30,asmith,EXPORT_REPORT,SalesDashboard,SUCCESS,4288
2026-01-13 11:41:32,bwhite,EXPORT_REPORT,SystemSettings,SUCCESS,2729
2026-01-13 10:08:38,davis,LOGOUT,AuditLogs,SUCCESS,2833
2026-01-13 12:37:50,jdoe,LOGIN,AuditLogs,SUCCESS,1100
2026-01-13 16:28:01,admin,CREATE_USER,SalesDashboard,SUCCESS,2706
2026-01-13 10:26:40,bwhite,EXPORT_REPORT,SalesDashboard,SUCCESS,4794
2026-01-13 12:32:49,jdoe,ADMIN_CONFIG,SystemSettings,SUCCESS,548
2026-01-13 16:39:52,bwhite,LOGIN,SystemSettings,SUCCESS,4955
2026-01-13 08:15:34,admin,VIEW_REPORT,AuditLogs,SUCCESS,631
2026-01-13 08:32:48,davis,EXPORT_REPORT,SystemSettings,SUCCESS,4932
2026-01-13 12:01:24,asmith,LOGIN,SystemSettings,SUCCESS,4513
2026-01-13 09:11:00,admin,LOGIN,AuditLogs,SUCCESS,3573
2026-01-13 14:16:45,admin,VIEW_REPORT,AuditLogs,SUCCESS,1681
2026-01-13 04:26:18,davis,EXPORT_REPORT,UserManagement,SUCCESS,2942
2026-01-13 09:59:56,bwhite,CREATE_USER,InventoryReport,SUCCESS,1638
2026-01-13 04:38:14,clane,CREATE_USER,SalesDashboard,SUCCESS,932
2026-01-13 16:37:12,asmith,ADMIN_CONFIG,SalesDashboard,SUCCESS,1863
2026-01-13 15:43:10,bwhite,EXPORT_REPORT,SalesDashboard,SUCCESS,52
2026-01-13 12:31:03,asmith,DELETE_USER,InventoryReport,SUCCESS,3911
2026-01-13 12:00:33,asmith,CREATE_USER,UserManagement,SUCCESS,3820
2026-01-13 08:36:33,clane,LOGOUT,SalesDashboard,SUCCESS,2728
2026-01-13 14:29:41,jdoe,DELETE_USER,SalesDashboard,SUCCESS,1439
2026-01-13 16:30:25,jdoe,DELETE_USER,AuditLogs,SUCCESS,2892
2026-01-13 11:53:34,admin,LOGOUT,UserManagement,FAILURE,3808
2026-01-13 13:10:00,clane,EXPORT_REPORT,InventoryReport,SUCCESS,4574
2026-01-13 11:58:47,admin,CREATE_USER,AuditLogs,SUCCESS,3105
2026-01-13 14:19:21,admin,VIEW_REPORT,AuditLogs,SUCCESS,462
2026-01-13 02:36:40,bwhite,LOGOUT,AuditLogs,SUCCESS,2506
2026-01-13 12:20:04,bwhite,LOGOUT,UserManagement,SUCCESS,1249
2026-01-13 15:21:50,admin,DELETE_USER,UserManagement,SUCCESS,3064
2026-01-13 12:33:19,admin,EXPORT_REPORT,SalesDashboard,SUCCESS,487
2026-01-13 16:30:55,asmith,ADMIN_CONFIG,AuditLogs,SUCCESS,1059
2026-01-13 11:14:20,jdoe,EXPORT_REPORT,InventoryReport,SUCCESS,1419
2026-01-13 11:27:56,bwhite,VIEW_REPORT,AuditLogs,SUCCESS,4242
2026-01-13 11:51:02,bwhite,DELETE_USER,SystemSettings,SUCCESS,1469
2026-01-13 13:29:40,asmith,LOGIN,UserManagement,SUCCESS,525
2026-01-13 16:48:32,bwhite,CREATE_USER,SystemSettings,SUCCESS,3620
2026-01-13 18:26:24,davis,LOGIN,SystemSettings,SUCCESS,1305
2026-01-13 10:20:49,jdoe,LOGOUT,AuditLogs,SUCCESS,1251
2026-01-13 15:06:14,admin,DELETE_USER,SalesDashboard,SUCCESS,971
2026-01-13 12:56:14,admin,ADMIN_CONFIG,SalesDashboard,SUCCESS,2163
2026-01-13 09:35:28,jdoe,LOGIN,UserManagement,SUCCESS,2682
2026-01-13 08:14:08,davis,CREATE_USER,UserManagement,SUCCESS,3574
2026-01-13 10:57:55,asmith,EXPORT_REPORT,SalesDashboard,SUCCESS,2810
2026-01-13 08:00:11,bwhite,CREATE_USER,SystemSettings,SUCCESS,517
2026-01-13 09:54:46,davis,EXPORT_REPORT,SalesDashboard,SUCCESS,1507
2026-01-13 10:33:25,asmith,LOGOUT,SystemSettings,SUCCESS,786
2026-01-14 11:14:00,jdoe,CREATE_USER,SalesDashboard,SUCCESS,3677
2026-01-14 08:18:08,admin,VIEW_REPORT,UserManagement,SUCCESS,4403
2026-01-14 13:41:54,admin,CREATE_USER,UserManagement,SUCCESS,426
2026-01-14 08:30:25,clane,DELETE_USER,AuditLogs,SUCCESS,1659
2026-01-14 14:24:11,bwhite,CREATE_USER,SystemSettings,SUCCESS,3723
2026-01-14 09:27:49,bwhite,LOGOUT,SalesDashboard,SUCCESS,1934
2026-01-14 16:47:39,jdoe,VIEW_REPORT,SystemSettings,SUCCESS,1644
2026-01-14 14:39:47,clane,ADMIN_CONFIG,SalesDashboard,SUCCESS,3223
2026-01-14 10:08:58,davis,VIEW_REPORT,SalesDashboard,SUCCESS,1638
2026-01-14 09:45:16,jdoe,EXPORT_REPORT,SalesDashboard,SUCCESS,1397
2026-01-14 10:43:33,davis,LOGIN,UserManagement,SUCCESS,3675
2026-01-14 16:06:21,bwhite,ADMIN_CONFIG,InventoryReport,SUCCESS,1034
2026-01-14 15:52:28,asmith,EXPORT_REPORT,AuditLogs,SUCCESS,4565
2026-01-14 10:39:03,admin,DELETE_USER,AuditLogs,FAILURE,1318
2026-01-14 08:08:20,admin,ADMIN_CONFIG,UserManagement,SUCCESS,2595
2026-01-14 10:27:17,jdoe,VIEW_REPORT,UserManagement,SUCCESS,4113
2026-01-14 14:45:40,clane,EXPORT_REPORT,InventoryReport,SUCCESS,4882
2026-01-14 10:05:09,clane,DELETE_USER,SalesDashboard,SUCCESS,321
2026-01-14 16:42:29,jdoe,LOGIN,InventoryReport,SUCCESS,1627
2026-01-14 13:59:13,jdoe,ADMIN_CONFIG,UserManagement,SUCCESS,4375
2026-01-14 14:22:01,bwhite,VIEW_REPORT,InventoryReport,SUCCESS,1757
2026-01-14 10:28:12,bwhite,EXPORT_REPORT,SystemSettings,SUCCESS,2580
2026-01-14 00:28:12,asmith,VIEW_REPORT,AuditLogs,SUCCESS,2836
2026-01-14 09:58:15,admin,VIEW_REPORT,UserManagement,SUCCESS,4328
2026-01-14 10:08:52,clane,LOGIN,AuditLogs,SUCCESS,1596
2026-01-14 09:44:22,davis,LOGIN,SalesDashboard,SUCCESS,4008
2026-01-14 08:48:48,clane,DELETE_USER,SystemSettings,SUCCESS,4740
2026-01-14 14:46:14,asmith,LOGIN,InventoryReport,SUCCESS,4413
2026-01-14 19:34:01,bwhite,EXPORT_REPORT,SystemSettings,SUCCESS,553
2026-01-14 16:58:19,admin,DELETE_USER,SalesDashboard,SUCCESS,3052
2026-01-14 14:31:24,jdoe,EXPORT_REPORT,UserManagement,SUCCESS,819
2026-01-14 15:06:22,admin,CREATE_USER,AuditLogs,SUCCESS,4541
2026-01-14 16:09:17,admin,LOGIN,SystemSettings,SUCCESS,4073
2026-01-14 12:12:33,asmith,LOGOUT,InventoryReport,FAILURE,424
2026-01-14 15:32:34,davis,VIEW_REPORT,InventoryReport,SUCCESS,4622
2026-01-14 01:18:45,clane,LOGOUT,InventoryReport,SUCCESS,2990
2026-01-14 14:08:10,asmith,LOGIN,AuditLogs,SUCCESS,139
2026-01-14 11:43:49,bwhite,CREATE_USER,InventoryReport,SUCCESS,2738
2026-01-14 14:38:12,clane,LOGIN,SystemSettings,SUCCESS,2224
2026-01-14 08:30:48,asmith,CREATE_USER,SalesDashboard,SUCCESS,3644
2026-01-14 09:18:43,davis,EXPORT_REPORT,InventoryReport,SUCCESS,1484
2026-01-14 11:13:46,asmith,EXPORT_REPORT,SystemSettings,SUCCESS,3863
2026-01-14 13:20:46,jdoe,CREATE_USER,SystemSettings,SUCCESS,3385
2026-01-14 12:28:23,asmith,LOGIN,SystemSettings,SUCCESS,2721
2026-01-14 11:41:03,clane,EXPORT_REPORT,UserManagement,SUCCESS,2832
2026-01-14 16:13:40,clane,EXPORT_REPORT,SystemSettings,SUCCESS,2572
2026-01-14 14:56:40,clane,LOGIN,AuditLogs,SUCCESS,3777
2026-01-14 21:16:39,bwhite,DELETE_USER,InventoryReport,SUCCESS,2795
2026-01-14 15:14:20,asmith,LOGIN,SalesDashboard,SUCCESS,4059
2026-01-14 15:07:12,jdoe,LOGOUT,AuditLogs,SUCCESS,1369
2026-01-14 03:52:40,clane,DELETE_USER,InventoryReport,SUCCESS,1868
2026-01-14 10:17:27,davis,LOGIN,AuditLogs,SUCCESS,4383
2026-01-14 13:37:11,jdoe,LOGIN,AuditLogs,SUCCESS,2606
2026-01-14 11:09:10,admin,LOGOUT,AuditLogs,SUCCESS,2317
2026-01-14 09:10:06,clane,ADMIN_CONFIG,SystemSettings,SUCCESS,252
2026-01-14 14:43:17,davis,EXPORT_REPORT,AuditLogs,SUCCESS,1173
2026-01-14 13:26:13,asmith,EXPORT_REPORT,AuditLogs,SUCCESS,4634
2026-01-14 18:07:24,admin,LOGIN,SystemSettings,SUCCESS,326
2026-01-14 09:02:32,asmith,EXPORT_REPORT,SystemSettings,SUCCESS,3087
2026-01-14 03:56:30,jdoe,EXPORT_REPORT,SalesDashboard,SUCCESS,2953
2026-01-14 08:05:15,admin,LOGOUT,InventoryReport,SUCCESS,3433
2026-01-14 13:07:01,jdoe,ADMIN_CONFIG,SystemSettings,SUCCESS,1491
2026-01-14 22:21:42,admin,LOGOUT,InventoryReport,SUCCESS,1449
2026-01-14 16:53:07,jdoe,VIEW_REPORT,AuditLogs,SUCCESS,784
2026-01-14 11:08:55,jdoe,CREATE_USER,UserManagement,SUCCESS,4135
2026-01-14 09:52:29,davis,LOGIN,InventoryReport,SUCCESS,3866
2026-01-14 16:11:06,bwhite,CREATE_USER,SystemSettings,SUCCESS,1621
2026-01-14 06:14:38,clane,CREATE_USER,SalesDashboard,SUCCESS,4106
2026-01-14 10:52:13,jdoe,LOGIN,SystemSettings,SUCCESS,4433
2026-01-14 14:10:04,jdoe,EXPORT_REPORT,AuditLogs,SUCCESS,908
2026-01-14 08:38:35,clane,CREATE_USER,AuditLogs,SUCCESS,1699
2026-01-14 15:31:00,asmith,EXPORT_REPORT,UserManagement,SUCCESS,43
2026-01-14 08:20:42,admin,LOGIN,InventoryReport,SUCCESS,4665
2026-01-14 15:39:29,jdoe,DELETE_USER,SalesDashboard,SUCCESS,655
2026-01-14 09:14:51,admin,ADMIN_CONFIG,UserManagement,SUCCESS,2840
2026-01-14 08:36:57,admin,EXPORT_REPORT,UserManagement,SUCCESS,845
2026-01-14 10:47:05,davis,DELETE_USER,UserManagement,SUCCESS,88
2026-01-14 15:54:27,bwhite,DELETE_USER,UserManagement,SUCCESS,353
2026-01-14 12:29:08,admin,DELETE_USER,SystemSettings,SUCCESS,2722
2026-01-14 10:24:47,jdoe,ADMIN_CONFIG,UserManagement,SUCCESS,2970
2026-01-14 15:30:17,clane,CREATE_USER,SystemSettings,SUCCESS,4887
2026-01-14 11:46:56,davis,VIEW_REPORT,SalesDashboard,SUCCESS,1017
2026-01-14 22:14:25,asmith,CREATE_USER,AuditLogs,SUCCESS,4766
2026-01-14 08:53:57,admin,LOGIN,SalesDashboard,SUCCESS,568
2026-01-14 14:15:09,clane,VIEW_REPORT,UserManagement,SUCCESS,606
2026-01-14 15:37:23,asmith,EXPORT_REPORT,InventoryReport,SUCCESS,2489
2026-01-14 08:34:57,admin,DELETE_USER,SystemSettings,FAILURE,4793
2026-01-14 11:55:55,asmith,DELETE_USER,UserManagement,SUCCESS,3787
2026-01-14 09:34:19,bwhite,LOGOUT,UserManagement,SUCCESS,748
2026-01-14 11:03:19,clane,LOGOUT,InventoryReport,SUCCESS,3346
2026-01-14 11:55:30,asmith,DELETE_USER,UserManagement,SUCCESS,4164
2026-01-14 02:52:49,asmith,LOGIN,SystemSettings,SUCCESS,1214
2026-01-14 13:14:29,davis,VIEW_REPORT,SystemSettings,SUCCESS,2469
2026-01-14 01:34:16,bwhite,LOGIN,UserManagement,SUCCESS,503
2026-01-14 16:59:23,jdoe,CREATE_USER,SystemSettings,SUCCESS,1381
2026-01-14 13:23:16,admin,LOGOUT,AuditLogs,SUCCESS,895
2026-01-14 08:18:00,davis,CREATE_USER,InventoryReport,FAILURE,4703
2026-01-14 16:29:24,davis,LOGIN,UserManagement,FAILURE,1303
2026-01-14 11:31:40,asmith,DELETE_USER,UserManagement,SUCCESS,1359
2026-01-14 08:07:28,clane,CREATE_USER,SystemSettings,SUCCESS,3815
2026-01-14 15:34:17,admin,VIEW_REPORT,AuditLogs,SUCCESS,4966
2026-01-14 16:24:20,jdoe,DELETE_USER,AuditLogs,SUCCESS,88
2026-01-14 11:07:10,admin,DELETE_USER,AuditLogs,SUCCESS,200
2026-01-14 16:32:36,clane,DELETE_USER,AuditLogs,SUCCESS,1863
2026-01-14 12:55:43,jdoe,LOGIN,InventoryReport,SUCCESS,3186
2026-01-14 13:15:52,clane,LOGIN,UserManagement,SUCCESS,1509
2026-01-14 10:22:51,davis,EXPORT_REPORT,SystemSettings,SUCCESS,792
2026-01-14 09:43:32,clane,VIEW_REPORT,InventoryReport,SUCCESS,4262
2026-01-14 16:26:09,davis,LOGIN,UserManagement,SUCCESS,4001
2026-01-14 22:41:42,clane,LOGIN,AuditLogs,SUCCESS,769
2026-01-14 15:10:48,davis,ADMIN_CONFIG,InventoryReport,SUCCESS,4621
2026-01-14 13:51:13,asmith,CREATE_USER,SalesDashboard,SUCCESS,3609
2026-01-14 16:24:08,asmith,EXPORT_REPORT,AuditLogs,SUCCESS,1159
2026-01-14 16:18:56,admin,CREATE_USER,SalesDashboard,SUCCESS,3637
2026-01-14 08:24:04,bwhite,LOGOUT,UserManagement,SUCCESS,4111
2026-01-14 15:46:37,admin,DELETE_USER,AuditLogs,SUCCESS,4585
2026-01-14 08:11:22,bwhite,ADMIN_CONFIG,SalesDashboard,SUCCESS,2686
2026-01-14 10:00:31,davis,LOGIN,SystemSettings,SUCCESS,1348
2026-01-14 14:55:56,davis,LOGIN,AuditLogs,SUCCESS,1891
2026-01-14 09:14:25,admin,CREATE_USER,AuditLogs,SUCCESS,2536
2026-01-14 13:10:49,admin,EXPORT_REPORT,SalesDashboard,SUCCESS,4917
2026-01-14 16:10:32,bwhite,CREATE_USER,AuditLogs,SUCCESS,510
2026-01-14 08:12:33,davis,EXPORT_REPORT,AuditLogs,SUCCESS,438
2026-01-14 10:18:12,asmith,CREATE_USER,SalesDashboard,SUCCESS,2127
2026-01-14 08:16:32,clane,EXPORT_REPORT,SalesDashboard,SUCCESS,955
2026-01-14 09:07:00,bwhite,ADMIN_CONFIG,UserManagement,SUCCESS,145
2026-01-15 18:54:08,admin,LOGIN,InventoryReport,SUCCESS,1320
2026-01-15 13:12:59,clane,DELETE_USER,SystemSettings,SUCCESS,678
2026-01-15 09:48:37,davis,ADMIN_CONFIG,UserManagement,SUCCESS,3431
2026-01-15 10:05:08,jdoe,EXPORT_REPORT,AuditLogs,SUCCESS,1498
2026-01-15 16:14:09,bwhite,LOGOUT,SalesDashboard,SUCCESS,3159
2026-01-15 13:13:46,jdoe,LOGIN,AuditLogs,SUCCESS,129
2026-01-15 13:10:47,admin,ADMIN_CONFIG,InventoryReport,FAILURE,1995
2026-01-15 21:55:36,jdoe,ADMIN_CONFIG,SalesDashboard,SUCCESS,2944
2026-01-15 10:55:56,davis,VIEW_REPORT,InventoryReport,SUCCESS,102
2026-01-15 10:52:36,bwhite,DELETE_USER,SalesDashboard,SUCCESS,396
2026-01-15 18:14:38,asmith,EXPORT_REPORT,UserManagement,SUCCESS,2367
2026-01-15 20:30:12,bwhite,LOGOUT,SalesDashboard,SUCCESS,3228
2026-01-15 15:29:01,clane,DELETE_USER,SalesDashboard,SUCCESS,3594
2026-01-15 10:41:28,clane,VIEW_REPORT,AuditLogs,SUCCESS,3504
2026-01-15 08:35:58,admin,DELETE_USER,UserManagement,SUCCESS,1008
2026-01-15 04:39:50,davis,CREATE_USER,SalesDashboard,SUCCESS,3729
2026-01-15 11:06:40,admin,VIEW_REPORT,AuditLogs,SUCCESS,3987
2026-01-15 11:21:32,jdoe,LOGOUT,UserManagement,SUCCESS,765
2026-01-15 09:48:09,clane,CREATE_USER,SalesDashboard,SUCCESS,3005
2026-01-15 08:40:56,davis,CREATE_USER,InventoryReport,SUCCESS,2847
2026-01-15 01:31:10,jdoe,LOGOUT,UserManagement,SUCCESS,1878
2026-01-15 03:45:28,davis,LOGOUT,SystemSettings,SUCCESS,375
2026-01-15 12:50:46,asmith,ADMIN_CONFIG,UserManagement,SUCCESS,1183
2026-01-15 15:20:37,admin,EXPORT_REPORT,AuditLogs,SUCCESS,2199
2026-01-15 16:42:13,asmith,LOGIN,InventoryReport,SUCCESS,4900
2026-01-15 13:56:08,jdoe,LOGOUT,SystemSettings,SUCCESS,4837
2026-01-15 11:29:39,clane,VIEW_REPORT,InventoryReport,SUCCESS,1853
2026-01-15 15:17:21,asmith,LOGIN,AuditLogs,SUCCESS,1646
2026-01-15 10:17:20,clane,CREATE_USER,UserManagement,SUCCESS,2957
2026-01-15 14:04:58,jdoe,ADMIN_CONFIG,AuditLogs,SUCCESS,1831
2026-01-15 15:20:00,admin,ADMIN_CONFIG,AuditLogs,SUCCESS,4835
2026-01-15 10:06:34,clane,DELETE_USER,SystemSettings,FAILURE,621
2026-01-15 13:13:31,admin,LOGIN,AuditLogs,SUCCESS,1499
2026-01-15 23:27:07,clane,DELETE_USER,SalesDashboard,SUCCESS,2447
2026-01-15 04:29:12,clane,LOGIN,UserManagement,SUCCESS,4674
2026-01-15 11:14:39,bwhite,LOGOUT,AuditLogs,SUCCESS,2935
2026-01-15 16:53:32,bwhite,DELETE_USER,UserManagement,SUCCESS,263
2026-01-15 14:36:34,jdoe,EXPORT_REPORT,SalesDashboard,SUCCESS,3678
2026-01-15 16:40:20,jdoe,ADMIN_CONFIG,AuditLogs,SUCCESS,1690
2026-01-15 14:08:53,clane,EXPORT_REPORT,SalesDashboard,SUCCESS,1155
2026-01-15 12:06:02,davis,CREATE_USER,UserManagement,SUCCESS,998
2026-01-15 14:36:17,davis,LOGIN,AuditLogs,SUCCESS,3193
2026-01-15 15:08:30,davis,EXPORT_REPORT,InventoryReport,SUCCESS,2872
2026-01-15 14:32:17,bwhite,CREATE_USER,SystemSettings,SUCCESS,3793
2026-01-15 23:10:44,davis,CREATE_USER,InventoryReport,FAILURE,2427
2026-01-15 11:07:46,asmith,ADMIN_CONFIG,UserManagement,SUCCESS,4007
2026-01-15 09:13:31,admin,VIEW_REPORT,SystemSettings,SUCCESS,808
2026-01-15 08:20:58,jdoe,ADMIN_CONFIG,SystemSettings,SUCCESS,4822
2026-01-15 08:28:26,bwhite,CREATE_USER,SystemSettings,SUCCESS,3728
2026-01-15 15:55:24,clane,LOGOUT,AuditLogs,SUCCESS,2828
2026-01-15 08:34:44,jdoe,CREATE_USER,UserManagement,SUCCESS,358
2026-01-15 14:26:08,jdoe,VIEW_REPORT,AuditLogs,SUCCESS,1283
2026-01-15 11:11:38,clane,EXPORT_REPORT,SalesDashboard,FAILURE,2727
2026-01-15 13:57:05,jdoe,VIEW_REPORT,UserManagement,SUCCESS,3034
2026-01-15 16:27:36,admin,LOGIN,SystemSettings,SUCCESS,570
2026-01-15 10:59:11,davis,LOGIN,SalesDashboard,SUCCESS,422
2026-01-15 08:34:36,clane,EXPORT_REPORT,UserManagement,SUCCESS,350
2026-01-15 10:07:06,jdoe,DELETE_USER,SalesDashboard,SUCCESS,4559
2026-01-15 22:39:01,jdoe,ADMIN_CONFIG,UserManagement,SUCCESS,4342
2026-01-15 08:23:40,clane,CREATE_USER,AuditLogs,SUCCESS,3550
2026-01-15 08:20:38,clane,LOGIN,UserManagement,SUCCESS,74
2026-01-15 14:42:50,bwhite,LOGIN,SalesDashboard,SUCCESS,3827
2026-01-15 12:35:24,clane,ADMIN_CONFIG,UserManagement,SUCCESS,3128
2026-01-15 09:46:34,asmith,VIEW_REPORT,SalesDashboard,SUCCESS,4409
2026-01-15 12:17:21,asmith,ADMIN_CONFIG,SystemSettings,SUCCESS,571
2026-01-15 07:11:51,jdoe,LOGIN,UserManagement,SUCCESS,1627
2026-01-15 15:10:55,admin,VIEW_REPORT,UserManagement,SUCCESS,1502
2026-01-15 21:19:47,bwhite,ADMIN_CONFIG,AuditLogs,SUCCESS,3614
2026-01-15 08:45:16,admin,VIEW_REPORT,AuditLogs,SUCCESS,4860
2026-01-15 14:39:51,asmith,DELETE_USER,UserManagement,SUCCESS,2009
2026-01-15 12:28:23,davis,CREATE_USER,SalesDashboard,SUCCESS,1666
2026-01-15 16:05:12,clane,LOGIN,SalesDashboard,SUCCESS,4349
2026-01-15 00:53:08,admin,LOGIN,UserManagement,SUCCESS,145
2026-01-15 10:03:44,jdoe,LOGIN,InventoryReport,SUCCESS,3725
2026-01-15 16:36:26,clane,CREATE_USER,AuditLogs,SUCCESS,2003
2026-01-15 16:38:28,jdoe,DELETE_USER,UserManagement,FAILURE,4954
2026-01-15 11:10:02,clane,VIEW_REPORT,InventoryReport,FAILURE,2793
2026-01-15 08:14:43,admin,EXPORT_REPORT,SalesDashboard,SUCCESS,3861
2026-01-15 09:56:27,jdoe,DELETE_USER,AuditLogs,SUCCESS,339
2026-01-15 12:45:21,asmith,LOGIN,InventoryReport,SUCCESS,815
2026-01-15 14:24:55,clane,EXPORT_REPORT,SystemSettings,SUCCESS,854
2026-01-16 09:11:40,jdoe,DELETE_USER,UserManagement,SUCCESS,3379
2026-01-16 11:24:43,asmith,VIEW_REPORT,UserManagement,SUCCESS,2916
2026-01-16 14:55:41,asmith,EXPORT_REPORT,SystemSettings,SUCCESS,1742
2026-01-16 13:17:44,asmith,EXPORT_REPORT,AuditLogs,SUCCESS,4505
2026-01-16 12:15:07,davis,VIEW_REPORT,SystemSettings,SUCCESS,1376
2026-01-16 00:44:53,admin,ADMIN_CONFIG,SalesDashboard,SUCCESS,915
2026-01-16 16:20:12,clane,LOGOUT,AuditLogs,SUCCESS,3573
2026-01-16 08:15:09,davis,CREATE_USER,InventoryReport,SUCCESS,3921
2026-01-16 13:46:44,clane,VIEW_REPORT,UserManagement,SUCCESS,1072
2026-01-16 11:20:50,bwhite,CREATE_USER,SalesDashboard,SUCCESS,3126
2026-01-16 12:40:32,davis,LOGOUT,InventoryReport,SUCCESS,2185
2026-01-16 13:29:11,jdoe,LOGOUT,SystemSettings,SUCCESS,1285
2026-01-16 12:29:27,asmith,LOGIN,SalesDashboard,SUCCESS,2449
2026-01-16 19:44:41,davis,LOGOUT,UserManagement,SUCCESS,1597
2026-01-16 14:06:38,asmith,CREATE_USER,InventoryReport,SUCCESS,4146
2026-01-16 11:51:40,admin,LOGIN,UserManagement,SUCCESS,3592
2026-01-16 08:33:35,admin,EXPORT_REPORT,AuditLogs,SUCCESS,2534
2026-01-16 10:53:59,davis,LOGOUT,SystemSettings,SUCCESS,761
2026-01-16 11:40:13,jdoe,EXPORT_REPORT,SalesDashboard,SUCCESS,1037
2026-01-16 09:53:39,clane,DELETE_USER,AuditLogs,SUCCESS,1390
2026-01-16 12:30:08,admin,EXPORT_REPORT,InventoryReport,FAILURE,1400
2026-01-16 15:13:37,davis,CREATE_USER,AuditLogs,SUCCESS,1178
2026-01-16 09:37:51,admin,LOGIN,AuditLogs,SUCCESS,1255
2026-01-16 11:16:56,admin,VIEW_REPORT,SalesDashboard,SUCCESS,239
2026-01-16 11:05:08,davis,CREATE_USER,SystemSettings,SUCCESS,4670
2026-01-16 09:14:32,bwhite,ADMIN_CONFIG,SystemSettings,SUCCESS,4015
2026-01-16 11:03:00,asmith,LOGOUT,SalesDashboard,SUCCESS,4858
2026-01-16 10:02:21,clane,LOGOUT,UserManagement,SUCCESS,2013
2026-01-16 14:07:02,asmith,CREATE_USER,SystemSettings,SUCCESS,375
2026-01-16 08:01:10,clane,EXPORT_REPORT,SystemSettings,SUCCESS,1910
2026-01-16 15:47:48,admin,LOGIN,InventoryReport,SUCCESS,1769
2026-01-16 06:50:28,asmith,LOGIN,UserManagement,SUCCESS,587
2026-01-16 15:44:44,admin,ADMIN_CONFIG,SalesDashboard,SUCCESS,2724
2026-01-16 10:32:43,clane,ADMIN_CONFIG,InventoryReport,SUCCESS,3166
2026-01-16 13:15:41,davis,LOGIN,AuditLogs,SUCCESS,4509
2026-01-16 16:57:22,jdoe,EXPORT_REPORT,AuditLogs,SUCCESS,2111
2026-01-16 14:22:48,bwhite,EXPORT_REPORT,UserManagement,SUCCESS,1385
2026-01-16 14:47:00,davis,CREATE_USER,InventoryReport,SUCCESS,1465
2026-01-16 08:51:37,asmith,LOGOUT,InventoryReport,SUCCESS,4922
2026-01-16 14:07:50,davis,LOGIN,UserManagement,SUCCESS,890
2026-01-16 08:30:28,jdoe,EXPORT_REPORT,SalesDashboard,FAILURE,708
2026-01-16 11:50:51,admin,CREATE_USER,AuditLogs,SUCCESS,4360
2026-01-16 12:00:48,jdoe,LOGIN,InventoryReport,SUCCESS,657
2026-01-16 13:00:21,admin,EXPORT_REPORT,SalesDashboard,SUCCESS,4533
2026-01-16 11:29:09,davis,CREATE_USER,SalesDashboard,SUCCESS,3369
2026-01-16 16:28:50,asmith,CREATE_USER,AuditLogs,SUCCESS,764
2026-01-16 10:22:23,davis,EXPORT_REPORT,SalesDashboard,SUCCESS,2061
2026-01-16 11:31:55,clane,LOGIN,AuditLogs,SUCCESS,3403
2026-01-16 10:57:05,admin,LOGIN,SystemSettings,SUCCESS,2124
2026-01-16 21:09:08,clane,DELETE_USER,UserManagement,SUCCESS,213
2026-01-16 15:35:41,admin,CREATE_USER,UserManagement,SUCCESS,2546
2026-01-16 10:41:43,bwhite,LOGOUT,InventoryReport,SUCCESS,4144
2026-01-16 11:37:06,admin,VIEW_REPORT,AuditLogs,SUCCESS,3499
2026-01-16 14:08:38,jdoe,LOGOUT,UserManagement,SUCCESS,403
2026-01-16 10:14:04,admin,EXPORT_REPORT,UserManagement,SUCCESS,3759
2026-01-16 15:36:57,bwhite,EXPORT_REPORT,SalesDashboard,SUCCESS,892
2026-01-16 09:49:12,jdoe,DELETE_USER,SystemSettings,SUCCESS,1122
2026-01-16 14:43:15,davis,LOGIN,AuditLogs,SUCCESS,913
2026-01-16 02:04:49,bwhite,CREATE_USER,SalesDashboard,SUCCESS,3747
2026-01-16 10:55:14,jdoe,DELETE_USER,InventoryReport,SUCCESS,1026
2026-01-16 08:37:11,clane,LOGIN,UserManagement,FAILURE,4666
2026-01-16 07:17:44,bwhite,CREATE_USER,InventoryReport,SUCCESS,2162
2026-01-16 15:46:25,davis,EXPORT_REPORT,SystemSettings,SUCCESS,1322
2026-01-16 10:08:00,jdoe,CREATE_USER,UserManagement,SUCCESS,3533
2026-01-16 16:44:29,clane,EXPORT_REPORT,SystemSettings,SUCCESS,4769
2026-01-16 16:38:30,admin,VIEW_REPORT,SalesDashboard,SUCCESS,1411
2026-01-16 11:56:40,clane,EXPORT_REPORT,InventoryReport,SUCCESS,4408
2026-01-16 08:17:54,davis,ADMIN_CONFIG,SalesDashboard,SUCCESS,4393
2026-01-16 01:23:02,asmith,ADMIN_CONFIG,SystemSettings,SUCCESS,4708
2026-01-16 14:51:00,admin,EXPORT_REPORT,SystemSettings,SUCCESS,2448
2026-01-16 12:23:59,asmith,DELETE_USER,SalesDashboard,SUCCESS,3614
2026-01-16 12:52:31,bwhite,LOGIN,SystemSettings,FAILURE,3489
2026-01-16 10:03:23,asmith,LOGOUT,AuditLogs,SUCCESS,1644
2026-01-16 10:17:58,admin,VIEW_REPORT,SalesDashboard,SUCCESS,2073
2026-01-16 14:48:13,davis,EXPORT_REPORT,InventoryReport,SUCCESS,3598
2026-01-16 11:47:51,jdoe,VIEW_REPORT,UserManagement,SUCCESS,1843
2026-01-16 09:33:11,asmith,DELETE_USER,UserManagement,SUCCESS,2026
2026-01-16 12:25:07,clane,VIEW_REPORT,UserManagement,SUCCESS,3887
2026-01-16 13:31:17,jdoe,CREATE_USER,UserManagement,SUCCESS,2329
2026-01-16 09:01:53,clane,EXPORT_REPORT,AuditLogs,SUCCESS,2998
2026-01-16 10:23:03,admin,ADMIN_CONFIG,SystemSettings,SUCCESS,2837
2026-01-16 15:39:54,asmith,EXPORT_REPORT,SystemSettings,SUCCESS,1362
2026-01-16 09:39:39,bwhite,VIEW_REPORT,UserManagement,SUCCESS,3879
2026-01-16 08:10:27,jdoe,ADMIN_CONFIG,InventoryReport,FAILURE,725
2026-01-16 19:20:09,asmith,ADMIN_CONFIG,InventoryReport,SUCCESS,1855
2026-01-16 13:41:18,jdoe,VIEW_REPORT,InventoryReport,SUCCESS,4686
2026-01-16 12:54:11,clane,EXPORT_REPORT,SalesDashboard,SUCCESS,913
2026-01-16 03:27:39,jdoe,EXPORT_REPORT,SystemSettings,SUCCESS,562
2026-01-16 11:16:40,clane,LOGIN,SystemSettings,SUCCESS,3157
2026-01-16 12:03:17,clane,DELETE_USER,SystemSettings,SUCCESS,1257
2026-01-16 15:50:12,davis,DELETE_USER,InventoryReport,SUCCESS,1944
2026-01-16 12:14:19,jdoe,CREATE_USER,UserManagement,SUCCESS,3378
2026-01-16 15:42:24,admin,DELETE_USER,SystemSettings,SUCCESS,4331
2026-01-16 10:24:54,jdoe,EXPORT_REPORT,SystemSettings,SUCCESS,1639
2026-01-16 12:06:53,admin,LOGIN,UserManagement,SUCCESS,2369
2026-01-16 09:07:51,clane,DELETE_USER,SystemSettings,SUCCESS,4003
2026-01-16 12:12:15,bwhite,LOGIN,UserManagement,SUCCESS,3429
2026-01-16 11:41:37,bwhite,ADMIN_CONFIG,UserManagement,SUCCESS,1388
2026-01-16 13:58:35,asmith,LOGOUT,AuditLogs,SUCCESS,3871
2026-01-16 11:35:48,davis,ADMIN_CONFIG,SalesDashboard,SUCCESS,3315
2026-01-16 08:03:14,asmith,CREATE_USER,InventoryReport,SUCCESS,3863
2026-01-16 10:21:43,davis,LOGOUT,SystemSettings,SUCCESS,4596
2026-01-16 13:52:24,asmith,EXPORT_REPORT,InventoryReport,SUCCESS,4658
2026-01-16 12:23:03,admin,DELETE_USER,UserManagement,FAILURE,1637
2026-01-16 21:44:32,admin,CREATE_USER,SystemSettings,SUCCESS,2107
2026-01-16 13:14:43,admin,LOGOUT,SalesDashboard,SUCCESS,2609
2026-01-16 09:50:30,davis,ADMIN_CONFIG,SystemSettings,SUCCESS,3790
2026-01-16 10:14:23,asmith,CREATE_USER,UserManagement,SUCCESS,2787
2026-01-16 11:59:27,jdoe,EXPORT_REPORT,InventoryReport,SUCCESS,4799
2026-01-16 11:21:49,bwhite,CREATE_USER,UserManagement,SUCCESS,2078
2026-01-16 14:30:14,jdoe,EXPORT_REPORT,AuditLogs,SUCCESS,1349
2026-01-16 15:17:09,asmith,VIEW_REPORT,UserManagement,SUCCESS,4471
2026-01-16 09:24:16,admin,EXPORT_REPORT,InventoryReport,SUCCESS,1501
2026-01-16 14:01:48,bwhite,LOGIN,AuditLogs,SUCCESS,355
2026-01-16 11:47:47,admin,LOGOUT,SalesDashboard,SUCCESS,560
2026-01-16 16:43:56,clane,LOGIN,SystemSettings,SUCCESS,563
2026-01-16 10:37:45,jdoe,CREATE_USER,AuditLogs,SUCCESS,828
2026-01-16 11:44:04,asmith,VIEW_REPORT,InventoryReport,SUCCESS,3646
2026-01-16 15:04:01,asmith,EXPORT_REPORT,SalesDashboard,SUCCESS,3730
2026-01-16 08:33:03,clane,DELETE_USER,SalesDashboard,SUCCESS,4987
2026-01-16 15:41:16,jdoe,LOGIN,AuditLogs,SUCCESS,3465
2026-01-16 02:00:38,bwhite,VIEW_REPORT,SalesDashboard,SUCCESS,840
2026-01-16 09:17:34,jdoe,LOGOUT,InventoryReport,SUCCESS,3872
2026-01-16 10:05:10,davis,EXPORT_REPORT,AuditLogs,SUCCESS,3760
2026-01-16 15:51:44,admin,DELETE_USER,UserManagement,SUCCESS,946
2026-01-16 16:31:53,bwhite,DELETE_USER,InventoryReport,SUCCESS,4174
2026-01-16 13:54:26,admin,EXPORT_REPORT,UserManagement,SUCCESS,4267
2026-01-16 10:21:40,admin,EXPORT_REPORT,UserManagement,SUCCESS,415
2026-01-16 09:08:19,asmith,LOGOUT,InventoryReport,SUCCESS,2076
2026-01-16 09:02:51,clane,EXPORT_REPORT,SalesDashboard,SUCCESS,3103
2026-01-16 02:15:01,bwhite,VIEW_REPORT,SystemSettings,SUCCESS,4468
2026-01-16 11:35:41,clane,DELETE_USER,SalesDashboard,FAILURE,3996
2026-01-16 09:11:56,admin,DELETE_USER,SystemSettings,SUCCESS,4248
2026-01-16 13:46:13,jdoe,DELETE_USER,SystemSettings,SUCCESS,1375
2026-01-16 10:02:03,bwhite,VIEW_REPORT,InventoryReport,SUCCESS,561
2026-01-17 04:41:04,clane,VIEW_REPORT,SystemSettings,SUCCESS,2745
2026-01-17 21:59:17,bwhite,EXPORT_REPORT,AuditLogs,SUCCESS,4812
2026-01-17 02:47:47,admin,DELETE_USER,AuditLogs,SUCCESS,22
2026-01-17 01:14:03,admin,EXPORT_REPORT,AuditLogs,SUCCESS,1625
2026-01-17 13:47:18,davis,VIEW_REPORT,UserManagement,SUCCESS,1786
2026-01-17 00:16:22,admin,EXPORT_REPORT,SalesDashboard,SUCCESS,1302
2026-01-17 05:13:07,asmith,CREATE_USER,InventoryReport,SUCCESS,1655
2026-01-17 13:01:58,davis,DELETE_USER,SystemSettings,SUCCESS,1873
2026-01-17 12:40:40,davis,EXPORT_REPORT,AuditLogs,SUCCESS,3420
2026-01-18 16:57:04,jdoe,DELETE_USER,SalesDashboard,SUCCESS,1855
2026-01-18 13:18:56,asmith,LOGOUT,InventoryReport,SUCCESS,1565
2026-01-18 19:36:35,davis,LOGIN,SalesDashboard,SUCCESS,2395
2026-01-18 22:07:52,clane,DELETE_USER,UserManagement,SUCCESS,4027
2026-01-18 14:30:34,admin,DELETE_USER,AuditLogs,SUCCESS,2453
2026-01-18 17:08:52,clane,ADMIN_CONFIG,SystemSettings,SUCCESS,2021
2026-01-18 14:25:20,jdoe,DELETE_USER,UserManagement,SUCCESS,2409
2026-01-18 16:44:10,davis,CREATE_USER,SalesDashboard,SUCCESS,4498
2026-01-18 02:54:43,davis,DELETE_USER,InventoryReport,SUCCESS,4397
2026-01-18 10:20:41,admin,EXPORT_REPORT,InventoryReport,SUCCESS,2810
2026-01-19 16:22:20,bwhite,ADMIN_CONFIG,AuditLogs,SUCCESS,3809
2026-01-19 15:20:54,jdoe,DELETE_USER,UserManagement,SUCCESS,239
2026-01-19 19:33:29,davis,ADMIN_CONFIG,AuditLogs,SUCCESS,4339
2026-01-19 08:42:46,davis,EXPORT_REPORT,SystemSettings,SUCCESS,3302
2026-01-19 09:05:52,davis,DELETE_USER,SalesDashboard,SUCCESS,4456
2026-01-19 12:11:08,jdoe,EXPORT_REPORT,UserManagement,FAILURE,1469
2026-01-19 13:56:28,jdoe,LOGOUT,InventoryReport,SUCCESS,3590
2026-01-19 10:28:11,admin,CREATE_USER,UserManagement,SUCCESS,2870
2026-01-19 09:24:53,davis,LOGIN,InventoryReport,SUCCESS,337
2026-01-19 12:28:05,clane,LOGIN,UserManagement,SUCCESS,4468
2026-01-19 20:54:57,admin,LOGOUT,UserManagement,SUCCESS,1500
2026-01-19 09:20:00,jdoe,ADMIN_CONFIG,SystemSettings,SUCCESS,666
2026-01-19 13:47:52,asmith,ADMIN_CONFIG,InventoryReport,SUCCESS,2291
2026-01-19 16:22:54,davis,EXPORT_REPORT,InventoryReport,SUCCESS,1070
2026-01-19 11:29:49,jdoe,ADMIN_CONFIG,UserManagement,SUCCESS,1403
2026-01-19 10:44:51,davis,DELETE_USER,AuditLogs,SUCCESS,3422
2026-01-19 02:25:16,asmith,EXPORT_REPORT,UserManagement,SUCCESS,4272
2026-01-19 08:16:04,davis,EXPORT_REPORT,UserManagement,SUCCESS,2914
2026-01-19 09:54:44,admin,CREATE_USER,SalesDashboard,SUCCESS,3944
2026-01-19 18:23:50,admin,CREATE_USER,SalesDashboard,SUCCESS,1886
2026-01-19 14:04:05,davis,ADMIN_CONFIG,SalesDashboard,FAILURE,2622
2026-01-19 10:45:20,asmith,LOGIN,SystemSettings,FAILURE,3736
2026-01-19 08:00:20,asmith,LOGOUT,UserManagement,SUCCESS,2327
2026-01-19 12:13:52,clane,LOGIN,SalesDashboard,SUCCESS,4185
2026-01-19 18:20:03,bwhite,LOGIN,SystemSettings,FAILURE,1948
2026-01-19 13:41:16,bwhite,LOGOUT,SalesDashboard,SUCCESS,2934
2026-01-19 05:47:32,bwhite,EXPORT_REPORT,InventoryReport,SUCCESS,140
2026-01-19 12:01:14,bwhite,LOGIN,SalesDashboard,SUCCESS,4195
2026-01-19 13:56:59,asmith,CREATE_USER,SalesDashboard,SUCCESS,643
2026-01-19 15:16:46,clane,CREATE_USER,AuditLogs,FAILURE,1399
2026-01-19 16:43:57,jdoe,EXPORT_REPORT,UserManagement,SUCCESS,105
2026-01-19 02:03:02,admin,VIEW_REPORT,InventoryReport,SUCCESS,3339
2026-01-19 15:21:13,asmith,CREATE_USER,SalesDashboard,SUCCESS,2548
2026-01-19 12:24:35,asmith,VIEW_REPORT,SalesDashboard,SUCCESS,1895
2026-01-19 21:28:24,jdoe,LOGOUT,InventoryReport,SUCCESS,640
2026-01-19 15:31:42,asmith,EXPORT_REPORT,SalesDashboard,SUCCESS,4188
2026-01-19 11:17:33,clane,EXPORT_REPORT,SystemSettings,SUCCESS,2515
2026-01-19 14:03:31,davis,DELETE_USER,SystemSettings,SUCCESS,350
2026-01-19 00:29:08,jdoe,CREATE_USER,AuditLogs,FAILURE,3023
2026-01-19 10:19:27,bwhite,VIEW_REPORT,AuditLogs,SUCCESS,4948
2026-01-19 11:36:04,jdoe,LOGOUT,AuditLogs,SUCCESS,1035
2026-01-19 16:45:59,admin,EXPORT_REPORT,SystemSettings,SUCCESS,4789
2026-01-19 13:59:44,asmith,VIEW_REPORT,SystemSettings,SUCCESS,179
2026-01-19 10:40:06,bwhite,LOGIN,AuditLogs,SUCCESS,110
2026-01-19 18:01:59,jdoe,DELETE_USER,InventoryReport,SUCCESS,4221
2026-01-19 08:13:44,davis,CREATE_USER,AuditLogs,SUCCESS,3932
2026-01-19 22:28:15,admin,ADMIN_CONFIG,SystemSettings,SUCCESS,2726
2026-01-19 11:03:10,davis,LOGOUT,InventoryReport,SUCCESS,2093
2026-01-19 08:37:29,davis,DELETE_USER,SalesDashboard,SUCCESS,1765
2026-01-19 16:48:59,davis,ADMIN_CONFIG,SystemSettings,SUCCESS,4834
2026-01-19 15:54:56,jdoe,EXPORT_REPORT,InventoryReport,SUCCESS,1020
2026-01-19 10:16:30,asmith,DELETE_USER,AuditLogs,SUCCESS,4510
2026-01-20 08:01:49,admin,EXPORT_REPORT,SalesDashboard,SUCCESS,3563
2026-01-20 09:23:16,clane,LOGIN,AuditLogs,SUCCESS,2650
2026-01-20 09:12:13,jdoe,EXPORT_REPORT,SalesDashboard,SUCCESS,3412
2026-01-20 13:05:26,davis,DELETE_USER,SystemSettings,SUCCESS,1918
2026-01-20 13:01:53,bwhite,CREATE_USER,InventoryReport,SUCCESS,788
2026-01-20 12:18:53,jdoe,DELETE_USER,UserManagement,SUCCESS,1115
2026-01-20 14:14:31,davis,EXPORT_REPORT,UserManagement,SUCCESS,3579
2026-01-20 13:17:57,admin,LOGIN,InventoryReport,SUCCESS,766
2026-01-20 16:58:43,jdoe,CREATE_USER,InventoryReport,SUCCESS,3653
2026-01-20 03:30:09,davis,CREATE_USER,SystemSettings,FAILURE,1899
2026-01-20 15:06:59,asmith,CREATE_USER,InventoryReport,SUCCESS,4296
2026-01-20 20:05:06,clane,ADMIN_CONFIG,AuditLogs,SUCCESS,4814
2026-01-20 11:19:33,admin,LOGOUT,SystemSettings,SUCCESS,878
2026-01-20 08:31:19,asmith,CREATE_USER,SystemSettings,SUCCESS,4925
2026-01-20 14:57:44,clane,LOGIN,AuditLogs,SUCCESS,668
2026-01-20 15:41:40,admin,EXPORT_REPORT,AuditLogs,SUCCESS,91
2026-01-20 15:09:04,asmith,EXPORT_REPORT,InventoryReport,SUCCESS,3909
2026-01-20 09:28:37,bwhite,LOGOUT,SalesDashboard,SUCCESS,2540
2026-01-20 16:26:44,jdoe,LOGIN,SystemSettings,SUCCESS,4530
2026-01-20 12:44:53,davis,VIEW_REPORT,SalesDashboard,SUCCESS,3117
2026-01-20 12:20:42,asmith,VIEW_REPORT,AuditLogs,SUCCESS,3644
2026-01-20 09:53:21,admin,VIEW_REPORT,SystemSettings,SUCCESS,3562
2026-01-20 12:50:43,bwhite,DELETE_USER,InventoryReport,SUCCESS,102
2026-01-20 05:07:30,jdoe,LOGIN,SystemSettings,SUCCESS,4440
2026-01-20 15:40:31,bwhite,VIEW_REPORT,AuditLogs,SUCCESS,4830
2026-01-20 10:26:49,bwhite,VIEW_REPORT,UserManagement,SUCCESS,1705
2026-01-20 12:11:55,clane,CREATE_USER,InventoryReport,SUCCESS,653
2026-01-20 13:36:02,admin,DELETE_USER,AuditLogs,SUCCESS,3894
2026-01-20 15:32:35,clane,VIEW_REPORT,SystemSettings,SUCCESS,1303
2026-01-20 14:21:21,clane,DELETE_USER,InventoryReport,SUCCESS,4712
2026-01-20 16:06:47,bwhite,CREATE_USER,AuditLogs,SUCCESS,2720
2026-01-20 08:27:29,bwhite,ADMIN_CONFIG,AuditLogs,SUCCESS,112
2026-01-20 09:07:09,bwhite,VIEW_REPORT,SystemSettings,FAILURE,189
2026-01-20 08:51:17,bwhite,EXPORT_REPORT,SalesDashboard,SUCCESS,3717
2026-01-20 12:44:15,bwhite,LOGOUT,InventoryReport,SUCCESS,265
2026-01-20 17:35:52,bwhite,DELETE_USER,InventoryReport,SUCCESS,4740
2026-01-20 09:05:00,jdoe,EXPORT_REPORT,AuditLogs,SUCCESS,4338
2026-01-20 15:57:37,bwhite,EXPORT_REPORT,InventoryReport,SUCCESS,4669
2026-01-20 14:19:30,admin,EXPORT_REPORT,AuditLogs,SUCCESS,833
2026-01-20 09:59:13,davis,LOGOUT,UserManagement,FAILURE,1839
2026-01-20 09:03:52,davis,LOGOUT,AuditLogs,SUCCESS,693
2026-01-20 20:04:46,admin,CREATE_USER,SystemSettings,SUCCESS,3297
2026-01-20 11:26:43,jdoe,DELETE_USER,InventoryReport,SUCCESS,899
2026-01-20 10:49:36,asmith,CREATE_USER,UserManagement,SUCCESS,490
2026-01-20 08:10:10,davis,LOGOUT,AuditLogs,SUCCESS,4310
2026-01-20 08:16:00,bwhite,CREATE_USER,UserManagement,SUCCESS,3342
2026-01-20 15:39:13,jdoe,LOGIN,SalesDashboard,SUCCESS,4656
2026-01-20 16:42:25,admin,VIEW_REPORT,UserManagement,SUCCESS,4421
2026-01-20 15:27:06,davis,VIEW_REPORT,SalesDashboard,SUCCESS,3146
2026-01-20 02:57:56,bwhite,LOGOUT,SalesDashboard,SUCCESS,4646
2026-01-20 12:05:49,davis,LOGOUT,SalesDashboard,SUCCESS,3077
2026-01-20 10:30:38,jdoe,LOGOUT,InventoryReport,SUCCESS,4561
2026-01-20 11:49:45,clane,DELETE_USER,SystemSettings,SUCCESS,474
2026-01-20 08:45:48,davis,LOGOUT,SalesDashboard,SUCCESS,1683
2026-01-20 13:35:33,bwhite,LOGIN,AuditLogs,SUCCESS,4151
2026-01-20 10:03:17,admin,EXPORT_REPORT,SystemSettings,SUCCESS,2176
2026-01-20 16:44:14,admin,EXPORT_REPORT,AuditLogs,SUCCESS,1548
2026-01-20 09:33:27,davis,DELETE_USER,SystemSettings,SUCCESS,2273
2026-01-20 12:40:11,jdoe,VIEW_REPORT,SalesDashboard,SUCCESS,816
2026-01-20 10:29:52,admin,ADMIN_CONFIG,AuditLogs,SUCCESS,2355
2026-01-20 10:49:38,jdoe,LOGIN,SalesDashboard,SUCCESS,1245
2026-01-20 15:07:18,jdoe,LOGIN,InventoryReport,SUCCESS,696
2026-01-20 16:40:11,asmith,LOGOUT,SalesDashboard,SUCCESS,3892
2026-01-20 17:25:05,bwhite,DELETE_USER,SystemSettings,SUCCESS,4613
2026-01-20 15:20:36,bwhite,DELETE_USER,UserManagement,SUCCESS,3690
2026-01-20 14:39:21,admin,CREATE_USER,InventoryReport,SUCCESS,3789
2026-01-20 03:49:50,jdoe,CREATE_USER,UserManagement,FAILURE,3148
2026-01-20 16:13:25,asmith,DELETE_USER,InventoryReport,SUCCESS,2334
2026-01-20 09:45:12,davis,ADMIN_CONFIG,AuditLogs,SUCCESS,4744
2026-01-20 13:53:03,jdoe,CREATE_USER,SystemSettings,SUCCESS,3959
2026-01-20 13:27:08,jdoe,LOGIN,UserManagement,SUCCESS,2253
2026-01-20 15:59:37,admin,LOGOUT,SalesDashboard,SUCCESS,592
2026-01-20 16:57:02,clane,LOGIN,AuditLogs,SUCCESS,4729
2026-01-20 16:28:40,bwhite,EXPORT_REPORT,AuditLogs,SUCCESS,2386
2026-01-20 12:28:30,davis,DELETE_USER,AuditLogs,SUCCESS,807
2026-01-20 15:47:26,clane,LOGIN,SalesDashboard,SUCCESS,1252
2026-01-20 10:43:04,bwhite,VIEW_REPORT,SystemSettings,SUCCESS,4613
2026-01-20 09:23:54,admin,LOGOUT,SalesDashboard,SUCCESS,2458
2026-01-20 14:51:07,bwhite,DELETE_USER,AuditLogs,SUCCESS,1954
2026-01-20 10:04:23,jdoe,LOGOUT,SystemSettings,SUCCESS,3877
2026-01-20 05:28:14,jdoe,ADMIN_CONFIG,SalesDashboard,SUCCESS,769
2026-01-20 12:14:48,asmith,LOGOUT,SystemSettings,SUCCESS,3066
2026-01-20 01:30:30,clane,LOGIN,SystemSettings,SUCCESS,3514
2026-01-20 08:18:41,bwhite,EXPORT_REPORT,AuditLogs,SUCCESS,96
2026-01-20 13:10:25,clane,DELETE_USER,SalesDashboard,SUCCESS,4598
2026-01-20 13:58:01,bwhite,LOGIN,AuditLogs,SUCCESS,3385
2026-01-20 10:39:48,davis,DELETE_USER,SalesDashboard,SUCCESS,4678
2026-01-20 14:31:53,bwhite,EXPORT_REPORT,SalesDashboard,SUCCESS,4357
2026-01-20 11:36:26,jdoe,LOGIN,UserManagement,SUCCESS,4827
2026-01-20 10:38:12,admin,LOGIN,SystemSettings,SUCCESS,1491
2026-01-20 16:11:12,jdoe,VIEW_REPORT,AuditLogs,SUCCESS,4176
2026-01-20 09:34:58,admin,LOGOUT,UserManagement,SUCCESS,4505
2026-01-20 13:09:05,jdoe,VIEW_REPORT,AuditLogs,SUCCESS,2930
2026-01-20 16:24:23,admin,ADMIN_CONFIG,InventoryReport,SUCCESS,2720
2026-01-20 09:56:14,jdoe,LOGOUT,AuditLogs,SUCCESS,1917
2026-01-20 08:54:04,bwhite,VIEW_REPORT,UserManagement,SUCCESS,726
2026-01-20 12:56:38,bwhite,DELETE_USER,InventoryReport,SUCCESS,3611
2026-01-20 05:34:25,asmith,ADMIN_CONFIG,SalesDashboard,SUCCESS,936
2026-01-20 10:58:45,davis,CREATE_USER,SalesDashboard,SUCCESS,3858
2026-01-20 10:05:59,jdoe,DELETE_USER,UserManagement,SUCCESS,3202
2026-01-20 11:40:01,bwhite,VIEW_REPORT,SalesDashboard,SUCCESS,4204
2026-01-20 14:13:48,admin,DELETE_USER,AuditLogs,SUCCESS,2666
2026-01-20 13:51:27,jdoe,LOGIN,AuditLogs,SUCCESS,4239
2026-01-20 13:45:08,davis,LOGIN,SalesDashboard,SUCCESS,4589
2026-01-20 10:18:36,asmith,DELETE_USER,SalesDashboard,SUCCESS,908
2026-01-20 14:31:48,bwhite,DELETE_USER,InventoryReport,SUCCESS,1605
2026-01-20 16:35:27,asmith,ADMIN_CONFIG,SalesDashboard,SUCCESS,1862
2026-01-20 13:30:14,jdoe,LOGIN,SalesDashboard,SUCCESS,112
2026-01-20 01:01:22,davis,VIEW_REPORT,AuditLogs,SUCCESS,2764
2026-01-20 06:42:16,jdoe,VIEW_REPORT,InventoryReport,SUCCESS,581
2026-01-20 10:25:51,clane,DELETE_USER,UserManagement,SUCCESS,99
2026-01-20 13:12:16,davis,EXPORT_REPORT,AuditLogs,SUCCESS,2313
2026-01-21 21:06:30,admin,LOGOUT,SystemSettings,FAILURE,1056
2026-01-21 11:57:53,admin,EXPORT_REPORT,InventoryReport,SUCCESS,3159
2026-01-21 10:09:54,jdoe,DELETE_USER,UserManagement,SUCCESS,33
2026-01-21 16:27:26,bwhite,LOGOUT,InventoryReport,SUCCESS,2672
2026-01-21 09:26:26,jdoe,LOGOUT,SalesDashboard,FAILURE,3948
2026-01-21 09:27:44,jdoe,EXPORT_REPORT,InventoryReport,SUCCESS,3866
2026-01-21 08:27:02,jdoe,LOGIN,AuditLogs,FAILURE,369
2026-01-21 16:20:43,jdoe,DELETE_USER,UserManagement,SUCCESS,4108
2026-01-21 10:40:49,davis,DELETE_USER,AuditLogs,SUCCESS,4956
2026-01-21 12:00:35,bwhite,ADMIN_CONFIG,InventoryReport,FAILURE,4188
2026-01-21 09:18:10,admin,LOGIN,UserManagement,SUCCESS,2779
2026-01-21 12:07:42,clane,CREATE_USER,AuditLogs,SUCCESS,341
2026-01-21 13:29:03,asmith,ADMIN_CONFIG,SalesDashboard,SUCCESS,4063
2026-01-21 23:42:31,asmith,LOGIN,SystemSettings,SUCCESS,3269
2026-01-21 12:49:16,davis,ADMIN_CONFIG,UserManagement,SUCCESS,242
2026-01-21 13:56:43,admin,LOGOUT,InventoryReport,SUCCESS,1905
2026-01-21 09:59:16,admin,LOGIN,InventoryReport,SUCCESS,1182
2026-01-21 09:43:43,jdoe,EXPORT_REPORT,InventoryReport,SUCCESS,1046
2026-01-21 14:55:15,asmith,LOGOUT,UserManagement,SUCCESS,4207
2026-01-21 00:39:23,davis,CREATE_USER,InventoryReport,SUCCESS,2643
2026-01-21 08:41:18,jdoe,EXPORT_REPORT,SalesDashboard,FAILURE,3481
2026-01-21 12:50:47,clane,DELETE_USER,InventoryReport,SUCCESS,3874
2026-01-21 15:33:53,admin,ADMIN_CONFIG,SalesDashboard,SUCCESS,4960
2026-01-21 09:33:14,jdoe,LOGOUT,SystemSettings,SUCCESS,2450
2026-01-21 10:41:12,asmith,CREATE_USER,AuditLogs,SUCCESS,861
2026-01-21 14:33:04,jdoe,DELETE_USER,UserManagement,SUCCESS,3213
2026-01-21 16:24:27,bwhite,DELETE_USER,InventoryReport,SUCCESS,1940
2026-01-21 11:00:45,asmith,ADMIN_CONFIG,SystemSettings,SUCCESS,2514
2026-01-21 11:36:33,asmith,LOGOUT,SalesDashboard,SUCCESS,1234
2026-01-21 11:27:49,clane,VIEW_REPORT,SystemSettings,SUCCESS,4609
2026-01-21 15:01:02,clane,EXPORT_REPORT,SalesDashboard,SUCCESS,2226
2026-01-21 11:41:53,clane,EXPORT_REPORT,SystemSettings,SUCCESS,206
2026-01-21 08:36:55,admin,VIEW_REPORT,UserManagement,SUCCESS,892
2026-01-21 15:07:49,clane,VIEW_REPORT,SalesDashboard,SUCCESS,263
2026-01-21 09:52:26,clane,EXPORT_REPORT,AuditLogs,SUCCESS,693
2026-01-21 04:59:41,jdoe,VIEW_REPORT,AuditLogs,SUCCESS,1439
2026-01-21 10:06:28,clane,LOGOUT,SalesDashboard,SUCCESS,1874
2026-01-21 14:47:20,asmith,CREATE_USER,SalesDashboard,SUCCESS,2172
2026-01-21 16:54:54,admin,CREATE_USER,UserManagement,SUCCESS,3466
2026-01-21 12:19:14,asmith,DELETE_USER,InventoryReport,SUCCESS,4649
2026-01-21 13:55:52,asmith,LOGIN,UserManagement,SUCCESS,669
2026-01-21 14:46:59,bwhite,ADMIN_CONFIG,SalesDashboard,SUCCESS,4240
2026-01-21 09:34:46,admin,LOGIN,AuditLogs,SUCCESS,4123
2026-01-21 13:42:34,admin,VIEW_REPORT,AuditLogs,SUCCESS,3847
2026-01-21 15:15:00,clane,CREATE_USER,SystemSettings,SUCCESS,408
2026-01-21 11:23:53,asmith,ADMIN_CONFIG,AuditLogs,SUCCESS,2624
2026-01-21 01:41:27,clane,EXPORT_REPORT,AuditLogs,SUCCESS,2231
2026-01-21 08:22:20,davis,LOGOUT,UserManagement,SUCCESS,4934
2026-01-21 13:25:06,clane,DELETE_USER,UserManagement,SUCCESS,2756
2026-01-21 12:31:11,asmith,CREATE_USER,AuditLogs,SUCCESS,2842
2026-01-21 14:52:01,admin,EXPORT_REPORT,AuditLogs,SUCCESS,4438
2026-01-21 07:54:21,davis,DELETE_USER,SalesDashboard,SUCCESS,3496
2026-01-21 14:55:34,bwhite,ADMIN_CONFIG,UserManagement,SUCCESS,357
2026-01-21 11:25:11,davis,LOGOUT,UserManagement,SUCCESS,1653
2026-01-21 09:10:43,admin,DELETE_USER,SalesDashboard,SUCCESS,2078
2026-01-21 09:22:33,clane,ADMIN_CONFIG,AuditLogs,SUCCESS,186
2026-01-21 15:51:45,asmith,ADMIN_CONFIG,AuditLogs,SUCCESS,1738
2026-01-21 14:16:45,asmith,ADMIN_CONFIG,InventoryReport,SUCCESS,4874
2026-01-21 08:28:24,admin,VIEW_REPORT,SalesDashboard,SUCCESS,3590
2026-01-21 12:58:07,asmith,DELETE_USER,AuditLogs,SUCCESS,2631
2026-01-21 09:33:16,jdoe,VIEW_REPORT,SystemSettings,SUCCESS,3413
2026-01-21 13:20:34,asmith,ADMIN_CONFIG,SalesDashboard,SUCCESS,1779
2026-01-21 16:14:58,asmith,CREATE_USER,UserManagement,SUCCESS,4384
2026-01-21 14:06:30,admin,DELETE_USER,AuditLogs,SUCCESS,3463
2026-01-21 15:42:06,jdoe,VIEW_REPORT,UserManagement,SUCCESS,3829
2026-01-21 12:36:53,davis,LOGIN,SystemSettings,SUCCESS,3728
2026-01-21 17:09:24,admin,DELETE_USER,InventoryReport,SUCCESS,232
2026-01-21 22:10:17,davis,ADMIN_CONFIG,UserManagement,SUCCESS,4520
2026-01-21 09:08:31,asmith,LOGOUT,UserManagement,SUCCESS,965
2026-01-21 14:26:33,bwhite,LOGIN,SalesDashboard,FAILURE,3897
2026-01-21 13:58:09,asmith,VIEW_REPORT,InventoryReport,SUCCESS,2114
2026-01-21 12:00:54,bwhite,VIEW_REPORT,UserManagement,SUCCESS,4593
2026-01-21 13:04:02,admin,VIEW_REPORT,UserManagement,SUCCESS,3148
2026-01-21 08:54:14,jdoe,EXPORT_REPORT,UserManagement,SUCCESS,109
2026-01-21 04:18:09,admin,EXPORT_REPORT,InventoryReport,SUCCESS,4460
2026-01-21 12:36:45,asmith,LOGIN,InventoryReport,SUCCESS,1866
2026-01-21 16:51:05,davis,EXPORT_REPORT,SalesDashboard,SUCCESS,3073
2026-01-21 15:59:40,admin,LOGOUT,SalesDashboard,SUCCESS,4238
2026-01-21 06:33:23,bwhite,DELETE_USER,SystemSettings,SUCCESS,3023
2026-01-21 13:42:57,clane,DELETE_USER,SystemSettings,SUCCESS,1039
2026-01-21 05:31:28,davis,VIEW_REPORT,SalesDashboard,SUCCESS,4578
2026-01-21 11:45:02,jdoe,LOGIN,InventoryReport,FAILURE,968
2026-01-21 15:26:44,jdoe,EXPORT_REPORT,UserManagement,SUCCESS,514
2026-01-21 08:44:50,admin,LOGOUT,UserManagement,SUCCESS,1841
2026-01-21 12:20:44,bwhite,DELETE_USER,SystemSettings,SUCCESS,3584
2026-01-21 12:03:22,jdoe,LOGIN,InventoryReport,SUCCESS,2947
2026-01-21 10:36:40,clane,EXPORT_REPORT,SystemSettings,FAILURE,635
2026-01-21 11:45:40,jdoe,LOGIN,InventoryReport,SUCCESS,2604
2026-01-21 16:34:58,davis,LOGIN,SystemSettings,FAILURE,2306
2026-01-21 20:27:09,bwhite,DELETE_USER,InventoryReport,SUCCESS,553
2026-01-21 16:55:08,davis,CREATE_USER,SystemSettings,SUCCESS,4328
2026-01-21 00:57:46,jdoe,LOGOUT,AuditLogs,SUCCESS,1440
2026-01-21 10:34:53,admin,LOGIN,InventoryReport,SUCCESS,4194
2026-01-21 14:42:27,clane,VIEW_REPORT,UserManagement,SUCCESS,2264
2026-01-21 15:24:04,davis,CREATE_USER,SalesDashboard,SUCCESS,1316
2026-01-21 15:24:00,asmith,CREATE_USER,AuditLogs,SUCCESS,790
2026-01-21 10:42:48,asmith,LOGOUT,InventoryReport,SUCCESS,4619
2026-01-21 14:24:04,bwhite,DELETE_USER,AuditLogs,SUCCESS,2160
2026-01-21 13:16:53,admin,CREATE_USER,AuditLogs,SUCCESS,1076
2026-01-21 22:07:44,asmith,EXPORT_REPORT,SalesDashboard,SUCCESS,4075
2026-01-21 11:53:43,jdoe,DELETE_USER,AuditLogs,SUCCESS,4351
2026-01-21 11:17:43,asmith,LOGIN,AuditLogs,SUCCESS,4290
2026-01-21 10:12:36,asmith,CREATE_USER,UserManagement,SUCCESS,2185
2026-01-21 12:10:34,davis,CREATE_USER,SalesDashboard,SUCCESS,1002
2026-01-21 16:14:51,admin,LOGIN,SystemSettings,SUCCESS,2426
2026-01-21 11:17:08,jdoe,CREATE_USER,AuditLogs,FAILURE,2241
2026-01-21 13:28:36,asmith,LOGOUT,SystemSettings,SUCCESS,2451
2026-01-21 12:53:13,clane,LOGIN,SystemSettings,SUCCESS,1431
2026-01-21 10:41:31,clane,EXPORT_REPORT,UserManagement,SUCCESS,2545
2026-01-21 15:58:25,jdoe,DELETE_USER,InventoryReport,SUCCESS,3478
2026-01-21 16:38:06,clane,LOGOUT,SalesDashboard,SUCCESS,4891
2026-01-21 15:36:50,asmith,EXPORT_REPORT,AuditLogs,SUCCESS,3411
2026-01-21 13:53:34,bwhite,ADMIN_CONFIG,SalesDashboard,SUCCESS,2807
2026-01-21 16:47:40,asmith,VIEW_REPORT,InventoryReport,SUCCESS,4587
2026-01-21 13:40:46,davis,EXPORT_REPORT,SalesDashboard,SUCCESS,1584
2026-01-21 14:34:27,clane,CREATE_USER,AuditLogs,SUCCESS,3428
2026-01-21 08:29:28,bwhite,VIEW_REPORT,AuditLogs,SUCCESS,4392
2026-01-22 12:13:23,davis,VIEW_REPORT,UserManagement,SUCCESS,846
2026-01-22 16:08:46,clane,LOGIN,SystemSettings,SUCCESS,3551
2026-01-22 16:48:25,asmith,LOGIN,InventoryReport,SUCCESS,1293
2026-01-22 14:39:58,bwhite,EXPORT_REPORT,SystemSettings,SUCCESS,4107
2026-01-22 16:37:34,davis,LOGIN,SalesDashboard,SUCCESS,3551
2026-01-22 12:16:05,bwhite,DELETE_USER,AuditLogs,SUCCESS,1092
2026-01-22 11:58:52,asmith,DELETE_USER,AuditLogs,SUCCESS,3112
2026-01-22 18:47:07,asmith,CREATE_USER,SystemSettings,SUCCESS,1291
2026-01-22 16:26:43,davis,DELETE_USER,AuditLogs,SUCCESS,4763
2026-01-22 22:18:16,asmith,VIEW_REPORT,SalesDashboard,SUCCESS,2034
2026-01-22 11:53:25,admin,LOGIN,SalesDashboard,SUCCESS,1240
2026-01-22 14:41:15,davis,CREATE_USER,InventoryReport,SUCCESS,2411
2026-01-22 17:36:10,asmith,EXPORT_REPORT,UserManagement,SUCCESS,1106
2026-01-22 09:32:39,admin,EXPORT_REPORT,InventoryReport,SUCCESS,3431
2026-01-22 09:55:12,admin,LOGIN,UserManagement,SUCCESS,3452
2026-01-22 10:16:09,bwhite,CREATE_USER,InventoryReport,SUCCESS,4315
2026-01-22 08:51:55,clane,LOGOUT,InventoryReport,SUCCESS,2014
2026-01-22 08:44:55,bwhite,DELETE_USER,InventoryReport,SUCCESS,4279
2026-01-22 00:34:45,davis,DELETE_USER,SystemSettings,SUCCESS,3002
2026-01-22 16:12:36,bwhite,LOGIN,UserManagement,SUCCESS,4889
2026-01-22 13:06:14,clane,EXPORT_REPORT,UserManagement,SUCCESS,856
2026-01-22 11:56:32,davis,CREATE_USER,SystemSettings,SUCCESS,4403
2026-01-22 20:30:37,jdoe,CREATE_USER,AuditLogs,SUCCESS,2707
2026-01-22 16:30:22,jdoe,EXPORT_REPORT,InventoryReport,FAILURE,4707
2026-01-22 09:08:46,davis,CREATE_USER,UserManagement,SUCCESS,4571
2026-01-22 10:17:25,jdoe,CREATE_USER,AuditLogs,SUCCESS,774
2026-01-22 11:25:19,bwhite,LOGIN,UserManagement,SUCCESS,1567
2026-01-22 12:42:33,davis,EXPORT_REPORT,SalesDashboard,SUCCESS,2096
2026-01-22 22:28:34,asmith,LOGOUT,AuditLogs,SUCCESS,2971
2026-01-22 10:51:23,bwhite,LOGIN,SystemSettings,SUCCESS,2655
2026-01-22 13:18:00,clane,CREATE_USER,UserManagement,SUCCESS,1890
2026-01-22 12:40:08,asmith,VIEW_REPORT,InventoryReport,SUCCESS,1032
2026-01-22 08:09:52,admin,DELETE_USER,UserManagement,SUCCESS,89
2026-01-22 00:35:27,asmith,EXPORT_REPORT,AuditLogs,SUCCESS,3019
2026-01-22 16:05:01,bwhite,LOGIN,SystemSettings,SUCCESS,302
2026-01-22 14:18:11,bwhite,VIEW_REPORT,AuditLogs,SUCCESS,2891
2026-01-22 16:53:50,admin,DELETE_USER,SystemSettings,SUCCESS,3313
2026-01-22 16:25:26,davis,DELETE_USER,SalesDashboard,SUCCESS,2674
2026-01-22 13:43:52,clane,CREATE_USER,UserManagement,SUCCESS,4551
2026-01-22 14:18:24,asmith,LOGOUT,SystemSettings,SUCCESS,866
2026-01-22 14:46:50,bwhite,ADMIN_CONFIG,SystemSettings,SUCCESS,1310
2026-01-22 15:53:03,jdoe,LOGOUT,AuditLogs,SUCCESS,1199
2026-01-22 10:37:10,jdoe,LOGOUT,UserManagement,SUCCESS,4455
2026-01-22 08:49:22,admin,VIEW_REPORT,SystemSettings,SUCCESS,4084
2026-01-22 08:34:34,davis,DELETE_USER,SalesDashboard,FAILURE,1199
2026-01-22 09:28:14,asmith,VIEW_REPORT,SystemSettings,SUCCESS,2990
2026-01-22 11:00:42,admin,ADMIN_CONFIG,UserManagement,SUCCESS,4928
2026-01-22 12:03:46,clane,LOGIN,SystemSettings,SUCCESS,3033
2026-01-22 09:02:44,clane,CREATE_USER,SystemSettings,SUCCESS,3976
2026-01-22 12:03:49,asmith,EXPORT_REPORT,UserManagement,SUCCESS,1305
2026-01-22 09:23:31,jdoe,ADMIN_CONFIG,UserManagement,SUCCESS,2816
2026-01-22 15:44:58,admin,LOGIN,InventoryReport,SUCCESS,2831
2026-01-22 15:57:20,bwhite,LOGOUT,AuditLogs,SUCCESS,4493
2026-01-22 19:11:44,asmith,DELETE_USER,SystemSettings,SUCCESS,2166
2026-01-22 07:46:37,bwhite,CREATE_USER,SalesDashboard,SUCCESS,3886
2026-01-22 19:31:14,bwhite,CREATE_USER,UserManagement,SUCCESS,1377
2026-01-22 10:02:13,admin,LOGIN,AuditLogs,SUCCESS,1463
2026-01-22 00:42:12,admin,DELETE_USER,InventoryReport,SUCCESS,1861
2026-01-22 09:52:36,davis,ADMIN_CONFIG,SystemSettings,SUCCESS,3067
2026-01-22 13:17:35,jdoe,VIEW_REPORT,InventoryReport,SUCCESS,3527
2026-01-22 15:45:53,asmith,CREATE_USER,SalesDashboard,SUCCESS,871
2026-01-22 10:01:02,asmith,VIEW_REPORT,AuditLogs,SUCCESS,1684
2026-01-22 15:06:33,davis,EXPORT_REPORT,SalesDashboard,SUCCESS,4563
2026-01-22 00:05:48,clane,ADMIN_CONFIG,InventoryReport,SUCCESS,989
2026-01-22 08:45:21,jdoe,DELETE_USER,SystemSettings,SUCCESS,3974
2026-01-22 09:02:11,davis,EXPORT_REPORT,SalesDashboard,SUCCESS,3111
2026-01-22 14:19:10,asmith,DELETE_USER,SystemSettings,SUCCESS,3398
2026-01-22 11:16:51,bwhite,LOGOUT,SystemSettings,SUCCESS,1492
2026-01-22 12:37:01,davis,EXPORT_REPORT,AuditLogs,SUCCESS,2911
2026-01-22 10:30:20,admin,EXPORT_REPORT,SalesDashboard,SUCCESS,2642
2026-01-22 10:17:24,asmith,CREATE_USER,InventoryReport,SUCCESS,4792
2026-01-22 08:42:03,clane,LOGIN,UserManagement,SUCCESS,704
2026-01-22 16:50:38,jdoe,ADMIN_CONFIG,SystemSettings,SUCCESS,4598
2026-01-22 08:04:22,asmith,VIEW_REPORT,InventoryReport,SUCCESS,52
2026-01-22 10:49:03,asmith,ADMIN_CONFIG,AuditLogs,SUCCESS,4717
2026-01-22 11:26:29,asmith,LOGIN,InventoryReport,SUCCESS,1961
2026-01-22 10:42:51,jdoe,VIEW_REPORT,SalesDashboard,SUCCESS,3061
2026-01-22 12:01:46,asmith,EXPORT_REPORT,AuditLogs,SUCCESS,3549
2026-01-22 13:59:04,jdoe,ADMIN_CONFIG,SystemSettings,SUCCESS,2867
2026-01-22 22:41:03,asmith,LOGIN,AuditLogs,SUCCESS,3375
2026-01-22 07:42:41,davis,VIEW_REPORT,AuditLogs,SUCCESS,1216
2026-01-22 22:56:39,jdoe,DELETE_USER,UserManagement,SUCCESS,1085
2026-01-22 10:29:50,asmith,DELETE_USER,SalesDashboard,SUCCESS,3127
2026-01-22 11:44:54,bwhite,VIEW_REPORT,SystemSettings,SUCCESS,2112
2026-01-22 08:17:59,clane,CREATE_USER,InventoryReport,SUCCESS,2746
2026-01-22 09:46:42,davis,CREATE_USER,SystemSettings,SUCCESS,4054
2026-01-22 13:11:42,jdoe,LOGOUT,UserManagement,SUCCESS,1362
2026-01-22 15:41:44,clane,LOGOUT,SalesDashboard,SUCCESS,2849
2026-01-22 12:14:27,clane,EXPORT_REPORT,InventoryReport,SUCCESS,3100
2026-01-22 13:20:33,davis,CREATE_USER,InventoryReport,SUCCESS,959
2026-01-22 16:34:50,jdoe,CREATE_USER,AuditLogs,SUCCESS,4537
2026-01-22 10:34:46,jdoe,EXPORT_REPORT,AuditLogs,FAILURE,2154
2026-01-22 13:57:15,davis,ADMIN_CONFIG,SalesDashboard,SUCCESS,4790
2026-01-22 16:56:23,clane,DELETE_USER,SystemSettings,SUCCESS,367
2026-01-22 13:46:35,bwhite,CREATE_USER,InventoryReport,SUCCESS,4163
2026-01-22 16:29:36,bwhite,CREATE_USER,InventoryReport,SUCCESS,4295
2026-01-22 11:50:16,jdoe,EXPORT_REPORT,SalesDashboard,SUCCESS,2609
2026-01-22 16:43:14,clane,LOGIN,UserManagement,SUCCESS,1583
2026-01-22 11:36:53,bwhite,LOGIN,InventoryReport,SUCCESS,3841
2026-01-22 14:19:32,admin,VIEW_REPORT,InventoryReport,SUCCESS,299
2026-01-22 08:07:22,davis,LOGOUT,SalesDashboard,SUCCESS,4240
2026-01-22 21:10:43,davis,VIEW_REPORT,UserManagement,SUCCESS,4144
2026-01-22 14:58:02,admin,EXPORT_REPORT,SystemSettings,FAILURE,4005
2026-01-22 10:23:47,davis,ADMIN_CONFIG,AuditLogs,SUCCESS,4579
2026-01-22 08:22:00,jdoe,LOGIN,UserManagement,SUCCESS,2003
2026-01-22 00:36:30,jdoe,LOGIN,InventoryReport,SUCCESS,2321
2026-01-22 15:52:55,bwhite,EXPORT_REPORT,UserManagement,SUCCESS,2015
2026-01-22 09:28:51,asmith,LOGIN,SystemSettings,SUCCESS,689
2026-01-22 18:14:45,jdoe,ADMIN_CONFIG,AuditLogs,SUCCESS,4452
2026-01-22 16:54:34,davis,CREATE_USER,UserManagement,SUCCESS,535
2026-01-22 09:35:19,jdoe,VIEW_REPORT,InventoryReport,SUCCESS,407
2026-01-22 16:47:42,davis,LOGOUT,AuditLogs,SUCCESS,1503
2026-01-22 17:37:33,asmith,CREATE_USER,AuditLogs,SUCCESS,1126
2026-01-22 10:21:16,clane,EXPORT_REPORT,UserManagement,SUCCESS,2393
2026-01-22 12:41:12,clane,ADMIN_CONFIG,UserManagement,SUCCESS,1203
2026-01-22 09:08:54,davis,LOGOUT,InventoryReport,SUCCESS,4908
2026-01-22 08:14:47,bwhite,DELETE_USER,AuditLogs,SUCCESS,459
2026-01-22 12:14:21,davis,CREATE_USER,SystemSettings,SUCCESS,2074
2026-01-22 09:24:18,davis,VIEW_REPORT,AuditLogs,SUCCESS,4333
2026-01-22 09:10:43,clane,LOGIN,UserManagement,SUCCESS,2006
2026-01-22 11:30:10,jdoe,EXPORT_REPORT,SystemSettings,SUCCESS,4934
2026-01-22 12:57:29,bwhite,VIEW_REPORT,UserManagement,SUCCESS,3859
2026-01-22 16:54:09,clane,LOGIN,SystemSettings,SUCCESS,4788
2026-01-22 08:36:58,clane,EXPORT_REPORT,AuditLogs,SUCCESS,3910
2026-01-22 16:48:27,clane,VIEW_REPORT,UserManagement,SUCCESS,1458
2026-01-22 09:17:21,jdoe,ADMIN_CONFIG,AuditLogs,SUCCESS,40
2026-01-23 08:46:34,admin,DELETE_USER,UserManagement,SUCCESS,2593
2026-01-23 12:12:07,admin,EXPORT_REPORT,AuditLogs,SUCCESS,2314
2026-01-23 10:51:29,davis,LOGIN,SalesDashboard,SUCCESS,244
2026-01-23 14:35:05,jdoe,VIEW_REPORT,InventoryReport,SUCCESS,3736
2026-01-23 08:06:41,jdoe,VIEW_REPORT,SystemSettings,SUCCESS,4935
2026-01-23 10:29:30,clane,LOGIN,InventoryReport,SUCCESS,864
2026-01-23 12:10:05,clane,CREATE_USER,SystemSettings,SUCCESS,4698
2026-01-23 14:41:51,bwhite,DELETE_USER,SystemSettings,SUCCESS,3400
2026-01-23 08:47:26,clane,CREATE_USER,SystemSettings,SUCCESS,136
2026-01-23 13:19:20,davis,LOGIN,UserManagement,SUCCESS,1204
2026-01-23 13:49:32,bwhite,EXPORT_REPORT,SalesDashboard,SUCCESS,3170
2026-01-23 11:02:15,jdoe,DELETE_USER,UserManagement,SUCCESS,1434
2026-01-23 16:45:46,clane,LOGOUT,AuditLogs,SUCCESS,1628
2026-01-23 12:14:45,jdoe,DELETE_USER,SalesDashboard,SUCCESS,1017
2026-01-23 12:47:26,davis,ADMIN_CONFIG,SalesDashboard,SUCCESS,4603
2026-01-23 15:45:05,jdoe,CREATE_USER,SystemSettings,SUCCESS,1554
2026-01-23 08:30:31,clane,DELETE_USER,AuditLogs,SUCCESS,3605
2026-01-23 16:07:33,asmith,ADMIN_CONFIG,SystemSettings,SUCCESS,1558
2026-01-23 13:54:46,admin,VIEW_REPORT,SystemSettings,SUCCESS,2168
2026-01-23 14:12:22,bwhite,VIEW_REPORT,AuditLogs,SUCCESS,1782
2026-01-23 15:53:37,jdoe,EXPORT_REPORT,UserManagement,SUCCESS,2320
2026-01-23 03:09:34,admin,ADMIN_CONFIG,UserManagement,SUCCESS,216
2026-01-23 08:23:41,jdoe,VIEW_REPORT,InventoryReport,SUCCESS,788
2026-01-23 13:44:28,asmith,LOGOUT,UserManagement,SUCCESS,1637
2026-01-23 14:30:23,asmith,VIEW_REPORT,SalesDashboard,SUCCESS,1774
2026-01-23 12:04:42,bwhite,ADMIN_CONFIG,SalesDashboard,SUCCESS,1599
2026-01-23 10:05:53,admin,DELETE_USER,UserManagement,SUCCESS,2118
2026-01-23 06:22:44,bwhite,CREATE_USER,UserManagement,SUCCESS,1970
2026-01-23 11:03:15,bwhite,ADMIN_CONFIG,UserManagement,SUCCESS,2928
2026-01-23 09:40:46,davis,LOGOUT,InventoryReport,SUCCESS,1679
2026-01-23 13:43:12,davis,DELETE_USER,SystemSettings,SUCCESS,2644
2026-01-23 12:22:52,asmith,ADMIN_CONFIG,UserManagement,SUCCESS,2289
2026-01-23 10:05:50,asmith,LOGIN,InventoryReport,SUCCESS,394
2026-01-23 09:37:28,admin,LOGOUT,InventoryReport,SUCCESS,4140
2026-01-23 14:43:31,clane,LOGIN,UserManagement,SUCCESS,2701
2026-01-23 14:25:03,clane,VIEW_REPORT,AuditLogs,SUCCESS,2821
2026-01-23 08:00:22,davis,DELETE_USER,InventoryReport,SUCCESS,2608
2026-01-23 08:51:05,davis,VIEW_REPORT,SalesDashboard,SUCCESS,104
2026-01-23 00:39:19,davis,ADMIN_CONFIG,InventoryReport,FAILURE,4235
2026-01-23 12:19:02,jdoe,CREATE_USER,SalesDashboard,SUCCESS,2973
2026-01-23 11:42:14,davis,ADMIN_CONFIG,UserManagement,SUCCESS,2386
2026-01-23 12:20:19,bwhite,CREATE_USER,InventoryReport,SUCCESS,3317
2026-01-23 14:26:43,bwhite,CREATE_USER,SalesDashboard,SUCCESS,125
2026-01-23 13:55:05,bwhite,VIEW_REPORT,UserManagement,SUCCESS,3871
2026-01-23 07:28:20,asmith,LOGIN,SalesDashboard,SUCCESS,1651
2026-01-23 12:31:56,admin,DELETE_USER,AuditLogs,SUCCESS,1258
2026-01-23 10:46:46,clane,ADMIN_CONFIG,UserManagement,SUCCESS,1580
2026-01-23 12:12:24,admin,VIEW_REPORT,UserManagement,SUCCESS,2361
2026-01-23 09:09:21,admin,CREATE_USER,UserManagement,SUCCESS,1009
2026-01-23 14:42:26,davis,CREATE_USER,SystemSettings,SUCCESS,4660
2026-01-23 13:50:28,jdoe,LOGOUT,SystemSettings,SUCCESS,2727
2026-01-23 23:40:16,davis,ADMIN_CONFIG,SystemSettings,SUCCESS,2558
2026-01-23 13:51:30,admin,LOGOUT,UserManagement,SUCCESS,2597
2026-01-23 14:19:29,admin,LOGOUT,AuditLogs,SUCCESS,464
2026-01-23 09:48:31,davis,LOGIN,AuditLogs,SUCCESS,568
2026-01-23 10:53:15,bwhite,ADMIN_CONFIG,SalesDashboard,SUCCESS,1579
2026-01-23 16:35:50,clane,ADMIN_CONFIG,UserManagement,SUCCESS,3640
2026-01-23 14:42:40,clane,ADMIN_CONFIG,SalesDashboard,SUCCESS,4378
2026-01-23 02:52:10,admin,ADMIN_CONFIG,UserManagement,SUCCESS,989
2026-01-23 06:13:21,davis,LOGOUT,UserManagement,SUCCESS,3793
2026-01-23 08:08:27,davis,CREATE_USER,InventoryReport,SUCCESS,918
2026-01-23 10:26:37,clane,VIEW_REPORT,SalesDashboard,SUCCESS,2036
2026-01-23 09:32:37,asmith,VIEW_REPORT,UserManagement,SUCCESS,3035
2026-01-23 12:01:13,admin,VIEW_REPORT,SystemSettings,SUCCESS,1650
2026-01-23 15:06:10,admin,EXPORT_REPORT,UserManagement,SUCCESS,347
2026-01-23 14:52:16,jdoe,CREATE_USER,InventoryReport,SUCCESS,4182
2026-01-23 12:40:09,jdoe,DELETE_USER,InventoryReport,SUCCESS,4853
2026-01-23 15:45:34,jdoe,EXPORT_REPORT,SalesDashboard,SUCCESS,2020
2026-01-23 11:45:30,jdoe,DELETE_USER,AuditLogs,SUCCESS,2719
2026-01-23 08:09:34,jdoe,DELETE_USER,SalesDashboard,SUCCESS,3066
2026-01-23 16:03:00,jdoe,CREATE_USER,SalesDashboard,SUCCESS,3576
2026-01-23 13:53:07,clane,CREATE_USER,InventoryReport,SUCCESS,1023
2026-01-23 09:20:19,asmith,VIEW_REPORT,InventoryReport,SUCCESS,2939
2026-01-23 14:01:10,asmith,LOGIN,UserManagement,SUCCESS,1323
2026-01-23 10:03:55,jdoe,EXPORT_REPORT,InventoryReport,SUCCESS,3227
2026-01-23 13:14:55,bwhite,DELETE_USER,SystemSettings,SUCCESS,3407
2026-01-23 11:12:25,clane,LOGIN,SystemSettings,SUCCESS,2228
2026-01-23 10:47:16,bwhite,VIEW_REPORT,SalesDashboard,SUCCESS,4336
2026-01-23 15:51:02,davis,DELETE_USER,InventoryReport,SUCCESS,504
2026-01-23 08:04:24,jdoe,LOGIN,AuditLogs,SUCCESS,3383
2026-01-23 08:25:42,asmith,EXPORT_REPORT,SystemSettings,SUCCESS,1320
2026-01-23 13:19:37,jdoe,CREATE_USER,InventoryReport,SUCCESS,1823
2026-01-23 14:45:42,clane,EXPORT_REPORT,SystemSettings,SUCCESS,1719
2026-01-23 16:08:13,davis,ADMIN_CONFIG,SalesDashboard,SUCCESS,3573
2026-01-23 11:10:45,clane,ADMIN_CONFIG,InventoryReport,SUCCESS,985
2026-01-23 15:42:21,admin,ADMIN_CONFIG,AuditLogs,SUCCESS,3511
2026-01-23 10:20:04,davis,VIEW_REPORT,SalesDashboard,SUCCESS,3839
2026-01-23 10:16:44,asmith,CREATE_USER,InventoryReport,SUCCESS,470
2026-01-23 12:57:10,clane,CREATE_USER,SalesDashboard,SUCCESS,2389
2026-01-23 16:22:10,clane,LOGIN,InventoryReport,SUCCESS,1581
2026-01-23 21:39:29,admin,EXPORT_REPORT,AuditLogs,SUCCESS,906
2026-01-23 15:16:49,admin,VIEW_REPORT,AuditLogs,FAILURE,4644
2026-01-23 13:27:37,clane,LOGOUT,AuditLogs,SUCCESS,1493
2026-01-23 16:59:53,jdoe,EXPORT_REPORT,SystemSettings,SUCCESS,1679
2026-01-23 14:22:11,bwhite,DELETE_USER,SystemSettings,SUCCESS,3164
2026-01-23 09:59:59,jdoe,EXPORT_REPORT,SystemSettings,SUCCESS,1364
2026-01-23 03:50:50,jdoe,DELETE_USER,InventoryReport,SUCCESS,2003
2026-01-23 16:59:40,asmith,EXPORT_REPORT,UserManagement,SUCCESS,1812
2026-01-23 01:02:27,clane,LOGOUT,InventoryReport,SUCCESS,4693
2026-01-23 07:03:57,bwhite,DELETE_USER,AuditLogs,SUCCESS,445
2026-01-23 14:47:39,davis,DELETE_USER,AuditLogs,SUCCESS,1960
2026-01-23 08:36:10,bwhite,LOGIN,SalesDashboard,SUCCESS,4333
2026-01-23 11:22:27,jdoe,EXPORT_REPORT,UserManagement,SUCCESS,2861
2026-01-23 13:14:21,jdoe,LOGOUT,SystemSettings,SUCCESS,4075
2026-01-23 11:49:39,davis,DELETE_USER,InventoryReport,SUCCESS,2866
2026-01-23 09:14:56,jdoe,DELETE_USER,SystemSettings,SUCCESS,2094
2026-01-23 16:31:14,asmith,DELETE_USER,SalesDashboard,SUCCESS,1889
2026-01-23 08:26:23,admin,ADMIN_CONFIG,AuditLogs,SUCCESS,2591
2026-01-23 10:35:49,clane,DELETE_USER,InventoryReport,SUCCESS,4874
2026-01-23 13:26:05,asmith,VIEW_REPORT,SalesDashboard,SUCCESS,2416
2026-01-23 16:23:48,clane,VIEW_REPORT,SystemSettings,SUCCESS,2487
2026-01-23 10:15:05,jdoe,CREATE_USER,InventoryReport,SUCCESS,3536
2026-01-23 13:27:26,admin,LOGOUT,SalesDashboard,SUCCESS,3531
2026-01-23 08:25:08,bwhite,ADMIN_CONFIG,UserManagement,SUCCESS,4795
2026-01-23 12:31:38,jdoe,VIEW_REPORT,AuditLogs,SUCCESS,4812
2026-01-23 15:05:03,davis,CREATE_USER,SalesDashboard,FAILURE,4330
2026-01-23 13:42:05,clane,VIEW_REPORT,AuditLogs,SUCCESS,568
2026-01-23 20:15:52,bwhite,DELETE_USER,SystemSettings,SUCCESS,3256
2026-01-23 11:54:35,jdoe,DELETE_USER,UserManagement,SUCCESS,73
2026-01-23 09:41:50,clane,EXPORT_REPORT,SalesDashboard,SUCCESS,2282
2026-01-23 11:26:42,clane,LOGIN,SystemSettings,SUCCESS,2374
2026-01-24 10:21:08,bwhite,DELETE_USER,SystemSettings,SUCCESS,2501
2026-01-24 06:31:14,admin,DELETE_USER,UserManagement,SUCCESS,4167
2026-01-24 05:48:25,clane,ADMIN_CONFIG,UserManagement,SUCCESS,2759
2026-01-24 10:55:33,asmith,DELETE_USER,UserManagement,SUCCESS,3513
2026-01-24 02:41:11,jdoe,EXPORT_REPORT,SystemSettings,SUCCESS,4369
2026-01-24 02:43:29,clane,LOGOUT,UserManagement,SUCCESS,2024
2026-01-24 18:48:48,bwhite,CREATE_USER,SalesDashboard,SUCCESS,1429
2026-01-24 18:24:22,jdoe,LOGOUT,SalesDashboard,SUCCESS,2251
2026-01-24 02:37:49,asmith,VIEW_REPORT,SystemSettings,SUCCESS,514
2026-01-24 01:06:38,clane,ADMIN_CONFIG,AuditLogs,SUCCESS,768
2026-01-24 13:41:50,admin,VIEW_REPORT,SystemSettings,SUCCESS,1042
2026-01-24 06:06:12,bwhite,ADMIN_CONFIG,InventoryReport,SUCCESS,2607
2026-01-25 05:02:44,bwhite,LOGIN,InventoryReport,SUCCESS,4520
2026-01-25 14:09:26,bwhite,VIEW_REPORT,AuditLogs,SUCCESS,1620
2026-01-25 07:39:28,admin,LOGIN,SystemSettings,SUCCESS,2983
2026-01-25 13:00:49,jdoe,EXPORT_REPORT,InventoryReport,SUCCESS,4143
2026-01-25 07:44:05,bwhite,ADMIN_CONFIG,AuditLogs,SUCCESS,2835
2026-01-25 02:03:06,admin,DELETE_USER,AuditLogs,SUCCESS,2220
2026-01-25 17:24:43,clane,EXPORT_REPORT,SalesDashboard,SUCCESS,1859
2026-01-25 06:34:02,clane,ADMIN_CONFIG,InventoryReport,SUCCESS,3398
2026-01-25 02:34:13,davis,ADMIN_CONFIG,SystemSettings,FAILURE,3573
2026-01-25 10:25:12,bwhite,LOGOUT,SystemSettings,SUCCESS,1246
2026-01-25 18:29:08,bwhite,DELETE_USER,UserManagement,SUCCESS,2682
2026-01-26 10:48:53,jdoe,DELETE_USER,InventoryReport,SUCCESS,2013
2026-01-26 10:21:51,bwhite,EXPORT_REPORT,SystemSettings,SUCCESS,3360
2026-01-26 09:01:41,asmith,EXPORT_REPORT,AuditLogs,SUCCESS,4931
2026-01-26 02:55:04,clane,EXPORT_REPORT,InventoryReport,SUCCESS,3100
2026-01-26 16:47:35,jdoe,LOGIN,InventoryReport,SUCCESS,532
2026-01-26 14:08:14,asmith,DELETE_USER,SalesDashboard,SUCCESS,2841
2026-01-26 11:37:42,bwhite,DELETE_USER,UserManagement,SUCCESS,4226
2026-01-26 08:15:59,bwhite,CREATE_USER,SystemSettings,SUCCESS,3747
2026-01-26 11:49:03,asmith,DELETE_USER,AuditLogs,SUCCESS,3417
2026-01-26 13:51:15,jdoe,VIEW_REPORT,UserManagement,SUCCESS,1007
2026-01-26 16:06:04,bwhite,DELETE_USER,SystemSettings,SUCCESS,4056
2026-01-26 09:26:51,admin,LOGOUT,AuditLogs,SUCCESS,1862
2026-01-26 16:49:55,davis,VIEW_REPORT,InventoryReport,SUCCESS,4943
2026-01-26 16:04:16,davis,EXPORT_REPORT,InventoryReport,SUCCESS,1160
2026-01-26 14:04:35,asmith,EXPORT_REPORT,InventoryReport,SUCCESS,1195
2026-01-26 11:41:02,admin,LOGIN,AuditLogs,SUCCESS,923
2026-01-26 14:53:48,jdoe,LOGOUT,UserManagement,SUCCESS,2513
2026-01-26 13:58:40,asmith,EXPORT_REPORT,SystemSettings,SUCCESS,1768
2026-01-26 12:19:21,clane,VIEW_REPORT,AuditLogs,SUCCESS,592
2026-01-26 09:09:19,admin,CREATE_USER,AuditLogs,SUCCESS,3027
2026-01-26 16:22:43,bwhite,LOGOUT,SalesDashboard,SUCCESS,4542
2026-01-26 13:03:45,bwhite,EXPORT_REPORT,AuditLogs,SUCCESS,2521
2026-01-26 15:40:48,asmith,VIEW_REPORT,InventoryReport,SUCCESS,2538
2026-01-26 11:22:55,jdoe,DELETE_USER,SalesDashboard,SUCCESS,3083
2026-01-26 13:59:16,admin,VIEW_REPORT,SystemSettings,SUCCESS,717
2026-01-26 09:37:39,bwhite,CREATE_USER,InventoryReport,SUCCESS,4466
2026-01-26 09:46:25,bwhite,CREATE_USER,UserManagement,FAILURE,2176
2026-01-26 16:08:31,davis,EXPORT_REPORT,UserManagement,SUCCESS,2846
2026-01-26 15:39:25,bwhite,ADMIN_CONFIG,AuditLogs,SUCCESS,2837
2026-01-26 13:58:57,jdoe,DELETE_USER,SystemSettings,SUCCESS,2167
2026-01-26 08:37:37,admin,CREATE_USER,AuditLogs,SUCCESS,4283
2026-01-26 13:01:36,admin,VIEW_REPORT,UserManagement,SUCCESS,266
2026-01-26 14:36:38,asmith,LOGOUT,InventoryReport,SUCCESS,1914
2026-01-26 10:57:09,asmith,ADMIN_CONFIG,UserManagement,SUCCESS,4568
2026-01-26 11:25:21,davis,LOGOUT,AuditLogs,SUCCESS,2305
2026-01-26 16:45:38,asmith,CREATE_USER,InventoryReport,SUCCESS,2508
2026-01-26 18:09:23,davis,VIEW_REPORT,AuditLogs,FAILURE,1561
2026-01-26 08:28:15,bwhite,EXPORT_REPORT,SystemSettings,SUCCESS,1537
2026-01-26 09:26:53,admin,ADMIN_CONFIG,AuditLogs,SUCCESS,2184
2026-01-26 15:37:28,bwhite,LOGIN,SalesDashboard,SUCCESS,1953
2026-01-26 10:09:24,davis,DELETE_USER,SalesDashboard,SUCCESS,4897
2026-01-26 15:58:27,davis,DELETE_USER,InventoryReport,FAILURE,4757
2026-01-26 10:25:45,bwhite,CREATE_USER,AuditLogs,SUCCESS,587
2026-01-26 13:21:33,asmith,LOGOUT,SystemSettings,SUCCESS,2965
2026-01-26 06:42:49,bwhite,VIEW_REPORT,UserManagement,SUCCESS,876
2026-01-26 11:08:36,asmith,LOGOUT,SystemSettings,SUCCESS,978
2026-01-26 09:45:35,davis,DELETE_USER,InventoryReport,SUCCESS,3128
2026-01-26 08:33:38,clane,ADMIN_CONFIG,SalesDashboard,SUCCESS,2342
2026-01-26 08:24:38,clane,LOGOUT,InventoryReport,SUCCESS,538
2026-01-26 16:15:36,davis,LOGIN,InventoryReport,SUCCESS,1144
2026-01-26 08:45:05,davis,LOGIN,SystemSettings,SUCCESS,1254
2026-01-26 21:03:26,clane,DELETE_USER,SystemSettings,SUCCESS,158
2026-01-26 08:04:09,asmith,LOGOUT,SystemSettings,SUCCESS,4309
2026-01-26 11:17:43,admin,VIEW_REPORT,AuditLogs,FAILURE,3976
2026-01-26 16:35:20,bwhite,LOGOUT,AuditLogs,SUCCESS,2680
2026-01-26 15:08:11,admin,VIEW_REPORT,SystemSettings,SUCCESS,4932
2026-01-26 15:26:54,asmith,VIEW_REPORT,SalesDashboard,SUCCESS,3058
2026-01-26 16:48:12,bwhite,LOGIN,AuditLogs,SUCCESS,4072
2026-01-26 13:46:32,jdoe,EXPORT_REPORT,SalesDashboard,SUCCESS,1011
2026-01-26 08:39:58,clane,EXPORT_REPORT,SystemSettings,SUCCESS,1737
2026-01-26 13:14:39,davis,VIEW_REPORT,UserManagement,SUCCESS,4419
2026-01-26 07:41:56,admin,LOGIN,SalesDashboard,SUCCESS,1369
2026-01-26 14:29:10,davis,DELETE_USER,AuditLogs,SUCCESS,3630
2026-01-26 11:12:31,clane,EXPORT_REPORT,SystemSettings,SUCCESS,4252
2026-01-26 14:25:02,admin,LOGIN,SystemSettings,SUCCESS,1893
2026-01-26 14:26:44,clane,EXPORT_REPORT,InventoryReport,SUCCESS,2524
2026-01-26 08:19:21,davis,DELETE_USER,InventoryReport,SUCCESS,470
2026-01-26 11:46:01,asmith,EXPORT_REPORT,UserManagement,SUCCESS,2029
2026-01-26 10:23:12,clane,DELETE_USER,SystemSettings,SUCCESS,2110
2026-01-26 16:44:41,jdoe,LOGIN,SystemSettings,SUCCESS,4134
2026-01-26 14:05:52,jdoe,ADMIN_CONFIG,SalesDashboard,SUCCESS,1838
2026-01-26 14:16:55,clane,LOGIN,InventoryReport,SUCCESS,1410
2026-01-26 14:55:16,davis,VIEW_REPORT,SalesDashboard,SUCCESS,1230
2026-01-26 19:00:49,jdoe,LOGOUT,SalesDashboard,SUCCESS,353
2026-01-26 14:33:05,jdoe,LOGIN,AuditLogs,SUCCESS,2081
2026-01-26 03:31:20,asmith,ADMIN_CONFIG,InventoryReport,SUCCESS,3749
2026-01-26 11:17:59,clane,VIEW_REPORT,UserManagement,SUCCESS,1680
2026-01-26 16:09:35,clane,LOGOUT,SystemSettings,SUCCESS,3994
2026-01-26 14:33:12,clane,CREATE_USER,SystemSettings,SUCCESS,215
2026-01-26 08:15:05,admin,CREATE_USER,AuditLogs,SUCCESS,479
2026-01-26 13:16:36,clane,DELETE_USER,AuditLogs,SUCCESS,4572
2026-01-26 10:59:09,asmith,VIEW_REPORT,UserManagement,SUCCESS,3178
2026-01-26 14:11:43,clane,VIEW_REPORT,InventoryReport,SUCCESS,1878
2026-01-26 12:45:58,clane,VIEW_REPORT,SystemSettings,SUCCESS,4587
2026-01-26 13:50:40,bwhite,LOGOUT,InventoryReport,SUCCESS,1955
2026-01-26 14:23:51,jdoe,DELETE_USER,AuditLogs,SUCCESS,3231
2026-01-26 17:30:36,admin,LOGOUT,AuditLogs,SUCCESS,1718
2026-01-26 09:59:32,clane,LOGIN,UserManagement,SUCCESS,4297
2026-01-26 09:02:25,asmith,ADMIN_CONFIG,SystemSettings,SUCCESS,4735
2026-01-26 15:01:08,bwhite,CREATE_USER,UserManagement,SUCCESS,3287
2026-01-26 09:29:09,davis,DELETE_USER,UserManagement,SUCCESS,1488
2026-01-26 10:25:44,admin,DELETE_USER,AuditLogs,SUCCESS,4917
2026-01-26 13:59:14,clane,VIEW_REPORT,SalesDashboard,SUCCESS,1488
2026-01-26 14:49:29,clane,LOGIN,SalesDashboard,SUCCESS,1490
2026-01-26 07:40:34,bwhite,CREATE_USER,SystemSettings,SUCCESS,1291
2026-01-26 12:13:39,bwhite,LOGOUT,InventoryReport,SUCCESS,1744
2026-01-26 15:52:43,admin,LOGIN,UserManagement,SUCCESS,487
2026-01-26 07:28:43,bwhite,CREATE_USER,UserManagement,SUCCESS,2198
2026-01-26 15:36:34,bwhite,EXPORT_REPORT,UserManagement,SUCCESS,3648
2026-01-26 12:07:26,admin,EXPORT_REPORT,SalesDashboard,SUCCESS,3842
2026-01-26 15:29:34,davis,CREATE_USER,InventoryReport,SUCCESS,2430
2026-01-26 16:15:05,bwhite,DELETE_USER,UserManagement,SUCCESS,3695
2026-01-26 05:52:16,davis,ADMIN_CONFIG,UserManagement,SUCCESS,4089
2026-01-26 15:31:51,clane,DELETE_USER,SystemSettings,SUCCESS,3214
2026-01-26 03:27:54,asmith,CREATE_USER,SalesDashboard,SUCCESS,15
2026-01-26 15:06:57,asmith,LOGOUT,InventoryReport,FAILURE,1079
2026-01-26 10:17:46,bwhite,ADMIN_CONFIG,SystemSettings,SUCCESS,4632
2026-01-26 18:55:51,davis,DELETE_USER,SalesDashboard,SUCCESS,1029
2026-01-26 13:18:39,clane,CREATE_USER,SalesDashboard,SUCCESS,4641
2026-01-26 18:22:27,admin,ADMIN_CONFIG,SystemSettings,SUCCESS,2876
2026-01-26 16:21:21,davis,EXPORT_REPORT,InventoryReport,SUCCESS,4609
2026-01-26 03:36:04,davis,LOGIN,SalesDashboard,SUCCESS,1500
2026-01-26 15:36:47,clane,DELETE_USER,SalesDashboard,SUCCESS,3706
2026-01-26 09:12:05,davis,CREATE_USER,InventoryReport,SUCCESS,66
2026-01-26 08:22:54,jdoe,EXPORT_REPORT,SystemSettings,SUCCESS,2186
2026-01-26 04:45:02,admin,VIEW_REPORT,SystemSettings,SUCCESS,2383
2026-01-26 12:12:10,asmith,ADMIN_CONFIG,InventoryReport,SUCCESS,4014
2026-01-26 09:51:59,admin,ADMIN_CONFIG,InventoryReport,SUCCESS,4630
2026-01-26 14:09:13,jdoe,ADMIN_CONFIG,UserManagement,SUCCESS,1722
2026-01-26 12:22:09,bwhite,CREATE_USER,UserManagement,SUCCESS,1863
2026-01-26 17:26:40,jdoe,EXPORT_REPORT,InventoryReport,SUCCESS,1982
2026-01-26 16:44:46,bwhite,LOGIN,AuditLogs,SUCCESS,272
2026-01-26 07:34:38,clane,DELETE_USER,SalesDashboard,SUCCESS,976
2026-01-26 15:27:43,bwhite,ADMIN_CONFIG,UserManagement,SUCCESS,689
2026-01-26 10:15:34,asmith,LOGIN,SalesDashboard,SUCCESS,1208
2026-01-26 10:45:08,bwhite,LOGIN,AuditLogs,SUCCESS,4497
2026-01-26 13:38:27,davis,EXPORT_REPORT,SalesDashboard,SUCCESS,637
2026-01-26 12:22:44,davis,LOGOUT,InventoryReport,SUCCESS,3004
2026-01-26 09:47:49,admin,LOGOUT,InventoryReport,SUCCESS,2347
2026-01-26 12:36:18,davis,VIEW_REPORT,SalesDashboard,SUCCESS,406
2026-01-26 12:26:50,admin,LOGIN,SalesDashboard,SUCCESS,2780
2026-01-26 08:16:23,bwhite,LOGOUT,UserManagement,SUCCESS,405
2026-01-26 22:16:10,davis,CREATE_USER,SystemSettings,SUCCESS,943
2026-01-26 09:10:45,jdoe,LOGIN,UserManagement,FAILURE,4124
2026-01-26 14:57:43,clane,CREATE_USER,SalesDashboard,SUCCESS,1882
2026-01-26 14:56:07,bwhite,LOGOUT,SystemSettings,SUCCESS,4346
2026-01-26 11:30:55,bwhite,EXPORT_REPORT,UserManagement,SUCCESS,1153
2026-01-26 14:10:12,bwhite,LOGOUT,SalesDashboard,SUCCESS,1846
2026-01-26 14:22:50,jdoe,VIEW_REPORT,AuditLogs,SUCCESS,3372
2026-01-26 09:02:14,davis,LOGOUT,UserManagement,SUCCESS,4712
2026-01-26 06:46:57,admin,EXPORT_REPORT,InventoryReport,SUCCESS,4821
2026-01-26 11:14:08,davis,LOGIN,InventoryReport,SUCCESS,2703
2026-01-26 09:14:48,davis,LOGIN,SystemSettings,SUCCESS,1631
2026-01-27 12:38:37,jdoe,LOGIN,AuditLogs,SUCCESS,3317
2026-01-27 16:14:01,davis,ADMIN_CONFIG,InventoryReport,FAILURE,1583
2026-01-27 16:18:38,jdoe,ADMIN_CONFIG,InventoryReport,SUCCESS,2541
2026-01-27 00:42:01,davis,LOGOUT,AuditLogs,SUCCESS,4795
2026-01-27 12:16:34,jdoe,DELETE_USER,SalesDashboard,SUCCESS,4347
2026-01-27 11:58:04,asmith,EXPORT_REPORT,InventoryReport,SUCCESS,3103
2026-01-27 01:54:43,admin,ADMIN_CONFIG,AuditLogs,SUCCESS,344
2026-01-27 08:24:13,asmith,EXPORT_REPORT,AuditLogs,SUCCESS,1452
2026-01-27 11:20:23,admin,LOGIN,InventoryReport,SUCCESS,676
2026-01-27 12:50:09,jdoe,LOGOUT,InventoryReport,SUCCESS,2033
2026-01-27 23:21:38,admin,ADMIN_CONFIG,SalesDashboard,SUCCESS,1572
2026-01-27 20:48:48,bwhite,DELETE_USER,AuditLogs,FAILURE,3315
2026-01-27 12:42:55,asmith,VIEW_REPORT,UserManagement,SUCCESS,3145
2026-01-27 10:51:40,bwhite,CREATE_USER,UserManagement,SUCCESS,3178
2026-01-27 17:54:26,admin,VIEW_REPORT,SalesDashboard,SUCCESS,3832
2026-01-27 14:13:38,asmith,CREATE_USER,SalesDashboard,SUCCESS,4984
2026-01-27 14:59:40,jdoe,EXPORT_REPORT,InventoryReport,SUCCESS,3733
2026-01-27 16:44:47,bwhite,LOGIN,InventoryReport,SUCCESS,281
2026-01-27 08:37:43,jdoe,VIEW_REPORT,SalesDashboard,SUCCESS,2041
2026-01-27 09:59:45,bwhite,ADMIN_CONFIG,SystemSettings,SUCCESS,623
2026-01-27 14:44:52,bwhite,LOGOUT,SystemSettings,SUCCESS,2390
2026-01-27 11:23:30,davis,CREATE_USER,UserManagement,SUCCESS,3430
2026-01-27 08:59:23,bwhite,LOGOUT,InventoryReport,SUCCESS,4336
2026-01-27 10:57:45,davis,EXPORT_REPORT,SalesDashboard,SUCCESS,146
2026-01-27 16:04:39,clane,EXPORT_REPORT,SystemSettings,SUCCESS,2124
2026-01-27 10:30:38,davis,ADMIN_CONFIG,AuditLogs,SUCCESS,2172
2026-01-27 11:50:41,admin,CREATE_USER,AuditLogs,SUCCESS,708
2026-01-27 10:30:48,asmith,EXPORT_REPORT,UserManagement,SUCCESS,1202
2026-01-27 15:39:38,clane,LOGIN,SystemSettings,SUCCESS,2048
2026-01-27 10:45:52,bwhite,LOGOUT,AuditLogs,SUCCESS,4427
2026-01-27 16:47:06,jdoe,VIEW_REPORT,InventoryReport,SUCCESS,3192
2026-01-27 10:59:02,asmith,LOGOUT,UserManagement,SUCCESS,246
2026-01-27 11:55:10,admin,VIEW_REPORT,SystemSettings,SUCCESS,4557
2026-01-27 15:02:05,asmith,LOGOUT,InventoryReport,SUCCESS,2641
2026-01-27 13:46:48,jdoe,DELETE_USER,SystemSettings,SUCCESS,852
2026-01-27 15:38:29,admin,DELETE_USER,SystemSettings,SUCCESS,3981
2026-01-27 16:26:10,davis,LOGIN,SalesDashboard,SUCCESS,4369
2026-01-27 16:36:06,bwhite,CREATE_USER,SystemSettings,SUCCESS,3534
2026-01-27 16:41:40,jdoe,EXPORT_REPORT,SalesDashboard,SUCCESS,854
2026-01-27 16:34:01,jdoe,EXPORT_REPORT,SalesDashboard,SUCCESS,4808
2026-01-27 20:29:49,davis,VIEW_REPORT,SalesDashboard,SUCCESS,3623
2026-01-27 15:58:33,jdoe,DELETE_USER,SystemSettings,FAILURE,3231
2026-01-27 08:11:59,jdoe,LOGIN,SalesDashboard,SUCCESS,3241
2026-01-27 08:48:16,admin,VIEW_REPORT,UserManagement,SUCCESS,1879
2026-01-27 09:37:17,jdoe,LOGIN,SalesDashboard,SUCCESS,4326
2026-01-27 08:35:51,jdoe,VIEW_REPORT,AuditLogs,SUCCESS,3793
2026-01-27 17:41:52,asmith,DELETE_USER,UserManagement,SUCCESS,3778
2026-01-27 10:29:57,clane,VIEW_REPORT,SystemSettings,SUCCESS,3976
2026-01-27 12:16:51,admin,DELETE_USER,InventoryReport,SUCCESS,1198
2026-01-27 07:54:48,asmith,LOGIN,SystemSettings,SUCCESS,2064
2026-01-27 09:14:44,jdoe,ADMIN_CONFIG,UserManagement,SUCCESS,2616
2026-01-27 15:03:11,bwhite,ADMIN_CONFIG,AuditLogs,FAILURE,4834
2026-01-27 11:07:14,asmith,CREATE_USER,SalesDashboard,SUCCESS,847
2026-01-27 14:09:03,clane,EXPORT_REPORT,SystemSettings,SUCCESS,2652
2026-01-27 14:48:44,bwhite,EXPORT_REPORT,AuditLogs,SUCCESS,642
2026-01-27 10:54:25,clane,LOGOUT,AuditLogs,SUCCESS,4790
2026-01-27 09:57:09,bwhite,CREATE_USER,AuditLogs,SUCCESS,2780
2026-01-27 09:01:22,jdoe,EXPORT_REPORT,AuditLogs,SUCCESS,766
2026-01-27 09:50:06,asmith,DELETE_USER,AuditLogs,SUCCESS,4423
2026-01-27 13:43:52,jdoe,CREATE_USER,AuditLogs,SUCCESS,1254
2026-01-27 11:27:57,jdoe,LOGIN,SystemSettings,SUCCESS,4612
2026-01-27 14:15:05,bwhite,DELETE_USER,SalesDashboard,SUCCESS,1336
2026-01-27 15:00:28,bwhite,ADMIN_CONFIG,InventoryReport,SUCCESS,654
2026-01-27 12:50:40,bwhite,LOGIN,SalesDashboard,SUCCESS,1272
2026-01-27 09:02:10,bwhite,ADMIN_CONFIG,SystemSettings,SUCCESS,2012
2026-01-27 13:13:10,jdoe,EXPORT_REPORT,SalesDashboard,SUCCESS,4843
2026-01-27 23:41:54,clane,ADMIN_CONFIG,SystemSettings,SUCCESS,289
2026-01-27 19:39:01,admin,VIEW_REPORT,UserManagement,SUCCESS,198
2026-01-27 12:19:20,admin,VIEW_REPORT,UserManagement,SUCCESS,2631
2026-01-27 23:55:51,admin,CREATE_USER,SalesDashboard,SUCCESS,2900
2026-01-27 13:55:39,clane,VIEW_REPORT,InventoryReport,SUCCESS,1595
2026-01-27 08:44:49,asmith,VIEW_REPORT,AuditLogs,SUCCESS,3951
2026-01-27 15:21:57,asmith,LOGOUT,SalesDashboard,SUCCESS,3468
2026-01-27 00:49:10,bwhite,VIEW_REPORT,AuditLogs,SUCCESS,1821
2026-01-27 13:51:55,bwhite,LOGOUT,InventoryReport,SUCCESS,4240
2026-01-27 14:16:42,davis,LOGIN,UserManagement,SUCCESS,2604
2026-01-27 10:28:57,clane,VIEW_REPORT,SalesDashboard,SUCCESS,2333
2026-01-27 10:25:14,bwhite,ADMIN_CONFIG,SystemSettings,SUCCESS,752
2026-01-27 16:18:18,admin,LOGIN,SystemSettings,SUCCESS,1434
2026-01-27 10:15:25,jdoe,DELETE_USER,InventoryReport,SUCCESS,799
2026-01-27 12:46:01,asmith,LOGOUT,SalesDashboard,SUCCESS,2371
2026-01-27 15:24:21,clane,ADMIN_CONFIG,AuditLogs,SUCCESS,259
2026-01-27 11:20:11,admin,EXPORT_REPORT,SystemSettings,SUCCESS,3495
2026-01-27 09:33:17,asmith,VIEW_REPORT,AuditLogs,SUCCESS,1281
2026-01-27 20:55:44,asmith,LOGIN,AuditLogs,SUCCESS,3854
2026-01-27 12:46:31,admin,ADMIN_CONFIG,SystemSettings,SUCCESS,3220
2026-01-27 16:38:17,asmith,LOGIN,SystemSettings,SUCCESS,446
2026-01-28 15:24:15,asmith,CREATE_USER,SystemSettings,SUCCESS,3327
2026-01-28 10:30:14,jdoe,VIEW_REPORT,SystemSettings,SUCCESS,3357
2026-01-28 12:11:16,bwhite,EXPORT_REPORT,SalesDashboard,SUCCESS,4821
2026-01-28 09:39:41,admin,DELETE_USER,SystemSettings,SUCCESS,1065
2026-01-28 05:59:49,asmith,EXPORT_REPORT,UserManagement,SUCCESS,1765
2026-01-28 13:03:45,admin,VIEW_REPORT,InventoryReport,SUCCESS,3567
2026-01-28 16:19:37,admin,ADMIN_CONFIG,SalesDashboard,SUCCESS,3308
2026-01-28 00:36:00,bwhite,EXPORT_REPORT,InventoryReport,SUCCESS,4658
2026-01-28 09:39:29,davis,CREATE_USER,AuditLogs,SUCCESS,4404
2026-01-28 11:42:18,davis,ADMIN_CONFIG,SalesDashboard,SUCCESS,1056
2026-01-28 08:09:57,bwhite,VIEW_REPORT,AuditLogs,SUCCESS,1348
2026-01-28 10:13:37,admin,CREATE_USER,SystemSettings,SUCCESS,1925
2026-01-28 11:12:12,asmith,ADMIN_CONFIG,AuditLogs,SUCCESS,3316
2026-01-28 08:28:53,davis,CREATE_USER,AuditLogs,SUCCESS,2648
2026-01-28 12:59:26,clane,ADMIN_CONFIG,SalesDashboard,SUCCESS,4697
2026-01-28 11:45:57,jdoe,VIEW_REPORT,InventoryReport,SUCCESS,1339
2026-01-28 09:01:07,asmith,LOGOUT,UserManagement,SUCCESS,358
2026-01-28 11:58:14,bwhite,EXPORT_REPORT,SalesDashboard,SUCCESS,1378
2026-01-28 15:14:02,clane,CREATE_USER,InventoryReport,SUCCESS,158
2026-01-28 09:44:43,bwhite,LOGIN,SalesDashboard,SUCCESS,2688
2026-01-28 14:34:04,asmith,CREATE_USER,AuditLogs,FAILURE,529
2026-01-28 14:57:24,admin,ADMIN_CONFIG,SalesDashboard,SUCCESS,179
2026-01-28 14:29:39,bwhite,LOGIN,SalesDashboard,SUCCESS,1435
2026-01-28 16:15:56,admin,ADMIN_CONFIG,AuditLogs,SUCCESS,4260
2026-01-28 12:42:04,clane,CREATE_USER,InventoryReport,SUCCESS,1210
2026-01-28 11:02:29,jdoe,VIEW_REPORT,SalesDashboard,SUCCESS,4552
2026-01-28 15:42:10,jdoe,VIEW_REPORT,UserManagement,SUCCESS,775
2026-01-28 15:59:43,asmith,ADMIN_CONFIG,InventoryReport,SUCCESS,2773
2026-01-28 08:07:13,bwhite,LOGOUT,InventoryReport,SUCCESS,4389
2026-01-28 11:11:56,asmith,VIEW_REPORT,SystemSettings,SUCCESS,2841
2026-01-28 10:10:47,bwhite,CREATE_USER,SystemSettings,SUCCESS,1831
2026-01-28 14:12:50,davis,LOGIN,AuditLogs,SUCCESS,2364
2026-01-28 13:50:27,davis,DELETE_USER,SystemSettings,SUCCESS,2346
2026-01-28 09:56:24,bwhite,LOGIN,SalesDashboard,SUCCESS,817
2026-01-28 09:44:33,admin,VIEW_REPORT,AuditLogs,SUCCESS,3102
2026-01-28 16:43:17,bwhite,EXPORT_REPORT,InventoryReport,FAILURE,1894
2026-01-28 09:41:00,clane,EXPORT_REPORT,SalesDashboard,SUCCESS,3076
2026-01-28 16:27:12,bwhite,EXPORT_REPORT,InventoryReport,SUCCESS,118
2026-01-28 09:22:32,jdoe,EXPORT_REPORT,InventoryReport,SUCCESS,3107
2026-01-28 12:49:59,bwhite,LOGOUT,AuditLogs,SUCCESS,707
2026-01-28 14:57:27,davis,ADMIN_CONFIG,SystemSettings,SUCCESS,3305
2026-01-28 08:05:47,davis,DELETE_USER,UserManagement,SUCCESS,1831
2026-01-28 14:19:31,bwhite,VIEW_REPORT,SystemSettings,SUCCESS,468
2026-01-28 04:29:09,jdoe,LOGIN,SystemSettings,SUCCESS,469
2026-01-28 14:28:27,admin,ADMIN_CONFIG,SystemSettings,SUCCESS,2291
2026-01-28 10:29:12,davis,ADMIN_CONFIG,AuditLogs,SUCCESS,1048
2026-01-28 06:17:01,asmith,VIEW_REPORT,SalesDashboard,SUCCESS,3368
2026-01-28 12:43:13,clane,CREATE_USER,AuditLogs,SUCCESS,3958
2026-01-28 08:44:34,clane,LOGOUT,UserManagement,SUCCESS,954
2026-01-28 08:08:32,davis,ADMIN_CONFIG,SystemSettings,SUCCESS,4423
2026-01-28 13:57:12,clane,ADMIN_CONFIG,InventoryReport,SUCCESS,2113
2026-01-28 16:25:36,jdoe,ADMIN_CONFIG,SystemSettings,SUCCESS,2746
2026-01-28 08:09:06,bwhite,EXPORT_REPORT,SalesDashboard,SUCCESS,3211
2026-01-28 12:30:36,clane,VIEW_REPORT,UserManagement,SUCCESS,2454
2026-01-28 08:39:29,admin,VIEW_REPORT,UserManagement,SUCCESS,634
2026-01-28 13:24:52,asmith,ADMIN_CONFIG,SystemSettings,SUCCESS,4482
2026-01-28 17:30:19,admin,VIEW_REPORT,SalesDashboard,SUCCESS,4912
2026-01-28 13:57:37,asmith,LOGOUT,UserManagement,SUCCESS,4202
2026-01-28 16:16:40,davis,VIEW_REPORT,SalesDashboard,SUCCESS,1913
2026-01-28 05:08:02,asmith,VIEW_REPORT,SalesDashboard,SUCCESS,3705
2026-01-28 16:41:10,davis,DELETE_USER,InventoryReport,SUCCESS,3830
2026-01-28 09:14:38,clane,DELETE_USER,InventoryReport,SUCCESS,1668
2026-01-28 14:58:19,davis,CREATE_USER,InventoryReport,SUCCESS,1616
2026-01-28 22:30:49,asmith,EXPORT_REPORT,InventoryReport,SUCCESS,1019
2026-01-28 09:05:43,bwhite,LOGOUT,AuditLogs,SUCCESS,824
2026-01-28 19:04:05,jdoe,LOGIN,InventoryReport,SUCCESS,4146
2026-01-28 12:56:09,admin,DELETE_USER,UserManagement,SUCCESS,2601
2026-01-28 12:49:11,bwhite,DELETE_USER,SalesDashboard,SUCCESS,967
2026-01-28 10:36:12,bwhite,LOGOUT,UserManagement,SUCCESS,2781
2026-01-28 12:00:05,admin,CREATE_USER,SystemSettings,SUCCESS,2757
2026-01-28 19:19:52,asmith,VIEW_REPORT,SalesDashboard,SUCCESS,1153
2026-01-28 10:02:27,admin,LOGIN,SalesDashboard,SUCCESS,1893
2026-01-28 10:35:20,davis,ADMIN_CONFIG,AuditLogs,SUCCESS,4572
2026-01-28 15:49:48,asmith,ADMIN_CONFIG,AuditLogs,SUCCESS,3897
2026-01-28 08:15:15,admin,LOGOUT,SalesDashboard,SUCCESS,4526
2026-01-28 12:34:24,davis,ADMIN_CONFIG,SalesDashboard,SUCCESS,973
2026-01-28 13:10:13,bwhite,CREATE_USER,SalesDashboard,SUCCESS,3803
2026-01-28 14:13:29,asmith,ADMIN_CONFIG,UserManagement,SUCCESS,4440
2026-01-28 08:15:29,davis,LOGIN,UserManagement,FAILURE,2579
2026-01-28 05:55:22,jdoe,DELETE_USER,UserManagement,FAILURE,4773
2026-01-28 14:14:52,asmith,CREATE_USER,AuditLogs,SUCCESS,4255
2026-01-28 09:15:14,bwhite,CREATE_USER,UserManagement,SUCCESS,207
2026-01-28 14:07:29,clane,CREATE_USER,AuditLogs,SUCCESS,4984
2026-01-28 10:34:20,asmith,CREATE_USER,AuditLogs,SUCCESS,3676
2026-01-28 11:36:52,bwhite,LOGIN,UserManagement,SUCCESS,4008
2026-01-28 10:32:24,asmith,EXPORT_REPORT,SystemSettings,SUCCESS,3812
2026-01-28 12:15:09,jdoe,DELETE_USER,SalesDashboard,SUCCESS,114
2026-01-28 08:11:23,admin,CREATE_USER,AuditLogs,FAILURE,3742
2026-01-28 16:57:06,bwhite,DELETE_USER,SystemSettings,SUCCESS,2651
2026-01-28 13:11:27,admin,DELETE_USER,UserManagement,SUCCESS,188
2026-01-29 16:53:53,admin,LOGOUT,SystemSettings,SUCCESS,4037
2026-01-29 00:37:30,clane,CREATE_USER,InventoryReport,SUCCESS,4030
2026-01-29 21:05:36,asmith,LOGOUT,SystemSettings,SUCCESS,1594
2026-01-29 10:36:54,jdoe,CREATE_USER,AuditLogs,SUCCESS,2127
2026-01-29 08:20:11,asmith,CREATE_USER,InventoryReport,SUCCESS,1920
2026-01-29 12:18:34,clane,CREATE_USER,AuditLogs,SUCCESS,4205
2026-01-29 13:01:54,bwhite,VIEW_REPORT,AuditLogs,SUCCESS,1339
2026-01-29 15:37:24,admin,DELETE_USER,SalesDashboard,SUCCESS,88
2026-01-29 15:22:39,bwhite,CREATE_USER,InventoryReport,SUCCESS,369
2026-01-29 09:56:35,bwhite,ADMIN_CONFIG,AuditLogs,SUCCESS,3862
2026-01-29 11:43:00,davis,EXPORT_REPORT,UserManagement,SUCCESS,191
2026-01-29 14:49:48,clane,EXPORT_REPORT,SystemSettings,SUCCESS,3968
2026-01-29 15:04:18,davis,DELETE_USER,SystemSettings,SUCCESS,1528
2026-01-29 09:30:38,jdoe,LOGIN,SalesDashboard,SUCCESS,3491
2026-01-29 15:26:44,bwhite,LOGIN,InventoryReport,SUCCESS,396
2026-01-29 15:31:11,davis,VIEW_REPORT,SalesDashboard,SUCCESS,3581
2026-01-29 15:22:54,jdoe,LOGIN,InventoryReport,SUCCESS,4680
2026-01-29 14:49:33,clane,DELETE_USER,SystemSettings,SUCCESS,2703
2026-01-29 09:13:22,clane,VIEW_REPORT,SalesDashboard,SUCCESS,1127
2026-01-29 10:25:02,bwhite,ADMIN_CONFIG,UserManagement,SUCCESS,3760
2026-01-29 16:18:53,jdoe,EXPORT_REPORT,SystemSettings,SUCCESS,2489
2026-01-29 11:23:56,jdoe,VIEW_REPORT,InventoryReport,SUCCESS,4497
2026-01-29 15:12:35,admin,ADMIN_CONFIG,SystemSettings,SUCCESS,2139
2026-01-29 18:29:39,davis,LOGOUT,AuditLogs,SUCCESS,3614
2026-01-29 13:26:23,asmith,VIEW_REPORT,UserManagement,SUCCESS,1939
2026-01-29 14:19:13,davis,LOGIN,AuditLogs,SUCCESS,3488
2026-01-29 14:18:19,clane,DELETE_USER,SalesDashboard,SUCCESS,3869
2026-01-29 08:01:01,asmith,DELETE_USER,AuditLogs,SUCCESS,4226
2026-01-29 12:34:34,davis,LOGIN,InventoryReport,FAILURE,1660
2026-01-29 12:03:30,clane,LOGOUT,InventoryReport,SUCCESS,3109
2026-01-29 02:09:45,bwhite,CREATE_USER,InventoryReport,FAILURE,3758
2026-01-29 12:20:26,asmith,EXPORT_REPORT,InventoryReport,SUCCESS,3835
2026-01-29 06:22:00,admin,EXPORT_REPORT,SystemSettings,SUCCESS,4385
2026-01-29 13:28:58,clane,VIEW_REPORT,InventoryReport,SUCCESS,2122
2026-01-29 09:22:20,clane,ADMIN_CONFIG,InventoryReport,FAILURE,2592
2026-01-29 09:22:48,davis,CREATE_USER,UserManagement,SUCCESS,1194
2026-01-29 10:52:56,davis,LOGOUT,AuditLogs,SUCCESS,663
2026-01-29 09:55:52,clane,CREATE_USER,InventoryReport,SUCCESS,518
2026-01-29 15:15:11,admin,EXPORT_REPORT,InventoryReport,SUCCESS,4148
2026-01-29 11:41:08,admin,DELETE_USER,SalesDashboard,SUCCESS,1815
2026-01-29 16:43:57,bwhite,DELETE_USER,SalesDashboard,SUCCESS,4988
2026-01-29 08:16:57,davis,DELETE_USER,InventoryReport,SUCCESS,756
2026-01-29 11:56:14,clane,LOGOUT,InventoryReport,SUCCESS,4872
2026-01-29 16:25:41,clane,EXPORT_REPORT,InventoryReport,SUCCESS,2349
2026-01-29 12:21:19,asmith,LOGIN,SalesDashboard,SUCCESS,244
2026-01-29 01:19:54,admin,ADMIN_CONFIG,SystemSettings,SUCCESS,1841
2026-01-29 13:24:22,davis,LOGOUT,SalesDashboard,SUCCESS,3203
2026-01-29 10:49:35,jdoe,DELETE_USER,InventoryReport,SUCCESS,2397
2026-01-29 13:51:56,admin,LOGIN,UserManagement,FAILURE,4389
2026-01-29 09:00:29,bwhite,VIEW_REPORT,UserManagement,SUCCESS,3901
2026-01-29 15:47:43,bwhite,LOGOUT,InventoryReport,SUCCESS,2103
2026-01-29 14:04:02,admin,CREATE_USER,UserManagement,SUCCESS,878
2026-01-29 14:28:23,davis,EXPORT_REPORT,UserManagement,SUCCESS,1054
2026-01-29 14:01:07,davis,DELETE_USER,InventoryReport,SUCCESS,1531
2026-01-29 15:22:39,asmith,CREATE_USER,InventoryReport,SUCCESS,818
2026-01-29 10:39:36,asmith,EXPORT_REPORT,AuditLogs,SUCCESS,1931
2026-01-29 14:46:46,admin,VIEW_REPORT,SalesDashboard,SUCCESS,2529
2026-01-29 13:30:57,davis,EXPORT_REPORT,AuditLogs,SUCCESS,2403
2026-01-29 11:29:17,admin,EXPORT_REPORT,SystemSettings,SUCCESS,3627
2026-01-29 05:56:33,clane,LOGIN,SystemSettings,SUCCESS,898
2026-01-29 14:29:17,admin,ADMIN_CONFIG,SalesDashboard,SUCCESS,1919
2026-01-29 10:13:19,clane,CREATE_USER,InventoryReport,FAILURE,759
2026-01-29 16:46:14,asmith,VIEW_REPORT,InventoryReport,SUCCESS,375
2026-01-29 09:20:34,davis,ADMIN_CONFIG,AuditLogs,SUCCESS,2507
2026-01-29 20:44:55,admin,DELETE_USER,InventoryReport,SUCCESS,178
2026-01-29 13:38:23,asmith,EXPORT_REPORT,AuditLogs,SUCCESS,2931
2026-01-29 03:05:31,admin,LOGOUT,SystemSettings,SUCCESS,2233
2026-01-29 10:55:58,admin,EXPORT_REPORT,SystemSettings,SUCCESS,2361
2026-01-29 15:47:29,clane,EXPORT_REPORT,SalesDashboard,SUCCESS,330
2026-01-29 06:51:05,admin,LOGIN,SalesDashboard,SUCCESS,3078
2026-01-29 14:52:46,admin,CREATE_USER,UserManagement,SUCCESS,3791
2026-01-29 04:56:47,clane,ADMIN_CONFIG,InventoryReport,SUCCESS,1160
2026-01-29 23:16:53,clane,VIEW_REPORT,SalesDashboard,SUCCESS,2567
2026-01-29 21:11:03,jdoe,CREATE_USER,InventoryReport,SUCCESS,229
2026-01-29 08:59:57,bwhite,VIEW_REPORT,InventoryReport,SUCCESS,1211
2026-01-29 09:41:52,admin,LOGIN,SystemSettings,SUCCESS,3829
2026-01-29 15:55:11,asmith,VIEW_REPORT,SystemSettings,SUCCESS,4516
2026-01-29 13:26:42,clane,VIEW_REPORT,SalesDashboard,SUCCESS,3554
2026-01-29 10:15:23,asmith,LOGOUT,SystemSettings,SUCCESS,1919
2026-01-29 16:49:29,davis,LOGIN,SalesDashboard,FAILURE,1342
2026-01-29 14:53:31,clane,ADMIN_CONFIG,SystemSettings,SUCCESS,2797
2026-01-29 13:40:18,bwhite,ADMIN_CONFIG,UserManagement,SUCCESS,1950
2026-01-29 11:38:42,bwhite,LOGOUT,SalesDashboard,SUCCESS,4693
2026-01-29 16:52:48,asmith,EXPORT_REPORT,UserManagement,SUCCESS,1761
2026-01-29 16:10:49,admin,VIEW_REPORT,UserManagement,SUCCESS,4362
2026-01-29 08:17:45,clane,VIEW_REPORT,SalesDashboard,FAILURE,4827
2026-01-29 09:13:56,clane,EXPORT_REPORT,InventoryReport,SUCCESS,3816
2026-01-29 15:57:13,jdoe,CREATE_USER,AuditLogs,SUCCESS,781
2026-01-29 12:39:44,davis,VIEW_REPORT,AuditLogs,SUCCESS,566
2026-01-29 12:44:56,davis,LOGIN,UserManagement,SUCCESS,4797
2026-01-29 14:46:12,davis,EXPORT_REPORT,SalesDashboard,SUCCESS,4497
2026-01-29 08:22:45,davis,LOGOUT,AuditLogs,SUCCESS,397
2026-01-29 09:36:04,admin,LOGIN,AuditLogs,SUCCESS,1543
2026-01-29 12:04:41,bwhite,LOGOUT,UserManagement,SUCCESS,2300
2026-01-29 15:16:46,davis,ADMIN_CONFIG,InventoryReport,SUCCESS,2558
2026-01-29 15:23:12,jdoe,ADMIN_CONFIG,InventoryReport,SUCCESS,1951
2026-01-29 16:49:52,clane,EXPORT_REPORT,AuditLogs,SUCCESS,1876
2026-01-29 08:43:43,bwhite,VIEW_REPORT,UserManagement,FAILURE,2079
2026-01-29 22:10:07,clane,VIEW_REPORT,AuditLogs,SUCCESS,4021
2026-01-29 16:02:43,clane,ADMIN_CONFIG,UserManagement,SUCCESS,4702
2026-01-29 09:24:09,clane,VIEW_REPORT,SystemSettings,SUCCESS,616
2026-01-29 05:23:18,bwhite,LOGOUT,SalesDashboard,SUCCESS,3246
2026-01-29 14:02:53,asmith,DELETE_USER,SalesDashboard,SUCCESS,2175
2026-01-29 12:31:00,bwhite,LOGOUT,SalesDashboard,SUCCESS,785
2026-01-29 09:25:38,jdoe,DELETE_USER,UserManagement,SUCCESS,1655
2026-01-29 15:23:35,asmith,DELETE_USER,UserManagement,SUCCESS,4810
2026-01-29 13:31:15,clane,LOGOUT,AuditLogs,SUCCESS,4173
2026-01-29 11:43:33,bwhite,CREATE_USER,UserManagement,SUCCESS,3391
2026-01-29 13:16:35,clane,DELETE_USER,InventoryReport,FAILURE,363
2026-01-29 12:38:39,jdoe,CREATE_USER,InventoryReport,SUCCESS,2332
2026-01-29 16:31:31,admin,VIEW_REPORT,InventoryReport,SUCCESS,4769
2026-01-29 08:16:55,admin,VIEW_REPORT,SystemSettings,SUCCESS,3458
2026-01-29 15:30:06,jdoe,LOGOUT,SystemSettings,SUCCESS,1284
2026-01-29 13:50:38,asmith,DELETE_USER,SystemSettings,SUCCESS,3280
2026-01-29 10:35:57,bwhite,LOGOUT,SystemSettings,SUCCESS,4891
2026-01-29 15:37:56,clane,CREATE_USER,InventoryReport,SUCCESS,2030
2026-01-29 20:42:19,davis,CREATE_USER,SystemSettings,SUCCESS,2894
2026-01-29 09:48:25,asmith,CREATE_USER,InventoryReport,SUCCESS,961
2026-01-29 08:01:08,davis,LOGIN,InventoryReport,SUCCESS,4575
2026-01-29 16:24:16,admin,LOGOUT,InventoryReport,SUCCESS,2374
2026-01-29 14:40:08,asmith,LOGOUT,SalesDashboard,SUCCESS,747
2026-01-30 08:38:19,clane,ADMIN_CONFIG,SystemSettings,SUCCESS,2638
2026-01-30 08:30:19,admin,ADMIN_CONFIG,SalesDashboard,SUCCESS,3664
2026-01-30 10:28:53,jdoe,EXPORT_REPORT,SalesDashboard,SUCCESS,1213
2026-01-30 08:10:37,asmith,CREATE_USER,InventoryReport,SUCCESS,4423
2026-01-30 20:17:25,jdoe,DELETE_USER,InventoryReport,SUCCESS,3416
2026-01-30 14:55:34,jdoe,CREATE_USER,SystemSettings,FAILURE,4668
2026-01-30 16:35:19,bwhite,VIEW_REPORT,SalesDashboard,SUCCESS,1990
2026-01-30 13:06:22,admin,DELETE_USER,AuditLogs,SUCCESS,1149
2026-01-30 14:49:01,bwhite,EXPORT_REPORT,SalesDashboard,SUCCESS,2620
2026-01-30 10:41:19,asmith,EXPORT_REPORT,UserManagement,SUCCESS,2637
2026-01-30 22:36:36,clane,CREATE_USER,SalesDashboard,SUCCESS,242
2026-01-30 13:15:30,clane,DELETE_USER,AuditLogs,SUCCESS,3250
2026-01-30 13:17:23,bwhite,VIEW_REPORT,SystemSettings,SUCCESS,54
2026-01-30 13:40:56,davis,VIEW_REPORT,SalesDashboard,SUCCESS,3396
2026-01-30 10:58:14,clane,CREATE_USER,AuditLogs,SUCCESS,2431
2026-01-30 09:03:52,asmith,VIEW_REPORT,SystemSettings,SUCCESS,1427
2026-01-30 14:11:31,bwhite,CREATE_USER,UserManagement,FAILURE,3991
2026-01-30 15:48:04,clane,CREATE_USER,AuditLogs,SUCCESS,4203
2026-01-30 13:52:17,bwhite,EXPORT_REPORT,InventoryReport,SUCCESS,2051
2026-01-30 12:13:47,admin,DELETE_USER,AuditLogs,SUCCESS,51
2026-01-30 15:40:18,jdoe,EXPORT_REPORT,InventoryReport,SUCCESS,4351
2026-01-30 13:09:28,admin,LOGIN,AuditLogs,SUCCESS,4461
2026-01-30 13:24:11,bwhite,VIEW_REPORT,SystemSettings,SUCCESS,1678
2026-01-30 16:33:43,clane,DELETE_USER,SalesDashboard,SUCCESS,3793
2026-01-30 08:31:07,davis,DELETE_USER,AuditLogs,SUCCESS,4448
2026-01-30 11:08:03,asmith,LOGIN,UserManagement,SUCCESS,3942
2026-01-30 12:45:11,jdoe,LOGIN,SalesDashboard,SUCCESS,4998
2026-01-30 12:23:13,bwhite,ADMIN_CONFIG,InventoryReport,SUCCESS,245
2026-01-30 09:25:39,clane,VIEW_REPORT,AuditLogs,SUCCESS,74
2026-01-30 11:19:02,jdoe,VIEW_REPORT,UserManagement,SUCCESS,4835
2026-01-30 10:39:27,bwhite,CREATE_USER,SalesDashboard,SUCCESS,4497
2026-01-30 12:52:16,jdoe,LOGIN,SystemSettings,SUCCESS,4089
2026-01-30 11:47:45,asmith,DELETE_USER,SalesDashboard,SUCCESS,21
2026-01-30 12:35:05,clane,ADMIN_CONFIG,InventoryReport,SUCCESS,102
2026-01-30 10:29:40,asmith,LOGOUT,InventoryReport,SUCCESS,1286
2026-01-30 02:03:34,admin,CREATE_USER,AuditLogs,SUCCESS,2477
2026-01-30 10:12:14,davis,CREATE_USER,SalesDashboard,SUCCESS,3259
2026-01-30 14:43:43,jdoe,VIEW_REPORT,SalesDashboard,SUCCESS,1636
2026-01-30 11:31:34,bwhite,LOGOUT,SalesDashboard,SUCCESS,2020
2026-01-30 16:30:42,clane,VIEW_REPORT,AuditLogs,SUCCESS,43
2026-01-30 15:33:54,asmith,LOGOUT,UserManagement,SUCCESS,1117
2026-01-30 16:08:22,davis,CREATE_USER,UserManagement,SUCCESS,3334
2026-01-30 12:02:22,clane,ADMIN_CONFIG,UserManagement,SUCCESS,4982
2026-01-30 08:42:06,clane,ADMIN_CONFIG,SystemSettings,SUCCESS,1501
2026-01-30 10:55:29,davis,DELETE_USER,InventoryReport,SUCCESS,4328
2026-01-30 15:33:37,bwhite,LOGOUT,SystemSettings,SUCCESS,3874
2026-01-30 13:42:58,admin,DELETE_USER,UserManagement,SUCCESS,1480
2026-01-30 14:08:22,bwhite,EXPORT_REPORT,InventoryReport,SUCCESS,4541
2026-01-30 12:38:18,bwhite,DELETE_USER,SalesDashboard,SUCCESS,1122
2026-01-30 15:53:51,davis,CREATE_USER,UserManagement,SUCCESS,4475
2026-01-30 15:31:50,bwhite,EXPORT_REPORT,UserManagement,SUCCESS,4435
2026-01-30 16:48:49,clane,DELETE_USER,UserManagement,SUCCESS,277
2026-01-30 10:14:26,jdoe,EXPORT_REPORT,SalesDashboard,SUCCESS,3597
2026-01-30 12:45:49,davis,LOGOUT,AuditLogs,SUCCESS,297
2026-01-30 02:14:00,bwhite,CREATE_USER,UserManagement,SUCCESS,787
2026-01-30 11:28:19,jdoe,ADMIN_CONFIG,InventoryReport,SUCCESS,4047
2026-01-30 16:35:14,admin,DELETE_USER,AuditLogs,SUCCESS,32
2026-01-30 11:56:56,asmith,CREATE_USER,InventoryReport,SUCCESS,4329
2026-01-30 08:37:23,asmith,DELETE_USER,UserManagement,SUCCESS,4968
2026-01-30 12:23:36,jdoe,CREATE_USER,AuditLogs,SUCCESS,1153
2026-01-30 09:58:49,asmith,LOGOUT,AuditLogs,SUCCESS,3040
2026-01-30 20:37:22,davis,ADMIN_CONFIG,InventoryReport,SUCCESS,3849
2026-01-30 10:45:15,davis,VIEW_REPORT,SalesDashboard,SUCCESS,4035
2026-01-30 15:26:43,clane,LOGIN,SystemSettings,SUCCESS,3452
2026-01-30 15:44:43,bwhite,EXPORT_REPORT,SystemSettings,SUCCESS,1153
2026-01-30 11:15:42,admin,DELETE_USER,UserManagement,SUCCESS,3491
2026-01-30 11:07:08,bwhite,LOGIN,AuditLogs,SUCCESS,527
2026-01-30 18:17:18,asmith,LOGOUT,SystemSettings,SUCCESS,833
2026-01-30 16:01:58,jdoe,LOGOUT,SalesDashboard,SUCCESS,3427
2026-01-30 12:04:59,clane,LOGIN,AuditLogs,SUCCESS,2138
2026-01-30 18:42:12,asmith,DELETE_USER,AuditLogs,SUCCESS,2465
2026-01-30 05:58:37,jdoe,ADMIN_CONFIG,SystemSettings,SUCCESS,4775
2026-01-30 05:14:26,davis,LOGIN,UserManagement,SUCCESS,2823
2026-01-30 09:08:06,bwhite,CREATE_USER,AuditLogs,SUCCESS,4051
2026-01-30 16:06:00,clane,VIEW_REPORT,AuditLogs,SUCCESS,4722
2026-01-30 11:37:31,admin,ADMIN_CONFIG,InventoryReport,SUCCESS,1228
2026-01-30 12:27:17,jdoe,ADMIN_CONFIG,InventoryReport,SUCCESS,4721
2026-01-30 10:41:10,bwhite,EXPORT_REPORT,AuditLogs,SUCCESS,115
2026-01-30 14:11:26,clane,LOGOUT,UserManagement,SUCCESS,3310
2026-01-30 16:01:47,asmith,LOGIN,SystemSettings,SUCCESS,1397
2026-01-30 12:22:00,asmith,EXPORT_REPORT,AuditLogs,SUCCESS,2564
2026-01-30 13:33:01,davis,CREATE_USER,InventoryReport,SUCCESS,4323
2026-01-30 12:38:43,clane,ADMIN_CONFIG,InventoryReport,SUCCESS,2964
2026-01-30 16:32:13,jdoe,EXPORT_REPORT,AuditLogs,SUCCESS,1925
2026-01-30 09:35:23,asmith,VIEW_REPORT,InventoryReport,SUCCESS,1867
2026-01-30 23:51:09,admin,ADMIN_CONFIG,SystemSettings,SUCCESS,4575
2026-01-30 16:02:05,asmith,LOGOUT,SystemSettings,SUCCESS,1464
2026-01-30 11:55:46,davis,EXPORT_REPORT,AuditLogs,SUCCESS,1548
2026-01-30 15:44:05,bwhite,ADMIN_CONFIG,SalesDashboard,SUCCESS,1930
2026-01-30 15:38:15,admin,VIEW_REPORT,UserManagement,SUCCESS,3001
2026-01-30 15:46:43,jdoe,VIEW_REPORT,SalesDashboard,SUCCESS,4672
2026-01-30 21:03:25,asmith,LOGOUT,AuditLogs,SUCCESS,2105
2026-01-30 13:12:05,admin,VIEW_REPORT,InventoryReport,SUCCESS,3059
2026-01-30 21:51:55,bwhite,EXPORT_REPORT,InventoryReport,SUCCESS,310
2026-01-30 08:33:19,clane,LOGOUT,SalesDashboard,SUCCESS,976
2026-01-30 12:40:03,asmith,ADMIN_CONFIG,AuditLogs,SUCCESS,4515
2026-01-30 14:45:46,bwhite,LOGIN,UserManagement,SUCCESS,4907
2026-01-30 15:53:45,clane,CREATE_USER,SystemSettings,SUCCESS,4781
2026-01-30 12:00:04,admin,DELETE_USER,AuditLogs,SUCCESS,208
2026-01-30 10:40:55,admin,LOGOUT,UserManagement,SUCCESS,1260
2026-01-30 12:38:34,asmith,EXPORT_REPORT,InventoryReport,SUCCESS,4185
2026-01-31 05:39:56,jdoe,LOGOUT,SalesDashboard,SUCCESS,349
2026-01-31 14:19:11,davis,CREATE_USER,SystemSettings,SUCCESS,993
2026-01-31 14:28:38,asmith,CREATE_USER,UserManagement,SUCCESS,54
2026-01-31 16:52:28,bwhite,DELETE_USER,SalesDashboard,SUCCESS,1869
2026-01-31 07:01:18,jdoe,EXPORT_REPORT,SalesDashboard,SUCCESS,4757
2026-01-31 13:28:51,bwhite,CREATE_USER,SystemSettings,SUCCESS,1663
2026-01-31 13:30:44,admin,LOGOUT,InventoryReport,SUCCESS,3689
2026-01-31 05:21:08,bwhite,CREATE_USER,AuditLogs,SUCCESS,200
2026-02-01 00:10:40,jdoe,DELETE_USER,SystemSettings,SUCCESS,1578
2026-02-01 17:29:09,jdoe,VIEW_REPORT,SalesDashboard,SUCCESS,4665
2026-02-01 07:21:40,clane,VIEW_REPORT,SalesDashboard,SUCCESS,1960
2026-02-01 07:38:14,asmith,DELETE_USER,SystemSettings,FAILURE,857
2026-02-01 11:01:22,admin,LOGOUT,SalesDashboard,SUCCESS,4961
2026-02-01 01:19:57,clane,LOGOUT,SalesDashboard,SUCCESS,3999
2026-02-01 19:26:19,asmith,EXPORT_REPORT,AuditLogs,SUCCESS,4347
2026-02-01 03:00:53,davis,DELETE_USER,SystemSettings,SUCCESS,3005
2026-02-01 02:05:49,clane,VIEW_REPORT,AuditLogs,SUCCESS,4348
2026-02-01 23:27:57,asmith,VIEW_REPORT,UserManagement,SUCCESS,532
2026-02-01 01:50:41,admin,DELETE_USER,UserManagement,SUCCESS,1997
2026-02-02 13:33:55,bwhite,EXPORT_REPORT,InventoryReport,SUCCESS,3420
2026-02-02 11:47:04,clane,EXPORT_REPORT,UserManagement,SUCCESS,1403
2026-02-02 13:03:40,jdoe,LOGIN,SystemSettings,SUCCESS,2896
2026-02-02 12:23:05,davis,VIEW_REPORT,UserManagement,SUCCESS,1561
2026-02-02 10:21:08,jdoe,DELETE_USER,InventoryReport,SUCCESS,1618
2026-02-02 09:58:28,asmith,DELETE_USER,SalesDashboard,SUCCESS,4149
2026-02-02 12:10:07,clane,EXPORT_REPORT,SystemSettings,SUCCESS,3626
2026-02-02 11:20:09,clane,DELETE_USER,SalesDashboard,FAILURE,2213
2026-02-02 15:52:24,asmith,LOGIN,AuditLogs,SUCCESS,4233
2026-02-02 10:17:20,asmith,DELETE_USER,AuditLogs,SUCCESS,1029
2026-02-02 13:35:35,asmith,VIEW_REPORT,AuditLogs,SUCCESS,3470
2026-02-02 12:43:05,davis,CREATE_USER,InventoryReport,SUCCESS,3990
2026-02-02 10:10:46,jdoe,LOGOUT,SalesDashboard,SUCCESS,4736
2026-02-02 14:25:11,asmith,LOGOUT,SystemSettings,SUCCESS,269
2026-02-02 09:28:27,admin,LOGOUT,UserManagement,SUCCESS,4644
2026-02-02 11:14:16,admin,LOGOUT,SalesDashboard,SUCCESS,2236
2026-02-02 22:43:51,clane,LOGOUT,AuditLogs,SUCCESS,3544
2026-02-02 15:27:59,admin,ADMIN_CONFIG,InventoryReport,SUCCESS,62
2026-02-02 12:49:16,jdoe,VIEW_REPORT,SystemSettings,SUCCESS,3823
2026-02-02 14:07:03,asmith,ADMIN_CONFIG,UserManagement,SUCCESS,4171
2026-02-02 08:36:25,asmith,ADMIN_CONFIG,InventoryReport,SUCCESS,969
2026-02-02 04:34:04,asmith,LOGIN,InventoryReport,SUCCESS,4776
2026-02-02 15:51:06,admin,ADMIN_CONFIG,UserManagement,SUCCESS,315
2026-02-02 06:13:45,asmith,ADMIN_CONFIG,UserManagement,SUCCESS,584
2026-02-02 14:29:59,clane,CREATE_USER,SalesDashboard,SUCCESS,4679
2026-02-02 01:53:54,bwhite,CREATE_USER,AuditLogs,SUCCESS,2841
2026-02-02 19:41:43,davis,DELETE_USER,InventoryReport,SUCCESS,335
2026-02-02 15:03:28,jdoe,EXPORT_REPORT,AuditLogs,SUCCESS,4385
2026-02-02 09:49:53,jdoe,EXPORT_REPORT,SalesDashboard,SUCCESS,2430
2026-02-02 16:57:39,bwhite,VIEW_REPORT,UserManagement,SUCCESS,4178
2026-02-02 14:25:20,jdoe,EXPORT_REPORT,SalesDashboard,SUCCESS,1721
2026-02-02 08:25:01,asmith,LOGIN,SystemSettings,SUCCESS,4522
2026-02-02 15:04:06,asmith,VIEW_REPORT,InventoryReport,SUCCESS,2913
2026-02-02 21:56:23,jdoe,VIEW_REPORT,SystemSettings,SUCCESS,269
2026-02-02 13:46:31,davis,CREATE_USER,SalesDashboard,SUCCESS,2454
2026-02-02 13:44:50,clane,CREATE_USER,SalesDashboard,SUCCESS,2191
2026-02-02 15:52:33,asmith,LOGIN,InventoryReport,SUCCESS,333
2026-02-02 10:31:03,admin,CREATE_USER,SystemSettings,SUCCESS,778
2026-02-02 18:50:42,jdoe,LOGIN,SystemSettings,SUCCESS,336
2026-02-02 14:05:39,admin,EXPORT_REPORT,AuditLogs,SUCCESS,3908
2026-02-02 16:56:20,davis,LOGOUT,SystemSettings,SUCCESS,1598
2026-02-02 12:50:35,clane,VIEW_REPORT,SalesDashboard,SUCCESS,2661
2026-02-02 10:04:48,clane,EXPORT_REPORT,InventoryReport,SUCCESS,2498
2026-02-02 15:19:47,asmith,LOGOUT,InventoryReport,SUCCESS,1662
2026-02-02 10:15:34,asmith,LOGOUT,SalesDashboard,SUCCESS,2690
2026-02-02 14:29:49,admin,DELETE_USER,AuditLogs,SUCCESS,397
2026-02-02 12:38:36,admin,LOGOUT,SystemSettings,SUCCESS,3476
2026-02-02 12:34:47,jdoe,EXPORT_REPORT,InventoryReport,SUCCESS,1037
2026-02-02 20:26:46,asmith,ADMIN_CONFIG,UserManagement,SUCCESS,215
2026-02-02 16:54:43,bwhite,VIEW_REPORT,UserManagement,SUCCESS,846
2026-02-02 15:21:24,admin,LOGIN,UserManagement,SUCCESS,1378
2026-02-02 16:05:51,clane,ADMIN_CONFIG,SystemSettings,SUCCESS,1455
2026-02-02 15:58:52,clane,LOGOUT,InventoryReport,SUCCESS,3251
2026-02-02 12:47:58,jdoe,LOGIN,SystemSettings,SUCCESS,931
2026-02-02 11:46:34,davis,LOGIN,SalesDashboard,SUCCESS,4470
2026-02-02 10:31:39,davis,LOGIN,SystemSettings,SUCCESS,2714
2026-02-02 08:50:58,admin,ADMIN_CONFIG,InventoryReport,SUCCESS,3158
2026-02-02 16:50:43,davis,VIEW_REPORT,UserManagement,SUCCESS,3309
2026-02-02 15:09:47,clane,LOGIN,UserManagement,SUCCESS,1819
2026-02-02 16:35:31,davis,CREATE_USER,SystemSettings,SUCCESS,3485
2026-02-02 10:02:45,asmith,DELETE_USER,InventoryReport,SUCCESS,4662
2026-02-02 10:12:44,davis,EXPORT_REPORT,InventoryReport,FAILURE,4502
2026-02-02 14:31:11,clane,VIEW_REPORT,UserManagement,SUCCESS,1578
2026-02-02 09:04:49,asmith,LOGIN,SalesDashboard,SUCCESS,611
2026-02-02 00:36:20,jdoe,LOGOUT,SalesDashboard,SUCCESS,3101
2026-02-02 09:23:34,admin,EXPORT_REPORT,SalesDashboard,SUCCESS,305
2026-02-02 08:42:20,admin,EXPORT_REPORT,UserManagement,SUCCESS,4246
2026-02-02 11:05:03,jdoe,LOGIN,AuditLogs,SUCCESS,4039
2026-02-02 08:39:37,clane,LOGIN,InventoryReport,FAILURE,2217
2026-02-02 10:03:01,asmith,CREATE_USER,SystemSettings,SUCCESS,2128
2026-02-02 13:51:37,bwhite,EXPORT_REPORT,InventoryReport,SUCCESS,3249
2026-02-02 16:54:52,bwhite,EXPORT_REPORT,SystemSettings,SUCCESS,1132
2026-02-02 09:08:42,bwhite,VIEW_REPORT,InventoryReport,SUCCESS,3754
2026-02-02 11:03:06,davis,LOGOUT,AuditLogs,SUCCESS,4191
2026-02-02 10:17:31,asmith,LOGIN,AuditLogs,SUCCESS,1768
2026-02-02 15:55:52,asmith,CREATE_USER,AuditLogs,SUCCESS,4607
2026-02-02 08:51:22,asmith,LOGOUT,SystemSettings,SUCCESS,4166
2026-02-02 22:01:16,jdoe,ADMIN_CONFIG,SystemSettings,SUCCESS,2528
2026-02-02 12:01:06,bwhite,VIEW_REPORT,AuditLogs,SUCCESS,2443
2026-02-02 09:59:37,asmith,DELETE_USER,SystemSettings,SUCCESS,51
2026-02-02 15:53:38,clane,LOGIN,SystemSettings,SUCCESS,3939
2026-02-02 10:27:51,admin,ADMIN_CONFIG,InventoryReport,SUCCESS,4988
2026-02-02 16:05:09,davis,VIEW_REPORT,SalesDashboard,SUCCESS,801
2026-02-02 12:35:18,asmith,DELETE_USER,SalesDashboard,SUCCESS,1146
2026-02-02 14:08:46,clane,DELETE_USER,SystemSettings,SUCCESS,1255
2026-02-02 11:02:10,clane,EXPORT_REPORT,AuditLogs,SUCCESS,507
2026-02-02 14:14:08,bwhite,LOGIN,UserManagement,SUCCESS,4677
2026-02-02 15:51:04,admin,ADMIN_CONFIG,InventoryReport,SUCCESS,1296
2026-02-02 14:46:42,admin,EXPORT_REPORT,AuditLogs,SUCCESS,4597
2026-02-02 16:53:16,davis,ADMIN_CONFIG,SalesDashboard,SUCCESS,3615
2026-02-02 14:03:12,bwhite,CREATE_USER,UserManagement,SUCCESS,393
2026-02-02 11:25:00,bwhite,LOGIN,AuditLogs,SUCCESS,2174
2026-02-03 08:09:27,bwhite,CREATE_USER,AuditLogs,SUCCESS,3633
2026-02-03 09:18:14,asmith,EXPORT_REPORT,AuditLogs,SUCCESS,2133
2026-02-03 10:23:59,clane,ADMIN_CONFIG,SalesDashboard,SUCCESS,230
2026-02-03 12:51:30,admin,LOGIN,InventoryReport,SUCCESS,2058
2026-02-03 08:22:17,clane,CREATE_USER,SystemSettings,SUCCESS,3492
2026-02-03 13:36:16,bwhite,ADMIN_CONFIG,SalesDashboard,SUCCESS,2594
2026-02-03 14:27:32,clane,LOGOUT,SystemSettings,SUCCESS,583
2026-02-03 15:42:42,jdoe,DELETE_USER,AuditLogs,SUCCESS,4780
2026-02-03 12:09:59,bwhite,LOGOUT,SalesDashboard,SUCCESS,515
2026-02-03 00:25:43,jdoe,LOGOUT,UserManagement,FAILURE,4940
2026-02-03 12:01:52,clane,LOGOUT,InventoryReport,SUCCESS,993
2026-02-03 08:56:46,admin,LOGOUT,SystemSettings,SUCCESS,3114
2026-02-03 11:50:15,admin,LOGOUT,UserManagement,SUCCESS,2047
2026-02-03 12:33:39,clane,LOGIN,UserManagement,SUCCESS,3336
2026-02-03 10:25:48,clane,LOGOUT,InventoryReport,SUCCESS,3020
2026-02-03 09:04:31,davis,DELETE_USER,SystemSettings,SUCCESS,3556
2026-02-03 08:23:24,bwhite,LOGIN,SalesDashboard,SUCCESS,1366
2026-02-03 10:28:31,asmith,LOGOUT,SystemSettings,SUCCESS,2245
2026-02-03 15:26:28,jdoe,LOGOUT,SalesDashboard,SUCCESS,2332
2026-02-03 14:02:50,asmith,LOGIN,AuditLogs,SUCCESS,500
2026-02-03 23:16:59,admin,LOGIN,SystemSettings,SUCCESS,3326
2026-02-03 10:57:37,bwhite,VIEW_REPORT,InventoryReport,SUCCESS,1231
2026-02-03 11:23:32,davis,EXPORT_REPORT,UserManagement,SUCCESS,3432
2026-02-03 20:42:47,clane,ADMIN_CONFIG,SalesDashboard,SUCCESS,4348
2026-02-03 13:52:03,jdoe,ADMIN_CONFIG,InventoryReport,SUCCESS,682
2026-02-03 08:09:04,jdoe,EXPORT_REPORT,AuditLogs,SUCCESS,4253
2026-02-03 14:38:27,davis,VIEW_REPORT,SystemSettings,SUCCESS,3592
2026-02-03 10:54:18,admin,VIEW_REPORT,InventoryReport,SUCCESS,468
2026-02-03 16:29:21,bwhite,EXPORT_REPORT,SystemSettings,SUCCESS,4907
2026-02-03 10:36:12,clane,CREATE_USER,SystemSettings,SUCCESS,4210
2026-02-03 16:25:49,jdoe,LOGOUT,InventoryReport,SUCCESS,334
2026-02-03 15:06:58,jdoe,LOGIN,SystemSettings,SUCCESS,660
2026-02-03 15:55:41,clane,ADMIN_CONFIG,UserManagement,FAILURE,4844
2026-02-03 09:34:30,jdoe,LOGIN,UserManagement,SUCCESS,1632
2026-02-03 13:36:33,bwhite,LOGOUT,InventoryReport,SUCCESS,2536
2026-02-03 09:04:49,clane,VIEW_REPORT,InventoryReport,SUCCESS,3936
2026-02-03 09:11:43,asmith,ADMIN_CONFIG,SalesDashboard,SUCCESS,1227
2026-02-03 14:10:59,bwhite,DELETE_USER,UserManagement,SUCCESS,1613
2026-02-03 13:43:06,admin,DELETE_USER,SystemSettings,SUCCESS,263
2026-02-03 12:22:10,clane,VIEW_REPORT,UserManagement,SUCCESS,2108
2026-02-03 16:47:01,clane,LOGIN,InventoryReport,SUCCESS,3919
2026-02-03 06:45:20,admin,VIEW_REPORT,SystemSettings,SUCCESS,4409
2026-02-03 15:56:41,davis,DELETE_USER,InventoryReport,SUCCESS,234
2026-02-03 08:07:09,clane,EXPORT_REPORT,InventoryReport,SUCCESS,3242
2026-02-03 08:31:30,bwhite,LOGOUT,SystemSettings,SUCCESS,886
2026-02-03 11:45:00,jdoe,DELETE_USER,AuditLogs,SUCCESS,4348
2026-02-03 13:00:08,bwhite,VIEW_REPORT,InventoryReport,SUCCESS,4354
2026-02-03 08:17:29,asmith,EXPORT_REPORT,AuditLogs,SUCCESS,996
2026-02-03 08:08:34,jdoe,LOGOUT,AuditLogs,SUCCESS,4618
2026-02-03 14:35:18,clane,ADMIN_CONFIG,InventoryReport,SUCCESS,3749
2026-02-03 15:58:31,bwhite,DELETE_USER,InventoryReport,SUCCESS,2417
2026-02-03 11:10:56,asmith,EXPORT_REPORT,InventoryReport,SUCCESS,4484
2026-02-03 22:33:07,davis,DELETE_USER,AuditLogs,SUCCESS,408
2026-02-03 09:05:51,bwhite,LOGIN,UserManagement,SUCCESS,206
2026-02-03 16:13:57,asmith,DELETE_USER,SystemSettings,SUCCESS,1238
2026-02-03 18:59:52,admin,DELETE_USER,AuditLogs,FAILURE,2772
2026-02-03 08:26:56,admin,ADMIN_CONFIG,SystemSettings,SUCCESS,671
2026-02-03 12:45:57,clane,VIEW_REPORT,UserManagement,FAILURE,1117
2026-02-03 09:26:30,clane,LOGIN,SalesDashboard,SUCCESS,4829
2026-02-03 10:21:11,asmith,DELETE_USER,AuditLogs,SUCCESS,2737
2026-02-03 19:20:32,davis,CREATE_USER,InventoryReport,SUCCESS,4821
2026-02-03 12:41:05,davis,CREATE_USER,AuditLogs,SUCCESS,1138
2026-02-03 15:35:49,jdoe,LOGIN,InventoryReport,SUCCESS,897
2026-02-03 16:17:51,asmith,CREATE_USER,SystemSettings,SUCCESS,786
2026-02-03 12:14:46,asmith,LOGIN,InventoryReport,SUCCESS,1338
2026-02-03 13:22:24,asmith,LOGIN,SalesDashboard,SUCCESS,605
2026-02-03 06:04:19,admin,ADMIN_CONFIG,AuditLogs,SUCCESS,1392
2026-02-03 16:18:30,davis,DELETE_USER,InventoryReport,SUCCESS,3609
2026-02-03 13:41:15,admin,LOGOUT,SystemSettings,SUCCESS,2317
2026-02-03 14:14:31,davis,EXPORT_REPORT,AuditLogs,SUCCESS,4396
2026-02-03 11:43:38,jdoe,LOGOUT,AuditLogs,SUCCESS,4733
2026-02-03 13:16:03,davis,LOGIN,InventoryReport,SUCCESS,4638
2026-02-03 10:45:51,asmith,ADMIN_CONFIG,SalesDashboard,SUCCESS,1818
2026-02-03 04:19:20,clane,EXPORT_REPORT,UserManagement,SUCCESS,538
2026-02-03 09:54:41,davis,CREATE_USER,AuditLogs,SUCCESS,3653
2026-02-03 11:12:36,asmith,ADMIN_CONFIG,InventoryReport,SUCCESS,1747
2026-02-03 08:09:16,davis,LOGOUT,InventoryReport,SUCCESS,1274
2026-02-03 17:14:43,davis,LOGIN,AuditLogs,SUCCESS,2040
2026-02-03 00:05:52,davis,DELETE_USER,UserManagement,SUCCESS,2665
2026-02-03 15:49:36,davis,VIEW_REPORT,UserManagement,SUCCESS,4503
2026-02-03 10:44:23,davis,DELETE_USER,InventoryReport,SUCCESS,3977
2026-02-03 10:25:47,davis,LOGIN,InventoryReport,SUCCESS,1030
2026-02-03 16:06:15,davis,LOGOUT,InventoryReport,SUCCESS,4285
2026-02-03 16:33:48,clane,LOGIN,AuditLogs,SUCCESS,791
2026-02-03 02:10:13,davis,VIEW_REPORT,UserManagement,SUCCESS,3769
2026-02-03 08:32:13,asmith,ADMIN_CONFIG,SalesDashboard,SUCCESS,3156
2026-02-03 01:01:31,bwhite,LOGIN,SystemSettings,SUCCESS,3666
2026-02-03 12:30:30,asmith,DELETE_USER,AuditLogs,SUCCESS,3000
2026-02-03 10:07:41,bwhite,CREATE_USER,InventoryReport,SUCCESS,3343
2026-02-03 11:46:16,jdoe,DELETE_USER,AuditLogs,SUCCESS,4264
2026-02-03 15:57:09,davis,CREATE_USER,UserManagement,SUCCESS,3057
2026-02-03 16:45:37,asmith,ADMIN_CONFIG,InventoryReport,SUCCESS,4722
2026-02-03 14:44:57,davis,LOGOUT,AuditLogs,SUCCESS,1840
2026-02-03 08:35:03,asmith,EXPORT_REPORT,UserManagement,SUCCESS,2687
2026-02-03 08:17:22,admin,EXPORT_REPORT,InventoryReport,SUCCESS,2913
2026-02-03 03:34:45,asmith,LOGIN,AuditLogs,SUCCESS,3079
2026-02-03 15:00:18,asmith,LOGOUT,AuditLogs,SUCCESS,2581
2026-02-03 16:02:16,davis,LOGIN,AuditLogs,SUCCESS,900
2026-02-03 10:32:38,admin,EXPORT_REPORT,AuditLogs,SUCCESS,345
2026-02-03 14:55:59,admin,ADMIN_CONFIG,InventoryReport,SUCCESS,335
2026-02-03 13:17:19,asmith,LOGOUT,SalesDashboard,SUCCESS,1571
2026-02-03 00:08:35,admin,LOGIN,InventoryReport,SUCCESS,4080
2026-02-03 08:00:21,admin,ADMIN_CONFIG,UserManagement,SUCCESS,3695
2026-02-03 08:05:18,davis,ADMIN_CONFIG,SalesDashboard,SUCCESS,4316
2026-02-04 16:40:01,jdoe,LOGOUT,SystemSettings,SUCCESS,1938
2026-02-04 08:26:06,bwhite,LOGIN,UserManagement,SUCCESS,4849
2026-02-04 16:44:06,bwhite,LOGOUT,SystemSettings,SUCCESS,816
2026-02-04 11:14:04,davis,LOGIN,InventoryReport,SUCCESS,2162
2026-02-04 10:46:23,davis,ADMIN_CONFIG,AuditLogs,SUCCESS,3034
2026-02-04 11:25:04,davis,ADMIN_CONFIG,AuditLogs,SUCCESS,1226
2026-02-04 08:01:57,jdoe,DELETE_USER,UserManagement,SUCCESS,3370
2026-02-04 14:38:49,bwhite,ADMIN_CONFIG,UserManagement,SUCCESS,1981
2026-02-04 08:15:50,clane,LOGOUT,SalesDashboard,SUCCESS,2527
2026-02-04 10:58:31,clane,LOGOUT,SalesDashboard,SUCCESS,164
2026-02-04 08:06:32,admin,ADMIN_CONFIG,InventoryReport,SUCCESS,3257
2026-02-04 11:15:22,jdoe,VIEW_REPORT,SalesDashboard,SUCCESS,275
2026-02-04 08:39:39,bwhite,LOGIN,AuditLogs,SUCCESS,98
2026-02-04 12:39:46,asmith,LOGIN,SalesDashboard,SUCCESS,973
2026-02-04 12:52:05,davis,LOGIN,AuditLogs,SUCCESS,756
2026-02-04 15:13:35,clane,LOGIN,AuditLogs,SUCCESS,1515
2026-02-04 08:12:27,davis,CREATE_USER,SystemSettings,SUCCESS,1769
2026-02-04 09:00:05,clane,EXPORT_REPORT,SystemSettings,SUCCESS,4560
2026-02-04 16:10:45,asmith,DELETE_USER,SystemSettings,SUCCESS,3955
2026-02-04 10:02:19,jdoe,EXPORT_REPORT,SystemSettings,SUCCESS,4471
2026-02-04 16:02:26,admin,VIEW_REPORT,SystemSettings,SUCCESS,3737
2026-02-04 15:56:53,asmith,LOGIN,SystemSettings,FAILURE,3575
2026-02-04 15:22:32,jdoe,CREATE_USER,SystemSettings,SUCCESS,4915
2026-02-04 09:32:33,bwhite,LOGIN,InventoryReport,SUCCESS,2518
2026-02-04 13:03:24,admin,VIEW_REPORT,InventoryReport,SUCCESS,2298
2026-02-04 12:35:52,bwhite,CREATE_USER,AuditLogs,SUCCESS,1762
2026-02-04 16:14:44,asmith,LOGIN,UserManagement,SUCCESS,4607
2026-02-04 15:23:52,jdoe,ADMIN_CONFIG,UserManagement,SUCCESS,2391
2026-02-04 15:37:50,asmith,LOGIN,InventoryReport,SUCCESS,1927
2026-02-04 09:55:55,asmith,VIEW_REPORT,InventoryReport,SUCCESS,2112
2026-02-04 11:43:03,admin,DELETE_USER,AuditLogs,SUCCESS,105
2026-02-04 08:19:19,jdoe,DELETE_USER,SalesDashboard,SUCCESS,3143
2026-02-04 15:05:41,bwhite,CREATE_USER,SalesDashboard,SUCCESS,4358
2026-02-04 08:03:55,davis,CREATE_USER,InventoryReport,SUCCESS,4483
2026-02-04 15:21:59,jdoe,LOGOUT,UserManagement,SUCCESS,2681
2026-02-04 16:45:46,davis,CREATE_USER,InventoryReport,SUCCESS,1323
2026-02-04 11:11:08,jdoe,CREATE_USER,AuditLogs,SUCCESS,213
2026-02-04 16:03:13,admin,CREATE_USER,SystemSettings,SUCCESS,1369
2026-02-04 01:06:50,asmith,EXPORT_REPORT,UserManagement,SUCCESS,4071
2026-02-04 12:50:10,jdoe,VIEW_REPORT,AuditLogs,SUCCESS,1773
2026-02-04 13:01:40,bwhite,DELETE_USER,SystemSettings,SUCCESS,634
2026-02-04 08:37:53,jdoe,LOGOUT,InventoryReport,SUCCESS,2667
2026-02-04 12:48:03,davis,ADMIN_CONFIG,SystemSettings,SUCCESS,612
2026-02-04 10:09:01,asmith,EXPORT_REPORT,SystemSettings,SUCCESS,2275
2026-02-04 15:43:37,clane,LOGIN,SystemSettings,SUCCESS,2970
2026-02-04 13:00:06,jdoe,VIEW_REPORT,InventoryReport,SUCCESS,2138
2026-02-04 00:28:47,davis,DELETE_USER,SalesDashboard,SUCCESS,3275
2026-02-04 14:15:55,bwhite,ADMIN_CONFIG,SalesDashboard,SUCCESS,555
2026-02-04 13:25:32,jdoe,EXPORT_REPORT,AuditLogs,SUCCESS,2111
2026-02-04 11:50:40,davis,VIEW_REPORT,SalesDashboard,SUCCESS,2315
2026-02-04 13:51:17,bwhite,ADMIN_CONFIG,AuditLogs,SUCCESS,461
2026-02-04 16:32:23,asmith,CREATE_USER,InventoryReport,SUCCESS,4429
2026-02-04 10:04:55,asmith,LOGIN,SalesDashboard,SUCCESS,1696
2026-02-04 15:32:54,asmith,DELETE_USER,SystemSettings,SUCCESS,4222
2026-02-04 12:50:58,clane,DELETE_USER,UserManagement,FAILURE,4782
2026-02-04 08:07:00,bwhite,LOGIN,SystemSettings,SUCCESS,302
2026-02-04 08:58:07,bwhite,ADMIN_CONFIG,InventoryReport,SUCCESS,3193
2026-02-04 01:59:58,admin,LOGIN,SalesDashboard,SUCCESS,2028
2026-02-04 14:14:04,admin,LOGIN,UserManagement,SUCCESS,1346
2026-02-04 08:26:20,admin,EXPORT_REPORT,SystemSettings,SUCCESS,4587
2026-02-04 16:53:11,clane,ADMIN_CONFIG,InventoryReport,SUCCESS,3554
2026-02-04 16:27:19,bwhite,CREATE_USER,InventoryReport,SUCCESS,3033
2026-02-04 17:22:37,davis,ADMIN_CONFIG,UserManagement,SUCCESS,4605
2026-02-04 12:09:40,bwhite,DELETE_USER,SystemSettings,SUCCESS,2040
2026-02-04 09:45:53,clane,EXPORT_REPORT,InventoryReport,SUCCESS,3511
2026-02-04 14:06:31,jdoe,VIEW_REPORT,AuditLogs,SUCCESS,2992
2026-02-04 11:46:03,jdoe,ADMIN_CONFIG,AuditLogs,SUCCESS,2299
2026-02-04 12:58:13,davis,LOGOUT,SalesDashboard,SUCCESS,4511
2026-02-04 09:00:05,admin,EXPORT_REPORT,UserManagement,SUCCESS,3803
2026-02-04 14:16:52,jdoe,VIEW_REPORT,SystemSettings,SUCCESS,394
2026-02-04 14:57:47,bwhite,LOGIN,InventoryReport,SUCCESS,3624
2026-02-04 11:32:42,bwhite,VIEW_REPORT,SystemSettings,SUCCESS,541
2026-02-04 07:39:29,davis,LOGIN,InventoryReport,SUCCESS,3802
2026-02-04 11:05:07,clane,DELETE_USER,AuditLogs,SUCCESS,2600
2026-02-04 11:24:17,clane,DELETE_USER,SalesDashboard,SUCCESS,1919
2026-02-04 09:19:24,bwhite,DELETE_USER,UserManagement,SUCCESS,1036
2026-02-04 12:11:19,bwhite,EXPORT_REPORT,InventoryReport,SUCCESS,379
2026-02-04 12:37:25,davis,VIEW_REPORT,SalesDashboard,SUCCESS,421
2026-02-04 13:02:59,admin,LOGIN,SalesDashboard,FAILURE,3875
2026-02-04 04:19:42,jdoe,VIEW_REPORT,InventoryReport,SUCCESS,4510
2026-02-04 15:43:03,clane,DELETE_USER,AuditLogs,SUCCESS,2719
2026-02-04 10:33:31,asmith,LOGIN,InventoryReport,SUCCESS,4125
2026-02-04 14:51:26,clane,DELETE_USER,UserManagement,SUCCESS,2539
2026-02-04 18:28:40,clane,LOGOUT,AuditLogs,SUCCESS,2625
2026-02-04 15:14:22,davis,DELETE_USER,AuditLogs,SUCCESS,3043
2026-02-04 13:08:10,bwhite,ADMIN_CONFIG,AuditLogs,SUCCESS,2991
2026-02-04 07:10:31,asmith,CREATE_USER,SalesDashboard,SUCCESS,2625
2026-02-04 16:23:59,jdoe,EXPORT_REPORT,SalesDashboard,SUCCESS,1205
2026-02-04 09:45:39,davis,DELETE_USER,AuditLogs,SUCCESS,3633
2026-02-04 16:16:03,asmith,EXPORT_REPORT,AuditLogs,SUCCESS,2502
2026-02-04 00:54:30,bwhite,LOGIN,AuditLogs,SUCCESS,1219
2026-02-04 09:26:09,bwhite,CREATE_USER,UserManagement,SUCCESS,4384
2026-02-04 13:10:22,admin,CREATE_USER,UserManagement,SUCCESS,1069
2026-02-04 00:05:42,asmith,LOGIN,UserManagement,SUCCESS,719
2026-02-04 14:17:15,davis,EXPORT_REPORT,InventoryReport,FAILURE,800
2026-02-04 08:21:01,admin,VIEW_REPORT,InventoryReport,SUCCESS,2354
2026-02-04 11:47:13,jdoe,CREATE_USER,UserManagement,SUCCESS,895
2026-02-04 14:46:02,davis,LOGIN,SalesDashboard,SUCCESS,3100
2026-02-04 16:57:04,clane,LOGOUT,UserManagement,SUCCESS,575
2026-02-04 13:29:08,clane,ADMIN_CONFIG,AuditLogs,SUCCESS,105
2026-02-04 08:36:13,asmith,CREATE_USER,AuditLogs,SUCCESS,2264
2026-02-04 11:39:22,clane,DELETE_USER,AuditLogs,SUCCESS,3394
2026-02-04 09:50:22,davis,ADMIN_CONFIG,UserManagement,SUCCESS,2203
2026-02-04 09:14:36,davis,CREATE_USER,SystemSettings,SUCCESS,1982
2026-02-04 14:22:44,asmith,ADMIN_CONFIG,InventoryReport,SUCCESS,4947
2026-02-04 15:10:12,davis,ADMIN_CONFIG,UserManagement,FAILURE,1145
2026-02-04 15:47:52,admin,VIEW_REPORT,SystemSettings,SUCCESS,974
2026-02-04 12:03:24,admin,CREATE_USER,InventoryReport,SUCCESS,4397
2026-02-04 14:38:16,clane,LOGOUT,UserManagement,SUCCESS,4340
2026-02-04 14:04:54,davis,LOGOUT,InventoryReport,SUCCESS,460
2026-02-04 09:41:19,clane,CREATE_USER,UserManagement,FAILURE,4647
2026-02-04 15:42:03,admin,LOGIN,AuditLogs,SUCCESS,240
2026-02-04 11:55:28,davis,EXPORT_REPORT,UserManagement,SUCCESS,4692
2026-02-04 08:19:16,davis,EXPORT_REPORT,SystemSettings,FAILURE,1874
2026-02-04 08:42:25,jdoe,DELETE_USER,InventoryReport,SUCCESS,2676
2026-02-04 08:30:21,bwhite,LOGIN,UserManagement,SUCCESS,37
2026-02-04 12:53:42,clane,LOGOUT,SystemSettings,FAILURE,1119
2026-02-04 23:42:23,asmith,CREATE_USER,SalesDashboard,SUCCESS,4596
2026-02-04 10:59:03,davis,EXPORT_REPORT,SystemSettings,SUCCESS,577
2026-02-04 15:23:51,davis,VIEW_REPORT,SystemSettings,SUCCESS,3635
2026-02-04 08:06:04,davis,CREATE_USER,SystemSettings,SUCCESS,3589
2026-02-04 12:31:53,bwhite,CREATE_USER,AuditLogs,SUCCESS,295
2026-02-04 09:50:40,admin,VIEW_REPORT,SalesDashboard,SUCCESS,2348
2026-02-04 12:48:25,bwhite,ADMIN_CONFIG,UserManagement,SUCCESS,2063
2026-02-04 09:24:15,clane,CREATE_USER,UserManagement,SUCCESS,3715
2026-02-04 11:55:39,davis,LOGOUT,AuditLogs,SUCCESS,3455
2026-02-04 12:50:46,jdoe,EXPORT_REPORT,AuditLogs,SUCCESS,1375
2026-02-04 16:17:19,davis,ADMIN_CONFIG,InventoryReport,SUCCESS,4191
2026-02-04 16:09:37,bwhite,DELETE_USER,SalesDashboard,FAILURE,1118
2026-02-04 08:39:42,jdoe,DELETE_USER,SalesDashboard,SUCCESS,778
2026-02-04 11:22:21,clane,EXPORT_REPORT,SystemSettings,SUCCESS,2531
2026-02-04 13:21:55,davis,LOGOUT,UserManagement,SUCCESS,2399
2026-02-04 09:34:22,asmith,DELETE_USER,UserManagement,SUCCESS,309
2026-02-04 13:24:15,asmith,ADMIN_CONFIG,SystemSettings,SUCCESS,1297
2026-02-04 10:20:47,bwhite,VIEW_REPORT,SalesDashboard,SUCCESS,2394
2026-02-04 10:47:43,davis,VIEW_REPORT,UserManagement,SUCCESS,2872
2026-02-05 13:46:24,davis,LOGIN,SystemSettings,FAILURE,4468
2026-02-05 11:56:50,asmith,VIEW_REPORT,InventoryReport,SUCCESS,3350
2026-02-05 14:03:44,clane,VIEW_REPORT,SystemSettings,FAILURE,3662
2026-02-05 15:53:32,admin,VIEW_REPORT,SalesDashboard,SUCCESS,3411
2026-02-05 13:09:48,jdoe,LOGOUT,UserManagement,SUCCESS,2502
2026-02-05 08:00:20,davis,ADMIN_CONFIG,UserManagement,SUCCESS,4943
2026-02-05 15:37:20,jdoe,VIEW_REPORT,AuditLogs,SUCCESS,872
2026-02-05 14:30:50,asmith,VIEW_REPORT,SalesDashboard,SUCCESS,1943
2026-02-05 16:03:38,bwhite,CREATE_USER,UserManagement,SUCCESS,389
2026-02-05 08:54:40,jdoe,DELETE_USER,AuditLogs,SUCCESS,930
2026-02-05 08:28:19,admin,DELETE_USER,SalesDashboard,SUCCESS,470
2026-02-05 11:18:04,davis,LOGIN,UserManagement,SUCCESS,2879
2026-02-05 14:21:25,clane,DELETE_USER,UserManagement,SUCCESS,1804
2026-02-05 09:05:42,asmith,VIEW_REPORT,SystemSettings,SUCCESS,696
2026-02-05 13:25:20,asmith,CREATE_USER,SalesDashboard,SUCCESS,1795
2026-02-05 11:32:50,admin,VIEW_REPORT,InventoryReport,SUCCESS,4979
2026-02-05 10:44:11,bwhite,LOGIN,SystemSettings,SUCCESS,4572
2026-02-05 11:37:26,clane,ADMIN_CONFIG,AuditLogs,SUCCESS,3999
2026-02-05 13:24:11,clane,DELETE_USER,SystemSettings,SUCCESS,4354
2026-02-05 19:02:54,bwhite,VIEW_REPORT,SystemSettings,SUCCESS,3483
2026-02-05 05:43:40,jdoe,VIEW_REPORT,UserManagement,SUCCESS,614
2026-02-05 08:53:10,asmith,CREATE_USER,InventoryReport,SUCCESS,4594
2026-02-05 12:55:52,jdoe,DELETE_USER,InventoryReport,SUCCESS,505
2026-02-05 16:54:27,davis,EXPORT_REPORT,UserManagement,SUCCESS,4377
2026-02-05 08:43:56,admin,DELETE_USER,InventoryReport,SUCCESS,635
2026-02-05 09:34:05,jdoe,LOGOUT,UserManagement,SUCCESS,1597
2026-02-05 10:30:47,admin,VIEW_REPORT,SystemSettings,SUCCESS,3704
2026-02-05 16:57:00,bwhite,VIEW_REPORT,SystemSettings,SUCCESS,2410
2026-02-05 16:09:51,asmith,DELETE_USER,InventoryReport,SUCCESS,2879
2026-02-05 11:25:48,davis,DELETE_USER,SystemSettings,SUCCESS,2436
2026-02-05 09:18:49,davis,ADMIN_CONFIG,AuditLogs,SUCCESS,2609
2026-02-05 14:33:14,clane,DELETE_USER,SalesDashboard,SUCCESS,1536
2026-02-05 16:04:49,davis,DELETE_USER,InventoryReport,SUCCESS,3384
2026-02-05 16:34:36,davis,VIEW_REPORT,AuditLogs,SUCCESS,1605
2026-02-05 15:32:11,clane,DELETE_USER,AuditLogs,SUCCESS,2569
2026-02-05 12:23:09,jdoe,ADMIN_CONFIG,AuditLogs,SUCCESS,30
2026-02-05 09:02:18,bwhite,EXPORT_REPORT,SystemSettings,SUCCESS,2534
2026-02-05 05:22:13,davis,ADMIN_CONFIG,InventoryReport,SUCCESS,1921
2026-02-05 12:40:41,asmith,LOGIN,UserManagement,SUCCESS,2419
2026-02-05 17:14:42,bwhite,CREATE_USER,UserManagement,SUCCESS,2832
2026-02-05 08:42:36,bwhite,LOGOUT,SystemSettings,SUCCESS,4268
2026-02-05 11:34:05,bwhite,LOGIN,SalesDashboard,SUCCESS,2467
2026-02-05 14:08:23,clane,VIEW_REPORT,SystemSettings,SUCCESS,3714
2026-02-05 13:53:18,asmith,CREATE_USER,AuditLogs,SUCCESS,3073
2026-02-05 15:58:55,jdoe,ADMIN_CONFIG,InventoryReport,SUCCESS,3593
2026-02-05 09:11:58,clane,EXPORT_REPORT,SalesDashboard,SUCCESS,3834
2026-02-05 13:39:19,bwhite,LOGIN,SalesDashboard,SUCCESS,4940
2026-02-05 12:07:17,asmith,EXPORT_REPORT,InventoryReport,SUCCESS,3290
2026-02-05 09:28:23,davis,VIEW_REPORT,UserManagement,FAILURE,4970
2026-02-05 15:05:23,bwhite,LOGOUT,InventoryReport,SUCCESS,4621
2026-02-05 09:33:57,admin,EXPORT_REPORT,AuditLogs,SUCCESS,3477
2026-02-05 22:31:51,admin,ADMIN_CONFIG,AuditLogs,SUCCESS,1948
2026-02-05 15:22:50,bwhite,ADMIN_CONFIG,SalesDashboard,FAILURE,2070
2026-02-05 08:41:02,bwhite,VIEW_REPORT,UserManagement,SUCCESS,433
2026-02-05 14:12:32,asmith,ADMIN_CONFIG,SalesDashboard,SUCCESS,4482
2026-02-05 15:28:12,admin,EXPORT_REPORT,AuditLogs,SUCCESS,617
2026-02-05 09:54:41,clane,VIEW_REPORT,InventoryReport,SUCCESS,4273
2026-02-05 10:16:42,asmith,DELETE_USER,AuditLogs,SUCCESS,1047
2026-02-05 08:06:14,admin,DELETE_USER,AuditLogs,SUCCESS,1454
2026-02-05 14:25:44,admin,VIEW_REPORT,UserManagement,SUCCESS,3813
2026-02-05 11:53:10,clane,EXPORT_REPORT,UserManagement,SUCCESS,1724
2026-02-05 12:13:02,bwhite,VIEW_REPORT,SystemSettings,SUCCESS,2739
2026-02-05 16:42:08,jdoe,DELETE_USER,SystemSettings,SUCCESS,4886
2026-02-05 10:51:56,jdoe,VIEW_REPORT,InventoryReport,SUCCESS,562
2026-02-05 10:32:02,bwhite,DELETE_USER,AuditLogs,SUCCESS,3200
2026-02-05 12:10:17,davis,VIEW_REPORT,InventoryReport,SUCCESS,2097
2026-02-05 11:19:45,jdoe,VIEW_REPORT,SystemSettings,SUCCESS,2073
2026-02-05 10:32:42,jdoe,CREATE_USER,SystemSettings,SUCCESS,1095
2026-02-05 15:19:51,davis,CREATE_USER,SalesDashboard,SUCCESS,2072
2026-02-05 14:44:53,admin,DELETE_USER,InventoryReport,SUCCESS,3747
2026-02-05 08:16:35,davis,ADMIN_CONFIG,AuditLogs,SUCCESS,3578
2026-02-05 12:45:40,admin,VIEW_REPORT,SystemSettings,SUCCESS,1374
2026-02-05 10:28:45,bwhite,DELETE_USER,UserManagement,SUCCESS,1001
2026-02-05 12:09:05,bwhite,VIEW_REPORT,SystemSettings,SUCCESS,1681
2026-02-05 11:12:37,davis,ADMIN_CONFIG,SalesDashboard,SUCCESS,2858
2026-02-05 17:21:21,admin,LOGOUT,AuditLogs,SUCCESS,2200
2026-02-05 09:00:52,jdoe,LOGIN,SalesDashboard,SUCCESS,2951
2026-02-05 16:16:37,clane,LOGOUT,SalesDashboard,SUCCESS,4667
2026-02-05 14:22:14,bwhite,LOGOUT,UserManagement,SUCCESS,2940
2026-02-05 08:14:26,clane,LOGIN,SalesDashboard,SUCCESS,1872
2026-02-05 21:21:02,davis,LOGOUT,AuditLogs,SUCCESS,2369
2026-02-05 08:47:20,asmith,CREATE_USER,UserManagement,SUCCESS,284
2026-02-05 11:55:36,bwhite,LOGIN,SystemSettings,SUCCESS,3553
2026-02-05 15:05:43,admin,CREATE_USER,UserManagement,SUCCESS,4337
2026-02-05 13:56:53,admin,LOGIN,SalesDashboard,SUCCESS,948
2026-02-05 08:24:49,davis,ADMIN_CONFIG,UserManagement,SUCCESS,164
2026-02-05 14:48:30,clane,EXPORT_REPORT,AuditLogs,SUCCESS,3065
2026-02-05 10:55:07,clane,DELETE_USER,AuditLogs,SUCCESS,2145
2026-02-05 09:03:13,asmith,LOGOUT,SystemSettings,SUCCESS,712
2026-02-05 11:20:54,jdoe,ADMIN_CONFIG,SalesDashboard,SUCCESS,706
2026-02-05 09:32:37,clane,CREATE_USER,AuditLogs,SUCCESS,1591
2026-02-05 08:46:27,asmith,EXPORT_REPORT,UserManagement,SUCCESS,3037
2026-02-05 13:44:54,clane,VIEW_REPORT,AuditLogs,SUCCESS,2003
2026-02-05 14:18:01,bwhite,CREATE_USER,SystemSettings,SUCCESS,1175
2026-02-05 10:20:12,jdoe,CREATE_USER,SystemSettings,SUCCESS,61
2026-02-05 09:52:45,clane,EXPORT_REPORT,InventoryReport,SUCCESS,4631
2026-02-05 09:50:13,davis,LOGOUT,SalesDashboard,SUCCESS,3665
2026-02-05 13:38:51,admin,ADMIN_CONFIG,UserManagement,SUCCESS,4182
2026-02-05 11:05:27,jdoe,DELETE_USER,SalesDashboard,FAILURE,4227
2026-02-05 13:24:56,clane,ADMIN_CONFIG,UserManagement,SUCCESS,73
2026-02-05 12:03:56,asmith,CREATE_USER,AuditLogs,SUCCESS,89
2026-02-05 13:06:10,bwhite,DELETE_USER,SalesDashboard,SUCCESS,1304
2026-02-05 14:47:54,asmith,EXPORT_REPORT,UserManagement,SUCCESS,616
2026-02-05 12:03:45,jdoe,LOGOUT,InventoryReport,SUCCESS,2915
2026-02-05 13:01:05,admin,ADMIN_CONFIG,SystemSettings,SUCCESS,3115
2026-02-05 14:11:39,jdoe,LOGOUT,UserManagement,SUCCESS,1654
2026-02-05 16:11:46,admin,ADMIN_CONFIG,SystemSettings,SUCCESS,4121
2026-02-05 12:33:51,clane,CREATE_USER,SalesDashboard,SUCCESS,4466
2026-02-05 14:24:00,clane,ADMIN_CONFIG,UserManagement,SUCCESS,544
2026-02-05 12:06:37,davis,LOGIN,InventoryReport,SUCCESS,4990
2026-02-05 13:54:00,davis,CREATE_USER,AuditLogs,SUCCESS,4400
2026-02-05 16:03:05,clane,VIEW_REPORT,UserManagement,FAILURE,4162
2026-02-05 08:18:43,admin,EXPORT_REPORT,InventoryReport,SUCCESS,2311
2026-02-05 10:29:36,clane,DELETE_USER,UserManagement,SUCCESS,4226
2026-02-05 02:46:30,asmith,LOGOUT,SalesDashboard,SUCCESS,2002
2026-02-05 15:04:06,clane,DELETE_USER,UserManagement,SUCCESS,4871
2026-02-05 01:17:31,davis,DELETE_USER,SalesDashboard,FAILURE,3572
2026-02-05 17:21:25,davis,LOGIN,InventoryReport,SUCCESS,265
2026-02-05 13:04:15,clane,LOGIN,SalesDashboard,SUCCESS,951
2026-02-05 08:39:06,asmith,LOGOUT,AuditLogs,SUCCESS,357
2026-02-05 09:48:55,davis,VIEW_REPORT,InventoryReport,SUCCESS,1436
2026-02-05 12:00:12,bwhite,VIEW_REPORT,InventoryReport,SUCCESS,4794
2026-02-05 08:56:35,jdoe,EXPORT_REPORT,SalesDashboard,SUCCESS,2587
2026-02-05 13:14:24,clane,CREATE_USER,SystemSettings,SUCCESS,636
2026-02-05 10:52:21,jdoe,EXPORT_REPORT,AuditLogs,SUCCESS,1980
2026-02-05 11:56:04,jdoe,LOGOUT,AuditLogs,SUCCESS,4804
2026-02-05 10:32:06,asmith,LOGIN,SystemSettings,SUCCESS,199
2026-02-05 09:24:47,bwhite,DELETE_USER,SystemSettings,SUCCESS,4714
2026-02-05 22:41:47,asmith,ADMIN_CONFIG,SalesDashboard,SUCCESS,4395
2026-02-05 14:40:15,bwhite,LOGIN,SystemSettings,SUCCESS,4257
2026-02-05 08:31:56,bwhite,LOGOUT,SystemSettings,SUCCESS,3582
2026-02-05 09:58:06,asmith,VIEW_REPORT,UserManagement,SUCCESS,901
2026-02-05 10:46:39,asmith,ADMIN_CONFIG,InventoryReport,SUCCESS,2595
2026-02-05 17:23:56,admin,DELETE_USER,InventoryReport,SUCCESS,1465
2026-02-05 06:16:19,asmith,EXPORT_REPORT,SalesDashboard,SUCCESS,1170
2026-02-05 10:04:11,clane,VIEW_REPORT,InventoryReport,SUCCESS,3175
2026-02-05 14:07:58,davis,EXPORT_REPORT,InventoryReport,SUCCESS,4333
2026-02-05 08:20:58,clane,EXPORT_REPORT,UserManagement,SUCCESS,1821
2026-02-06 09:09:01,admin,VIEW_REPORT,SystemSettings,SUCCESS,180
2026-02-06 13:33:50,bwhite,ADMIN_CONFIG,UserManagement,SUCCESS,4661
2026-02-06 09:07:18,clane,ADMIN_CONFIG,SalesDashboard,SUCCESS,3814
2026-02-06 10:59:10,admin,CREATE_USER,UserManagement,SUCCESS,977
2026-02-06 09:37:50,bwhite,LOGOUT,UserManagement,SUCCESS,1368
2026-02-06 12:14:02,asmith,CREATE_USER,SalesDashboard,SUCCESS,413
2026-02-06 13:11:14,asmith,LOGIN,InventoryReport,SUCCESS,1341
2026-02-06 12:26:32,bwhite,EXPORT_REPORT,AuditLogs,SUCCESS,2029
2026-02-06 10:27:59,asmith,CREATE_USER,SystemSettings,SUCCESS,1870
2026-02-06 13:54:17,jdoe,DELETE_USER,SystemSettings,SUCCESS,2286
2026-02-06 12:19:20,jdoe,LOGOUT,UserManagement,SUCCESS,1006
2026-02-06 08:00:22,clane,LOGIN,AuditLogs,SUCCESS,806
2026-02-06 16:01:19,admin,ADMIN_CONFIG,InventoryReport,SUCCESS,3954
2026-02-06 19:08:04,jdoe,VIEW_REPORT,InventoryReport,SUCCESS,4604
2026-02-06 10:41:31,admin,EXPORT_REPORT,SystemSettings,SUCCESS,682
2026-02-06 19:52:36,asmith,CREATE_USER,SalesDashboard,SUCCESS,1874
2026-02-06 11:50:08,davis,ADMIN_CONFIG,InventoryReport,SUCCESS,1143
2026-02-06 23:36:42,asmith,CREATE_USER,UserManagement,SUCCESS,1209
2026-02-06 19:11:18,jdoe,CREATE_USER,SystemSettings,SUCCESS,1389
2026-02-06 12:19:40,clane,LOGOUT,InventoryReport,SUCCESS,2041
2026-02-06 22:27:02,davis,EXPORT_REPORT,UserManagement,SUCCESS,577
2026-02-06 10:32:33,davis,EXPORT_REPORT,SalesDashboard,SUCCESS,4323
2026-02-06 16:42:28,asmith,CREATE_USER,InventoryReport,SUCCESS,2999
2026-02-06 16:24:50,clane,VIEW_REPORT,SystemSettings,SUCCESS,4357
2026-02-06 11:07:03,jdoe,CREATE_USER,SystemSettings,SUCCESS,4947
2026-02-06 11:44:24,admin,VIEW_REPORT,AuditLogs,SUCCESS,2558
2026-02-06 10:33:41,jdoe,LOGOUT,InventoryReport,SUCCESS,3909
2026-02-06 14:54:06,davis,LOGIN,SystemSettings,SUCCESS,4942
2026-02-06 16:12:37,bwhite,LOGOUT,UserManagement,SUCCESS,3492
2026-02-06 08:30:48,jdoe,LOGOUT,UserManagement,SUCCESS,4314
2026-02-06 19:12:02,asmith,ADMIN_CONFIG,AuditLogs,SUCCESS,2620
2026-02-06 09:54:20,asmith,ADMIN_CONFIG,UserManagement,SUCCESS,4897
2026-02-06 12:47:17,clane,LOGOUT,SystemSettings,SUCCESS,3072
2026-02-06 14:31:27,asmith,LOGOUT,AuditLogs,SUCCESS,1219
2026-02-06 17:20:13,admin,LOGOUT,UserManagement,FAILURE,2961
2026-02-06 13:31:48,bwhite,CREATE_USER,AuditLogs,SUCCESS,2170
2026-02-06 23:55:22,davis,ADMIN_CONFIG,SystemSettings,SUCCESS,2286
2026-02-06 08:20:19,clane,ADMIN_CONFIG,SystemSettings,SUCCESS,3360
2026-02-06 12:17:35,jdoe,LOGOUT,UserManagement,SUCCESS,4850
2026-02-06 14:31:53,bwhite,LOGIN,AuditLogs,SUCCESS,3847
2026-02-06 08:08:22,davis,EXPORT_REPORT,InventoryReport,SUCCESS,2312
2026-02-06 16:30:01,clane,VIEW_REPORT,SalesDashboard,SUCCESS,59
2026-02-06 22:13:51,asmith,VIEW_REPORT,UserManagement,SUCCESS,3964
2026-02-06 05:42:15,davis,CREATE_USER,SystemSettings,SUCCESS,2009
2026-02-06 08:18:26,asmith,CREATE_USER,InventoryReport,SUCCESS,1251
2026-02-06 11:01:41,admin,DELETE_USER,SalesDashboard,SUCCESS,4417
2026-02-06 11:53:01,clane,EXPORT_REPORT,SystemSettings,SUCCESS,2759
2026-02-06 12:15:13,admin,LOGOUT,SystemSettings,SUCCESS,2522
2026-02-06 15:17:36,bwhite,DELETE_USER,SystemSettings,SUCCESS,3283
2026-02-06 11:04:58,bwhite,LOGIN,AuditLogs,SUCCESS,116
2026-02-06 08:17:24,clane,VIEW_REPORT,SystemSettings,SUCCESS,20
2026-02-06 16:32:34,asmith,VIEW_REPORT,SalesDashboard,SUCCESS,4419
2026-02-06 16:50:14,bwhite,ADMIN_CONFIG,SalesDashboard,SUCCESS,757
2026-02-06 13:19:25,davis,LOGIN,InventoryReport,SUCCESS,1627
2026-02-06 11:15:07,jdoe,DELETE_USER,SystemSettings,SUCCESS,2715
2026-02-06 09:11:50,davis,VIEW_REPORT,InventoryReport,SUCCESS,38
2026-02-06 13:20:42,admin,ADMIN_CONFIG,UserManagement,SUCCESS,3408
2026-02-06 08:22:13,jdoe,LOGOUT,SalesDashboard,SUCCESS,1187
2026-02-06 19:52:43,davis,LOGIN,SystemSettings,SUCCESS,203
2026-02-06 10:54:01,admin,ADMIN_CONFIG,AuditLogs,SUCCESS,2130
2026-02-06 10:26:23,jdoe,CREATE_USER,AuditLogs,SUCCESS,2708
2026-02-06 19:25:11,clane,EXPORT_REPORT,UserManagement,SUCCESS,1240
2026-02-06 11:27:43,admin,EXPORT_REPORT,SalesDashboard,SUCCESS,3480
2026-02-06 09:08:11,davis,LOGOUT,UserManagement,SUCCESS,2609
2026-02-06 08:29:57,jdoe,LOGOUT,InventoryReport,SUCCESS,4372
2026-02-06 15:22:58,admin,ADMIN_CONFIG,AuditLogs,SUCCESS,2949
2026-02-06 12:32:22,asmith,ADMIN_CONFIG,SalesDashboard,SUCCESS,862
2026-02-06 15:45:28,clane,EXPORT_REPORT,AuditLogs,SUCCESS,1702
2026-02-06 09:25:27,jdoe,EXPORT_REPORT,AuditLogs,SUCCESS,4579
2026-02-06 05:11:23,asmith,VIEW_REPORT,SystemSettings,SUCCESS,2390
2026-02-06 11:31:04,jdoe,ADMIN_CONFIG,InventoryReport,SUCCESS,3073
2026-02-06 10:03:25,admin,ADMIN_CONFIG,UserManagement,SUCCESS,983
2026-02-06 09:56:38,admin,LOGOUT,SalesDashboard,SUCCESS,2102
2026-02-06 11:40:42,jdoe,VIEW_REPORT,InventoryReport,SUCCESS,4862
2026-02-06 15:09:23,jdoe,CREATE_USER,UserManagement,SUCCESS,1896
2026-02-06 08:08:37,clane,CREATE_USER,SalesDashboard,SUCCESS,3702
2026-02-06 12:13:56,bwhite,DELETE_USER,SalesDashboard,SUCCESS,3255
2026-02-06 14:47:04,bwhite,LOGOUT,SalesDashboard,SUCCESS,3666
2026-02-06 14:52:55,admin,LOGOUT,UserManagement,SUCCESS,2358
2026-02-06 16:02:21,admin,VIEW_REPORT,InventoryReport,SUCCESS,320
2026-02-06 13:58:08,bwhite,LOGIN,SalesDashboard,SUCCESS,4126
2026-02-06 13:21:07,davis,LOGIN,SystemSettings,SUCCESS,4792
2026-02-06 13:06:44,admin,LOGOUT,SystemSettings,SUCCESS,4297
2026-02-06 16:15:34,jdoe,LOGIN,SystemSettings,SUCCESS,4377
2026-02-06 09:31:05,davis,VIEW_REPORT,SystemSettings,SUCCESS,4218
2026-02-06 16:25:17,davis,CREATE_USER,InventoryReport,SUCCESS,2968
2026-02-06 13:57:08,asmith,ADMIN_CONFIG,InventoryReport,SUCCESS,955
2026-02-06 19:25:29,bwhite,EXPORT_REPORT,SystemSettings,SUCCESS,1267
2026-02-06 07:05:43,asmith,EXPORT_REPORT,SalesDashboard,SUCCESS,1784
2026-02-06 13:57:58,admin,ADMIN_CONFIG,SystemSettings,SUCCESS,2920
2026-02-06 10:24:02,jdoe,EXPORT_REPORT,AuditLogs,SUCCESS,1100
2026-02-06 08:57:34,davis,ADMIN_CONFIG,SystemSettings,SUCCESS,878
2026-02-06 08:28:18,davis,ADMIN_CONFIG,InventoryReport,SUCCESS,2079
2026-02-06 10:40:46,asmith,ADMIN_CONFIG,SalesDashboard,SUCCESS,3795
2026-02-06 10:18:21,bwhite,CREATE_USER,AuditLogs,SUCCESS,3139
2026-02-06 13:38:49,clane,ADMIN_CONFIG,InventoryReport,SUCCESS,3047
2026-02-06 15:27:25,asmith,LOGIN,UserManagement,SUCCESS,557
2026-02-06 16:58:35,clane,EXPORT_REPORT,UserManagement,SUCCESS,4673
2026-02-06 11:03:09,asmith,EXPORT_REPORT,SystemSettings,SUCCESS,4972
2026-02-06 08:16:24,bwhite,DELETE_USER,AuditLogs,SUCCESS,3176
2026-02-06 11:03:09,davis,LOGOUT,AuditLogs,SUCCESS,416
2026-02-06 08:04:26,davis,LOGOUT,SalesDashboard,SUCCESS,2098
2026-02-06 15:39:04,admin,ADMIN_CONFIG,InventoryReport,FAILURE,1966
2026-02-06 12:48:38,admin,DELETE_USER,UserManagement,SUCCESS,984
2026-02-06 12:59:00,admin,LOGOUT,AuditLogs,SUCCESS,4128
2026-02-06 14:20:40,asmith,ADMIN_CONFIG,SalesDashboard,SUCCESS,3709
2026-02-06 10:51:42,admin,ADMIN_CONFIG,SalesDashboard,SUCCESS,3170
2026-02-06 12:38:40,davis,CREATE_USER,InventoryReport,SUCCESS,1196
2026-02-06 15:33:42,davis,EXPORT_REPORT,InventoryReport,SUCCESS,1656
2026-02-06 14:21:44,jdoe,LOGIN,SalesDashboard,SUCCESS,4057
2026-02-06 16:24:02,jdoe,LOGOUT,AuditLogs,SUCCESS,548
2026-02-06 14:15:07,admin,LOGIN,SalesDashboard,SUCCESS,3723
2026-02-06 08:53:57,jdoe,CREATE_USER,SystemSettings,SUCCESS,4498
2026-02-06 18:56:16,jdoe,LOGOUT,SystemSettings,SUCCESS,291
2026-02-06 14:17:48,jdoe,ADMIN_CONFIG,InventoryReport,SUCCESS,2637
2026-02-06 08:54:35,admin,EXPORT_REPORT,UserManagement,SUCCESS,806
2026-02-06 11:23:02,davis,VIEW_REPORT,SystemSettings,FAILURE,2061
2026-02-06 12:44:21,admin,CREATE_USER,SystemSettings,SUCCESS,1187
2026-02-06 09:37:49,admin,CREATE_USER,UserManagement,SUCCESS,1817
2026-02-06 15:12:49,davis,DELETE_USER,SystemSettings,SUCCESS,4315
2026-02-06 10:44:42,davis,VIEW_REPORT,InventoryReport,SUCCESS,491
2026-02-06 11:29:04,clane,VIEW_REPORT,InventoryReport,SUCCESS,879
2026-02-06 14:11:36,asmith,DELETE_USER,SystemSettings,SUCCESS,1607
2026-02-06 13:52:29,jdoe,EXPORT_REPORT,InventoryReport,SUCCESS,1438
2026-02-06 11:53:50,bwhite,EXPORT_REPORT,InventoryReport,SUCCESS,1131
2026-02-06 14:50:51,bwhite,LOGOUT,SalesDashboard,SUCCESS,3279
2026-02-06 11:22:42,asmith,EXPORT_REPORT,UserManagement,SUCCESS,2513
2026-02-06 09:10:49,clane,VIEW_REPORT,UserManagement,SUCCESS,1601
2026-02-06 16:40:12,clane,EXPORT_REPORT,UserManagement,SUCCESS,268
2026-02-06 01:14:56,jdoe,EXPORT_REPORT,AuditLogs,SUCCESS,1492
2026-02-07 19:39:22,admin,CREATE_USER,UserManagement,SUCCESS,3494
2026-02-07 11:49:16,jdoe,CREATE_USER,SalesDashboard,SUCCESS,2042
2026-02-07 01:27:23,clane,LOGIN,AuditLogs,SUCCESS,904
2026-02-07 04:08:18,bwhite,DELETE_USER,AuditLogs,SUCCESS,1749
2026-02-07 19:12:46,bwhite,DELETE_USER,AuditLogs,SUCCESS,556
2026-02-08 07:49:05,bwhite,VIEW_REPORT,AuditLogs,SUCCESS,334
2026-02-08 21:31:26,bwhite,CREATE_USER,SystemSettings,SUCCESS,698
2026-02-08 20:39:51,jdoe,LOGIN,InventoryReport,SUCCESS,176
2026-02-08 22:22:16,asmith,LOGOUT,InventoryReport,SUCCESS,1253
2026-02-08 06:24:52,clane,ADMIN_CONFIG,SalesDashboard,SUCCESS,4429
2026-02-08 00:45:30,asmith,LOGIN,InventoryReport,SUCCESS,703
2026-02-08 19:11:56,asmith,EXPORT_REPORT,SystemSettings,SUCCESS,3884
2026-02-08 00:04:05,bwhite,VIEW_REPORT,SalesDashboard,SUCCESS,2992
2026-02-08 00:47:52,davis,VIEW_REPORT,SystemSettings,SUCCESS,3165
2026-02-08 18:38:45,clane,EXPORT_REPORT,UserManagement,SUCCESS,2241
2026-02-08 18:45:29,bwhite,LOGOUT,SalesDashboard,SUCCESS,1020
2026-02-08 20:06:44,asmith,DELETE_USER,AuditLogs,SUCCESS,2177
2026-02-08 17:30:25,jdoe,LOGIN,SystemSettings,SUCCESS,2226
2026-02-09 09:43:39,bwhite,VIEW_REPORT,InventoryReport,SUCCESS,1188
2026-02-09 12:26:34,clane,VIEW_REPORT,AuditLogs,SUCCESS,2100
2026-02-09 09:34:07,bwhite,VIEW_REPORT,SalesDashboard,SUCCESS,2750
2026-02-09 08:19:23,clane,DELETE_USER,UserManagement,SUCCESS,4351
2026-02-09 10:10:23,asmith,ADMIN_CONFIG,InventoryReport,SUCCESS,840
2026-02-09 15:54:11,jdoe,VIEW_REPORT,SystemSettings,SUCCESS,3244
2026-02-09 14:55:22,asmith,CREATE_USER,InventoryReport,SUCCESS,102
2026-02-09 15:34:36,bwhite,LOGOUT,SystemSettings,SUCCESS,1130
2026-02-09 16:43:36,admin,CREATE_USER,AuditLogs,SUCCESS,4936
2026-02-09 01:37:11,clane,ADMIN_CONFIG,UserManagement,SUCCESS,3811
2026-02-09 15:35:42,admin,DELETE_USER,InventoryReport,SUCCESS,1280
2026-02-09 13:04:45,jdoe,VIEW_REPORT,SystemSettings,SUCCESS,3982
2026-02-09 15:08:52,bwhite,CREATE_USER,SalesDashboard,SUCCESS,3758
2026-02-09 14:07:59,admin,VIEW_REPORT,AuditLogs,SUCCESS,4875
2026-02-09 16:38:27,clane,EXPORT_REPORT,AuditLogs,SUCCESS,1623
2026-02-09 13:03:40,clane,DELETE_USER,SalesDashboard,SUCCESS,305
2026-02-09 13:36:16,davis,CREATE_USER,InventoryReport,SUCCESS,2539
2026-02-09 09:51:28,asmith,EXPORT_REPORT,SystemSettings,SUCCESS,1796
2026-02-09 02:17:01,clane,ADMIN_CONFIG,UserManagement,SUCCESS,4433
2026-02-09 14:03:04,asmith,LOGIN,SystemSettings,SUCCESS,3616
2026-02-09 16:00:03,clane,LOGIN,SystemSettings,SUCCESS,117
2026-02-09 09:39:11,admin,VIEW_REPORT,UserManagement,SUCCESS,2917
2026-02-09 15:23:53,clane,LOGIN,UserManagement,SUCCESS,1918
2026-02-09 15:18:24,admin,LOGOUT,InventoryReport,SUCCESS,1515
2026-02-09 06:41:31,jdoe,ADMIN_CONFIG,SalesDashboard,SUCCESS,1335
2026-02-09 08:40:47,asmith,LOGIN,InventoryReport,SUCCESS,3636
2026-02-09 10:04:03,bwhite,LOGIN,InventoryReport,SUCCESS,3486
2026-02-09 14:11:41,admin,EXPORT_REPORT,AuditLogs,SUCCESS,614
2026-02-09 15:47:23,asmith,DELETE_USER,SalesDashboard,SUCCESS,4577
2026-02-09 08:48:44,admin,ADMIN_CONFIG,UserManagement,SUCCESS,4493
2026-02-09 06:47:08,asmith,EXPORT_REPORT,SalesDashboard,SUCCESS,2720
2026-02-09 09:25:03,admin,LOGIN,InventoryReport,SUCCESS,4566
2026-02-09 15:58:09,admin,EXPORT_REPORT,SystemSettings,FAILURE,4459
2026-02-09 14:03:48,jdoe,CREATE_USER,AuditLogs,SUCCESS,1761
2026-02-09 15:03:15,admin,DELETE_USER,SalesDashboard,SUCCESS,881
2026-02-09 12:02:07,bwhite,LOGIN,UserManagement,SUCCESS,2338
2026-02-09 09:45:22,jdoe,CREATE_USER,SystemSettings,SUCCESS,1703
2026-02-09 18:56:38,admin,VIEW_REPORT,AuditLogs,FAILURE,3282
2026-02-09 11:55:05,asmith,VIEW_REPORT,UserManagement,SUCCESS,3882
2026-02-09 11:56:56,clane,CREATE_USER,SalesDashboard,SUCCESS,803
2026-02-09 16:32:23,bwhite,LOGIN,UserManagement,SUCCESS,187
2026-02-09 10:50:46,jdoe,LOGIN,AuditLogs,SUCCESS,286
2026-02-09 10:10:09,admin,EXPORT_REPORT,InventoryReport,SUCCESS,4293
2026-02-09 08:40:21,bwhite,DELETE_USER,AuditLogs,SUCCESS,4116
2026-02-09 08:35:02,davis,CREATE_USER,InventoryReport,SUCCESS,4865
2026-02-09 11:46:13,admin,LOGOUT,InventoryReport,SUCCESS,481
2026-02-09 10:16:21,clane,ADMIN_CONFIG,InventoryReport,SUCCESS,1956
2026-02-09 13:44:39,asmith,LOGOUT,UserManagement,SUCCESS,1221
2026-02-09 10:41:43,admin,ADMIN_CONFIG,SalesDashboard,SUCCESS,20
2026-02-09 14:35:39,jdoe,EXPORT_REPORT,AuditLogs,FAILURE,3848
2026-02-09 16:26:23,jdoe,CREATE_USER,SalesDashboard,SUCCESS,2066
2026-02-09 12:22:28,asmith,DELETE_USER,SalesDashboard,FAILURE,4855
2026-02-09 12:09:48,davis,EXPORT_REPORT,SystemSettings,SUCCESS,1456
2026-02-09 16:08:26,davis,CREATE_USER,AuditLogs,SUCCESS,328
2026-02-09 08:06:33,admin,LOGOUT,SystemSettings,SUCCESS,3117
2026-02-09 13:54:33,clane,LOGOUT,AuditLogs,SUCCESS,1348
2026-02-09 10:32:12,jdoe,CREATE_USER,UserManagement,SUCCESS,4315
2026-02-09 12:37:33,davis,LOGOUT,SalesDashboard,SUCCESS,4604
2026-02-09 12:05:40,admin,VIEW_REPORT,SalesDashboard,SUCCESS,2073
2026-02-09 10:32:57,bwhite,DELETE_USER,AuditLogs,SUCCESS,1675
2026-02-09 08:22:17,asmith,DELETE_USER,UserManagement,SUCCESS,1703
2026-02-09 11:49:43,asmith,VIEW_REPORT,AuditLogs,SUCCESS,2936
2026-02-09 13:48:48,davis,ADMIN_CONFIG,SystemSettings,SUCCESS,1540
2026-02-09 06:26:05,admin,ADMIN_CONFIG,SystemSettings,SUCCESS,4381
2026-02-09 16:42:36,asmith,CREATE_USER,UserManagement,SUCCESS,4458
2026-02-09 14:40:58,davis,VIEW_REPORT,SalesDashboard,SUCCESS,2391
2026-02-09 05:14:11,jdoe,CREATE_USER,SalesDashboard,SUCCESS,4833
2026-02-09 10:13:06,asmith,DELETE_USER,InventoryReport,SUCCESS,4282
2026-02-09 08:09:30,admin,DELETE_USER,InventoryReport,SUCCESS,71
2026-02-09 09:30:13,davis,LOGIN,UserManagement,SUCCESS,4543
2026-02-09 08:54:55,bwhite,ADMIN_CONFIG,UserManagement,SUCCESS,2783
2026-02-09 13:38:42,jdoe,DELETE_USER,UserManagement,SUCCESS,3774
2026-02-09 11:34:37,asmith,LOGOUT,SystemSettings,SUCCESS,2025
2026-02-09 15:04:34,clane,DELETE_USER,UserManagement,FAILURE,2440
2026-02-09 14:18:56,admin,VIEW_REPORT,SalesDashboard,SUCCESS,902
2026-02-09 01:03:05,asmith,ADMIN_CONFIG,AuditLogs,SUCCESS,644
2026-02-09 09:42:34,clane,ADMIN_CONFIG,UserManagement,SUCCESS,3664
2026-02-09 08:21:26,davis,EXPORT_REPORT,UserManagement,SUCCESS,4034
2026-02-09 08:53:34,jdoe,EXPORT_REPORT,SalesDashboard,SUCCESS,3127
2026-02-09 00:26:25,clane,LOGIN,SalesDashboard,SUCCESS,1397
2026-02-09 14:16:58,asmith,LOGIN,SalesDashboard,FAILURE,2213
2026-02-09 11:39:38,clane,LOGIN,SalesDashboard,SUCCESS,3350
2026-02-09 15:21:14,admin,CREATE_USER,SalesDashboard,SUCCESS,2074
2026-02-09 15:52:35,jdoe,EXPORT_REPORT,InventoryReport,SUCCESS,3987
2026-02-09 16:31:56,davis,ADMIN_CONFIG,SystemSettings,SUCCESS,599
2026-02-09 09:45:04,davis,ADMIN_CONFIG,UserManagement,SUCCESS,4344
2026-02-09 16:40:04,clane,DELETE_USER,InventoryReport,SUCCESS,976
2026-02-09 15:09:33,clane,LOGIN,InventoryReport,SUCCESS,4906
2026-02-09 16:42:58,davis,EXPORT_REPORT,SalesDashboard,SUCCESS,1769
2026-02-09 16:05:50,bwhite,LOGOUT,InventoryReport,SUCCESS,15
2026-02-09 13:44:14,admin,LOGIN,SystemSettings,SUCCESS,1465
2026-02-09 11:38:12,jdoe,EXPORT_REPORT,AuditLogs,SUCCESS,4064
2026-02-09 14:45:08,davis,LOGIN,AuditLogs,SUCCESS,2963
2026-02-09 12:22:29,jdoe,DELETE_USER,SalesDashboard,SUCCESS,4169
2026-02-09 14:43:01,davis,LOGOUT,InventoryReport,SUCCESS,1224
2026-02-09 10:53:48,clane,ADMIN_CONFIG,SalesDashboard,SUCCESS,2268
2026-02-09 10:42:27,clane,CREATE_USER,SystemSettings,SUCCESS,2473
2026-02-09 10:45:35,admin,VIEW_REPORT,SalesDashboard,SUCCESS,1404
2026-02-09 12:23:22,davis,DELETE_USER,InventoryReport,SUCCESS,2315
2026-02-09 14:00:59,asmith,EXPORT_REPORT,InventoryReport,SUCCESS,4714
2026-02-09 15:00:14,admin,EXPORT_REPORT,AuditLogs,SUCCESS,4147
2026-02-09 12:24:41,clane,DELETE_USER,AuditLogs,SUCCESS,128
2026-02-09 13:17:34,davis,ADMIN_CONFIG,SystemSettings,SUCCESS,3476
2026-02-09 08:44:15,clane,EXPORT_REPORT,SystemSettings,SUCCESS,168
2026-02-09 15:51:17,davis,VIEW_REPORT,UserManagement,SUCCESS,3548
2026-02-09 11:06:22,admin,LOGOUT,SalesDashboard,SUCCESS,2188
2026-02-09 14:16:46,admin,EXPORT_REPORT,InventoryReport,SUCCESS,2832
2026-02-09 10:14:40,clane,LOGIN,SystemSettings,SUCCESS,591
2026-02-09 01:30:11,asmith,VIEW_REPORT,SystemSettings,FAILURE,3246
2026-02-09 16:33:25,admin,VIEW_REPORT,UserManagement,SUCCESS,596
2026-02-09 12:05:44,asmith,EXPORT_REPORT,SalesDashboard,SUCCESS,73
2026-02-09 15:23:32,admin,LOGIN,AuditLogs,SUCCESS,4921
2026-02-09 10:59:42,davis,LOGIN,UserManagement,SUCCESS,2895
2026-02-09 14:50:54,asmith,CREATE_USER,AuditLogs,SUCCESS,4165
2026-02-09 13:42:22,clane,EXPORT_REPORT,InventoryReport,SUCCESS,1775
2026-02-09 14:12:32,clane,LOGOUT,InventoryReport,SUCCESS,322
2026-02-09 16:06:51,asmith,EXPORT_REPORT,SystemSettings,SUCCESS,2532
2026-02-09 15:49:13,davis,LOGIN,UserManagement,SUCCESS,1894
2026-02-09 10:15:44,davis,DELETE_USER,SystemSettings,SUCCESS,2203
2026-02-09 03:02:44,davis,LOGOUT,InventoryReport,SUCCESS,4772
2026-02-09 20:50:38,jdoe,DELETE_USER,AuditLogs,SUCCESS,1986
2026-02-09 10:34:27,bwhite,EXPORT_REPORT,SalesDashboard,SUCCESS,2992
2026-02-09 08:52:21,davis,CREATE_USER,AuditLogs,SUCCESS,1483
2026-02-09 22:06:55,admin,DELETE_USER,InventoryReport,SUCCESS,4514
2026-02-09 16:30:18,jdoe,CREATE_USER,SystemSettings,SUCCESS,1356
2026-02-09 17:34:58,asmith,ADMIN_CONFIG,UserManagement,SUCCESS,720
2026-02-09 09:12:07,bwhite,CREATE_USER,SalesDashboard,SUCCESS,742
2026-02-09 12:22:15,admin,LOGIN,SystemSettings,SUCCESS,4312
2026-02-09 12:27:08,admin,EXPORT_REPORT,SystemSettings,SUCCESS,3481
2026-02-09 10:13:59,admin,LOGIN,UserManagement,SUCCESS,3846
2026-02-09 15:26:32,davis,DELETE_USER,AuditLogs,SUCCESS,748
2026-02-09 09:41:18,jdoe,EXPORT_REPORT,InventoryReport,FAILURE,1704
2026-02-09 14:39:43,clane,DELETE_USER,AuditLogs,SUCCESS,1707
2026-02-09 12:21:25,bwhite,DELETE_USER,InventoryReport,SUCCESS,2094
2026-02-09 16:27:43,asmith,ADMIN_CONFIG,UserManagement,SUCCESS,765
2026-02-09 12:47:36,davis,VIEW_REPORT,InventoryReport,SUCCESS,4531
2026-02-09 15:40:09,davis,EXPORT_REPORT,UserManagement,SUCCESS,3753
2026-02-09 08:49:35,jdoe,EXPORT_REPORT,SystemSettings,SUCCESS,1404
2026-02-09 09:30:07,admin,VIEW_REPORT,InventoryReport,SUCCESS,2306
2026-02-09 12:11:26,jdoe,EXPORT_REPORT,InventoryReport,SUCCESS,2938
2026-02-09 15:05:20,admin,EXPORT_REPORT,SystemSettings,SUCCESS,4729
2026-02-09 22:36:30,bwhite,CREATE_USER,SystemSettings,SUCCESS,1341
2026-02-09 08:08:32,clane,LOGOUT,UserManagement,SUCCESS,3315
2026-02-09 12:00:18,bwhite,DELETE_USER,InventoryReport,SUCCESS,4186
2026-02-10 02:01:47,clane,DELETE_USER,UserManagement,SUCCESS,3851
2026-02-10 12:50:26,davis,DELETE_USER,AuditLogs,SUCCESS,4286
2026-02-10 15:48:23,bwhite,CREATE_USER,SalesDashboard,SUCCESS,579
2026-02-10 09:03:12,jdoe,DELETE_USER,UserManagement,SUCCESS,2425
2026-02-10 12:34:02,asmith,DELETE_USER,AuditLogs,SUCCESS,1594
2026-02-10 14:16:35,jdoe,DELETE_USER,UserManagement,SUCCESS,3833
2026-02-10 05:55:52,bwhite,LOGOUT,InventoryReport,SUCCESS,4573
2026-02-10 15:46:50,admin,DELETE_USER,SystemSettings,SUCCESS,3104
2026-02-10 08:58:58,bwhite,ADMIN_CONFIG,UserManagement,SUCCESS,2856
2026-02-10 16:33:03,admin,ADMIN_CONFIG,UserManagement,SUCCESS,941
2026-02-10 18:36:25,davis,CREATE_USER,UserManagement,SUCCESS,1870
2026-02-10 14:38:22,admin,LOGIN,SystemSettings,SUCCESS,1928
2026-02-10 13:33:35,davis,DELETE_USER,InventoryReport,SUCCESS,3644
2026-02-10 08:44:04,davis,DELETE_USER,SystemSettings,SUCCESS,2700
2026-02-10 12:16:56,jdoe,VIEW_REPORT,UserManagement,SUCCESS,3354
2026-02-10 11:46:42,admin,DELETE_USER,UserManagement,SUCCESS,2740
2026-02-10 09:35:09,bwhite,ADMIN_CONFIG,SalesDashboard,SUCCESS,597
2026-02-10 11:45:46,bwhite,DELETE_USER,SalesDashboard,SUCCESS,4672
2026-02-10 11:12:29,asmith,CREATE_USER,SalesDashboard,SUCCESS,311
2026-02-10 09:06:05,bwhite,EXPORT_REPORT,InventoryReport,SUCCESS,3263
2026-02-10 15:23:31,davis,VIEW_REPORT,UserManagement,SUCCESS,4467
2026-02-10 16:56:19,admin,LOGIN,InventoryReport,SUCCESS,3449
2026-02-10 16:34:41,admin,LOGIN,AuditLogs,FAILURE,4368
2026-02-10 02:08:09,bwhite,LOGOUT,UserManagement,SUCCESS,2619
2026-02-10 09:25:24,bwhite,CREATE_USER,SalesDashboard,SUCCESS,1515
2026-02-10 16:18:09,jdoe,LOGIN,AuditLogs,SUCCESS,2741
2026-02-10 08:34:02,jdoe,VIEW_REPORT,AuditLogs,SUCCESS,1171
2026-02-10 15:28:06,jdoe,CREATE_USER,UserManagement,SUCCESS,4037
2026-02-10 23:20:14,jdoe,CREATE_USER,UserManagement,SUCCESS,1574
2026-02-10 08:02:42,asmith,DELETE_USER,SystemSettings,SUCCESS,3340
2026-02-10 11:02:28,clane,LOGIN,UserManagement,SUCCESS,3185
2026-02-10 16:46:34,jdoe,LOGOUT,InventoryReport,FAILURE,2158
2026-02-10 13:05:46,asmith,LOGIN,AuditLogs,SUCCESS,588
2026-02-10 12:49:51,bwhite,CREATE_USER,SalesDashboard,SUCCESS,3420
2026-02-10 12:08:37,clane,LOGOUT,SystemSettings,SUCCESS,3840
2026-02-10 07:33:41,jdoe,DELETE_USER,UserManagement,SUCCESS,3311
2026-02-10 08:10:48,admin,LOGOUT,UserManagement,SUCCESS,1799
2026-02-10 22:58:47,clane,LOGOUT,UserManagement,SUCCESS,4929
2026-02-10 11:26:52,admin,CREATE_USER,AuditLogs,SUCCESS,874
2026-02-10 12:42:38,admin,DELETE_USER,AuditLogs,SUCCESS,975
2026-02-10 15:52:48,jdoe,CREATE_USER,UserManagement,SUCCESS,246
2026-02-10 12:50:47,asmith,LOGIN,SalesDashboard,SUCCESS,4758
2026-02-10 11:20:12,admin,ADMIN_CONFIG,SystemSettings,SUCCESS,3275
2026-02-10 21:12:52,admin,ADMIN_CONFIG,AuditLogs,SUCCESS,2848
2026-02-10 14:49:30,clane,LOGOUT,InventoryReport,SUCCESS,1748
2026-02-10 09:01:52,asmith,CREATE_USER,AuditLogs,SUCCESS,3529
2026-02-10 09:33:15,clane,LOGOUT,UserManagement,SUCCESS,204
2026-02-10 10:10:00,admin,ADMIN_CONFIG,AuditLogs,SUCCESS,4551
2026-02-10 09:25:58,clane,ADMIN_CONFIG,UserManagement,SUCCESS,3110
2026-02-10 16:18:15,asmith,ADMIN_CONFIG,SalesDashboard,SUCCESS,3599
2026-02-10 11:24:36,davis,EXPORT_REPORT,InventoryReport,SUCCESS,333
2026-02-10 15:29:11,bwhite,ADMIN_CONFIG,InventoryReport,SUCCESS,1978
2026-02-10 07:24:53,asmith,VIEW_REPORT,SystemSettings,SUCCESS,3211
2026-02-10 15:29:29,clane,CREATE_USER,AuditLogs,SUCCESS,4096
2026-02-10 15:42:01,bwhite,DELETE_USER,SalesDashboard,SUCCESS,3238
2026-02-10 13:01:13,clane,DELETE_USER,SystemSettings,SUCCESS,4999
2026-02-10 09:58:10,davis,EXPORT_REPORT,InventoryReport,SUCCESS,4266
2026-02-10 00:26:59,bwhite,VIEW_REPORT,AuditLogs,SUCCESS,629
2026-02-10 15:57:08,jdoe,VIEW_REPORT,SalesDashboard,SUCCESS,2232
2026-02-10 12:38:40,asmith,VIEW_REPORT,SystemSettings,SUCCESS,786
2026-02-10 10:33:48,clane,CREATE_USER,SystemSettings,SUCCESS,4054
2026-02-10 02:33:53,admin,CREATE_USER,SystemSettings,SUCCESS,1882
2026-02-10 12:35:26,admin,LOGOUT,AuditLogs,SUCCESS,2838
2026-02-10 10:01:42,bwhite,EXPORT_REPORT,SalesDashboard,SUCCESS,933
2026-02-10 15:40:32,asmith,DELETE_USER,SalesDashboard,SUCCESS,2555
2026-02-10 12:37:37,davis,EXPORT_REPORT,SalesDashboard,SUCCESS,267
2026-02-10 13:54:16,jdoe,EXPORT_REPORT,SalesDashboard,SUCCESS,3048
2026-02-10 12:42:50,admin,LOGOUT,InventoryReport,SUCCESS,2421
2026-02-10 16:15:49,davis,LOGIN,InventoryReport,SUCCESS,3651
2026-02-10 09:51:29,davis,VIEW_REPORT,AuditLogs,SUCCESS,1227
2026-02-10 09:26:44,davis,EXPORT_REPORT,SalesDashboard,SUCCESS,3864
2026-02-10 09:33:31,clane,ADMIN_CONFIG,InventoryReport,SUCCESS,873
2026-02-10 14:40:57,admin,EXPORT_REPORT,SalesDashboard,SUCCESS,1766
2026-02-10 13:10:30,clane,LOGOUT,InventoryReport,SUCCESS,2174
2026-02-10 13:59:20,bwhite,ADMIN_CONFIG,SystemSettings,SUCCESS,4816
2026-02-10 09:40:56,jdoe,CREATE_USER,SalesDashboard,SUCCESS,4685
2026-02-10 09:24:12,davis,ADMIN_CONFIG,InventoryReport,SUCCESS,545
2026-02-10 13:42:44,asmith,ADMIN_CONFIG,AuditLogs,SUCCESS,1962
2026-02-10 12:23:25,admin,CREATE_USER,SalesDashboard,SUCCESS,2951
2026-02-10 08:18:05,admin,EXPORT_REPORT,SalesDashboard,SUCCESS,3105
2026-02-10 09:13:58,bwhite,CREATE_USER,SystemSettings,SUCCESS,4066
2026-02-10 15:24:15,clane,LOGIN,InventoryReport,SUCCESS,564
2026-02-10 10:32:45,admin,LOGIN,InventoryReport,SUCCESS,2315
2026-02-10 13:39:21,clane,LOGIN,UserManagement,SUCCESS,3604
2026-02-10 16:28:56,asmith,DELETE_USER,InventoryReport,SUCCESS,2512
2026-02-10 08:20:24,asmith,VIEW_REPORT,AuditLogs,SUCCESS,4324
2026-02-10 08:16:27,bwhite,CREATE_USER,AuditLogs,SUCCESS,2604
2026-02-10 10:29:55,davis,CREATE_USER,SystemSettings,SUCCESS,3313
2026-02-10 14:55:25,asmith,CREATE_USER,UserManagement,SUCCESS,378
2026-02-10 12:54:24,clane,LOGOUT,UserManagement,SUCCESS,4886
2026-02-10 12:49:38,admin,ADMIN_CONFIG,AuditLogs,SUCCESS,2634
2026-02-10 11:56:55,asmith,VIEW_REPORT,UserManagement,SUCCESS,1738
2026-02-10 12:14:42,admin,LOGOUT,UserManagement,SUCCESS,914
2026-02-10 08:39:15,clane,DELETE_USER,UserManagement,SUCCESS,262
2026-02-10 23:50:06,clane,DELETE_USER,UserManagement,SUCCESS,579
2026-02-10 11:21:27,clane,LOGIN,SystemSettings,SUCCESS,3374
2026-02-10 16:20:00,davis,VIEW_REPORT,AuditLogs,SUCCESS,1297
2026-02-10 11:15:11,jdoe,DELETE_USER,SalesDashboard,SUCCESS,3110
2026-02-10 08:32:35,asmith,LOGIN,AuditLogs,SUCCESS,4480
2026-02-10 14:39:20,davis,DELETE_USER,AuditLogs,SUCCESS,4703
2026-02-10 16:52:42,asmith,ADMIN_CONFIG,AuditLogs,SUCCESS,98
2026-02-10 09:22:24,asmith,LOGIN,SystemSettings,SUCCESS,944
2026-02-10 16:02:20,bwhite,CREATE_USER,SystemSettings,SUCCESS,108
2026-02-10 10:59:14,jdoe,ADMIN_CONFIG,SalesDashboard,SUCCESS,449
2026-02-10 12:16:46,clane,ADMIN_CONFIG,SalesDashboard,SUCCESS,3324
2026-02-10 11:54:46,bwhite,CREATE_USER,AuditLogs,SUCCESS,1713
2026-02-10 08:56:43,jdoe,CREATE_USER,SalesDashboard,SUCCESS,25
2026-02-10 16:49:32,admin,LOGOUT,InventoryReport,SUCCESS,656
2026-02-10 08:55:42,asmith,VIEW_REPORT,UserManagement,SUCCESS,2637
2026-02-10 09:18:02,bwhite,EXPORT_REPORT,UserManagement,SUCCESS,919
2026-02-11 16:33:58,davis,LOGIN,AuditLogs,SUCCESS,3073
2026-02-11 08:28:18,asmith,VIEW_REPORT,InventoryReport,SUCCESS,4908
2026-02-11 12:16:44,bwhite,LOGIN,AuditLogs,SUCCESS,909
2026-02-11 08:23:33,asmith,ADMIN_CONFIG,InventoryReport,SUCCESS,480
2026-02-11 13:04:28,jdoe,LOGOUT,UserManagement,SUCCESS,1459
2026-02-11 08:42:50,jdoe,DELETE_USER,SalesDashboard,SUCCESS,4513
2026-02-11 09:28:04,bwhite,CREATE_USER,InventoryReport,SUCCESS,3196
2026-02-11 19:09:28,asmith,LOGIN,UserManagement,SUCCESS,2927
2026-02-11 07:40:15,asmith,CREATE_USER,InventoryReport,SUCCESS,3134
2026-02-11 15:50:52,jdoe,EXPORT_REPORT,SystemSettings,SUCCESS,1371
2026-02-11 08:52:00,jdoe,VIEW_REPORT,InventoryReport,SUCCESS,1580
2026-02-11 13:12:28,bwhite,DELETE_USER,AuditLogs,SUCCESS,4090
2026-02-11 15:10:17,bwhite,EXPORT_REPORT,SalesDashboard,SUCCESS,2087
2026-02-11 11:22:22,asmith,CREATE_USER,SalesDashboard,SUCCESS,2799
2026-02-11 19:58:38,admin,ADMIN_CONFIG,InventoryReport,SUCCESS,3447
2026-02-11 14:32:29,admin,DELETE_USER,InventoryReport,SUCCESS,4355
2026-02-11 16:17:28,asmith,CREATE_USER,SalesDashboard,SUCCESS,1370
2026-02-11 15:26:24,jdoe,LOGIN,AuditLogs,SUCCESS,1378
2026-02-11 10:37:21,admin,DELETE_USER,AuditLogs,SUCCESS,1155
2026-02-11 12:14:58,clane,ADMIN_CONFIG,InventoryReport,SUCCESS,267
2026-02-11 21:43:51,davis,ADMIN_CONFIG,SalesDashboard,SUCCESS,1444
2026-02-11 10:51:59,admin,CREATE_USER,UserManagement,SUCCESS,1491
2026-02-11 14:54:53,clane,CREATE_USER,SystemSettings,SUCCESS,4546
2026-02-11 03:19:48,clane,LOGOUT,InventoryReport,SUCCESS,1622
2026-02-11 09:33:45,davis,EXPORT_REPORT,UserManagement,SUCCESS,3492
2026-02-11 08:24:21,jdoe,LOGOUT,SystemSettings,SUCCESS,2416
2026-02-11 08:43:03,jdoe,ADMIN_CONFIG,SystemSettings,SUCCESS,3225
2026-02-11 10:53:31,asmith,LOGOUT,AuditLogs,SUCCESS,4745
2026-02-11 14:39:24,bwhite,LOGIN,InventoryReport,SUCCESS,3653
2026-02-11 15:26:39,davis,ADMIN_CONFIG,AuditLogs,SUCCESS,2840
2026-02-11 16:20:29,asmith,CREATE_USER,InventoryReport,SUCCESS,3299
2026-02-11 10:10:32,davis,VIEW_REPORT,UserManagement,SUCCESS,113
2026-02-11 08:12:07,jdoe,LOGOUT,AuditLogs,SUCCESS,4931
2026-02-11 15:39:40,asmith,LOGIN,AuditLogs,SUCCESS,1762
2026-02-11 13:23:49,admin,EXPORT_REPORT,UserManagement,SUCCESS,1978
2026-02-11 10:07:48,admin,ADMIN_CONFIG,SalesDashboard,SUCCESS,2266
2026-02-11 13:23:59,asmith,VIEW_REPORT,SystemSettings,SUCCESS,540
2026-02-11 14:54:01,asmith,DELETE_USER,InventoryReport,SUCCESS,3875
2026-02-11 16:27:41,clane,VIEW_REPORT,UserManagement,SUCCESS,225
2026-02-11 20:58:12,asmith,VIEW_REPORT,AuditLogs,SUCCESS,4241
2026-02-11 10:45:25,clane,CREATE_USER,UserManagement,SUCCESS,3525
2026-02-11 09:56:01,davis,DELETE_USER,UserManagement,SUCCESS,4682
2026-02-11 14:48:51,bwhite,LOGOUT,SalesDashboard,SUCCESS,4806
2026-02-11 14:46:08,clane,LOGOUT,SystemSettings,SUCCESS,4916
2026-02-11 13:43:34,clane,ADMIN_CONFIG,SystemSettings,SUCCESS,457
2026-02-11 16:38:23,clane,LOGOUT,InventoryReport,SUCCESS,889
2026-02-11 13:50:36,admin,ADMIN_CONFIG,AuditLogs,SUCCESS,4950
2026-02-11 08:57:08,asmith,EXPORT_REPORT,InventoryReport,SUCCESS,4333
2026-02-11 23:09:29,clane,LOGIN,AuditLogs,SUCCESS,4644
2026-02-11 08:42:32,clane,LOGIN,UserManagement,SUCCESS,3977
2026-02-11 11:15:34,clane,DELETE_USER,SystemSettings,SUCCESS,528
2026-02-11 09:06:28,davis,LOGOUT,SystemSettings,SUCCESS,4025
2026-02-11 13:37:30,clane,CREATE_USER,SalesDashboard,FAILURE,4207
2026-02-11 10:07:16,asmith,ADMIN_CONFIG,InventoryReport,SUCCESS,2907
2026-02-11 12:48:23,davis,LOGOUT,AuditLogs,SUCCESS,2938
2026-02-11 15:55:12,jdoe,LOGOUT,InventoryReport,FAILURE,1066
2026-02-11 10:45:32,admin,LOGOUT,SalesDashboard,SUCCESS,4080
2026-02-11 08:44:42,asmith,CREATE_USER,SalesDashboard,SUCCESS,2486
2026-02-11 13:10:54,davis,LOGIN,SalesDashboard,FAILURE,2095
2026-02-11 10:41:18,asmith,ADMIN_CONFIG,AuditLogs,SUCCESS,2313
2026-02-11 10:05:54,admin,VIEW_REPORT,SystemSettings,FAILURE,1708
2026-02-11 13:14:12,jdoe,EXPORT_REPORT,AuditLogs,SUCCESS,2579
2026-02-11 12:21:48,asmith,CREATE_USER,SalesDashboard,SUCCESS,4777
2026-02-11 09:09:05,bwhite,CREATE_USER,AuditLogs,SUCCESS,2853
2026-02-11 13:10:39,clane,LOGOUT,AuditLogs,SUCCESS,1904
2026-02-11 15:20:29,clane,VIEW_REPORT,UserManagement,SUCCESS,3803
2026-02-11 16:29:37,bwhite,LOGOUT,UserManagement,SUCCESS,3584
2026-02-11 15:00:37,davis,ADMIN_CONFIG,SalesDashboard,SUCCESS,4263
2026-02-11 13:30:23,davis,CREATE_USER,UserManagement,SUCCESS,1676
2026-02-11 04:27:49,asmith,LOGIN,SystemSettings,SUCCESS,3434
2026-02-11 13:46:08,jdoe,DELETE_USER,SalesDashboard,FAILURE,1933
2026-02-11 02:52:29,davis,VIEW_REPORT,SystemSettings,SUCCESS,4973
2026-02-11 10:23:14,clane,LOGIN,AuditLogs,SUCCESS,1787
2026-02-11 09:49:43,bwhite,ADMIN_CONFIG,UserManagement,SUCCESS,2491
2026-02-11 16:24:27,jdoe,LOGIN,UserManagement,SUCCESS,3717
2026-02-11 15:30:44,davis,VIEW_REPORT,InventoryReport,SUCCESS,1534
2026-02-11 08:41:42,jdoe,LOGIN,SalesDashboard,SUCCESS,3084
2026-02-11 15:06:58,jdoe,DELETE_USER,AuditLogs,SUCCESS,1728
2026-02-11 03:14:15,jdoe,ADMIN_CONFIG,AuditLogs,SUCCESS,3029
2026-02-11 09:40:06,clane,LOGOUT,AuditLogs,SUCCESS,2412
2026-02-11 15:49:03,clane,DELETE_USER,InventoryReport,SUCCESS,110
2026-02-11 08:39:20,clane,VIEW_REPORT,SalesDashboard,SUCCESS,1277
2026-02-11 16:22:42,davis,EXPORT_REPORT,InventoryReport,SUCCESS,2987
2026-02-11 12:55:33,bwhite,CREATE_USER,AuditLogs,SUCCESS,3067
2026-02-11 10:24:14,jdoe,ADMIN_CONFIG,SystemSettings,SUCCESS,4988
2026-02-11 10:02:45,davis,VIEW_REPORT,UserManagement,SUCCESS,4543
2026-02-11 03:34:22,asmith,ADMIN_CONFIG,UserManagement,SUCCESS,2497
2026-02-11 08:12:26,davis,ADMIN_CONFIG,SystemSettings,SUCCESS,3322
2026-02-11 16:53:32,asmith,EXPORT_REPORT,AuditLogs,SUCCESS,4111
2026-02-11 12:46:24,admin,ADMIN_CONFIG,SalesDashboard,SUCCESS,2956
2026-02-11 06:59:47,jdoe,LOGIN,InventoryReport,SUCCESS,1966
2026-02-11 09:38:21,admin,LOGOUT,SystemSettings,SUCCESS,3066
2026-02-11 14:38:21,asmith,EXPORT_REPORT,UserManagement,SUCCESS,3674
2026-02-11 21:44:19,bwhite,CREATE_USER,InventoryReport,SUCCESS,1096
2026-02-11 09:51:53,davis,VIEW_REPORT,SystemSettings,SUCCESS,4165
2026-02-11 13:00:55,asmith,ADMIN_CONFIG,SystemSettings,SUCCESS,3205
2026-02-11 12:06:09,davis,LOGOUT,SystemSettings,SUCCESS,4407
2026-02-11 14:45:59,asmith,LOGIN,SalesDashboard,SUCCESS,3244
2026-02-11 14:54:09,admin,VIEW_REPORT,SalesDashboard,SUCCESS,172
2026-02-11 14:29:25,jdoe,CREATE_USER,AuditLogs,SUCCESS,4154
2026-02-11 02:16:59,clane,VIEW_REPORT,AuditLogs,SUCCESS,1899
2026-02-11 14:12:25,bwhite,LOGIN,InventoryReport,SUCCESS,394
2026-02-11 12:34:57,bwhite,CREATE_USER,SalesDashboard,SUCCESS,3836
2026-02-11 23:44:09,davis,EXPORT_REPORT,InventoryReport,SUCCESS,4505
2026-02-11 13:17:33,davis,VIEW_REPORT,SystemSettings,SUCCESS,4697
2026-02-11 08:35:18,asmith,EXPORT_REPORT,AuditLogs,SUCCESS,2023
2026-02-11 11:30:18,davis,VIEW_REPORT,AuditLogs,SUCCESS,2065
2026-02-11 16:52:59,admin,ADMIN_CONFIG,SalesDashboard,SUCCESS,4230
2026-02-11 11:43:23,clane,LOGOUT,UserManagement,SUCCESS,851
2026-02-11 13:42:54,asmith,LOGIN,AuditLogs,SUCCESS,432
2026-02-11 12:22:56,asmith,DELETE_USER,AuditLogs,SUCCESS,3155
2026-02-11 09:15:02,clane,CREATE_USER,SystemSettings,SUCCESS,1282
2026-02-11 15:32:44,asmith,CREATE_USER,SalesDashboard,SUCCESS,727
2026-02-11 16:22:05,clane,LOGOUT,SystemSettings,SUCCESS,1834
2026-02-11 13:43:08,asmith,VIEW_REPORT,AuditLogs,SUCCESS,2461
2026-02-11 11:20:49,jdoe,DELETE_USER,AuditLogs,SUCCESS,666
2026-02-11 10:19:08,jdoe,DELETE_USER,InventoryReport,SUCCESS,2054
2026-02-11 10:21:43,bwhite,ADMIN_CONFIG,AuditLogs,SUCCESS,114
2026-02-11 03:50:16,davis,LOGIN,SalesDashboard,SUCCESS,1236
2026-02-11 16:02:47,admin,LOGIN,SystemSettings,SUCCESS,3447
2026-02-11 11:08:00,jdoe,LOGIN,SalesDashboard,SUCCESS,117
2026-02-11 15:10:15,jdoe,EXPORT_REPORT,InventoryReport,SUCCESS,4922
2026-02-11 15:39:29,clane,DELETE_USER,SalesDashboard,SUCCESS,989
2026-02-11 13:32:33,bwhite,DELETE_USER,SalesDashboard,SUCCESS,458
2026-02-11 12:28:37,jdoe,VIEW_REPORT,SystemSettings,SUCCESS,2198
2026-02-11 11:26:44,clane,CREATE_USER,SalesDashboard,SUCCESS,4937
2026-02-11 15:59:29,bwhite,LOGIN,SystemSettings,SUCCESS,118
2026-02-11 12:36:53,davis,LOGIN,UserManagement,SUCCESS,2138
2026-02-11 10:49:44,jdoe,EXPORT_REPORT,SystemSettings,SUCCESS,4050
2026-02-11 13:00:19,bwhite,DELETE_USER,UserManagement,SUCCESS,4248
2026-02-11 04:22:59,davis,EXPORT_REPORT,SalesDashboard,SUCCESS,4077
2026-02-12 11:33:58,clane,ADMIN_CONFIG,InventoryReport,SUCCESS,4824
2026-02-12 10:54:43,bwhite,LOGOUT,UserManagement,FAILURE,1551
2026-02-12 09:28:03,clane,LOGOUT,UserManagement,SUCCESS,4942
2026-02-12 08:23:55,jdoe,VIEW_REPORT,UserManagement,SUCCESS,1775
2026-02-12 15:57:11,bwhite,ADMIN_CONFIG,AuditLogs,SUCCESS,1422
2026-02-12 08:26:22,davis,LOGIN,AuditLogs,SUCCESS,1162
2026-02-12 08:52:18,admin,LOGIN,UserManagement,SUCCESS,3935
2026-02-12 13:58:07,davis,LOGOUT,UserManagement,SUCCESS,2260
2026-02-12 13:33:56,jdoe,LOGIN,SalesDashboard,SUCCESS,2165
2026-02-12 13:07:18,davis,VIEW_REPORT,SystemSettings,SUCCESS,3618
2026-02-12 15:51:31,asmith,CREATE_USER,SalesDashboard,SUCCESS,673
2026-02-12 12:13:04,admin,DELETE_USER,SalesDashboard,FAILURE,143
2026-02-12 16:31:40,clane,LOGIN,SalesDashboard,SUCCESS,3727
2026-02-12 14:33:49,bwhite,DELETE_USER,InventoryReport,SUCCESS,1182
2026-02-12 13:40:18,admin,DELETE_USER,SystemSettings,SUCCESS,3146
2026-02-12 00:05:46,bwhite,EXPORT_REPORT,SalesDashboard,SUCCESS,4949
2026-02-12 09:33:50,asmith,LOGOUT,UserManagement,SUCCESS,834
2026-02-12 16:59:49,admin,DELETE_USER,AuditLogs,SUCCESS,4644
2026-02-12 16:06:31,admin,LOGIN,UserManagement,SUCCESS,302
2026-02-12 11:30:14,bwhite,EXPORT_REPORT,SystemSettings,SUCCESS,2043
2026-02-12 15:18:58,davis,ADMIN_CONFIG,SystemSettings,SUCCESS,4205
2026-02-12 15:50:05,davis,LOGOUT,SystemSettings,SUCCESS,4950
2026-02-12 15:07:10,bwhite,LOGIN,InventoryReport,SUCCESS,184
2026-02-12 11:28:21,bwhite,VIEW_REPORT,SystemSettings,SUCCESS,951
2026-02-12 12:04:41,jdoe,DELETE_USER,InventoryReport,SUCCESS,665
2026-02-12 22:43:32,bwhite,LOGIN,SystemSettings,SUCCESS,4206
2026-02-12 15:08:12,admin,LOGIN,InventoryReport,SUCCESS,4769
2026-02-12 14:32:06,clane,ADMIN_CONFIG,UserManagement,SUCCESS,139
2026-02-12 11:04:27,clane,EXPORT_REPORT,InventoryReport,SUCCESS,1773
2026-02-12 11:44:16,davis,ADMIN_CONFIG,InventoryReport,SUCCESS,2128
2026-02-12 15:57:50,admin,CREATE_USER,InventoryReport,SUCCESS,2185
2026-02-12 08:39:32,jdoe,VIEW_REPORT,AuditLogs,SUCCESS,3350
2026-02-12 15:15:57,clane,LOGIN,UserManagement,SUCCESS,2087
2026-02-12 16:04:33,admin,LOGIN,SalesDashboard,SUCCESS,50
2026-02-12 12:02:18,admin,CREATE_USER,AuditLogs,SUCCESS,4074
2026-02-12 12:43:57,clane,DELETE_USER,SystemSettings,SUCCESS,3022
2026-02-12 12:08:51,clane,CREATE_USER,UserManagement,SUCCESS,3805
2026-02-12 21:28:03,jdoe,VIEW_REPORT,SalesDashboard,SUCCESS,2319
2026-02-12 08:56:54,asmith,EXPORT_REPORT,AuditLogs,SUCCESS,1796
2026-02-12 21:54:02,asmith,LOGIN,AuditLogs,SUCCESS,1071
2026-02-12 15:48:49,admin,VIEW_REPORT,SalesDashboard,SUCCESS,4108
2026-02-12 09:22:08,bwhite,LOGIN,UserManagement,SUCCESS,3731
2026-02-12 10:58:56,clane,LOGIN,AuditLogs,SUCCESS,3917
2026-02-12 08:23:00,jdoe,LOGOUT,InventoryReport,SUCCESS,2774
2026-02-12 01:02:04,clane,ADMIN_CONFIG,SalesDashboard,SUCCESS,185
2026-02-12 14:40:42,clane,EXPORT_REPORT,InventoryReport,SUCCESS,4818
2026-02-12 15:47:52,jdoe,LOGOUT,SystemSettings,SUCCESS,4557
2026-02-12 10:03:54,admin,LOGIN,SystemSettings,FAILURE,4041
2026-02-12 15:16:18,jdoe,LOGOUT,SalesDashboard,SUCCESS,4278
2026-02-12 13:34:35,davis,CREATE_USER,SalesDashboard,SUCCESS,93
2026-02-12 06:35:37,jdoe,DELETE_USER,SystemSettings,SUCCESS,318
2026-02-12 13:26:02,bwhite,DELETE_USER,InventoryReport,SUCCESS,4442
2026-02-12 09:38:30,bwhite,ADMIN_CONFIG,SalesDashboard,SUCCESS,4171
2026-02-12 08:19:28,admin,VIEW_REPORT,SalesDashboard,SUCCESS,1437
2026-02-12 14:42:54,davis,VIEW_REPORT,SalesDashboard,SUCCESS,4223
2026-02-12 18:43:18,clane,VIEW_REPORT,UserManagement,SUCCESS,3528
2026-02-12 12:34:52,asmith,CREATE_USER,AuditLogs,SUCCESS,2169
2026-02-12 14:52:41,davis,ADMIN_CONFIG,InventoryReport,SUCCESS,4761
2026-02-12 10:48:52,clane,LOGOUT,AuditLogs,FAILURE,3141
2026-02-12 10:17:17,asmith,LOGIN,AuditLogs,SUCCESS,2297
2026-02-12 08:17:20,asmith,EXPORT_REPORT,AuditLogs,SUCCESS,317
2026-02-12 14:29:28,bwhite,LOGOUT,AuditLogs,SUCCESS,3434
2026-02-12 13:04:11,asmith,VIEW_REPORT,UserManagement,SUCCESS,3069
2026-02-12 16:16:44,davis,EXPORT_REPORT,SystemSettings,SUCCESS,2582
2026-02-12 14:30:22,bwhite,EXPORT_REPORT,InventoryReport,FAILURE,3722
2026-02-12 16:47:54,davis,LOGIN,AuditLogs,SUCCESS,807
2026-02-12 14:25:17,admin,LOGIN,SalesDashboard,SUCCESS,1598
2026-02-12 08:52:41,asmith,LOGOUT,SystemSettings,SUCCESS,335
2026-02-12 16:39:08,admin,CREATE_USER,UserManagement,SUCCESS,3653
2026-02-12 09:39:45,bwhite,DELETE_USER,InventoryReport,SUCCESS,4752
2026-02-12 10:54:04,admin,LOGIN,AuditLogs,SUCCESS,1346
2026-02-12 08:53:22,clane,VIEW_REPORT,SystemSettings,SUCCESS,3715
2026-02-12 08:11:54,davis,DELETE_USER,UserManagement,SUCCESS,3097
2026-02-12 10:14:59,davis,CREATE_USER,InventoryReport,SUCCESS,4947
2026-02-12 13:15:14,asmith,ADMIN_CONFIG,SalesDashboard,SUCCESS,4017
2026-02-12 16:52:28,jdoe,EXPORT_REPORT,SalesDashboard,SUCCESS,4886
2026-02-12 09:03:50,davis,VIEW_REPORT,AuditLogs,SUCCESS,3382
2026-02-12 00:31:41,davis,CREATE_USER,SalesDashboard,SUCCESS,2881
2026-02-12 11:21:36,asmith,ADMIN_CONFIG,AuditLogs,SUCCESS,1485
2026-02-12 16:23:42,asmith,VIEW_REPORT,AuditLogs,SUCCESS,875
2026-02-12 01:07:12,clane,LOGIN,InventoryReport,SUCCESS,3110
2026-02-12 01:13:06,clane,LOGOUT,SalesDashboard,SUCCESS,586
2026-02-12 14:37:26,bwhite,ADMIN_CONFIG,SalesDashboard,SUCCESS,96
2026-02-12 14:57:19,davis,LOGOUT,UserManagement,SUCCESS,944
2026-02-12 11:12:32,jdoe,ADMIN_CONFIG,AuditLogs,SUCCESS,2871
2026-02-12 10:57:10,bwhite,LOGOUT,SystemSettings,SUCCESS,80
2026-02-12 04:39:07,jdoe,LOGOUT,AuditLogs,SUCCESS,4072
2026-02-12 12:52:53,bwhite,EXPORT_REPORT,AuditLogs,SUCCESS,4058
2026-02-12 10:26:34,davis,VIEW_REPORT,SystemSettings,SUCCESS,4640
2026-02-12 10:04:17,davis,ADMIN_CONFIG,AuditLogs,SUCCESS,4040
2026-02-12 12:40:04,admin,CREATE_USER,SalesDashboard,SUCCESS,4926
2026-02-12 15:14:09,clane,EXPORT_REPORT,SystemSettings,SUCCESS,2617
2026-02-12 03:36:30,bwhite,VIEW_REPORT,InventoryReport,SUCCESS,4792
2026-02-12 08:48:43,admin,VIEW_REPORT,SalesDashboard,SUCCESS,2913
2026-02-12 00:52:35,davis,ADMIN_CONFIG,InventoryReport,SUCCESS,3311
2026-02-12 10:31:20,davis,CREATE_USER,AuditLogs,SUCCESS,3528
2026-02-12 20:54:21,davis,DELETE_USER,UserManagement,SUCCESS,3086
2026-02-12 10:16:18,clane,VIEW_REPORT,InventoryReport,SUCCESS,1298
2026-02-12 14:07:13,clane,EXPORT_REPORT,InventoryReport,SUCCESS,4653
2026-02-12 15:56:48,jdoe,LOGOUT,UserManagement,SUCCESS,1491
2026-02-12 13:46:51,jdoe,DELETE_USER,UserManagement,SUCCESS,4847
2026-02-12 16:37:25,asmith,VIEW_REPORT,UserManagement,SUCCESS,3393
2026-02-12 09:06:00,bwhite,CREATE_USER,SalesDashboard,SUCCESS,3870
2026-02-12 08:29:29,clane,CREATE_USER,SalesDashboard,SUCCESS,492
2026-02-12 16:27:29,davis,LOGOUT,AuditLogs,SUCCESS,1237
2026-02-12 10:05:21,admin,DELETE_USER,InventoryReport,SUCCESS,1163
2026-02-12 03:11:53,bwhite,EXPORT_REPORT,SystemSettings,SUCCESS,2656
2026-02-12 10:41:55,jdoe,VIEW_REPORT,AuditLogs,SUCCESS,2357
2026-02-12 18:02:30,clane,VIEW_REPORT,InventoryReport,SUCCESS,2223
2026-02-12 15:20:03,admin,ADMIN_CONFIG,SystemSettings,SUCCESS,3092
2026-02-12 08:14:30,davis,VIEW_REPORT,UserManagement,SUCCESS,4808
2026-02-12 10:02:12,jdoe,DELETE_USER,SystemSettings,FAILURE,2982
2026-02-12 14:17:28,jdoe,LOGIN,AuditLogs,SUCCESS,2415
2026-02-12 08:15:09,asmith,CREATE_USER,InventoryReport,SUCCESS,1754
2026-02-12 13:33:29,bwhite,ADMIN_CONFIG,UserManagement,SUCCESS,800
2026-02-12 12:40:39,admin,VIEW_REPORT,UserManagement,SUCCESS,3672
2026-02-12 08:19:09,admin,CREATE_USER,SystemSettings,SUCCESS,4952
2026-02-12 10:31:30,bwhite,ADMIN_CONFIG,InventoryReport,SUCCESS,2710
2026-02-12 10:38:22,asmith,DELETE_USER,InventoryReport,SUCCESS,134
2026-02-12 11:14:27,jdoe,CREATE_USER,AuditLogs,SUCCESS,3438
2026-02-12 09:37:38,clane,DELETE_USER,SalesDashboard,SUCCESS,1729
2026-02-12 12:09:23,asmith,LOGOUT,InventoryReport,SUCCESS,1845
2026-02-12 14:49:46,davis,DELETE_USER,AuditLogs,SUCCESS,4545
2026-02-12 08:03:11,asmith,VIEW_REPORT,InventoryReport,SUCCESS,4189
2026-02-12 09:21:56,clane,LOGOUT,AuditLogs,SUCCESS,2984
2026-02-12 14:44:18,asmith,DELETE_USER,SalesDashboard,SUCCESS,1364
2026-02-12 13:01:34,admin,LOGIN,SalesDashboard,SUCCESS,4480
2026-02-12 11:37:21,bwhite,ADMIN_CONFIG,InventoryReport,SUCCESS,4314
2026-02-12 08:27:05,asmith,ADMIN_CONFIG,AuditLogs,SUCCESS,34
2026-02-12 12:11:02,admin,LOGOUT,UserManagement,SUCCESS,2497
2026-02-12 12:09:13,jdoe,LOGIN,UserManagement,SUCCESS,2835
2026-02-12 16:08:02,davis,EXPORT_REPORT,UserManagement,SUCCESS,4567
2026-02-12 09:57:21,admin,LOGOUT,SalesDashboard,SUCCESS,3349
2026-02-12 13:38:13,admin,LOGIN,SystemSettings,SUCCESS,3561
2026-02-13 12:55:41,bwhite,LOGIN,SystemSettings,SUCCESS,4911
2026-02-13 13:05:16,admin,EXPORT_REPORT,UserManagement,SUCCESS,4422
2026-02-13 14:40:14,davis,LOGIN,InventoryReport,SUCCESS,3628
2026-02-13 11:07:58,asmith,EXPORT_REPORT,SystemSettings,SUCCESS,223
2026-02-13 12:45:03,clane,CREATE_USER,InventoryReport,SUCCESS,4209
2026-02-13 14:07:45,davis,LOGIN,InventoryReport,SUCCESS,4511
2026-02-13 14:23:04,jdoe,CREATE_USER,SalesDashboard,SUCCESS,4342
2026-02-13 15:34:12,davis,ADMIN_CONFIG,InventoryReport,SUCCESS,4132
2026-02-13 11:04:00,davis,EXPORT_REPORT,InventoryReport,SUCCESS,2525
2026-02-13 09:24:30,davis,EXPORT_REPORT,AuditLogs,SUCCESS,3867
2026-02-13 08:51:36,asmith,ADMIN_CONFIG,SystemSettings,SUCCESS,1862
2026-02-13 11:34:14,davis,VIEW_REPORT,SystemSettings,SUCCESS,176
2026-02-13 15:37:07,admin,VIEW_REPORT,SalesDashboard,SUCCESS,1618
2026-02-13 10:18:31,davis,LOGIN,SystemSettings,SUCCESS,1448
2026-02-13 14:15:39,bwhite,LOGOUT,InventoryReport,SUCCESS,3304
2026-02-13 12:19:11,jdoe,EXPORT_REPORT,InventoryReport,SUCCESS,3623
2026-02-13 08:12:55,clane,VIEW_REPORT,AuditLogs,SUCCESS,2831
2026-02-13 06:59:43,bwhite,VIEW_REPORT,InventoryReport,SUCCESS,4117
2026-02-13 12:31:51,bwhite,CREATE_USER,UserManagement,SUCCESS,3614
2026-02-13 11:30:04,asmith,EXPORT_REPORT,SystemSettings,SUCCESS,352
2026-02-13 10:25:23,clane,EXPORT_REPORT,SalesDashboard,SUCCESS,4608
2026-02-13 10:10:47,davis,VIEW_REPORT,SystemSettings,SUCCESS,3514
2026-02-13 12:14:18,davis,ADMIN_CONFIG,SalesDashboard,SUCCESS,4933
2026-02-13 12:56:05,jdoe,LOGIN,InventoryReport,SUCCESS,2375
2026-02-13 15:02:37,asmith,LOGOUT,AuditLogs,SUCCESS,1908
2026-02-13 00:49:53,jdoe,LOGIN,UserManagement,SUCCESS,25
2026-02-13 14:41:28,jdoe,VIEW_REPORT,UserManagement,SUCCESS,555
2026-02-13 11:36:07,admin,DELETE_USER,SystemSettings,SUCCESS,1585
2026-02-13 14:48:09,jdoe,LOGOUT,UserManagement,SUCCESS,3363
2026-02-13 10:14:47,clane,ADMIN_CONFIG,InventoryReport,SUCCESS,2105
2026-02-13 13:37:55,clane,CREATE_USER,SalesDashboard,FAILURE,4045
2026-02-13 16:16:39,clane,ADMIN_CONFIG,UserManagement,SUCCESS,4170
2026-02-13 15:40:05,asmith,LOGOUT,UserManagement,SUCCESS,2591
2026-02-13 13:03:37,davis,CREATE_USER,InventoryReport,SUCCESS,3568
2026-02-13 14:51:40,admin,CREATE_USER,AuditLogs,SUCCESS,3557
2026-02-13 16:46:01,clane,ADMIN_CONFIG,InventoryReport,SUCCESS,3305
2026-02-13 08:05:06,davis,CREATE_USER,SystemSettings,SUCCESS,3244
2026-02-13 11:33:36,clane,LOGIN,SalesDashboard,FAILURE,2855
2026-02-13 09:56:39,jdoe,ADMIN_CONFIG,SystemSettings,SUCCESS,818
2026-02-13 17:06:03,admin,LOGIN,UserManagement,SUCCESS,1414
2026-02-13 15:27:01,clane,DELETE_USER,UserManagement,SUCCESS,2484
2026-02-13 02:22:32,asmith,EXPORT_REPORT,InventoryReport,SUCCESS,3890
2026-02-13 08:23:07,clane,CREATE_USER,SystemSettings,SUCCESS,2973
2026-02-13 15:46:53,admin,VIEW_REPORT,InventoryReport,SUCCESS,768
2026-02-13 13:17:51,clane,VIEW_REPORT,SystemSettings,SUCCESS,485
2026-02-13 08:56:59,clane,LOGIN,AuditLogs,SUCCESS,3489
2026-02-13 10:18:31,asmith,EXPORT_REPORT,UserManagement,SUCCESS,236
2026-02-13 11:22:19,clane,LOGOUT,SalesDashboard,SUCCESS,1871
2026-02-13 11:22:34,davis,LOGOUT,InventoryReport,SUCCESS,4784
2026-02-13 08:12:39,jdoe,LOGOUT,SystemSettings,SUCCESS,4071
2026-02-13 09:51:59,asmith,LOGOUT,SalesDashboard,SUCCESS,1679
2026-02-13 08:30:39,clane,LOGIN,UserManagement,SUCCESS,4273
2026-02-14 22:25:48,davis,LOGIN,SystemSettings,SUCCESS,4909
2026-02-14 10:34:19,clane,ADMIN_CONFIG,SystemSettings,SUCCESS,3945
2026-02-14 01:56:17,asmith,DELETE_USER,AuditLogs,SUCCESS,363
2026-02-14 14:13:29,davis,ADMIN_CONFIG,AuditLogs,SUCCESS,971
2026-02-14 23:51:42,clane,DELETE_USER,AuditLogs,SUCCESS,1244
2026-02-14 19:12:11,clane,EXPORT_REPORT,SalesDashboard,SUCCESS,1549
2026-02-14 11:41:05,davis,LOGIN,InventoryReport,SUCCESS,3408
2026-02-14 13:21:23,asmith,ADMIN_CONFIG,UserManagement,SUCCESS,1962
2026-02-14 03:49:51,clane,LOGIN,SalesDashboard,SUCCESS,3416
2026-02-14 10:46:43,asmith,CREATE_USER,AuditLogs,SUCCESS,3832
2026-02-14 02:19:11,asmith,LOGOUT,SystemSettings,SUCCESS,2947
2026-02-14 01:35:34,jdoe,CREATE_USER,UserManagement,SUCCESS,2232
2026-02-14 17:49:17,bwhite,VIEW_REPORT,UserManagement,SUCCESS,1755
2026-02-14 00:05:41,davis,DELETE_USER,UserManagement,SUCCESS,3613
2026-02-15 06:18:14,admin,CREATE_USER,SalesDashboard,SUCCESS,3661
2026-02-15 01:28:41,jdoe,EXPORT_REPORT,UserManagement,SUCCESS,2118
2026-02-15 13:07:25,clane,DELETE_USER,InventoryReport,SUCCESS,2329
2026-02-15 14:27:47,asmith,EXPORT_REPORT,SystemSettings,SUCCESS,3707
2026-02-15 03:54:23,jdoe,EXPORT_REPORT,InventoryReport,SUCCESS,3072
2026-02-15 00:19:54,admin,ADMIN_CONFIG,InventoryReport,SUCCESS,1087
2026-02-15 22:48:36,asmith,LOGIN,UserManagement,SUCCESS,4005
2026-02-15 23:21:05,davis,DELETE_USER,SystemSettings,SUCCESS,1016
2026-02-15 19:01:45,bwhite,LOGOUT,UserManagement,SUCCESS,813
2026-02-15 02:16:04,asmith,ADMIN_CONFIG,AuditLogs,SUCCESS,3582
2026-02-15 06:14:02,jdoe,ADMIN_CONFIG,AuditLogs,SUCCESS,3744
2026-02-15 16:37:43,asmith,DELETE_USER,InventoryReport,SUCCESS,4762
2026-02-15 09:08:01,admin,EXPORT_REPORT,InventoryReport,SUCCESS,1358
2026-02-16 08:50:48,bwhite,DELETE_USER,AuditLogs,SUCCESS,1909
2026-02-16 13:10:55,admin,DELETE_USER,UserManagement,SUCCESS,2604
2026-02-16 14:00:49,bwhite,LOGOUT,SystemSettings,SUCCESS,3710
2026-02-16 16:23:42,asmith,LOGOUT,InventoryReport,SUCCESS,2603
2026-02-16 16:18:07,bwhite,LOGOUT,SystemSettings,SUCCESS,2503
2026-02-16 08:57:50,davis,LOGIN,SystemSettings,SUCCESS,1555
2026-02-16 10:39:27,bwhite,LOGOUT,AuditLogs,SUCCESS,589
2026-02-16 16:06:23,admin,LOGIN,AuditLogs,SUCCESS,4062
2026-02-16 08:25:48,asmith,DELETE_USER,SystemSettings,SUCCESS,4851
2026-02-16 11:19:59,asmith,CREATE_USER,AuditLogs,SUCCESS,3402
2026-02-16 15:37:48,jdoe,EXPORT_REPORT,InventoryReport,SUCCESS,783
2026-02-16 09:17:43,asmith,LOGIN,SystemSettings,SUCCESS,3788
2026-02-16 11:21:10,clane,LOGIN,SystemSettings,SUCCESS,2362
2026-02-16 09:55:51,asmith,LOGIN,SalesDashboard,SUCCESS,594
2026-02-16 08:09:34,asmith,LOGOUT,SalesDashboard,SUCCESS,334
2026-02-16 12:11:04,jdoe,DELETE_USER,UserManagement,SUCCESS,4488
2026-02-16 08:28:43,bwhite,LOGIN,UserManagement,FAILURE,4116
2026-02-16 15:33:32,bwhite,VIEW_REPORT,InventoryReport,SUCCESS,2061
2026-02-16 21:09:05,jdoe,LOGOUT,SystemSettings,SUCCESS,3331
2026-02-16 14:14:18,asmith,DELETE_USER,AuditLogs,SUCCESS,3944
2026-02-16 08:32:36,admin,DELETE_USER,InventoryReport,SUCCESS,2162
2026-02-16 08:39:23,davis,LOGIN,InventoryReport,SUCCESS,2534
2026-02-16 10:05:39,asmith,DELETE_USER,SalesDashboard,SUCCESS,4762
2026-02-16 14:13:53,bwhite,ADMIN_CONFIG,SystemSettings,SUCCESS,3723
2026-02-16 09:00:12,bwhite,EXPORT_REPORT,SalesDashboard,SUCCESS,264
2026-02-16 14:28:52,clane,DELETE_USER,InventoryReport,SUCCESS,3473
2026-02-16 15:09:52,admin,DELETE_USER,SalesDashboard,SUCCESS,3955
2026-02-16 15:29:14,clane,LOGIN,InventoryReport,SUCCESS,1814
2026-02-16 16:59:45,bwhite,ADMIN_CONFIG,InventoryReport,SUCCESS,3012
2026-02-16 12:14:22,jdoe,ADMIN_CONFIG,SystemSettings,SUCCESS,1634
2026-02-16 12:23:15,clane,LOGOUT,SystemSettings,SUCCESS,754
2026-02-16 13:33:09,clane,CREATE_USER,UserManagement,SUCCESS,4405
2026-02-16 16:29:10,davis,DELETE_USER,UserManagement,SUCCESS,4725
2026-02-16 06:06:54,jdoe,LOGIN,SalesDashboard,SUCCESS,1734
2026-02-16 14:58:35,clane,LOGOUT,SystemSettings,SUCCESS,4251
2026-02-16 10:02:30,admin,LOGOUT,InventoryReport,SUCCESS,4997
2026-02-16 05:58:53,jdoe,ADMIN_CONFIG,InventoryReport,SUCCESS,2300
2026-02-16 14:46:46,davis,CREATE_USER,InventoryReport,SUCCESS,530
2026-02-16 08:21:55,bwhite,LOGIN,UserManagement,SUCCESS,3226
2026-02-16 11:26:52,admin,EXPORT_REPORT,SystemSettings,SUCCESS,4920
2026-02-16 14:56:36,davis,LOGIN,InventoryReport,SUCCESS,1153
2026-02-16 10:29:18,clane,LOGOUT,AuditLogs,SUCCESS,1860
2026-02-16 10:48:32,asmith,LOGIN,UserManagement,SUCCESS,1416
2026-02-16 11:45:31,bwhite,LOGOUT,InventoryReport,SUCCESS,2586
2026-02-16 03:42:59,bwhite,ADMIN_CONFIG,InventoryReport,SUCCESS,125
2026-02-16 10:34:51,asmith,LOGIN,AuditLogs,SUCCESS,4458
2026-02-16 13:31:17,bwhite,EXPORT_REPORT,AuditLogs,SUCCESS,3301
2026-02-16 16:40:04,asmith,LOGIN,AuditLogs,SUCCESS,1548
2026-02-16 13:30:20,bwhite,EXPORT_REPORT,InventoryReport,SUCCESS,569
2026-02-16 14:59:32,clane,VIEW_REPORT,UserManagement,SUCCESS,3845
2026-02-16 06:03:49,jdoe,ADMIN_CONFIG,UserManagement,SUCCESS,4102
2026-02-16 08:44:20,davis,LOGOUT,InventoryReport,SUCCESS,2793
2026-02-16 10:04:36,clane,ADMIN_CONFIG,AuditLogs,SUCCESS,2881
2026-02-16 12:32:22,asmith,LOGOUT,AuditLogs,SUCCESS,2912
2026-02-16 16:14:33,clane,CREATE_USER,InventoryReport,SUCCESS,3204
2026-02-16 16:13:38,bwhite,CREATE_USER,SystemSettings,SUCCESS,821
2026-02-16 11:40:56,bwhite,VIEW_REPORT,SalesDashboard,SUCCESS,1302
2026-02-16 14:35:45,admin,ADMIN_CONFIG,UserManagement,SUCCESS,3692
2026-02-16 11:51:17,bwhite,DELETE_USER,SalesDashboard,SUCCESS,3626
2026-02-16 12:02:42,admin,DELETE_USER,SystemSettings,SUCCESS,3613
2026-02-16 10:34:15,davis,ADMIN_CONFIG,UserManagement,SUCCESS,3564
2026-02-16 08:16:17,clane,LOGIN,AuditLogs,SUCCESS,2391
2026-02-16 16:12:11,jdoe,LOGIN,AuditLogs,SUCCESS,3523
2026-02-16 09:11:58,jdoe,ADMIN_CONFIG,SystemSettings,SUCCESS,4772
2026-02-16 08:22:43,clane,LOGOUT,InventoryReport,SUCCESS,2687
2026-02-16 14:49:57,bwhite,LOGOUT,AuditLogs,SUCCESS,1989
2026-02-16 09:29:49,clane,LOGOUT,SalesDashboard,FAILURE,3451
2026-02-16 09:40:45,admin,ADMIN_CONFIG,AuditLogs,SUCCESS,1693
2026-02-16 08:21:48,davis,DELETE_USER,UserManagement,SUCCESS,2576
2026-02-16 11:55:39,jdoe,VIEW_REPORT,AuditLogs,SUCCESS,2429
2026-02-16 13:51:46,jdoe,LOGIN,UserManagement,SUCCESS,1872
2026-02-16 09:46:09,admin,DELETE_USER,UserManagement,SUCCESS,1914
2026-02-16 14:23:48,admin,ADMIN_CONFIG,AuditLogs,SUCCESS,3006
2026-02-16 08:25:50,clane,EXPORT_REPORT,SalesDashboard,SUCCESS,3924
2026-02-16 11:29:35,jdoe,DELETE_USER,InventoryReport,SUCCESS,4330
2026-02-16 10:56:50,davis,EXPORT_REPORT,SalesDashboard,SUCCESS,4940
2026-02-16 14:31:25,bwhite,ADMIN_CONFIG,AuditLogs,FAILURE,4939
2026-02-16 13:18:26,admin,ADMIN_CONFIG,AuditLogs,SUCCESS,1042
2026-02-16 16:06:05,jdoe,LOGIN,SalesDashboard,SUCCESS,4039
2026-02-16 09:19:59,jdoe,ADMIN_CONFIG,SystemSettings,SUCCESS,2106
2026-02-16 10:11:00,bwhite,VIEW_REPORT,AuditLogs,SUCCESS,1164
2026-02-16 12:05:45,asmith,ADMIN_CONFIG,SalesDashboard,SUCCESS,3506
2026-02-16 15:52:13,admin,LOGIN,SalesDashboard,SUCCESS,4665
2026-02-16 11:38:34,bwhite,LOGIN,SystemSettings,SUCCESS,215
2026-02-16 16:28:38,asmith,VIEW_REPORT,SalesDashboard,SUCCESS,3396
2026-02-16 10:38:36,asmith,DELETE_USER,SystemSettings,SUCCESS,1473
2026-02-16 11:21:22,asmith,CREATE_USER,SystemSettings,SUCCESS,3017
2026-02-16 12:04:52,bwhite,CREATE_USER,UserManagement,SUCCESS,406
2026-02-16 11:03:35,clane,CREATE_USER,SalesDashboard,SUCCESS,4698
2026-02-16 16:01:01,jdoe,LOGIN,SalesDashboard,SUCCESS,2198
2026-02-16 08:30:32,clane,LOGIN,AuditLogs,SUCCESS,165
2026-02-16 15:45:14,clane,DELETE_USER,InventoryReport,SUCCESS,405
2026-02-16 11:44:40,jdoe,ADMIN_CONFIG,SalesDashboard,SUCCESS,627
2026-02-16 04:13:22,clane,DELETE_USER,AuditLogs,SUCCESS,4989
2026-02-16 16:52:33,admin,LOGOUT,SystemSettings,SUCCESS,86
2026-02-16 16:04:45,jdoe,DELETE_USER,UserManagement,SUCCESS,2331
2026-02-16 10:57:37,jdoe,ADMIN_CONFIG,SalesDashboard,SUCCESS,4045
2026-02-16 16:10:29,clane,VIEW_REPORT,InventoryReport,SUCCESS,2050
2026-02-16 15:29:24,clane,LOGOUT,AuditLogs,SUCCESS,879
2026-02-16 09:48:01,admin,ADMIN_CONFIG,InventoryReport,SUCCESS,2710
2026-02-16 05:40:05,davis,LOGIN,AuditLogs,SUCCESS,4982
2026-02-16 14:12:37,clane,DELETE_USER,InventoryReport,SUCCESS,3252
2026-02-16 15:27:14,bwhite,EXPORT_REPORT,SalesDashboard,SUCCESS,3854
2026-02-16 12:28:03,admin,ADMIN_CONFIG,UserManagement,SUCCESS,4079
2026-02-16 22:05:48,jdoe,EXPORT_REPORT,InventoryReport,SUCCESS,3062
2026-02-16 10:36:02,davis,EXPORT_REPORT,UserManagement,SUCCESS,81
2026-02-16 10:32:10,bwhite,ADMIN_CONFIG,SalesDashboard,SUCCESS,4823
2026-02-16 15:29:16,davis,ADMIN_CONFIG,AuditLogs,SUCCESS,4101
2026-02-16 01:24:27,jdoe,CREATE_USER,AuditLogs,SUCCESS,1346
2026-02-16 11:56:38,bwhite,VIEW_REPORT,SystemSettings,SUCCESS,3121
2026-02-16 16:21:14,bwhite,VIEW_REPORT,InventoryReport,SUCCESS,3955
2026-02-16 11:15:11,jdoe,LOGIN,SystemSettings,SUCCESS,2968
2026-02-16 11:03:13,davis,EXPORT_REPORT,InventoryReport,SUCCESS,747
2026-02-16 08:36:55,asmith,VIEW_REPORT,InventoryReport,SUCCESS,443
2026-02-16 10:45:36,bwhite,DELETE_USER,UserManagement,SUCCESS,2356
2026-02-16 11:30:27,davis,VIEW_REPORT,UserManagement,SUCCESS,1991
2026-02-16 10:24:52,jdoe,ADMIN_CONFIG,SalesDashboard,SUCCESS,112
2026-02-16 12:14:11,asmith,CREATE_USER,AuditLogs,SUCCESS,657
2026-02-16 23:19:02,jdoe,CREATE_USER,AuditLogs,SUCCESS,1754
2026-02-16 15:33:16,admin,LOGOUT,SystemSettings,SUCCESS,4065
2026-02-16 12:17:29,davis,VIEW_REPORT,SalesDashboard,SUCCESS,4134
2026-02-16 13:51:48,clane,VIEW_REPORT,InventoryReport,SUCCESS,1574
2026-02-16 15:25:30,admin,ADMIN_CONFIG,SystemSettings,SUCCESS,1345
2026-02-16 13:53:38,clane,CREATE_USER,UserManagement,SUCCESS,1639
2026-02-16 09:55:35,davis,EXPORT_REPORT,SalesDashboard,SUCCESS,3031
2026-02-16 22:42:23,bwhite,LOGOUT,SalesDashboard,SUCCESS,4770
2026-02-16 09:08:52,davis,CREATE_USER,SystemSettings,SUCCESS,3674
2026-02-16 10:36:50,asmith,ADMIN_CONFIG,UserManagement,SUCCESS,3229
2026-02-16 13:58:10,clane,EXPORT_REPORT,AuditLogs,SUCCESS,1430
2026-02-16 03:18:40,asmith,LOGOUT,UserManagement,SUCCESS,4000
2026-02-16 12:18:36,davis,VIEW_REPORT,InventoryReport,SUCCESS,1866
2026-02-16 11:48:31,jdoe,VIEW_REPORT,UserManagement,SUCCESS,411
2026-02-17 12:56:53,davis,VIEW_REPORT,InventoryReport,SUCCESS,2209
2026-02-17 09:52:42,davis,EXPORT_REPORT,AuditLogs,SUCCESS,1974
2026-02-17 12:00:50,admin,EXPORT_REPORT,SalesDashboard,SUCCESS,4530
2026-02-17 16:09:32,bwhite,CREATE_USER,SalesDashboard,SUCCESS,1493
2026-02-17 11:30:49,admin,VIEW_REPORT,SalesDashboard,SUCCESS,2972
2026-02-17 09:43:42,jdoe,LOGOUT,AuditLogs,SUCCESS,3776
2026-02-17 11:48:03,jdoe,DELETE_USER,UserManagement,SUCCESS,3977
2026-02-17 16:43:53,admin,LOGIN,AuditLogs,SUCCESS,2027
2026-02-17 10:55:23,jdoe,DELETE_USER,AuditLogs,SUCCESS,2767
2026-02-17 16:08:55,clane,DELETE_USER,UserManagement,SUCCESS,1611
2026-02-17 12:06:51,jdoe,CREATE_USER,UserManagement,SUCCESS,2088
2026-02-17 08:33:50,jdoe,EXPORT_REPORT,SystemSettings,SUCCESS,4991
2026-02-17 13:13:24,davis,CREATE_USER,InventoryReport,SUCCESS,2553
2026-02-17 14:01:36,davis,LOGOUT,UserManagement,SUCCESS,569
2026-02-17 09:13:28,admin,CREATE_USER,SalesDashboard,SUCCESS,4154
2026-02-17 14:10:58,asmith,LOGIN,AuditLogs,SUCCESS,1226
2026-02-17 11:30:54,jdoe,CREATE_USER,SalesDashboard,SUCCESS,1968
2026-02-17 12:49:53,admin,DELETE_USER,UserManagement,SUCCESS,802
2026-02-17 13:08:21,asmith,LOGOUT,SalesDashboard,SUCCESS,2454
2026-02-17 10:51:05,davis,CREATE_USER,AuditLogs,SUCCESS,4408
2026-02-17 16:21:33,clane,DELETE_USER,SystemSettings,SUCCESS,3983
2026-02-17 08:51:04,admin,DELETE_USER,SalesDashboard,SUCCESS,578
2026-02-17 11:25:07,jdoe,LOGOUT,InventoryReport,SUCCESS,2971
2026-02-17 09:17:12,admin,DELETE_USER,SalesDashboard,SUCCESS,4146
2026-02-17 13:01:19,davis,ADMIN_CONFIG,SystemSettings,SUCCESS,964
2026-02-17 09:12:10,clane,DELETE_USER,UserManagement,SUCCESS,1637
2026-02-17 08:47:44,bwhite,LOGIN,InventoryReport,SUCCESS,3389
2026-02-17 10:07:17,admin,EXPORT_REPORT,AuditLogs,SUCCESS,4525
2026-02-17 06:30:05,davis,LOGOUT,UserManagement,SUCCESS,224
2026-02-17 15:43:53,bwhite,ADMIN_CONFIG,SystemSettings,SUCCESS,1182
2026-02-17 13:41:12,asmith,LOGOUT,SystemSettings,SUCCESS,3478
2026-02-17 22:53:54,asmith,LOGIN,SystemSettings,SUCCESS,4063
2026-02-17 11:59:17,admin,CREATE_USER,SalesDashboard,SUCCESS,2835
2026-02-17 15:44:41,bwhite,LOGIN,InventoryReport,SUCCESS,4928
2026-02-17 02:08:56,jdoe,LOGOUT,InventoryReport,SUCCESS,4619
2026-02-17 00:11:15,asmith,CREATE_USER,SalesDashboard,SUCCESS,1493
2026-02-17 13:25:09,clane,CREATE_USER,SystemSettings,SUCCESS,2986
2026-02-17 14:29:48,admin,DELETE_USER,AuditLogs,SUCCESS,1151
2026-02-17 15:18:29,davis,VIEW_REPORT,AuditLogs,SUCCESS,4663
2026-02-17 12:33:47,davis,CREATE_USER,SalesDashboard,SUCCESS,2904
2026-02-17 09:35:01,bwhite,ADMIN_CONFIG,SalesDashboard,SUCCESS,2185
2026-02-17 12:28:46,jdoe,ADMIN_CONFIG,SystemSettings,SUCCESS,3327
2026-02-17 16:08:39,jdoe,LOGIN,UserManagement,SUCCESS,2885
2026-02-17 12:35:15,jdoe,CREATE_USER,InventoryReport,SUCCESS,4853
2026-02-17 13:55:38,clane,LOGOUT,AuditLogs,SUCCESS,4403
2026-02-17 11:32:44,asmith,DELETE_USER,SalesDashboard,SUCCESS,378
2026-02-17 16:32:48,asmith,EXPORT_REPORT,SystemSettings,SUCCESS,4132
2026-02-17 16:03:18,jdoe,VIEW_REPORT,AuditLogs,SUCCESS,1628
2026-02-17 08:07:46,bwhite,CREATE_USER,SalesDashboard,SUCCESS,3890
2026-02-17 11:11:26,jdoe,LOGOUT,SystemSettings,SUCCESS,1775
2026-02-17 10:23:55,bwhite,CREATE_USER,UserManagement,SUCCESS,3374
2026-02-17 09:11:56,jdoe,EXPORT_REPORT,InventoryReport,SUCCESS,4485
2026-02-17 14:46:58,jdoe,EXPORT_REPORT,AuditLogs,SUCCESS,1132
2026-02-17 13:10:54,asmith,EXPORT_REPORT,AuditLogs,SUCCESS,2285
2026-02-17 11:33:46,davis,VIEW_REPORT,SystemSettings,SUCCESS,2539
2026-02-17 10:47:27,bwhite,DELETE_USER,AuditLogs,FAILURE,2615
2026-02-17 15:50:03,jdoe,CREATE_USER,SalesDashboard,SUCCESS,4145
2026-02-17 12:48:38,jdoe,EXPORT_REPORT,SalesDashboard,SUCCESS,2295
2026-02-17 15:25:53,asmith,ADMIN_CONFIG,UserManagement,SUCCESS,1410
2026-02-17 05:25:02,clane,LOGIN,SalesDashboard,SUCCESS,900
2026-02-17 08:10:37,admin,LOGIN,InventoryReport,SUCCESS,577
2026-02-17 08:42:59,admin,VIEW_REPORT,AuditLogs,SUCCESS,3998
2026-02-17 20:37:31,clane,LOGIN,InventoryReport,SUCCESS,203
2026-02-17 09:08:56,asmith,ADMIN_CONFIG,SystemSettings,SUCCESS,4706
2026-02-17 09:56:30,jdoe,LOGOUT,UserManagement,SUCCESS,1765
2026-02-17 12:33:28,admin,VIEW_REPORT,UserManagement,SUCCESS,1829
2026-02-17 09:03:23,bwhite,LOGOUT,SalesDashboard,SUCCESS,2237
2026-02-17 15:11:22,jdoe,LOGOUT,UserManagement,SUCCESS,1515
2026-02-17 13:28:30,admin,CREATE_USER,SystemSettings,SUCCESS,3886
2026-02-17 12:30:52,bwhite,DELETE_USER,SystemSettings,SUCCESS,4195
2026-02-17 12:54:37,davis,LOGOUT,SystemSettings,SUCCESS,612
2026-02-17 15:01:33,asmith,DELETE_USER,InventoryReport,SUCCESS,3191
2026-02-17 09:08:23,asmith,LOGOUT,SystemSettings,SUCCESS,858
2026-02-17 09:29:32,asmith,ADMIN_CONFIG,UserManagement,SUCCESS,2548
2026-02-17 11:22:19,jdoe,LOGOUT,SalesDashboard,SUCCESS,942
2026-02-17 12:42:27,clane,VIEW_REPORT,InventoryReport,SUCCESS,3053
2026-02-17 14:45:29,jdoe,DELETE_USER,AuditLogs,SUCCESS,4192
2026-02-17 11:53:57,asmith,ADMIN_CONFIG,SystemSettings,SUCCESS,1711
2026-02-17 08:00:23,asmith,LOGOUT,SystemSettings,SUCCESS,1258
2026-02-17 01:36:39,bwhite,LOGOUT,SystemSettings,SUCCESS,1541
2026-02-17 09:25:06,bwhite,VIEW_REPORT,AuditLogs,SUCCESS,579
2026-02-17 03:56:06,davis,CREATE_USER,UserManagement,SUCCESS,1508
2026-02-17 08:03:53,asmith,VIEW_REPORT,AuditLogs,SUCCESS,4931
2026-02-17 15:37:36,davis,ADMIN_CONFIG,InventoryReport,SUCCESS,4271
2026-02-17 12:56:06,asmith,LOGOUT,InventoryReport,SUCCESS,4469
2026-02-17 07:03:25,clane,DELETE_USER,UserManagement,SUCCESS,2446
2026-02-17 21:20:01,davis,LOGOUT,AuditLogs,SUCCESS,846
2026-02-17 08:41:37,davis,ADMIN_CONFIG,AuditLogs,SUCCESS,837
2026-02-17 11:39:57,jdoe,CREATE_USER,UserManagement,SUCCESS,3696
2026-02-18 10:27:21,asmith,EXPORT_REPORT,SystemSettings,SUCCESS,97
2026-02-18 12:24:57,asmith,ADMIN_CONFIG,UserManagement,SUCCESS,1109
2026-02-18 15:12:03,jdoe,EXPORT_REPORT,UserManagement,SUCCESS,3998
2026-02-18 12:25:31,bwhite,LOGOUT,UserManagement,SUCCESS,1027
2026-02-18 15:41:25,bwhite,LOGIN,UserManagement,SUCCESS,3699
2026-02-18 08:03:46,davis,ADMIN_CONFIG,InventoryReport,SUCCESS,705
2026-02-18 15:28:32,asmith,CREATE_USER,InventoryReport,SUCCESS,3208
2026-02-18 11:55:24,bwhite,CREATE_USER,SalesDashboard,SUCCESS,4282
2026-02-18 17:58:00,davis,DELETE_USER,SystemSettings,SUCCESS,288
2026-02-18 13:45:28,davis,EXPORT_REPORT,UserManagement,SUCCESS,3021
2026-02-18 15:24:19,admin,DELETE_USER,SalesDashboard,SUCCESS,796
2026-02-18 10:48:45,bwhite,EXPORT_REPORT,AuditLogs,SUCCESS,1925
2026-02-18 11:56:15,admin,LOGOUT,InventoryReport,SUCCESS,3051
2026-02-18 15:04:04,clane,CREATE_USER,AuditLogs,SUCCESS,1897
2026-02-18 13:27:56,admin,DELETE_USER,SalesDashboard,SUCCESS,1594
2026-02-18 14:57:34,davis,LOGIN,SalesDashboard,SUCCESS,2355
2026-02-18 13:58:51,admin,ADMIN_CONFIG,AuditLogs,SUCCESS,4273
2026-02-18 14:06:49,bwhite,VIEW_REPORT,SalesDashboard,SUCCESS,1924
2026-02-18 08:51:33,jdoe,CREATE_USER,SalesDashboard,SUCCESS,4407
2026-02-18 14:23:55,davis,CREATE_USER,SystemSettings,SUCCESS,3694
2026-02-18 16:24:45,asmith,LOGIN,SalesDashboard,SUCCESS,950
2026-02-18 10:05:37,bwhite,DELETE_USER,SalesDashboard,SUCCESS,674
2026-02-18 13:11:54,asmith,EXPORT_REPORT,AuditLogs,SUCCESS,516
2026-02-18 16:53:33,davis,DELETE_USER,SalesDashboard,SUCCESS,2357
2026-02-18 19:01:05,bwhite,ADMIN_CONFIG,SystemSettings,SUCCESS,2007
2026-02-18 08:08:10,davis,ADMIN_CONFIG,SalesDashboard,SUCCESS,4747
2026-02-18 02:31:51,asmith,VIEW_REPORT,InventoryReport,SUCCESS,4328
2026-02-18 09:54:05,bwhite,DELETE_USER,SystemSettings,FAILURE,944
2026-02-18 08:39:31,clane,EXPORT_REPORT,InventoryReport,SUCCESS,2755
2026-02-18 15:49:12,admin,EXPORT_REPORT,AuditLogs,SUCCESS,4142
2026-02-18 09:25:12,davis,EXPORT_REPORT,AuditLogs,SUCCESS,3636
2026-02-18 12:06:19,admin,DELETE_USER,InventoryReport,SUCCESS,2098
2026-02-18 09:39:06,clane,DELETE_USER,SalesDashboard,SUCCESS,2337
2026-02-18 13:44:52,bwhite,LOGIN,AuditLogs,SUCCESS,1778
2026-02-18 16:42:40,clane,LOGIN,SystemSettings,SUCCESS,528
2026-02-18 01:26:24,asmith,DELETE_USER,SalesDashboard,SUCCESS,2981
2026-02-18 13:46:39,asmith,DELETE_USER,SystemSettings,SUCCESS,4711
2026-02-18 21:54:54,admin,DELETE_USER,SystemSettings,SUCCESS,4843
2026-02-18 16:50:14,asmith,EXPORT_REPORT,AuditLogs,SUCCESS,632
2026-02-18 16:35:23,bwhite,LOGIN,InventoryReport,SUCCESS,1648
2026-02-18 15:29:50,asmith,DELETE_USER,SystemSettings,SUCCESS,4415
2026-02-18 10:33:31,clane,LOGOUT,SystemSettings,SUCCESS,1500
2026-02-18 12:26:38,davis,ADMIN_CONFIG,AuditLogs,SUCCESS,2282
2026-02-18 16:04:19,clane,CREATE_USER,SalesDashboard,SUCCESS,2174
2026-02-18 15:43:02,clane,DELETE_USER,SystemSettings,SUCCESS,3899
2026-02-18 09:30:27,jdoe,LOGOUT,AuditLogs,SUCCESS,605
2026-02-18 16:52:33,asmith,DELETE_USER,InventoryReport,SUCCESS,2681
2026-02-18 12:36:55,admin,DELETE_USER,AuditLogs,SUCCESS,4003
2026-02-18 08:40:15,clane,LOGOUT,UserManagement,SUCCESS,681
2026-02-18 14:07:59,bwhite,CREATE_USER,AuditLogs,SUCCESS,62
2026-02-18 12:10:20,davis,EXPORT_REPORT,SystemSettings,SUCCESS,4053
2026-02-18 13:08:48,jdoe,LOGIN,UserManagement,SUCCESS,2493
2026-02-18 10:54:30,jdoe,LOGOUT,InventoryReport,SUCCESS,1024
2026-02-18 13:25:49,davis,LOGOUT,SystemSettings,SUCCESS,1103
2026-02-18 12:23:23,asmith,DELETE_USER,UserManagement,SUCCESS,454
2026-02-18 09:57:33,admin,CREATE_USER,AuditLogs,FAILURE,618
2026-02-18 15:47:56,jdoe,ADMIN_CONFIG,InventoryReport,SUCCESS,1809
2026-02-18 14:26:30,asmith,CREATE_USER,AuditLogs,SUCCESS,3261
2026-02-18 08:11:23,bwhite,LOGOUT,SystemSettings,SUCCESS,2775
2026-02-19 10:10:46,admin,CREATE_USER,UserManagement,SUCCESS,1459
2026-02-19 02:50:04,admin,CREATE_USER,InventoryReport,SUCCESS,2496
2026-02-19 12:09:00,davis,CREATE_USER,SystemSettings,SUCCESS,2372
2026-02-19 04:10:21,asmith,CREATE_USER,SalesDashboard,SUCCESS,2105
2026-02-19 16:53:40,asmith,DELETE_USER,SalesDashboard,SUCCESS,4363
2026-02-19 12:33:58,jdoe,LOGIN,UserManagement,SUCCESS,630
2026-02-19 14:21:20,jdoe,VIEW_REPORT,InventoryReport,SUCCESS,1115
2026-02-19 08:31:12,asmith,LOGIN,SalesDashboard,SUCCESS,2482
2026-02-19 07:15:53,clane,EXPORT_REPORT,SystemSettings,SUCCESS,646
2026-02-19 19:33:07,jdoe,CREATE_USER,InventoryReport,SUCCESS,3977
2026-02-19 11:37:52,clane,LOGOUT,AuditLogs,SUCCESS,4186
2026-02-19 13:17:46,davis,LOGOUT,InventoryReport,SUCCESS,621
2026-02-19 16:06:05,admin,EXPORT_REPORT,InventoryReport,SUCCESS,790
2026-02-19 13:02:35,admin,EXPORT_REPORT,UserManagement,SUCCESS,641
2026-02-19 11:15:42,admin,CREATE_USER,SalesDashboard,SUCCESS,4504
2026-02-19 16:32:36,bwhite,EXPORT_REPORT,UserManagement,SUCCESS,4420
2026-02-19 08:00:08,davis,ADMIN_CONFIG,SystemSettings,SUCCESS,645
2026-02-19 09:45:41,bwhite,DELETE_USER,SalesDashboard,SUCCESS,3156
2026-02-19 09:34:24,clane,EXPORT_REPORT,SalesDashboard,SUCCESS,1035
2026-02-19 15:39:43,bwhite,VIEW_REPORT,SalesDashboard,SUCCESS,2576
2026-02-19 08:44:23,admin,VIEW_REPORT,AuditLogs,SUCCESS,4205
2026-02-19 13:23:44,admin,EXPORT_REPORT,UserManagement,SUCCESS,1764
2026-02-19 13:47:55,bwhite,VIEW_REPORT,SalesDashboard,SUCCESS,3679
2026-02-19 09:32:03,jdoe,VIEW_REPORT,SalesDashboard,SUCCESS,954
2026-02-19 11:43:22,asmith,VIEW_REPORT,SalesDashboard,SUCCESS,3482
2026-02-19 15:28:15,clane,ADMIN_CONFIG,InventoryReport,SUCCESS,4907
2026-02-19 16:58:37,asmith,LOGIN,UserManagement,SUCCESS,3611
2026-02-19 15:45:39,jdoe,DELETE_USER,SalesDashboard,SUCCESS,1689
2026-02-19 20:28:31,bwhite,ADMIN_CONFIG,AuditLogs,SUCCESS,4895
2026-02-19 07:18:18,bwhite,LOGIN,UserManagement,FAILURE,2392
2026-02-19 15:47:15,davis,LOGIN,AuditLogs,SUCCESS,1074
2026-02-19 12:14:56,jdoe,CREATE_USER,AuditLogs,SUCCESS,2578
2026-02-19 10:04:36,admin,CREATE_USER,AuditLogs,SUCCESS,727
2026-02-19 16:48:21,clane,DELETE_USER,AuditLogs,FAILURE,3008
2026-02-19 14:08:40,jdoe,LOGOUT,InventoryReport,SUCCESS,1717
2026-02-19 13:55:48,bwhite,EXPORT_REPORT,SystemSettings,SUCCESS,1984
2026-02-19 08:10:17,bwhite,LOGIN,SystemSettings,SUCCESS,1371
2026-02-19 12:18:41,bwhite,CREATE_USER,SalesDashboard,SUCCESS,4384
2026-02-19 08:19:31,davis,VIEW_REPORT,SystemSettings,SUCCESS,4440
2026-02-19 08:46:10,davis,ADMIN_CONFIG,InventoryReport,SUCCESS,4801
2026-02-19 04:20:38,davis,CREATE_USER,SystemSettings,SUCCESS,2703
2026-02-19 10:47:04,clane,EXPORT_REPORT,UserManagement,SUCCESS,3192
2026-02-19 11:56:01,clane,VIEW_REPORT,UserManagement,SUCCESS,3842
2026-02-19 10:24:28,jdoe,ADMIN_CONFIG,InventoryReport,SUCCESS,4082
2026-02-19 09:14:32,admin,DELETE_USER,SystemSettings,SUCCESS,623
2026-02-19 10:56:09,asmith,EXPORT_REPORT,SystemSettings,SUCCESS,1077
2026-02-19 13:00:59,bwhite,ADMIN_CONFIG,UserManagement,SUCCESS,4955
2026-02-19 08:27:38,bwhite,LOGOUT,UserManagement,SUCCESS,4434
2026-02-19 06:33:10,bwhite,LOGOUT,AuditLogs,SUCCESS,3922
2026-02-19 13:55:08,asmith,LOGIN,UserManagement,SUCCESS,3789
2026-02-19 13:48:48,jdoe,EXPORT_REPORT,SalesDashboard,SUCCESS,120
2026-02-19 16:54:36,admin,CREATE_USER,SystemSettings,SUCCESS,4171
2026-02-19 16:09:23,jdoe,DELETE_USER,SystemSettings,SUCCESS,4719
2026-02-19 07:26:35,admin,ADMIN_CONFIG,SystemSettings,SUCCESS,4395
2026-02-19 10:03:43,jdoe,LOGOUT,AuditLogs,SUCCESS,129
2026-02-19 16:10:08,clane,ADMIN_CONFIG,InventoryReport,SUCCESS,1075
2026-02-19 12:07:44,asmith,CREATE_USER,SystemSettings,SUCCESS,4487
2026-02-19 05:45:07,admin,DELETE_USER,UserManagement,SUCCESS,3788
2026-02-19 15:17:22,bwhite,EXPORT_REPORT,AuditLogs,SUCCESS,1551
2026-02-19 04:14:48,clane,LOGIN,UserManagement,FAILURE,2854
2026-02-19 08:11:07,clane,DELETE_USER,SystemSettings,SUCCESS,400
2026-02-19 16:45:07,asmith,DELETE_USER,InventoryReport,SUCCESS,616
2026-02-19 15:59:42,clane,LOGIN,UserManagement,SUCCESS,1872
2026-02-19 09:03:47,davis,DELETE_USER,AuditLogs,SUCCESS,4336
2026-02-19 15:24:10,asmith,LOGOUT,InventoryReport,SUCCESS,2097
2026-02-19 13:19:18,clane,CREATE_USER,SystemSettings,SUCCESS,30
2026-02-19 07:56:07,jdoe,CREATE_USER,SystemSettings,SUCCESS,618
2026-02-19 11:43:51,clane,DELETE_USER,SalesDashboard,SUCCESS,3538
2026-02-19 12:32:36,clane,EXPORT_REPORT,AuditLogs,SUCCESS,444
2026-02-20 13:34:32,asmith,EXPORT_REPORT,InventoryReport,SUCCESS,3930
2026-02-20 10:59:56,davis,VIEW_REPORT,SalesDashboard,FAILURE,1800
2026-02-20 14:47:02,jdoe,CREATE_USER,SalesDashboard,SUCCESS,4545
2026-02-20 16:22:17,admin,LOGIN,SystemSettings,FAILURE,1395
2026-02-20 16:54:04,clane,CREATE_USER,SalesDashboard,SUCCESS,4503
2026-02-20 11:51:41,jdoe,LOGOUT,SystemSettings,SUCCESS,4736
2026-02-20 16:02:09,jdoe,CREATE_USER,UserManagement,SUCCESS,991
2026-02-20 15:36:14,asmith,CREATE_USER,AuditLogs,FAILURE,4573
2026-02-20 19:37:50,jdoe,ADMIN_CONFIG,InventoryReport,SUCCESS,3240
2026-02-20 12:23:29,clane,EXPORT_REPORT,UserManagement,SUCCESS,1243
2026-02-20 19:54:23,jdoe,EXPORT_REPORT,UserManagement,SUCCESS,3198
2026-02-20 09:33:51,clane,CREATE_USER,SalesDashboard,SUCCESS,315
2026-02-20 09:56:13,jdoe,CREATE_USER,UserManagement,SUCCESS,1509
2026-02-20 05:24:06,admin,CREATE_USER,InventoryReport,SUCCESS,329
2026-02-20 08:30:47,bwhite,LOGIN,AuditLogs,FAILURE,389
2026-02-20 08:59:37,admin,LOGOUT,InventoryReport,SUCCESS,3503
2026-02-20 10:38:47,clane,EXPORT_REPORT,SystemSettings,SUCCESS,322
2026-02-20 11:52:55,clane,EXPORT_REPORT,SalesDashboard,SUCCESS,3078
2026-02-20 16:39:45,davis,LOGOUT,SystemSettings,SUCCESS,3447
2026-02-20 08:11:18,jdoe,LOGOUT,SalesDashboard,SUCCESS,1546
2026-02-20 13:10:29,jdoe,LOGIN,AuditLogs,SUCCESS,1436
2026-02-20 02:56:07,davis,ADMIN_CONFIG,AuditLogs,SUCCESS,1080
2026-02-20 14:55:04,jdoe,VIEW_REPORT,AuditLogs,SUCCESS,3824
2026-02-20 08:53:18,davis,CREATE_USER,AuditLogs,SUCCESS,846
2026-02-20 12:12:18,admin,CREATE_USER,SalesDashboard,SUCCESS,4323
2026-02-20 15:34:54,asmith,VIEW_REPORT,AuditLogs,SUCCESS,868
2026-02-20 12:49:40,asmith,VIEW_REPORT,SalesDashboard,SUCCESS,2793
2026-02-20 12:04:30,jdoe,EXPORT_REPORT,UserManagement,SUCCESS,4700
2026-02-20 13:01:10,bwhite,LOGIN,InventoryReport,SUCCESS,1205
2026-02-20 22:09:14,jdoe,ADMIN_CONFIG,InventoryReport,SUCCESS,1793
2026-02-20 12:15:55,davis,CREATE_USER,AuditLogs,SUCCESS,3885
2026-02-20 09:02:34,davis,LOGIN,UserManagement,SUCCESS,2155
2026-02-20 08:00:00,admin,LOGIN,SalesDashboard,SUCCESS,3126
2026-02-20 10:50:46,jdoe,VIEW_REPORT,SalesDashboard,SUCCESS,3174
2026-02-20 11:59:29,clane,CREATE_USER,UserManagement,SUCCESS,965
2026-02-20 14:10:02,bwhite,LOGOUT,AuditLogs,SUCCESS,1973
2026-02-20 12:48:24,jdoe,ADMIN_CONFIG,SalesDashboard,SUCCESS,1870
2026-02-20 16:26:57,admin,VIEW_REPORT,UserManagement,SUCCESS,3807
2026-02-20 15:03:28,admin,LOGIN,SystemSettings,SUCCESS,39
2026-02-20 10:36:20,admin,VIEW_REPORT,InventoryReport,SUCCESS,3333
2026-02-20 15:24:08,asmith,DELETE_USER,SystemSettings,SUCCESS,1778
2026-02-20 16:43:04,jdoe,DELETE_USER,AuditLogs,SUCCESS,3962
2026-02-20 22:19:26,bwhite,DELETE_USER,SalesDashboard,SUCCESS,4433
2026-02-20 16:32:14,davis,LOGIN,InventoryReport,SUCCESS,2946
2026-02-20 13:03:01,bwhite,CREATE_USER,AuditLogs,SUCCESS,4526
2026-02-20 16:01:51,admin,CREATE_USER,AuditLogs,SUCCESS,3278
2026-02-20 04:31:43,bwhite,CREATE_USER,SystemSettings,SUCCESS,278
2026-02-20 09:53:35,davis,ADMIN_CONFIG,SystemSettings,SUCCESS,811
2026-02-20 09:02:08,clane,ADMIN_CONFIG,SalesDashboard,SUCCESS,3286
2026-02-20 21:18:47,clane,CREATE_USER,UserManagement,SUCCESS,4339
2026-02-20 12:52:00,clane,ADMIN_CONFIG,UserManagement,SUCCESS,865
2026-02-20 13:15:25,clane,LOGIN,UserManagement,SUCCESS,4185
2026-02-20 18:17:03,admin,ADMIN_CONFIG,SalesDashboard,SUCCESS,3788
2026-02-20 21:44:17,davis,LOGOUT,UserManagement,FAILURE,4223
2026-02-20 15:30:35,asmith,LOGOUT,AuditLogs,SUCCESS,4449
2026-02-20 10:12:23,admin,LOGOUT,SalesDashboard,SUCCESS,2906
2026-02-20 09:04:36,davis,EXPORT_REPORT,InventoryReport,SUCCESS,1813
2026-02-20 14:39:19,jdoe,EXPORT_REPORT,SystemSettings,SUCCESS,1982
2026-02-20 09:55:09,davis,ADMIN_CONFIG,SalesDashboard,SUCCESS,2660
2026-02-20 16:57:14,bwhite,ADMIN_CONFIG,InventoryReport,SUCCESS,116
2026-02-20 14:25:36,davis,VIEW_REPORT,AuditLogs,SUCCESS,3008
2026-02-20 00:12:48,davis,EXPORT_REPORT,UserManagement,SUCCESS,4264
2026-02-20 16:15:17,jdoe,LOGIN,UserManagement,SUCCESS,1562
2026-02-20 10:03:37,asmith,LOGIN,UserManagement,SUCCESS,2905
2026-02-20 16:38:25,jdoe,EXPORT_REPORT,InventoryReport,SUCCESS,3946
2026-02-20 09:27:25,asmith,EXPORT_REPORT,UserManagement,SUCCESS,4561
2026-02-21 14:43:19,clane,EXPORT_REPORT,AuditLogs,SUCCESS,2347
2026-02-21 04:02:52,clane,EXPORT_REPORT,SystemSettings,SUCCESS,463
2026-02-21 19:42:33,asmith,VIEW_REPORT,InventoryReport,SUCCESS,1309
2026-02-21 19:39:35,admin,LOGOUT,InventoryReport,SUCCESS,2927
2026-02-21 05:38:10,admin,LOGIN,AuditLogs,SUCCESS,4888
2026-02-21 03:10:38,asmith,LOGOUT,SystemSettings,SUCCESS,1606
2026-02-21 07:03:54,bwhite,EXPORT_REPORT,InventoryReport,SUCCESS,3493
2026-02-21 03:35:21,admin,LOGOUT,SystemSettings,SUCCESS,1188
2026-02-21 11:21:34,davis,VIEW_REPORT,SalesDashboard,SUCCESS,3876
2026-02-21 01:28:38,admin,LOGIN,UserManagement,SUCCESS,943
2026-02-21 15:31:49,asmith,LOGIN,UserManagement,SUCCESS,3905
2026-02-21 10:56:13,bwhite,CREATE_USER,SalesDashboard,SUCCESS,4352
2026-02-22 07:39:41,admin,ADMIN_CONFIG,InventoryReport,SUCCESS,47
2026-02-22 02:47:08,asmith,VIEW_REPORT,SalesDashboard,SUCCESS,2054
2026-02-22 18:42:22,asmith,DELETE_USER,InventoryReport,SUCCESS,3035
2026-02-22 20:07:58,bwhite,LOGIN,InventoryReport,SUCCESS,2138
2026-02-22 22:40:58,davis,LOGIN,InventoryReport,SUCCESS,3842
2026-02-22 19:56:13,davis,CREATE_USER,InventoryReport,SUCCESS,163
2026-02-22 03:40:51,asmith,LOGOUT,SalesDashboard,SUCCESS,942
2026-02-22 03:30:48,asmith,VIEW_REPORT,SystemSettings,FAILURE,4479
2026-02-22 12:36:03,clane,ADMIN_CONFIG,UserManagement,SUCCESS,1267
2026-02-23 14:39:18,bwhite,ADMIN_CONFIG,UserManagement,SUCCESS,4459
2026-02-23 14:11:43,asmith,CREATE_USER,UserManagement,SUCCESS,2235
2026-02-23 08:53:29,admin,LOGOUT,AuditLogs,SUCCESS,86
2026-02-23 14:09:07,asmith,EXPORT_REPORT,SalesDashboard,SUCCESS,1009
2026-02-23 14:41:56,clane,DELETE_USER,AuditLogs,FAILURE,2417
2026-02-23 10:41:27,jdoe,VIEW_REPORT,InventoryReport,SUCCESS,2127
2026-02-23 15:50:28,jdoe,CREATE_USER,InventoryReport,SUCCESS,2564
2026-02-23 10:20:31,asmith,DELETE_USER,AuditLogs,SUCCESS,1759
2026-02-23 11:01:00,davis,VIEW_REPORT,SalesDashboard,SUCCESS,2823
2026-02-23 14:41:49,clane,EXPORT_REPORT,AuditLogs,SUCCESS,2518
2026-02-23 05:09:17,bwhite,DELETE_USER,SalesDashboard,SUCCESS,2107
2026-02-23 13:31:12,jdoe,EXPORT_REPORT,InventoryReport,SUCCESS,2218
2026-02-23 08:45:57,admin,ADMIN_CONFIG,UserManagement,SUCCESS,4803
2026-02-23 10:53:49,admin,VIEW_REPORT,InventoryReport,SUCCESS,420
2026-02-23 15:49:54,asmith,LOGIN,SalesDashboard,SUCCESS,1515
2026-02-23 14:50:13,davis,VIEW_REPORT,AuditLogs,FAILURE,4030
2026-02-23 10:49:59,asmith,CREATE_USER,AuditLogs,SUCCESS,3775
2026-02-23 19:24:45,davis,DELETE_USER,SalesDashboard,SUCCESS,2757
2026-02-23 08:08:04,jdoe,LOGOUT,SalesDashboard,SUCCESS,362
2026-02-23 08:11:04,bwhite,EXPORT_REPORT,AuditLogs,SUCCESS,2178
2026-02-23 09:16:06,bwhite,DELETE_USER,UserManagement,SUCCESS,2343
2026-02-23 15:08:17,admin,VIEW_REPORT,UserManagement,SUCCESS,940
2026-02-23 15:51:26,clane,EXPORT_REPORT,SystemSettings,SUCCESS,100
2026-02-23 09:26:04,jdoe,ADMIN_CONFIG,AuditLogs,SUCCESS,2351
2026-02-23 12:51:53,asmith,VIEW_REPORT,SystemSettings,SUCCESS,3317
2026-02-23 14:26:49,clane,DELETE_USER,AuditLogs,FAILURE,3845
2026-02-23 08:43:55,davis,DELETE_USER,UserManagement,SUCCESS,3381
2026-02-23 12:22:19,jdoe,VIEW_REPORT,InventoryReport,SUCCESS,2358
2026-02-23 16:05:00,clane,CREATE_USER,SystemSettings,SUCCESS,2016
2026-02-23 10:59:25,davis,EXPORT_REPORT,InventoryReport,SUCCESS,1017
2026-02-23 15:05:27,davis,ADMIN_CONFIG,SalesDashboard,SUCCESS,4835
2026-02-23 14:30:22,clane,VIEW_REPORT,AuditLogs,SUCCESS,2586
2026-02-23 13:56:49,jdoe,VIEW_REPORT,AuditLogs,SUCCESS,1569
2026-02-23 22:21:25,admin,DELETE_USER,SalesDashboard,SUCCESS,4897
2026-02-23 11:51:32,bwhite,VIEW_REPORT,AuditLogs,SUCCESS,2491
2026-02-23 13:01:15,asmith,VIEW_REPORT,AuditLogs,FAILURE,4462
2026-02-23 12:21:07,asmith,LOGOUT,UserManagement,SUCCESS,3488
2026-02-23 13:29:20,admin,LOGIN,UserManagement,SUCCESS,1512
2026-02-23 14:30:54,clane,CREATE_USER,InventoryReport,SUCCESS,3705
2026-02-23 12:33:52,asmith,CREATE_USER,SystemSettings,SUCCESS,2980
2026-02-23 08:27:20,admin,EXPORT_REPORT,SalesDashboard,SUCCESS,1711
2026-02-23 15:30:44,davis,LOGOUT,SalesDashboard,SUCCESS,50
2026-02-23 09:20:45,clane,ADMIN_CONFIG,AuditLogs,SUCCESS,3448
2026-02-23 10:06:42,clane,LOGOUT,AuditLogs,SUCCESS,214
2026-02-23 16:11:07,jdoe,ADMIN_CONFIG,UserManagement,SUCCESS,2773
2026-02-23 16:31:44,admin,LOGIN,AuditLogs,SUCCESS,1054
2026-02-23 13:36:57,davis,EXPORT_REPORT,InventoryReport,SUCCESS,4225
2026-02-23 12:03:42,clane,LOGOUT,SystemSettings,SUCCESS,3831
2026-02-23 14:44:37,asmith,EXPORT_REPORT,SystemSettings,SUCCESS,2473
2026-02-23 08:52:56,bwhite,LOGIN,SystemSettings,SUCCESS,2851
2026-02-23 15:36:03,jdoe,LOGOUT,SalesDashboard,SUCCESS,324
2026-02-23 08:38:48,admin,ADMIN_CONFIG,SalesDashboard,SUCCESS,4863
2026-02-23 13:24:40,admin,VIEW_REPORT,SystemSettings,SUCCESS,4228
2026-02-23 15:14:18,clane,ADMIN_CONFIG,InventoryReport,SUCCESS,2596
2026-02-23 18:41:08,davis,DELETE_USER,InventoryReport,FAILURE,2778
2026-02-23 14:42:44,asmith,CREATE_USER,SalesDashboard,SUCCESS,2328
2026-02-23 13:34:05,davis,DELETE_USER,AuditLogs,SUCCESS,3271
2026-02-23 02:24:21,davis,LOGIN,InventoryReport,SUCCESS,4460
2026-02-23 14:14:30,admin,DELETE_USER,UserManagement,SUCCESS,2285
2026-02-23 11:47:00,admin,LOGOUT,UserManagement,SUCCESS,1307
2026-02-23 11:13:34,admin,DELETE_USER,SalesDashboard,SUCCESS,3911
2026-02-23 12:43:09,jdoe,ADMIN_CONFIG,AuditLogs,FAILURE,710
2026-02-23 12:02:14,clane,ADMIN_CONFIG,AuditLogs,SUCCESS,628
2026-02-23 10:38:11,davis,EXPORT_REPORT,SystemSettings,SUCCESS,2744
2026-02-23 16:23:48,bwhite,LOGOUT,UserManagement,SUCCESS,4360
2026-02-23 10:55:02,admin,EXPORT_REPORT,AuditLogs,SUCCESS,3802
2026-02-23 15:33:36,jdoe,CREATE_USER,SystemSettings,SUCCESS,4650
2026-02-23 06:19:15,admin,VIEW_REPORT,InventoryReport,SUCCESS,4669
2026-02-23 16:54:33,clane,CREATE_USER,SystemSettings,SUCCESS,1319
2026-02-23 14:11:19,jdoe,CREATE_USER,SalesDashboard,SUCCESS,3270
2026-02-23 16:08:33,clane,LOGIN,SystemSettings,SUCCESS,4172
2026-02-23 12:18:56,admin,VIEW_REPORT,SalesDashboard,SUCCESS,1274
2026-02-23 16:54:13,admin,CREATE_USER,InventoryReport,SUCCESS,3791
2026-02-23 08:12:54,davis,LOGIN,InventoryReport,SUCCESS,1684
2026-02-23 15:20:41,davis,VIEW_REPORT,InventoryReport,SUCCESS,1405
2026-02-24 11:41:35,asmith,VIEW_REPORT,InventoryReport,SUCCESS,4175
2026-02-24 12:52:34,davis,ADMIN_CONFIG,UserManagement,SUCCESS,3764
2026-02-24 08:54:27,clane,VIEW_REPORT,InventoryReport,SUCCESS,2495
2026-02-24 09:33:15,asmith,LOGIN,InventoryReport,FAILURE,4364
2026-02-24 16:57:58,jdoe,DELETE_USER,InventoryReport,SUCCESS,4197
2026-02-24 14:42:09,asmith,LOGIN,UserManagement,SUCCESS,2787
2026-02-24 19:04:59,clane,VIEW_REPORT,SalesDashboard,SUCCESS,3729
2026-02-24 09:23:46,jdoe,ADMIN_CONFIG,UserManagement,SUCCESS,4396
2026-02-24 13:48:12,bwhite,VIEW_REPORT,SalesDashboard,SUCCESS,2401
2026-02-24 03:25:47,admin,CREATE_USER,SystemSettings,SUCCESS,742
2026-02-24 08:38:41,jdoe,ADMIN_CONFIG,UserManagement,SUCCESS,227
2026-02-24 18:12:53,jdoe,CREATE_USER,InventoryReport,SUCCESS,2619
2026-02-24 08:56:25,asmith,LOGIN,UserManagement,SUCCESS,4764
2026-02-24 13:37:25,bwhite,CREATE_USER,SystemSettings,SUCCESS,4049
2026-02-24 05:50:39,clane,ADMIN_CONFIG,InventoryReport,SUCCESS,4985
2026-02-24 14:10:09,admin,DELETE_USER,InventoryReport,SUCCESS,2607
2026-02-24 08:28:01,clane,VIEW_REPORT,SalesDashboard,SUCCESS,3318
2026-02-24 17:54:23,clane,DELETE_USER,SystemSettings,SUCCESS,929
2026-02-24 16:58:39,bwhite,DELETE_USER,AuditLogs,SUCCESS,4944
2026-02-24 08:14:14,asmith,LOGOUT,AuditLogs,FAILURE,2112
2026-02-24 08:49:29,jdoe,EXPORT_REPORT,UserManagement,SUCCESS,1537
2026-02-24 15:52:39,jdoe,DELETE_USER,SalesDashboard,SUCCESS,3075
2026-02-24 08:24:09,clane,LOGOUT,SystemSettings,SUCCESS,2925
2026-02-24 12:01:03,asmith,CREATE_USER,UserManagement,SUCCESS,965
2026-02-24 16:37:10,clane,VIEW_REPORT,SystemSettings,SUCCESS,2063
2026-02-24 08:30:35,admin,LOGOUT,AuditLogs,SUCCESS,1105
2026-02-24 10:33:35,jdoe,ADMIN_CONFIG,UserManagement,FAILURE,22
2026-02-24 13:45:40,jdoe,DELETE_USER,UserManagement,SUCCESS,4748
2026-02-24 07:08:20,clane,VIEW_REPORT,AuditLogs,SUCCESS,2950
2026-02-24 15:46:48,davis,LOGOUT,InventoryReport,SUCCESS,4205
2026-02-24 10:42:29,davis,LOGIN,SalesDashboard,SUCCESS,496
2026-02-24 16:57:07,admin,LOGIN,SalesDashboard,SUCCESS,309
2026-02-24 15:09:00,bwhite,ADMIN_CONFIG,SalesDashboard,SUCCESS,825
2026-02-24 10:23:18,bwhite,CREATE_USER,SalesDashboard,SUCCESS,266
2026-02-24 14:30:45,bwhite,ADMIN_CONFIG,InventoryReport,SUCCESS,1832
2026-02-24 15:09:05,clane,ADMIN_CONFIG,InventoryReport,SUCCESS,1737
2026-02-24 09:14:15,clane,EXPORT_REPORT,SalesDashboard,SUCCESS,4886
2026-02-24 12:36:32,bwhite,LOGIN,InventoryReport,SUCCESS,1536
2026-02-24 16:42:40,bwhite,VIEW_REPORT,InventoryReport,SUCCESS,990
2026-02-24 15:00:43,bwhite,CREATE_USER,SystemSettings,SUCCESS,216
2026-02-24 01:33:05,jdoe,ADMIN_CONFIG,AuditLogs,SUCCESS,1945
2026-02-24 15:41:32,bwhite,LOGIN,InventoryReport,SUCCESS,4132
2026-02-24 08:08:28,asmith,ADMIN_CONFIG,SalesDashboard,SUCCESS,146
2026-02-24 16:28:58,clane,LOGIN,UserManagement,SUCCESS,534
2026-02-24 15:39:52,clane,LOGOUT,InventoryReport,SUCCESS,3697
2026-02-24 11:34:54,bwhite,LOGOUT,SalesDashboard,SUCCESS,3711
2026-02-24 13:42:42,bwhite,VIEW_REPORT,UserManagement,SUCCESS,2339
2026-02-24 10:53:38,clane,VIEW_REPORT,AuditLogs,SUCCESS,4947
2026-02-24 08:30:18,davis,CREATE_USER,InventoryReport,SUCCESS,2645
2026-02-24 14:52:49,bwhite,DELETE_USER,UserManagement,SUCCESS,918
2026-02-24 14:22:17,bwhite,DELETE_USER,SalesDashboard,SUCCESS,1261
2026-02-24 09:00:17,bwhite,EXPORT_REPORT,SystemSettings,SUCCESS,2420
2026-02-24 07:53:04,admin,DELETE_USER,UserManagement,SUCCESS,3443
2026-02-24 12:01:57,clane,CREATE_USER,UserManagement,SUCCESS,2029
2026-02-24 15:20:50,clane,DELETE_USER,UserManagement,SUCCESS,762
2026-02-24 20:59:02,davis,DELETE_USER,AuditLogs,SUCCESS,3067
2026-02-24 21:27:53,admin,LOGOUT,InventoryReport,SUCCESS,617
2026-02-24 12:14:49,jdoe,ADMIN_CONFIG,InventoryReport,SUCCESS,943
2026-02-24 16:42:46,jdoe,EXPORT_REPORT,InventoryReport,SUCCESS,3479
2026-02-24 10:04:51,bwhite,VIEW_REPORT,SystemSettings,SUCCESS,2726
2026-02-24 13:17:34,jdoe,DELETE_USER,UserManagement,FAILURE,2303
2026-02-24 14:14:44,asmith,CREATE_USER,SystemSettings,SUCCESS,1662
2026-02-24 10:38:45,jdoe,LOGIN,UserManagement,SUCCESS,4482
2026-02-24 13:02:36,bwhite,DELETE_USER,InventoryReport,FAILURE,276
2026-02-24 03:13:53,bwhite,ADMIN_CONFIG,InventoryReport,SUCCESS,3418
2026-02-24 14:14:45,davis,VIEW_REPORT,SystemSettings,SUCCESS,883
2026-02-24 14:56:52,davis,CREATE_USER,InventoryReport,FAILURE,2732
2026-02-24 08:00:11,clane,ADMIN_CONFIG,SalesDashboard,SUCCESS,2815
2026-02-24 10:11:48,davis,CREATE_USER,AuditLogs,SUCCESS,2370
2026-02-24 15:05:49,jdoe,VIEW_REPORT,SalesDashboard,SUCCESS,2408
2026-02-24 15:59:36,asmith,ADMIN_CONFIG,SalesDashboard,SUCCESS,2491
2026-02-24 18:35:30,admin,DELETE_USER,SalesDashboard,SUCCESS,49
2026-02-24 15:40:26,davis,DELETE_USER,InventoryReport,SUCCESS,1914
2026-02-24 11:36:51,bwhite,ADMIN_CONFIG,SalesDashboard,SUCCESS,4918
2026-02-24 15:12:48,asmith,LOGIN,AuditLogs,SUCCESS,4028
2026-02-24 09:11:33,davis,ADMIN_CONFIG,UserManagement,SUCCESS,264
2026-02-24 00:25:39,davis,LOGOUT,SalesDashboard,FAILURE,2852
2026-02-24 06:31:32,davis,DELETE_USER,InventoryReport,SUCCESS,2095
2026-02-24 11:33:38,bwhite,ADMIN_CONFIG,UserManagement,SUCCESS,3807
2026-02-24 02:08:47,jdoe,ADMIN_CONFIG,SalesDashboard,SUCCESS,3148
2026-02-24 08:18:34,bwhite,ADMIN_CONFIG,SystemSettings,SUCCESS,3491
2026-02-24 12:43:03,asmith,LOGIN,SalesDashboard,SUCCESS,4053
2026-02-24 10:57:20,admin,LOGOUT,SalesDashboard,SUCCESS,4069
2026-02-24 10:06:32,clane,LOGOUT,UserManagement,SUCCESS,769
2026-02-24 16:16:35,admin,ADMIN_CONFIG,InventoryReport,SUCCESS,2749
2026-02-24 23:35:19,jdoe,DELETE_USER,SystemSettings,SUCCESS,1455
2026-02-24 09:28:26,jdoe,DELETE_USER,SystemSettings,SUCCESS,3731
2026-02-24 09:43:27,asmith,LOGOUT,SystemSettings,SUCCESS,4942
2026-02-24 16:47:28,clane,LOGOUT,InventoryReport,SUCCESS,2972
2026-02-25 16:58:27,jdoe,LOGIN,InventoryReport,SUCCESS,2474
2026-02-25 08:44:58,jdoe,LOGIN,UserManagement,SUCCESS,4446
2026-02-25 08:17:03,clane,ADMIN_CONFIG,SalesDashboard,SUCCESS,4833
2026-02-25 16:43:35,asmith,ADMIN_CONFIG,SystemSettings,SUCCESS,2790
2026-02-25 14:10:18,clane,LOGOUT,UserManagement,SUCCESS,3521
2026-02-25 14:07:58,clane,EXPORT_REPORT,SystemSettings,SUCCESS,4484
2026-02-25 09:04:29,jdoe,LOGOUT,SystemSettings,SUCCESS,953
2026-02-25 15:38:09,admin,CREATE_USER,InventoryReport,SUCCESS,1618
2026-02-25 15:56:22,clane,EXPORT_REPORT,SystemSettings,SUCCESS,3071
2026-02-25 14:48:19,davis,CREATE_USER,AuditLogs,SUCCESS,4419
2026-02-25 15:49:52,jdoe,CREATE_USER,SystemSettings,SUCCESS,4365
2026-02-25 11:11:23,clane,EXPORT_REPORT,InventoryReport,SUCCESS,147
2026-02-25 07:52:30,jdoe,LOGOUT,AuditLogs,SUCCESS,1232
2026-02-25 08:52:20,asmith,ADMIN_CONFIG,AuditLogs,SUCCESS,4480
2026-02-25 10:25:34,clane,ADMIN_CONFIG,SystemSettings,SUCCESS,997
2026-02-25 15:24:41,admin,ADMIN_CONFIG,UserManagement,FAILURE,2807
2026-02-25 14:10:02,admin,EXPORT_REPORT,InventoryReport,SUCCESS,1978
2026-02-25 11:43:09,jdoe,DELETE_USER,InventoryReport,SUCCESS,4565
2026-02-25 14:13:23,davis,CREATE_USER,AuditLogs,SUCCESS,103
2026-02-25 15:27:33,admin,CREATE_USER,SalesDashboard,SUCCESS,2747
2026-02-25 12:11:29,clane,CREATE_USER,SystemSettings,SUCCESS,1757
2026-02-25 14:02:27,bwhite,DELETE_USER,InventoryReport,SUCCESS,1904
2026-02-25 11:53:12,clane,EXPORT_REPORT,UserManagement,SUCCESS,1482
2026-02-25 08:59:45,jdoe,LOGIN,UserManagement,SUCCESS,568
2026-02-25 09:00:52,bwhite,DELETE_USER,UserManagement,SUCCESS,4209
2026-02-25 18:53:13,clane,VIEW_REPORT,InventoryReport,SUCCESS,112
2026-02-25 13:29:53,clane,CREATE_USER,UserManagement,SUCCESS,372
2026-02-25 18:49:32,asmith,LOGIN,SystemSettings,SUCCESS,2153
2026-02-25 09:40:35,davis,ADMIN_CONFIG,SalesDashboard,SUCCESS,2479
2026-02-25 12:32:54,bwhite,CREATE_USER,SystemSettings,SUCCESS,2108
2026-02-25 02:43:03,jdoe,LOGOUT,SalesDashboard,SUCCESS,2408
2026-02-25 13:53:03,jdoe,ADMIN_CONFIG,InventoryReport,SUCCESS,4160
2026-02-25 16:36:00,davis,EXPORT_REPORT,AuditLogs,SUCCESS,171
2026-02-25 09:52:46,asmith,DELETE_USER,SalesDashboard,SUCCESS,1934
2026-02-25 09:08:40,davis,DELETE_USER,SalesDashboard,SUCCESS,3178
2026-02-25 09:35:20,clane,LOGOUT,SystemSettings,SUCCESS,289
2026-02-25 08:51:43,jdoe,CREATE_USER,UserManagement,SUCCESS,1242
2026-02-25 11:18:40,asmith,ADMIN_CONFIG,SystemSettings,SUCCESS,4204
2026-02-25 05:55:01,bwhite,VIEW_REPORT,SalesDashboard,SUCCESS,1408
2026-02-25 11:11:05,clane,EXPORT_REPORT,InventoryReport,SUCCESS,248
2026-02-25 15:04:03,davis,CREATE_USER,AuditLogs,FAILURE,1907
2026-02-25 09:22:07,jdoe,ADMIN_CONFIG,InventoryReport,SUCCESS,1746
2026-02-25 15:53:49,clane,ADMIN_CONFIG,InventoryReport,SUCCESS,4839
2026-02-25 10:35:15,jdoe,VIEW_REPORT,InventoryReport,SUCCESS,2683
2026-02-25 14:06:52,bwhite,DELETE_USER,AuditLogs,SUCCESS,2687
2026-02-25 21:09:44,admin,CREATE_USER,UserManagement,SUCCESS,3295
2026-02-25 16:12:17,davis,LOGIN,SalesDashboard,SUCCESS,2319
2026-02-25 03:34:32,davis,VIEW_REPORT,SystemSettings,SUCCESS,1638
2026-02-25 14:48:23,clane,CREATE_USER,InventoryReport,SUCCESS,341
2026-02-25 05:55:05,admin,LOGIN,SystemSettings,SUCCESS,3420
2026-02-25 14:33:26,davis,LOGIN,AuditLogs,SUCCESS,4381
2026-02-25 01:26:43,davis,DELETE_USER,AuditLogs,SUCCESS,749
2026-02-25 13:21:23,bwhite,CREATE_USER,AuditLogs,SUCCESS,853
2026-02-25 13:15:00,admin,LOGOUT,UserManagement,SUCCESS,1765
2026-02-25 11:41:27,davis,LOGIN,AuditLogs,SUCCESS,3276
2026-02-25 20:33:19,asmith,LOGIN,InventoryReport,SUCCESS,3539
2026-02-25 08:07:36,bwhite,ADMIN_CONFIG,UserManagement,SUCCESS,884
2026-02-25 12:17:29,bwhite,DELETE_USER,SalesDashboard,SUCCESS,3223
2026-02-25 16:17:24,admin,CREATE_USER,AuditLogs,SUCCESS,3026
2026-02-25 12:39:28,asmith,EXPORT_REPORT,InventoryReport,SUCCESS,1613
2026-02-25 10:19:35,davis,DELETE_USER,InventoryReport,FAILURE,1580
2026-02-25 12:40:57,admin,VIEW_REPORT,AuditLogs,SUCCESS,2972
2026-02-25 10:37:02,davis,VIEW_REPORT,InventoryReport,FAILURE,155
2026-02-25 08:48:19,bwhite,DELETE_USER,SystemSettings,SUCCESS,3946
2026-02-25 09:06:21,clane,DELETE_USER,InventoryReport,SUCCESS,4360
2026-02-25 12:54:16,asmith,VIEW_REPORT,SystemSettings,SUCCESS,3124
2026-02-25 09:49:39,jdoe,LOGIN,AuditLogs,SUCCESS,1615
2026-02-25 11:33:28,clane,LOGIN,SalesDashboard,SUCCESS,3406
2026-02-25 11:43:03,jdoe,ADMIN_CONFIG,UserManagement,SUCCESS,282
2026-02-25 15:05:44,clane,VIEW_REPORT,SalesDashboard,SUCCESS,4191
2026-02-25 09:32:10,clane,EXPORT_REPORT,UserManagement,SUCCESS,3681
2026-02-25 16:13:46,asmith,DELETE_USER,UserManagement,SUCCESS,1014
2026-02-25 12:03:31,asmith,LOGOUT,InventoryReport,SUCCESS,707
2026-02-25 16:15:57,asmith,CREATE_USER,UserManagement,SUCCESS,4494
2026-02-25 09:58:57,admin,VIEW_REPORT,UserManagement,SUCCESS,3162
2026-02-25 14:20:44,asmith,EXPORT_REPORT,UserManagement,SUCCESS,4125
2026-02-25 10:34:41,jdoe,LOGOUT,AuditLogs,SUCCESS,2366
2026-02-25 15:15:55,admin,ADMIN_CONFIG,SystemSettings,SUCCESS,3166
2026-02-25 14:36:41,admin,LOGIN,AuditLogs,SUCCESS,404
2026-02-25 15:56:33,admin,VIEW_REPORT,AuditLogs,SUCCESS,763
2026-02-25 12:19:55,bwhite,CREATE_USER,UserManagement,SUCCESS,2914
2026-02-25 11:06:11,davis,LOGOUT,AuditLogs,SUCCESS,4430
2026-02-25 09:00:22,asmith,LOGOUT,UserManagement,SUCCESS,3035
2026-02-25 14:34:54,bwhite,LOGIN,SalesDashboard,SUCCESS,1433
2026-02-25 11:33:13,jdoe,VIEW_REPORT,SalesDashboard,SUCCESS,3711
2026-02-25 15:42:30,clane,VIEW_REPORT,SalesDashboard,SUCCESS,3829
2026-02-25 15:32:37,asmith,LOGOUT,SalesDashboard,SUCCESS,2513
2026-02-25 16:05:57,bwhite,VIEW_REPORT,InventoryReport,SUCCESS,578
2026-02-25 12:48:53,admin,CREATE_USER,InventoryReport,SUCCESS,339
2026-02-25 12:07:59,clane,LOGIN,AuditLogs,SUCCESS,1937
2026-02-25 15:04:01,bwhite,VIEW_REPORT,AuditLogs,SUCCESS,2281
2026-02-25 16:01:10,jdoe,ADMIN_CONFIG,SalesDashboard,SUCCESS,4182
2026-02-25 12:48:10,asmith,LOGIN,SalesDashboard,SUCCESS,1612
2026-02-25 16:48:36,davis,LOGIN,AuditLogs,SUCCESS,687
2026-02-25 09:08:51,jdoe,LOGOUT,UserManagement,SUCCESS,888
2026-02-25 16:59:25,davis,ADMIN_CONFIG,SystemSettings,SUCCESS,838
2026-02-25 13:40:08,asmith,LOGOUT,SystemSettings,SUCCESS,3709
2026-02-25 04:59:59,jdoe,EXPORT_REPORT,SalesDashboard,FAILURE,4728
2026-02-25 12:23:49,clane,EXPORT_REPORT,SalesDashboard,FAILURE,4461
2026-02-25 14:21:36,jdoe,DELETE_USER,SalesDashboard,SUCCESS,1684
2026-02-25 13:41:42,clane,LOGOUT,AuditLogs,SUCCESS,1571
2026-02-25 16:32:39,asmith,EXPORT_REPORT,UserManagement,SUCCESS,4649
2026-02-25 13:27:03,jdoe,ADMIN_CONFIG,AuditLogs,SUCCESS,4674
2026-02-25 15:00:45,davis,VIEW_REPORT,SalesDashboard,SUCCESS,207
2026-02-25 13:49:49,jdoe,ADMIN_CONFIG,AuditLogs,SUCCESS,190
2026-02-25 09:34:40,asmith,LOGOUT,SystemSettings,SUCCESS,972
2026-02-25 10:59:22,davis,VIEW_REPORT,AuditLogs,SUCCESS,3070
2026-02-25 11:29:15,bwhite,VIEW_REPORT,SalesDashboard,SUCCESS,3279
2026-02-25 23:03:34,asmith,ADMIN_CONFIG,InventoryReport,SUCCESS,4790
2026-02-25 08:46:10,asmith,EXPORT_REPORT,UserManagement,SUCCESS,3470
2026-02-25 09:10:31,asmith,ADMIN_CONFIG,AuditLogs,SUCCESS,2785
2026-02-25 14:37:24,clane,DELETE_USER,AuditLogs,SUCCESS,3243
2026-02-25 14:55:33,jdoe,EXPORT_REPORT,UserManagement,SUCCESS,1164
2026-02-25 10:48:36,admin,LOGIN,AuditLogs,SUCCESS,4966
2026-02-25 13:48:23,davis,LOGIN,SystemSettings,SUCCESS,1738
2026-02-25 08:21:22,bwhite,CREATE_USER,AuditLogs,SUCCESS,590
2026-02-25 13:11:29,admin,CREATE_USER,SystemSettings,SUCCESS,1703
2026-02-25 13:47:31,bwhite,VIEW_REPORT,SalesDashboard,SUCCESS,4357
2026-02-25 16:26:59,asmith,VIEW_REPORT,AuditLogs,SUCCESS,250
2026-02-25 15:27:05,bwhite,DELETE_USER,AuditLogs,SUCCESS,3095
2026-02-25 12:34:56,bwhite,DELETE_USER,SystemSettings,SUCCESS,4274
2026-02-25 14:57:52,clane,CREATE_USER,SalesDashboard,SUCCESS,1734
2026-02-25 06:34:04,asmith,VIEW_REPORT,InventoryReport,SUCCESS,3863
2026-02-25 11:35:22,jdoe,CREATE_USER,AuditLogs,FAILURE,2115
2026-02-25 10:16:56,jdoe,EXPORT_REPORT,AuditLogs,SUCCESS,3247
2026-02-25 16:50:05,admin,LOGIN,InventoryReport,SUCCESS,838
2026-02-25 11:04:05,clane,VIEW_REPORT,AuditLogs,SUCCESS,501
2026-02-25 10:22:38,asmith,CREATE_USER,AuditLogs,SUCCESS,3521
2026-02-25 15:00:29,bwhite,ADMIN_CONFIG,InventoryReport,SUCCESS,2297
2026-02-25 09:22:10,clane,VIEW_REPORT,SalesDashboard,SUCCESS,1793
2026-02-25 09:45:29,asmith,ADMIN_CONFIG,UserManagement,SUCCESS,2134
2026-02-25 14:29:33,asmith,LOGIN,SalesDashboard,SUCCESS,4611
2026-02-25 09:51:07,jdoe,VIEW_REPORT,SalesDashboard,SUCCESS,2294
2026-02-25 16:10:33,davis,DELETE_USER,SalesDashboard,SUCCESS,1907
2026-02-25 15:45:14,clane,LOGIN,SystemSettings,SUCCESS,1027
2026-02-25 15:41:21,bwhite,LOGIN,InventoryReport,SUCCESS,1927
2026-02-25 09:53:14,bwhite,DELETE_USER,UserManagement,SUCCESS,3526
2026-02-25 14:30:03,davis,ADMIN_CONFIG,SystemSettings,SUCCESS,4623
2026-02-25 14:08:39,bwhite,LOGOUT,UserManagement,SUCCESS,2447
2026-02-25 18:07:34,admin,ADMIN_CONFIG,AuditLogs,SUCCESS,1196
2026-02-25 15:35:34,bwhite,CREATE_USER,SystemSettings,SUCCESS,4764
2026-02-25 13:49:57,clane,LOGIN,SystemSettings,SUCCESS,4916
2026-02-26 15:23:19,admin,LOGIN,SalesDashboard,SUCCESS,2922
2026-02-26 10:29:21,davis,ADMIN_CONFIG,SystemSettings,SUCCESS,2115
2026-02-26 09:24:48,admin,LOGIN,SystemSettings,SUCCESS,1772
2026-02-26 08:57:49,davis,EXPORT_REPORT,SystemSettings,SUCCESS,3975
2026-02-26 12:32:34,asmith,DELETE_USER,UserManagement,SUCCESS,458
2026-02-26 13:32:21,admin,DELETE_USER,SystemSettings,SUCCESS,3427
2026-02-26 14:28:26,bwhite,LOGIN,SystemSettings,SUCCESS,4640
2026-02-26 08:10:14,jdoe,CREATE_USER,AuditLogs,SUCCESS,392
2026-02-26 13:19:46,bwhite,ADMIN_CONFIG,SystemSettings,SUCCESS,3460
2026-02-26 15:42:49,davis,LOGIN,InventoryReport,SUCCESS,153
2026-02-26 16:38:08,clane,VIEW_REPORT,SystemSettings,SUCCESS,3566
2026-02-26 17:57:06,admin,CREATE_USER,InventoryReport,SUCCESS,2265
2026-02-26 11:00:17,admin,LOGIN,SalesDashboard,SUCCESS,2332
2026-02-26 14:17:47,admin,CREATE_USER,InventoryReport,SUCCESS,1859
2026-02-26 11:53:41,asmith,DELETE_USER,SystemSettings,SUCCESS,444
2026-02-26 11:28:21,admin,CREATE_USER,AuditLogs,SUCCESS,2471
2026-02-26 14:27:38,clane,LOGIN,AuditLogs,SUCCESS,2937
2026-02-26 13:18:57,bwhite,LOGIN,InventoryReport,SUCCESS,1729
2026-02-26 11:22:25,admin,ADMIN_CONFIG,UserManagement,SUCCESS,1045
2026-02-26 08:01:15,bwhite,VIEW_REPORT,UserManagement,SUCCESS,4572
2026-02-26 06:30:22,davis,LOGIN,SystemSettings,SUCCESS,4907
2026-02-26 08:40:15,asmith,CREATE_USER,AuditLogs,SUCCESS,2501
2026-02-26 08:12:33,admin,ADMIN_CONFIG,SystemSettings,SUCCESS,3807
2026-02-26 16:24:22,asmith,LOGIN,SalesDashboard,SUCCESS,2537
2026-02-26 09:38:55,asmith,VIEW_REPORT,SalesDashboard,SUCCESS,1010
2026-02-26 04:48:49,clane,ADMIN_CONFIG,UserManagement,SUCCESS,2699
2026-02-26 09:26:08,bwhite,CREATE_USER,AuditLogs,SUCCESS,814
2026-02-26 13:54:42,admin,CREATE_USER,UserManagement,SUCCESS,267
2026-02-26 12:58:31,davis,ADMIN_CONFIG,SalesDashboard,FAILURE,3514
2026-02-26 11:55:05,asmith,EXPORT_REPORT,AuditLogs,SUCCESS,3263
2026-02-26 01:03:23,admin,VIEW_REPORT,SalesDashboard,SUCCESS,2903
2026-02-26 09:41:19,jdoe,EXPORT_REPORT,InventoryReport,SUCCESS,875
2026-02-26 20:09:56,asmith,DELETE_USER,SalesDashboard,SUCCESS,1976
2026-02-26 08:08:10,bwhite,EXPORT_REPORT,UserManagement,SUCCESS,4591
2026-02-26 09:29:54,jdoe,ADMIN_CONFIG,InventoryReport,SUCCESS,4272
2026-02-26 13:50:42,davis,LOGIN,InventoryReport,SUCCESS,657
2026-02-26 09:41:06,bwhite,ADMIN_CONFIG,InventoryReport,SUCCESS,4720
2026-02-26 16:54:23,davis,LOGOUT,SystemSettings,SUCCESS,1842
2026-02-26 23:00:40,clane,DELETE_USER,SalesDashboard,SUCCESS,1604
2026-02-26 12:59:17,admin,EXPORT_REPORT,SalesDashboard,SUCCESS,4921
2026-02-26 17:37:23,davis,ADMIN_CONFIG,SystemSettings,SUCCESS,4975
2026-02-26 09:39:40,jdoe,ADMIN_CONFIG,UserManagement,SUCCESS,2946
2026-02-26 10:22:54,jdoe,ADMIN_CONFIG,AuditLogs,SUCCESS,2755
2026-02-26 11:06:21,asmith,CREATE_USER,SystemSettings,SUCCESS,286
2026-02-26 16:39:20,clane,VIEW_REPORT,AuditLogs,SUCCESS,196
2026-02-26 12:24:36,asmith,LOGIN,SalesDashboard,SUCCESS,101
2026-02-26 12:06:59,asmith,ADMIN_CONFIG,UserManagement,SUCCESS,4536
2026-02-26 13:14:04,davis,DELETE_USER,UserManagement,SUCCESS,2281
2026-02-26 06:46:20,bwhite,ADMIN_CONFIG,SalesDashboard,SUCCESS,2929
2026-02-26 15:11:22,clane,EXPORT_REPORT,UserManagement,SUCCESS,218
2026-02-26 16:04:12,jdoe,DELETE_USER,AuditLogs,SUCCESS,3129
2026-02-26 18:22:11,admin,CREATE_USER,SalesDashboard,SUCCESS,3779
2026-02-26 14:07:16,bwhite,DELETE_USER,SalesDashboard,SUCCESS,1640
2026-02-26 11:08:56,bwhite,LOGOUT,SystemSettings,SUCCESS,588
2026-02-26 11:11:02,davis,EXPORT_REPORT,UserManagement,SUCCESS,2163
2026-02-26 15:03:18,jdoe,VIEW_REPORT,SalesDashboard,SUCCESS,3403
2026-02-26 16:11:20,asmith,DELETE_USER,InventoryReport,FAILURE,1941
2026-02-26 09:12:15,clane,ADMIN_CONFIG,AuditLogs,SUCCESS,949
2026-02-26 01:10:03,jdoe,LOGIN,SystemSettings,SUCCESS,4722
2026-02-26 13:17:53,jdoe,DELETE_USER,SalesDashboard,SUCCESS,3948
2026-02-26 15:35:53,admin,LOGOUT,SalesDashboard,SUCCESS,2939
2026-02-26 09:48:07,bwhite,EXPORT_REPORT,InventoryReport,SUCCESS,1106
2026-02-26 10:28:37,davis,LOGIN,SystemSettings,SUCCESS,3067
2026-02-26 11:02:35,bwhite,VIEW_REPORT,UserManagement,SUCCESS,2523
2026-02-26 14:39:14,clane,LOGIN,SalesDashboard,SUCCESS,2378
2026-02-26 08:14:49,davis,EXPORT_REPORT,SystemSettings,FAILURE,4071
2026-02-27 13:30:56,jdoe,ADMIN_CONFIG,UserManagement,SUCCESS,1486
2026-02-27 14:00:11,davis,DELETE_USER,InventoryReport,SUCCESS,3560
2026-02-27 09:12:35,asmith,LOGOUT,InventoryReport,SUCCESS,1478
2026-02-27 13:41:24,clane,DELETE_USER,SystemSettings,SUCCESS,3272
2026-02-27 14:02:45,davis,EXPORT_REPORT,SystemSettings,SUCCESS,4240
2026-02-27 13:20:40,clane,DELETE_USER,SalesDashboard,SUCCESS,3964
2026-02-27 15:07:13,clane,DELETE_USER,SystemSettings,SUCCESS,2477
2026-02-27 12:11:01,bwhite,ADMIN_CONFIG,InventoryReport,SUCCESS,669
2026-02-27 08:00:52,admin,CREATE_USER,InventoryReport,SUCCESS,1354
2026-02-27 12:32:32,clane,VIEW_REPORT,SystemSettings,SUCCESS,81
2026-02-27 05:48:41,admin,LOGIN,SystemSettings,SUCCESS,321
2026-02-27 13:39:57,jdoe,VIEW_REPORT,SystemSettings,SUCCESS,4554
2026-02-27 08:17:51,asmith,VIEW_REPORT,UserManagement,SUCCESS,1899
2026-02-27 13:40:24,clane,VIEW_REPORT,UserManagement,SUCCESS,14
2026-02-27 12:26:33,jdoe,CREATE_USER,SystemSettings,SUCCESS,134
2026-02-27 15:54:21,davis,CREATE_USER,InventoryReport,SUCCESS,282
2026-02-27 07:33:45,jdoe,VIEW_REPORT,AuditLogs,SUCCESS,653
2026-02-27 12:36:34,admin,ADMIN_CONFIG,SalesDashboard,SUCCESS,4391
2026-02-27 14:54:25,bwhite,LOGOUT,UserManagement,SUCCESS,4485
2026-02-27 13:04:07,admin,ADMIN_CONFIG,InventoryReport,SUCCESS,370
2026-02-27 09:04:01,admin,LOGIN,UserManagement,SUCCESS,3867
2026-02-27 02:50:45,davis,EXPORT_REPORT,SalesDashboard,SUCCESS,671
2026-02-27 11:24:59,asmith,LOGIN,UserManagement,SUCCESS,3692
2026-02-27 13:13:31,davis,VIEW_REPORT,UserManagement,FAILURE,659
2026-02-27 09:41:23,davis,ADMIN_CONFIG,SystemSettings,SUCCESS,2057
2026-02-27 16:25:53,bwhite,VIEW_REPORT,InventoryReport,SUCCESS,4858
2026-02-27 12:05:01,jdoe,LOGOUT,SalesDashboard,SUCCESS,1772
2026-02-27 10:50:06,clane,CREATE_USER,SystemSettings,FAILURE,4678
2026-02-27 18:44:38,clane,LOGOUT,AuditLogs,SUCCESS,4098
2026-02-27 13:23:12,bwhite,ADMIN_CONFIG,InventoryReport,SUCCESS,3318
2026-02-27 19:43:50,asmith,LOGIN,UserManagement,SUCCESS,4701
2026-02-27 15:50:07,clane,VIEW_REPORT,SystemSettings,SUCCESS,2835
2026-02-27 11:19:10,bwhite,VIEW_REPORT,AuditLogs,SUCCESS,1865
2026-02-27 05:52:23,bwhite,VIEW_REPORT,AuditLogs,SUCCESS,372
2026-02-27 15:31:38,clane,LOGIN,AuditLogs,SUCCESS,2271
2026-02-27 02:49:27,davis,DELETE_USER,InventoryReport,SUCCESS,415
2026-02-27 13:38:38,davis,LOGIN,SalesDashboard,SUCCESS,3464
2026-02-27 09:52:27,jdoe,CREATE_USER,SalesDashboard,SUCCESS,2603
2026-02-27 16:09:18,admin,LOGIN,SalesDashboard,SUCCESS,1086
2026-02-27 11:20:14,jdoe,LOGOUT,InventoryReport,SUCCESS,2164
2026-02-27 10:40:56,clane,LOGIN,SalesDashboard,SUCCESS,734
2026-02-27 17:48:53,admin,LOGOUT,SalesDashboard,SUCCESS,4225
2026-02-27 13:59:02,bwhite,VIEW_REPORT,SystemSettings,SUCCESS,4517
2026-02-27 21:13:36,asmith,LOGIN,UserManagement,SUCCESS,1673
2026-02-27 00:30:59,admin,ADMIN_CONFIG,InventoryReport,SUCCESS,4588
2026-02-27 16:07:46,bwhite,DELETE_USER,InventoryReport,SUCCESS,1752
2026-02-27 12:54:49,asmith,EXPORT_REPORT,SystemSettings,SUCCESS,1485
2026-02-27 12:26:59,admin,CREATE_USER,UserManagement,SUCCESS,299
2026-02-27 22:59:51,bwhite,EXPORT_REPORT,SystemSettings,SUCCESS,2692
2026-02-27 16:41:17,bwhite,LOGOUT,SystemSettings,SUCCESS,2127
2026-02-27 11:33:30,clane,VIEW_REPORT,SystemSettings,SUCCESS,1484
2026-02-27 10:16:25,asmith,ADMIN_CONFIG,SystemSettings,FAILURE,4409
2026-02-27 13:53:22,admin,VIEW_REPORT,SystemSettings,SUCCESS,4861
2026-02-27 15:20:07,asmith,LOGIN,SystemSettings,SUCCESS,3620
2026-02-27 09:26:50,admin,ADMIN_CONFIG,AuditLogs,SUCCESS,890
2026-02-27 15:20:13,jdoe,DELETE_USER,SystemSettings,SUCCESS,2811
2026-02-27 13:36:29,jdoe,CREATE_USER,AuditLogs,SUCCESS,4155
2026-02-27 11:32:17,davis,LOGOUT,SystemSettings,SUCCESS,2244
2026-02-27 15:50:24,jdoe,LOGIN,InventoryReport,SUCCESS,526
2026-02-27 19:23:19,jdoe,DELETE_USER,UserManagement,SUCCESS,2105
2026-02-27 08:30:03,admin,EXPORT_REPORT,InventoryReport,SUCCESS,2422
2026-02-27 12:09:24,davis,LOGOUT,SystemSettings,SUCCESS,4580
2026-02-27 09:44:44,admin,VIEW_REPORT,SystemSettings,SUCCESS,733
2026-02-27 12:59:01,bwhite,ADMIN_CONFIG,SalesDashboard,SUCCESS,1876
2026-02-27 16:44:41,clane,EXPORT_REPORT,SalesDashboard,SUCCESS,1378
2026-02-27 11:11:17,jdoe,CREATE_USER,SystemSettings,SUCCESS,4707
2026-02-27 10:13:56,clane,ADMIN_CONFIG,SystemSettings,SUCCESS,222
2026-02-27 13:45:10,asmith,LOGOUT,SalesDashboard,SUCCESS,3383
2026-02-27 09:20:20,admin,VIEW_REPORT,SystemSettings,SUCCESS,4290
2026-02-27 08:39:38,clane,EXPORT_REPORT,AuditLogs,SUCCESS,181
2026-02-27 13:32:19,asmith,LOGOUT,SystemSettings,SUCCESS,1758
2026-02-27 15:20:58,bwhite,VIEW_REPORT,UserManagement,SUCCESS,491
2026-02-27 13:41:02,bwhite,LOGIN,SalesDashboard,SUCCESS,219
2026-02-27 13:17:58,davis,VIEW_REPORT,SystemSettings,SUCCESS,4180
2026-02-27 12:34:53,asmith,LOGOUT,InventoryReport,SUCCESS,618
2026-02-27 12:41:45,clane,CREATE_USER,SalesDashboard,SUCCESS,3915
2026-02-27 14:07:48,asmith,LOGOUT,SystemSettings,SUCCESS,4515
2026-02-27 10:58:07,admin,EXPORT_REPORT,AuditLogs,SUCCESS,2609
2026-02-27 18:31:46,jdoe,ADMIN_CONFIG,SalesDashboard,SUCCESS,4499
2026-02-27 15:19:12,bwhite,CREATE_USER,InventoryReport,SUCCESS,4789
2026-02-27 08:08:06,jdoe,LOGIN,AuditLogs,SUCCESS,2150
2026-02-27 16:28:45,admin,VIEW_REPORT,AuditLogs,SUCCESS,797
2026-02-27 11:59:17,jdoe,EXPORT_REPORT,UserManagement,SUCCESS,2798
2026-02-27 14:59:23,asmith,CREATE_USER,AuditLogs,SUCCESS,4632
2026-02-27 10:45:11,bwhite,VIEW_REPORT,SystemSettings,SUCCESS,4048
2026-02-27 10:11:27,davis,LOGIN,SalesDashboard,SUCCESS,4966
2026-02-27 16:31:01,bwhite,CREATE_USER,UserManagement,SUCCESS,2474
2026-02-27 16:21:51,bwhite,DELETE_USER,InventoryReport,SUCCESS,218
2026-02-27 15:28:19,asmith,LOGIN,UserManagement,SUCCESS,1059
2026-02-27 15:43:38,bwhite,DELETE_USER,UserManagement,SUCCESS,12
2026-02-27 12:28:48,jdoe,CREATE_USER,SalesDashboard,SUCCESS,2203
2026-02-27 09:32:32,admin,VIEW_REPORT,AuditLogs,SUCCESS,2711
2026-02-27 16:40:36,admin,LOGIN,UserManagement,SUCCESS,2482
2026-02-27 10:57:26,clane,EXPORT_REPORT,UserManagement,SUCCESS,230
2026-02-27 15:33:42,admin,LOGOUT,SalesDashboard,SUCCESS,2884
2026-02-27 18:00:51,clane,CREATE_USER,InventoryReport,SUCCESS,1409
2026-02-27 03:58:21,clane,CREATE_USER,AuditLogs,SUCCESS,2036
2026-02-27 11:40:35,clane,EXPORT_REPORT,InventoryReport,SUCCESS,794
2026-02-27 12:16:41,bwhite,CREATE_USER,InventoryReport,SUCCESS,4693
2026-02-27 15:16:00,jdoe,CREATE_USER,SalesDashboard,SUCCESS,3748
2026-02-27 14:52:24,davis,CREATE_USER,AuditLogs,SUCCESS,827
2026-02-27 12:07:46,davis,LOGIN,SalesDashboard,SUCCESS,4458
2026-02-27 16:59:53,davis,LOGOUT,SalesDashboard,SUCCESS,2871
2026-02-27 14:25:51,bwhite,LOGOUT,InventoryReport,SUCCESS,2546
2026-02-27 13:21:48,admin,LOGIN,SalesDashboard,SUCCESS,3260
2026-02-27 15:20:14,jdoe,ADMIN_CONFIG,UserManagement,SUCCESS,4987
2026-02-27 09:06:28,bwhite,ADMIN_CONFIG,SalesDashboard,SUCCESS,4618
2026-02-28 10:49:49,asmith,CREATE_USER,InventoryReport,SUCCESS,3276
2026-02-28 03:37:19,asmith,DELETE_USER,SystemSettings,SUCCESS,1576
2026-02-28 21:30:57,asmith,LOGIN,UserManagement,SUCCESS,381
2026-02-28 16:20:24,bwhite,LOGOUT,SalesDashboard,SUCCESS,2224
2026-02-28 10:04:11,bwhite,EXPORT_REPORT,AuditLogs,SUCCESS,3607
2026-02-28 14:35:39,clane,VIEW_REPORT,InventoryReport,SUCCESS,2872
2026-02-28 12:43:53,davis,LOGIN,UserManagement,SUCCESS,1742
2026-02-28 13:48:41,bwhite,LOGOUT,InventoryReport,SUCCESS,4582
2026-02-28 12:58:03,jdoe,ADMIN_CONFIG,InventoryReport,SUCCESS,4778
2026-02-28 00:38:47,asmith,EXPORT_REPORT,AuditLogs,SUCCESS,4191
2026-02-28 14:16:14,bwhite,EXPORT_REPORT,UserManagement,SUCCESS,4553
2026-03-01 17:23:14,clane,ADMIN_CONFIG,UserManagement,SUCCESS,4930
2026-03-01 07:44:12,asmith,LOGOUT,SystemSettings,SUCCESS,2168
2026-03-01 21:35:47,bwhite,CREATE_USER,InventoryReport,SUCCESS,2614
2026-03-01 06:08:44,admin,CREATE_USER,InventoryReport,SUCCESS,3017
2026-03-01 07:23:27,clane,CREATE_USER,AuditLogs,SUCCESS,147
2026-03-01 22:55:52,admin,LOGOUT,AuditLogs,SUCCESS,3435
2026-03-01 01:05:58,davis,DELETE_USER,SystemSettings,SUCCESS,3865
2026-03-01 19:52:51,asmith,DELETE_USER,SalesDashboard,SUCCESS,4286
2026-03-01 01:40:35,davis,EXPORT_REPORT,SalesDashboard,SUCCESS,2220
2026-03-01 11:46:56,bwhite,LOGOUT,UserManagement,SUCCESS,2674
2026-03-01 13:50:24,admin,DELETE_USER,SystemSettings,SUCCESS,1884
2026-03-01 11:11:22,asmith,VIEW_REPORT,UserManagement,SUCCESS,852
2026-03-01 08:17:15,clane,CREATE_USER,SalesDashboard,SUCCESS,2097
2026-03-02 10:51:31,jdoe,LOGOUT,InventoryReport,SUCCESS,3686
2026-03-02 08:53:43,admin,DELETE_USER,UserManagement,SUCCESS,1082
2026-03-02 06:53:57,admin,ADMIN_CONFIG,SalesDashboard,SUCCESS,4831
2026-03-02 08:51:17,asmith,VIEW_REPORT,UserManagement,SUCCESS,657
2026-03-02 12:26:53,admin,CREATE_USER,UserManagement,SUCCESS,4036
2026-03-02 15:26:58,admin,LOGOUT,SystemSettings,SUCCESS,1561
2026-03-02 14:48:37,bwhite,LOGIN,InventoryReport,SUCCESS,1089
2026-03-02 11:07:45,jdoe,LOGOUT,UserManagement,SUCCESS,4487
2026-03-02 11:21:37,davis,LOGOUT,AuditLogs,SUCCESS,4040
2026-03-02 14:59:09,jdoe,LOGOUT,AuditLogs,SUCCESS,2104
2026-03-02 15:31:39,bwhite,LOGIN,UserManagement,SUCCESS,2350
2026-03-02 14:33:14,jdoe,DELETE_USER,AuditLogs,SUCCESS,3960
2026-03-02 16:43:35,admin,VIEW_REPORT,AuditLogs,SUCCESS,3012
2026-03-02 10:41:39,bwhite,LOGOUT,SystemSettings,SUCCESS,3556
2026-03-02 15:05:39,clane,ADMIN_CONFIG,UserManagement,SUCCESS,2125
2026-03-02 13:41:26,clane,CREATE_USER,SystemSettings,SUCCESS,970
2026-03-02 12:43:42,bwhite,ADMIN_CONFIG,SalesDashboard,SUCCESS,2874
2026-03-02 14:31:47,davis,LOGIN,UserManagement,FAILURE,25
2026-03-02 15:13:40,asmith,LOGIN,UserManagement,SUCCESS,3975
2026-03-02 16:23:22,clane,ADMIN_CONFIG,SalesDashboard,SUCCESS,4739
2026-03-02 11:12:43,asmith,LOGOUT,AuditLogs,SUCCESS,2979
2026-03-02 08:37:01,davis,DELETE_USER,UserManagement,FAILURE,291
2026-03-02 16:41:43,admin,LOGOUT,InventoryReport,SUCCESS,4800
2026-03-02 09:01:13,davis,LOGIN,AuditLogs,SUCCESS,3126
2026-03-02 10:10:50,davis,VIEW_REPORT,InventoryReport,SUCCESS,2303
2026-03-02 15:11:19,asmith,CREATE_USER,InventoryReport,SUCCESS,1475
2026-03-02 14:00:32,asmith,LOGIN,AuditLogs,SUCCESS,1595
2026-03-02 14:27:05,jdoe,DELETE_USER,SystemSettings,SUCCESS,1789
2026-03-02 09:41:04,asmith,LOGOUT,AuditLogs,SUCCESS,290
2026-03-02 11:01:30,asmith,LOGOUT,SalesDashboard,SUCCESS,1838
2026-03-02 08:37:58,davis,LOGIN,InventoryReport,SUCCESS,3610
2026-03-02 08:58:46,asmith,LOGOUT,SalesDashboard,SUCCESS,2398
2026-03-02 05:37:04,jdoe,EXPORT_REPORT,SystemSettings,SUCCESS,864
2026-03-02 11:34:20,asmith,ADMIN_CONFIG,AuditLogs,SUCCESS,4807
2026-03-02 16:41:36,clane,ADMIN_CONFIG,AuditLogs,SUCCESS,2220
2026-03-02 10:30:59,asmith,LOGOUT,AuditLogs,SUCCESS,2992
2026-03-02 15:14:44,davis,DELETE_USER,SystemSettings,SUCCESS,3702
2026-03-02 20:55:55,bwhite,ADMIN_CONFIG,AuditLogs,SUCCESS,1656
2026-03-02 09:53:25,davis,ADMIN_CONFIG,UserManagement,FAILURE,3752
2026-03-02 17:43:31,clane,VIEW_REPORT,AuditLogs,FAILURE,1010
2026-03-02 15:30:00,bwhite,DELETE_USER,UserManagement,SUCCESS,373
2026-03-02 06:56:35,asmith,LOGIN,SystemSettings,SUCCESS,3234
2026-03-02 09:34:05,clane,LOGOUT,InventoryReport,SUCCESS,4916
2026-03-02 11:08:26,bwhite,VIEW_REPORT,SystemSettings,SUCCESS,1929
2026-03-02 12:40:16,bwhite,DELETE_USER,InventoryReport,SUCCESS,2157
2026-03-02 23:31:50,admin,VIEW_REPORT,SalesDashboard,SUCCESS,2035
2026-03-02 09:49:50,bwhite,CREATE_USER,SystemSettings,SUCCESS,4840
2026-03-02 11:18:27,bwhite,LOGIN,SalesDashboard,SUCCESS,1036
2026-03-02 06:22:00,asmith,ADMIN_CONFIG,InventoryReport,SUCCESS,747
2026-03-02 09:33:47,jdoe,LOGOUT,InventoryReport,SUCCESS,1700
2026-03-02 15:49:42,admin,LOGOUT,UserManagement,SUCCESS,2674
2026-03-02 10:57:14,clane,CREATE_USER,UserManagement,SUCCESS,3493
2026-03-02 23:44:59,admin,ADMIN_CONFIG,SalesDashboard,SUCCESS,740
2026-03-02 13:52:12,asmith,LOGOUT,UserManagement,SUCCESS,4260
2026-03-02 11:20:28,asmith,DELETE_USER,SystemSettings,SUCCESS,2141
2026-03-02 14:15:42,bwhite,DELETE_USER,UserManagement,SUCCESS,4996
2026-03-02 14:18:24,admin,LOGOUT,InventoryReport,SUCCESS,4292
2026-03-02 10:31:08,davis,EXPORT_REPORT,AuditLogs,SUCCESS,1998
2026-03-02 09:30:14,clane,LOGIN,AuditLogs,SUCCESS,1843
2026-03-02 10:07:39,davis,LOGOUT,UserManagement,SUCCESS,1665
2026-03-02 13:34:42,asmith,LOGOUT,UserManagement,SUCCESS,1008
2026-03-02 15:48:03,bwhite,ADMIN_CONFIG,SystemSettings,FAILURE,1285
2026-03-02 01:23:57,admin,ADMIN_CONFIG,SalesDashboard,SUCCESS,4953
2026-03-02 13:17:55,admin,LOGIN,SystemSettings,SUCCESS,3802
2026-03-02 14:43:30,admin,LOGOUT,SystemSettings,SUCCESS,725
2026-03-02 10:57:44,bwhite,ADMIN_CONFIG,InventoryReport,SUCCESS,2411
2026-03-02 21:05:22,jdoe,CREATE_USER,SystemSettings,SUCCESS,2312
2026-03-02 12:29:54,admin,LOGOUT,UserManagement,SUCCESS,3244
2026-03-02 13:25:25,bwhite,CREATE_USER,SalesDashboard,SUCCESS,4818
2026-03-02 01:13:30,davis,VIEW_REPORT,SystemSettings,SUCCESS,531
2026-03-02 16:46:43,asmith,ADMIN_CONFIG,UserManagement,SUCCESS,1331
2026-03-02 08:24:24,asmith,CREATE_USER,SystemSettings,SUCCESS,2535
2026-03-02 09:08:00,asmith,ADMIN_CONFIG,UserManagement,SUCCESS,4761
2026-03-02 12:38:30,jdoe,LOGIN,SystemSettings,SUCCESS,4757
2026-03-02 08:21:58,admin,LOGIN,AuditLogs,SUCCESS,3991
2026-03-02 12:03:30,bwhite,CREATE_USER,AuditLogs,SUCCESS,3751
2026-03-02 09:41:53,asmith,DELETE_USER,SystemSettings,SUCCESS,3110
2026-03-02 12:29:18,davis,LOGOUT,SalesDashboard,SUCCESS,4739
2026-03-02 15:04:24,davis,CREATE_USER,AuditLogs,SUCCESS,1769
2026-03-02 09:35:07,asmith,DELETE_USER,SystemSettings,SUCCESS,1126
2026-03-02 03:19:30,clane,EXPORT_REPORT,SystemSettings,SUCCESS,575
2026-03-02 13:00:47,admin,DELETE_USER,UserManagement,SUCCESS,518
2026-03-02 15:58:06,jdoe,CREATE_USER,SalesDashboard,SUCCESS,1962
2026-03-02 22:48:04,bwhite,ADMIN_CONFIG,UserManagement,SUCCESS,4636
2026-03-02 12:39:31,jdoe,LOGOUT,InventoryReport,SUCCESS,2433
2026-03-02 15:40:06,clane,VIEW_REPORT,SystemSettings,SUCCESS,4083
2026-03-02 15:10:17,bwhite,LOGIN,AuditLogs,SUCCESS,1360
2026-03-02 15:12:12,clane,LOGIN,UserManagement,SUCCESS,2377
2026-03-02 13:33:04,clane,CREATE_USER,SystemSettings,SUCCESS,559
2026-03-02 15:20:17,asmith,LOGIN,SystemSettings,SUCCESS,1378
2026-03-02 10:05:11,asmith,DELETE_USER,SystemSettings,SUCCESS,4913
2026-03-02 14:15:59,jdoe,VIEW_REPORT,AuditLogs,SUCCESS,1594
2026-03-02 23:29:49,jdoe,LOGOUT,UserManagement,SUCCESS,1812
2026-03-03 19:26:22,asmith,ADMIN_CONFIG,SystemSettings,SUCCESS,4611
2026-03-03 12:19:11,davis,ADMIN_CONFIG,SalesDashboard,SUCCESS,4999
2026-03-03 15:50:54,davis,LOGIN,AuditLogs,SUCCESS,2074
2026-03-03 09:49:55,bwhite,EXPORT_REPORT,SystemSettings,SUCCESS,2782
2026-03-03 09:15:53,admin,EXPORT_REPORT,UserManagement,SUCCESS,3134
2026-03-03 20:22:20,admin,DELETE_USER,SalesDashboard,SUCCESS,3275
2026-03-03 15:30:01,admin,LOGIN,InventoryReport,SUCCESS,4040
2026-03-03 09:25:01,asmith,VIEW_REPORT,UserManagement,FAILURE,1880
2026-03-03 08:43:55,clane,LOGOUT,SalesDashboard,SUCCESS,2719
2026-03-03 06:36:08,jdoe,VIEW_REPORT,SystemSettings,SUCCESS,18
2026-03-03 14:54:20,clane,LOGOUT,SystemSettings,SUCCESS,1718
2026-03-03 13:07:45,asmith,DELETE_USER,AuditLogs,SUCCESS,4920
2026-03-03 13:17:49,asmith,LOGIN,UserManagement,SUCCESS,2898
2026-03-03 14:44:02,clane,CREATE_USER,InventoryReport,SUCCESS,1321
2026-03-03 12:10:08,jdoe,EXPORT_REPORT,SystemSettings,SUCCESS,4467
2026-03-03 16:09:50,davis,CREATE_USER,SalesDashboard,SUCCESS,343
2026-03-03 10:55:18,jdoe,VIEW_REPORT,UserManagement,SUCCESS,3922
2026-03-03 10:45:41,jdoe,DELETE_USER,SystemSettings,SUCCESS,1008
2026-03-03 16:29:26,jdoe,LOGOUT,InventoryReport,SUCCESS,2833
2026-03-03 09:42:35,davis,DELETE_USER,InventoryReport,SUCCESS,4594
2026-03-03 08:05:22,asmith,EXPORT_REPORT,InventoryReport,SUCCESS,1390
2026-03-03 09:05:46,asmith,LOGIN,SalesDashboard,SUCCESS,3694
2026-03-03 09:50:11,admin,EXPORT_REPORT,UserManagement,SUCCESS,795
2026-03-03 16:53:55,admin,LOGIN,UserManagement,SUCCESS,2256
2026-03-03 11:03:33,clane,CREATE_USER,AuditLogs,SUCCESS,4258
2026-03-03 14:06:41,asmith,EXPORT_REPORT,AuditLogs,SUCCESS,1917
2026-03-03 15:45:19,bwhite,DELETE_USER,SalesDashboard,SUCCESS,3950
2026-03-03 11:43:58,admin,LOGIN,SystemSettings,SUCCESS,4525
2026-03-03 15:30:04,davis,VIEW_REPORT,AuditLogs,SUCCESS,124
2026-03-03 12:35:25,davis,DELETE_USER,SalesDashboard,SUCCESS,4851
2026-03-03 08:01:50,asmith,EXPORT_REPORT,AuditLogs,SUCCESS,1537
2026-03-03 19:42:57,bwhite,LOGIN,SystemSettings,SUCCESS,4909
2026-03-03 10:05:13,asmith,LOGOUT,AuditLogs,SUCCESS,2563
2026-03-03 11:09:44,davis,CREATE_USER,UserManagement,SUCCESS,4214
2026-03-03 03:28:29,davis,LOGOUT,SalesDashboard,SUCCESS,1405
2026-03-03 15:29:02,davis,VIEW_REPORT,UserManagement,SUCCESS,4322
2026-03-03 11:28:39,admin,LOGIN,SalesDashboard,SUCCESS,2560
2026-03-03 11:48:01,jdoe,EXPORT_REPORT,InventoryReport,SUCCESS,881
2026-03-03 12:29:18,bwhite,ADMIN_CONFIG,AuditLogs,SUCCESS,1645
2026-03-03 18:00:55,bwhite,LOGOUT,AuditLogs,SUCCESS,1571
2026-03-03 15:59:44,admin,VIEW_REPORT,InventoryReport,SUCCESS,1054
2026-03-03 12:51:20,clane,LOGIN,AuditLogs,SUCCESS,1534
2026-03-03 02:12:51,davis,ADMIN_CONFIG,AuditLogs,SUCCESS,1650
2026-03-03 02:15:31,asmith,ADMIN_CONFIG,InventoryReport,SUCCESS,4920
2026-03-03 08:21:26,asmith,DELETE_USER,AuditLogs,SUCCESS,2337
2026-03-03 08:24:27,admin,CREATE_USER,InventoryReport,SUCCESS,2768
2026-03-03 12:25:00,davis,EXPORT_REPORT,SystemSettings,SUCCESS,3789
2026-03-03 15:29:13,asmith,CREATE_USER,InventoryReport,SUCCESS,1845
2026-03-03 13:36:55,admin,ADMIN_CONFIG,InventoryReport,SUCCESS,2719
2026-03-03 14:56:57,clane,LOGOUT,AuditLogs,SUCCESS,2171
2026-03-03 11:53:23,bwhite,ADMIN_CONFIG,InventoryReport,SUCCESS,2915
2026-03-03 11:32:07,jdoe,DELETE_USER,AuditLogs,SUCCESS,4569
2026-03-03 14:43:50,davis,VIEW_REPORT,InventoryReport,SUCCESS,837
2026-03-03 03:37:25,asmith,EXPORT_REPORT,SystemSettings,SUCCESS,1730
2026-03-03 15:30:18,admin,EXPORT_REPORT,AuditLogs,SUCCESS,42
2026-03-03 00:52:28,clane,CREATE_USER,UserManagement,SUCCESS,3179
2026-03-03 12:24:38,asmith,DELETE_USER,UserManagement,SUCCESS,1613
2026-03-03 20:27:36,davis,CREATE_USER,SystemSettings,SUCCESS,1814
2026-03-03 16:13:58,asmith,DELETE_USER,AuditLogs,SUCCESS,1399
2026-03-03 15:40:44,davis,CREATE_USER,AuditLogs,SUCCESS,2630
2026-03-03 03:04:44,asmith,CREATE_USER,UserManagement,SUCCESS,3377
2026-03-03 15:52:58,clane,LOGIN,SalesDashboard,SUCCESS,2906
2026-03-03 11:03:02,asmith,CREATE_USER,UserManagement,SUCCESS,2988
2026-03-03 02:12:19,admin,CREATE_USER,UserManagement,SUCCESS,4203
2026-03-03 16:28:44,asmith,DELETE_USER,InventoryReport,SUCCESS,3743
2026-03-03 16:29:37,jdoe,ADMIN_CONFIG,SystemSettings,SUCCESS,80
2026-03-03 09:28:58,bwhite,ADMIN_CONFIG,UserManagement,SUCCESS,1358
2026-03-03 01:00:55,bwhite,LOGIN,SalesDashboard,SUCCESS,973
2026-03-03 14:48:57,davis,ADMIN_CONFIG,InventoryReport,FAILURE,2059
2026-03-03 11:26:42,clane,VIEW_REPORT,SystemSettings,SUCCESS,3824
2026-03-03 09:18:32,admin,LOGIN,AuditLogs,SUCCESS,1783
2026-03-03 22:33:53,clane,ADMIN_CONFIG,SalesDashboard,SUCCESS,3454
2026-03-03 22:51:46,clane,VIEW_REPORT,UserManagement,SUCCESS,2422
2026-03-03 06:38:12,admin,LOGIN,InventoryReport,SUCCESS,1922
2026-03-03 13:33:44,admin,VIEW_REPORT,InventoryReport,SUCCESS,4271
2026-03-03 13:31:08,bwhite,ADMIN_CONFIG,SystemSettings,SUCCESS,1303
2026-03-03 11:45:52,admin,ADMIN_CONFIG,SalesDashboard,SUCCESS,3370
2026-03-03 09:12:35,bwhite,ADMIN_CONFIG,UserManagement,SUCCESS,1315
2026-03-03 13:37:34,jdoe,DELETE_USER,AuditLogs,SUCCESS,4805
2026-03-03 07:29:33,jdoe,CREATE_USER,InventoryReport,SUCCESS,51
2026-03-03 16:40:23,asmith,VIEW_REPORT,SystemSettings,SUCCESS,3482
2026-03-03 08:56:23,admin,CREATE_USER,InventoryReport,SUCCESS,1679
2026-03-03 05:09:13,admin,ADMIN_CONFIG,AuditLogs,SUCCESS,2512
2026-03-03 16:14:38,admin,VIEW_REPORT,UserManagement,SUCCESS,3929
2026-03-03 12:29:00,clane,LOGOUT,SalesDashboard,SUCCESS,2378
2026-03-03 11:31:53,bwhite,DELETE_USER,SalesDashboard,SUCCESS,3917
2026-03-03 22:28:10,bwhite,DELETE_USER,AuditLogs,SUCCESS,4710
2026-03-03 10:55:51,jdoe,ADMIN_CONFIG,SystemSettings,SUCCESS,1921
2026-03-03 08:17:44,admin,EXPORT_REPORT,UserManagement,SUCCESS,1461
2026-03-03 11:20:45,jdoe,CREATE_USER,SalesDashboard,SUCCESS,4890
2026-03-03 13:00:47,bwhite,ADMIN_CONFIG,SystemSettings,SUCCESS,2236
2026-03-03 08:28:30,clane,ADMIN_CONFIG,UserManagement,SUCCESS,3053
2026-03-03 11:00:47,admin,LOGIN,InventoryReport,SUCCESS,60
2026-03-03 16:13:27,asmith,CREATE_USER,UserManagement,SUCCESS,3497
2026-03-03 02:20:18,admin,LOGIN,AuditLogs,SUCCESS,4991
2026-03-03 10:17:41,clane,VIEW_REPORT,InventoryReport,SUCCESS,3778
2026-03-03 14:14:08,admin,LOGIN,InventoryReport,SUCCESS,1354
2026-03-03 09:12:03,jdoe,LOGIN,SalesDashboard,SUCCESS,1634
2026-03-03 16:42:01,asmith,DELETE_USER,SystemSettings,SUCCESS,4111
2026-03-03 11:12:26,davis,CREATE_USER,SystemSettings,SUCCESS,2749
2026-03-03 18:14:13,davis,VIEW_REPORT,SalesDashboard,SUCCESS,2670
2026-03-03 14:49:49,clane,LOGIN,UserManagement,FAILURE,1549
2026-03-03 10:54:13,jdoe,EXPORT_REPORT,SalesDashboard,SUCCESS,4662
2026-03-03 10:39:46,clane,VIEW_REPORT,UserManagement,SUCCESS,4636
2026-03-03 16:24:26,admin,DELETE_USER,SystemSettings,SUCCESS,3403
2026-03-03 13:57:54,admin,LOGOUT,SalesDashboard,SUCCESS,3301
2026-03-03 10:39:30,jdoe,EXPORT_REPORT,InventoryReport,SUCCESS,4820
2026-03-03 11:03:08,clane,VIEW_REPORT,InventoryReport,SUCCESS,571
2026-03-03 14:50:51,asmith,EXPORT_REPORT,InventoryReport,SUCCESS,4221
2026-03-03 13:38:50,davis,EXPORT_REPORT,UserManagement,SUCCESS,3612
2026-03-03 10:20:14,bwhite,LOGIN,SalesDashboard,SUCCESS,3683
2026-03-03 21:58:54,bwhite,LOGOUT,SystemSettings,SUCCESS,3276
2026-03-03 11:21:13,asmith,LOGOUT,UserManagement,SUCCESS,1927
2026-03-03 12:50:11,bwhite,LOGIN,SalesDashboard,SUCCESS,2234
2026-03-03 14:42:17,asmith,VIEW_REPORT,InventoryReport,SUCCESS,4799
2026-03-03 14:26:43,bwhite,ADMIN_CONFIG,AuditLogs,SUCCESS,3376
2026-03-03 12:46:16,davis,LOGOUT,SystemSettings,SUCCESS,2595
2026-03-03 10:34:21,bwhite,ADMIN_CONFIG,SalesDashboard,SUCCESS,3163
2026-03-04 16:11:26,davis,EXPORT_REPORT,UserManagement,SUCCESS,1318
2026-03-04 10:29:02,jdoe,EXPORT_REPORT,SalesDashboard,SUCCESS,1895
2026-03-04 14:41:30,clane,LOGIN,InventoryReport,SUCCESS,3477
2026-03-04 13:59:42,admin,ADMIN_CONFIG,AuditLogs,SUCCESS,1156
2026-03-04 15:10:06,admin,CREATE_USER,InventoryReport,SUCCESS,4058
2026-03-04 08:19:20,clane,LOGOUT,AuditLogs,SUCCESS,3741
2026-03-04 11:31:03,jdoe,LOGOUT,UserManagement,SUCCESS,1227
2026-03-04 10:39:47,clane,LOGOUT,UserManagement,SUCCESS,2467
2026-03-04 13:21:33,bwhite,LOGOUT,InventoryReport,SUCCESS,59
2026-03-04 12:34:17,clane,LOGOUT,SalesDashboard,SUCCESS,3645
2026-03-04 08:51:41,jdoe,LOGIN,UserManagement,SUCCESS,2580
2026-03-04 13:38:45,davis,LOGOUT,InventoryReport,SUCCESS,4840
2026-03-04 20:49:18,jdoe,LOGIN,SystemSettings,SUCCESS,3473
2026-03-04 12:09:59,bwhite,DELETE_USER,InventoryReport,SUCCESS,1318
2026-03-04 14:36:16,bwhite,LOGOUT,AuditLogs,SUCCESS,4380
2026-03-04 00:44:41,bwhite,CREATE_USER,AuditLogs,SUCCESS,3667
2026-03-04 10:18:48,clane,LOGOUT,SystemSettings,SUCCESS,2502
2026-03-04 11:35:54,clane,LOGOUT,SystemSettings,SUCCESS,3689
2026-03-04 09:40:03,bwhite,LOGIN,UserManagement,SUCCESS,4538
2026-03-04 08:36:28,bwhite,LOGOUT,SalesDashboard,SUCCESS,1991
2026-03-04 11:11:49,bwhite,LOGIN,SystemSettings,SUCCESS,668
2026-03-04 11:07:57,admin,LOGOUT,UserManagement,SUCCESS,4447
2026-03-04 15:08:26,jdoe,DELETE_USER,AuditLogs,SUCCESS,1198
2026-03-04 11:53:34,bwhite,LOGIN,InventoryReport,SUCCESS,2409
2026-03-04 10:47:25,admin,VIEW_REPORT,UserManagement,SUCCESS,4449
2026-03-04 10:14:43,davis,CREATE_USER,AuditLogs,SUCCESS,4223
2026-03-04 09:17:26,admin,VIEW_REPORT,InventoryReport,SUCCESS,1752
2026-03-04 11:26:41,admin,DELETE_USER,SalesDashboard,SUCCESS,46
2026-03-04 14:33:54,bwhite,LOGOUT,SalesDashboard,SUCCESS,1065
2026-03-04 15:28:05,admin,LOGOUT,InventoryReport,SUCCESS,159
2026-03-04 11:09:03,bwhite,ADMIN_CONFIG,UserManagement,SUCCESS,2460
2026-03-04 08:01:11,davis,ADMIN_CONFIG,InventoryReport,SUCCESS,3468
2026-03-04 13:02:58,admin,EXPORT_REPORT,UserManagement,SUCCESS,609
2026-03-04 02:23:34,bwhite,DELETE_USER,UserManagement,SUCCESS,2070
2026-03-04 08:50:11,asmith,LOGOUT,SystemSettings,SUCCESS,686
2026-03-04 09:27:34,davis,LOGOUT,InventoryReport,SUCCESS,4955
2026-03-04 09:20:27,bwhite,LOGOUT,SystemSettings,SUCCESS,1652
2026-03-04 13:55:51,bwhite,ADMIN_CONFIG,InventoryReport,SUCCESS,1155
2026-03-04 16:01:22,admin,EXPORT_REPORT,SystemSettings,SUCCESS,1660
2026-03-04 09:42:13,clane,ADMIN_CONFIG,InventoryReport,SUCCESS,3472
2026-03-04 18:16:26,jdoe,ADMIN_CONFIG,InventoryReport,SUCCESS,2260
2026-03-04 12:54:10,bwhite,DELETE_USER,InventoryReport,SUCCESS,3662
2026-03-04 09:16:31,clane,DELETE_USER,SalesDashboard,FAILURE,2852
2026-03-04 14:01:28,jdoe,ADMIN_CONFIG,UserManagement,SUCCESS,4045
2026-03-04 15:34:35,asmith,DELETE_USER,SystemSettings,SUCCESS,4694
2026-03-04 08:43:12,jdoe,EXPORT_REPORT,InventoryReport,SUCCESS,3621
2026-03-04 13:32:33,jdoe,LOGIN,UserManagement,SUCCESS,3225
2026-03-04 13:08:37,bwhite,CREATE_USER,SalesDashboard,SUCCESS,2038
2026-03-04 08:05:02,davis,CREATE_USER,AuditLogs,SUCCESS,1922
2026-03-04 06:30:34,jdoe,LOGOUT,SystemSettings,FAILURE,4096
2026-03-04 13:08:20,bwhite,LOGOUT,AuditLogs,SUCCESS,4117
2026-03-04 10:12:58,admin,LOGIN,SalesDashboard,SUCCESS,1945
2026-03-04 20:25:25,clane,CREATE_USER,AuditLogs,FAILURE,3754
2026-03-04 10:47:13,admin,LOGIN,SalesDashboard,SUCCESS,1458
2026-03-04 10:45:06,jdoe,DELETE_USER,AuditLogs,SUCCESS,66
2026-03-04 09:44:41,clane,DELETE_USER,SalesDashboard,FAILURE,4024
2026-03-04 09:48:57,asmith,VIEW_REPORT,AuditLogs,SUCCESS,84
2026-03-04 22:24:38,admin,EXPORT_REPORT,UserManagement,SUCCESS,2381
2026-03-04 12:53:19,jdoe,DELETE_USER,InventoryReport,SUCCESS,3720
2026-03-04 14:48:01,asmith,DELETE_USER,UserManagement,SUCCESS,1212
2026-03-04 10:01:00,bwhite,DELETE_USER,SystemSettings,SUCCESS,2987
2026-03-04 15:58:48,jdoe,VIEW_REPORT,SalesDashboard,SUCCESS,3755
2026-03-04 13:34:54,asmith,CREATE_USER,UserManagement,SUCCESS,51
2026-03-04 16:12:22,admin,LOGOUT,SalesDashboard,SUCCESS,3364
2026-03-04 15:05:11,asmith,VIEW_REPORT,InventoryReport,SUCCESS,280
2026-03-04 11:50:15,admin,VIEW_REPORT,InventoryReport,SUCCESS,3465
2026-03-04 13:02:17,asmith,ADMIN_CONFIG,UserManagement,SUCCESS,4783
2026-03-04 14:25:35,admin,VIEW_REPORT,SalesDashboard,SUCCESS,4694
2026-03-04 13:36:46,clane,ADMIN_CONFIG,SystemSettings,SUCCESS,268
2026-03-04 13:28:50,admin,LOGIN,SystemSettings,SUCCESS,395
2026-03-04 14:46:35,clane,DELETE_USER,AuditLogs,SUCCESS,2008
2026-03-04 16:02:42,clane,ADMIN_CONFIG,SystemSettings,SUCCESS,2635
2026-03-04 10:15:10,admin,EXPORT_REPORT,AuditLogs,SUCCESS,2303
2026-03-04 04:38:25,bwhite,LOGOUT,AuditLogs,SUCCESS,1572
2026-03-04 11:41:22,davis,ADMIN_CONFIG,UserManagement,SUCCESS,533
2026-03-04 14:49:08,bwhite,VIEW_REPORT,UserManagement,SUCCESS,2909
2026-03-04 11:33:20,asmith,EXPORT_REPORT,AuditLogs,SUCCESS,361
2026-03-04 19:53:05,davis,DELETE_USER,SystemSettings,SUCCESS,2114
2026-03-04 15:09:32,bwhite,EXPORT_REPORT,InventoryReport,SUCCESS,198
2026-03-04 13:05:05,jdoe,LOGIN,SystemSettings,SUCCESS,3867
2026-03-04 06:57:38,asmith,LOGOUT,SalesDashboard,SUCCESS,1337
2026-03-04 13:21:50,davis,LOGIN,AuditLogs,SUCCESS,2317
2026-03-04 16:38:02,bwhite,LOGIN,SalesDashboard,SUCCESS,4698
2026-03-04 14:49:29,jdoe,VIEW_REPORT,SalesDashboard,SUCCESS,2437
2026-03-04 13:50:23,asmith,ADMIN_CONFIG,SalesDashboard,SUCCESS,1174
2026-03-04 00:07:36,admin,ADMIN_CONFIG,AuditLogs,SUCCESS,2444
2026-03-04 21:43:44,davis,VIEW_REPORT,UserManagement,FAILURE,1168
2026-03-04 12:01:38,admin,EXPORT_REPORT,SalesDashboard,SUCCESS,327
2026-03-04 09:20:18,clane,DELETE_USER,SalesDashboard,SUCCESS,4500
2026-03-04 10:16:51,davis,ADMIN_CONFIG,UserManagement,SUCCESS,2598
2026-03-04 16:47:45,jdoe,ADMIN_CONFIG,SalesDashboard,FAILURE,3083
2026-03-04 15:59:51,admin,ADMIN_CONFIG,SystemSettings,SUCCESS,3053
2026-03-04 10:15:52,jdoe,LOGOUT,AuditLogs,SUCCESS,3718
2026-03-04 11:17:29,asmith,DELETE_USER,UserManagement,SUCCESS,1948
2026-03-05 10:34:32,admin,LOGIN,UserManagement,SUCCESS,2040
2026-03-05 14:55:43,davis,DELETE_USER,InventoryReport,SUCCESS,1029
2026-03-05 09:46:00,jdoe,LOGIN,AuditLogs,SUCCESS,4719
2026-03-05 10:16:14,admin,ADMIN_CONFIG,SalesDashboard,SUCCESS,4604
2026-03-05 08:11:03,davis,EXPORT_REPORT,SystemSettings,SUCCESS,1557
2026-03-05 23:24:33,jdoe,VIEW_REPORT,AuditLogs,SUCCESS,3641
2026-03-05 15:54:27,jdoe,CREATE_USER,SalesDashboard,SUCCESS,1787
2026-03-05 16:42:52,admin,CREATE_USER,InventoryReport,SUCCESS,2175
2026-03-05 09:51:18,admin,DELETE_USER,UserManagement,SUCCESS,305
2026-03-05 11:27:11,asmith,EXPORT_REPORT,AuditLogs,SUCCESS,69
2026-03-05 13:55:08,davis,CREATE_USER,AuditLogs,SUCCESS,3121
2026-03-05 08:01:45,bwhite,LOGIN,UserManagement,SUCCESS,2563
2026-03-05 14:54:33,bwhite,LOGIN,SalesDashboard,SUCCESS,4424
2026-03-05 10:26:04,davis,LOGOUT,InventoryReport,SUCCESS,1978
2026-03-05 14:59:06,jdoe,LOGOUT,SystemSettings,SUCCESS,974
2026-03-05 12:06:25,jdoe,EXPORT_REPORT,UserManagement,SUCCESS,1490
2026-03-05 12:27:41,asmith,LOGIN,UserManagement,SUCCESS,1639
2026-03-05 08:58:20,davis,LOGOUT,InventoryReport,SUCCESS,290
2026-03-05 16:04:06,jdoe,CREATE_USER,AuditLogs,SUCCESS,1971
2026-03-05 10:58:41,clane,EXPORT_REPORT,SalesDashboard,SUCCESS,231
2026-03-05 14:27:47,asmith,ADMIN_CONFIG,SalesDashboard,SUCCESS,435
2026-03-05 14:31:30,jdoe,LOGIN,UserManagement,SUCCESS,1684
2026-03-05 12:48:07,asmith,DELETE_USER,SystemSettings,SUCCESS,1760
2026-03-05 10:34:10,davis,LOGOUT,UserManagement,SUCCESS,2172
2026-03-05 08:18:46,admin,EXPORT_REPORT,AuditLogs,SUCCESS,374
2026-03-05 14:51:12,bwhite,ADMIN_CONFIG,UserManagement,SUCCESS,4511
2026-03-05 00:05:17,davis,CREATE_USER,InventoryReport,SUCCESS,617
2026-03-05 10:04:27,clane,VIEW_REPORT,AuditLogs,SUCCESS,3578
2026-03-05 10:06:59,bwhite,VIEW_REPORT,SalesDashboard,SUCCESS,2913
2026-03-05 10:40:25,admin,LOGIN,SalesDashboard,SUCCESS,1150
2026-03-05 14:43:15,clane,EXPORT_REPORT,SalesDashboard,SUCCESS,3929
2026-03-05 14:07:00,asmith,VIEW_REPORT,UserManagement,SUCCESS,1043
2026-03-05 11:36:20,clane,VIEW_REPORT,InventoryReport,SUCCESS,936
2026-03-05 15:32:58,jdoe,LOGOUT,SalesDashboard,SUCCESS,1799
2026-03-05 09:51:35,jdoe,LOGOUT,SystemSettings,SUCCESS,980
2026-03-05 08:32:07,jdoe,CREATE_USER,SystemSettings,SUCCESS,4364
2026-03-05 10:06:57,jdoe,VIEW_REPORT,InventoryReport,SUCCESS,406
2026-03-05 13:34:16,admin,LOGOUT,UserManagement,SUCCESS,1613
2026-03-05 12:31:52,davis,VIEW_REPORT,SystemSettings,SUCCESS,702
2026-03-05 14:46:17,bwhite,LOGIN,SystemSettings,SUCCESS,4108
2026-03-05 00:40:06,jdoe,EXPORT_REPORT,SystemSettings,SUCCESS,2276
2026-03-05 16:13:10,jdoe,ADMIN_CONFIG,UserManagement,SUCCESS,3524
2026-03-05 14:21:03,jdoe,CREATE_USER,AuditLogs,SUCCESS,2402
2026-03-05 08:00:10,davis,LOGOUT,InventoryReport,SUCCESS,1146
2026-03-05 11:51:04,jdoe,LOGIN,SystemSettings,SUCCESS,2213
2026-03-05 10:58:09,asmith,ADMIN_CONFIG,UserManagement,SUCCESS,4819
2026-03-05 08:20:32,clane,EXPORT_REPORT,AuditLogs,FAILURE,158
2026-03-05 15:23:11,admin,DELETE_USER,SystemSettings,SUCCESS,3592
2026-03-05 16:58:05,jdoe,DELETE_USER,InventoryReport,SUCCESS,1991
2026-03-05 08:00:58,admin,VIEW_REPORT,AuditLogs,SUCCESS,3861
2026-03-05 15:16:03,davis,DELETE_USER,SystemSettings,SUCCESS,4514
2026-03-05 12:10:52,bwhite,LOGIN,AuditLogs,SUCCESS,1942
2026-03-05 09:37:54,davis,LOGIN,AuditLogs,FAILURE,2709
2026-03-05 05:18:12,asmith,LOGIN,AuditLogs,SUCCESS,3737
2026-03-05 13:38:08,jdoe,CREATE_USER,UserManagement,SUCCESS,4542
2026-03-05 16:49:33,clane,CREATE_USER,SalesDashboard,SUCCESS,2145
2026-03-05 12:47:54,jdoe,DELETE_USER,UserManagement,SUCCESS,3823
2026-03-05 12:26:08,jdoe,LOGIN,SalesDashboard,SUCCESS,629
2026-03-05 10:37:19,jdoe,CREATE_USER,SalesDashboard,SUCCESS,4599
2026-03-05 11:32:05,asmith,CREATE_USER,SalesDashboard,SUCCESS,1808
2026-03-05 09:11:52,asmith,ADMIN_CONFIG,SystemSettings,SUCCESS,2972
2026-03-05 04:37:37,clane,CREATE_USER,AuditLogs,SUCCESS,1957
2026-03-05 16:11:50,bwhite,DELETE_USER,SalesDashboard,SUCCESS,3994
2026-03-05 13:16:02,jdoe,EXPORT_REPORT,SalesDashboard,SUCCESS,4837
2026-03-05 11:16:08,davis,LOGOUT,SystemSettings,SUCCESS,4425
2026-03-05 15:00:29,clane,LOGIN,AuditLogs,SUCCESS,2002
2026-03-05 22:54:40,clane,LOGIN,SalesDashboard,SUCCESS,2246
2026-03-05 11:09:15,davis,ADMIN_CONFIG,InventoryReport,SUCCESS,1867
2026-03-05 13:03:53,davis,DELETE_USER,SalesDashboard,SUCCESS,2576
2026-03-05 15:47:27,jdoe,EXPORT_REPORT,InventoryReport,SUCCESS,4379
2026-03-05 02:19:28,clane,EXPORT_REPORT,SystemSettings,SUCCESS,1313
2026-03-05 16:20:18,jdoe,LOGOUT,AuditLogs,SUCCESS,4488
2026-03-05 14:43:16,asmith,LOGIN,SalesDashboard,SUCCESS,4956
2026-03-05 13:29:10,jdoe,LOGOUT,AuditLogs,SUCCESS,1496
2026-03-05 11:58:26,jdoe,ADMIN_CONFIG,SalesDashboard,SUCCESS,1909
2026-03-05 14:37:52,jdoe,LOGIN,AuditLogs,SUCCESS,4745
2026-03-05 13:31:08,admin,EXPORT_REPORT,AuditLogs,SUCCESS,402
2026-03-05 09:52:08,bwhite,EXPORT_REPORT,UserManagement,SUCCESS,1127
2026-03-05 11:51:33,bwhite,CREATE_USER,SystemSettings,SUCCESS,1289
2026-03-05 12:06:38,jdoe,VIEW_REPORT,SystemSettings,SUCCESS,2516
2026-03-05 14:23:47,davis,LOGOUT,UserManagement,SUCCESS,3822
2026-03-05 14:47:34,clane,LOGOUT,SalesDashboard,SUCCESS,2773
2026-03-05 12:08:06,clane,ADMIN_CONFIG,AuditLogs,SUCCESS,2660
2026-03-05 10:22:31,asmith,VIEW_REPORT,UserManagement,SUCCESS,2766
2026-03-05 10:22:27,asmith,LOGIN,AuditLogs,SUCCESS,3928
2026-03-05 11:33:41,jdoe,ADMIN_CONFIG,UserManagement,SUCCESS,4801
2026-03-05 11:02:32,asmith,LOGIN,UserManagement,SUCCESS,1717
2026-03-05 15:33:16,admin,LOGOUT,SalesDashboard,SUCCESS,3649
2026-03-05 11:28:45,jdoe,VIEW_REPORT,SalesDashboard,FAILURE,1745
2026-03-05 09:06:50,admin,CREATE_USER,UserManagement,SUCCESS,389
2026-03-05 10:28:52,asmith,VIEW_REPORT,InventoryReport,SUCCESS,4615
2026-03-05 14:37:06,jdoe,ADMIN_CONFIG,InventoryReport,SUCCESS,1122
2026-03-05 15:18:23,davis,ADMIN_CONFIG,UserManagement,FAILURE,3520
2026-03-05 09:32:01,bwhite,CREATE_USER,SalesDashboard,SUCCESS,400
2026-03-05 11:48:45,jdoe,LOGOUT,AuditLogs,SUCCESS,1338
2026-03-05 11:26:24,bwhite,VIEW_REPORT,SystemSettings,SUCCESS,1039
2026-03-05 08:46:14,bwhite,EXPORT_REPORT,SalesDashboard,SUCCESS,3261
2026-03-05 18:40:02,jdoe,VIEW_REPORT,InventoryReport,SUCCESS,3779
2026-03-05 09:27:31,asmith,LOGOUT,InventoryReport,SUCCESS,3958
2026-03-05 08:09:24,admin,VIEW_REPORT,InventoryReport,SUCCESS,1381
2026-03-05 12:10:26,clane,ADMIN_CONFIG,UserManagement,SUCCESS,1123
2026-03-05 11:20:40,jdoe,ADMIN_CONFIG,SystemSettings,SUCCESS,2448
2026-03-05 21:31:55,davis,ADMIN_CONFIG,AuditLogs,SUCCESS,1092
2026-03-05 19:27:50,admin,VIEW_REPORT,InventoryReport,SUCCESS,3148
2026-03-05 08:14:33,jdoe,VIEW_REPORT,InventoryReport,SUCCESS,2145
2026-03-05 16:10:26,admin,DELETE_USER,SalesDashboard,SUCCESS,1930
2026-03-05 13:16:02,davis,ADMIN_CONFIG,SystemSettings,SUCCESS,712
2026-03-05 10:48:01,jdoe,ADMIN_CONFIG,AuditLogs,SUCCESS,810
2026-03-05 12:24:13,asmith,CREATE_USER,SalesDashboard,SUCCESS,4453
2026-03-05 10:25:32,clane,CREATE_USER,SalesDashboard,FAILURE,2871
2026-03-05 11:01:21,bwhite,LOGIN,UserManagement,SUCCESS,3881
2026-03-05 13:32:41,jdoe,CREATE_USER,SalesDashboard,SUCCESS,4440
2026-03-05 16:41:43,asmith,LOGOUT,SalesDashboard,SUCCESS,3136
2026-03-05 14:02:55,asmith,LOGIN,UserManagement,SUCCESS,4283
2026-03-05 07:42:42,davis,VIEW_REPORT,UserManagement,SUCCESS,2307
2026-03-05 14:25:37,admin,LOGIN,UserManagement,FAILURE,848
2026-03-05 12:22:49,jdoe,EXPORT_REPORT,AuditLogs,SUCCESS,2698
2026-03-05 11:32:31,davis,DELETE_USER,AuditLogs,SUCCESS,1613
2026-03-05 15:04:22,admin,LOGIN,AuditLogs,SUCCESS,1681
2026-03-05 12:23:40,asmith,CREATE_USER,SystemSettings,SUCCESS,4301
2026-03-05 15:48:19,bwhite,LOGIN,UserManagement,SUCCESS,3089
2026-03-05 15:49:03,jdoe,LOGOUT,SystemSettings,SUCCESS,3791
2026-03-05 13:44:26,davis,DELETE_USER,UserManagement,SUCCESS,915
2026-03-05 16:05:42,jdoe,DELETE_USER,AuditLogs,SUCCESS,2203
2026-03-05 21:36:26,davis,CREATE_USER,SalesDashboard,SUCCESS,1755
2026-03-05 09:35:16,clane,LOGIN,InventoryReport,SUCCESS,1082
2026-03-05 14:58:33,bwhite,EXPORT_REPORT,SalesDashboard,SUCCESS,4307
2026-03-05 20:22:30,bwhite,CREATE_USER,SystemSettings,SUCCESS,2649
2026-03-05 12:24:18,bwhite,LOGIN,InventoryReport,SUCCESS,1003
2026-03-05 16:16:29,asmith,ADMIN_CONFIG,SystemSettings,SUCCESS,1009
2026-03-05 13:13:33,asmith,CREATE_USER,InventoryReport,SUCCESS,613
2026-03-05 13:41:18,asmith,CREATE_USER,UserManagement,SUCCESS,3091
2026-03-05 13:00:27,jdoe,DELETE_USER,AuditLogs,SUCCESS,322
2026-03-05 14:38:36,admin,LOGOUT,SalesDashboard,SUCCESS,99
2026-03-05 15:00:16,jdoe,ADMIN_CONFIG,AuditLogs,SUCCESS,341
2026-03-06 15:31:52,clane,LOGOUT,SalesDashboard,SUCCESS,1800
2026-03-06 13:20:09,asmith,DELETE_USER,InventoryReport,SUCCESS,2748
2026-03-06 16:27:04,clane,DELETE_USER,SystemSettings,FAILURE,3050
2026-03-06 09:19:55,davis,CREATE_USER,InventoryReport,SUCCESS,4885
2026-03-06 09:02:28,asmith,EXPORT_REPORT,SalesDashboard,SUCCESS,4363
2026-03-06 08:38:14,jdoe,DELETE_USER,AuditLogs,SUCCESS,2275
2026-03-06 08:49:48,bwhite,CREATE_USER,SystemSettings,SUCCESS,3927
2026-03-06 10:19:49,bwhite,DELETE_USER,SystemSettings,SUCCESS,1228
2026-03-06 08:09:01,asmith,LOGIN,InventoryReport,FAILURE,4860
2026-03-06 09:27:09,clane,LOGIN,InventoryReport,SUCCESS,1996
2026-03-06 15:04:25,davis,LOGOUT,InventoryReport,SUCCESS,52
2026-03-06 11:06:54,clane,VIEW_REPORT,SalesDashboard,SUCCESS,406
2026-03-06 21:25:49,asmith,LOGOUT,AuditLogs,SUCCESS,2793
2026-03-06 14:47:28,admin,CREATE_USER,SystemSettings,SUCCESS,3289
2026-03-06 16:44:21,asmith,VIEW_REPORT,SystemSettings,SUCCESS,282
2026-03-06 09:28:54,davis,VIEW_REPORT,SalesDashboard,SUCCESS,2586
2026-03-06 13:14:46,asmith,EXPORT_REPORT,AuditLogs,SUCCESS,875
2026-03-06 09:00:44,bwhite,VIEW_REPORT,AuditLogs,SUCCESS,2240
2026-03-06 22:34:06,jdoe,ADMIN_CONFIG,InventoryReport,SUCCESS,1903
2026-03-06 11:44:17,admin,CREATE_USER,SalesDashboard,SUCCESS,4207
2026-03-06 15:37:19,clane,LOGIN,InventoryReport,SUCCESS,2022
2026-03-06 09:27:51,bwhite,LOGIN,SalesDashboard,SUCCESS,3883
2026-03-06 12:43:39,davis,LOGIN,SalesDashboard,SUCCESS,4213
2026-03-06 11:29:22,admin,VIEW_REPORT,SalesDashboard,SUCCESS,1851
2026-03-06 07:49:59,bwhite,EXPORT_REPORT,UserManagement,SUCCESS,4021
2026-03-06 16:03:11,admin,LOGIN,AuditLogs,SUCCESS,1268
2026-03-06 10:24:02,bwhite,DELETE_USER,SalesDashboard,SUCCESS,1503
2026-03-06 15:16:00,davis,EXPORT_REPORT,UserManagement,SUCCESS,1045
2026-03-06 18:22:56,clane,ADMIN_CONFIG,InventoryReport,SUCCESS,1210
2026-03-06 09:38:03,asmith,VIEW_REPORT,AuditLogs,SUCCESS,2475
2026-03-06 08:11:06,davis,LOGIN,AuditLogs,SUCCESS,1315
2026-03-06 06:50:59,bwhite,EXPORT_REPORT,SystemSettings,SUCCESS,373
2026-03-06 09:45:31,jdoe,DELETE_USER,AuditLogs,SUCCESS,2722
2026-03-06 08:35:17,bwhite,LOGIN,UserManagement,SUCCESS,2275
2026-03-06 10:25:41,davis,DELETE_USER,InventoryReport,SUCCESS,3716
2026-03-06 18:23:52,bwhite,VIEW_REPORT,InventoryReport,SUCCESS,1642
2026-03-06 12:18:47,clane,LOGIN,UserManagement,SUCCESS,4710
2026-03-06 14:06:01,asmith,LOGIN,SystemSettings,FAILURE,1547
2026-03-06 12:13:25,admin,LOGOUT,UserManagement,SUCCESS,2571
2026-03-06 14:26:17,davis,LOGOUT,InventoryReport,SUCCESS,3240
2026-03-06 00:05:00,admin,VIEW_REPORT,SalesDashboard,SUCCESS,1160
2026-03-06 13:48:48,jdoe,LOGOUT,UserManagement,SUCCESS,2660
2026-03-06 13:23:09,admin,CREATE_USER,InventoryReport,SUCCESS,725
2026-03-06 06:53:30,davis,CREATE_USER,InventoryReport,SUCCESS,1831
2026-03-06 10:34:15,clane,CREATE_USER,SalesDashboard,SUCCESS,3503
2026-03-06 16:29:55,clane,LOGIN,SystemSettings,SUCCESS,4341
2026-03-06 08:03:40,jdoe,CREATE_USER,SalesDashboard,SUCCESS,3212
2026-03-06 13:51:22,clane,VIEW_REPORT,SystemSettings,SUCCESS,3909
2026-03-06 19:03:04,jdoe,CREATE_USER,SystemSettings,SUCCESS,655
2026-03-06 16:10:47,clane,EXPORT_REPORT,SalesDashboard,SUCCESS,4743
2026-03-06 04:20:06,admin,VIEW_REPORT,UserManagement,SUCCESS,3516
2026-03-06 13:16:23,davis,ADMIN_CONFIG,AuditLogs,SUCCESS,4122
2026-03-06 13:21:11,jdoe,CREATE_USER,UserManagement,SUCCESS,2119
2026-03-06 12:34:19,bwhite,LOGOUT,SystemSettings,SUCCESS,2333
2026-03-06 14:05:09,clane,CREATE_USER,UserManagement,SUCCESS,4252
2026-03-06 00:31:51,clane,LOGIN,InventoryReport,SUCCESS,3713
2026-03-06 14:30:58,bwhite,LOGIN,AuditLogs,SUCCESS,4038
2026-03-06 16:15:10,clane,LOGIN,AuditLogs,SUCCESS,4442
2026-03-06 13:50:14,clane,DELETE_USER,SalesDashboard,SUCCESS,113
2026-03-06 13:46:25,admin,EXPORT_REPORT,InventoryReport,SUCCESS,2420
2026-03-06 09:23:19,bwhite,DELETE_USER,InventoryReport,SUCCESS,606
2026-03-06 13:32:54,bwhite,LOGOUT,SystemSettings,FAILURE,4263
2026-03-06 13:16:59,asmith,EXPORT_REPORT,AuditLogs,FAILURE,884
2026-03-06 15:35:07,asmith,ADMIN_CONFIG,InventoryReport,SUCCESS,1033
2026-03-06 22:56:40,bwhite,CREATE_USER,SystemSettings,SUCCESS,1049
2026-03-06 14:46:41,asmith,LOGIN,InventoryReport,SUCCESS,2024
2026-03-06 08:34:47,bwhite,VIEW_REPORT,UserManagement,SUCCESS,3441
2026-03-06 08:21:27,asmith,ADMIN_CONFIG,SystemSettings,SUCCESS,4562
2026-03-06 13:11:20,davis,VIEW_REPORT,SalesDashboard,SUCCESS,193
2026-03-06 10:33:18,davis,LOGOUT,SalesDashboard,SUCCESS,1625
2026-03-06 09:53:37,davis,EXPORT_REPORT,SalesDashboard,SUCCESS,2203
2026-03-06 13:41:07,admin,EXPORT_REPORT,SystemSettings,SUCCESS,2270
2026-03-06 08:22:53,bwhite,LOGIN,UserManagement,SUCCESS,4416
2026-03-06 09:25:54,davis,EXPORT_REPORT,AuditLogs,SUCCESS,823
2026-03-06 09:44:09,admin,ADMIN_CONFIG,AuditLogs,SUCCESS,573
2026-03-06 14:14:32,jdoe,ADMIN_CONFIG,SalesDashboard,SUCCESS,1198
2026-03-06 08:22:43,admin,LOGIN,SystemSettings,SUCCESS,2584
2026-03-06 11:31:11,clane,CREATE_USER,AuditLogs,SUCCESS,2115
2026-03-06 08:08:51,admin,DELETE_USER,SystemSettings,SUCCESS,2191
2026-03-06 13:30:00,bwhite,ADMIN_CONFIG,AuditLogs,SUCCESS,2202
2026-03-06 15:47:17,jdoe,EXPORT_REPORT,SystemSettings,SUCCESS,3179
2026-03-06 13:20:48,clane,DELETE_USER,AuditLogs,SUCCESS,837
2026-03-06 11:46:43,bwhite,ADMIN_CONFIG,UserManagement,SUCCESS,4792
2026-03-06 09:36:45,davis,VIEW_REPORT,SystemSettings,SUCCESS,2909
2026-03-06 14:43:09,bwhite,LOGIN,SystemSettings,SUCCESS,1844
2026-03-06 14:28:59,jdoe,LOGIN,SystemSettings,SUCCESS,3189
2026-03-06 16:36:02,admin,LOGIN,InventoryReport,SUCCESS,2758
2026-03-06 15:57:56,admin,DELETE_USER,InventoryReport,SUCCESS,1195
2026-03-06 06:22:02,admin,ADMIN_CONFIG,SalesDashboard,SUCCESS,2561
2026-03-06 10:03:29,bwhite,CREATE_USER,SalesDashboard,SUCCESS,1031
2026-03-06 08:19:14,bwhite,CREATE_USER,UserManagement,SUCCESS,1003
2026-03-06 15:12:48,asmith,LOGIN,AuditLogs,SUCCESS,3299
2026-03-06 18:12:30,admin,CREATE_USER,AuditLogs,SUCCESS,508
2026-03-06 12:36:22,jdoe,VIEW_REPORT,InventoryReport,SUCCESS,3486
2026-03-06 16:29:41,admin,CREATE_USER,SalesDashboard,SUCCESS,390
2026-03-06 20:06:15,bwhite,LOGOUT,SalesDashboard,SUCCESS,554
2026-03-06 12:33:30,admin,EXPORT_REPORT,UserManagement,SUCCESS,204
2026-03-06 16:39:34,admin,DELETE_USER,InventoryReport,SUCCESS,2377
2026-03-06 09:04:15,clane,VIEW_REPORT,AuditLogs,SUCCESS,153
2026-03-06 14:47:53,asmith,LOGIN,AuditLogs,SUCCESS,460
2026-03-06 12:15:08,asmith,DELETE_USER,SalesDashboard,FAILURE,3132
2026-03-06 12:39:11,jdoe,LOGIN,AuditLogs,SUCCESS,3542
2026-03-06 13:46:18,bwhite,LOGIN,AuditLogs,SUCCESS,4831
2026-03-06 10:07:41,admin,DELETE_USER,SalesDashboard,SUCCESS,1668
2026-03-06 09:43:58,jdoe,LOGIN,InventoryReport,SUCCESS,1696
2026-03-06 07:09:40,bwhite,DELETE_USER,InventoryReport,SUCCESS,1859
2026-03-06 15:55:00,clane,VIEW_REPORT,SystemSettings,SUCCESS,3173
2026-03-06 14:11:28,bwhite,LOGIN,SystemSettings,SUCCESS,2256
2026-03-06 10:01:31,bwhite,EXPORT_REPORT,InventoryReport,SUCCESS,1147
2026-03-06 11:40:18,davis,CREATE_USER,UserManagement,SUCCESS,3134
2026-03-06 12:28:59,asmith,CREATE_USER,UserManagement,SUCCESS,3867
2026-03-06 20:11:56,jdoe,EXPORT_REPORT,AuditLogs,SUCCESS,1624
2026-03-06 10:37:52,bwhite,VIEW_REPORT,AuditLogs,SUCCESS,2868
2026-03-06 08:07:29,davis,CREATE_USER,AuditLogs,SUCCESS,4814
2026-03-06 14:30:43,jdoe,ADMIN_CONFIG,SystemSettings,SUCCESS,1454
2026-03-06 14:11:17,bwhite,CREATE_USER,UserManagement,FAILURE,3308
2026-03-06 09:27:20,admin,LOGOUT,SystemSettings,SUCCESS,1231
2026-03-06 14:12:00,jdoe,EXPORT_REPORT,SalesDashboard,FAILURE,4781
2026-03-06 12:29:29,asmith,VIEW_REPORT,UserManagement,SUCCESS,3136
2026-03-06 11:04:38,asmith,VIEW_REPORT,InventoryReport,SUCCESS,4872
2026-03-06 10:42:04,asmith,LOGOUT,SystemSettings,SUCCESS,1878
2026-03-06 11:50:06,bwhite,ADMIN_CONFIG,AuditLogs,SUCCESS,3299
2026-03-06 11:28:23,asmith,LOGIN,InventoryReport,SUCCESS,1067
2026-03-06 12:32:54,jdoe,LOGIN,SalesDashboard,SUCCESS,684
2026-03-06 10:36:29,admin,VIEW_REPORT,SalesDashboard,FAILURE,1623
2026-03-06 11:41:55,bwhite,LOGIN,SalesDashboard,SUCCESS,980
2026-03-06 11:08:12,asmith,LOGIN,AuditLogs,SUCCESS,56
2026-03-06 13:06:24,clane,EXPORT_REPORT,InventoryReport,SUCCESS,4555
2026-03-06 12:57:41,clane,LOGOUT,InventoryReport,SUCCESS,242
2026-03-06 08:27:05,jdoe,VIEW_REPORT,AuditLogs,SUCCESS,2016
2026-03-06 10:03:35,davis,VIEW_REPORT,SystemSettings,SUCCESS,3730
2026-03-06 09:21:03,asmith,DELETE_USER,SalesDashboard,SUCCESS,3163
2026-03-06 09:30:54,clane,ADMIN_CONFIG,SalesDashboard,SUCCESS,2889
2026-03-06 13:39:00,asmith,LOGOUT,SalesDashboard,SUCCESS,4606
2026-03-06 09:40:52,davis,EXPORT_REPORT,InventoryReport,SUCCESS,1723
2026-03-06 08:55:37,bwhite,LOGOUT,AuditLogs,SUCCESS,869
2026-03-06 08:11:42,jdoe,LOGOUT,UserManagement,SUCCESS,3900
2026-03-06 15:01:24,admin,EXPORT_REPORT,InventoryReport,SUCCESS,4869
2026-03-06 09:50:30,clane,LOGIN,InventoryReport,FAILURE,1970
2026-03-07 01:04:59,asmith,DELETE_USER,UserManagement,SUCCESS,84
2026-03-07 23:23:33,asmith,LOGOUT,SystemSettings,SUCCESS,60
2026-03-07 14:22:33,clane,LOGOUT,SystemSettings,SUCCESS,4767
2026-03-07 04:13:31,bwhite,EXPORT_REPORT,AuditLogs,SUCCESS,2554
2026-03-07 18:34:28,bwhite,VIEW_REPORT,SalesDashboard,SUCCESS,2170
2026-03-07 05:49:20,jdoe,EXPORT_REPORT,SystemSettings,SUCCESS,2384
2026-03-07 05:37:03,davis,DELETE_USER,AuditLogs,SUCCESS,3265
2026-03-07 08:02:39,jdoe,EXPORT_REPORT,InventoryReport,SUCCESS,2671
2026-03-07 15:47:50,admin,DELETE_USER,AuditLogs,SUCCESS,2059
2026-03-07 15:26:30,bwhite,DELETE_USER,UserManagement,SUCCESS,28
2026-03-07 00:59:06,jdoe,EXPORT_REPORT,SystemSettings,SUCCESS,2179
2026-03-07 08:09:55,jdoe,VIEW_REPORT,AuditLogs,SUCCESS,346
2026-03-08 17:45:51,asmith,LOGIN,AuditLogs,SUCCESS,3480
2026-03-08 20:38:16,asmith,DELETE_USER,SystemSettings,SUCCESS,4587
2026-03-08 06:24:02,jdoe,VIEW_REPORT,InventoryReport,SUCCESS,73
2026-03-08 03:46:12,bwhite,CREATE_USER,SalesDashboard,SUCCESS,3360
2026-03-08 04:14:38,jdoe,VIEW_REPORT,InventoryReport,SUCCESS,3047
2026-03-08 14:30:21,clane,EXPORT_REPORT,SystemSettings,SUCCESS,2575
2026-03-08 17:45:17,jdoe,VIEW_REPORT,SystemSettings,SUCCESS,4403
2026-03-08 13:51:43,admin,EXPORT_REPORT,SalesDashboard,SUCCESS,2120
2026-03-08 08:13:21,admin,VIEW_REPORT,SystemSettings,SUCCESS,3810
2026-03-08 10:18:00,asmith,DELETE_USER,AuditLogs,SUCCESS,2847
2026-03-08 12:04:03,asmith,LOGOUT,AuditLogs,SUCCESS,4116
2026-03-08 19:27:43,davis,DELETE_USER,SalesDashboard,SUCCESS,2086
2026-03-08 12:06:20,asmith,EXPORT_REPORT,SalesDashboard,SUCCESS,4594
2026-03-09 12:50:44,admin,ADMIN_CONFIG,SystemSettings,SUCCESS,3330
2026-03-09 15:28:09,admin,LOGIN,SalesDashboard,SUCCESS,405
2026-03-09 12:55:46,bwhite,LOGOUT,SalesDashboard,SUCCESS,3092
2026-03-09 14:05:02,davis,EXPORT_REPORT,SalesDashboard,SUCCESS,3158
2026-03-09 08:13:34,jdoe,EXPORT_REPORT,InventoryReport,SUCCESS,1355
2026-03-09 12:15:05,jdoe,ADMIN_CONFIG,InventoryReport,SUCCESS,2226
2026-03-09 12:09:07,bwhite,LOGIN,SalesDashboard,SUCCESS,4023
2026-03-09 12:41:38,admin,DELETE_USER,SalesDashboard,SUCCESS,3105
2026-03-09 16:06:34,bwhite,EXPORT_REPORT,SystemSettings,SUCCESS,1704
2026-03-09 17:24:18,clane,VIEW_REPORT,AuditLogs,SUCCESS,1586
2026-03-09 07:41:47,jdoe,ADMIN_CONFIG,SystemSettings,SUCCESS,3874
2026-03-09 14:05:45,bwhite,LOGOUT,AuditLogs,SUCCESS,4603
2026-03-09 13:35:55,davis,DELETE_USER,SystemSettings,SUCCESS,130
2026-03-09 15:12:04,asmith,ADMIN_CONFIG,InventoryReport,SUCCESS,4122
2026-03-09 13:54:00,asmith,DELETE_USER,SalesDashboard,SUCCESS,2965
2026-03-09 11:50:26,admin,LOGOUT,AuditLogs,SUCCESS,4812
2026-03-09 11:15:55,admin,EXPORT_REPORT,SystemSettings,SUCCESS,3403
2026-03-09 10:40:29,clane,VIEW_REPORT,InventoryReport,SUCCESS,4722
2026-03-09 14:53:16,clane,LOGOUT,UserManagement,SUCCESS,663
2026-03-09 16:54:21,asmith,LOGOUT,InventoryReport,SUCCESS,4596
2026-03-09 10:52:39,asmith,VIEW_REPORT,UserManagement,SUCCESS,4795
2026-03-09 14:09:49,bwhite,LOGOUT,UserManagement,SUCCESS,2880
2026-03-09 19:27:12,davis,CREATE_USER,SalesDashboard,SUCCESS,4254
2026-03-09 13:17:44,admin,DELETE_USER,InventoryReport,SUCCESS,1697
2026-03-09 14:08:30,davis,CREATE_USER,InventoryReport,SUCCESS,261
2026-03-09 15:52:18,davis,CREATE_USER,SystemSettings,SUCCESS,2711
2026-03-09 16:32:15,davis,LOGOUT,SystemSettings,SUCCESS,667
2026-03-09 11:17:42,davis,CREATE_USER,SystemSettings,SUCCESS,502
2026-03-09 08:44:39,davis,DELETE_USER,InventoryReport,SUCCESS,4557
2026-03-09 12:33:32,admin,ADMIN_CONFIG,AuditLogs,SUCCESS,1194
2026-03-09 15:58:21,jdoe,CREATE_USER,InventoryReport,SUCCESS,1473
2026-03-09 16:12:12,asmith,DELETE_USER,SystemSettings,SUCCESS,2096
2026-03-09 16:52:20,davis,VIEW_REPORT,SalesDashboard,SUCCESS,4645
2026-03-09 15:05:17,davis,LOGIN,InventoryReport,SUCCESS,3366
2026-03-09 00:56:54,admin,LOGIN,UserManagement,SUCCESS,2549
2026-03-09 14:58:49,admin,LOGOUT,AuditLogs,SUCCESS,3374
2026-03-09 08:11:53,admin,CREATE_USER,UserManagement,SUCCESS,415
2026-03-09 09:52:42,asmith,LOGIN,InventoryReport,SUCCESS,4779
2026-03-09 12:11:29,davis,ADMIN_CONFIG,SalesDashboard,SUCCESS,34
2026-03-09 11:14:59,davis,CREATE_USER,SalesDashboard,SUCCESS,2898
2026-03-09 08:48:10,admin,LOGOUT,AuditLogs,SUCCESS,3956
2026-03-09 06:35:48,bwhite,DELETE_USER,SystemSettings,SUCCESS,3931
2026-03-09 09:07:10,davis,CREATE_USER,SalesDashboard,SUCCESS,989
2026-03-09 10:07:46,admin,VIEW_REPORT,UserManagement,SUCCESS,3122
2026-03-09 15:05:03,davis,EXPORT_REPORT,AuditLogs,SUCCESS,2321
2026-03-09 06:20:14,clane,DELETE_USER,InventoryReport,FAILURE,991
2026-03-09 16:11:18,bwhite,CREATE_USER,UserManagement,SUCCESS,1931
2026-03-09 02:35:26,jdoe,EXPORT_REPORT,SalesDashboard,SUCCESS,3631
2026-03-09 13:41:31,admin,LOGOUT,UserManagement,SUCCESS,4152
2026-03-09 09:42:48,admin,VIEW_REPORT,AuditLogs,SUCCESS,1057
2026-03-09 12:34:21,davis,DELETE_USER,InventoryReport,SUCCESS,4973
2026-03-09 15:37:00,admin,CREATE_USER,SystemSettings,SUCCESS,2339
2026-03-09 16:08:35,bwhite,DELETE_USER,InventoryReport,SUCCESS,2819
2026-03-09 14:27:32,admin,VIEW_REPORT,AuditLogs,SUCCESS,2057
2026-03-09 13:23:04,clane,VIEW_REPORT,UserManagement,SUCCESS,1394
2026-03-09 14:36:19,asmith,LOGOUT,SalesDashboard,SUCCESS,4487
2026-03-09 12:59:57,admin,EXPORT_REPORT,SystemSettings,SUCCESS,2324
2026-03-09 16:49:12,admin,ADMIN_CONFIG,AuditLogs,SUCCESS,1629
2026-03-09 13:37:14,clane,DELETE_USER,SalesDashboard,SUCCESS,1287
2026-03-09 09:12:53,davis,VIEW_REPORT,SystemSettings,SUCCESS,1677
2026-03-09 10:48:54,davis,CREATE_USER,SystemSettings,SUCCESS,4658
2026-03-09 02:15:33,bwhite,EXPORT_REPORT,AuditLogs,SUCCESS,4110
2026-03-09 15:20:36,clane,LOGOUT,SystemSettings,FAILURE,275
2026-03-09 12:14:07,davis,DELETE_USER,UserManagement,SUCCESS,2390
2026-03-09 10:23:06,admin,ADMIN_CONFIG,UserManagement,SUCCESS,1772
2026-03-09 11:26:33,jdoe,ADMIN_CONFIG,UserManagement,SUCCESS,2352
2026-03-09 19:06:07,clane,EXPORT_REPORT,InventoryReport,SUCCESS,4565
2026-03-09 11:12:21,bwhite,DELETE_USER,SalesDashboard,SUCCESS,4630
2026-03-09 10:08:54,davis,VIEW_REPORT,SystemSettings,SUCCESS,2888
2026-03-09 11:04:26,admin,LOGIN,InventoryReport,SUCCESS,4982
2026-03-09 09:42:39,jdoe,DELETE_USER,UserManagement,SUCCESS,1380
2026-03-09 12:22:55,bwhite,VIEW_REPORT,SalesDashboard,SUCCESS,799
2026-03-09 08:12:39,davis,CREATE_USER,UserManagement,FAILURE,2255
2026-03-09 13:34:21,bwhite,LOGIN,UserManagement,SUCCESS,1747
2026-03-09 13:23:38,clane,LOGIN,SystemSettings,SUCCESS,2252
2026-03-09 05:54:00,admin,DELETE_USER,SystemSettings,SUCCESS,149
2026-03-09 08:58:13,jdoe,LOGIN,UserManagement,SUCCESS,4879
2026-03-09 13:34:52,jdoe,ADMIN_CONFIG,AuditLogs,SUCCESS,1919
2026-03-09 10:25:46,clane,VIEW_REPORT,SalesDashboard,SUCCESS,1107
2026-03-09 16:14:35,asmith,ADMIN_CONFIG,SystemSettings,FAILURE,4525
2026-03-09 09:00:34,asmith,EXPORT_REPORT,AuditLogs,SUCCESS,4250
2026-03-09 10:31:52,clane,CREATE_USER,AuditLogs,SUCCESS,4143
2026-03-09 15:51:25,bwhite,LOGOUT,SystemSettings,SUCCESS,2362
2026-03-09 12:52:20,jdoe,VIEW_REPORT,SystemSettings,SUCCESS,3471
2026-03-09 15:37:23,clane,DELETE_USER,AuditLogs,SUCCESS,3411
2026-03-09 14:25:13,jdoe,EXPORT_REPORT,SalesDashboard,SUCCESS,2431
2026-03-09 03:47:50,asmith,LOGOUT,AuditLogs,SUCCESS,2327
2026-03-09 16:02:20,davis,CREATE_USER,AuditLogs,SUCCESS,2014
2026-03-09 10:46:34,asmith,ADMIN_CONFIG,UserManagement,SUCCESS,869
2026-03-09 10:11:57,admin,LOGOUT,SalesDashboard,SUCCESS,4340
2026-03-09 14:14:30,davis,LOGOUT,AuditLogs,SUCCESS,4731
2026-03-09 10:38:48,davis,VIEW_REPORT,SalesDashboard,SUCCESS,2091
2026-03-09 12:30:57,clane,VIEW_REPORT,SalesDashboard,SUCCESS,1991
2026-03-09 12:15:16,bwhite,LOGOUT,InventoryReport,SUCCESS,4780
2026-03-09 07:35:16,admin,LOGOUT,SalesDashboard,SUCCESS,132
2026-03-09 08:56:59,jdoe,CREATE_USER,InventoryReport,SUCCESS,4250
2026-03-09 12:54:58,davis,EXPORT_REPORT,SystemSettings,SUCCESS,2579
2026-03-09 11:34:10,jdoe,LOGOUT,SalesDashboard,SUCCESS,3609
2026-03-09 11:26:29,admin,ADMIN_CONFIG,AuditLogs,SUCCESS,2107
2026-03-09 14:47:10,clane,LOGIN,SalesDashboard,SUCCESS,3744
2026-03-09 10:26:44,admin,DELETE_USER,AuditLogs,SUCCESS,255
2026-03-09 00:58:30,jdoe,LOGOUT,AuditLogs,SUCCESS,3458
2026-03-09 14:04:10,admin,LOGOUT,SystemSettings,SUCCESS,3481
2026-03-09 12:51:48,bwhite,DELETE_USER,SystemSettings,SUCCESS,3244
2026-03-09 13:59:32,asmith,LOGIN,SystemSettings,FAILURE,1012
2026-03-09 10:30:04,asmith,EXPORT_REPORT,AuditLogs,SUCCESS,697
2026-03-09 12:50:00,asmith,EXPORT_REPORT,SalesDashboard,SUCCESS,3193
2026-03-09 14:14:14,bwhite,DELETE_USER,SystemSettings,SUCCESS,3912
2026-03-09 16:06:16,jdoe,EXPORT_REPORT,InventoryReport,SUCCESS,172
2026-03-09 01:48:34,davis,DELETE_USER,SystemSettings,SUCCESS,4857
2026-03-09 10:57:48,asmith,CREATE_USER,InventoryReport,SUCCESS,694
2026-03-09 13:29:57,bwhite,LOGOUT,SystemSettings,SUCCESS,4196
2026-03-09 09:23:17,davis,LOGOUT,InventoryReport,SUCCESS,2102
2026-03-09 10:52:11,bwhite,LOGIN,AuditLogs,SUCCESS,928
2026-03-09 11:42:10,admin,CREATE_USER,SalesDashboard,SUCCESS,284
2026-03-09 11:58:11,asmith,ADMIN_CONFIG,InventoryReport,SUCCESS,840
2026-03-09 16:06:53,davis,LOGIN,SystemSettings,SUCCESS,2677
2026-03-09 15:51:50,bwhite,LOGIN,InventoryReport,SUCCESS,1724
2026-03-09 11:00:06,admin,DELETE_USER,SalesDashboard,SUCCESS,3268
2026-03-09 16:26:20,admin,DELETE_USER,InventoryReport,FAILURE,4703
2026-03-09 10:10:55,bwhite,LOGIN,SalesDashboard,SUCCESS,3886
2026-03-09 16:11:43,jdoe,VIEW_REPORT,InventoryReport,SUCCESS,4546
2026-03-09 12:46:53,davis,VIEW_REPORT,SalesDashboard,SUCCESS,651
2026-03-09 14:15:09,jdoe,ADMIN_CONFIG,SystemSettings,SUCCESS,4793
2026-03-09 12:39:14,jdoe,EXPORT_REPORT,InventoryReport,SUCCESS,2678
2026-03-09 14:34:15,clane,CREATE_USER,UserManagement,SUCCESS,3852
2026-03-09 15:25:34,bwhite,EXPORT_REPORT,SystemSettings,SUCCESS,703
2026-03-09 08:30:27,clane,ADMIN_CONFIG,SystemSettings,SUCCESS,2916
2026-03-09 11:54:12,clane,ADMIN_CONFIG,UserManagement,SUCCESS,2960
2026-03-09 19:17:07,bwhite,VIEW_REPORT,UserManagement,SUCCESS,3508
2026-03-09 12:24:46,asmith,LOGOUT,SystemSettings,SUCCESS,113
2026-03-09 08:01:54,asmith,VIEW_REPORT,AuditLogs,SUCCESS,392
2026-03-09 14:57:17,clane,DELETE_USER,SystemSettings,SUCCESS,419
2026-03-09 10:56:17,clane,EXPORT_REPORT,SalesDashboard,SUCCESS,3221
2026-03-09 16:18:10,jdoe,ADMIN_CONFIG,AuditLogs,SUCCESS,1393
2026-03-09 08:50:46,asmith,LOGIN,InventoryReport,SUCCESS,607
2026-03-09 08:08:24,bwhite,LOGOUT,AuditLogs,SUCCESS,4295
2026-03-09 08:32:38,clane,EXPORT_REPORT,SystemSettings,SUCCESS,1947
2026-03-09 12:15:27,davis,CREATE_USER,InventoryReport,SUCCESS,4720
2026-03-09 09:15:14,admin,DELETE_USER,UserManagement,SUCCESS,4188
2026-03-09 10:53:12,asmith,EXPORT_REPORT,SystemSettings,SUCCESS,3303
2026-03-09 13:16:06,asmith,EXPORT_REPORT,AuditLogs,SUCCESS,720
2026-03-09 11:39:13,asmith,DELETE_USER,AuditLogs,SUCCESS,1533
2026-03-10 22:17:16,davis,LOGIN,InventoryReport,SUCCESS,187
2026-03-10 09:21:14,admin,CREATE_USER,SalesDashboard,SUCCESS,2891
2026-03-10 15:41:11,admin,LOGIN,SalesDashboard,SUCCESS,4602
2026-03-10 14:15:43,bwhite,CREATE_USER,UserManagement,SUCCESS,583
2026-03-10 14:07:23,admin,LOGOUT,InventoryReport,SUCCESS,2350
2026-03-10 16:06:16,asmith,DELETE_USER,UserManagement,SUCCESS,1044
2026-03-10 11:29:19,bwhite,CREATE_USER,SystemSettings,SUCCESS,544
2026-03-10 12:52:17,clane,EXPORT_REPORT,SalesDashboard,SUCCESS,742
2026-03-10 11:55:16,admin,DELETE_USER,SalesDashboard,SUCCESS,438
2026-03-10 14:37:37,jdoe,DELETE_USER,SalesDashboard,SUCCESS,4052
2026-03-10 06:40:25,admin,VIEW_REPORT,SalesDashboard,SUCCESS,2987
2026-03-10 12:48:21,bwhite,VIEW_REPORT,UserManagement,SUCCESS,862
2026-03-10 12:08:28,davis,LOGOUT,UserManagement,SUCCESS,3152
2026-03-10 14:20:45,admin,CREATE_USER,AuditLogs,SUCCESS,2996
2026-03-10 18:54:42,jdoe,DELETE_USER,AuditLogs,SUCCESS,3569
2026-03-10 10:12:53,davis,LOGOUT,AuditLogs,SUCCESS,2735
2026-03-10 12:15:58,admin,ADMIN_CONFIG,InventoryReport,SUCCESS,1075
2026-03-10 08:38:42,clane,LOGOUT,InventoryReport,SUCCESS,2203
2026-03-10 16:00:06,bwhite,CREATE_USER,AuditLogs,SUCCESS,676
2026-03-10 15:17:45,admin,LOGOUT,SystemSettings,SUCCESS,1790
2026-03-10 13:19:12,bwhite,LOGIN,SystemSettings,SUCCESS,2085
2026-03-10 15:41:52,asmith,ADMIN_CONFIG,AuditLogs,SUCCESS,2291
2026-03-10 12:07:29,admin,LOGIN,SystemSettings,SUCCESS,1298
2026-03-10 13:18:33,jdoe,VIEW_REPORT,SystemSettings,SUCCESS,1411
2026-03-10 11:49:16,clane,VIEW_REPORT,InventoryReport,SUCCESS,649
2026-03-10 17:06:36,jdoe,ADMIN_CONFIG,SystemSettings,SUCCESS,3449
2026-03-10 12:45:15,asmith,VIEW_REPORT,SalesDashboard,SUCCESS,2648
2026-03-10 18:52:50,bwhite,LOGOUT,SalesDashboard,SUCCESS,2763
2026-03-10 12:42:03,davis,CREATE_USER,InventoryReport,SUCCESS,879
2026-03-10 16:52:19,asmith,EXPORT_REPORT,InventoryReport,SUCCESS,366
2026-03-10 20:14:29,asmith,CREATE_USER,UserManagement,SUCCESS,4487
2026-03-10 16:25:52,bwhite,CREATE_USER,UserManagement,SUCCESS,4539
2026-03-10 14:58:30,davis,CREATE_USER,InventoryReport,SUCCESS,4804
2026-03-10 10:08:16,admin,VIEW_REPORT,InventoryReport,SUCCESS,2638
2026-03-10 12:38:40,asmith,EXPORT_REPORT,SystemSettings,SUCCESS,1943
2026-03-10 08:25:36,clane,VIEW_REPORT,SystemSettings,SUCCESS,650
2026-03-10 08:03:58,admin,EXPORT_REPORT,SystemSettings,SUCCESS,4740
2026-03-10 13:17:21,jdoe,ADMIN_CONFIG,UserManagement,SUCCESS,1345
2026-03-10 09:14:11,davis,DELETE_USER,SalesDashboard,SUCCESS,1582
2026-03-10 12:02:03,davis,VIEW_REPORT,SalesDashboard,SUCCESS,4045
2026-03-10 21:33:54,bwhite,VIEW_REPORT,UserManagement,SUCCESS,559
2026-03-10 10:42:11,davis,ADMIN_CONFIG,SalesDashboard,SUCCESS,2603
2026-03-10 09:20:50,asmith,LOGIN,AuditLogs,SUCCESS,4874
2026-03-10 12:26:59,admin,CREATE_USER,SalesDashboard,FAILURE,1951
2026-03-10 13:41:32,admin,LOGIN,InventoryReport,SUCCESS,4712
2026-03-10 04:48:14,admin,ADMIN_CONFIG,UserManagement,SUCCESS,3605
2026-03-10 14:08:10,admin,LOGOUT,SystemSettings,SUCCESS,926
2026-03-10 15:56:42,jdoe,LOGIN,SalesDashboard,SUCCESS,3207
2026-03-10 06:56:07,bwhite,EXPORT_REPORT,UserManagement,SUCCESS,343
2026-03-10 11:55:28,bwhite,CREATE_USER,SalesDashboard,FAILURE,2339
2026-03-10 15:05:15,jdoe,VIEW_REPORT,SystemSettings,SUCCESS,1883
2026-03-10 13:01:00,bwhite,CREATE_USER,AuditLogs,SUCCESS,4513
2026-03-10 17:01:38,clane,VIEW_REPORT,AuditLogs,SUCCESS,3266
2026-03-10 11:08:09,davis,LOGOUT,InventoryReport,SUCCESS,4211
2026-03-10 11:37:35,bwhite,EXPORT_REPORT,UserManagement,SUCCESS,2639
2026-03-10 12:15:48,clane,VIEW_REPORT,SystemSettings,SUCCESS,2288
2026-03-10 09:07:33,bwhite,DELETE_USER,AuditLogs,SUCCESS,2143
2026-03-10 14:09:24,clane,CREATE_USER,UserManagement,SUCCESS,4300
2026-03-10 10:56:05,clane,LOGIN,SalesDashboard,SUCCESS,2584
2026-03-10 14:03:48,clane,DELETE_USER,InventoryReport,SUCCESS,419
2026-03-10 20:23:15,bwhite,CREATE_USER,AuditLogs,SUCCESS,2426
2026-03-10 09:15:06,bwhite,DELETE_USER,SystemSettings,SUCCESS,2291
2026-03-10 11:37:33,bwhite,DELETE_USER,SystemSettings,SUCCESS,1389
2026-03-10 09:57:41,clane,EXPORT_REPORT,SalesDashboard,SUCCESS,2038
2026-03-10 11:28:00,jdoe,ADMIN_CONFIG,UserManagement,SUCCESS,2909
2026-03-10 15:13:51,clane,VIEW_REPORT,SystemSettings,SUCCESS,3504
2026-03-10 20:28:45,asmith,LOGOUT,AuditLogs,SUCCESS,3126
2026-03-10 12:59:07,jdoe,EXPORT_REPORT,SalesDashboard,SUCCESS,3161
2026-03-10 10:31:23,davis,CREATE_USER,SalesDashboard,FAILURE,753
2026-03-10 13:32:55,davis,ADMIN_CONFIG,UserManagement,SUCCESS,2307
2026-03-10 14:08:17,admin,LOGOUT,InventoryReport,SUCCESS,2605
2026-03-10 09:48:17,admin,CREATE_USER,InventoryReport,SUCCESS,2774
2026-03-10 16:44:09,davis,ADMIN_CONFIG,InventoryReport,SUCCESS,773
2026-03-10 03:11:35,bwhite,LOGIN,AuditLogs,SUCCESS,1553
2026-03-10 14:06:25,davis,LOGOUT,InventoryReport,SUCCESS,4968
2026-03-10 14:09:27,davis,EXPORT_REPORT,AuditLogs,SUCCESS,4173
2026-03-10 15:52:52,asmith,DELETE_USER,AuditLogs,SUCCESS,2463
2026-03-10 12:09:30,clane,VIEW_REPORT,SystemSettings,FAILURE,1821
2026-03-10 16:24:06,admin,EXPORT_REPORT,UserManagement,SUCCESS,1843
2026-03-10 13:45:54,clane,LOGOUT,SalesDashboard,SUCCESS,2782
2026-03-10 21:03:33,asmith,DELETE_USER,SalesDashboard,SUCCESS,3411
2026-03-10 11:33:54,jdoe,EXPORT_REPORT,AuditLogs,SUCCESS,3457
2026-03-10 14:54:27,clane,LOGOUT,SalesDashboard,SUCCESS,2044
2026-03-10 16:05:14,asmith,ADMIN_CONFIG,AuditLogs,SUCCESS,4527
2026-03-10 00:34:50,asmith,VIEW_REPORT,UserManagement,FAILURE,1879
2026-03-10 12:39:42,bwhite,LOGIN,UserManagement,SUCCESS,2069
2026-03-10 16:51:11,admin,CREATE_USER,AuditLogs,SUCCESS,1630
2026-03-10 15:21:03,admin,CREATE_USER,UserManagement,SUCCESS,2033
2026-03-10 11:36:19,bwhite,CREATE_USER,UserManagement,SUCCESS,2869
2026-03-10 20:45:12,jdoe,VIEW_REPORT,UserManagement,SUCCESS,3199
2026-03-10 11:50:58,davis,ADMIN_CONFIG,UserManagement,SUCCESS,3886
2026-03-10 11:53:39,admin,LOGOUT,SystemSettings,SUCCESS,1957
2026-03-10 16:19:09,davis,VIEW_REPORT,SalesDashboard,SUCCESS,1823
2026-03-10 15:42:55,admin,LOGOUT,InventoryReport,SUCCESS,698
2026-03-10 16:48:22,admin,CREATE_USER,SystemSettings,SUCCESS,4553
2026-03-10 09:33:28,clane,CREATE_USER,InventoryReport,SUCCESS,1936
2026-03-10 22:32:00,asmith,CREATE_USER,InventoryReport,SUCCESS,3266
2026-03-10 22:06:48,asmith,LOGIN,InventoryReport,SUCCESS,3313
2026-03-10 13:57:50,bwhite,CREATE_USER,SalesDashboard,SUCCESS,3507
2026-03-10 13:54:01,davis,CREATE_USER,SalesDashboard,SUCCESS,1277
2026-03-10 14:09:27,bwhite,ADMIN_CONFIG,UserManagement,SUCCESS,3635
2026-03-10 12:37:05,asmith,LOGOUT,UserManagement,SUCCESS,2756
2026-03-10 23:41:15,clane,VIEW_REPORT,InventoryReport,SUCCESS,3898
2026-03-11 09:33:18,admin,ADMIN_CONFIG,SystemSettings,SUCCESS,3252
2026-03-11 01:23:19,asmith,LOGOUT,InventoryReport,FAILURE,4711
2026-03-11 08:59:24,jdoe,LOGIN,SystemSettings,SUCCESS,4799
2026-03-11 16:29:21,davis,DELETE_USER,SalesDashboard,SUCCESS,4955
2026-03-11 16:24:55,clane,EXPORT_REPORT,InventoryReport,SUCCESS,4233
2026-03-11 09:35:28,clane,EXPORT_REPORT,AuditLogs,SUCCESS,3867
2026-03-11 14:32:10,clane,VIEW_REPORT,SystemSettings,SUCCESS,808
2026-03-11 10:20:30,admin,EXPORT_REPORT,InventoryReport,SUCCESS,3835
2026-03-11 10:52:57,admin,VIEW_REPORT,SystemSettings,SUCCESS,3764
2026-03-11 09:27:28,bwhite,CREATE_USER,AuditLogs,SUCCESS,53
2026-03-11 13:07:39,asmith,EXPORT_REPORT,InventoryReport,SUCCESS,2759
2026-03-11 16:56:25,bwhite,DELETE_USER,InventoryReport,FAILURE,1231
2026-03-11 14:27:17,asmith,EXPORT_REPORT,AuditLogs,SUCCESS,1835
2026-03-11 09:21:18,jdoe,CREATE_USER,SalesDashboard,SUCCESS,670
2026-03-11 15:57:48,admin,ADMIN_CONFIG,InventoryReport,SUCCESS,4255
2026-03-11 11:06:49,jdoe,CREATE_USER,AuditLogs,SUCCESS,4459
2026-03-11 09:50:57,jdoe,DELETE_USER,AuditLogs,SUCCESS,3654
2026-03-11 08:07:01,asmith,VIEW_REPORT,SalesDashboard,SUCCESS,2048
2026-03-11 16:12:42,davis,DELETE_USER,SystemSettings,SUCCESS,150
2026-03-11 09:39:05,davis,LOGIN,AuditLogs,SUCCESS,1604
2026-03-11 16:26:43,jdoe,EXPORT_REPORT,SystemSettings,SUCCESS,1735
2026-03-11 09:07:21,clane,ADMIN_CONFIG,SystemSettings,SUCCESS,4295
2026-03-11 08:07:37,asmith,DELETE_USER,SystemSettings,SUCCESS,184
2026-03-11 08:14:47,asmith,ADMIN_CONFIG,AuditLogs,FAILURE,4866
2026-03-11 13:20:09,clane,DELETE_USER,UserManagement,SUCCESS,2571
2026-03-11 06:36:01,asmith,ADMIN_CONFIG,SystemSettings,SUCCESS,1650
2026-03-11 15:47:55,admin,LOGIN,UserManagement,SUCCESS,3308
2026-03-11 10:18:03,asmith,CREATE_USER,SalesDashboard,SUCCESS,3849
2026-03-11 11:50:07,clane,CREATE_USER,AuditLogs,SUCCESS,122
2026-03-11 11:19:06,davis,LOGIN,SalesDashboard,SUCCESS,2091
2026-03-11 03:38:23,bwhite,LOGIN,InventoryReport,SUCCESS,3294
2026-03-11 12:23:06,admin,CREATE_USER,UserManagement,SUCCESS,2232
2026-03-11 12:42:26,davis,LOGOUT,SystemSettings,SUCCESS,1896
2026-03-11 12:42:13,admin,LOGOUT,UserManagement,SUCCESS,3228
2026-03-11 21:34:39,bwhite,CREATE_USER,AuditLogs,SUCCESS,1627
2026-03-11 14:48:32,bwhite,LOGOUT,InventoryReport,FAILURE,3254
2026-03-11 09:24:36,admin,LOGOUT,UserManagement,FAILURE,2441
2026-03-11 10:31:44,davis,CREATE_USER,SystemSettings,SUCCESS,3562
2026-03-11 15:55:42,jdoe,ADMIN_CONFIG,AuditLogs,SUCCESS,2777
2026-03-11 11:15:56,admin,CREATE_USER,UserManagement,FAILURE,534
2026-03-11 13:18:33,clane,VIEW_REPORT,InventoryReport,SUCCESS,4393
2026-03-11 11:09:19,asmith,VIEW_REPORT,SalesDashboard,SUCCESS,4210
2026-03-11 08:51:02,admin,VIEW_REPORT,AuditLogs,SUCCESS,2503
2026-03-11 12:00:14,davis,LOGOUT,InventoryReport,SUCCESS,2782
2026-03-11 15:27:39,jdoe,LOGIN,AuditLogs,SUCCESS,771
2026-03-11 15:35:21,davis,VIEW_REPORT,AuditLogs,SUCCESS,4747
2026-03-11 14:13:35,asmith,ADMIN_CONFIG,AuditLogs,SUCCESS,4141
2026-03-11 13:31:20,admin,EXPORT_REPORT,InventoryReport,SUCCESS,2233
2026-03-11 13:00:02,davis,ADMIN_CONFIG,InventoryReport,SUCCESS,4103
2026-03-11 15:08:00,jdoe,EXPORT_REPORT,SalesDashboard,SUCCESS,2436
2026-03-11 12:19:32,jdoe,EXPORT_REPORT,AuditLogs,SUCCESS,4198
2026-03-11 19:22:31,jdoe,LOGIN,UserManagement,SUCCESS,1193
2026-03-11 12:24:06,jdoe,LOGOUT,SalesDashboard,SUCCESS,2872
2026-03-11 16:57:35,bwhite,VIEW_REPORT,SalesDashboard,SUCCESS,2730
2026-03-11 09:58:13,admin,LOGIN,UserManagement,SUCCESS,922
2026-03-11 04:19:45,davis,DELETE_USER,AuditLogs,SUCCESS,2279
2026-03-11 11:11:15,asmith,EXPORT_REPORT,UserManagement,SUCCESS,4264
2026-03-11 13:29:35,asmith,LOGOUT,SalesDashboard,SUCCESS,4882
2026-03-11 11:12:01,bwhite,LOGIN,UserManagement,SUCCESS,2039
2026-03-11 13:26:57,jdoe,LOGOUT,SystemSettings,SUCCESS,89
2026-03-11 09:56:15,davis,DELETE_USER,AuditLogs,SUCCESS,2767
2026-03-11 10:04:20,asmith,EXPORT_REPORT,UserManagement,SUCCESS,103
2026-03-11 14:17:33,asmith,LOGIN,SystemSettings,SUCCESS,2305
2026-03-11 12:43:55,asmith,EXPORT_REPORT,SalesDashboard,SUCCESS,3830
2026-03-11 08:53:47,davis,DELETE_USER,SalesDashboard,SUCCESS,4812
2026-03-11 11:36:13,clane,LOGOUT,SalesDashboard,SUCCESS,1026
2026-03-11 15:11:09,jdoe,CREATE_USER,SystemSettings,SUCCESS,1801
2026-03-11 13:19:26,bwhite,EXPORT_REPORT,SalesDashboard,SUCCESS,609
2026-03-11 14:44:00,asmith,EXPORT_REPORT,SystemSettings,SUCCESS,1362
2026-03-11 17:18:28,clane,DELETE_USER,UserManagement,SUCCESS,4836
2026-03-11 14:48:21,jdoe,DELETE_USER,AuditLogs,SUCCESS,4203
2026-03-11 11:47:55,admin,LOGOUT,UserManagement,SUCCESS,4822
2026-03-11 12:25:42,jdoe,LOGOUT,UserManagement,SUCCESS,4301
2026-03-11 03:07:28,asmith,CREATE_USER,SystemSettings,SUCCESS,4216
2026-03-11 14:28:56,clane,LOGIN,UserManagement,SUCCESS,3383
2026-03-11 22:38:48,admin,LOGIN,SystemSettings,SUCCESS,2921
2026-03-11 05:53:51,jdoe,DELETE_USER,UserManagement,SUCCESS,4389
2026-03-11 16:27:00,bwhite,VIEW_REPORT,AuditLogs,SUCCESS,3519
2026-03-11 16:06:54,asmith,VIEW_REPORT,AuditLogs,SUCCESS,3020
2026-03-11 15:28:41,asmith,ADMIN_CONFIG,InventoryReport,SUCCESS,594
2026-03-11 12:28:53,admin,LOGOUT,AuditLogs,SUCCESS,1920
2026-03-11 08:35:21,asmith,VIEW_REPORT,SystemSettings,SUCCESS,1768
2026-03-11 00:07:01,davis,CREATE_USER,AuditLogs,SUCCESS,1550
2026-03-11 11:56:48,asmith,LOGIN,UserManagement,SUCCESS,2065
2026-03-11 12:52:51,admin,DELETE_USER,AuditLogs,SUCCESS,4113
2026-03-11 15:07:23,jdoe,DELETE_USER,SystemSettings,SUCCESS,3473
2026-03-11 22:11:38,jdoe,LOGIN,SalesDashboard,SUCCESS,4746
2026-03-11 15:26:11,asmith,EXPORT_REPORT,AuditLogs,SUCCESS,3414
2026-03-11 10:43:18,davis,LOGOUT,SalesDashboard,SUCCESS,758
2026-03-11 11:59:44,asmith,ADMIN_CONFIG,SalesDashboard,SUCCESS,2585
2026-03-11 15:46:29,jdoe,LOGIN,SalesDashboard,SUCCESS,4782
2026-03-11 11:56:13,jdoe,DELETE_USER,UserManagement,SUCCESS,4908
2026-03-11 09:38:44,bwhite,ADMIN_CONFIG,SystemSettings,SUCCESS,2756
2026-03-11 10:54:46,admin,LOGOUT,SystemSettings,SUCCESS,1578
2026-03-11 12:12:02,davis,VIEW_REPORT,UserManagement,SUCCESS,2926
2026-03-11 13:01:34,asmith,ADMIN_CONFIG,SystemSettings,SUCCESS,4907
2026-03-11 13:50:39,admin,DELETE_USER,InventoryReport,SUCCESS,4677
2026-03-11 11:50:39,asmith,EXPORT_REPORT,SalesDashboard,SUCCESS,4033
2026-03-11 14:49:43,bwhite,DELETE_USER,AuditLogs,SUCCESS,3093
2026-03-11 12:35:28,admin,ADMIN_CONFIG,SystemSettings,SUCCESS,90
2026-03-11 07:00:49,bwhite,LOGOUT,UserManagement,SUCCESS,4186
2026-03-11 16:41:58,admin,VIEW_REPORT,SystemSettings,SUCCESS,4802
2026-03-11 10:39:10,asmith,LOGOUT,SalesDashboard,SUCCESS,3161
2026-03-11 10:30:26,asmith,CREATE_USER,AuditLogs,SUCCESS,2980
2026-03-11 11:54:09,davis,ADMIN_CONFIG,SystemSettings,SUCCESS,1619
2026-03-11 10:45:12,bwhite,VIEW_REPORT,SalesDashboard,SUCCESS,31
2026-03-11 14:37:53,jdoe,ADMIN_CONFIG,SystemSettings,SUCCESS,766
2026-03-11 21:15:34,bwhite,EXPORT_REPORT,SystemSettings,SUCCESS,3788
2026-03-11 10:47:30,asmith,LOGOUT,UserManagement,SUCCESS,4459
2026-03-11 12:17:57,bwhite,LOGIN,UserManagement,SUCCESS,726
2026-03-11 13:10:21,jdoe,ADMIN_CONFIG,SystemSettings,SUCCESS,3306
2026-03-11 16:22:09,clane,EXPORT_REPORT,AuditLogs,SUCCESS,2535
2026-03-11 16:24:42,davis,LOGIN,AuditLogs,SUCCESS,53
2026-03-11 10:10:04,davis,LOGOUT,SalesDashboard,SUCCESS,1280
2026-03-12 11:18:14,clane,LOGOUT,SalesDashboard,SUCCESS,2859
2026-03-12 08:51:55,asmith,CREATE_USER,SystemSettings,SUCCESS,3685
2026-03-12 08:31:31,clane,LOGIN,SystemSettings,SUCCESS,3446
2026-03-12 16:24:44,bwhite,LOGOUT,AuditLogs,FAILURE,3799
2026-03-12 05:12:55,davis,ADMIN_CONFIG,UserManagement,SUCCESS,4059
2026-03-12 15:20:44,bwhite,EXPORT_REPORT,SystemSettings,SUCCESS,289
2026-03-12 16:07:17,clane,LOGIN,AuditLogs,SUCCESS,301
2026-03-12 16:58:31,clane,ADMIN_CONFIG,InventoryReport,SUCCESS,2853
2026-03-12 11:37:27,jdoe,DELETE_USER,SystemSettings,SUCCESS,1825
2026-03-12 11:32:38,admin,VIEW_REPORT,InventoryReport,SUCCESS,4306
2026-03-12 08:59:11,clane,ADMIN_CONFIG,UserManagement,SUCCESS,2012
2026-03-12 17:54:22,bwhite,LOGOUT,InventoryReport,SUCCESS,2678
2026-03-12 15:17:38,davis,DELETE_USER,AuditLogs,SUCCESS,1439
2026-03-12 15:06:55,bwhite,LOGOUT,SystemSettings,SUCCESS,1233
2026-03-12 10:37:36,clane,CREATE_USER,UserManagement,SUCCESS,1909
2026-03-12 10:37:33,clane,DELETE_USER,UserManagement,SUCCESS,2182
2026-03-12 12:29:11,bwhite,CREATE_USER,AuditLogs,SUCCESS,2779
2026-03-12 09:58:10,davis,LOGOUT,SalesDashboard,SUCCESS,3667
2026-03-12 16:23:27,admin,ADMIN_CONFIG,InventoryReport,SUCCESS,2841
2026-03-12 09:28:12,bwhite,DELETE_USER,AuditLogs,SUCCESS,2019
2026-03-12 16:18:00,asmith,VIEW_REPORT,SystemSettings,FAILURE,1446
2026-03-12 10:48:05,admin,DELETE_USER,InventoryReport,SUCCESS,842
2026-03-12 19:20:47,jdoe,VIEW_REPORT,SystemSettings,SUCCESS,3266
2026-03-12 13:36:54,davis,CREATE_USER,SystemSettings,SUCCESS,2759
2026-03-12 20:36:31,clane,ADMIN_CONFIG,InventoryReport,SUCCESS,517
2026-03-12 16:18:06,asmith,CREATE_USER,AuditLogs,SUCCESS,3476
2026-03-12 12:21:26,clane,EXPORT_REPORT,UserManagement,SUCCESS,1274
2026-03-12 08:03:15,clane,EXPORT_REPORT,AuditLogs,SUCCESS,3838
2026-03-12 14:59:01,bwhite,ADMIN_CONFIG,InventoryReport,SUCCESS,1146
2026-03-12 11:41:11,bwhite,VIEW_REPORT,AuditLogs,FAILURE,2284
2026-03-12 10:37:35,jdoe,LOGOUT,SystemSettings,SUCCESS,658
2026-03-12 04:50:06,davis,DELETE_USER,UserManagement,SUCCESS,522
2026-03-12 09:17:26,admin,LOGIN,AuditLogs,SUCCESS,2073
2026-03-12 10:20:49,admin,DELETE_USER,InventoryReport,SUCCESS,3022
2026-03-12 15:00:35,davis,LOGOUT,SystemSettings,SUCCESS,2259
2026-03-12 16:03:49,davis,CREATE_USER,SystemSettings,SUCCESS,4177
2026-03-12 07:51:17,jdoe,CREATE_USER,SalesDashboard,SUCCESS,3427
2026-03-12 11:59:38,asmith,EXPORT_REPORT,InventoryReport,SUCCESS,4196
2026-03-12 11:36:15,admin,LOGOUT,SalesDashboard,SUCCESS,2288
2026-03-12 09:10:33,davis,VIEW_REPORT,SalesDashboard,SUCCESS,1579
2026-03-12 09:00:55,davis,CREATE_USER,UserManagement,SUCCESS,2962
2026-03-12 13:24:43,admin,EXPORT_REPORT,InventoryReport,SUCCESS,590
2026-03-12 11:00:13,jdoe,LOGIN,UserManagement,SUCCESS,966
2026-03-12 11:07:53,admin,EXPORT_REPORT,InventoryReport,SUCCESS,1577
2026-03-12 11:33:33,jdoe,DELETE_USER,AuditLogs,SUCCESS,97
2026-03-12 09:14:56,jdoe,LOGOUT,InventoryReport,SUCCESS,2550
2026-03-12 14:19:20,jdoe,VIEW_REPORT,SystemSettings,SUCCESS,3391
2026-03-12 20:54:46,davis,EXPORT_REPORT,InventoryReport,SUCCESS,3057
2026-03-12 04:40:26,admin,LOGOUT,SalesDashboard,SUCCESS,1936
2026-03-12 08:43:33,admin,VIEW_REPORT,SystemSettings,SUCCESS,1665
2026-03-12 07:42:59,davis,LOGOUT,SystemSettings,SUCCESS,3275
2026-03-12 12:26:04,jdoe,VIEW_REPORT,InventoryReport,SUCCESS,1754
2026-03-12 08:22:42,jdoe,VIEW_REPORT,InventoryReport,SUCCESS,4775
2026-03-12 15:29:31,jdoe,CREATE_USER,AuditLogs,SUCCESS,3325
2026-03-12 08:38:42,davis,ADMIN_CONFIG,SalesDashboard,SUCCESS,2225
2026-03-12 08:54:11,admin,ADMIN_CONFIG,SystemSettings,SUCCESS,4026
2026-03-12 15:11:22,asmith,EXPORT_REPORT,SalesDashboard,SUCCESS,3951
2026-03-12 05:31:30,clane,CREATE_USER,AuditLogs,SUCCESS,57
2026-03-12 06:55:32,asmith,LOGIN,UserManagement,SUCCESS,4917
2026-03-12 14:33:18,bwhite,ADMIN_CONFIG,AuditLogs,SUCCESS,943
2026-03-12 08:05:39,asmith,LOGIN,AuditLogs,SUCCESS,4462
2026-03-12 10:12:28,jdoe,LOGIN,SalesDashboard,SUCCESS,4848
2026-03-12 11:14:42,admin,VIEW_REPORT,SystemSettings,SUCCESS,3624
2026-03-12 12:17:56,jdoe,ADMIN_CONFIG,UserManagement,SUCCESS,4430
2026-03-12 13:19:59,jdoe,LOGIN,UserManagement,SUCCESS,946
2026-03-12 16:05:18,clane,CREATE_USER,SalesDashboard,SUCCESS,347
2026-03-12 01:38:50,clane,ADMIN_CONFIG,AuditLogs,SUCCESS,1625
2026-03-12 08:18:46,davis,LOGOUT,AuditLogs,SUCCESS,4397
2026-03-12 08:57:51,admin,LOGIN,AuditLogs,SUCCESS,3431
2026-03-12 21:40:15,asmith,EXPORT_REPORT,SystemSettings,SUCCESS,1791
2026-03-12 09:59:14,asmith,LOGIN,InventoryReport,SUCCESS,528
2026-03-12 11:41:29,admin,DELETE_USER,InventoryReport,SUCCESS,3500
2026-03-12 14:30:23,admin,DELETE_USER,SalesDashboard,SUCCESS,708
2026-03-12 10:05:07,asmith,EXPORT_REPORT,InventoryReport,SUCCESS,2025
2026-03-12 08:35:31,clane,EXPORT_REPORT,InventoryReport,SUCCESS,4517
2026-03-12 10:04:20,jdoe,DELETE_USER,SalesDashboard,SUCCESS,873
2026-03-12 13:20:18,clane,LOGOUT,UserManagement,SUCCESS,2541
2026-03-12 08:44:13,asmith,CREATE_USER,SalesDashboard,SUCCESS,2489
2026-03-12 19:54:03,jdoe,CREATE_USER,SalesDashboard,SUCCESS,1970
2026-03-12 15:25:18,jdoe,EXPORT_REPORT,UserManagement,SUCCESS,196
2026-03-12 10:40:11,bwhite,LOGOUT,UserManagement,SUCCESS,477
2026-03-12 13:20:45,clane,VIEW_REPORT,UserManagement,SUCCESS,1349
2026-03-12 15:58:56,asmith,LOGIN,InventoryReport,SUCCESS,298
2026-03-12 16:41:55,asmith,CREATE_USER,AuditLogs,SUCCESS,1696
2026-03-12 09:34:53,asmith,LOGOUT,SalesDashboard,FAILURE,1501
2026-03-12 11:47:49,bwhite,CREATE_USER,SalesDashboard,SUCCESS,39
2026-03-12 14:11:16,admin,VIEW_REPORT,SystemSettings,SUCCESS,1113
2026-03-12 13:14:06,clane,EXPORT_REPORT,InventoryReport,SUCCESS,1675
2026-03-12 15:15:28,davis,ADMIN_CONFIG,SystemSettings,SUCCESS,496
2026-03-12 00:15:47,clane,LOGOUT,SystemSettings,SUCCESS,728
2026-03-12 14:43:49,davis,EXPORT_REPORT,AuditLogs,SUCCESS,3468
2026-03-12 04:44:29,jdoe,ADMIN_CONFIG,AuditLogs,SUCCESS,4240
2026-03-12 19:55:46,davis,DELETE_USER,SystemSettings,SUCCESS,2821
2026-03-12 09:02:40,jdoe,EXPORT_REPORT,UserManagement,SUCCESS,4427
2026-03-12 13:04:50,davis,ADMIN_CONFIG,InventoryReport,SUCCESS,1966
2026-03-12 16:20:30,bwhite,VIEW_REPORT,SystemSettings,SUCCESS,1134
2026-03-12 08:34:34,admin,CREATE_USER,InventoryReport,FAILURE,2699
2026-03-12 08:16:32,clane,ADMIN_CONFIG,SalesDashboard,SUCCESS,1590
2026-03-12 14:52:44,admin,LOGIN,SystemSettings,SUCCESS,2650
2026-03-12 14:05:37,jdoe,LOGOUT,SystemSettings,SUCCESS,886
2026-03-12 11:24:36,jdoe,VIEW_REPORT,InventoryReport,SUCCESS,3813
2026-03-12 08:38:20,bwhite,LOGOUT,SystemSettings,SUCCESS,837
2026-03-12 08:03:06,bwhite,DELETE_USER,SystemSettings,SUCCESS,1383
2026-03-12 03:57:42,davis,ADMIN_CONFIG,SystemSettings,FAILURE,4783
2026-03-12 13:42:16,clane,EXPORT_REPORT,AuditLogs,SUCCESS,1907
2026-03-12 11:06:51,clane,EXPORT_REPORT,AuditLogs,SUCCESS,3044
2026-03-12 14:10:51,clane,ADMIN_CONFIG,UserManagement,SUCCESS,3010
2026-03-12 14:05:15,bwhite,ADMIN_CONFIG,InventoryReport,SUCCESS,636
2026-03-12 12:02:42,davis,LOGOUT,UserManagement,SUCCESS,2567
2026-03-12 11:15:42,davis,VIEW_REPORT,SystemSettings,SUCCESS,1804
2026-03-12 20:54:35,bwhite,CREATE_USER,SalesDashboard,SUCCESS,4018
2026-03-12 15:51:35,jdoe,VIEW_REPORT,SalesDashboard,SUCCESS,3885
2026-03-12 11:24:07,davis,CREATE_USER,AuditLogs,SUCCESS,1128
2026-03-12 13:17:19,clane,CREATE_USER,SalesDashboard,SUCCESS,1833
2026-03-12 14:53:11,asmith,LOGOUT,AuditLogs,SUCCESS,4622
2026-03-12 13:59:31,bwhite,VIEW_REPORT,InventoryReport,SUCCESS,4226
2026-03-12 21:26:39,asmith,EXPORT_REPORT,SystemSettings,SUCCESS,4529
2026-03-12 08:32:35,clane,CREATE_USER,UserManagement,SUCCESS,4229
2026-03-12 09:51:03,bwhite,VIEW_REPORT,InventoryReport,SUCCESS,3368
2026-03-12 10:00:43,admin,LOGIN,SystemSettings,SUCCESS,4382
2026-03-12 14:50:33,asmith,ADMIN_CONFIG,SalesDashboard,SUCCESS,1876
2026-03-12 00:13:24,clane,VIEW_REPORT,InventoryReport,SUCCESS,3939
2026-03-12 15:16:45,asmith,CREATE_USER,AuditLogs,SUCCESS,659
2026-03-12 09:23:35,bwhite,LOGIN,SalesDashboard,SUCCESS,3874
2026-03-12 09:22:39,asmith,DELETE_USER,UserManagement,SUCCESS,604
2026-03-12 09:08:17,davis,EXPORT_REPORT,SystemSettings,SUCCESS,2665
2026-03-12 14:25:31,clane,EXPORT_REPORT,AuditLogs,SUCCESS,2574
2026-03-12 10:44:42,bwhite,EXPORT_REPORT,InventoryReport,SUCCESS,1587
2026-03-12 11:37:37,asmith,CREATE_USER,AuditLogs,SUCCESS,4127
2026-03-12 14:37:03,jdoe,DELETE_USER,SystemSettings,SUCCESS,3612
2026-03-12 10:34:47,davis,DELETE_USER,InventoryReport,SUCCESS,979
2026-03-12 11:31:36,asmith,ADMIN_CONFIG,AuditLogs,SUCCESS,930
2026-03-12 08:26:30,admin,DELETE_USER,AuditLogs,SUCCESS,3053
2026-03-12 16:05:54,jdoe,DELETE_USER,SystemSettings,SUCCESS,869
2026-03-12 10:33:09,davis,EXPORT_REPORT,UserManagement,FAILURE,149
2026-03-12 09:07:13,asmith,LOGOUT,InventoryReport,SUCCESS,2328
2026-03-12 08:26:53,bwhite,ADMIN_CONFIG,AuditLogs,SUCCESS,1012
2026-03-12 14:02:01,jdoe,DELETE_USER,InventoryReport,SUCCESS,1264
2026-03-12 13:33:00,clane,CREATE_USER,UserManagement,SUCCESS,2870
2026-03-12 15:22:35,clane,LOGOUT,UserManagement,FAILURE,2396
2026-03-12 14:05:49,bwhite,DELETE_USER,AuditLogs,SUCCESS,2164
2026-03-12 20:53:26,jdoe,CREATE_USER,UserManagement,SUCCESS,2214
2026-03-12 08:57:25,jdoe,ADMIN_CONFIG,SalesDashboard,SUCCESS,4662
2026-03-12 11:34:24,bwhite,LOGIN,UserManagement,SUCCESS,3982
2026-03-12 14:49:13,asmith,VIEW_REPORT,AuditLogs,SUCCESS,2817
2026-03-12 16:40:08,clane,ADMIN_CONFIG,SalesDashboard,SUCCESS,1204
2026-03-12 12:24:18,asmith,CREATE_USER,SystemSettings,SUCCESS,916
2026-03-13 08:30:27,bwhite,EXPORT_REPORT,UserManagement,SUCCESS,1449
2026-03-13 13:50:16,davis,VIEW_REPORT,SystemSettings,SUCCESS,815
2026-03-13 17:00:47,asmith,ADMIN_CONFIG,SystemSettings,SUCCESS,675
2026-03-13 10:44:16,bwhite,LOGIN,SystemSettings,SUCCESS,4475
2026-03-13 16:01:18,clane,CREATE_USER,UserManagement,SUCCESS,4262
2026-03-13 15:33:09,clane,VIEW_REPORT,InventoryReport,SUCCESS,54
2026-03-13 15:20:21,bwhite,EXPORT_REPORT,UserManagement,SUCCESS,4964
2026-03-13 16:38:21,clane,LOGIN,AuditLogs,SUCCESS,813
2026-03-13 08:14:05,admin,ADMIN_CONFIG,SystemSettings,SUCCESS,655
2026-03-13 11:04:55,jdoe,LOGOUT,InventoryReport,FAILURE,4147
2026-03-13 12:29:25,admin,DELETE_USER,InventoryReport,SUCCESS,3347
2026-03-13 16:49:17,davis,LOGOUT,AuditLogs,SUCCESS,1569
2026-03-13 09:18:49,jdoe,LOGIN,AuditLogs,SUCCESS,1716
2026-03-13 15:55:19,davis,LOGOUT,SalesDashboard,SUCCESS,4000
2026-03-13 15:29:03,bwhite,CREATE_USER,AuditLogs,SUCCESS,4039
2026-03-13 16:17:09,davis,LOGOUT,SalesDashboard,SUCCESS,3790
2026-03-13 08:33:27,jdoe,DELETE_USER,InventoryReport,SUCCESS,130
2026-03-13 10:37:04,clane,CREATE_USER,InventoryReport,SUCCESS,4118
2026-03-13 11:44:21,admin,EXPORT_REPORT,UserManagement,SUCCESS,2038
2026-03-13 13:12:56,davis,CREATE_USER,AuditLogs,SUCCESS,4452
2026-03-13 09:29:52,admin,CREATE_USER,InventoryReport,SUCCESS,133
2026-03-13 09:32:50,bwhite,CREATE_USER,UserManagement,SUCCESS,2031
2026-03-13 14:10:24,admin,LOGIN,UserManagement,SUCCESS,2471
2026-03-13 12:59:29,bwhite,LOGOUT,InventoryReport,SUCCESS,4037
2026-03-13 09:50:52,davis,CREATE_USER,UserManagement,SUCCESS,3220
2026-03-13 13:30:08,clane,VIEW_REPORT,InventoryReport,SUCCESS,2269
2026-03-13 16:20:53,jdoe,ADMIN_CONFIG,UserManagement,SUCCESS,1986
2026-03-13 22:30:47,asmith,VIEW_REPORT,SalesDashboard,SUCCESS,615
2026-03-13 08:49:48,jdoe,LOGOUT,AuditLogs,SUCCESS,1268
2026-03-13 14:21:34,jdoe,EXPORT_REPORT,AuditLogs,SUCCESS,1229
2026-03-13 12:24:18,davis,CREATE_USER,SalesDashboard,SUCCESS,1987
2026-03-13 11:41:23,admin,ADMIN_CONFIG,SystemSettings,SUCCESS,2275
2026-03-13 12:41:14,clane,LOGOUT,SystemSettings,SUCCESS,1615
2026-03-13 11:33:08,admin,LOGOUT,AuditLogs,SUCCESS,4495
2026-03-13 11:36:19,davis,LOGOUT,InventoryReport,SUCCESS,4341
2026-03-13 16:45:38,davis,LOGIN,SalesDashboard,SUCCESS,1466
2026-03-13 22:40:20,admin,CREATE_USER,SystemSettings,SUCCESS,1721
2026-03-13 14:23:17,admin,DELETE_USER,SalesDashboard,SUCCESS,3280
2026-03-13 07:21:57,jdoe,CREATE_USER,AuditLogs,SUCCESS,4079
2026-03-13 08:08:44,davis,LOGIN,UserManagement,SUCCESS,839
2026-03-13 11:21:41,bwhite,DELETE_USER,InventoryReport,SUCCESS,3474
2026-03-13 11:18:11,admin,CREATE_USER,InventoryReport,FAILURE,193
2026-03-13 11:43:56,admin,LOGOUT,AuditLogs,SUCCESS,1719
2026-03-13 10:44:35,admin,VIEW_REPORT,UserManagement,FAILURE,1716
2026-03-13 15:49:11,bwhite,VIEW_REPORT,UserManagement,SUCCESS,4471
2026-03-13 15:15:46,admin,CREATE_USER,AuditLogs,SUCCESS,219
2026-03-13 13:55:54,jdoe,CREATE_USER,UserManagement,SUCCESS,3246
2026-03-13 22:42:49,jdoe,ADMIN_CONFIG,SystemSettings,SUCCESS,3154
2026-03-13 15:29:37,asmith,LOGIN,UserManagement,SUCCESS,1487
2026-03-13 16:45:05,davis,ADMIN_CONFIG,UserManagement,SUCCESS,1490
2026-03-13 11:52:27,jdoe,CREATE_USER,SalesDashboard,SUCCESS,746
2026-03-13 15:17:54,jdoe,DELETE_USER,AuditLogs,SUCCESS,710
2026-03-13 08:55:20,davis,EXPORT_REPORT,UserManagement,SUCCESS,894
2026-03-13 15:24:13,clane,LOGIN,SystemSettings,SUCCESS,438
2026-03-13 09:30:14,jdoe,VIEW_REPORT,SystemSettings,FAILURE,875
2026-03-13 16:15:39,asmith,LOGIN,SystemSettings,SUCCESS,3786
2026-03-13 14:36:57,davis,CREATE_USER,SalesDashboard,SUCCESS,4706
2026-03-13 08:01:09,clane,LOGIN,AuditLogs,SUCCESS,643
2026-03-13 14:46:30,clane,CREATE_USER,SalesDashboard,SUCCESS,1618
2026-03-13 10:15:04,jdoe,LOGIN,InventoryReport,SUCCESS,1935
2026-03-13 11:45:46,jdoe,LOGIN,AuditLogs,SUCCESS,3470
2026-03-13 11:16:17,asmith,ADMIN_CONFIG,SystemSettings,SUCCESS,2857
2026-03-13 14:27:54,jdoe,LOGIN,AuditLogs,SUCCESS,2139
2026-03-13 11:00:47,bwhite,EXPORT_REPORT,InventoryReport,SUCCESS,2952
2026-03-13 16:39:36,asmith,VIEW_REPORT,AuditLogs,SUCCESS,3296
2026-03-13 14:35:06,bwhite,DELETE_USER,InventoryReport,SUCCESS,2186
2026-03-13 18:29:48,clane,CREATE_USER,UserManagement,SUCCESS,1926
2026-03-13 11:57:28,jdoe,CREATE_USER,UserManagement,SUCCESS,1044
2026-03-13 12:55:47,davis,CREATE_USER,SystemSettings,SUCCESS,1457
2026-03-13 11:32:17,jdoe,ADMIN_CONFIG,UserManagement,SUCCESS,3146
2026-03-13 15:52:53,bwhite,CREATE_USER,UserManagement,SUCCESS,2309
2026-03-13 10:57:05,bwhite,CREATE_USER,SalesDashboard,SUCCESS,3227
2026-03-13 08:42:58,asmith,VIEW_REPORT,AuditLogs,SUCCESS,478
2026-03-13 12:51:31,asmith,ADMIN_CONFIG,UserManagement,SUCCESS,4357
2026-03-13 11:28:31,davis,VIEW_REPORT,SalesDashboard,SUCCESS,1929
2026-03-13 12:17:07,jdoe,LOGOUT,SystemSettings,SUCCESS,3931
2026-03-13 10:38:29,admin,DELETE_USER,SalesDashboard,SUCCESS,1155
2026-03-13 23:51:28,clane,DELETE_USER,SalesDashboard,SUCCESS,2986
2026-03-13 08:50:18,asmith,VIEW_REPORT,SystemSettings,SUCCESS,69
2026-03-13 09:27:00,clane,DELETE_USER,InventoryReport,SUCCESS,2258
2026-03-13 13:27:44,clane,EXPORT_REPORT,UserManagement,SUCCESS,1397
2026-03-13 21:52:18,jdoe,DELETE_USER,SalesDashboard,SUCCESS,1701
2026-03-13 10:29:35,jdoe,EXPORT_REPORT,SystemSettings,SUCCESS,2879
2026-03-13 00:53:14,admin,VIEW_REPORT,SystemSettings,SUCCESS,550
2026-03-13 09:02:46,asmith,EXPORT_REPORT,InventoryReport,SUCCESS,2695
2026-03-13 10:16:21,asmith,ADMIN_CONFIG,UserManagement,SUCCESS,3950
2026-03-13 21:17:24,admin,EXPORT_REPORT,SalesDashboard,SUCCESS,17
2026-03-13 13:50:07,davis,ADMIN_CONFIG,AuditLogs,SUCCESS,3760
2026-03-13 15:47:14,clane,EXPORT_REPORT,InventoryReport,SUCCESS,2983
2026-03-13 09:55:13,bwhite,VIEW_REPORT,SystemSettings,SUCCESS,717
2026-03-13 15:10:08,clane,LOGOUT,UserManagement,SUCCESS,4602
2026-03-13 23:52:55,asmith,ADMIN_CONFIG,AuditLogs,SUCCESS,4128
2026-03-13 11:54:21,admin,ADMIN_CONFIG,InventoryReport,SUCCESS,828
2026-03-13 08:07:06,asmith,LOGIN,UserManagement,SUCCESS,1103
2026-03-13 14:17:53,davis,ADMIN_CONFIG,SystemSettings,SUCCESS,3526
2026-03-13 10:35:31,clane,LOGOUT,UserManagement,SUCCESS,1057
2026-03-13 10:00:31,clane,DELETE_USER,UserManagement,SUCCESS,3981
2026-03-13 09:24:32,asmith,EXPORT_REPORT,UserManagement,SUCCESS,2151
2026-03-13 02:59:01,davis,VIEW_REPORT,AuditLogs,SUCCESS,3414
2026-03-13 12:44:42,jdoe,VIEW_REPORT,AuditLogs,SUCCESS,4580
2026-03-13 13:34:19,asmith,VIEW_REPORT,UserManagement,SUCCESS,1508
2026-03-13 11:31:47,davis,VIEW_REPORT,SystemSettings,SUCCESS,3566
2026-03-13 10:10:31,jdoe,CREATE_USER,SystemSettings,SUCCESS,1752
2026-03-13 12:13:20,clane,DELETE_USER,UserManagement,SUCCESS,2789
2026-03-13 13:46:48,asmith,LOGIN,AuditLogs,SUCCESS,1990
2026-03-13 11:45:05,jdoe,DELETE_USER,InventoryReport,SUCCESS,4764
2026-03-13 11:16:03,jdoe,DELETE_USER,UserManagement,SUCCESS,649
2026-03-13 17:35:05,asmith,EXPORT_REPORT,SalesDashboard,SUCCESS,1367
2026-03-13 09:59:15,davis,EXPORT_REPORT,AuditLogs,SUCCESS,1657
2026-03-13 09:58:46,clane,DELETE_USER,AuditLogs,SUCCESS,1763
2026-03-13 09:03:25,clane,EXPORT_REPORT,UserManagement,SUCCESS,521
2026-03-13 10:25:27,bwhite,LOGOUT,SystemSettings,SUCCESS,3686
2026-03-13 08:19:45,admin,ADMIN_CONFIG,SalesDashboard,SUCCESS,26
2026-03-13 11:57:59,bwhite,EXPORT_REPORT,UserManagement,SUCCESS,2836
2026-03-13 14:10:47,jdoe,LOGOUT,SystemSettings,SUCCESS,1906
2026-03-13 10:21:30,davis,LOGIN,InventoryReport,SUCCESS,2225
2026-03-13 20:42:57,admin,LOGIN,AuditLogs,SUCCESS,4711
2026-03-13 11:01:27,clane,LOGOUT,InventoryReport,SUCCESS,4157
2026-03-13 11:39:15,jdoe,CREATE_USER,SystemSettings,SUCCESS,4265
2026-03-13 14:10:58,davis,DELETE_USER,InventoryReport,SUCCESS,2343
2026-03-13 10:24:01,clane,LOGIN,InventoryReport,SUCCESS,117
2026-03-13 14:49:10,jdoe,CREATE_USER,SystemSettings,SUCCESS,1891
2026-03-13 09:37:16,jdoe,ADMIN_CONFIG,SalesDashboard,SUCCESS,3393
2026-03-13 11:13:05,asmith,LOGIN,AuditLogs,SUCCESS,64
2026-03-13 10:17:30,clane,VIEW_REPORT,AuditLogs,SUCCESS,1017
2026-03-13 01:46:11,asmith,ADMIN_CONFIG,UserManagement,SUCCESS,4651
2026-03-13 10:57:18,clane,LOGIN,AuditLogs,SUCCESS,4483
2026-03-13 23:20:23,jdoe,LOGIN,InventoryReport,SUCCESS,4061
2026-03-13 14:53:41,admin,EXPORT_REPORT,InventoryReport,SUCCESS,1952
2026-03-13 14:33:13,clane,ADMIN_CONFIG,InventoryReport,SUCCESS,2154
2026-03-13 20:26:09,jdoe,CREATE_USER,InventoryReport,FAILURE,4359
2026-03-13 16:23:25,asmith,EXPORT_REPORT,AuditLogs,SUCCESS,4386
2026-03-13 15:52:37,davis,CREATE_USER,UserManagement,SUCCESS,3123
2026-03-13 13:50:56,davis,DELETE_USER,InventoryReport,SUCCESS,113
2026-03-13 12:07:35,jdoe,DELETE_USER,UserManagement,SUCCESS,2878
2026-03-13 12:40:55,asmith,LOGOUT,UserManagement,SUCCESS,1106
2026-03-13 14:23:21,bwhite,LOGIN,SalesDashboard,SUCCESS,3765
2026-03-13 09:35:22,clane,LOGOUT,AuditLogs,SUCCESS,1268
2026-03-13 09:09:39,davis,DELETE_USER,UserManagement,SUCCESS,4115
2026-03-13 11:02:48,clane,LOGOUT,SalesDashboard,SUCCESS,4745
2026-03-13 14:08:51,jdoe,CREATE_USER,SalesDashboard,SUCCESS,4338
2026-03-13 13:22:55,admin,ADMIN_CONFIG,SalesDashboard,SUCCESS,2505
2026-03-13 16:10:05,asmith,EXPORT_REPORT,SystemSettings,SUCCESS,3240
2026-03-13 13:54:55,clane,VIEW_REPORT,AuditLogs,SUCCESS,362
2026-03-13 13:55:22,bwhite,LOGOUT,AuditLogs,SUCCESS,4032
2026-03-13 13:29:06,clane,LOGOUT,SalesDashboard,SUCCESS,3843
2026-03-13 15:07:31,jdoe,ADMIN_CONFIG,SystemSettings,SUCCESS,1026
2026-03-13 12:46:44,jdoe,LOGOUT,InventoryReport,SUCCESS,4545
2026-03-14 15:54:49,davis,EXPORT_REPORT,UserManagement,SUCCESS,323
2026-03-14 16:58:53,bwhite,LOGOUT,UserManagement,SUCCESS,4968
2026-03-14 13:38:18,jdoe,ADMIN_CONFIG,SystemSettings,SUCCESS,1872
2026-03-14 18:32:58,admin,CREATE_USER,InventoryReport,SUCCESS,1113
2026-03-14 23:15:09,admin,EXPORT_REPORT,SalesDashboard,SUCCESS,4946
2026-03-14 12:20:51,bwhite,LOGOUT,UserManagement,SUCCESS,357
2026-03-14 07:55:17,davis,CREATE_USER,UserManagement,SUCCESS,3853
2026-03-14 05:08:59,asmith,CREATE_USER,SystemSettings,SUCCESS,328
2026-03-14 04:24:35,davis,DELETE_USER,AuditLogs,SUCCESS,3234
2026-03-14 02:35:04,asmith,DELETE_USER,SalesDashboard,SUCCESS,3361
2026-03-14 20:48:05,asmith,CREATE_USER,SalesDashboard,SUCCESS,2652
2026-03-15 23:02:24,davis,LOGIN,SystemSettings,SUCCESS,3772
2026-03-15 19:16:57,jdoe,VIEW_REPORT,UserManagement,SUCCESS,3236
2026-03-15 15:14:43,admin,EXPORT_REPORT,SalesDashboard,SUCCESS,1015
2026-03-15 04:15:52,admin,EXPORT_REPORT,SalesDashboard,SUCCESS,1117
2026-03-15 11:20:43,clane,DELETE_USER,AuditLogs,SUCCESS,961
2026-03-15 09:19:16,admin,VIEW_REPORT,UserManagement,SUCCESS,512
2026-03-16 12:49:31,jdoe,ADMIN_CONFIG,InventoryReport,SUCCESS,4159
2026-03-16 10:15:53,davis,DELETE_USER,UserManagement,SUCCESS,1546
2026-03-16 08:31:22,clane,ADMIN_CONFIG,UserManagement,SUCCESS,3660
2026-03-16 10:18:31,jdoe,EXPORT_REPORT,SalesDashboard,SUCCESS,1336
2026-03-16 14:39:14,davis,LOGOUT,UserManagement,SUCCESS,3816
2026-03-16 12:52:34,admin,EXPORT_REPORT,AuditLogs,SUCCESS,1584
2026-03-16 10:28:58,davis,CREATE_USER,SystemSettings,SUCCESS,4656
2026-03-16 18:17:07,asmith,DELETE_USER,UserManagement,SUCCESS,1315
2026-03-16 12:38:40,clane,DELETE_USER,AuditLogs,SUCCESS,4983
2026-03-16 15:01:43,clane,DELETE_USER,AuditLogs,SUCCESS,2483
2026-03-16 14:51:46,asmith,VIEW_REPORT,SystemSettings,SUCCESS,4477
2026-03-16 08:36:09,clane,EXPORT_REPORT,SalesDashboard,SUCCESS,3278
2026-03-16 08:34:43,admin,CREATE_USER,InventoryReport,SUCCESS,2319
2026-03-16 19:57:56,davis,ADMIN_CONFIG,AuditLogs,SUCCESS,2608
2026-03-16 09:16:30,asmith,CREATE_USER,SystemSettings,SUCCESS,365
2026-03-16 18:30:24,asmith,ADMIN_CONFIG,InventoryReport,SUCCESS,3915
2026-03-16 15:03:45,clane,VIEW_REPORT,SalesDashboard,SUCCESS,3110
2026-03-16 08:35:34,bwhite,CREATE_USER,InventoryReport,SUCCESS,37
2026-03-16 11:00:57,admin,LOGIN,AuditLogs,SUCCESS,4218
2026-03-16 09:07:06,clane,LOGOUT,SalesDashboard,SUCCESS,1734
2026-03-16 12:54:03,davis,EXPORT_REPORT,AuditLogs,SUCCESS,4339
2026-03-16 16:55:51,clane,CREATE_USER,InventoryReport,SUCCESS,3258
2026-03-16 19:04:00,bwhite,CREATE_USER,AuditLogs,SUCCESS,2882
2026-03-16 16:59:14,davis,LOGOUT,InventoryReport,FAILURE,3323
2026-03-16 11:41:12,davis,EXPORT_REPORT,SalesDashboard,SUCCESS,1863
2026-03-16 09:25:08,davis,LOGOUT,AuditLogs,SUCCESS,725
2026-03-16 16:20:01,davis,ADMIN_CONFIG,InventoryReport,SUCCESS,3686
2026-03-16 14:16:52,jdoe,LOGIN,AuditLogs,SUCCESS,1243
2026-03-16 14:49:21,clane,LOGOUT,InventoryReport,SUCCESS,3434
2026-03-16 00:37:08,davis,VIEW_REPORT,InventoryReport,SUCCESS,1041
2026-03-16 15:34:43,asmith,EXPORT_REPORT,SystemSettings,SUCCESS,1125
2026-03-16 10:14:31,davis,LOGIN,AuditLogs,SUCCESS,4187
2026-03-16 13:31:44,davis,DELETE_USER,InventoryReport,SUCCESS,1847
2026-03-16 11:07:58,admin,VIEW_REPORT,UserManagement,SUCCESS,2502
2026-03-16 18:52:33,asmith,CREATE_USER,SystemSettings,SUCCESS,915
2026-03-16 09:32:55,jdoe,CREATE_USER,SystemSettings,SUCCESS,2302
2026-03-16 16:33:11,asmith,VIEW_REPORT,SystemSettings,SUCCESS,963
2026-03-16 11:55:22,asmith,ADMIN_CONFIG,SalesDashboard,FAILURE,4342
2026-03-16 15:32:40,admin,ADMIN_CONFIG,InventoryReport,SUCCESS,4951
2026-03-16 09:54:58,asmith,LOGIN,SalesDashboard,SUCCESS,2181
2026-03-16 12:41:40,davis,DELETE_USER,AuditLogs,SUCCESS,2201
2026-03-16 13:02:19,davis,LOGOUT,SalesDashboard,SUCCESS,3261
2026-03-16 15:34:16,admin,LOGIN,AuditLogs,SUCCESS,1739
2026-03-16 10:08:30,admin,EXPORT_REPORT,SystemSettings,SUCCESS,4094
2026-03-16 14:04:51,admin,LOGIN,UserManagement,SUCCESS,712
2026-03-16 14:24:08,davis,LOGIN,AuditLogs,SUCCESS,599
2026-03-16 22:53:49,bwhite,EXPORT_REPORT,UserManagement,SUCCESS,349
2026-03-16 14:05:14,clane,LOGIN,UserManagement,SUCCESS,2829
2026-03-16 14:18:15,bwhite,ADMIN_CONFIG,InventoryReport,SUCCESS,1750
2026-03-16 08:50:33,davis,ADMIN_CONFIG,AuditLogs,SUCCESS,1513
2026-03-16 11:28:19,bwhite,LOGIN,SystemSettings,SUCCESS,262
2026-03-16 10:54:46,davis,CREATE_USER,UserManagement,SUCCESS,3544
2026-03-16 08:23:34,admin,ADMIN_CONFIG,AuditLogs,SUCCESS,1204
2026-03-16 08:19:03,admin,CREATE_USER,UserManagement,SUCCESS,2303
2026-03-16 11:38:39,jdoe,LOGOUT,AuditLogs,SUCCESS,2395
2026-03-16 11:21:30,admin,LOGOUT,UserManagement,SUCCESS,4593
2026-03-16 19:41:10,asmith,LOGOUT,InventoryReport,SUCCESS,4788
2026-03-16 09:01:07,clane,EXPORT_REPORT,AuditLogs,SUCCESS,991
2026-03-16 04:26:51,davis,LOGIN,InventoryReport,SUCCESS,152
2026-03-16 10:05:04,jdoe,LOGIN,SalesDashboard,FAILURE,637
2026-03-16 14:33:42,clane,LOGOUT,InventoryReport,SUCCESS,2506
2026-03-16 17:23:09,asmith,EXPORT_REPORT,SystemSettings,SUCCESS,1036
2026-03-16 15:32:05,clane,LOGOUT,SalesDashboard,SUCCESS,230
2026-03-16 12:30:49,bwhite,LOGIN,SystemSettings,SUCCESS,589
2026-03-16 16:21:21,admin,DELETE_USER,SystemSettings,SUCCESS,183
2026-03-16 21:49:55,asmith,LOGIN,SystemSettings,SUCCESS,3009
2026-03-16 09:23:50,asmith,ADMIN_CONFIG,SalesDashboard,SUCCESS,2207
2026-03-16 08:13:46,clane,ADMIN_CONFIG,SalesDashboard,SUCCESS,868
2026-03-16 10:10:28,admin,EXPORT_REPORT,InventoryReport,SUCCESS,1744
2026-03-16 16:49:24,asmith,CREATE_USER,UserManagement,SUCCESS,1187
2026-03-16 14:20:22,asmith,LOGIN,UserManagement,SUCCESS,421
2026-03-16 13:17:41,asmith,LOGIN,SalesDashboard,SUCCESS,3928
2026-03-16 14:58:01,jdoe,VIEW_REPORT,UserManagement,SUCCESS,2096
2026-03-17 08:29:54,davis,LOGOUT,AuditLogs,SUCCESS,1581
2026-03-17 10:53:34,admin,CREATE_USER,InventoryReport,SUCCESS,824
2026-03-17 14:36:03,davis,LOGOUT,SystemSettings,SUCCESS,3071
2026-03-17 08:18:11,asmith,DELETE_USER,SystemSettings,SUCCESS,4544
2026-03-17 12:46:48,davis,ADMIN_CONFIG,SystemSettings,SUCCESS,567
2026-03-17 09:50:58,clane,CREATE_USER,SystemSettings,SUCCESS,1338
2026-03-17 13:58:01,davis,CREATE_USER,SalesDashboard,SUCCESS,2075
2026-03-17 14:30:14,clane,ADMIN_CONFIG,InventoryReport,SUCCESS,2434
2026-03-17 13:37:48,jdoe,EXPORT_REPORT,SystemSettings,SUCCESS,4403
2026-03-17 08:49:23,bwhite,CREATE_USER,SalesDashboard,SUCCESS,4931
2026-03-17 09:13:24,davis,ADMIN_CONFIG,InventoryReport,SUCCESS,36
2026-03-17 08:54:06,davis,ADMIN_CONFIG,AuditLogs,SUCCESS,2183
2026-03-17 15:08:14,jdoe,DELETE_USER,AuditLogs,SUCCESS,1636
2026-03-17 13:18:36,davis,EXPORT_REPORT,SalesDashboard,SUCCESS,257
2026-03-17 14:30:51,asmith,ADMIN_CONFIG,SalesDashboard,SUCCESS,869
2026-03-17 09:15:32,davis,VIEW_REPORT,AuditLogs,SUCCESS,2946
2026-03-17 13:00:26,jdoe,EXPORT_REPORT,UserManagement,SUCCESS,3383
2026-03-17 10:55:08,asmith,EXPORT_REPORT,AuditLogs,SUCCESS,2257
2026-03-17 09:47:58,asmith,EXPORT_REPORT,InventoryReport,SUCCESS,1791
2026-03-17 00:02:31,bwhite,LOGIN,SystemSettings,SUCCESS,1254
2026-03-17 09:51:08,clane,CREATE_USER,SystemSettings,SUCCESS,664
2026-03-17 12:52:57,bwhite,CREATE_USER,SystemSettings,SUCCESS,3625
2026-03-17 17:15:13,davis,VIEW_REPORT,UserManagement,SUCCESS,728
2026-03-17 12:18:07,asmith,ADMIN_CONFIG,AuditLogs,SUCCESS,3928
2026-03-17 08:44:46,jdoe,VIEW_REPORT,InventoryReport,SUCCESS,915
2026-03-17 09:02:39,asmith,LOGOUT,AuditLogs,SUCCESS,1278
2026-03-17 11:26:32,bwhite,LOGOUT,UserManagement,SUCCESS,2253
2026-03-17 15:22:01,clane,VIEW_REPORT,InventoryReport,SUCCESS,769
2026-03-17 11:17:28,admin,EXPORT_REPORT,SalesDashboard,SUCCESS,783
2026-03-17 16:26:38,asmith,DELETE_USER,SalesDashboard,FAILURE,3093
2026-03-17 12:43:25,bwhite,VIEW_REPORT,SalesDashboard,SUCCESS,1599
2026-03-17 15:39:41,admin,ADMIN_CONFIG,AuditLogs,SUCCESS,4942
2026-03-17 09:51:12,jdoe,LOGOUT,AuditLogs,SUCCESS,1025
2026-03-17 16:02:54,asmith,VIEW_REPORT,InventoryReport,SUCCESS,3857
2026-03-17 09:14:59,davis,VIEW_REPORT,AuditLogs,SUCCESS,2939
2026-03-17 15:15:20,asmith,CREATE_USER,UserManagement,SUCCESS,3898
2026-03-17 14:20:03,davis,CREATE_USER,UserManagement,SUCCESS,1885
2026-03-17 08:41:43,davis,LOGIN,UserManagement,SUCCESS,2724
2026-03-17 12:12:19,clane,EXPORT_REPORT,UserManagement,SUCCESS,1209
2026-03-17 13:31:59,admin,DELETE_USER,UserManagement,FAILURE,217
2026-03-17 12:59:07,asmith,LOGOUT,InventoryReport,SUCCESS,561
2026-03-17 16:17:42,admin,DELETE_USER,AuditLogs,SUCCESS,694
2026-03-17 09:02:19,davis,ADMIN_CONFIG,InventoryReport,SUCCESS,1968
2026-03-17 16:32:13,admin,LOGOUT,SalesDashboard,SUCCESS,3801
2026-03-17 16:16:05,admin,VIEW_REPORT,UserManagement,SUCCESS,4869
2026-03-17 13:37:28,bwhite,ADMIN_CONFIG,UserManagement,SUCCESS,2362
2026-03-17 12:06:45,davis,LOGIN,SalesDashboard,SUCCESS,2903
2026-03-17 08:18:45,jdoe,VIEW_REPORT,SystemSettings,SUCCESS,1395
2026-03-17 12:46:51,clane,ADMIN_CONFIG,InventoryReport,SUCCESS,3966
2026-03-17 14:27:26,clane,DELETE_USER,SystemSettings,SUCCESS,4695
2026-03-17 12:23:56,clane,EXPORT_REPORT,SalesDashboard,SUCCESS,4060
2026-03-17 20:13:37,jdoe,LOGOUT,UserManagement,SUCCESS,3219
2026-03-17 23:09:03,davis,DELETE_USER,SystemSettings,SUCCESS,2694
2026-03-17 08:22:48,bwhite,CREATE_USER,AuditLogs,SUCCESS,1114
2026-03-17 12:49:37,bwhite,CREATE_USER,SalesDashboard,SUCCESS,3616
2026-03-17 10:20:43,jdoe,LOGIN,SystemSettings,SUCCESS,2105
2026-03-17 11:04:46,admin,LOGOUT,InventoryReport,SUCCESS,3780
2026-03-17 21:00:02,admin,CREATE_USER,UserManagement,FAILURE,3547
2026-03-17 11:09:39,admin,LOGOUT,AuditLogs,SUCCESS,1919
2026-03-17 14:17:46,admin,CREATE_USER,InventoryReport,SUCCESS,4473
2026-03-17 13:44:24,admin,VIEW_REPORT,SystemSettings,FAILURE,737
2026-03-17 06:18:48,admin,DELETE_USER,SalesDashboard,SUCCESS,2275
2026-03-17 09:51:24,davis,CREATE_USER,SystemSettings,SUCCESS,2929
2026-03-17 11:00:14,davis,ADMIN_CONFIG,AuditLogs,SUCCESS,282
2026-03-17 15:40:08,jdoe,LOGIN,UserManagement,SUCCESS,3758
2026-03-17 12:27:34,davis,EXPORT_REPORT,SystemSettings,SUCCESS,798
2026-03-17 16:08:02,clane,EXPORT_REPORT,SalesDashboard,SUCCESS,3823
2026-03-17 15:28:23,bwhite,LOGOUT,SalesDashboard,FAILURE,1112
2026-03-17 11:03:46,admin,CREATE_USER,InventoryReport,FAILURE,1328
2026-03-17 17:00:39,bwhite,LOGIN,UserManagement,SUCCESS,872
2026-03-17 15:39:37,jdoe,VIEW_REPORT,AuditLogs,SUCCESS,817
2026-03-17 16:02:06,jdoe,EXPORT_REPORT,SystemSettings,SUCCESS,2671
2026-03-17 14:23:42,admin,CREATE_USER,SalesDashboard,SUCCESS,2332
2026-03-17 17:30:18,davis,LOGOUT,AuditLogs,SUCCESS,482
2026-03-17 11:27:28,davis,LOGIN,SalesDashboard,SUCCESS,537
2026-03-17 10:59:03,jdoe,LOGOUT,SystemSettings,SUCCESS,3043
2026-03-17 09:43:49,jdoe,VIEW_REPORT,SystemSettings,SUCCESS,2595
2026-03-17 09:43:46,bwhite,LOGOUT,InventoryReport,FAILURE,1716
2026-03-17 15:16:23,asmith,LOGIN,InventoryReport,SUCCESS,57
2026-03-17 20:40:13,asmith,CREATE_USER,SystemSettings,SUCCESS,369
2026-03-17 14:07:03,jdoe,CREATE_USER,UserManagement,SUCCESS,1291
2026-03-17 11:46:57,jdoe,LOGOUT,UserManagement,SUCCESS,709
2026-03-17 12:51:48,clane,DELETE_USER,SalesDashboard,SUCCESS,4329
2026-03-17 21:53:41,jdoe,LOGIN,InventoryReport,SUCCESS,510
2026-03-17 11:38:11,asmith,EXPORT_REPORT,SystemSettings,SUCCESS,1357
2026-03-17 16:31:50,asmith,ADMIN_CONFIG,AuditLogs,SUCCESS,20
2026-03-17 15:33:21,davis,LOGIN,InventoryReport,FAILURE,1304
2026-03-17 11:20:09,davis,VIEW_REPORT,SalesDashboard,SUCCESS,118
2026-03-17 10:30:59,jdoe,DELETE_USER,UserManagement,FAILURE,63
2026-03-17 11:49:20,jdoe,CREATE_USER,AuditLogs,SUCCESS,1472
2026-03-17 12:18:48,bwhite,CREATE_USER,SalesDashboard,SUCCESS,1749
2026-03-17 09:24:46,bwhite,ADMIN_CONFIG,SystemSettings,SUCCESS,3399
2026-03-17 09:51:22,admin,DELETE_USER,SalesDashboard,FAILURE,1316
2026-03-17 12:30:48,jdoe,LOGIN,SystemSettings,SUCCESS,1251
2026-03-17 14:01:31,clane,DELETE_USER,SalesDashboard,SUCCESS,4877
2026-03-17 08:12:39,bwhite,LOGIN,UserManagement,SUCCESS,4773
2026-03-17 15:35:46,asmith,DELETE_USER,SalesDashboard,SUCCESS,4103
2026-03-17 09:17:58,bwhite,CREATE_USER,AuditLogs,SUCCESS,3567
2026-03-17 08:01:38,jdoe,LOGOUT,SalesDashboard,SUCCESS,159
2026-03-17 14:28:53,davis,DELETE_USER,UserManagement,SUCCESS,4067
2026-03-17 10:53:22,asmith,CREATE_USER,AuditLogs,SUCCESS,2280
2026-03-17 10:19:10,davis,CREATE_USER,SalesDashboard,FAILURE,792
2026-03-17 15:03:07,jdoe,EXPORT_REPORT,InventoryReport,SUCCESS,3786
2026-03-17 14:17:14,asmith,ADMIN_CONFIG,SystemSettings,SUCCESS,880
2026-03-17 12:52:50,clane,ADMIN_CONFIG,SystemSettings,SUCCESS,54
2026-03-17 10:01:44,admin,CREATE_USER,UserManagement,SUCCESS,4863
2026-03-17 14:11:50,admin,DELETE_USER,AuditLogs,SUCCESS,4011
2026-03-17 16:28:39,bwhite,EXPORT_REPORT,SalesDashboard,SUCCESS,2568
2026-03-17 11:39:08,clane,EXPORT_REPORT,UserManagement,SUCCESS,732
2026-03-17 14:31:20,asmith,CREATE_USER,SystemSettings,SUCCESS,3257
2026-03-17 09:39:59,jdoe,EXPORT_REPORT,SalesDashboard,SUCCESS,2507
2026-03-17 03:45:56,asmith,LOGOUT,InventoryReport,SUCCESS,4990
2026-03-17 20:32:25,bwhite,CREATE_USER,UserManagement,SUCCESS,4575
2026-03-17 11:38:34,asmith,VIEW_REPORT,SystemSettings,SUCCESS,1359
2026-03-17 12:35:55,jdoe,EXPORT_REPORT,UserManagement,SUCCESS,2204
2026-03-17 13:21:15,bwhite,LOGIN,AuditLogs,SUCCESS,4687
2026-03-17 15:44:09,davis,VIEW_REPORT,UserManagement,SUCCESS,433
2026-03-17 15:55:02,bwhite,LOGOUT,AuditLogs,SUCCESS,1739
2026-03-17 21:34:44,bwhite,ADMIN_CONFIG,SystemSettings,SUCCESS,1196
2026-03-17 15:09:20,admin,ADMIN_CONFIG,SystemSettings,SUCCESS,680
2026-03-17 16:01:39,admin,LOGIN,SystemSettings,SUCCESS,4659
2026-03-17 12:34:06,jdoe,LOGOUT,UserManagement,SUCCESS,1698
2026-03-18 08:14:58,jdoe,DELETE_USER,SalesDashboard,SUCCESS,913
2026-03-18 10:17:27,jdoe,DELETE_USER,AuditLogs,SUCCESS,2511
2026-03-18 11:07:30,jdoe,ADMIN_CONFIG,AuditLogs,SUCCESS,1924
2026-03-18 09:03:12,admin,LOGOUT,SystemSettings,SUCCESS,2674
2026-03-18 12:47:30,clane,ADMIN_CONFIG,AuditLogs,SUCCESS,2290
2026-03-18 12:05:55,bwhite,VIEW_REPORT,AuditLogs,SUCCESS,1808
2026-03-18 13:07:05,admin,VIEW_REPORT,InventoryReport,SUCCESS,1191
2026-03-18 09:21:48,asmith,DELETE_USER,SalesDashboard,SUCCESS,808
2026-03-18 12:20:47,asmith,EXPORT_REPORT,InventoryReport,SUCCESS,1018
2026-03-18 12:27:00,asmith,EXPORT_REPORT,InventoryReport,SUCCESS,492
2026-03-18 09:41:58,bwhite,LOGIN,SalesDashboard,SUCCESS,4609
2026-03-18 14:56:40,davis,CREATE_USER,InventoryReport,SUCCESS,4584
2026-03-18 11:08:25,clane,VIEW_REPORT,UserManagement,SUCCESS,3782
2026-03-18 09:56:49,clane,CREATE_USER,InventoryReport,SUCCESS,3335
2026-03-18 03:05:37,davis,LOGOUT,UserManagement,FAILURE,4101
2026-03-18 14:21:35,admin,VIEW_REPORT,UserManagement,SUCCESS,4493
2026-03-18 15:42:22,admin,LOGIN,SalesDashboard,SUCCESS,1304
2026-03-18 16:48:03,jdoe,DELETE_USER,UserManagement,SUCCESS,2306
2026-03-18 10:58:25,clane,DELETE_USER,UserManagement,SUCCESS,4184
2026-03-18 11:19:07,admin,LOGOUT,AuditLogs,SUCCESS,3147
2026-03-18 10:45:10,asmith,ADMIN_CONFIG,SystemSettings,SUCCESS,3018
2026-03-18 10:29:59,asmith,ADMIN_CONFIG,SystemSettings,SUCCESS,909
2026-03-18 12:26:22,bwhite,EXPORT_REPORT,UserManagement,FAILURE,530
2026-03-18 09:35:40,jdoe,CREATE_USER,UserManagement,SUCCESS,1178
2026-03-18 16:09:20,jdoe,EXPORT_REPORT,InventoryReport,SUCCESS,4425
2026-03-18 03:00:24,asmith,CREATE_USER,SalesDashboard,SUCCESS,2966
2026-03-18 11:03:56,bwhite,LOGIN,SystemSettings,SUCCESS,2832
2026-03-18 09:42:02,admin,DELETE_USER,UserManagement,SUCCESS,4688
2026-03-18 08:26:48,bwhite,LOGIN,SalesDashboard,SUCCESS,3996
2026-03-18 02:51:37,jdoe,ADMIN_CONFIG,InventoryReport,SUCCESS,1881
2026-03-18 10:35:20,asmith,VIEW_REPORT,UserManagement,SUCCESS,4834
2026-03-18 14:48:46,jdoe,LOGOUT,InventoryReport,SUCCESS,2327
2026-03-18 09:45:19,clane,ADMIN_CONFIG,InventoryReport,SUCCESS,3196
2026-03-18 14:03:02,davis,ADMIN_CONFIG,AuditLogs,SUCCESS,2342
2026-03-18 08:31:56,admin,DELETE_USER,SystemSettings,SUCCESS,1414
2026-03-18 10:53:44,clane,VIEW_REPORT,InventoryReport,SUCCESS,1997
2026-03-18 16:13:41,clane,ADMIN_CONFIG,SalesDashboard,SUCCESS,959
2026-03-18 16:29:52,clane,LOGIN,AuditLogs,FAILURE,4258
2026-03-18 09:52:33,asmith,LOGOUT,SalesDashboard,SUCCESS,562
2026-03-18 15:39:55,asmith,DELETE_USER,SystemSettings,SUCCESS,905
2026-03-18 02:11:26,admin,CREATE_USER,SalesDashboard,FAILURE,2699
2026-03-18 11:37:30,admin,VIEW_REPORT,InventoryReport,SUCCESS,98
2026-03-18 08:31:40,davis,VIEW_REPORT,UserManagement,SUCCESS,2784
2026-03-18 10:03:10,davis,EXPORT_REPORT,InventoryReport,SUCCESS,1032
2026-03-18 10:50:21,admin,DELETE_USER,AuditLogs,SUCCESS,4063
2026-03-18 01:58:24,jdoe,ADMIN_CONFIG,InventoryReport,SUCCESS,429
2026-03-18 12:07:10,davis,LOGIN,InventoryReport,SUCCESS,288
2026-03-18 14:26:44,admin,VIEW_REPORT,SystemSettings,SUCCESS,1151
2026-03-18 05:12:31,asmith,ADMIN_CONFIG,AuditLogs,SUCCESS,2086
2026-03-18 08:49:07,davis,DELETE_USER,SalesDashboard,SUCCESS,1415
2026-03-18 10:03:06,clane,DELETE_USER,InventoryReport,SUCCESS,2254
2026-03-18 16:03:52,bwhite,ADMIN_CONFIG,SalesDashboard,SUCCESS,3480
2026-03-18 09:32:28,bwhite,VIEW_REPORT,SystemSettings,SUCCESS,1293
2026-03-18 10:20:30,bwhite,ADMIN_CONFIG,UserManagement,SUCCESS,1226
2026-03-18 14:47:09,asmith,LOGIN,InventoryReport,SUCCESS,224
2026-03-18 16:26:58,davis,DELETE_USER,AuditLogs,SUCCESS,547
2026-03-18 16:45:54,bwhite,EXPORT_REPORT,AuditLogs,SUCCESS,1534
2026-03-18 11:43:41,asmith,LOGIN,AuditLogs,SUCCESS,4470
2026-03-18 08:54:40,asmith,EXPORT_REPORT,AuditLogs,SUCCESS,409
2026-03-18 12:06:34,bwhite,EXPORT_REPORT,SystemSettings,SUCCESS,919
2026-03-18 16:01:06,jdoe,LOGIN,UserManagement,SUCCESS,4962
2026-03-18 11:48:34,davis,ADMIN_CONFIG,SalesDashboard,SUCCESS,916
2026-03-18 12:39:36,davis,CREATE_USER,AuditLogs,SUCCESS,427
2026-03-18 11:24:45,admin,LOGOUT,AuditLogs,SUCCESS,4841
2026-03-18 09:33:59,davis,LOGIN,SystemSettings,SUCCESS,3001
2026-03-18 23:18:40,clane,LOGOUT,InventoryReport,SUCCESS,1209
2026-03-18 15:34:00,bwhite,LOGIN,AuditLogs,SUCCESS,3409
2026-03-18 01:39:49,asmith,ADMIN_CONFIG,SystemSettings,SUCCESS,1616
2026-03-18 14:03:04,bwhite,LOGIN,AuditLogs,SUCCESS,4619
2026-03-18 21:32:18,jdoe,DELETE_USER,SystemSettings,SUCCESS,1596
2026-03-18 08:26:44,asmith,EXPORT_REPORT,InventoryReport,SUCCESS,4182
2026-03-18 15:30:36,admin,ADMIN_CONFIG,UserManagement,SUCCESS,1435
2026-03-18 08:36:44,davis,CREATE_USER,AuditLogs,SUCCESS,3326
2026-03-18 08:53:31,admin,CREATE_USER,AuditLogs,SUCCESS,2159
2026-03-18 16:58:22,admin,CREATE_USER,UserManagement,SUCCESS,4657
2026-03-18 11:03:19,jdoe,LOGIN,SystemSettings,SUCCESS,166
2026-03-18 10:21:52,davis,ADMIN_CONFIG,AuditLogs,SUCCESS,4377
2026-03-18 15:35:03,jdoe,EXPORT_REPORT,UserManagement,SUCCESS,1410
2026-03-18 16:34:50,jdoe,EXPORT_REPORT,AuditLogs,SUCCESS,637
2026-03-18 13:28:59,davis,ADMIN_CONFIG,UserManagement,SUCCESS,4150
2026-03-18 12:07:43,jdoe,LOGOUT,SystemSettings,SUCCESS,4801
2026-03-18 23:52:24,davis,DELETE_USER,SalesDashboard,SUCCESS,1329
2026-03-18 15:45:58,asmith,ADMIN_CONFIG,SalesDashboard,SUCCESS,4414
2026-03-18 10:45:18,davis,DELETE_USER,AuditLogs,SUCCESS,2779
2026-03-18 14:58:32,jdoe,EXPORT_REPORT,SystemSettings,SUCCESS,3828
2026-03-18 05:11:40,clane,LOGIN,SystemSettings,SUCCESS,4842
2026-03-18 12:44:39,davis,LOGOUT,AuditLogs,SUCCESS,690
2026-03-18 08:49:16,bwhite,LOGOUT,SalesDashboard,SUCCESS,4485
2026-03-18 16:27:35,davis,VIEW_REPORT,AuditLogs,SUCCESS,924
2026-03-18 10:35:28,davis,EXPORT_REPORT,InventoryReport,SUCCESS,895
2026-03-18 12:38:02,bwhite,EXPORT_REPORT,SystemSettings,SUCCESS,232
2026-03-18 11:21:17,bwhite,CREATE_USER,SalesDashboard,SUCCESS,3142
2026-03-18 02:03:49,clane,CREATE_USER,InventoryReport,SUCCESS,1678
2026-03-18 16:55:28,asmith,DELETE_USER,AuditLogs,SUCCESS,73
2026-03-18 08:04:18,bwhite,EXPORT_REPORT,SalesDashboard,SUCCESS,4827
2026-03-18 14:07:07,admin,LOGOUT,SalesDashboard,SUCCESS,3593
2026-03-18 16:33:05,asmith,DELETE_USER,AuditLogs,FAILURE,4027
2026-03-18 14:47:27,admin,LOGIN,AuditLogs,SUCCESS,4726
2026-03-18 13:52:31,davis,DELETE_USER,SystemSettings,SUCCESS,2142
2026-03-18 15:08:46,admin,ADMIN_CONFIG,UserManagement,SUCCESS,3435
2026-03-18 13:21:27,bwhite,LOGOUT,SalesDashboard,FAILURE,328
2026-03-18 11:18:42,jdoe,LOGIN,SalesDashboard,SUCCESS,2446
2026-03-18 23:00:39,davis,EXPORT_REPORT,SalesDashboard,SUCCESS,4281
2026-03-18 14:25:02,davis,DELETE_USER,UserManagement,SUCCESS,1699
2026-03-18 11:06:18,admin,LOGIN,InventoryReport,SUCCESS,4601
2026-03-18 16:59:32,bwhite,EXPORT_REPORT,InventoryReport,SUCCESS,3188
2026-03-18 11:27:28,bwhite,VIEW_REPORT,AuditLogs,SUCCESS,250
2026-03-18 15:18:12,clane,ADMIN_CONFIG,UserManagement,SUCCESS,2377
2026-03-18 14:49:22,clane,CREATE_USER,UserManagement,SUCCESS,1006
2026-03-18 08:25:16,asmith,EXPORT_REPORT,SystemSettings,SUCCESS,2627
2026-03-18 13:07:47,jdoe,VIEW_REPORT,UserManagement,SUCCESS,1402
2026-03-18 12:41:35,davis,DELETE_USER,SystemSettings,SUCCESS,2124
2026-03-18 10:25:11,davis,DELETE_USER,SystemSettings,SUCCESS,2598
2026-03-18 13:47:53,jdoe,ADMIN_CONFIG,UserManagement,SUCCESS,374
2026-03-18 13:37:15,bwhite,CREATE_USER,UserManagement,SUCCESS,3596
2026-03-18 10:01:30,bwhite,CREATE_USER,UserManagement,SUCCESS,2730
2026-03-18 13:57:30,davis,ADMIN_CONFIG,InventoryReport,SUCCESS,2379
2026-03-18 12:12:30,clane,LOGIN,SalesDashboard,SUCCESS,4871
2026-03-18 13:15:39,clane,DELETE_USER,AuditLogs,SUCCESS,4963
2026-03-18 13:46:11,admin,VIEW_REPORT,SystemSettings,SUCCESS,3402
2026-03-18 13:21:04,asmith,VIEW_REPORT,InventoryReport,SUCCESS,976
2026-03-18 09:53:41,davis,VIEW_REPORT,SystemSettings,SUCCESS,38
2026-03-18 10:57:20,admin,LOGOUT,SystemSettings,SUCCESS,3191
2026-03-18 10:46:56,admin,LOGOUT,UserManagement,SUCCESS,935
2026-03-18 12:09:00,admin,LOGIN,SystemSettings,SUCCESS,4271
2026-03-18 16:11:20,clane,ADMIN_CONFIG,SystemSettings,SUCCESS,3142
2026-03-18 08:54:11,jdoe,EXPORT_REPORT,SystemSettings,SUCCESS,32
2026-03-18 16:47:01,bwhite,EXPORT_REPORT,AuditLogs,SUCCESS,4761
2026-03-18 12:04:40,clane,VIEW_REPORT,AuditLogs,SUCCESS,4513
2026-03-18 14:29:26,admin,ADMIN_CONFIG,UserManagement,SUCCESS,2851
2026-03-18 16:00:49,jdoe,CREATE_USER,UserManagement,SUCCESS,309
2026-03-18 09:51:48,clane,VIEW_REPORT,InventoryReport,SUCCESS,4675
2026-03-18 11:38:31,jdoe,DELETE_USER,SalesDashboard,SUCCESS,408
2026-03-18 11:39:27,jdoe,DELETE_USER,AuditLogs,SUCCESS,3972
2026-03-18 14:41:54,clane,ADMIN_CONFIG,SalesDashboard,SUCCESS,4479
2026-03-18 15:31:08,jdoe,ADMIN_CONFIG,SalesDashboard,SUCCESS,612
2026-03-18 08:56:18,davis,EXPORT_REPORT,SystemSettings,SUCCESS,3959
2026-03-18 09:34:45,jdoe,VIEW_REPORT,SalesDashboard,SUCCESS,3140
2026-03-19 16:18:36,davis,LOGIN,InventoryReport,SUCCESS,4160
2026-03-19 16:19:34,clane,VIEW_REPORT,SalesDashboard,SUCCESS,3375
2026-03-19 09:56:07,admin,LOGOUT,UserManagement,SUCCESS,2064
2026-03-19 08:49:30,admin,CREATE_USER,InventoryReport,SUCCESS,1051
2026-03-19 15:04:23,asmith,CREATE_USER,SystemSettings,SUCCESS,1169
2026-03-19 11:35:55,admin,CREATE_USER,UserManagement,SUCCESS,4168
2026-03-19 07:07:06,bwhite,CREATE_USER,SystemSettings,SUCCESS,356
2026-03-19 20:32:58,davis,DELETE_USER,InventoryReport,SUCCESS,1967
2026-03-19 15:49:47,admin,LOGIN,SystemSettings,SUCCESS,4435
2026-03-19 16:55:17,jdoe,DELETE_USER,UserManagement,SUCCESS,3215
2026-03-19 14:26:10,clane,EXPORT_REPORT,SystemSettings,SUCCESS,4516
2026-03-19 09:21:34,jdoe,DELETE_USER,SystemSettings,SUCCESS,4243
2026-03-19 15:14:34,asmith,CREATE_USER,SystemSettings,SUCCESS,3889
2026-03-19 13:44:10,admin,EXPORT_REPORT,SystemSettings,SUCCESS,4731
2026-03-19 10:18:23,bwhite,CREATE_USER,SalesDashboard,SUCCESS,559
2026-03-19 15:51:56,bwhite,EXPORT_REPORT,UserManagement,SUCCESS,1414
2026-03-19 08:03:20,admin,DELETE_USER,SalesDashboard,SUCCESS,884
2026-03-19 20:50:32,admin,VIEW_REPORT,InventoryReport,SUCCESS,921
2026-03-19 13:58:29,asmith,EXPORT_REPORT,UserManagement,SUCCESS,2667
2026-03-19 12:56:53,bwhite,ADMIN_CONFIG,SalesDashboard,SUCCESS,4702
2026-03-19 16:58:42,asmith,CREATE_USER,SalesDashboard,SUCCESS,2718
2026-03-19 15:57:47,bwhite,LOGIN,SystemSettings,SUCCESS,1487
2026-03-19 12:53:27,davis,CREATE_USER,InventoryReport,SUCCESS,1368
2026-03-19 09:14:10,clane,ADMIN_CONFIG,AuditLogs,SUCCESS,1957
2026-03-19 11:25:52,asmith,VIEW_REPORT,InventoryReport,FAILURE,278
2026-03-19 14:13:15,davis,EXPORT_REPORT,InventoryReport,SUCCESS,2829
2026-03-19 22:31:28,davis,VIEW_REPORT,SalesDashboard,SUCCESS,1852
2026-03-19 09:24:07,jdoe,CREATE_USER,InventoryReport,SUCCESS,3086
2026-03-19 13:50:22,jdoe,DELETE_USER,AuditLogs,SUCCESS,4733
2026-03-19 10:37:47,bwhite,LOGOUT,SalesDashboard,SUCCESS,2029
2026-03-19 14:03:13,asmith,LOGOUT,InventoryReport,SUCCESS,4781
2026-03-19 11:56:10,asmith,ADMIN_CONFIG,InventoryReport,SUCCESS,1445
2026-03-19 15:28:51,admin,LOGOUT,AuditLogs,SUCCESS,1500
2026-03-19 12:27:57,davis,DELETE_USER,SystemSettings,SUCCESS,4993
2026-03-19 10:34:38,davis,CREATE_USER,AuditLogs,SUCCESS,4289
2026-03-19 10:13:06,clane,VIEW_REPORT,SystemSettings,SUCCESS,4175
2026-03-19 13:43:55,clane,CREATE_USER,SystemSettings,SUCCESS,2218
2026-03-19 10:15:42,asmith,CREATE_USER,SalesDashboard,SUCCESS,4339
2026-03-19 15:13:51,jdoe,CREATE_USER,SystemSettings,SUCCESS,2635
2026-03-19 13:31:06,asmith,EXPORT_REPORT,SalesDashboard,SUCCESS,373
2026-03-19 10:45:35,admin,VIEW_REPORT,SystemSettings,SUCCESS,1487
2026-03-19 11:42:39,davis,EXPORT_REPORT,InventoryReport,SUCCESS,4154
2026-03-19 14:42:00,bwhite,LOGIN,UserManagement,SUCCESS,4741
2026-03-19 14:35:36,davis,LOGOUT,SystemSettings,SUCCESS,726
2026-03-19 10:53:43,admin,LOGIN,SystemSettings,SUCCESS,3263
2026-03-19 13:55:12,davis,CREATE_USER,SystemSettings,SUCCESS,4480
2026-03-19 23:32:19,asmith,DELETE_USER,SystemSettings,SUCCESS,1957
2026-03-19 19:07:42,asmith,DELETE_USER,SalesDashboard,SUCCESS,1744
2026-03-19 14:24:17,admin,CREATE_USER,SalesDashboard,SUCCESS,3034
2026-03-19 08:33:28,admin,LOGIN,SalesDashboard,SUCCESS,2997
2026-03-19 16:55:45,jdoe,ADMIN_CONFIG,AuditLogs,SUCCESS,4522
2026-03-19 09:20:10,admin,EXPORT_REPORT,UserManagement,SUCCESS,3593
2026-03-19 02:11:00,asmith,DELETE_USER,UserManagement,SUCCESS,1649
2026-03-19 20:14:16,jdoe,LOGIN,UserManagement,SUCCESS,247
2026-03-19 14:25:17,asmith,VIEW_REPORT,UserManagement,SUCCESS,2606
2026-03-19 09:08:23,admin,ADMIN_CONFIG,SalesDashboard,SUCCESS,175
2026-03-19 10:41:25,jdoe,CREATE_USER,SalesDashboard,SUCCESS,1690
2026-03-19 08:06:42,bwhite,VIEW_REPORT,InventoryReport,SUCCESS,3163
2026-03-19 11:16:43,davis,VIEW_REPORT,InventoryReport,SUCCESS,4828
2026-03-19 10:16:33,jdoe,ADMIN_CONFIG,AuditLogs,SUCCESS,3673
2026-03-19 13:20:51,jdoe,VIEW_REPORT,SalesDashboard,SUCCESS,1565
2026-03-19 09:51:44,jdoe,EXPORT_REPORT,SalesDashboard,SUCCESS,2546
2026-03-19 08:51:25,davis,ADMIN_CONFIG,SystemSettings,SUCCESS,4736
2026-03-19 12:09:13,clane,CREATE_USER,SalesDashboard,SUCCESS,2280
2026-03-19 20:15:56,clane,EXPORT_REPORT,AuditLogs,SUCCESS,2041
2026-03-19 10:23:15,asmith,DELETE_USER,AuditLogs,SUCCESS,2906
2026-03-19 14:27:42,bwhite,ADMIN_CONFIG,InventoryReport,SUCCESS,4940
2026-03-19 12:58:10,jdoe,ADMIN_CONFIG,UserManagement,SUCCESS,271
2026-03-19 01:29:42,admin,CREATE_USER,SystemSettings,SUCCESS,2907
2026-03-19 06:59:40,bwhite,CREATE_USER,SalesDashboard,SUCCESS,4923
2026-03-20 13:43:35,admin,LOGOUT,InventoryReport,SUCCESS,88
2026-03-20 08:01:52,admin,DELETE_USER,AuditLogs,SUCCESS,2260
2026-03-20 12:49:52,clane,VIEW_REPORT,SalesDashboard,SUCCESS,39
2026-03-20 11:28:28,jdoe,LOGOUT,AuditLogs,SUCCESS,1615
2026-03-20 14:00:17,davis,VIEW_REPORT,SalesDashboard,SUCCESS,4070
2026-03-20 14:28:11,bwhite,DELETE_USER,SalesDashboard,SUCCESS,3395
2026-03-20 15:24:08,davis,VIEW_REPORT,SalesDashboard,SUCCESS,2912
2026-03-20 09:57:43,asmith,ADMIN_CONFIG,AuditLogs,SUCCESS,4444
2026-03-20 15:49:04,asmith,LOGOUT,UserManagement,SUCCESS,2748
2026-03-20 11:07:13,admin,LOGOUT,SalesDashboard,SUCCESS,4422
2026-03-20 15:34:40,davis,LOGIN,SalesDashboard,SUCCESS,841
2026-03-20 03:13:40,davis,VIEW_REPORT,SystemSettings,SUCCESS,744
2026-03-20 05:13:21,davis,ADMIN_CONFIG,InventoryReport,SUCCESS,1164
2026-03-20 11:37:05,admin,EXPORT_REPORT,AuditLogs,SUCCESS,3628
2026-03-20 11:21:21,bwhite,CREATE_USER,SystemSettings,SUCCESS,1733
2026-03-20 12:27:38,admin,EXPORT_REPORT,InventoryReport,SUCCESS,1565
2026-03-20 09:42:37,clane,EXPORT_REPORT,AuditLogs,SUCCESS,4565
2026-03-20 13:36:02,bwhite,LOGIN,UserManagement,SUCCESS,4249
2026-03-20 04:52:05,clane,VIEW_REPORT,AuditLogs,SUCCESS,1014
2026-03-20 09:08:09,davis,EXPORT_REPORT,SystemSettings,FAILURE,3045
2026-03-20 16:29:32,bwhite,DELETE_USER,InventoryReport,SUCCESS,56
2026-03-20 11:18:06,davis,LOGIN,SystemSettings,FAILURE,4846
2026-03-20 15:33:04,davis,EXPORT_REPORT,AuditLogs,SUCCESS,4229
2026-03-20 10:22:57,admin,LOGOUT,SalesDashboard,SUCCESS,2900
2026-03-20 15:55:53,jdoe,CREATE_USER,UserManagement,SUCCESS,1709
2026-03-20 16:36:06,jdoe,CREATE_USER,UserManagement,SUCCESS,3826
2026-03-20 14:57:37,admin,LOGOUT,AuditLogs,FAILURE,4870
2026-03-20 10:11:56,davis,LOGIN,SystemSettings,SUCCESS,3256
2026-03-20 15:56:28,asmith,DELETE_USER,SystemSettings,SUCCESS,2926
2026-03-20 13:19:45,clane,LOGIN,SalesDashboard,SUCCESS,4133
2026-03-20 20:48:04,davis,VIEW_REPORT,InventoryReport,SUCCESS,2014
2026-03-20 11:36:39,bwhite,VIEW_REPORT,UserManagement,SUCCESS,3414
2026-03-20 10:29:25,bwhite,CREATE_USER,UserManagement,SUCCESS,3175
2026-03-20 23:36:05,clane,LOGIN,SystemSettings,SUCCESS,1545
2026-03-20 11:32:53,admin,DELETE_USER,SalesDashboard,SUCCESS,1519
2026-03-20 14:35:20,bwhite,ADMIN_CONFIG,UserManagement,SUCCESS,2963
2026-03-20 23:30:52,admin,VIEW_REPORT,SalesDashboard,SUCCESS,1284
2026-03-20 09:28:29,bwhite,CREATE_USER,AuditLogs,SUCCESS,4694
2026-03-20 16:11:57,davis,EXPORT_REPORT,InventoryReport,SUCCESS,16
2026-03-20 14:30:16,bwhite,LOGOUT,SystemSettings,SUCCESS,4746
2026-03-20 09:39:22,jdoe,EXPORT_REPORT,UserManagement,SUCCESS,1963
2026-03-20 13:46:56,admin,CREATE_USER,InventoryReport,FAILURE,3341
2026-03-20 13:41:22,admin,VIEW_REPORT,UserManagement,SUCCESS,1447
2026-03-20 12:02:21,asmith,DELETE_USER,SystemSettings,SUCCESS,106
2026-03-20 09:38:59,admin,CREATE_USER,UserManagement,SUCCESS,1786
2026-03-20 13:39:34,asmith,CREATE_USER,SystemSettings,SUCCESS,938
2026-03-20 11:44:12,asmith,VIEW_REPORT,UserManagement,SUCCESS,2938
2026-03-20 09:40:52,davis,VIEW_REPORT,SystemSettings,SUCCESS,1348
2026-03-20 11:26:05,jdoe,VIEW_REPORT,SystemSettings,SUCCESS,3982
2026-03-20 08:02:24,clane,EXPORT_REPORT,SystemSettings,SUCCESS,4274
2026-03-20 23:46:16,clane,LOGIN,SystemSettings,SUCCESS,1730
2026-03-20 16:04:24,clane,LOGOUT,AuditLogs,FAILURE,3022
2026-03-20 08:11:11,davis,DELETE_USER,SystemSettings,SUCCESS,715
2026-03-20 10:37:10,jdoe,LOGOUT,SystemSettings,SUCCESS,1037
2026-03-20 15:27:30,davis,VIEW_REPORT,UserManagement,SUCCESS,3444
2026-03-20 11:50:53,bwhite,EXPORT_REPORT,AuditLogs,SUCCESS,2152
2026-03-20 09:50:42,jdoe,EXPORT_REPORT,SalesDashboard,SUCCESS,4893
2026-03-20 09:38:38,admin,ADMIN_CONFIG,AuditLogs,SUCCESS,2880
2026-03-20 14:32:44,bwhite,LOGIN,UserManagement,SUCCESS,435
2026-03-20 09:58:56,jdoe,VIEW_REPORT,AuditLogs,SUCCESS,1198
2026-03-20 16:52:07,jdoe,EXPORT_REPORT,SalesDashboard,SUCCESS,956
2026-03-20 15:34:11,asmith,DELETE_USER,SalesDashboard,SUCCESS,782
2026-03-20 22:36:40,admin,LOGOUT,AuditLogs,SUCCESS,1580
2026-03-20 16:32:50,jdoe,DELETE_USER,UserManagement,SUCCESS,4849
2026-03-20 13:07:17,davis,CREATE_USER,SystemSettings,SUCCESS,2489
2026-03-20 09:29:02,bwhite,VIEW_REPORT,SystemSettings,SUCCESS,1495
2026-03-20 08:25:09,admin,DELETE_USER,UserManagement,SUCCESS,1806
2026-03-20 11:04:27,admin,ADMIN_CONFIG,UserManagement,SUCCESS,4886
2026-03-20 08:20:25,bwhite,LOGIN,InventoryReport,SUCCESS,1975
2026-03-20 01:50:56,clane,VIEW_REPORT,SalesDashboard,SUCCESS,1588
2026-03-20 14:20:58,asmith,VIEW_REPORT,InventoryReport,SUCCESS,1101
2026-03-20 12:42:32,asmith,CREATE_USER,SystemSettings,SUCCESS,2795
2026-03-20 13:25:27,clane,ADMIN_CONFIG,UserManagement,SUCCESS,1539
2026-03-20 14:22:51,bwhite,VIEW_REPORT,UserManagement,SUCCESS,4062
2026-03-20 12:39:25,asmith,LOGIN,AuditLogs,SUCCESS,1045
2026-03-20 08:18:16,admin,EXPORT_REPORT,UserManagement,SUCCESS,4270
2026-03-20 16:29:36,clane,ADMIN_CONFIG,UserManagement,SUCCESS,78
2026-03-20 15:33:43,asmith,ADMIN_CONFIG,InventoryReport,SUCCESS,4604
2026-03-20 16:48:05,clane,LOGIN,SalesDashboard,SUCCESS,3646
2026-03-20 15:58:45,clane,DELETE_USER,UserManagement,SUCCESS,1583
2026-03-20 14:53:24,bwhite,CREATE_USER,InventoryReport,SUCCESS,3534
2026-03-20 12:34:46,bwhite,CREATE_USER,InventoryReport,SUCCESS,3681
2026-03-20 13:47:31,asmith,ADMIN_CONFIG,InventoryReport,SUCCESS,405
2026-03-20 10:26:20,jdoe,DELETE_USER,UserManagement,SUCCESS,828
2026-03-20 22:13:59,bwhite,EXPORT_REPORT,AuditLogs,SUCCESS,1960
2026-03-20 08:30:37,davis,DELETE_USER,AuditLogs,SUCCESS,148
2026-03-20 13:24:20,asmith,VIEW_REPORT,InventoryReport,SUCCESS,896
2026-03-20 12:34:59,jdoe,LOGIN,UserManagement,SUCCESS,738
2026-03-20 14:43:29,clane,ADMIN_CONFIG,AuditLogs,SUCCESS,4950
2026-03-20 08:39:02,davis,ADMIN_CONFIG,AuditLogs,SUCCESS,4748
2026-03-20 17:54:03,clane,LOGIN,SystemSettings,SUCCESS,4161
2026-03-20 12:38:20,jdoe,LOGOUT,InventoryReport,SUCCESS,3163
2026-03-20 14:08:04,jdoe,LOGOUT,UserManagement,SUCCESS,3192
2026-03-20 10:47:20,davis,LOGOUT,SystemSettings,SUCCESS,1724
2026-03-20 03:52:56,jdoe,DELETE_USER,AuditLogs,SUCCESS,4495
2026-03-20 18:58:03,admin,CREATE_USER,InventoryReport,SUCCESS,1339
2026-03-20 11:55:34,asmith,ADMIN_CONFIG,AuditLogs,SUCCESS,3039
2026-03-20 14:15:34,admin,DELETE_USER,InventoryReport,SUCCESS,1922
2026-03-20 08:28:14,asmith,DELETE_USER,InventoryReport,SUCCESS,2170
2026-03-20 13:57:34,davis,DELETE_USER,SalesDashboard,FAILURE,2943
2026-03-20 14:17:56,davis,ADMIN_CONFIG,SystemSettings,SUCCESS,1423
2026-03-20 09:09:37,admin,ADMIN_CONFIG,SystemSettings,SUCCESS,3809
2026-03-20 11:47:49,asmith,VIEW_REPORT,UserManagement,SUCCESS,4136
2026-03-20 10:19:18,bwhite,VIEW_REPORT,SystemSettings,SUCCESS,4838
2026-03-20 13:29:42,bwhite,LOGIN,AuditLogs,SUCCESS,3885
2026-03-20 21:41:13,clane,ADMIN_CONFIG,SystemSettings,SUCCESS,2960
2026-03-20 14:54:28,clane,EXPORT_REPORT,SalesDashboard,SUCCESS,1691
2026-03-20 22:35:42,bwhite,VIEW_REPORT,UserManagement,SUCCESS,4702
2026-03-20 08:36:35,admin,ADMIN_CONFIG,AuditLogs,SUCCESS,4890
2026-03-20 10:30:54,admin,DELETE_USER,SystemSettings,SUCCESS,2776
2026-03-20 11:07:20,jdoe,LOGOUT,UserManagement,SUCCESS,378
2026-03-20 16:06:53,jdoe,VIEW_REPORT,AuditLogs,FAILURE,539
2026-03-20 08:54:08,jdoe,EXPORT_REPORT,UserManagement,SUCCESS,1159
2026-03-20 15:23:44,jdoe,ADMIN_CONFIG,InventoryReport,SUCCESS,3232
2026-03-20 08:22:42,admin,LOGIN,SalesDashboard,SUCCESS,3942
2026-03-20 04:55:49,asmith,DELETE_USER,AuditLogs,SUCCESS,180
2026-03-20 16:45:44,bwhite,ADMIN_CONFIG,InventoryReport,SUCCESS,903
2026-03-20 13:33:23,asmith,ADMIN_CONFIG,SalesDashboard,SUCCESS,2250
2026-03-20 14:11:03,bwhite,VIEW_REPORT,SystemSettings,SUCCESS,1171
2026-03-20 14:23:25,bwhite,CREATE_USER,UserManagement,SUCCESS,1609
2026-03-20 11:24:31,clane,ADMIN_CONFIG,UserManagement,SUCCESS,4149
2026-03-21 11:01:54,bwhite,LOGOUT,SalesDashboard,FAILURE,26
2026-03-21 14:22:45,clane,EXPORT_REPORT,AuditLogs,SUCCESS,1375
2026-03-21 14:34:15,jdoe,LOGIN,SystemSettings,SUCCESS,3609
2026-03-21 07:25:04,bwhite,ADMIN_CONFIG,SystemSettings,SUCCESS,3243
2026-03-21 03:16:30,jdoe,LOGOUT,SystemSettings,SUCCESS,4996
2026-03-21 13:25:37,admin,CREATE_USER,SalesDashboard,SUCCESS,322
2026-03-21 20:56:08,admin,DELETE_USER,SalesDashboard,SUCCESS,3959
2026-03-21 11:11:16,asmith,EXPORT_REPORT,InventoryReport,SUCCESS,4316
2026-03-21 08:48:10,davis,DELETE_USER,UserManagement,SUCCESS,2363
2026-03-21 06:39:35,admin,EXPORT_REPORT,InventoryReport,FAILURE,4767
2026-03-21 13:18:30,jdoe,DELETE_USER,SystemSettings,SUCCESS,1873
2026-03-21 11:39:26,davis,DELETE_USER,SalesDashboard,SUCCESS,126
2026-03-21 11:39:03,asmith,LOGOUT,AuditLogs,SUCCESS,4544
2026-03-22 21:14:24,asmith,EXPORT_REPORT,SystemSettings,SUCCESS,4652
2026-03-22 06:56:26,clane,VIEW_REPORT,InventoryReport,SUCCESS,2995
2026-03-22 13:24:24,davis,VIEW_REPORT,UserManagement,SUCCESS,473
2026-03-22 18:29:38,bwhite,EXPORT_REPORT,InventoryReport,SUCCESS,2331
2026-03-22 07:02:58,asmith,CREATE_USER,UserManagement,SUCCESS,3288
2026-03-22 08:59:25,davis,DELETE_USER,SystemSettings,SUCCESS,2739
2026-03-22 10:49:44,davis,CREATE_USER,SalesDashboard,SUCCESS,2000
2026-03-22 12:39:19,jdoe,LOGIN,AuditLogs,SUCCESS,434
2026-03-22 14:21:33,admin,LOGIN,SystemSettings,SUCCESS,554
2026-03-22 01:36:35,bwhite,EXPORT_REPORT,UserManagement,SUCCESS,217
2026-03-23 16:56:12,bwhite,CREATE_USER,UserManagement,SUCCESS,4660
2026-03-23 13:56:15,bwhite,ADMIN_CONFIG,UserManagement,SUCCESS,3196
2026-03-23 09:48:01,davis,LOGIN,SalesDashboard,SUCCESS,284
2026-03-23 11:11:12,asmith,EXPORT_REPORT,SalesDashboard,SUCCESS,4327
2026-03-23 16:29:26,davis,EXPORT_REPORT,UserManagement,SUCCESS,602
2026-03-23 18:37:20,bwhite,DELETE_USER,UserManagement,SUCCESS,3718
2026-03-23 16:19:17,admin,VIEW_REPORT,InventoryReport,SUCCESS,4052
2026-03-23 08:56:31,jdoe,EXPORT_REPORT,InventoryReport,SUCCESS,4118
2026-03-23 09:03:12,clane,LOGOUT,InventoryReport,SUCCESS,4061
2026-03-23 22:34:44,bwhite,DELETE_USER,InventoryReport,SUCCESS,1155
2026-03-23 14:45:27,bwhite,EXPORT_REPORT,UserManagement,SUCCESS,2197
2026-03-23 14:52:30,admin,DELETE_USER,SystemSettings,SUCCESS,3579
2026-03-23 14:49:15,bwhite,LOGOUT,UserManagement,SUCCESS,2879
2026-03-23 13:00:27,bwhite,EXPORT_REPORT,UserManagement,SUCCESS,4866
2026-03-23 15:20:18,davis,EXPORT_REPORT,AuditLogs,SUCCESS,1082
2026-03-23 05:56:04,clane,EXPORT_REPORT,UserManagement,SUCCESS,4168
2026-03-23 10:12:07,jdoe,DELETE_USER,InventoryReport,SUCCESS,843
2026-03-23 08:52:21,davis,DELETE_USER,SystemSettings,SUCCESS,4725
2026-03-23 10:39:36,davis,DELETE_USER,AuditLogs,SUCCESS,1034
2026-03-23 13:52:18,davis,VIEW_REPORT,UserManagement,SUCCESS,3054
2026-03-23 21:57:27,jdoe,ADMIN_CONFIG,AuditLogs,SUCCESS,3556
2026-03-23 06:23:02,asmith,LOGIN,SalesDashboard,SUCCESS,560
2026-03-23 10:28:24,jdoe,CREATE_USER,UserManagement,SUCCESS,4137
2026-03-23 10:26:53,asmith,ADMIN_CONFIG,SystemSettings,SUCCESS,1924
2026-03-23 16:01:37,clane,LOGOUT,SystemSettings,SUCCESS,4264
2026-03-23 13:46:45,asmith,EXPORT_REPORT,SalesDashboard,SUCCESS,1645
2026-03-23 13:21:34,asmith,CREATE_USER,SalesDashboard,SUCCESS,3291
2026-03-23 15:57:51,clane,LOGOUT,InventoryReport,SUCCESS,1864
2026-03-23 08:47:05,bwhite,LOGOUT,UserManagement,SUCCESS,3926
2026-03-23 09:37:00,clane,DELETE_USER,SalesDashboard,SUCCESS,3794
2026-03-23 13:10:08,jdoe,CREATE_USER,SalesDashboard,SUCCESS,1833
2026-03-23 09:28:04,admin,DELETE_USER,SystemSettings,SUCCESS,1188
2026-03-23 09:18:38,bwhite,LOGIN,AuditLogs,SUCCESS,2504
2026-03-23 12:04:51,clane,LOGIN,UserManagement,SUCCESS,945
2026-03-23 08:23:45,clane,CREATE_USER,UserManagement,FAILURE,3876
2026-03-23 10:45:55,admin,CREATE_USER,SalesDashboard,SUCCESS,4245
2026-03-23 01:50:27,davis,EXPORT_REPORT,SalesDashboard,FAILURE,4862
2026-03-23 13:28:48,jdoe,EXPORT_REPORT,InventoryReport,SUCCESS,929
2026-03-23 03:47:18,bwhite,DELETE_USER,UserManagement,SUCCESS,987
2026-03-23 10:22:02,jdoe,ADMIN_CONFIG,UserManagement,SUCCESS,1849
2026-03-23 09:33:14,jdoe,LOGIN,SystemSettings,SUCCESS,2101
2026-03-23 15:29:33,jdoe,DELETE_USER,InventoryReport,FAILURE,4042
2026-03-23 16:45:50,asmith,DELETE_USER,AuditLogs,SUCCESS,629
2026-03-23 14:35:30,bwhite,LOGIN,AuditLogs,SUCCESS,3432
2026-03-23 12:21:04,jdoe,LOGOUT,SystemSettings,SUCCESS,3423
2026-03-23 21:03:17,clane,EXPORT_REPORT,UserManagement,SUCCESS,1209
2026-03-23 08:14:16,bwhite,EXPORT_REPORT,InventoryReport,SUCCESS,3811
2026-03-23 04:51:21,asmith,DELETE_USER,AuditLogs,SUCCESS,1097
2026-03-23 08:48:57,clane,ADMIN_CONFIG,AuditLogs,SUCCESS,24
2026-03-23 13:26:41,jdoe,LOGIN,AuditLogs,SUCCESS,1323
2026-03-23 09:05:37,admin,ADMIN_CONFIG,SystemSettings,SUCCESS,598
2026-03-23 14:16:16,asmith,VIEW_REPORT,UserManagement,SUCCESS,568
2026-03-23 08:11:47,bwhite,VIEW_REPORT,InventoryReport,SUCCESS,2639
2026-03-23 10:08:22,bwhite,LOGIN,InventoryReport,SUCCESS,2931
2026-03-23 10:47:45,bwhite,EXPORT_REPORT,UserManagement,SUCCESS,1335
2026-03-23 14:28:31,bwhite,VIEW_REPORT,InventoryReport,SUCCESS,3972
2026-03-23 15:07:51,asmith,VIEW_REPORT,InventoryReport,SUCCESS,4197
2026-03-23 13:47:11,admin,LOGOUT,SalesDashboard,SUCCESS,4399
2026-03-23 16:30:49,asmith,EXPORT_REPORT,SystemSettings,SUCCESS,578
2026-03-23 00:10:15,admin,EXPORT_REPORT,UserManagement,SUCCESS,451
2026-03-23 18:50:55,bwhite,DELETE_USER,SalesDashboard,SUCCESS,547
2026-03-23 12:05:53,asmith,DELETE_USER,InventoryReport,SUCCESS,3756
2026-03-23 11:56:46,jdoe,CREATE_USER,SalesDashboard,SUCCESS,836
2026-03-23 13:45:46,davis,CREATE_USER,InventoryReport,FAILURE,162
2026-03-23 08:56:30,bwhite,CREATE_USER,SystemSettings,SUCCESS,103
2026-03-23 09:12:39,clane,DELETE_USER,InventoryReport,SUCCESS,2578
2026-03-23 15:47:33,bwhite,LOGOUT,SystemSettings,SUCCESS,4605
2026-03-23 14:56:55,admin,LOGOUT,SystemSettings,SUCCESS,2189
2026-03-23 12:08:49,clane,LOGIN,SalesDashboard,SUCCESS,1031
2026-03-23 14:09:00,asmith,CREATE_USER,AuditLogs,SUCCESS,4664
2026-03-23 10:44:38,jdoe,VIEW_REPORT,SalesDashboard,SUCCESS,2433
2026-03-23 02:02:56,davis,VIEW_REPORT,UserManagement,SUCCESS,4907
2026-03-23 08:34:37,davis,EXPORT_REPORT,InventoryReport,SUCCESS,1668
2026-03-23 14:28:33,clane,VIEW_REPORT,InventoryReport,SUCCESS,2822
2026-03-23 10:46:07,admin,ADMIN_CONFIG,SystemSettings,SUCCESS,2593
2026-03-23 12:37:55,jdoe,ADMIN_CONFIG,UserManagement,SUCCESS,1400
2026-03-23 08:42:26,clane,LOGIN,AuditLogs,SUCCESS,4382
2026-03-23 10:12:51,asmith,CREATE_USER,AuditLogs,SUCCESS,1112
2026-03-23 01:27:20,bwhite,LOGOUT,InventoryReport,SUCCESS,2391
2026-03-23 15:22:36,davis,CREATE_USER,UserManagement,SUCCESS,13
2026-03-23 15:43:59,davis,LOGIN,AuditLogs,SUCCESS,1160
2026-03-23 15:05:55,asmith,LOGOUT,InventoryReport,SUCCESS,1798
2026-03-23 15:18:24,bwhite,ADMIN_CONFIG,SalesDashboard,SUCCESS,3458
2026-03-23 09:04:43,clane,LOGIN,SalesDashboard,SUCCESS,3157
2026-03-23 03:01:43,clane,ADMIN_CONFIG,SystemSettings,SUCCESS,3814
2026-03-23 09:53:05,clane,CREATE_USER,SystemSettings,SUCCESS,136
2026-03-23 16:00:27,clane,LOGIN,InventoryReport,SUCCESS,379
2026-03-23 16:11:39,clane,CREATE_USER,UserManagement,SUCCESS,3280
2026-03-23 15:30:37,admin,VIEW_REPORT,SystemSettings,SUCCESS,1106
2026-03-23 13:02:46,admin,LOGIN,UserManagement,SUCCESS,2489
2026-03-23 13:07:38,davis,EXPORT_REPORT,AuditLogs,SUCCESS,563
2026-03-23 08:06:27,admin,VIEW_REPORT,AuditLogs,SUCCESS,3750
2026-03-23 15:55:02,jdoe,ADMIN_CONFIG,SystemSettings,SUCCESS,2880
2026-03-23 15:04:19,davis,EXPORT_REPORT,SalesDashboard,FAILURE,1365
2026-03-23 12:39:44,davis,LOGIN,SalesDashboard,SUCCESS,2499
2026-03-23 11:46:12,clane,LOGIN,UserManagement,SUCCESS,3760
2026-03-23 02:36:09,admin,ADMIN_CONFIG,InventoryReport,SUCCESS,2493
2026-03-23 16:51:39,bwhite,LOGOUT,AuditLogs,SUCCESS,2555
2026-03-23 14:20:35,jdoe,DELETE_USER,SalesDashboard,SUCCESS,347
2026-03-23 16:22:51,jdoe,LOGOUT,InventoryReport,SUCCESS,3515
2026-03-23 01:37:29,bwhite,ADMIN_CONFIG,UserManagement,FAILURE,1056
2026-03-23 15:44:06,bwhite,LOGOUT,InventoryReport,SUCCESS,2460
2026-03-23 10:27:10,jdoe,LOGIN,AuditLogs,SUCCESS,1764
2026-03-23 10:59:35,jdoe,LOGIN,SalesDashboard,SUCCESS,3214
2026-03-23 11:57:02,jdoe,ADMIN_CONFIG,UserManagement,FAILURE,281
2026-03-23 09:40:07,jdoe,VIEW_REPORT,UserManagement,SUCCESS,3290
2026-03-23 15:28:38,admin,LOGOUT,SystemSettings,SUCCESS,1737
2026-03-23 08:15:16,asmith,DELETE_USER,SalesDashboard,SUCCESS,4139
2026-03-23 13:59:04,admin,VIEW_REPORT,AuditLogs,SUCCESS,4672
2026-03-23 09:03:45,admin,EXPORT_REPORT,SalesDashboard,SUCCESS,4213
2026-03-23 15:36:15,asmith,LOGOUT,UserManagement,SUCCESS,3529
2026-03-23 15:26:44,davis,EXPORT_REPORT,InventoryReport,SUCCESS,1571
2026-03-23 12:24:24,clane,LOGIN,AuditLogs,SUCCESS,3585
2026-03-23 14:32:13,asmith,LOGOUT,AuditLogs,SUCCESS,2415
2026-03-23 10:34:41,admin,LOGOUT,UserManagement,SUCCESS,2305
2026-03-23 14:11:19,bwhite,CREATE_USER,UserManagement,SUCCESS,3335
2026-03-23 14:17:10,jdoe,LOGOUT,UserManagement,SUCCESS,1457
2026-03-23 16:24:05,bwhite,LOGOUT,AuditLogs,SUCCESS,235
2026-03-23 11:28:50,jdoe,LOGIN,InventoryReport,SUCCESS,2915
2026-03-23 05:03:10,bwhite,ADMIN_CONFIG,SystemSettings,SUCCESS,4146
2026-03-23 07:52:07,jdoe,LOGIN,InventoryReport,SUCCESS,1771
2026-03-23 23:34:57,bwhite,ADMIN_CONFIG,UserManagement,SUCCESS,1036
2026-03-23 09:31:58,clane,LOGOUT,InventoryReport,SUCCESS,4647
2026-03-23 11:56:53,davis,ADMIN_CONFIG,UserManagement,SUCCESS,4265
2026-03-23 10:39:15,admin,ADMIN_CONFIG,UserManagement,SUCCESS,4258
2026-03-23 08:00:32,jdoe,LOGIN,SystemSettings,SUCCESS,4070
2026-03-23 13:29:53,asmith,ADMIN_CONFIG,UserManagement,SUCCESS,4543
2026-03-23 14:08:34,davis,ADMIN_CONFIG,InventoryReport,SUCCESS,2342
2026-03-23 11:47:21,bwhite,LOGIN,UserManagement,SUCCESS,4647
2026-03-23 20:39:40,bwhite,ADMIN_CONFIG,InventoryReport,SUCCESS,4012
2026-03-23 16:39:35,davis,LOGIN,UserManagement,SUCCESS,325
2026-03-23 14:12:12,bwhite,LOGOUT,AuditLogs,SUCCESS,2263
2026-03-23 10:16:53,jdoe,EXPORT_REPORT,AuditLogs,SUCCESS,3580
2026-03-23 11:30:16,clane,EXPORT_REPORT,SystemSettings,FAILURE,1195
2026-03-23 15:34:07,clane,DELETE_USER,AuditLogs,SUCCESS,4385
2026-03-23 12:36:46,jdoe,ADMIN_CONFIG,InventoryReport,SUCCESS,2354
2026-03-23 13:53:14,bwhite,LOGOUT,InventoryReport,SUCCESS,3935
2026-03-23 11:09:28,clane,EXPORT_REPORT,AuditLogs,FAILURE,708
2026-03-23 12:24:20,asmith,CREATE_USER,SalesDashboard,SUCCESS,4707
2026-03-23 00:20:36,clane,DELETE_USER,UserManagement,SUCCESS,1879
2026-03-23 16:53:16,jdoe,LOGOUT,UserManagement,SUCCESS,4031
2026-03-24 11:30:17,admin,ADMIN_CONFIG,SalesDashboard,SUCCESS,4119
2026-03-24 08:40:40,davis,EXPORT_REPORT,AuditLogs,SUCCESS,1827
2026-03-24 11:16:30,bwhite,EXPORT_REPORT,AuditLogs,SUCCESS,124
2026-03-24 16:18:03,admin,VIEW_REPORT,SystemSettings,SUCCESS,458
2026-03-24 12:20:52,davis,EXPORT_REPORT,SalesDashboard,SUCCESS,2061
2026-03-24 14:50:01,jdoe,EXPORT_REPORT,AuditLogs,SUCCESS,1943
2026-03-24 14:27:48,clane,VIEW_REPORT,SalesDashboard,SUCCESS,1034
2026-03-24 12:45:28,bwhite,ADMIN_CONFIG,InventoryReport,SUCCESS,1777
2026-03-24 15:12:18,asmith,DELETE_USER,UserManagement,SUCCESS,912
2026-03-24 11:21:00,asmith,CREATE_USER,AuditLogs,SUCCESS,2464
2026-03-24 16:03:10,admin,ADMIN_CONFIG,InventoryReport,SUCCESS,3174
2026-03-24 15:06:22,clane,LOGOUT,SalesDashboard,SUCCESS,3550
2026-03-24 09:45:59,bwhite,LOGOUT,SystemSettings,SUCCESS,3062
2026-03-24 15:14:43,asmith,LOGOUT,InventoryReport,SUCCESS,4644
2026-03-24 15:47:48,asmith,VIEW_REPORT,AuditLogs,SUCCESS,2866
2026-03-24 16:26:39,clane,VIEW_REPORT,SystemSettings,SUCCESS,2326
2026-03-24 15:25:18,davis,CREATE_USER,UserManagement,SUCCESS,602
2026-03-24 08:09:53,davis,EXPORT_REPORT,InventoryReport,SUCCESS,2811
2026-03-24 16:29:21,admin,EXPORT_REPORT,SalesDashboard,SUCCESS,4580
2026-03-24 08:10:16,davis,DELETE_USER,AuditLogs,SUCCESS,4159
2026-03-24 09:48:43,clane,ADMIN_CONFIG,SystemSettings,SUCCESS,3545
2026-03-24 06:31:09,asmith,ADMIN_CONFIG,SalesDashboard,SUCCESS,2247
2026-03-24 14:35:57,clane,ADMIN_CONFIG,AuditLogs,SUCCESS,3288
2026-03-24 09:18:58,bwhite,LOGIN,AuditLogs,SUCCESS,4982
2026-03-24 12:38:13,admin,LOGOUT,SalesDashboard,SUCCESS,264
2026-03-24 09:07:57,asmith,DELETE_USER,SalesDashboard,SUCCESS,4393
2026-03-24 13:07:06,clane,VIEW_REPORT,SystemSettings,SUCCESS,528
2026-03-24 14:58:15,davis,VIEW_REPORT,SystemSettings,SUCCESS,123
2026-03-24 13:43:05,asmith,CREATE_USER,UserManagement,SUCCESS,2577
2026-03-24 14:58:29,asmith,LOGIN,SalesDashboard,SUCCESS,2602
2026-03-24 08:35:38,jdoe,EXPORT_REPORT,SalesDashboard,SUCCESS,1735
2026-03-24 02:00:25,jdoe,VIEW_REPORT,SystemSettings,SUCCESS,1214
2026-03-24 15:11:53,davis,DELETE_USER,UserManagement,SUCCESS,1457
2026-03-24 09:50:44,jdoe,ADMIN_CONFIG,AuditLogs,SUCCESS,634
2026-03-24 12:46:13,admin,LOGIN,InventoryReport,SUCCESS,1330
2026-03-24 23:41:37,admin,CREATE_USER,UserManagement,SUCCESS,2729
2026-03-24 10:49:03,bwhite,CREATE_USER,SalesDashboard,SUCCESS,2421
2026-03-24 12:42:01,clane,LOGOUT,UserManagement,SUCCESS,558
2026-03-24 10:24:46,bwhite,EXPORT_REPORT,UserManagement,SUCCESS,3543
2026-03-24 12:46:40,admin,DELETE_USER,UserManagement,FAILURE,3874
2026-03-24 20:20:52,clane,CREATE_USER,SystemSettings,SUCCESS,4359
2026-03-24 10:06:47,asmith,EXPORT_REPORT,InventoryReport,SUCCESS,1813
2026-03-24 12:58:57,jdoe,ADMIN_CONFIG,SalesDashboard,SUCCESS,422
2026-03-24 06:00:29,admin,EXPORT_REPORT,SalesDashboard,SUCCESS,3684
2026-03-24 09:28:38,admin,DELETE_USER,SystemSettings,SUCCESS,1555
2026-03-24 12:25:41,bwhite,LOGIN,SystemSettings,SUCCESS,2290
2026-03-24 09:56:11,admin,ADMIN_CONFIG,SalesDashboard,SUCCESS,4625
2026-03-24 12:16:34,asmith,LOGOUT,InventoryReport,SUCCESS,4306
2026-03-24 14:28:49,admin,VIEW_REPORT,InventoryReport,SUCCESS,1470
2026-03-24 10:03:30,jdoe,VIEW_REPORT,InventoryReport,SUCCESS,4785
2026-03-24 16:06:26,bwhite,VIEW_REPORT,SystemSettings,SUCCESS,346
2026-03-24 13:11:27,bwhite,LOGOUT,UserManagement,SUCCESS,1000
2026-03-24 13:03:38,clane,LOGOUT,UserManagement,SUCCESS,1678
2026-03-24 11:32:25,jdoe,CREATE_USER,AuditLogs,SUCCESS,2062
2026-03-24 13:37:46,asmith,LOGIN,SystemSettings,SUCCESS,4719
2026-03-24 13:11:51,clane,ADMIN_CONFIG,InventoryReport,SUCCESS,3041
2026-03-24 12:43:49,clane,DELETE_USER,SystemSettings,SUCCESS,2202
2026-03-24 08:55:03,bwhite,LOGIN,UserManagement,SUCCESS,391
2026-03-24 12:10:13,jdoe,DELETE_USER,SalesDashboard,SUCCESS,2826
2026-03-24 09:49:09,clane,EXPORT_REPORT,AuditLogs,SUCCESS,2435
2026-03-24 09:02:41,bwhite,VIEW_REPORT,SystemSettings,SUCCESS,344
2026-03-24 11:00:36,asmith,LOGIN,UserManagement,FAILURE,2265
2026-03-24 12:24:29,asmith,DELETE_USER,SystemSettings,SUCCESS,3197
2026-03-24 08:48:01,admin,EXPORT_REPORT,AuditLogs,SUCCESS,2031
2026-03-24 11:47:10,bwhite,ADMIN_CONFIG,SystemSettings,SUCCESS,3862
2026-03-24 08:53:03,admin,LOGOUT,InventoryReport,SUCCESS,3584
2026-03-24 03:03:52,jdoe,VIEW_REPORT,UserManagement,SUCCESS,4356
2026-03-24 12:40:05,jdoe,LOGIN,UserManagement,FAILURE,697
2026-03-24 14:41:41,admin,EXPORT_REPORT,SalesDashboard,SUCCESS,30
2026-03-24 09:57:06,bwhite,EXPORT_REPORT,UserManagement,SUCCESS,2389
2026-03-24 09:12:30,bwhite,EXPORT_REPORT,UserManagement,SUCCESS,4701
2026-03-24 13:45:49,asmith,VIEW_REPORT,UserManagement,SUCCESS,406
2026-03-24 14:13:14,davis,LOGIN,AuditLogs,SUCCESS,3946
2026-03-24 13:13:41,clane,CREATE_USER,InventoryReport,SUCCESS,757
2026-03-24 15:36:17,asmith,ADMIN_CONFIG,InventoryReport,SUCCESS,3137
2026-03-24 10:38:34,clane,LOGIN,InventoryReport,SUCCESS,4179
2026-03-24 08:45:56,admin,LOGOUT,InventoryReport,SUCCESS,1111
2026-03-24 08:26:31,clane,LOGOUT,SystemSettings,SUCCESS,645
2026-03-24 13:38:46,davis,LOGIN,SalesDashboard,SUCCESS,3987
2026-03-24 08:32:28,admin,CREATE_USER,AuditLogs,SUCCESS,3846
2026-03-24 08:02:05,bwhite,CREATE_USER,UserManagement,SUCCESS,2553
2026-03-24 13:21:44,asmith,ADMIN_CONFIG,InventoryReport,SUCCESS,2922
2026-03-24 15:57:06,bwhite,CREATE_USER,UserManagement,SUCCESS,2115
2026-03-24 21:27:31,admin,EXPORT_REPORT,AuditLogs,SUCCESS,1637
2026-03-24 14:23:20,clane,LOGOUT,AuditLogs,SUCCESS,2101
2026-03-24 12:00:42,admin,LOGOUT,SalesDashboard,SUCCESS,4194
2026-03-24 15:02:05,jdoe,ADMIN_CONFIG,InventoryReport,SUCCESS,1872
2026-03-24 14:00:50,clane,DELETE_USER,InventoryReport,SUCCESS,1681
2026-03-24 21:25:54,asmith,EXPORT_REPORT,UserManagement,SUCCESS,1275
2026-03-24 14:50:47,davis,CREATE_USER,UserManagement,SUCCESS,2251
2026-03-24 10:28:11,bwhite,LOGOUT,AuditLogs,SUCCESS,859
2026-03-24 12:32:43,asmith,CREATE_USER,SalesDashboard,SUCCESS,1137
2026-03-24 15:15:49,admin,EXPORT_REPORT,SystemSettings,SUCCESS,2540
2026-03-24 14:26:18,bwhite,EXPORT_REPORT,UserManagement,SUCCESS,2559
2026-03-24 15:26:30,admin,VIEW_REPORT,InventoryReport,SUCCESS,4707
2026-03-24 14:01:54,admin,ADMIN_CONFIG,UserManagement,SUCCESS,439
2026-03-24 06:24:39,asmith,EXPORT_REPORT,UserManagement,SUCCESS,4673
2026-03-24 13:22:59,asmith,LOGIN,SalesDashboard,SUCCESS,4608
2026-03-24 16:02:51,asmith,CREATE_USER,AuditLogs,SUCCESS,1734
2026-03-24 05:33:05,admin,CREATE_USER,InventoryReport,SUCCESS,4241
2026-03-24 15:12:33,clane,LOGOUT,SalesDashboard,SUCCESS,1578
2026-03-24 22:19:29,bwhite,LOGIN,SystemSettings,SUCCESS,2558
2026-03-24 13:00:07,admin,DELETE_USER,AuditLogs,SUCCESS,1997
2026-03-24 09:11:51,admin,LOGOUT,SalesDashboard,SUCCESS,3695
2026-03-24 12:09:09,bwhite,LOGIN,InventoryReport,SUCCESS,1552
2026-03-24 11:53:38,davis,EXPORT_REPORT,UserManagement,SUCCESS,4157
2026-03-24 08:23:39,clane,DELETE_USER,SystemSettings,SUCCESS,4120
2026-03-24 07:00:17,davis,VIEW_REPORT,SystemSettings,FAILURE,4539
2026-03-24 11:39:51,bwhite,VIEW_REPORT,AuditLogs,SUCCESS,4582
2026-03-24 13:02:27,bwhite,CREATE_USER,InventoryReport,SUCCESS,3436
2026-03-24 08:17:18,bwhite,VIEW_REPORT,InventoryReport,SUCCESS,3313
2026-03-24 15:16:51,davis,EXPORT_REPORT,AuditLogs,SUCCESS,161
2026-03-24 11:15:44,davis,CREATE_USER,AuditLogs,SUCCESS,2769
2026-03-24 14:17:04,bwhite,CREATE_USER,UserManagement,SUCCESS,691
2026-03-24 13:21:17,davis,DELETE_USER,SystemSettings,SUCCESS,2218
2026-03-24 12:42:26,asmith,VIEW_REPORT,SalesDashboard,SUCCESS,2527
2026-03-24 09:15:37,jdoe,LOGOUT,SalesDashboard,SUCCESS,4533
2026-03-24 08:34:02,clane,EXPORT_REPORT,InventoryReport,SUCCESS,2292
2026-03-24 10:14:03,clane,VIEW_REPORT,InventoryReport,SUCCESS,2629
2026-03-24 22:54:16,jdoe,EXPORT_REPORT,AuditLogs,SUCCESS,2789
2026-03-24 11:36:01,bwhite,LOGIN,UserManagement,SUCCESS,4987
2026-03-24 09:51:16,jdoe,VIEW_REPORT,AuditLogs,SUCCESS,2176
2026-03-24 18:01:00,bwhite,LOGOUT,SalesDashboard,SUCCESS,1692
2026-03-24 10:50:34,clane,LOGOUT,UserManagement,SUCCESS,1016
2026-03-24 14:19:23,davis,DELETE_USER,InventoryReport,SUCCESS,563
2026-03-24 11:44:42,asmith,ADMIN_CONFIG,SystemSettings,SUCCESS,1081
2026-03-24 09:32:05,bwhite,CREATE_USER,UserManagement,SUCCESS,315
2026-03-24 14:06:55,admin,LOGOUT,AuditLogs,SUCCESS,248
2026-03-24 22:41:33,asmith,LOGIN,InventoryReport,SUCCESS,1053
2026-03-24 15:37:56,bwhite,LOGOUT,SystemSettings,SUCCESS,4258
2026-03-24 13:21:09,clane,VIEW_REPORT,SystemSettings,SUCCESS,3462
2026-03-24 08:37:59,jdoe,EXPORT_REPORT,AuditLogs,SUCCESS,4749
2026-03-24 12:38:01,bwhite,VIEW_REPORT,AuditLogs,FAILURE,1644
2026-03-24 10:01:58,clane,DELETE_USER,InventoryReport,SUCCESS,3523
2026-03-24 13:51:16,admin,EXPORT_REPORT,AuditLogs,SUCCESS,517
2026-03-24 12:27:52,asmith,DELETE_USER,InventoryReport,SUCCESS,4080
2026-03-24 08:42:10,davis,EXPORT_REPORT,InventoryReport,SUCCESS,353
2026-03-24 09:55:55,davis,VIEW_REPORT,InventoryReport,SUCCESS,2391
2026-03-24 15:45:32,clane,VIEW_REPORT,SalesDashboard,SUCCESS,3149
2026-03-24 08:08:07,jdoe,VIEW_REPORT,UserManagement,SUCCESS,3466
2026-03-24 10:36:13,davis,LOGIN,UserManagement,SUCCESS,3392
2026-03-24 08:09:20,bwhite,ADMIN_CONFIG,SalesDashboard,SUCCESS,3601
2026-03-24 14:01:30,bwhite,CREATE_USER,UserManagement,SUCCESS,1260
2026-03-24 16:06:44,asmith,VIEW_REPORT,AuditLogs,SUCCESS,1545
2026-03-24 20:19:36,admin,LOGOUT,SalesDashboard,SUCCESS,1297
2026-03-24 15:58:32,bwhite,ADMIN_CONFIG,AuditLogs,SUCCESS,493
2026-03-24 11:29:45,admin,VIEW_REPORT,SalesDashboard,SUCCESS,2494
2026-03-25 16:22:47,davis,VIEW_REPORT,InventoryReport,SUCCESS,3973
2026-03-25 09:34:08,bwhite,ADMIN_CONFIG,UserManagement,SUCCESS,4113
2026-03-25 08:53:35,bwhite,EXPORT_REPORT,SystemSettings,SUCCESS,3646
2026-03-25 13:32:17,bwhite,LOGOUT,UserManagement,SUCCESS,921
2026-03-25 08:18:32,asmith,LOGIN,SystemSettings,SUCCESS,61
2026-03-25 15:32:47,jdoe,DELETE_USER,SystemSettings,SUCCESS,604
2026-03-25 13:30:16,asmith,LOGOUT,SystemSettings,SUCCESS,1831
2026-03-25 10:11:25,asmith,ADMIN_CONFIG,InventoryReport,SUCCESS,2680
2026-03-25 16:52:56,jdoe,ADMIN_CONFIG,AuditLogs,SUCCESS,3093
2026-03-25 21:12:06,admin,ADMIN_CONFIG,SalesDashboard,SUCCESS,577
2026-03-25 16:02:43,asmith,LOGOUT,AuditLogs,SUCCESS,641
2026-03-25 10:32:57,davis,VIEW_REPORT,InventoryReport,SUCCESS,792
2026-03-25 07:01:32,clane,LOGIN,SalesDashboard,SUCCESS,3014
2026-03-25 10:42:52,bwhite,LOGOUT,UserManagement,SUCCESS,1317
2026-03-25 10:21:31,bwhite,DELETE_USER,AuditLogs,SUCCESS,4092
2026-03-25 13:25:12,bwhite,EXPORT_REPORT,UserManagement,SUCCESS,3664
2026-03-25 12:08:26,clane,DELETE_USER,SalesDashboard,SUCCESS,2506
2026-03-25 09:04:51,admin,ADMIN_CONFIG,InventoryReport,SUCCESS,109
2026-03-25 15:53:19,bwhite,VIEW_REPORT,UserManagement,SUCCESS,3974
2026-03-25 16:57:34,admin,LOGOUT,AuditLogs,SUCCESS,1138
2026-03-25 11:13:52,asmith,CREATE_USER,SystemSettings,SUCCESS,4825
2026-03-25 10:37:09,bwhite,EXPORT_REPORT,InventoryReport,SUCCESS,126
2026-03-25 09:27:58,jdoe,EXPORT_REPORT,AuditLogs,SUCCESS,3126
2026-03-25 21:09:23,jdoe,LOGOUT,SystemSettings,SUCCESS,3371
2026-03-25 16:08:40,admin,ADMIN_CONFIG,UserManagement,SUCCESS,626
2026-03-25 18:45:58,asmith,ADMIN_CONFIG,SalesDashboard,SUCCESS,3089
2026-03-25 14:38:13,clane,CREATE_USER,InventoryReport,SUCCESS,4025
2026-03-25 10:25:31,jdoe,LOGOUT,InventoryReport,SUCCESS,2370
2026-03-25 14:04:36,davis,CREATE_USER,SalesDashboard,SUCCESS,4881
2026-03-25 10:56:16,clane,CREATE_USER,UserManagement,SUCCESS,1130
2026-03-25 14:55:36,asmith,LOGOUT,UserManagement,SUCCESS,670
2026-03-25 15:28:40,asmith,ADMIN_CONFIG,UserManagement,SUCCESS,2928
2026-03-25 09:34:18,bwhite,LOGIN,InventoryReport,SUCCESS,2550
2026-03-25 15:09:51,jdoe,LOGIN,InventoryReport,SUCCESS,668
2026-03-25 11:00:32,clane,ADMIN_CONFIG,AuditLogs,SUCCESS,4143
2026-03-25 10:59:36,davis,DELETE_USER,SystemSettings,SUCCESS,4789
2026-03-25 12:30:05,jdoe,LOGOUT,SystemSettings,SUCCESS,4635
2026-03-25 16:44:39,admin,CREATE_USER,AuditLogs,SUCCESS,3301
2026-03-25 09:29:21,asmith,CREATE_USER,InventoryReport,FAILURE,4646
2026-03-25 10:15:52,asmith,VIEW_REPORT,InventoryReport,SUCCESS,4500
2026-03-25 13:55:20,davis,EXPORT_REPORT,SalesDashboard,FAILURE,1525
2026-03-25 12:48:46,bwhite,CREATE_USER,SystemSettings,SUCCESS,1177
2026-03-25 15:33:26,jdoe,VIEW_REPORT,UserManagement,SUCCESS,1783
2026-03-25 11:29:17,admin,CREATE_USER,UserManagement,SUCCESS,2415
2026-03-25 11:08:21,asmith,DELETE_USER,SalesDashboard,FAILURE,2732
2026-03-25 09:51:50,bwhite,DELETE_USER,InventoryReport,SUCCESS,4882
2026-03-25 09:22:53,davis,CREATE_USER,InventoryReport,FAILURE,1595
2026-03-25 12:09:19,davis,VIEW_REPORT,InventoryReport,SUCCESS,2138
2026-03-25 13:52:41,bwhite,EXPORT_REPORT,InventoryReport,SUCCESS,82
2026-03-25 15:35:51,admin,VIEW_REPORT,UserManagement,SUCCESS,3909
2026-03-25 12:58:10,davis,EXPORT_REPORT,SystemSettings,SUCCESS,2080
2026-03-25 10:26:23,davis,CREATE_USER,SalesDashboard,SUCCESS,4423
2026-03-25 11:03:15,jdoe,CREATE_USER,AuditLogs,SUCCESS,3816
2026-03-25 15:00:06,bwhite,EXPORT_REPORT,SalesDashboard,SUCCESS,3774
2026-03-25 16:34:29,bwhite,DELETE_USER,SalesDashboard,SUCCESS,1451
2026-03-25 21:32:50,davis,LOGIN,SalesDashboard,SUCCESS,4782
2026-03-25 12:29:24,bwhite,DELETE_USER,InventoryReport,SUCCESS,574
2026-03-25 21:35:43,clane,LOGOUT,AuditLogs,SUCCESS,1514
2026-03-25 12:35:11,asmith,VIEW_REPORT,InventoryReport,SUCCESS,3091
2026-03-25 12:14:39,davis,LOGIN,SystemSettings,SUCCESS,4900
2026-03-25 15:23:39,asmith,VIEW_REPORT,SalesDashboard,FAILURE,1942
2026-03-25 11:16:32,bwhite,LOGIN,SalesDashboard,SUCCESS,3224
2026-03-25 04:45:01,asmith,EXPORT_REPORT,UserManagement,SUCCESS,692
2026-03-25 23:39:50,davis,LOGIN,UserManagement,SUCCESS,4798
2026-03-25 12:29:00,clane,EXPORT_REPORT,SalesDashboard,SUCCESS,4567
2026-03-25 15:51:45,admin,LOGOUT,SystemSettings,SUCCESS,648
2026-03-25 19:20:11,admin,DELETE_USER,InventoryReport,SUCCESS,4871
2026-03-26 08:03:09,davis,LOGIN,SalesDashboard,FAILURE,1544
2026-03-26 15:23:25,bwhite,CREATE_USER,SalesDashboard,SUCCESS,4080
2026-03-26 09:50:26,asmith,DELETE_USER,SalesDashboard,SUCCESS,709
2026-03-26 16:46:57,davis,ADMIN_CONFIG,UserManagement,SUCCESS,2018
2026-03-26 15:12:23,davis,LOGOUT,InventoryReport,SUCCESS,902
2026-03-26 13:17:46,admin,ADMIN_CONFIG,UserManagement,SUCCESS,4581
2026-03-26 15:26:37,jdoe,CREATE_USER,SystemSettings,SUCCESS,819
2026-03-26 11:09:41,davis,LOGOUT,SystemSettings,SUCCESS,4621
2026-03-26 12:36:54,asmith,EXPORT_REPORT,InventoryReport,SUCCESS,1243
2026-03-26 10:38:33,jdoe,EXPORT_REPORT,UserManagement,SUCCESS,1142
2026-03-26 11:38:11,davis,EXPORT_REPORT,SystemSettings,SUCCESS,3134
2026-03-26 15:43:55,davis,EXPORT_REPORT,UserManagement,SUCCESS,2000
2026-03-26 14:30:57,davis,EXPORT_REPORT,InventoryReport,FAILURE,3151
2026-03-26 10:07:45,admin,EXPORT_REPORT,AuditLogs,SUCCESS,576
2026-03-26 15:31:39,davis,VIEW_REPORT,UserManagement,FAILURE,1556
2026-03-26 11:04:35,davis,LOGIN,SystemSettings,SUCCESS,4205
2026-03-26 16:56:15,asmith,CREATE_USER,InventoryReport,FAILURE,3412
2026-03-26 10:09:56,bwhite,CREATE_USER,SalesDashboard,SUCCESS,1627
2026-03-26 10:35:58,asmith,ADMIN_CONFIG,AuditLogs,SUCCESS,3662
2026-03-26 10:51:48,davis,EXPORT_REPORT,AuditLogs,SUCCESS,1456
2026-03-26 08:09:13,bwhite,CREATE_USER,SalesDashboard,SUCCESS,1265
2026-03-26 16:15:38,asmith,LOGIN,UserManagement,SUCCESS,1299
2026-03-26 15:30:58,admin,ADMIN_CONFIG,AuditLogs,SUCCESS,613
2026-03-26 12:52:06,admin,CREATE_USER,UserManagement,SUCCESS,3188
2026-03-26 09:17:05,clane,LOGOUT,SalesDashboard,SUCCESS,2383
2026-03-26 08:14:12,bwhite,ADMIN_CONFIG,SystemSettings,SUCCESS,2063
2026-03-26 14:02:43,asmith,CREATE_USER,AuditLogs,SUCCESS,4158
2026-03-26 08:10:30,asmith,VIEW_REPORT,AuditLogs,SUCCESS,3877
2026-03-26 16:23:50,jdoe,DELETE_USER,AuditLogs,SUCCESS,1265
2026-03-26 13:48:56,asmith,EXPORT_REPORT,SystemSettings,SUCCESS,3001
2026-03-26 14:09:16,jdoe,ADMIN_CONFIG,UserManagement,SUCCESS,3436
2026-03-26 13:01:09,clane,EXPORT_REPORT,AuditLogs,SUCCESS,3345
2026-03-26 12:58:50,admin,LOGOUT,SystemSettings,SUCCESS,2674
2026-03-26 11:01:59,jdoe,ADMIN_CONFIG,InventoryReport,SUCCESS,1733
2026-03-26 16:18:17,admin,DELETE_USER,SystemSettings,SUCCESS,3502
2026-03-26 11:16:20,asmith,EXPORT_REPORT,UserManagement,SUCCESS,4734
2026-03-26 14:24:56,admin,LOGIN,SystemSettings,SUCCESS,1397
2026-03-26 03:15:15,admin,ADMIN_CONFIG,InventoryReport,SUCCESS,3078
2026-03-26 02:30:53,admin,VIEW_REPORT,AuditLogs,SUCCESS,4220
2026-03-26 12:57:09,bwhite,LOGOUT,AuditLogs,SUCCESS,1147
2026-03-26 12:50:30,clane,CREATE_USER,SalesDashboard,SUCCESS,2037
2026-03-26 22:04:33,davis,CREATE_USER,SystemSettings,SUCCESS,451
2026-03-26 11:53:13,clane,EXPORT_REPORT,InventoryReport,SUCCESS,244
2026-03-26 11:51:16,jdoe,LOGIN,AuditLogs,SUCCESS,1222
2026-03-26 14:25:57,jdoe,LOGIN,AuditLogs,SUCCESS,2279
2026-03-26 14:31:36,bwhite,DELETE_USER,AuditLogs,SUCCESS,1853
2026-03-26 13:47:48,clane,DELETE_USER,UserManagement,SUCCESS,3313
2026-03-26 08:16:39,admin,VIEW_REPORT,SystemSettings,SUCCESS,672
2026-03-26 15:17:08,clane,CREATE_USER,UserManagement,SUCCESS,4043
2026-03-26 14:44:51,clane,DELETE_USER,SalesDashboard,SUCCESS,4767
2026-03-26 08:58:05,admin,ADMIN_CONFIG,SystemSettings,SUCCESS,4602
2026-03-26 10:33:41,clane,EXPORT_REPORT,UserManagement,SUCCESS,3658
2026-03-26 13:20:53,admin,CREATE_USER,SystemSettings,SUCCESS,4164
2026-03-26 14:42:56,davis,LOGIN,InventoryReport,SUCCESS,3913
2026-03-26 15:55:55,jdoe,EXPORT_REPORT,SalesDashboard,SUCCESS,1575
2026-03-26 16:14:40,admin,ADMIN_CONFIG,SalesDashboard,SUCCESS,975
2026-03-26 02:56:49,bwhite,ADMIN_CONFIG,SalesDashboard,SUCCESS,4213
2026-03-26 13:38:11,jdoe,VIEW_REPORT,SystemSettings,SUCCESS,4956
2026-03-26 10:09:46,davis,LOGOUT,AuditLogs,SUCCESS,283
2026-03-26 08:23:24,clane,LOGOUT,SalesDashboard,SUCCESS,1516
2026-03-26 16:31:04,bwhite,DELETE_USER,SystemSettings,SUCCESS,2634
2026-03-26 13:22:10,jdoe,LOGOUT,SalesDashboard,SUCCESS,221
2026-03-26 14:50:15,asmith,CREATE_USER,AuditLogs,SUCCESS,1864
2026-03-26 13:13:41,davis,EXPORT_REPORT,SalesDashboard,SUCCESS,3556
2026-03-26 12:11:32,jdoe,LOGIN,InventoryReport,SUCCESS,1316
2026-03-26 14:26:56,davis,ADMIN_CONFIG,SystemSettings,SUCCESS,3196
2026-03-26 09:46:46,bwhite,EXPORT_REPORT,UserManagement,SUCCESS,3442
2026-03-26 12:13:29,admin,ADMIN_CONFIG,UserManagement,SUCCESS,2453
2026-03-26 21:59:10,admin,LOGIN,UserManagement,FAILURE,2211
2026-03-26 01:17:06,admin,CREATE_USER,UserManagement,SUCCESS,1089
2026-03-27 12:35:12,davis,EXPORT_REPORT,SystemSettings,SUCCESS,3693
2026-03-27 16:24:29,asmith,CREATE_USER,SystemSettings,FAILURE,1740
2026-03-27 10:12:35,jdoe,ADMIN_CONFIG,SalesDashboard,SUCCESS,1431
2026-03-27 10:19:23,bwhite,LOGIN,AuditLogs,SUCCESS,3836
2026-03-27 12:24:55,davis,CREATE_USER,UserManagement,SUCCESS,819
2026-03-27 16:46:46,jdoe,CREATE_USER,SalesDashboard,SUCCESS,269
2026-03-27 13:44:42,admin,EXPORT_REPORT,AuditLogs,SUCCESS,2635
2026-03-27 09:46:47,davis,DELETE_USER,AuditLogs,SUCCESS,2599
2026-03-27 11:48:14,admin,ADMIN_CONFIG,InventoryReport,SUCCESS,1246
2026-03-27 14:44:14,asmith,ADMIN_CONFIG,UserManagement,SUCCESS,3835
2026-03-27 08:24:25,asmith,LOGOUT,SalesDashboard,SUCCESS,415
2026-03-27 09:35:55,admin,ADMIN_CONFIG,SystemSettings,SUCCESS,96
2026-03-27 10:45:46,admin,CREATE_USER,SystemSettings,SUCCESS,1632
2026-03-27 09:44:48,clane,EXPORT_REPORT,SalesDashboard,SUCCESS,1291
2026-03-27 11:57:24,jdoe,CREATE_USER,InventoryReport,SUCCESS,1091
2026-03-27 13:12:37,asmith,VIEW_REPORT,AuditLogs,FAILURE,3659
2026-03-27 08:28:01,jdoe,DELETE_USER,SalesDashboard,SUCCESS,2573
2026-03-27 08:54:12,admin,VIEW_REPORT,AuditLogs,SUCCESS,1817
2026-03-27 16:57:49,jdoe,LOGIN,InventoryReport,SUCCESS,2505
2026-03-27 08:16:15,asmith,LOGOUT,UserManagement,SUCCESS,2853
2026-03-27 13:56:18,jdoe,EXPORT_REPORT,SalesDashboard,SUCCESS,3738
2026-03-27 19:46:08,admin,LOGIN,AuditLogs,SUCCESS,22
2026-03-27 16:49:13,davis,DELETE_USER,AuditLogs,SUCCESS,970
2026-03-27 13:00:36,clane,ADMIN_CONFIG,SystemSettings,SUCCESS,4204
2026-03-27 13:11:39,jdoe,DELETE_USER,AuditLogs,SUCCESS,2035
2026-03-27 16:23:17,clane,DELETE_USER,SystemSettings,SUCCESS,863
2026-03-27 08:11:01,bwhite,VIEW_REPORT,AuditLogs,SUCCESS,4694
2026-03-27 15:16:36,admin,LOGOUT,AuditLogs,SUCCESS,2577
2026-03-27 13:15:08,jdoe,VIEW_REPORT,AuditLogs,SUCCESS,2916
2026-03-27 14:36:49,admin,LOGOUT,UserManagement,SUCCESS,1942
2026-03-27 16:08:51,admin,EXPORT_REPORT,SystemSettings,SUCCESS,4158
2026-03-27 13:04:36,davis,LOGOUT,UserManagement,SUCCESS,1835
2026-03-27 11:07:48,bwhite,CREATE_USER,SystemSettings,SUCCESS,3375
2026-03-27 17:17:49,bwhite,VIEW_REPORT,UserManagement,SUCCESS,2336
2026-03-27 10:23:40,asmith,EXPORT_REPORT,UserManagement,SUCCESS,20
2026-03-27 16:40:17,bwhite,DELETE_USER,UserManagement,FAILURE,12
2026-03-27 16:07:19,jdoe,DELETE_USER,InventoryReport,SUCCESS,3353
2026-03-27 13:51:46,jdoe,EXPORT_REPORT,UserManagement,SUCCESS,3183
2026-03-27 06:33:32,clane,EXPORT_REPORT,AuditLogs,SUCCESS,2658
2026-03-27 14:47:00,davis,LOGOUT,SalesDashboard,SUCCESS,4753
2026-03-27 13:11:40,jdoe,ADMIN_CONFIG,SystemSettings,SUCCESS,4182
2026-03-27 08:01:35,bwhite,LOGIN,InventoryReport,FAILURE,1525
2026-03-27 21:27:26,asmith,VIEW_REPORT,SystemSettings,SUCCESS,2844
2026-03-27 12:26:40,davis,ADMIN_CONFIG,UserManagement,SUCCESS,1512
2026-03-27 12:46:54,clane,EXPORT_REPORT,SalesDashboard,SUCCESS,607
2026-03-27 10:21:33,admin,LOGOUT,UserManagement,SUCCESS,30
2026-03-27 15:51:39,davis,ADMIN_CONFIG,AuditLogs,SUCCESS,3075
2026-03-27 11:58:37,bwhite,LOGIN,SalesDashboard,SUCCESS,615
2026-03-27 18:52:57,jdoe,CREATE_USER,UserManagement,SUCCESS,2323
2026-03-27 13:13:18,jdoe,VIEW_REPORT,UserManagement,SUCCESS,3108
2026-03-27 12:33:44,davis,DELETE_USER,SalesDashboard,SUCCESS,1162
2026-03-27 10:48:48,bwhite,CREATE_USER,InventoryReport,SUCCESS,4179
2026-03-27 11:10:56,clane,EXPORT_REPORT,SystemSettings,SUCCESS,3434
2026-03-27 16:21:43,asmith,EXPORT_REPORT,SalesDashboard,SUCCESS,4825
2026-03-27 13:55:51,davis,DELETE_USER,AuditLogs,SUCCESS,4049
2026-03-27 08:44:40,jdoe,VIEW_REPORT,UserManagement,SUCCESS,3340
2026-03-27 04:55:17,davis,VIEW_REPORT,AuditLogs,SUCCESS,2116
2026-03-27 16:15:32,clane,CREATE_USER,AuditLogs,SUCCESS,215
2026-03-27 02:49:23,jdoe,LOGOUT,SystemSettings,SUCCESS,4137
2026-03-27 11:09:55,clane,EXPORT_REPORT,SystemSettings,SUCCESS,1892
2026-03-27 00:23:17,clane,DELETE_USER,UserManagement,SUCCESS,21
2026-03-27 14:20:44,davis,CREATE_USER,InventoryReport,SUCCESS,799
2026-03-27 03:37:06,davis,CREATE_USER,AuditLogs,SUCCESS,1547
2026-03-27 10:55:50,admin,DELETE_USER,SystemSettings,SUCCESS,2349
2026-03-27 16:25:35,clane,LOGOUT,SalesDashboard,SUCCESS,10
2026-03-27 08:59:13,asmith,ADMIN_CONFIG,AuditLogs,SUCCESS,4936
2026-03-27 09:56:57,asmith,EXPORT_REPORT,UserManagement,SUCCESS,1033
2026-03-27 11:08:26,bwhite,DELETE_USER,SalesDashboard,SUCCESS,3442
2026-03-27 13:59:17,asmith,DELETE_USER,UserManagement,SUCCESS,1410
2026-03-27 15:31:03,asmith,CREATE_USER,AuditLogs,SUCCESS,2637
2026-03-27 14:08:40,asmith,ADMIN_CONFIG,SalesDashboard,SUCCESS,294
2026-03-27 16:31:37,clane,ADMIN_CONFIG,AuditLogs,SUCCESS,2959
2026-03-27 19:29:12,davis,VIEW_REPORT,SalesDashboard,SUCCESS,173
2026-03-27 16:27:37,bwhite,LOGOUT,UserManagement,SUCCESS,1221
2026-03-27 08:24:40,admin,ADMIN_CONFIG,SystemSettings,SUCCESS,2398
2026-03-27 15:17:25,bwhite,ADMIN_CONFIG,SalesDashboard,SUCCESS,213
2026-03-27 15:29:19,davis,VIEW_REPORT,UserManagement,SUCCESS,1144
2026-03-27 10:07:17,admin,VIEW_REPORT,UserManagement,SUCCESS,1502
2026-03-27 09:36:49,jdoe,EXPORT_REPORT,InventoryReport,SUCCESS,4431
2026-03-27 16:23:51,davis,EXPORT_REPORT,SystemSettings,SUCCESS,1679
2026-03-27 08:59:15,asmith,DELETE_USER,AuditLogs,SUCCESS,2428
2026-03-27 13:10:36,jdoe,EXPORT_REPORT,SalesDashboard,SUCCESS,4110
2026-03-27 14:10:26,asmith,VIEW_REPORT,SystemSettings,SUCCESS,1225
2026-03-27 15:08:14,jdoe,CREATE_USER,SalesDashboard,SUCCESS,2908
2026-03-27 16:12:21,davis,EXPORT_REPORT,AuditLogs,SUCCESS,1165
2026-03-27 09:23:56,jdoe,LOGOUT,InventoryReport,SUCCESS,3379
2026-03-27 10:56:39,jdoe,ADMIN_CONFIG,UserManagement,SUCCESS,3635
2026-03-27 15:32:21,bwhite,LOGOUT,SalesDashboard,SUCCESS,273
2026-03-27 12:48:52,asmith,LOGIN,SystemSettings,FAILURE,1583
2026-03-27 08:28:46,admin,VIEW_REPORT,AuditLogs,SUCCESS,3073
2026-03-27 16:28:34,bwhite,VIEW_REPORT,UserManagement,SUCCESS,2948
2026-03-27 07:58:46,asmith,EXPORT_REPORT,SystemSettings,SUCCESS,1558
2026-03-27 08:17:51,clane,ADMIN_CONFIG,InventoryReport,SUCCESS,3879
2026-03-27 08:33:37,asmith,LOGOUT,UserManagement,SUCCESS,1807
2026-03-27 13:14:25,davis,DELETE_USER,UserManagement,SUCCESS,3995
2026-03-27 08:14:16,davis,EXPORT_REPORT,InventoryReport,SUCCESS,4253
2026-03-27 14:37:38,clane,LOGOUT,SystemSettings,SUCCESS,1496
2026-03-27 08:03:19,admin,LOGIN,SystemSettings,SUCCESS,167
2026-03-27 12:53:05,davis,EXPORT_REPORT,UserManagement,SUCCESS,1689
2026-03-27 12:21:37,jdoe,VIEW_REPORT,UserManagement,SUCCESS,576
2026-03-27 08:29:08,asmith,VIEW_REPORT,SystemSettings,SUCCESS,3939
2026-03-27 12:48:26,asmith,LOGOUT,SystemSettings,SUCCESS,1883
2026-03-27 08:03:19,clane,EXPORT_REPORT,SalesDashboard,FAILURE,4554
2026-03-27 16:32:00,bwhite,ADMIN_CONFIG,AuditLogs,SUCCESS,615
2026-03-27 11:28:08,admin,EXPORT_REPORT,SystemSettings,SUCCESS,1254
2026-03-27 12:55:45,admin,DELETE_USER,SalesDashboard,FAILURE,1382
2026-03-27 16:24:11,asmith,VIEW_REPORT,AuditLogs,SUCCESS,3225
2026-03-27 16:26:11,bwhite,DELETE_USER,InventoryReport,SUCCESS,1301
2026-03-27 10:24:17,admin,LOGIN,AuditLogs,SUCCESS,564
2026-03-27 12:36:31,admin,CREATE_USER,AuditLogs,SUCCESS,1123
2026-03-27 16:41:31,bwhite,EXPORT_REPORT,SalesDashboard,SUCCESS,3367
2026-03-28 15:45:57,admin,ADMIN_CONFIG,UserManagement,SUCCESS,3430
2026-03-28 13:37:53,asmith,DELETE_USER,AuditLogs,SUCCESS,1183
2026-03-28 16:36:14,admin,ADMIN_CONFIG,AuditLogs,FAILURE,3257
2026-03-28 09:30:42,jdoe,LOGOUT,UserManagement,SUCCESS,591
2026-03-28 11:16:16,admin,ADMIN_CONFIG,UserManagement,SUCCESS,76
2026-03-28 10:36:38,davis,CREATE_USER,SalesDashboard,SUCCESS,4343
2026-03-28 22:35:46,admin,DELETE_USER,UserManagement,SUCCESS,660
2026-03-28 20:15:26,clane,DELETE_USER,AuditLogs,SUCCESS,1845
2026-03-28 11:35:04,admin,DELETE_USER,SalesDashboard,SUCCESS,4182
2026-03-28 14:02:57,admin,ADMIN_CONFIG,SystemSettings,SUCCESS,445
2026-03-28 06:28:08,admin,LOGIN,UserManagement,SUCCESS,3017
2026-03-28 00:21:40,davis,ADMIN_CONFIG,InventoryReport,SUCCESS,4214
2026-03-29 08:01:39,bwhite,VIEW_REPORT,InventoryReport,SUCCESS,4238
2026-03-29 07:17:06,bwhite,LOGIN,SalesDashboard,SUCCESS,3962
2026-03-29 03:18:18,davis,DELETE_USER,SystemSettings,SUCCESS,2757
2026-03-29 00:38:02,asmith,ADMIN_CONFIG,AuditLogs,SUCCESS,1386
2026-03-29 04:02:14,asmith,LOGOUT,SystemSettings,SUCCESS,3690
2026-03-30 21:41:26,clane,VIEW_REPORT,UserManagement,SUCCESS,4498
2026-03-30 16:02:03,clane,DELETE_USER,UserManagement,SUCCESS,107
2026-03-30 17:42:12,asmith,EXPORT_REPORT,AuditLogs,SUCCESS,3522
2026-03-30 17:18:43,admin,DELETE_USER,InventoryReport,SUCCESS,1894
2026-03-30 15:49:11,clane,VIEW_REPORT,UserManagement,SUCCESS,4238
2026-03-30 11:30:50,clane,CREATE_USER,SalesDashboard,SUCCESS,1302
2026-03-30 16:38:34,jdoe,LOGIN,SystemSettings,SUCCESS,1178
2026-03-30 10:10:59,asmith,EXPORT_REPORT,UserManagement,SUCCESS,3145
2026-03-30 09:40:14,davis,LOGOUT,UserManagement,SUCCESS,1389
2026-03-30 12:36:54,davis,VIEW_REPORT,SystemSettings,SUCCESS,3418
2026-03-30 16:58:26,jdoe,EXPORT_REPORT,SalesDashboard,SUCCESS,490
2026-03-30 11:05:26,bwhite,LOGIN,UserManagement,SUCCESS,4879
2026-03-30 14:21:56,asmith,ADMIN_CONFIG,AuditLogs,SUCCESS,2262
2026-03-30 14:13:52,admin,VIEW_REPORT,SalesDashboard,SUCCESS,977
2026-03-30 17:02:36,clane,EXPORT_REPORT,SystemSettings,SUCCESS,2833
2026-03-30 20:41:10,bwhite,DELETE_USER,UserManagement,SUCCESS,3033
2026-03-30 01:58:22,clane,ADMIN_CONFIG,SalesDashboard,SUCCESS,1248
2026-03-30 12:35:10,admin,VIEW_REPORT,AuditLogs,SUCCESS,1278
2026-03-30 16:34:11,clane,CREATE_USER,AuditLogs,SUCCESS,1642
2026-03-30 14:38:21,asmith,EXPORT_REPORT,SystemSettings,SUCCESS,1555
2026-03-30 15:21:15,bwhite,DELETE_USER,UserManagement,SUCCESS,892
2026-03-30 16:17:34,admin,LOGOUT,UserManagement,SUCCESS,621
2026-03-30 09:48:13,bwhite,DELETE_USER,SalesDashboard,SUCCESS,2768
2026-03-30 13:04:36,davis,DELETE_USER,SystemSettings,SUCCESS,2941
2026-03-30 08:23:01,jdoe,VIEW_REPORT,SalesDashboard,SUCCESS,1516
2026-03-30 11:40:19,jdoe,LOGIN,AuditLogs,SUCCESS,1547
2026-03-30 16:50:05,clane,DELETE_USER,InventoryReport,SUCCESS,3481
2026-03-30 08:53:18,asmith,DELETE_USER,UserManagement,SUCCESS,3375
2026-03-30 16:47:30,bwhite,LOGIN,UserManagement,SUCCESS,4928
2026-03-30 09:25:52,admin,VIEW_REPORT,InventoryReport,SUCCESS,1336
2026-03-30 08:31:33,asmith,ADMIN_CONFIG,UserManagement,SUCCESS,3813
2026-03-30 13:22:10,asmith,DELETE_USER,UserManagement,SUCCESS,2120
2026-03-30 16:51:29,admin,VIEW_REPORT,UserManagement,SUCCESS,1452
2026-03-30 09:05:35,davis,CREATE_USER,SalesDashboard,SUCCESS,3175
2026-03-30 11:49:04,bwhite,ADMIN_CONFIG,SalesDashboard,SUCCESS,2655
2026-03-30 14:20:49,bwhite,ADMIN_CONFIG,SystemSettings,SUCCESS,4144
2026-03-30 11:37:41,jdoe,DELETE_USER,SystemSettings,SUCCESS,4854
2026-03-30 15:17:25,admin,LOGOUT,UserManagement,SUCCESS,2184
2026-03-30 12:52:05,asmith,CREATE_USER,UserManagement,SUCCESS,3602
2026-03-30 08:57:32,admin,ADMIN_CONFIG,UserManagement,SUCCESS,3230
2026-03-30 10:21:45,davis,CREATE_USER,InventoryReport,SUCCESS,2488
2026-03-30 09:42:42,bwhite,EXPORT_REPORT,InventoryReport,SUCCESS,1001
2026-03-30 13:17:36,bwhite,ADMIN_CONFIG,SystemSettings,SUCCESS,1329
2026-03-30 11:37:35,davis,VIEW_REPORT,InventoryReport,FAILURE,4165
2026-03-30 02:17:00,davis,EXPORT_REPORT,InventoryReport,SUCCESS,1472
2026-03-30 16:30:26,bwhite,ADMIN_CONFIG,SystemSettings,SUCCESS,4475
2026-03-30 14:16:07,clane,LOGOUT,SalesDashboard,SUCCESS,1086
2026-03-30 12:11:13,davis,EXPORT_REPORT,AuditLogs,SUCCESS,2374
2026-03-30 10:13:39,jdoe,CREATE_USER,InventoryReport,SUCCESS,491
2026-03-30 16:31:00,bwhite,CREATE_USER,InventoryReport,SUCCESS,1591
2026-03-30 15:03:35,jdoe,LOGOUT,SystemSettings,SUCCESS,143
2026-03-30 16:07:48,asmith,LOGOUT,SalesDashboard,SUCCESS,2626
2026-03-30 08:29:18,clane,ADMIN_CONFIG,SystemSettings,SUCCESS,356
2026-03-30 15:04:53,clane,LOGIN,UserManagement,SUCCESS,3637
2026-03-30 13:33:19,jdoe,EXPORT_REPORT,SystemSettings,SUCCESS,1084
2026-03-30 08:51:37,bwhite,EXPORT_REPORT,InventoryReport,SUCCESS,4070
2026-03-30 11:21:47,asmith,ADMIN_CONFIG,AuditLogs,SUCCESS,3523
2026-03-30 13:45:09,davis,DELETE_USER,SystemSettings,SUCCESS,2888
2026-03-30 11:38:34,jdoe,EXPORT_REPORT,UserManagement,SUCCESS,3819
2026-03-30 09:31:50,asmith,LOGOUT,UserManagement,SUCCESS,1033
2026-03-30 13:48:56,davis,CREATE_USER,InventoryReport,SUCCESS,4151
2026-03-30 11:38:38,admin,ADMIN_CONFIG,SystemSettings,SUCCESS,3065
2026-03-30 16:58:04,davis,LOGIN,SystemSettings,SUCCESS,4794
2026-03-30 10:01:33,davis,LOGIN,AuditLogs,SUCCESS,2100
2026-03-30 16:28:31,davis,DELETE_USER,AuditLogs,SUCCESS,3498
2026-03-30 16:28:41,bwhite,DELETE_USER,SalesDashboard,SUCCESS,939
2026-03-30 11:05:25,asmith,CREATE_USER,AuditLogs,SUCCESS,3225
2026-03-30 12:27:12,asmith,VIEW_REPORT,InventoryReport,SUCCESS,503
2026-03-30 16:44:30,bwhite,DELETE_USER,InventoryReport,SUCCESS,1733
2026-03-30 11:13:00,clane,LOGIN,InventoryReport,SUCCESS,2339
2026-03-30 09:30:53,davis,DELETE_USER,UserManagement,SUCCESS,3957
2026-03-30 14:25:38,asmith,LOGIN,SalesDashboard,SUCCESS,3473
2026-03-30 16:27:10,asmith,CREATE_USER,AuditLogs,SUCCESS,589
2026-03-30 15:35:13,clane,EXPORT_REPORT,SystemSettings,SUCCESS,3852
2026-03-30 15:45:47,bwhite,LOGOUT,SystemSettings,SUCCESS,1333
2026-03-30 12:36:18,admin,EXPORT_REPORT,AuditLogs,SUCCESS,1189
2026-03-30 15:02:45,admin,ADMIN_CONFIG,InventoryReport,SUCCESS,859
2026-03-30 18:22:25,davis,VIEW_REPORT,AuditLogs,SUCCESS,847
2026-03-30 15:44:03,asmith,LOGIN,SalesDashboard,FAILURE,3222
2026-03-30 11:20:42,asmith,EXPORT_REPORT,AuditLogs,SUCCESS,780
2026-03-30 11:39:09,clane,DELETE_USER,InventoryReport,SUCCESS,3360
2026-03-30 06:49:59,jdoe,LOGOUT,SystemSettings,SUCCESS,818
2026-03-30 08:18:17,admin,CREATE_USER,AuditLogs,FAILURE,4266
2026-03-30 08:30:38,jdoe,LOGIN,UserManagement,FAILURE,3506
2026-03-30 08:21:28,clane,LOGOUT,SystemSettings,SUCCESS,3940
2026-03-30 08:12:15,davis,EXPORT_REPORT,SystemSettings,SUCCESS,1252
2026-03-30 16:41:37,admin,ADMIN_CONFIG,InventoryReport,SUCCESS,3345
2026-03-30 04:55:52,jdoe,LOGIN,SalesDashboard,SUCCESS,3512
2026-03-30 03:26:19,asmith,DELETE_USER,AuditLogs,SUCCESS,2534
2026-03-30 14:19:56,jdoe,LOGIN,SystemSettings,SUCCESS,3136
2026-03-30 10:29:17,clane,ADMIN_CONFIG,SalesDashboard,SUCCESS,3970
2026-03-30 10:50:09,asmith,LOGOUT,SalesDashboard,SUCCESS,2134
2026-03-30 03:02:34,admin,CREATE_USER,AuditLogs,SUCCESS,1503
2026-03-30 08:34:53,bwhite,CREATE_USER,AuditLogs,SUCCESS,244
2026-03-30 10:24:48,asmith,LOGIN,SystemSettings,SUCCESS,574
2026-03-30 13:47:24,bwhite,CREATE_USER,UserManagement,SUCCESS,1659
2026-03-30 15:31:59,davis,ADMIN_CONFIG,UserManagement,SUCCESS,3011
2026-03-30 09:45:50,jdoe,ADMIN_CONFIG,InventoryReport,SUCCESS,3540
2026-03-30 15:27:39,jdoe,LOGOUT,AuditLogs,SUCCESS,3494
2026-03-30 11:50:35,clane,LOGOUT,AuditLogs,SUCCESS,3944
2026-03-30 15:42:59,clane,EXPORT_REPORT,SalesDashboard,FAILURE,4395
2026-03-30 09:06:05,bwhite,EXPORT_REPORT,SalesDashboard,SUCCESS,2943
2026-03-30 08:00:49,clane,VIEW_REPORT,AuditLogs,SUCCESS,1846
2026-03-30 10:12:52,asmith,DELETE_USER,UserManagement,SUCCESS,1559
2026-03-30 01:10:47,bwhite,ADMIN_CONFIG,UserManagement,SUCCESS,3443
2026-03-30 15:10:30,davis,VIEW_REPORT,SalesDashboard,SUCCESS,4413
2026-03-30 16:53:44,davis,ADMIN_CONFIG,SystemSettings,SUCCESS,4536
2026-03-30 19:33:26,clane,EXPORT_REPORT,SystemSettings,SUCCESS,2638
2026-03-30 12:56:00,davis,CREATE_USER,AuditLogs,SUCCESS,1783
2026-03-30 09:07:38,davis,CREATE_USER,InventoryReport,SUCCESS,404
2026-03-30 12:21:07,asmith,DELETE_USER,InventoryReport,SUCCESS,3253
2026-03-30 13:10:04,asmith,CREATE_USER,AuditLogs,SUCCESS,1104
2026-03-30 13:51:20,jdoe,LOGIN,AuditLogs,FAILURE,2692
2026-03-30 16:14:34,jdoe,ADMIN_CONFIG,InventoryReport,SUCCESS,223
2026-03-30 12:03:16,admin,EXPORT_REPORT,SystemSettings,SUCCESS,1656
2026-03-30 11:28:40,jdoe,CREATE_USER,InventoryReport,SUCCESS,1638
2026-03-30 13:24:47,jdoe,EXPORT_REPORT,AuditLogs,SUCCESS,2428
2026-03-30 11:19:02,jdoe,CREATE_USER,UserManagement,SUCCESS,138
2026-03-30 16:14:38,bwhite,CREATE_USER,SalesDashboard,SUCCESS,2302
2026-03-30 13:09:59,admin,EXPORT_REPORT,SystemSettings,SUCCESS,4383
2026-03-30 12:29:58,admin,LOGOUT,UserManagement,SUCCESS,2722
2026-03-30 09:56:10,asmith,ADMIN_CONFIG,UserManagement,SUCCESS,2481
2026-03-30 08:31:06,bwhite,EXPORT_REPORT,SalesDashboard,SUCCESS,514
2026-03-30 11:38:54,bwhite,DELETE_USER,SystemSettings,SUCCESS,2236
2026-03-30 14:10:32,jdoe,EXPORT_REPORT,UserManagement,SUCCESS,3130
2026-03-30 11:21:15,clane,EXPORT_REPORT,SystemSettings,SUCCESS,27
2026-03-30 16:42:14,jdoe,ADMIN_CONFIG,SalesDashboard,SUCCESS,2774
2026-03-30 09:39:24,davis,EXPORT_REPORT,AuditLogs,SUCCESS,3094
2026-03-30 10:18:46,admin,DELETE_USER,SystemSettings,SUCCESS,4594
2026-03-30 20:02:13,clane,EXPORT_REPORT,InventoryReport,SUCCESS,2038
2026-03-30 08:12:51,admin,ADMIN_CONFIG,SystemSettings,SUCCESS,4640
2026-03-30 11:42:20,asmith,ADMIN_CONFIG,SalesDashboard,SUCCESS,1376
2026-03-30 08:46:32,jdoe,ADMIN_CONFIG,InventoryReport,SUCCESS,3083
2026-03-30 08:42:33,admin,LOGOUT,UserManagement,SUCCESS,4750
2026-03-30 12:10:22,clane,EXPORT_REPORT,SystemSettings,SUCCESS,1191
2026-03-30 13:11:51,davis,ADMIN_CONFIG,InventoryReport,SUCCESS,4810
2026-03-31 09:25:00,davis,VIEW_REPORT,AuditLogs,SUCCESS,557
2026-03-31 12:23:06,admin,LOGIN,SalesDashboard,SUCCESS,3721
2026-03-31 13:01:49,admin,LOGOUT,AuditLogs,SUCCESS,2846
2026-03-31 13:01:56,jdoe,DELETE_USER,SystemSettings,SUCCESS,2482
2026-03-31 13:47:49,davis,CREATE_USER,InventoryReport,SUCCESS,1766
2026-03-31 08:30:23,davis,DELETE_USER,SystemSettings,SUCCESS,1964
2026-03-31 11:52:18,clane,DELETE_USER,InventoryReport,SUCCESS,287
2026-03-31 15:51:31,jdoe,LOGIN,AuditLogs,SUCCESS,4373
2026-03-31 06:55:37,asmith,LOGOUT,SalesDashboard,SUCCESS,523
2026-03-31 12:30:21,asmith,CREATE_USER,InventoryReport,SUCCESS,721
2026-03-31 09:12:09,bwhite,DELETE_USER,InventoryReport,SUCCESS,3473
2026-03-31 13:41:46,asmith,CREATE_USER,SystemSettings,SUCCESS,556
2026-03-31 15:59:57,clane,CREATE_USER,SalesDashboard,SUCCESS,3416
2026-03-31 08:32:52,jdoe,LOGIN,InventoryReport,SUCCESS,3094
2026-03-31 16:57:47,admin,DELETE_USER,SalesDashboard,SUCCESS,1968
2026-03-31 12:19:03,davis,DELETE_USER,AuditLogs,SUCCESS,3502
2026-03-31 16:30:13,asmith,LOGIN,UserManagement,SUCCESS,1617
2026-03-31 14:32:01,admin,VIEW_REPORT,InventoryReport,SUCCESS,3291
2026-03-31 09:08:20,admin,EXPORT_REPORT,AuditLogs,SUCCESS,1769
2026-03-31 13:14:16,clane,EXPORT_REPORT,AuditLogs,SUCCESS,738
2026-03-31 16:18:43,davis,DELETE_USER,UserManagement,SUCCESS,208
2026-03-31 12:41:37,admin,LOGIN,UserManagement,FAILURE,656
2026-03-31 12:48:23,davis,DELETE_USER,SalesDashboard,SUCCESS,4559
2026-03-31 14:08:48,bwhite,VIEW_REPORT,SalesDashboard,SUCCESS,3582
2026-03-31 15:51:01,davis,EXPORT_REPORT,AuditLogs,SUCCESS,4660
2026-03-31 08:24:47,asmith,LOGIN,AuditLogs,SUCCESS,1263
2026-03-31 15:12:16,jdoe,VIEW_REPORT,AuditLogs,SUCCESS,2691
2026-03-31 15:21:00,davis,DELETE_USER,SalesDashboard,SUCCESS,1827
2026-03-31 08:12:11,davis,DELETE_USER,SalesDashboard,SUCCESS,3242
2026-03-31 10:09:45,davis,DELETE_USER,InventoryReport,SUCCESS,25
2026-03-31 09:36:15,admin,EXPORT_REPORT,SystemSettings,SUCCESS,984
2026-03-31 08:10:15,bwhite,ADMIN_CONFIG,InventoryReport,SUCCESS,1329
2026-03-31 23:18:21,jdoe,CREATE_USER,AuditLogs,SUCCESS,2557
2026-03-31 16:04:25,clane,ADMIN_CONFIG,SalesDashboard,SUCCESS,2180
2026-03-31 10:21:52,jdoe,VIEW_REPORT,SystemSettings,SUCCESS,4294
2026-03-31 08:00:56,admin,LOGOUT,UserManagement,SUCCESS,2705
2026-03-31 09:57:55,jdoe,ADMIN_CONFIG,InventoryReport,SUCCESS,2732
2026-03-31 09:12:47,admin,EXPORT_REPORT,UserManagement,SUCCESS,1339
2026-03-31 01:45:29,clane,LOGOUT,AuditLogs,SUCCESS,2513
2026-03-31 16:39:32,bwhite,LOGIN,SalesDashboard,SUCCESS,4536
2026-03-31 15:00:33,davis,LOGOUT,AuditLogs,SUCCESS,3302
2026-03-31 14:57:51,clane,EXPORT_REPORT,SalesDashboard,SUCCESS,1584
2026-03-31 10:15:27,asmith,CREATE_USER,AuditLogs,SUCCESS,822
2026-03-31 10:12:23,jdoe,DELETE_USER,AuditLogs,SUCCESS,1410
2026-03-31 15:36:16,asmith,DELETE_USER,InventoryReport,SUCCESS,2916
2026-03-31 14:36:23,jdoe,EXPORT_REPORT,SalesDashboard,FAILURE,2315
2026-03-31 09:00:04,jdoe,LOGOUT,UserManagement,SUCCESS,830
2026-03-31 16:51:55,jdoe,DELETE_USER,SystemSettings,SUCCESS,3421
2026-03-31 14:06:34,admin,CREATE_USER,AuditLogs,SUCCESS,2671
2026-03-31 01:55:47,admin,VIEW_REPORT,SalesDashboard,FAILURE,2570
2026-03-31 14:16:24,jdoe,LOGIN,SystemSettings,SUCCESS,3054
2026-03-31 10:30:38,admin,VIEW_REPORT,InventoryReport,SUCCESS,4729
2026-03-31 03:26:35,admin,CREATE_USER,UserManagement,SUCCESS,2835
2026-03-31 12:21:05,bwhite,ADMIN_CONFIG,UserManagement,SUCCESS,907
2026-03-31 13:25:18,bwhite,VIEW_REPORT,SalesDashboard,SUCCESS,3332
2026-03-31 05:13:15,clane,DELETE_USER,InventoryReport,SUCCESS,3280
2026-03-31 12:33:32,asmith,ADMIN_CONFIG,SalesDashboard,SUCCESS,87
2026-03-31 15:39:20,asmith,DELETE_USER,SystemSettings,SUCCESS,51
2026-03-31 11:50:07,bwhite,ADMIN_CONFIG,InventoryReport,SUCCESS,1149
2026-03-31 06:18:57,clane,VIEW_REPORT,SalesDashboard,SUCCESS,4504
2026-03-31 10:02:20,bwhite,DELETE_USER,AuditLogs,SUCCESS,1051
2026-03-31 12:07:20,jdoe,ADMIN_CONFIG,AuditLogs,SUCCESS,504
2026-03-31 13:34:17,admin,CREATE_USER,SalesDashboard,SUCCESS,452
2026-03-31 11:51:06,asmith,LOGOUT,InventoryReport,SUCCESS,4162
2026-03-31 12:17:47,bwhite,DELETE_USER,AuditLogs,SUCCESS,1034
2026-03-31 08:33:25,clane,CREATE_USER,SystemSettings,SUCCESS,3554
2026-03-31 14:53:31,clane,VIEW_REPORT,AuditLogs,SUCCESS,2033
2026-03-31 13:57:32,jdoe,EXPORT_REPORT,AuditLogs,SUCCESS,4188
2026-03-31 13:43:02,clane,LOGIN,SalesDashboard,SUCCESS,4296
2026-03-31 19:33:43,bwhite,VIEW_REPORT,InventoryReport,SUCCESS,262
2026-03-31 09:08:59,bwhite,ADMIN_CONFIG,AuditLogs,SUCCESS,4857
2026-03-31 14:22:15,admin,ADMIN_CONFIG,SystemSettings,SUCCESS,584
2026-03-31 11:09:41,davis,EXPORT_REPORT,InventoryReport,SUCCESS,1132
2026-04-01 13:28:55,bwhite,VIEW_REPORT,InventoryReport,SUCCESS,4088
2026-04-01 12:27:46,davis,CREATE_USER,UserManagement,SUCCESS,4851
2026-04-01 15:45:22,bwhite,LOGIN,AuditLogs,SUCCESS,4796
2026-04-01 14:25:08,asmith,CREATE_USER,SystemSettings,SUCCESS,1079
2026-04-01 16:41:51,jdoe,LOGIN,AuditLogs,SUCCESS,1623
2026-04-01 16:34:04,davis,EXPORT_REPORT,SalesDashboard,SUCCESS,4753
2026-04-01 11:57:17,bwhite,CREATE_USER,InventoryReport,SUCCESS,2878
2026-04-01 13:58:30,jdoe,LOGOUT,SystemSettings,SUCCESS,3031
2026-04-01 16:07:21,asmith,ADMIN_CONFIG,SalesDashboard,SUCCESS,3872
2026-04-01 10:09:48,clane,CREATE_USER,SystemSettings,SUCCESS,2572
2026-04-01 09:56:55,jdoe,DELETE_USER,InventoryReport,SUCCESS,3279
2026-04-01 16:02:51,clane,DELETE_USER,InventoryReport,SUCCESS,3253
2026-04-01 16:03:19,admin,ADMIN_CONFIG,UserManagement,SUCCESS,3441
2026-04-01 16:26:48,bwhite,DELETE_USER,SystemSettings,SUCCESS,754
2026-04-01 14:36:29,bwhite,LOGOUT,SystemSettings,SUCCESS,2018
2026-04-01 09:03:32,davis,CREATE_USER,InventoryReport,SUCCESS,4827
2026-04-01 15:29:49,davis,DELETE_USER,UserManagement,SUCCESS,3032
2026-04-01 10:26:43,bwhite,LOGOUT,InventoryReport,SUCCESS,3668
2026-04-01 09:16:40,bwhite,ADMIN_CONFIG,SalesDashboard,SUCCESS,67
2026-04-01 15:49:34,bwhite,ADMIN_CONFIG,AuditLogs,SUCCESS,4381
2026-04-01 08:28:21,clane,ADMIN_CONFIG,UserManagement,SUCCESS,4546
2026-04-01 16:08:17,clane,CREATE_USER,UserManagement,SUCCESS,1146
2026-04-01 15:21:47,clane,LOGIN,AuditLogs,SUCCESS,2386
2026-04-01 09:14:36,clane,LOGIN,AuditLogs,FAILURE,115
2026-04-01 11:18:16,admin,EXPORT_REPORT,AuditLogs,SUCCESS,4782
2026-04-01 16:15:31,asmith,LOGOUT,SalesDashboard,SUCCESS,2804
2026-04-01 15:08:58,davis,CREATE_USER,UserManagement,SUCCESS,852
2026-04-01 13:32:22,bwhite,LOGIN,SystemSettings,SUCCESS,1500
2026-04-01 18:17:24,admin,ADMIN_CONFIG,AuditLogs,SUCCESS,3872
2026-04-01 02:34:37,admin,LOGOUT,SystemSettings,SUCCESS,4247
2026-04-01 07:09:52,bwhite,EXPORT_REPORT,AuditLogs,SUCCESS,2565
2026-04-01 09:58:16,admin,DELETE_USER,AuditLogs,SUCCESS,3027
2026-04-01 14:37:10,admin,VIEW_REPORT,UserManagement,SUCCESS,521
2026-04-01 16:07:52,clane,VIEW_REPORT,SystemSettings,FAILURE,1723
2026-04-01 09:42:50,jdoe,ADMIN_CONFIG,AuditLogs,SUCCESS,105
2026-04-01 08:26:18,davis,VIEW_REPORT,SystemSettings,SUCCESS,3889
2026-04-01 11:10:23,jdoe,CREATE_USER,AuditLogs,SUCCESS,3324
2026-04-01 15:48:28,asmith,EXPORT_REPORT,SalesDashboard,SUCCESS,3237
2026-04-01 08:21:07,clane,CREATE_USER,SystemSettings,SUCCESS,670
2026-04-01 10:58:41,davis,ADMIN_CONFIG,SalesDashboard,SUCCESS,1134
2026-04-01 16:45:44,jdoe,CREATE_USER,SalesDashboard,SUCCESS,2080
2026-04-01 13:58:23,davis,LOGOUT,UserManagement,SUCCESS,1795
2026-04-01 09:39:22,asmith,EXPORT_REPORT,InventoryReport,SUCCESS,2842
2026-04-01 21:44:12,davis,EXPORT_REPORT,SalesDashboard,SUCCESS,2516
2026-04-01 12:51:03,davis,VIEW_REPORT,SalesDashboard,SUCCESS,1199
2026-04-01 11:35:14,clane,LOGIN,UserManagement,SUCCESS,3573
2026-04-01 13:42:49,bwhite,VIEW_REPORT,InventoryReport,SUCCESS,454
2026-04-01 09:07:11,admin,ADMIN_CONFIG,InventoryReport,FAILURE,2615
2026-04-01 15:42:43,bwhite,CREATE_USER,UserManagement,FAILURE,2614
2026-04-01 09:52:24,asmith,LOGOUT,AuditLogs,SUCCESS,2942
2026-04-01 09:49:04,asmith,CREATE_USER,SystemSettings,SUCCESS,3473
2026-04-01 15:31:21,davis,ADMIN_CONFIG,InventoryReport,SUCCESS,2094
2026-04-01 13:35:27,asmith,LOGIN,SalesDashboard,SUCCESS,3086
2026-04-01 15:22:06,bwhite,LOGOUT,SalesDashboard,SUCCESS,2677
2026-04-01 16:14:45,bwhite,VIEW_REPORT,SystemSettings,SUCCESS,3594
2026-04-01 11:40:02,admin,ADMIN_CONFIG,SalesDashboard,SUCCESS,3508
2026-04-01 10:11:40,jdoe,ADMIN_CONFIG,UserManagement,SUCCESS,4742
2026-04-01 09:25:03,admin,VIEW_REPORT,InventoryReport,SUCCESS,1387
2026-04-01 00:38:36,asmith,LOGIN,AuditLogs,SUCCESS,1230
2026-04-01 15:00:14,bwhite,DELETE_USER,SystemSettings,SUCCESS,3016
2026-04-01 15:32:09,admin,LOGOUT,SystemSettings,SUCCESS,210
2026-04-01 16:52:51,jdoe,ADMIN_CONFIG,UserManagement,SUCCESS,3125
2026-04-01 12:04:38,jdoe,DELETE_USER,SystemSettings,SUCCESS,3647
2026-04-01 14:27:53,asmith,CREATE_USER,SalesDashboard,SUCCESS,4079
2026-04-01 15:51:36,admin,LOGOUT,SalesDashboard,SUCCESS,4024
2026-04-01 16:48:39,admin,LOGIN,AuditLogs,SUCCESS,2963
2026-04-01 12:44:38,davis,VIEW_REPORT,InventoryReport,SUCCESS,900
2026-04-01 07:43:30,bwhite,DELETE_USER,SalesDashboard,SUCCESS,4601
2026-04-01 11:26:21,bwhite,VIEW_REPORT,UserManagement,SUCCESS,4447
2026-04-01 08:17:38,jdoe,LOGOUT,SystemSettings,SUCCESS,129
2026-04-01 13:42:26,asmith,LOGIN,UserManagement,FAILURE,2436
2026-04-01 12:39:01,clane,CREATE_USER,AuditLogs,FAILURE,2864
2026-04-01 10:07:17,davis,ADMIN_CONFIG,SalesDashboard,SUCCESS,1461
2026-04-01 09:23:03,bwhite,CREATE_USER,SystemSettings,SUCCESS,2100
2026-04-01 12:58:47,admin,LOGIN,AuditLogs,SUCCESS,3520
2026-04-01 10:13:54,asmith,DELETE_USER,SystemSettings,SUCCESS,2840
2026-04-01 08:46:07,admin,LOGOUT,SystemSettings,SUCCESS,691
2026-04-01 14:37:40,davis,VIEW_REPORT,AuditLogs,SUCCESS,1664
2026-04-01 08:21:34,jdoe,DELETE_USER,UserManagement,FAILURE,4753
2026-04-01 15:33:23,davis,VIEW_REPORT,SalesDashboard,SUCCESS,1418
2026-04-01 11:36:38,bwhite,ADMIN_CONFIG,SystemSettings,SUCCESS,3559
2026-04-01 09:42:41,bwhite,VIEW_REPORT,AuditLogs,FAILURE,4005
2026-04-01 08:00:52,clane,LOGOUT,InventoryReport,SUCCESS,3109
2026-04-01 09:26:28,clane,VIEW_REPORT,SalesDashboard,SUCCESS,556
2026-04-01 15:15:12,davis,ADMIN_CONFIG,SystemSettings,SUCCESS,2250
2026-04-02 09:07:59,davis,EXPORT_REPORT,UserManagement,SUCCESS,3052
2026-04-02 14:57:08,clane,EXPORT_REPORT,AuditLogs,SUCCESS,2488
2026-04-02 14:15:22,bwhite,VIEW_REPORT,SystemSettings,SUCCESS,231
2026-04-02 10:10:22,davis,LOGIN,AuditLogs,SUCCESS,2813
2026-04-02 08:10:05,davis,LOGIN,SystemSettings,SUCCESS,2066
2026-04-02 15:17:03,asmith,EXPORT_REPORT,SalesDashboard,SUCCESS,165
2026-04-02 12:27:58,clane,ADMIN_CONFIG,SystemSettings,SUCCESS,4264
2026-04-02 14:13:25,asmith,CREATE_USER,SystemSettings,SUCCESS,3032
2026-04-02 13:13:02,asmith,CREATE_USER,SalesDashboard,SUCCESS,1354
2026-04-02 13:58:31,clane,ADMIN_CONFIG,UserManagement,SUCCESS,2990
2026-04-02 15:31:54,davis,LOGIN,InventoryReport,SUCCESS,1808
2026-04-02 12:15:27,clane,VIEW_REPORT,SalesDashboard,SUCCESS,1704
2026-04-02 14:56:51,bwhite,CREATE_USER,InventoryReport,SUCCESS,936
2026-04-02 10:19:45,admin,CREATE_USER,InventoryReport,SUCCESS,3605
2026-04-02 11:37:18,bwhite,DELETE_USER,SalesDashboard,SUCCESS,3529
2026-04-02 09:57:46,bwhite,CREATE_USER,AuditLogs,SUCCESS,3794
2026-04-02 21:45:27,davis,EXPORT_REPORT,UserManagement,SUCCESS,3691
2026-04-02 14:43:54,clane,LOGOUT,SystemSettings,SUCCESS,410
2026-04-02 12:38:50,davis,EXPORT_REPORT,SystemSettings,SUCCESS,1806
2026-04-02 15:25:39,davis,VIEW_REPORT,UserManagement,SUCCESS,691
2026-04-02 08:39:14,admin,EXPORT_REPORT,AuditLogs,SUCCESS,4508
2026-04-02 15:10:42,admin,LOGIN,SystemSettings,SUCCESS,2364
2026-04-02 08:56:04,asmith,CREATE_USER,SystemSettings,SUCCESS,3357
2026-04-02 21:37:50,davis,LOGIN,UserManagement,SUCCESS,2362
2026-04-02 16:57:29,jdoe,DELETE_USER,SalesDashboard,SUCCESS,2956
2026-04-02 09:43:09,asmith,DELETE_USER,SystemSettings,SUCCESS,3783
2026-04-02 20:19:01,jdoe,DELETE_USER,UserManagement,SUCCESS,3324
2026-04-02 16:45:16,asmith,VIEW_REPORT,AuditLogs,SUCCESS,4729
2026-04-02 16:16:40,clane,DELETE_USER,UserManagement,SUCCESS,2528
2026-04-02 08:31:09,bwhite,LOGOUT,SystemSettings,SUCCESS,1206
2026-04-02 14:40:33,jdoe,LOGOUT,UserManagement,FAILURE,3188
2026-04-02 13:23:02,admin,CREATE_USER,UserManagement,SUCCESS,4931
2026-04-02 04:30:54,clane,LOGIN,InventoryReport,SUCCESS,3611
2026-04-02 09:02:25,clane,LOGIN,SystemSettings,SUCCESS,815
2026-04-02 22:20:50,admin,ADMIN_CONFIG,InventoryReport,SUCCESS,1141
2026-04-02 08:12:43,asmith,LOGIN,InventoryReport,SUCCESS,895
2026-04-02 16:49:35,admin,DELETE_USER,AuditLogs,SUCCESS,4671
2026-04-02 16:46:56,asmith,CREATE_USER,InventoryReport,SUCCESS,3704
2026-04-02 16:33:51,admin,CREATE_USER,SalesDashboard,SUCCESS,2111
2026-04-02 10:36:58,bwhite,DELETE_USER,SystemSettings,SUCCESS,3547
2026-04-02 09:11:36,asmith,LOGOUT,UserManagement,SUCCESS,3660
2026-04-02 21:28:43,bwhite,EXPORT_REPORT,UserManagement,SUCCESS,76
2026-04-02 13:02:06,asmith,LOGOUT,SalesDashboard,SUCCESS,3906
2026-04-02 12:17:18,davis,LOGIN,UserManagement,SUCCESS,1059
2026-04-02 08:35:16,jdoe,LOGIN,SalesDashboard,SUCCESS,1080
2026-04-02 14:41:36,davis,DELETE_USER,AuditLogs,SUCCESS,2923
2026-04-02 16:01:55,clane,LOGOUT,InventoryReport,SUCCESS,839
2026-04-02 10:50:19,bwhite,LOGOUT,InventoryReport,SUCCESS,4831
2026-04-02 15:43:57,bwhite,ADMIN_CONFIG,InventoryReport,SUCCESS,3399
2026-04-02 16:36:07,davis,LOGIN,SystemSettings,SUCCESS,385
2026-04-02 14:06:46,jdoe,VIEW_REPORT,UserManagement,SUCCESS,1741
2026-04-02 12:45:47,bwhite,EXPORT_REPORT,SystemSettings,SUCCESS,3747
2026-04-02 12:44:13,jdoe,DELETE_USER,InventoryReport,SUCCESS,4802
2026-04-02 09:31:29,jdoe,EXPORT_REPORT,UserManagement,SUCCESS,193
2026-04-02 08:48:26,jdoe,ADMIN_CONFIG,SalesDashboard,SUCCESS,4114
2026-04-02 10:13:08,jdoe,LOGIN,UserManagement,SUCCESS,864
2026-04-02 11:56:21,clane,LOGIN,SalesDashboard,SUCCESS,4455
2026-04-02 10:30:35,admin,LOGIN,SystemSettings,SUCCESS,4250
2026-04-02 09:38:42,clane,VIEW_REPORT,SystemSettings,SUCCESS,1341
2026-04-02 09:01:07,clane,LOGOUT,AuditLogs,SUCCESS,1242
2026-04-02 15:05:16,bwhite,DELETE_USER,UserManagement,SUCCESS,4799
2026-04-02 16:51:36,asmith,DELETE_USER,SalesDashboard,SUCCESS,4897
2026-04-02 16:05:17,clane,ADMIN_CONFIG,InventoryReport,SUCCESS,3728
2026-04-02 08:16:52,bwhite,LOGIN,SystemSettings,FAILURE,4671
2026-04-02 14:18:51,davis,ADMIN_CONFIG,InventoryReport,SUCCESS,1104
2026-04-02 13:41:43,asmith,VIEW_REPORT,UserManagement,SUCCESS,4247
2026-04-02 16:41:28,jdoe,VIEW_REPORT,SalesDashboard,SUCCESS,3181
2026-04-02 13:11:33,clane,CREATE_USER,SystemSettings,SUCCESS,1697
2026-04-02 11:51:00,bwhite,ADMIN_CONFIG,InventoryReport,SUCCESS,1416
2026-04-02 15:20:58,admin,LOGIN,SystemSettings,SUCCESS,1759
2026-04-02 13:25:35,davis,VIEW_REPORT,AuditLogs,SUCCESS,186
2026-04-02 16:28:29,asmith,LOGIN,UserManagement,FAILURE,1081
2026-04-02 10:15:48,jdoe,LOGIN,UserManagement,SUCCESS,648
2026-04-02 11:59:59,clane,DELETE_USER,UserManagement,FAILURE,3411
2026-04-02 10:49:43,asmith,DELETE_USER,UserManagement,SUCCESS,372
2026-04-02 12:08:10,davis,DELETE_USER,UserManagement,SUCCESS,2469
2026-04-02 10:42:13,asmith,LOGIN,SystemSettings,SUCCESS,2965
2026-04-02 09:07:51,admin,LOGOUT,InventoryReport,SUCCESS,4426
2026-04-02 15:32:48,admin,ADMIN_CONFIG,SalesDashboard,SUCCESS,4662
2026-04-02 16:26:29,davis,CREATE_USER,SystemSettings,SUCCESS,2692
2026-04-02 08:39:10,clane,LOGOUT,InventoryReport,SUCCESS,1428
2026-04-02 08:00:29,clane,LOGIN,SystemSettings,SUCCESS,290
2026-04-02 20:09:11,bwhite,ADMIN_CONFIG,AuditLogs,SUCCESS,1781
2026-04-02 13:32:20,admin,VIEW_REPORT,InventoryReport,SUCCESS,4861
2026-04-02 13:49:14,admin,ADMIN_CONFIG,SystemSettings,SUCCESS,4317
2026-04-02 23:18:42,asmith,EXPORT_REPORT,AuditLogs,FAILURE,1466
2026-04-02 09:07:16,davis,LOGOUT,SalesDashboard,SUCCESS,757
2026-04-02 19:11:17,asmith,CREATE_USER,InventoryReport,SUCCESS,3253
2026-04-02 16:10:44,admin,VIEW_REPORT,SalesDashboard,SUCCESS,2279
2026-04-02 16:31:30,clane,LOGIN,InventoryReport,SUCCESS,3096
2026-04-02 13:22:05,jdoe,CREATE_USER,InventoryReport,SUCCESS,3573
2026-04-02 08:00:46,asmith,LOGIN,SystemSettings,SUCCESS,4615
2026-04-02 08:07:07,admin,VIEW_REPORT,SalesDashboard,SUCCESS,1648
2026-04-02 09:19:42,admin,LOGIN,InventoryReport,SUCCESS,3743
2026-04-02 12:18:37,admin,DELETE_USER,UserManagement,SUCCESS,3162
2026-04-02 11:58:52,davis,VIEW_REPORT,SystemSettings,SUCCESS,3728
2026-04-02 07:29:24,clane,ADMIN_CONFIG,AuditLogs,SUCCESS,2608
2026-04-02 04:08:27,davis,VIEW_REPORT,InventoryReport,SUCCESS,1537
2026-04-02 13:54:06,bwhite,LOGOUT,AuditLogs,SUCCESS,278
2026-04-02 14:25:44,bwhite,LOGOUT,SystemSettings,SUCCESS,4926
2026-04-02 12:00:12,admin,LOGOUT,InventoryReport,SUCCESS,4845
2026-04-02 12:53:33,jdoe,EXPORT_REPORT,InventoryReport,SUCCESS,3535
2026-04-02 12:56:24,asmith,DELETE_USER,SalesDashboard,SUCCESS,1716
2026-04-02 08:05:07,asmith,CREATE_USER,SystemSettings,SUCCESS,3632
2026-04-03 16:31:17,clane,EXPORT_REPORT,UserManagement,SUCCESS,3316
2026-04-03 10:41:12,jdoe,ADMIN_CONFIG,UserManagement,SUCCESS,1474
2026-04-03 13:57:57,asmith,DELETE_USER,AuditLogs,SUCCESS,2329
2026-04-03 08:20:23,jdoe,CREATE_USER,SalesDashboard,SUCCESS,1115
2026-04-03 09:16:37,davis,VIEW_REPORT,AuditLogs,FAILURE,4147
2026-04-03 16:18:02,jdoe,LOGOUT,SystemSettings,SUCCESS,4837
2026-04-03 16:13:45,jdoe,ADMIN_CONFIG,AuditLogs,SUCCESS,3121
2026-04-03 13:50:03,admin,VIEW_REPORT,AuditLogs,SUCCESS,2041
2026-04-03 15:27:11,admin,LOGOUT,UserManagement,SUCCESS,4948
2026-04-03 15:13:19,davis,VIEW_REPORT,SystemSettings,SUCCESS,3357
2026-04-03 08:12:42,asmith,ADMIN_CONFIG,AuditLogs,SUCCESS,618
2026-04-03 12:42:00,davis,LOGIN,InventoryReport,FAILURE,3903
2026-04-03 12:42:33,admin,CREATE_USER,SalesDashboard,SUCCESS,4072
2026-04-03 10:55:57,bwhite,DELETE_USER,SalesDashboard,SUCCESS,4610
2026-04-03 18:12:44,jdoe,LOGOUT,UserManagement,SUCCESS,3982
2026-04-03 12:11:12,asmith,DELETE_USER,InventoryReport,SUCCESS,3549
2026-04-03 16:55:11,bwhite,EXPORT_REPORT,SystemSettings,SUCCESS,1440
2026-04-03 12:40:39,asmith,EXPORT_REPORT,UserManagement,SUCCESS,3656
2026-04-03 15:14:43,bwhite,VIEW_REPORT,SystemSettings,SUCCESS,2299
2026-04-03 18:27:36,jdoe,EXPORT_REPORT,UserManagement,SUCCESS,396
2026-04-03 16:55:41,asmith,CREATE_USER,InventoryReport,SUCCESS,4788
2026-04-03 00:28:22,asmith,EXPORT_REPORT,InventoryReport,SUCCESS,3566
2026-04-03 17:28:22,bwhite,ADMIN_CONFIG,InventoryReport,SUCCESS,2175
2026-04-03 11:26:48,bwhite,ADMIN_CONFIG,SystemSettings,SUCCESS,995
2026-04-03 12:22:11,clane,EXPORT_REPORT,InventoryReport,FAILURE,4985
2026-04-03 09:53:21,davis,CREATE_USER,SystemSettings,SUCCESS,185
2026-04-03 16:00:55,asmith,LOGOUT,SystemSettings,SUCCESS,4564
2026-04-03 14:17:59,jdoe,LOGIN,AuditLogs,SUCCESS,305
2026-04-03 12:28:29,asmith,LOGIN,SalesDashboard,FAILURE,3717
2026-04-03 10:15:12,jdoe,VIEW_REPORT,InventoryReport,SUCCESS,4193
2026-04-03 08:47:40,clane,ADMIN_CONFIG,SalesDashboard,SUCCESS,394
2026-04-03 11:27:52,asmith,LOGOUT,InventoryReport,SUCCESS,4769
2026-04-03 12:47:34,davis,LOGIN,UserManagement,SUCCESS,4665
2026-04-03 10:11:56,bwhite,EXPORT_REPORT,SalesDashboard,SUCCESS,4926
2026-04-03 08:42:48,jdoe,DELETE_USER,AuditLogs,SUCCESS,3528
2026-04-03 10:51:54,bwhite,LOGOUT,SystemSettings,SUCCESS,2428
2026-04-03 10:48:40,asmith,EXPORT_REPORT,SystemSettings,SUCCESS,4843
2026-04-03 15:19:09,clane,ADMIN_CONFIG,UserManagement,SUCCESS,2902
2026-04-03 09:32:09,asmith,VIEW_REPORT,SalesDashboard,SUCCESS,3543
2026-04-03 08:12:22,admin,LOGIN,UserManagement,SUCCESS,2294
2026-04-03 11:46:11,admin,LOGIN,SalesDashboard,SUCCESS,544
2026-04-03 10:30:42,admin,VIEW_REPORT,SystemSettings,SUCCESS,329
2026-04-03 09:42:18,admin,LOGOUT,UserManagement,SUCCESS,501
2026-04-03 12:46:44,asmith,LOGIN,UserManagement,SUCCESS,862
2026-04-03 14:09:03,asmith,EXPORT_REPORT,SalesDashboard,SUCCESS,4288
2026-04-03 02:18:08,davis,LOGIN,UserManagement,SUCCESS,1852
2026-04-03 16:34:35,asmith,DELETE_USER,InventoryReport,SUCCESS,1535
2026-04-03 15:22:16,asmith,LOGIN,InventoryReport,SUCCESS,1072
2026-04-03 14:43:15,admin,ADMIN_CONFIG,SalesDashboard,SUCCESS,4836
2026-04-03 08:25:22,admin,ADMIN_CONFIG,AuditLogs,SUCCESS,3515
2026-04-03 12:43:12,jdoe,LOGOUT,InventoryReport,SUCCESS,2153
2026-04-03 12:39:04,asmith,DELETE_USER,SystemSettings,SUCCESS,1814
2026-04-03 10:49:43,bwhite,EXPORT_REPORT,SalesDashboard,SUCCESS,2061
2026-04-03 09:11:58,bwhite,ADMIN_CONFIG,AuditLogs,SUCCESS,1350
2026-04-03 12:27:27,jdoe,EXPORT_REPORT,SalesDashboard,SUCCESS,4508
2026-04-03 13:21:10,bwhite,CREATE_USER,SystemSettings,SUCCESS,1011
2026-04-03 22:58:30,admin,VIEW_REPORT,AuditLogs,FAILURE,4816
2026-04-03 14:01:45,davis,EXPORT_REPORT,UserManagement,SUCCESS,668
2026-04-03 12:42:30,admin,EXPORT_REPORT,UserManagement,SUCCESS,2519
2026-04-03 10:56:01,clane,VIEW_REPORT,InventoryReport,SUCCESS,4317
2026-04-03 11:38:10,jdoe,ADMIN_CONFIG,SalesDashboard,SUCCESS,4354
2026-04-03 11:28:27,davis,LOGIN,InventoryReport,FAILURE,2771
2026-04-03 13:46:15,jdoe,ADMIN_CONFIG,SalesDashboard,SUCCESS,1666
2026-04-03 14:10:51,asmith,DELETE_USER,InventoryReport,SUCCESS,4043
2026-04-03 09:27:49,jdoe,DELETE_USER,UserManagement,SUCCESS,2421
2026-04-03 16:44:34,jdoe,ADMIN_CONFIG,SystemSettings,SUCCESS,1650
2026-04-03 15:29:15,clane,LOGOUT,InventoryReport,SUCCESS,2626
2026-04-03 13:27:00,bwhite,LOGIN,AuditLogs,SUCCESS,1830
2026-04-03 12:20:29,bwhite,VIEW_REPORT,UserManagement,SUCCESS,1648
2026-04-03 10:05:51,bwhite,CREATE_USER,AuditLogs,SUCCESS,64
2026-04-03 12:15:29,bwhite,DELETE_USER,SalesDashboard,SUCCESS,1707
2026-04-03 09:51:21,davis,LOGOUT,UserManagement,SUCCESS,2834
2026-04-03 08:45:05,davis,CREATE_USER,UserManagement,SUCCESS,933
2026-04-03 15:17:13,davis,VIEW_REPORT,SalesDashboard,FAILURE,2087
2026-04-03 19:18:16,jdoe,DELETE_USER,AuditLogs,SUCCESS,118
2026-04-03 11:18:56,asmith,LOGOUT,SystemSettings,SUCCESS,1514
2026-04-03 09:36:59,bwhite,ADMIN_CONFIG,SalesDashboard,SUCCESS,4091
2026-04-03 15:50:33,davis,EXPORT_REPORT,AuditLogs,SUCCESS,1185
2026-04-03 14:45:19,admin,ADMIN_CONFIG,SalesDashboard,SUCCESS,4369
2026-04-03 16:48:15,admin,EXPORT_REPORT,SalesDashboard,SUCCESS,1716
2026-04-03 14:04:23,bwhite,CREATE_USER,SalesDashboard,SUCCESS,4979
2026-04-03 03:03:54,bwhite,LOGIN,AuditLogs,SUCCESS,4295
2026-04-03 13:55:09,davis,EXPORT_REPORT,InventoryReport,SUCCESS,2364
2026-04-03 12:22:52,davis,EXPORT_REPORT,UserManagement,SUCCESS,3639
2026-04-03 08:21:47,bwhite,LOGOUT,SystemSettings,SUCCESS,1601
2026-04-03 14:05:34,jdoe,VIEW_REPORT,SystemSettings,SUCCESS,3850
2026-04-03 13:25:06,admin,VIEW_REPORT,InventoryReport,SUCCESS,1882
2026-04-03 09:49:11,davis,CREATE_USER,SystemSettings,SUCCESS,1319
2026-04-03 09:47:32,clane,LOGIN,UserManagement,SUCCESS,1615
2026-04-03 09:49:50,clane,VIEW_REPORT,AuditLogs,SUCCESS,499
2026-04-03 13:08:45,bwhite,DELETE_USER,AuditLogs,SUCCESS,4479
2026-04-03 12:06:54,jdoe,VIEW_REPORT,AuditLogs,SUCCESS,2037
2026-04-03 08:07:09,jdoe,DELETE_USER,SystemSettings,SUCCESS,1259
2026-04-03 11:54:45,davis,LOGIN,UserManagement,SUCCESS,1736
2026-04-03 14:21:03,asmith,VIEW_REPORT,InventoryReport,SUCCESS,1546
2026-04-03 15:24:11,clane,LOGOUT,UserManagement,SUCCESS,590
2026-04-03 00:25:17,clane,ADMIN_CONFIG,InventoryReport,SUCCESS,352
2026-04-03 16:34:04,davis,EXPORT_REPORT,SystemSettings,SUCCESS,2627
2026-04-03 15:29:09,jdoe,EXPORT_REPORT,UserManagement,FAILURE,2846
2026-04-03 05:35:52,clane,CREATE_USER,AuditLogs,SUCCESS,699
2026-04-03 10:00:08,clane,VIEW_REPORT,UserManagement,SUCCESS,3276
2026-04-03 16:12:05,admin,VIEW_REPORT,UserManagement,SUCCESS,614
2026-04-03 14:58:56,asmith,LOGOUT,AuditLogs,SUCCESS,293
2026-04-03 09:54:00,admin,LOGOUT,AuditLogs,SUCCESS,4732
2026-04-03 13:03:34,bwhite,LOGOUT,SystemSettings,SUCCESS,3312
2026-04-03 10:59:21,clane,ADMIN_CONFIG,SalesDashboard,SUCCESS,4219
2026-04-03 09:58:39,bwhite,VIEW_REPORT,InventoryReport,SUCCESS,252
2026-04-03 16:00:58,davis,ADMIN_CONFIG,AuditLogs,SUCCESS,4892
2026-04-03 23:42:08,davis,LOGIN,AuditLogs,SUCCESS,360
2026-04-03 15:20:00,clane,DELETE_USER,InventoryReport,SUCCESS,4768
2026-04-03 09:42:21,clane,EXPORT_REPORT,InventoryReport,SUCCESS,243
2026-04-03 13:57:43,clane,LOGOUT,InventoryReport,SUCCESS,1239
2026-04-03 10:28:47,clane,ADMIN_CONFIG,UserManagement,SUCCESS,282
2026-04-03 13:47:41,admin,LOGIN,InventoryReport,SUCCESS,4178
2026-04-03 20:00:52,asmith,ADMIN_CONFIG,AuditLogs,SUCCESS,1611
2026-04-03 11:00:46,davis,ADMIN_CONFIG,SalesDashboard,SUCCESS,4457
2026-04-03 10:29:48,admin,EXPORT_REPORT,SystemSettings,SUCCESS,787
2026-04-03 08:13:36,jdoe,DELETE_USER,SystemSettings,SUCCESS,66
2026-04-03 00:11:28,davis,ADMIN_CONFIG,UserManagement,SUCCESS,4135
2026-04-03 15:20:49,admin,VIEW_REPORT,AuditLogs,SUCCESS,1878
2026-04-03 15:48:18,jdoe,CREATE_USER,SalesDashboard,SUCCESS,217
2026-04-03 08:45:30,davis,DELETE_USER,UserManagement,SUCCESS,4978
2026-04-03 10:28:21,clane,ADMIN_CONFIG,UserManagement,SUCCESS,3340
2026-04-03 12:20:15,davis,ADMIN_CONFIG,InventoryReport,SUCCESS,1032
2026-04-03 14:04:33,admin,LOGIN,UserManagement,SUCCESS,3601
2026-04-03 10:18:58,bwhite,LOGOUT,InventoryReport,SUCCESS,932
2026-04-03 04:03:36,admin,LOGIN,SalesDashboard,SUCCESS,2023
2026-04-03 09:07:42,jdoe,LOGOUT,UserManagement,SUCCESS,559
2026-04-03 10:46:59,jdoe,EXPORT_REPORT,SalesDashboard,SUCCESS,3596
2026-04-04 08:58:57,davis,VIEW_REPORT,UserManagement,SUCCESS,4232
2026-04-04 01:30:06,admin,EXPORT_REPORT,SystemSettings,SUCCESS,1139
2026-04-04 23:45:59,bwhite,CREATE_USER,UserManagement,FAILURE,4833
2026-04-04 15:44:45,jdoe,LOGOUT,InventoryReport,SUCCESS,2017
2026-04-04 15:03:37,asmith,DELETE_USER,UserManagement,SUCCESS,2484
2026-04-04 14:16:40,bwhite,EXPORT_REPORT,AuditLogs,SUCCESS,3547
2026-04-04 16:24:20,clane,ADMIN_CONFIG,AuditLogs,SUCCESS,541
2026-04-04 18:26:05,clane,VIEW_REPORT,SystemSettings,SUCCESS,1358
2026-04-04 19:53:41,asmith,LOGIN,SalesDashboard,SUCCESS,3993
2026-04-04 03:31:21,davis,ADMIN_CONFIG,InventoryReport,SUCCESS,2151
2026-04-04 14:19:06,jdoe,CREATE_USER,InventoryReport,SUCCESS,3306
2026-04-04 19:24:49,clane,ADMIN_CONFIG,AuditLogs,FAILURE,1877
2026-04-04 00:54:54,davis,VIEW_REPORT,InventoryReport,SUCCESS,622
2026-04-04 03:08:21,clane,ADMIN_CONFIG,AuditLogs,SUCCESS,1492
2026-04-05 15:09:07,jdoe,EXPORT_REPORT,InventoryReport,SUCCESS,945
2026-04-05 21:06:08,jdoe,VIEW_REPORT,InventoryReport,SUCCESS,3208
2026-04-05 03:16:29,bwhite,LOGOUT,InventoryReport,SUCCESS,4559
2026-04-05 17:55:24,admin,DELETE_USER,AuditLogs,SUCCESS,56
2026-04-05 00:56:56,jdoe,EXPORT_REPORT,AuditLogs,SUCCESS,3435
2026-04-05 13:52:24,bwhite,EXPORT_REPORT,AuditLogs,SUCCESS,344
2026-04-05 00:03:14,admin,DELETE_USER,AuditLogs,SUCCESS,4562
2026-04-05 20:57:39,bwhite,LOGIN,UserManagement,SUCCESS,3610
2026-04-05 13:41:44,davis,DELETE_USER,SalesDashboard,SUCCESS,791
2026-04-05 22:33:09,admin,EXPORT_REPORT,SystemSettings,SUCCESS,2556
2026-04-05 19:54:26,bwhite,EXPORT_REPORT,InventoryReport,SUCCESS,1278
2026-04-05 01:23:37,admin,ADMIN_CONFIG,UserManagement,SUCCESS,2272
2026-04-05 11:45:06,admin,EXPORT_REPORT,SystemSettings,SUCCESS,2232
2026-04-06 10:51:13,bwhite,LOGIN,AuditLogs,SUCCESS,1143
2026-04-06 16:44:48,asmith,LOGIN,SalesDashboard,SUCCESS,2289
2026-04-06 08:09:26,jdoe,LOGOUT,SalesDashboard,SUCCESS,4256
2026-04-06 08:26:53,asmith,CREATE_USER,UserManagement,SUCCESS,2088
2026-04-06 09:48:07,davis,CREATE_USER,UserManagement,FAILURE,616
2026-04-06 13:05:42,davis,CREATE_USER,SystemSettings,SUCCESS,1964
2026-04-06 11:08:14,davis,CREATE_USER,InventoryReport,SUCCESS,4730
2026-04-06 11:21:45,bwhite,VIEW_REPORT,AuditLogs,SUCCESS,269
2026-04-06 15:55:09,admin,DELETE_USER,AuditLogs,SUCCESS,4388
2026-04-06 15:03:46,clane,ADMIN_CONFIG,UserManagement,SUCCESS,1771
2026-04-06 10:52:08,jdoe,DELETE_USER,InventoryReport,SUCCESS,2493
2026-04-06 11:59:08,admin,LOGOUT,SystemSettings,SUCCESS,238
2026-04-06 09:44:26,admin,LOGOUT,AuditLogs,SUCCESS,4457
2026-04-06 11:57:20,davis,LOGIN,UserManagement,SUCCESS,1919
2026-04-06 15:31:30,bwhite,ADMIN_CONFIG,SalesDashboard,SUCCESS,916
2026-04-06 07:41:17,admin,LOGIN,InventoryReport,SUCCESS,2201
2026-04-06 11:27:54,jdoe,VIEW_REPORT,SystemSettings,SUCCESS,1930
2026-04-06 18:40:40,clane,LOGOUT,InventoryReport,SUCCESS,4746
2026-04-06 15:09:48,jdoe,CREATE_USER,AuditLogs,SUCCESS,2172
2026-04-06 12:06:10,jdoe,VIEW_REPORT,SalesDashboard,SUCCESS,2190
2026-04-06 11:23:21,clane,EXPORT_REPORT,SalesDashboard,SUCCESS,1966
2026-04-06 09:36:05,bwhite,CREATE_USER,SystemSettings,SUCCESS,3357
2026-04-06 13:23:18,jdoe,ADMIN_CONFIG,SalesDashboard,SUCCESS,569
2026-04-06 13:32:28,davis,LOGOUT,SystemSettings,SUCCESS,1521
2026-04-06 09:32:46,bwhite,LOGIN,SalesDashboard,SUCCESS,1700
2026-04-06 12:35:38,admin,EXPORT_REPORT,UserManagement,SUCCESS,2671
2026-04-06 23:51:44,admin,LOGIN,InventoryReport,SUCCESS,2272
2026-04-06 19:32:52,clane,EXPORT_REPORT,InventoryReport,SUCCESS,440
2026-04-06 08:17:50,davis,ADMIN_CONFIG,SalesDashboard,SUCCESS,710
2026-04-06 16:21:19,admin,VIEW_REPORT,InventoryReport,SUCCESS,4602
2026-04-06 04:20:15,admin,LOGIN,UserManagement,SUCCESS,3059
2026-04-06 12:44:41,asmith,LOGIN,SystemSettings,SUCCESS,3052
2026-04-06 15:12:57,bwhite,VIEW_REPORT,SystemSettings,SUCCESS,4142
2026-04-06 11:02:24,bwhite,EXPORT_REPORT,InventoryReport,SUCCESS,3370
2026-04-06 05:29:27,jdoe,LOGOUT,SalesDashboard,SUCCESS,2562
2026-04-06 16:35:42,davis,LOGIN,UserManagement,SUCCESS,2360
2026-04-06 16:57:41,clane,DELETE_USER,UserManagement,SUCCESS,1811
2026-04-06 20:53:42,admin,LOGOUT,UserManagement,SUCCESS,1176
2026-04-06 13:25:42,jdoe,CREATE_USER,SalesDashboard,SUCCESS,692
2026-04-06 01:38:17,admin,DELETE_USER,SalesDashboard,SUCCESS,1169
2026-04-06 10:24:37,davis,ADMIN_CONFIG,SalesDashboard,SUCCESS,3608
2026-04-06 12:54:29,jdoe,LOGIN,InventoryReport,SUCCESS,3735
2026-04-06 11:27:37,clane,LOGOUT,AuditLogs,SUCCESS,2550
2026-04-06 08:29:44,jdoe,ADMIN_CONFIG,SalesDashboard,SUCCESS,2599
2026-04-06 16:46:32,bwhite,ADMIN_CONFIG,SalesDashboard,SUCCESS,2252
2026-04-06 15:11:36,asmith,LOGOUT,InventoryReport,SUCCESS,1643
2026-04-06 13:28:52,jdoe,EXPORT_REPORT,SystemSettings,SUCCESS,1569
2026-04-06 08:31:06,asmith,EXPORT_REPORT,AuditLogs,SUCCESS,3926
2026-04-06 19:24:28,admin,LOGIN,AuditLogs,SUCCESS,815
2026-04-06 16:06:20,asmith,EXPORT_REPORT,InventoryReport,SUCCESS,3323
2026-04-06 12:37:41,asmith,DELETE_USER,SalesDashboard,SUCCESS,3764
2026-04-06 13:06:43,asmith,CREATE_USER,SystemSettings,SUCCESS,4486
2026-04-06 04:52:31,davis,EXPORT_REPORT,SalesDashboard,SUCCESS,567
2026-04-06 23:29:44,davis,VIEW_REPORT,InventoryReport,SUCCESS,4036
2026-04-06 09:09:36,bwhite,LOGIN,SalesDashboard,SUCCESS,4275
2026-04-06 13:49:18,jdoe,DELETE_USER,InventoryReport,SUCCESS,3845
2026-04-06 13:22:06,davis,DELETE_USER,UserManagement,FAILURE,2680
2026-04-06 14:41:04,asmith,VIEW_REPORT,SystemSettings,SUCCESS,1791
2026-04-06 18:32:24,asmith,ADMIN_CONFIG,SystemSettings,SUCCESS,4833
2026-04-06 10:31:08,bwhite,EXPORT_REPORT,InventoryReport,SUCCESS,4439
2026-04-06 15:27:39,davis,DELETE_USER,InventoryReport,SUCCESS,4260
2026-04-06 21:08:23,davis,ADMIN_CONFIG,AuditLogs,SUCCESS,2985
2026-04-06 17:41:22,clane,ADMIN_CONFIG,UserManagement,SUCCESS,2991
2026-04-06 08:20:32,clane,LOGOUT,SalesDashboard,SUCCESS,4307
2026-04-06 10:01:15,jdoe,LOGIN,AuditLogs,SUCCESS,3054
2026-04-06 09:14:18,admin,LOGOUT,UserManagement,SUCCESS,2960
2026-04-06 10:37:15,jdoe,LOGIN,InventoryReport,SUCCESS,1362
2026-04-06 12:56:49,davis,EXPORT_REPORT,AuditLogs,SUCCESS,3454
2026-04-06 10:33:36,clane,ADMIN_CONFIG,SalesDashboard,SUCCESS,3304
2026-04-06 11:18:07,jdoe,DELETE_USER,InventoryReport,SUCCESS,2673
2026-04-06 16:58:17,asmith,DELETE_USER,InventoryReport,SUCCESS,911
2026-04-06 08:49:58,admin,DELETE_USER,InventoryReport,SUCCESS,3115
2026-04-06 16:24:16,bwhite,CREATE_USER,SalesDashboard,SUCCESS,4767
2026-04-06 09:22:15,asmith,CREATE_USER,SalesDashboard,SUCCESS,768
2026-04-06 16:06:03,admin,ADMIN_CONFIG,InventoryReport,SUCCESS,3187
2026-04-06 08:55:20,asmith,CREATE_USER,SystemSettings,SUCCESS,640
2026-04-06 08:11:58,bwhite,CREATE_USER,SalesDashboard,SUCCESS,1171
2026-04-06 12:58:09,bwhite,LOGIN,AuditLogs,SUCCESS,1153
2026-04-06 23:00:44,clane,ADMIN_CONFIG,UserManagement,SUCCESS,299
2026-04-06 21:46:00,davis,ADMIN_CONFIG,InventoryReport,SUCCESS,4204
2026-04-06 14:38:54,bwhite,EXPORT_REPORT,SystemSettings,SUCCESS,2828
2026-04-06 11:27:18,jdoe,ADMIN_CONFIG,UserManagement,SUCCESS,2634
2026-04-06 16:45:11,bwhite,ADMIN_CONFIG,SalesDashboard,SUCCESS,3353
2026-04-06 11:06:31,bwhite,LOGOUT,AuditLogs,SUCCESS,558
2026-04-06 01:16:48,asmith,LOGOUT,SalesDashboard,SUCCESS,3742
2026-04-06 10:54:28,clane,CREATE_USER,InventoryReport,SUCCESS,2834
2026-04-06 09:30:30,admin,VIEW_REPORT,InventoryReport,SUCCESS,448
2026-04-06 16:51:19,davis,DELETE_USER,AuditLogs,SUCCESS,4092
2026-04-06 11:45:31,davis,DELETE_USER,UserManagement,SUCCESS,3592
2026-04-06 15:48:21,jdoe,EXPORT_REPORT,SystemSettings,SUCCESS,2203
2026-04-06 16:20:47,admin,LOGOUT,AuditLogs,SUCCESS,4227
2026-04-06 10:12:58,bwhite,DELETE_USER,UserManagement,SUCCESS,2647
2026-04-06 10:32:55,admin,ADMIN_CONFIG,SalesDashboard,SUCCESS,573
2026-04-06 09:13:29,bwhite,EXPORT_REPORT,UserManagement,SUCCESS,405
2026-04-06 11:21:12,bwhite,LOGIN,InventoryReport,SUCCESS,2114
2026-04-06 06:30:28,bwhite,LOGIN,AuditLogs,SUCCESS,4842
2026-04-06 03:19:25,asmith,LOGOUT,UserManagement,SUCCESS,1026
2026-04-06 13:20:43,admin,VIEW_REPORT,InventoryReport,SUCCESS,4212
2026-04-06 11:23:56,admin,LOGIN,InventoryReport,SUCCESS,3099
2026-04-06 14:13:18,jdoe,CREATE_USER,UserManagement,SUCCESS,440
2026-04-06 22:01:42,admin,ADMIN_CONFIG,AuditLogs,SUCCESS,1309
2026-04-06 15:18:14,clane,ADMIN_CONFIG,AuditLogs,SUCCESS,12
2026-04-06 08:34:40,asmith,LOGOUT,SalesDashboard,SUCCESS,2649
2026-04-06 16:56:30,admin,ADMIN_CONFIG,SalesDashboard,SUCCESS,169
2026-04-06 15:15:22,asmith,EXPORT_REPORT,UserManagement,SUCCESS,2865
2026-04-06 15:20:16,jdoe,ADMIN_CONFIG,AuditLogs,SUCCESS,1151
2026-04-06 15:11:04,bwhite,LOGIN,AuditLogs,SUCCESS,2951
2026-04-06 08:03:30,bwhite,EXPORT_REPORT,SalesDashboard,SUCCESS,11
2026-04-06 16:59:26,clane,LOGIN,SystemSettings,SUCCESS,4733
2026-04-06 14:06:30,asmith,LOGOUT,InventoryReport,SUCCESS,1007
2026-04-06 10:32:56,clane,CREATE_USER,SalesDashboard,SUCCESS,2512
2026-04-06 08:56:48,clane,ADMIN_CONFIG,SalesDashboard,SUCCESS,3208
2026-04-06 10:24:29,clane,ADMIN_CONFIG,SalesDashboard,SUCCESS,4607
2026-04-06 17:55:35,jdoe,VIEW_REPORT,UserManagement,SUCCESS,2979
2026-04-06 14:23:38,jdoe,VIEW_REPORT,SalesDashboard,SUCCESS,2411
2026-04-06 11:09:49,bwhite,CREATE_USER,InventoryReport,SUCCESS,895
2026-04-06 11:36:34,jdoe,ADMIN_CONFIG,InventoryReport,SUCCESS,2067
2026-04-06 00:52:34,admin,LOGIN,InventoryReport,SUCCESS,3555
2026-04-06 12:33:17,bwhite,EXPORT_REPORT,UserManagement,SUCCESS,3714
2026-04-06 08:42:44,davis,VIEW_REPORT,AuditLogs,SUCCESS,180
2026-04-06 08:46:29,jdoe,LOGOUT,AuditLogs,SUCCESS,2441
2026-04-06 16:41:27,bwhite,LOGOUT,AuditLogs,SUCCESS,577
2026-04-06 10:11:54,jdoe,ADMIN_CONFIG,SystemSettings,SUCCESS,2731
2026-04-06 16:33:53,bwhite,CREATE_USER,InventoryReport,SUCCESS,3268
2026-04-06 11:54:38,davis,LOGOUT,UserManagement,SUCCESS,3591
2026-04-06 11:39:01,clane,VIEW_REPORT,InventoryReport,SUCCESS,1218
2026-04-06 16:55:25,davis,LOGOUT,AuditLogs,SUCCESS,1473
2026-04-07 15:59:41,clane,EXPORT_REPORT,SystemSettings,SUCCESS,1597
2026-04-07 09:39:15,asmith,DELETE_USER,InventoryReport,SUCCESS,1511
2026-04-07 13:26:27,asmith,ADMIN_CONFIG,InventoryReport,SUCCESS,1402
2026-04-07 11:41:11,admin,CREATE_USER,SystemSettings,SUCCESS,3054
2026-04-07 14:35:46,asmith,VIEW_REPORT,InventoryReport,SUCCESS,2547
2026-04-07 15:18:06,clane,EXPORT_REPORT,SystemSettings,SUCCESS,869
2026-04-07 08:34:52,asmith,ADMIN_CONFIG,AuditLogs,SUCCESS,1203
2026-04-07 16:20:36,admin,CREATE_USER,SalesDashboard,SUCCESS,3002
2026-04-07 23:39:39,davis,VIEW_REPORT,UserManagement,SUCCESS,2908
2026-04-07 13:41:58,bwhite,CREATE_USER,SystemSettings,SUCCESS,1683
2026-04-07 09:54:28,clane,EXPORT_REPORT,UserManagement,SUCCESS,4215
2026-04-07 08:33:03,asmith,ADMIN_CONFIG,SalesDashboard,SUCCESS,4507
2026-04-07 08:40:25,admin,LOGOUT,InventoryReport,SUCCESS,2154
2026-04-07 12:15:00,admin,LOGOUT,InventoryReport,SUCCESS,4820
2026-04-07 21:35:30,bwhite,ADMIN_CONFIG,AuditLogs,SUCCESS,1558
2026-04-07 14:06:33,admin,VIEW_REPORT,UserManagement,SUCCESS,2408
2026-04-07 14:02:50,clane,LOGIN,UserManagement,SUCCESS,4869
2026-04-07 08:38:11,asmith,VIEW_REPORT,SalesDashboard,SUCCESS,4944
2026-04-07 11:29:16,admin,VIEW_REPORT,InventoryReport,FAILURE,528
2026-04-07 13:54:09,clane,EXPORT_REPORT,UserManagement,SUCCESS,483
2026-04-07 10:41:55,jdoe,LOGIN,SystemSettings,SUCCESS,4441
2026-04-07 11:24:58,davis,DELETE_USER,AuditLogs,SUCCESS,3104
2026-04-07 23:18:04,bwhite,DELETE_USER,SalesDashboard,SUCCESS,2149
2026-04-07 11:24:54,bwhite,DELETE_USER,AuditLogs,SUCCESS,3910
2026-04-07 09:19:44,jdoe,CREATE_USER,SystemSettings,SUCCESS,3098
2026-04-07 15:36:04,asmith,LOGIN,UserManagement,SUCCESS,4280
2026-04-07 09:22:11,davis,EXPORT_REPORT,InventoryReport,SUCCESS,4716
2026-04-07 15:51:02,asmith,VIEW_REPORT,UserManagement,SUCCESS,463
2026-04-07 15:13:57,davis,EXPORT_REPORT,UserManagement,SUCCESS,1863
2026-04-07 11:58:30,admin,EXPORT_REPORT,AuditLogs,SUCCESS,2004
2026-04-07 10:53:00,clane,LOGOUT,InventoryReport,SUCCESS,4289
2026-04-07 16:38:20,admin,DELETE_USER,SalesDashboard,SUCCESS,111
2026-04-07 15:10:44,bwhite,CREATE_USER,UserManagement,SUCCESS,2297
2026-04-07 11:49:00,jdoe,LOGIN,AuditLogs,SUCCESS,3049
2026-04-07 13:00:30,asmith,CREATE_USER,SalesDashboard,SUCCESS,3510
2026-04-07 12:13:08,asmith,VIEW_REPORT,AuditLogs,SUCCESS,4384
2026-04-07 16:44:56,bwhite,ADMIN_CONFIG,InventoryReport,SUCCESS,525
2026-04-07 13:10:00,jdoe,ADMIN_CONFIG,UserManagement,SUCCESS,163
2026-04-07 14:34:20,admin,LOGIN,SalesDashboard,SUCCESS,1269
2026-04-07 10:02:00,davis,EXPORT_REPORT,InventoryReport,SUCCESS,4903
2026-04-07 16:30:47,davis,DELETE_USER,InventoryReport,SUCCESS,2547
2026-04-07 15:02:21,clane,EXPORT_REPORT,SalesDashboard,SUCCESS,1740
2026-04-07 13:39:46,asmith,VIEW_REPORT,SalesDashboard,SUCCESS,1334
2026-04-07 15:14:49,jdoe,CREATE_USER,InventoryReport,SUCCESS,4278
2026-04-07 16:53:58,jdoe,ADMIN_CONFIG,UserManagement,SUCCESS,2393
2026-04-07 13:28:46,jdoe,ADMIN_CONFIG,UserManagement,SUCCESS,4108
2026-04-07 10:16:37,jdoe,LOGIN,InventoryReport,SUCCESS,3089
2026-04-07 14:22:59,asmith,ADMIN_CONFIG,SystemSettings,SUCCESS,4079
2026-04-07 10:46:20,admin,VIEW_REPORT,AuditLogs,SUCCESS,3727
2026-04-07 12:10:07,asmith,LOGIN,UserManagement,SUCCESS,1675
2026-04-07 12:47:42,clane,ADMIN_CONFIG,UserManagement,SUCCESS,151
2026-04-07 16:40:49,davis,LOGOUT,AuditLogs,SUCCESS,4509
2026-04-07 16:16:32,clane,LOGIN,InventoryReport,SUCCESS,3525
2026-04-07 12:39:03,clane,CREATE_USER,SalesDashboard,SUCCESS,3595
2026-04-07 16:29:40,bwhite,ADMIN_CONFIG,AuditLogs,SUCCESS,2170
2026-04-07 08:10:51,davis,LOGOUT,UserManagement,SUCCESS,2783
2026-04-07 19:55:47,admin,LOGIN,AuditLogs,SUCCESS,599
2026-04-07 16:30:52,bwhite,ADMIN_CONFIG,AuditLogs,SUCCESS,3434
2026-04-07 11:01:14,bwhite,EXPORT_REPORT,InventoryReport,SUCCESS,4755
2026-04-07 15:20:16,bwhite,LOGOUT,UserManagement,SUCCESS,4837
2026-04-07 15:24:01,asmith,LOGOUT,AuditLogs,SUCCESS,2114
2026-04-07 08:00:44,clane,LOGIN,InventoryReport,SUCCESS,4391
2026-04-07 10:07:13,bwhite,VIEW_REPORT,SystemSettings,SUCCESS,3360
2026-04-07 16:02:01,bwhite,LOGOUT,AuditLogs,SUCCESS,3621
2026-04-07 05:07:55,clane,LOGIN,SystemSettings,SUCCESS,1639
2026-04-07 04:35:31,admin,EXPORT_REPORT,AuditLogs,SUCCESS,3006
2026-04-07 11:43:25,admin,LOGIN,SalesDashboard,SUCCESS,3580
2026-04-07 02:25:40,bwhite,LOGIN,SalesDashboard,SUCCESS,2996
2026-04-07 11:10:17,bwhite,EXPORT_REPORT,SystemSettings,SUCCESS,1781
2026-04-07 14:45:31,jdoe,CREATE_USER,AuditLogs,SUCCESS,4242
2026-04-07 11:51:42,clane,EXPORT_REPORT,AuditLogs,SUCCESS,2257
2026-04-07 13:47:28,bwhite,VIEW_REPORT,UserManagement,SUCCESS,1215
2026-04-07 13:56:44,admin,LOGIN,AuditLogs,SUCCESS,1670
2026-04-07 09:54:06,davis,DELETE_USER,SystemSettings,SUCCESS,4048
2026-04-07 08:33:25,clane,ADMIN_CONFIG,SystemSettings,SUCCESS,2440
2026-04-07 13:20:32,admin,CREATE_USER,SalesDashboard,SUCCESS,1325
2026-04-07 15:31:13,jdoe,VIEW_REPORT,UserManagement,SUCCESS,3605
2026-04-07 10:43:21,bwhite,VIEW_REPORT,UserManagement,SUCCESS,1503
2026-04-07 11:28:50,clane,CREATE_USER,UserManagement,SUCCESS,65
2026-04-07 16:51:18,clane,VIEW_REPORT,InventoryReport,SUCCESS,1485
2026-04-07 08:17:05,jdoe,LOGOUT,AuditLogs,SUCCESS,1967
2026-04-07 10:39:13,asmith,VIEW_REPORT,UserManagement,SUCCESS,1744
2026-04-07 13:16:38,bwhite,VIEW_REPORT,UserManagement,SUCCESS,157
2026-04-07 03:39:32,bwhite,CREATE_USER,SystemSettings,SUCCESS,2776
2026-04-07 16:02:16,admin,EXPORT_REPORT,InventoryReport,SUCCESS,4841
2026-04-07 10:38:27,admin,CREATE_USER,UserManagement,SUCCESS,4105
2026-04-07 20:16:32,davis,LOGIN,AuditLogs,SUCCESS,4941
2026-04-07 10:37:58,asmith,ADMIN_CONFIG,InventoryReport,FAILURE,549
2026-04-07 00:40:42,admin,LOGIN,InventoryReport,SUCCESS,4278
2026-04-07 10:03:08,asmith,EXPORT_REPORT,UserManagement,SUCCESS,1142
2026-04-07 12:12:55,jdoe,LOGOUT,SalesDashboard,SUCCESS,2414
2026-04-07 11:16:10,bwhite,VIEW_REPORT,UserManagement,SUCCESS,1009
2026-04-07 14:02:14,asmith,LOGOUT,SalesDashboard,SUCCESS,2325
2026-04-07 14:56:55,bwhite,EXPORT_REPORT,SystemSettings,SUCCESS,168
2026-04-07 16:07:52,bwhite,CREATE_USER,InventoryReport,SUCCESS,2751
2026-04-07 10:34:59,jdoe,ADMIN_CONFIG,SalesDashboard,SUCCESS,1625
2026-04-07 08:07:36,bwhite,CREATE_USER,AuditLogs,SUCCESS,3024
2026-04-07 14:31:50,bwhite,LOGOUT,UserManagement,SUCCESS,2456
2026-04-07 16:50:51,asmith,CREATE_USER,SalesDashboard,SUCCESS,784
2026-04-07 16:28:24,admin,LOGIN,SystemSettings,SUCCESS,1478
2026-04-07 15:07:31,admin,DELETE_USER,SystemSettings,SUCCESS,4005
2026-04-07 10:05:00,admin,LOGIN,SalesDashboard,SUCCESS,499
2026-04-07 10:08:29,asmith,VIEW_REPORT,AuditLogs,SUCCESS,2630
2026-04-07 10:55:19,asmith,VIEW_REPORT,AuditLogs,SUCCESS,1138
2026-04-07 10:35:18,admin,LOGOUT,AuditLogs,SUCCESS,3809
2026-04-07 11:34:32,davis,CREATE_USER,AuditLogs,SUCCESS,68
2026-04-07 11:53:49,jdoe,LOGOUT,UserManagement,SUCCESS,2568
2026-04-07 10:06:38,clane,CREATE_USER,SalesDashboard,SUCCESS,912
2026-04-07 16:56:59,davis,CREATE_USER,SalesDashboard,FAILURE,3835
2026-04-07 15:31:47,asmith,LOGIN,AuditLogs,SUCCESS,1781
2026-04-07 10:01:30,jdoe,CREATE_USER,UserManagement,SUCCESS,559
2026-04-07 11:28:20,jdoe,VIEW_REPORT,SalesDashboard,SUCCESS,2469
2026-04-07 11:53:26,jdoe,LOGOUT,AuditLogs,SUCCESS,4023
2026-04-07 14:33:22,bwhite,EXPORT_REPORT,UserManagement,SUCCESS,856
2026-04-07 15:05:11,bwhite,ADMIN_CONFIG,SystemSettings,SUCCESS,3051
2026-04-07 12:36:07,davis,CREATE_USER,SystemSettings,SUCCESS,109
2026-04-07 16:57:00,admin,DELETE_USER,InventoryReport,SUCCESS,3628
2026-04-07 03:39:07,asmith,LOGIN,SalesDashboard,SUCCESS,3963
2026-04-07 10:01:39,bwhite,LOGOUT,UserManagement,SUCCESS,3907
2026-04-07 09:06:46,davis,DELETE_USER,SystemSettings,SUCCESS,2420
2026-04-07 22:11:32,davis,LOGIN,InventoryReport,SUCCESS,156
2026-04-07 04:29:58,asmith,EXPORT_REPORT,InventoryReport,SUCCESS,2433
2026-04-07 12:25:01,asmith,EXPORT_REPORT,SalesDashboard,SUCCESS,1903
2026-04-07 08:58:47,admin,ADMIN_CONFIG,SystemSettings,SUCCESS,3611
2026-04-07 12:46:31,clane,DELETE_USER,InventoryReport,SUCCESS,4126
2026-04-07 11:15:55,jdoe,LOGIN,InventoryReport,SUCCESS,516
2026-04-07 11:34:31,clane,CREATE_USER,InventoryReport,SUCCESS,3823
2026-04-07 10:11:13,bwhite,VIEW_REPORT,InventoryReport,SUCCESS,629
2026-04-07 13:21:45,bwhite,DELETE_USER,SalesDashboard,SUCCESS,3736
2026-04-07 12:45:06,admin,ADMIN_CONFIG,UserManagement,SUCCESS,2928
2026-04-07 11:08:05,jdoe,DELETE_USER,InventoryReport,SUCCESS,3303
2026-04-07 11:55:30,jdoe,LOGIN,SalesDashboard,SUCCESS,1393
2026-04-07 15:01:40,davis,VIEW_REPORT,InventoryReport,SUCCESS,2408
2026-04-07 12:31:59,davis,VIEW_REPORT,UserManagement,SUCCESS,1241
2026-04-07 08:14:48,bwhite,LOGOUT,InventoryReport,SUCCESS,1990
2026-04-07 16:13:24,clane,LOGIN,AuditLogs,SUCCESS,2477
2026-04-07 19:14:07,asmith,LOGIN,SystemSettings,SUCCESS,2219
2026-04-07 08:02:11,asmith,LOGOUT,InventoryReport,SUCCESS,2787
2026-04-07 11:15:24,admin,LOGIN,UserManagement,SUCCESS,582
2026-04-07 21:21:43,asmith,VIEW_REPORT,AuditLogs,SUCCESS,149
2026-04-07 09:13:21,asmith,DELETE_USER,AuditLogs,SUCCESS,4258
2026-04-07 11:57:11,jdoe,LOGOUT,AuditLogs,SUCCESS,2888
2026-04-07 10:12:47,davis,DELETE_USER,SystemSettings,SUCCESS,1194
2026-04-07 14:20:42,admin,LOGOUT,UserManagement,FAILURE,4203
2026-04-07 12:09:40,clane,LOGOUT,SystemSettings,SUCCESS,1232
2026-04-07 14:08:59,jdoe,LOGIN,AuditLogs,SUCCESS,3836
2026-04-08 08:11:02,asmith,DELETE_USER,UserManagement,SUCCESS,4477
2026-04-08 11:38:27,asmith,LOGOUT,InventoryReport,SUCCESS,900
2026-04-08 14:00:20,jdoe,DELETE_USER,AuditLogs,SUCCESS,2226
2026-04-08 09:57:23,asmith,CREATE_USER,SystemSettings,SUCCESS,3149
2026-04-08 10:09:21,clane,EXPORT_REPORT,AuditLogs,SUCCESS,2538
2026-04-08 10:10:43,clane,EXPORT_REPORT,AuditLogs,SUCCESS,2016
2026-04-08 16:32:37,admin,LOGOUT,InventoryReport,SUCCESS,2488
2026-04-08 16:47:29,asmith,VIEW_REPORT,AuditLogs,SUCCESS,1489
2026-04-08 12:39:33,jdoe,LOGIN,SystemSettings,SUCCESS,721
2026-04-08 16:13:23,clane,ADMIN_CONFIG,UserManagement,SUCCESS,3701
2026-04-08 12:16:29,bwhite,VIEW_REPORT,InventoryReport,SUCCESS,139
2026-04-08 10:15:17,jdoe,VIEW_REPORT,InventoryReport,SUCCESS,2962
2026-04-08 09:09:17,asmith,LOGIN,AuditLogs,SUCCESS,160
2026-04-08 13:12:02,admin,ADMIN_CONFIG,SystemSettings,SUCCESS,2147
2026-04-08 14:34:59,davis,CREATE_USER,InventoryReport,SUCCESS,642
2026-04-08 15:46:34,asmith,CREATE_USER,UserManagement,SUCCESS,924
2026-04-08 01:40:52,asmith,VIEW_REPORT,AuditLogs,SUCCESS,2094
2026-04-08 15:21:01,davis,DELETE_USER,AuditLogs,SUCCESS,2515
2026-04-08 09:54:38,bwhite,VIEW_REPORT,UserManagement,SUCCESS,1767
2026-04-08 02:45:25,bwhite,EXPORT_REPORT,SystemSettings,SUCCESS,1296
2026-04-08 15:20:41,davis,VIEW_REPORT,InventoryReport,SUCCESS,3038
2026-04-08 10:41:52,admin,DELETE_USER,UserManagement,SUCCESS,3129
2026-04-08 14:10:00,asmith,EXPORT_REPORT,SystemSettings,SUCCESS,2140
2026-04-08 12:55:19,bwhite,VIEW_REPORT,InventoryReport,SUCCESS,464
2026-04-08 11:07:34,clane,LOGIN,SystemSettings,SUCCESS,4205
2026-04-08 15:03:47,jdoe,DELETE_USER,UserManagement,SUCCESS,3609
2026-04-08 14:56:53,clane,EXPORT_REPORT,AuditLogs,SUCCESS,3351
2026-04-08 12:03:22,clane,LOGIN,SystemSettings,SUCCESS,1759
2026-04-08 16:48:25,bwhite,VIEW_REPORT,AuditLogs,SUCCESS,4901
2026-04-08 09:54:46,admin,EXPORT_REPORT,SystemSettings,SUCCESS,2296
2026-04-08 09:00:57,clane,LOGOUT,SalesDashboard,SUCCESS,1362
2026-04-08 16:46:34,clane,VIEW_REPORT,AuditLogs,SUCCESS,3810
2026-04-08 15:24:42,admin,LOGIN,AuditLogs,SUCCESS,3707
2026-04-08 09:04:06,clane,DELETE_USER,SystemSettings,SUCCESS,90
2026-04-08 13:10:27,admin,CREATE_USER,UserManagement,SUCCESS,2716
2026-04-08 14:46:58,admin,LOGIN,SalesDashboard,SUCCESS,2135
2026-04-08 08:26:17,asmith,DELETE_USER,InventoryReport,SUCCESS,4685
2026-04-08 14:10:27,asmith,CREATE_USER,SystemSettings,SUCCESS,3151
2026-04-08 16:28:16,admin,LOGIN,InventoryReport,SUCCESS,1342
2026-04-08 15:31:15,admin,EXPORT_REPORT,SystemSettings,SUCCESS,2138
2026-04-08 09:17:50,davis,VIEW_REPORT,SalesDashboard,SUCCESS,2952
2026-04-08 09:35:55,davis,LOGIN,SystemSettings,SUCCESS,3829
2026-04-08 13:53:02,davis,EXPORT_REPORT,SalesDashboard,SUCCESS,4138
2026-04-08 13:06:03,bwhite,LOGIN,InventoryReport,SUCCESS,3816
2026-04-08 11:02:32,bwhite,VIEW_REPORT,InventoryReport,SUCCESS,486
2026-04-08 09:28:07,bwhite,LOGOUT,UserManagement,SUCCESS,2620
2026-04-08 08:09:27,jdoe,DELETE_USER,SalesDashboard,SUCCESS,1373
2026-04-08 13:41:30,davis,CREATE_USER,SystemSettings,SUCCESS,1049
2026-04-08 12:24:19,clane,LOGIN,AuditLogs,SUCCESS,1688
2026-04-08 12:21:09,jdoe,VIEW_REPORT,UserManagement,SUCCESS,4431
2026-04-08 14:02:56,clane,CREATE_USER,InventoryReport,SUCCESS,2845
2026-04-08 08:30:28,bwhite,LOGOUT,SystemSettings,SUCCESS,162
2026-04-08 09:29:11,clane,CREATE_USER,SystemSettings,SUCCESS,3070
2026-04-08 13:50:23,bwhite,EXPORT_REPORT,AuditLogs,SUCCESS,2226
2026-04-08 15:40:13,jdoe,ADMIN_CONFIG,SystemSettings,SUCCESS,3886
2026-04-08 16:16:53,jdoe,DELETE_USER,InventoryReport,SUCCESS,4834
2026-04-08 09:21:15,jdoe,CREATE_USER,SalesDashboard,SUCCESS,4761
2026-04-08 16:02:07,clane,LOGOUT,SalesDashboard,SUCCESS,822
2026-04-08 11:39:17,davis,DELETE_USER,SystemSettings,SUCCESS,4986
2026-04-08 20:04:14,jdoe,LOGOUT,UserManagement,SUCCESS,2412
2026-04-08 11:38:30,asmith,LOGIN,SalesDashboard,SUCCESS,3003
2026-04-08 13:53:44,asmith,DELETE_USER,SalesDashboard,SUCCESS,3022
2026-04-08 16:17:16,bwhite,LOGOUT,AuditLogs,SUCCESS,3411
2026-04-08 09:06:53,clane,EXPORT_REPORT,SalesDashboard,SUCCESS,1536
2026-04-08 20:34:00,jdoe,CREATE_USER,InventoryReport,SUCCESS,3664
2026-04-08 09:37:16,jdoe,VIEW_REPORT,InventoryReport,SUCCESS,3930
2026-04-08 13:37:47,bwhite,LOGIN,UserManagement,SUCCESS,3139
2026-04-08 13:39:27,davis,EXPORT_REPORT,AuditLogs,SUCCESS,3215
2026-04-08 14:17:08,asmith,EXPORT_REPORT,SalesDashboard,SUCCESS,4910
2026-04-08 13:17:27,bwhite,VIEW_REPORT,UserManagement,SUCCESS,3813
2026-04-08 10:00:23,clane,LOGIN,UserManagement,SUCCESS,3482
2026-04-08 09:49:56,asmith,DELETE_USER,SystemSettings,SUCCESS,1029
2026-04-08 12:21:32,admin,ADMIN_CONFIG,InventoryReport,SUCCESS,3593
2026-04-08 12:16:12,davis,EXPORT_REPORT,InventoryReport,SUCCESS,3805
2026-04-08 13:48:22,jdoe,LOGOUT,UserManagement,SUCCESS,4550
2026-04-08 16:58:51,jdoe,CREATE_USER,SalesDashboard,SUCCESS,784
2026-04-08 05:10:56,admin,DELETE_USER,AuditLogs,SUCCESS,4574
2026-04-08 10:54:32,bwhite,LOGOUT,InventoryReport,SUCCESS,795
2026-04-08 08:51:47,admin,CREATE_USER,SystemSettings,SUCCESS,3654
2026-04-08 09:02:17,davis,CREATE_USER,SalesDashboard,SUCCESS,4604
2026-04-08 09:49:22,bwhite,ADMIN_CONFIG,InventoryReport,SUCCESS,2551
2026-04-08 10:40:32,admin,VIEW_REPORT,SystemSettings,SUCCESS,3523
2026-04-08 16:21:55,admin,DELETE_USER,AuditLogs,SUCCESS,968
2026-04-08 16:49:33,davis,EXPORT_REPORT,AuditLogs,SUCCESS,1755
2026-04-08 09:01:15,asmith,CREATE_USER,UserManagement,SUCCESS,336
2026-04-08 14:14:06,davis,ADMIN_CONFIG,AuditLogs,SUCCESS,1710
2026-04-08 16:29:55,admin,EXPORT_REPORT,SystemSettings,SUCCESS,3467
2026-04-08 12:50:06,clane,ADMIN_CONFIG,AuditLogs,SUCCESS,1871
2026-04-08 15:38:04,davis,CREATE_USER,InventoryReport,SUCCESS,2675
2026-04-08 14:01:21,admin,EXPORT_REPORT,UserManagement,SUCCESS,3976
2026-04-08 08:17:00,admin,CREATE_USER,InventoryReport,SUCCESS,4361
2026-04-08 09:21:34,admin,LOGOUT,AuditLogs,SUCCESS,3587
2026-04-08 12:12:43,jdoe,DELETE_USER,UserManagement,SUCCESS,2767
2026-04-08 10:56:42,clane,EXPORT_REPORT,SalesDashboard,SUCCESS,1111
2026-04-08 14:32:59,asmith,ADMIN_CONFIG,UserManagement,SUCCESS,3426
2026-04-08 09:39:14,davis,EXPORT_REPORT,UserManagement,FAILURE,4410
2026-04-08 12:06:13,asmith,CREATE_USER,InventoryReport,SUCCESS,3509
2026-04-08 09:39:15,jdoe,ADMIN_CONFIG,SystemSettings,SUCCESS,2706
2026-04-08 08:52:31,jdoe,LOGIN,SystemSettings,SUCCESS,1740
2026-04-08 10:09:26,asmith,LOGOUT,AuditLogs,SUCCESS,4430
2026-04-08 10:26:53,asmith,VIEW_REPORT,UserManagement,SUCCESS,1733
2026-04-08 16:31:19,asmith,ADMIN_CONFIG,InventoryReport,SUCCESS,2315
2026-04-08 05:57:34,bwhite,DELETE_USER,UserManagement,SUCCESS,4049
2026-04-08 13:59:24,clane,ADMIN_CONFIG,InventoryReport,SUCCESS,2263
2026-04-08 13:31:13,bwhite,LOGIN,InventoryReport,SUCCESS,1344
2026-04-08 15:17:31,jdoe,EXPORT_REPORT,AuditLogs,SUCCESS,523
2026-04-08 08:18:23,davis,CREATE_USER,UserManagement,SUCCESS,2836
2026-04-08 14:45:26,davis,ADMIN_CONFIG,AuditLogs,SUCCESS,260
2026-04-08 12:10:41,asmith,LOGIN,UserManagement,SUCCESS,289
2026-04-08 16:45:15,jdoe,LOGIN,SalesDashboard,SUCCESS,1817
2026-04-08 12:15:58,asmith,EXPORT_REPORT,InventoryReport,FAILURE,819
2026-04-09 10:54:22,jdoe,VIEW_REPORT,InventoryReport,SUCCESS,1336
2026-04-09 12:20:13,asmith,VIEW_REPORT,UserManagement,SUCCESS,371
2026-04-09 16:37:40,bwhite,LOGIN,SalesDashboard,SUCCESS,4218
2026-04-09 11:15:16,bwhite,CREATE_USER,SalesDashboard,SUCCESS,3455
2026-04-09 09:17:04,asmith,LOGOUT,SalesDashboard,SUCCESS,4005
2026-04-09 08:26:31,clane,LOGOUT,SystemSettings,SUCCESS,3759
2026-04-09 09:10:25,davis,CREATE_USER,AuditLogs,SUCCESS,4938
2026-04-09 10:37:44,clane,DELETE_USER,InventoryReport,SUCCESS,2312
2026-04-09 09:46:12,admin,LOGOUT,UserManagement,FAILURE,4554
2026-04-09 10:31:42,clane,EXPORT_REPORT,SystemSettings,SUCCESS,4049
2026-04-09 18:40:19,davis,EXPORT_REPORT,UserManagement,SUCCESS,1835
2026-04-09 08:37:55,bwhite,LOGIN,SystemSettings,SUCCESS,375
2026-04-09 13:07:28,jdoe,CREATE_USER,UserManagement,SUCCESS,509
2026-04-09 10:57:48,asmith,CREATE_USER,AuditLogs,SUCCESS,4355
2026-04-09 11:18:16,jdoe,DELETE_USER,UserManagement,SUCCESS,4409
2026-04-09 10:07:05,jdoe,VIEW_REPORT,SalesDashboard,SUCCESS,2028
2026-04-09 09:08:59,admin,DELETE_USER,UserManagement,SUCCESS,1913
2026-04-09 10:39:00,bwhite,VIEW_REPORT,UserManagement,SUCCESS,2187
2026-04-09 03:49:21,bwhite,VIEW_REPORT,InventoryReport,SUCCESS,1125
2026-04-09 13:03:10,jdoe,ADMIN_CONFIG,UserManagement,SUCCESS,3173
2026-04-09 09:24:19,davis,EXPORT_REPORT,AuditLogs,SUCCESS,3808
2026-04-09 09:28:19,admin,EXPORT_REPORT,SalesDashboard,SUCCESS,272
2026-04-09 16:03:00,bwhite,VIEW_REPORT,UserManagement,SUCCESS,4111
2026-04-09 09:40:39,davis,LOGIN,AuditLogs,SUCCESS,4046
2026-04-09 07:37:08,clane,ADMIN_CONFIG,SalesDashboard,SUCCESS,4277
2026-04-09 15:01:10,clane,DELETE_USER,SalesDashboard,SUCCESS,1452
2026-04-09 14:08:53,jdoe,ADMIN_CONFIG,AuditLogs,SUCCESS,4121
2026-04-09 11:04:56,clane,CREATE_USER,InventoryReport,SUCCESS,1151
2026-04-09 11:12:15,clane,LOGIN,SystemSettings,SUCCESS,1346
2026-04-09 11:08:40,bwhite,ADMIN_CONFIG,SystemSettings,SUCCESS,1652
2026-04-09 12:45:45,bwhite,ADMIN_CONFIG,AuditLogs,SUCCESS,777
2026-04-09 11:03:09,asmith,DELETE_USER,AuditLogs,SUCCESS,4945
2026-04-09 15:33:10,bwhite,LOGIN,UserManagement,SUCCESS,1472
2026-04-09 16:55:41,davis,CREATE_USER,SystemSettings,FAILURE,3637
2026-04-09 16:41:48,bwhite,VIEW_REPORT,SalesDashboard,FAILURE,2822
2026-04-09 10:04:13,admin,DELETE_USER,InventoryReport,SUCCESS,4287
2026-04-09 12:17:51,bwhite,LOGOUT,SalesDashboard,SUCCESS,427
2026-04-09 12:11:57,jdoe,DELETE_USER,InventoryReport,SUCCESS,2138
2026-04-09 16:41:37,davis,LOGOUT,AuditLogs,SUCCESS,4451
2026-04-09 08:59:10,asmith,VIEW_REPORT,AuditLogs,SUCCESS,3588
2026-04-09 15:12:31,admin,CREATE_USER,SalesDashboard,SUCCESS,732
2026-04-09 02:07:48,clane,LOGIN,AuditLogs,SUCCESS,212
2026-04-09 09:46:07,jdoe,LOGIN,SystemSettings,SUCCESS,1476
2026-04-09 11:57:39,jdoe,CREATE_USER,SalesDashboard,SUCCESS,4496
2026-04-09 10:49:10,jdoe,LOGOUT,UserManagement,SUCCESS,914
2026-04-09 11:00:11,jdoe,CREATE_USER,SalesDashboard,SUCCESS,4493
2026-04-09 08:28:32,clane,ADMIN_CONFIG,UserManagement,SUCCESS,3660
2026-04-09 16:25:43,asmith,EXPORT_REPORT,SystemSettings,SUCCESS,4317
2026-04-09 13:32:43,asmith,ADMIN_CONFIG,SalesDashboard,SUCCESS,1949
2026-04-09 16:20:16,davis,ADMIN_CONFIG,UserManagement,SUCCESS,2354
2026-04-09 10:10:25,jdoe,LOGOUT,InventoryReport,SUCCESS,3329
2026-04-09 14:19:01,admin,DELETE_USER,SalesDashboard,SUCCESS,1771
2026-04-09 13:22:16,bwhite,LOGOUT,InventoryReport,SUCCESS,1177
2026-04-09 09:10:26,jdoe,EXPORT_REPORT,InventoryReport,SUCCESS,2039
2026-04-09 09:42:10,bwhite,VIEW_REPORT,SalesDashboard,SUCCESS,4478
2026-04-09 02:33:20,admin,DELETE_USER,AuditLogs,SUCCESS,4664
2026-04-09 10:49:55,jdoe,CREATE_USER,SystemSettings,SUCCESS,505
2026-04-09 09:14:46,jdoe,LOGOUT,InventoryReport,SUCCESS,3642
2026-04-09 12:50:30,bwhite,EXPORT_REPORT,SystemSettings,SUCCESS,4306
2026-04-09 08:13:42,davis,LOGIN,UserManagement,SUCCESS,658
2026-04-09 11:15:19,davis,DELETE_USER,InventoryReport,SUCCESS,163
2026-04-09 16:04:41,davis,CREATE_USER,AuditLogs,SUCCESS,4972
2026-04-09 12:15:50,davis,DELETE_USER,UserManagement,SUCCESS,3166
2026-04-09 07:13:43,bwhite,ADMIN_CONFIG,InventoryReport,SUCCESS,4789
2026-04-09 14:16:17,jdoe,EXPORT_REPORT,SystemSettings,SUCCESS,3452
2026-04-09 18:23:45,jdoe,CREATE_USER,AuditLogs,SUCCESS,1505
2026-04-09 11:08:35,admin,LOGIN,SystemSettings,SUCCESS,610
2026-04-09 09:11:40,bwhite,LOGOUT,AuditLogs,SUCCESS,3732
2026-04-09 10:25:47,asmith,VIEW_REPORT,SalesDashboard,SUCCESS,1960
2026-04-09 13:18:42,jdoe,ADMIN_CONFIG,UserManagement,SUCCESS,4731
2026-04-09 08:53:48,asmith,LOGIN,SystemSettings,SUCCESS,1774
2026-04-09 13:16:28,clane,DELETE_USER,SalesDashboard,SUCCESS,4344
2026-04-09 00:58:29,admin,EXPORT_REPORT,AuditLogs,SUCCESS,2397
2026-04-09 08:57:26,admin,LOGIN,InventoryReport,SUCCESS,4516
2026-04-09 09:58:53,admin,DELETE_USER,InventoryReport,SUCCESS,1532
2026-04-09 11:05:54,asmith,VIEW_REPORT,UserManagement,SUCCESS,4062
2026-04-09 13:54:42,admin,LOGOUT,SystemSettings,SUCCESS,1974
2026-04-09 11:52:14,clane,CREATE_USER,UserManagement,SUCCESS,4760
2026-04-09 16:55:15,davis,LOGIN,InventoryReport,SUCCESS,4618
2026-04-09 14:10:22,clane,LOGOUT,SystemSettings,SUCCESS,1042
2026-04-09 08:54:09,asmith,LOGIN,InventoryReport,SUCCESS,1078
2026-04-09 16:46:50,admin,CREATE_USER,SalesDashboard,SUCCESS,3441
2026-04-09 08:37:02,bwhite,LOGIN,AuditLogs,SUCCESS,3028
2026-04-09 09:55:44,davis,LOGOUT,UserManagement,SUCCESS,4514
2026-04-09 15:08:49,davis,EXPORT_REPORT,SalesDashboard,SUCCESS,405
2026-04-09 09:13:30,admin,CREATE_USER,SalesDashboard,SUCCESS,3228
2026-04-09 12:11:54,clane,CREATE_USER,InventoryReport,SUCCESS,2993
2026-04-09 15:37:57,admin,EXPORT_REPORT,SystemSettings,SUCCESS,116
2026-04-09 16:55:07,jdoe,VIEW_REPORT,AuditLogs,SUCCESS,4547
2026-04-09 16:19:41,davis,LOGOUT,InventoryReport,SUCCESS,1200
2026-04-09 15:07:45,bwhite,EXPORT_REPORT,UserManagement,SUCCESS,4066
2026-04-09 14:38:32,bwhite,EXPORT_REPORT,SystemSettings,SUCCESS,2786
2026-04-09 09:02:53,asmith,DELETE_USER,SalesDashboard,SUCCESS,4472
2026-04-09 15:31:19,davis,LOGOUT,AuditLogs,SUCCESS,2118
2026-04-09 06:46:42,jdoe,ADMIN_CONFIG,UserManagement,SUCCESS,2305
2026-04-09 10:14:47,jdoe,LOGIN,SystemSettings,SUCCESS,3960
2026-04-09 22:35:17,jdoe,VIEW_REPORT,SystemSettings,SUCCESS,2753
2026-04-09 08:29:37,bwhite,ADMIN_CONFIG,UserManagement,SUCCESS,3599
2026-04-09 15:28:09,bwhite,VIEW_REPORT,SystemSettings,FAILURE,620
2026-04-09 16:35:30,clane,VIEW_REPORT,SalesDashboard,FAILURE,2374
2026-04-09 10:44:01,jdoe,EXPORT_REPORT,UserManagement,SUCCESS,1348
2026-04-09 13:56:01,asmith,DELETE_USER,SalesDashboard,SUCCESS,2209
2026-04-09 16:02:36,davis,CREATE_USER,InventoryReport,SUCCESS,4008
2026-04-09 14:11:48,davis,LOGIN,SalesDashboard,SUCCESS,3374
2026-04-09 08:51:43,bwhite,LOGOUT,SalesDashboard,SUCCESS,68
2026-04-09 21:45:46,admin,LOGIN,AuditLogs,SUCCESS,4929
2026-04-09 10:19:32,jdoe,DELETE_USER,UserManagement,SUCCESS,4655
2026-04-09 15:00:25,jdoe,EXPORT_REPORT,AuditLogs,SUCCESS,707
2026-04-09 08:10:58,jdoe,LOGOUT,SalesDashboard,SUCCESS,3409
2026-04-09 10:16:47,jdoe,DELETE_USER,UserManagement,SUCCESS,2976
2026-04-09 15:15:54,clane,DELETE_USER,SalesDashboard,SUCCESS,2299
2026-04-09 13:09:32,davis,VIEW_REPORT,SystemSettings,FAILURE,1983
2026-04-09 09:08:25,bwhite,LOGOUT,InventoryReport,SUCCESS,4023
2026-04-09 12:15:50,bwhite,ADMIN_CONFIG,SalesDashboard,FAILURE,2265
2026-04-09 09:31:44,bwhite,LOGIN,AuditLogs,SUCCESS,3526
2026-04-09 12:30:51,admin,LOGIN,SalesDashboard,SUCCESS,1907
2026-04-10 10:18:46,admin,CREATE_USER,SystemSettings,SUCCESS,944
2026-04-10 16:40:25,davis,CREATE_USER,SystemSettings,SUCCESS,2132
2026-04-10 12:39:55,jdoe,DELETE_USER,AuditLogs,SUCCESS,111
2026-04-10 14:01:26,bwhite,ADMIN_CONFIG,InventoryReport,SUCCESS,3986
2026-04-10 09:06:11,asmith,LOGIN,InventoryReport,SUCCESS,3426
2026-04-10 15:39:24,asmith,VIEW_REPORT,InventoryReport,SUCCESS,900
2026-04-10 13:02:46,bwhite,ADMIN_CONFIG,SalesDashboard,SUCCESS,2136
2026-04-10 10:49:14,davis,CREATE_USER,SystemSettings,SUCCESS,4645
2026-04-10 09:45:12,bwhite,DELETE_USER,SystemSettings,SUCCESS,921
2026-04-10 02:07:50,jdoe,EXPORT_REPORT,AuditLogs,SUCCESS,2505
2026-04-10 12:35:39,clane,CREATE_USER,SystemSettings,SUCCESS,1011
2026-04-10 10:58:59,bwhite,EXPORT_REPORT,UserManagement,SUCCESS,2944
2026-04-10 13:02:01,bwhite,DELETE_USER,SystemSettings,SUCCESS,4524
2026-04-10 12:29:27,admin,LOGOUT,AuditLogs,SUCCESS,2785
2026-04-10 13:26:35,admin,VIEW_REPORT,InventoryReport,SUCCESS,2923
2026-04-10 15:29:43,davis,ADMIN_CONFIG,SalesDashboard,SUCCESS,948
2026-04-10 20:01:48,asmith,LOGOUT,SystemSettings,SUCCESS,674
2026-04-10 14:50:54,bwhite,VIEW_REPORT,InventoryReport,SUCCESS,4899
2026-04-10 10:23:07,asmith,EXPORT_REPORT,SystemSettings,FAILURE,1322
2026-04-10 15:19:06,bwhite,EXPORT_REPORT,SystemSettings,SUCCESS,1277
2026-04-10 14:29:15,davis,LOGOUT,SystemSettings,SUCCESS,4784
2026-04-10 15:26:16,jdoe,CREATE_USER,SystemSettings,SUCCESS,1420
2026-04-10 12:49:26,davis,VIEW_REPORT,InventoryReport,SUCCESS,3312
2026-04-10 08:37:23,asmith,LOGIN,AuditLogs,SUCCESS,3771
2026-04-10 12:04:54,admin,EXPORT_REPORT,SalesDashboard,SUCCESS,3727
2026-04-10 10:48:32,clane,CREATE_USER,InventoryReport,SUCCESS,2453
2026-04-10 09:36:37,asmith,LOGOUT,SalesDashboard,SUCCESS,180
2026-04-10 15:51:32,asmith,LOGIN,InventoryReport,FAILURE,3095
2026-04-10 16:03:20,davis,ADMIN_CONFIG,InventoryReport,SUCCESS,2641
2026-04-10 15:59:41,admin,LOGOUT,InventoryReport,SUCCESS,183
2026-04-10 14:11:29,admin,LOGIN,InventoryReport,SUCCESS,4697
2026-04-10 08:45:47,clane,DELETE_USER,SystemSettings,SUCCESS,1539
2026-04-10 08:39:12,clane,ADMIN_CONFIG,InventoryReport,SUCCESS,4960
2026-04-10 02:14:07,admin,LOGIN,UserManagement,SUCCESS,25
2026-04-10 21:12:30,jdoe,DELETE_USER,SalesDashboard,SUCCESS,2550
2026-04-10 10:26:53,admin,CREATE_USER,UserManagement,SUCCESS,503
2026-04-10 11:05:54,davis,LOGOUT,SalesDashboard,SUCCESS,2939
2026-04-10 10:24:00,asmith,EXPORT_REPORT,SalesDashboard,SUCCESS,2174
2026-04-10 09:25:43,jdoe,LOGIN,UserManagement,SUCCESS,4004
2026-04-10 08:01:05,admin,DELETE_USER,AuditLogs,SUCCESS,3001
2026-04-10 18:50:41,admin,ADMIN_CONFIG,UserManagement,SUCCESS,3034
2026-04-10 11:01:48,jdoe,CREATE_USER,SalesDashboard,SUCCESS,3627
2026-04-10 16:15:41,asmith,EXPORT_REPORT,UserManagement,SUCCESS,1420
2026-04-10 15:26:56,clane,LOGIN,InventoryReport,SUCCESS,2836
2026-04-10 10:53:58,davis,VIEW_REPORT,UserManagement,SUCCESS,4416
2026-04-10 13:09:33,admin,CREATE_USER,SystemSettings,SUCCESS,2122
2026-04-10 16:59:05,davis,LOGIN,SalesDashboard,SUCCESS,4870
2026-04-10 10:16:04,admin,CREATE_USER,UserManagement,SUCCESS,2376
2026-04-10 09:38:39,jdoe,DELETE_USER,InventoryReport,SUCCESS,4842
2026-04-10 11:26:34,bwhite,LOGIN,InventoryReport,SUCCESS,1891
2026-04-10 14:28:52,davis,VIEW_REPORT,InventoryReport,SUCCESS,3252
2026-04-10 01:46:25,clane,EXPORT_REPORT,SystemSettings,SUCCESS,4004
2026-04-10 15:43:57,jdoe,DELETE_USER,UserManagement,SUCCESS,759
2026-04-10 11:09:17,davis,VIEW_REPORT,AuditLogs,SUCCESS,2632
2026-04-10 09:45:03,clane,LOGIN,AuditLogs,SUCCESS,3903
2026-04-10 15:02:00,jdoe,LOGIN,SystemSettings,SUCCESS,2732
2026-04-10 11:31:27,admin,VIEW_REPORT,SalesDashboard,SUCCESS,3664
2026-04-10 13:03:30,jdoe,LOGIN,SystemSettings,SUCCESS,320
2026-04-10 03:34:36,davis,DELETE_USER,AuditLogs,SUCCESS,4901
2026-04-10 08:39:51,davis,CREATE_USER,AuditLogs,SUCCESS,4332
2026-04-11 14:35:58,davis,LOGIN,InventoryReport,SUCCESS,3386
2026-04-11 06:59:53,jdoe,LOGOUT,SystemSettings,SUCCESS,1554
2026-04-11 15:10:36,bwhite,CREATE_USER,AuditLogs,SUCCESS,3694
2026-04-11 18:58:52,asmith,DELETE_USER,InventoryReport,SUCCESS,833
2026-04-11 03:59:51,jdoe,ADMIN_CONFIG,SystemSettings,SUCCESS,4266
2026-04-11 12:10:58,jdoe,LOGOUT,SalesDashboard,SUCCESS,3540
2026-04-12 22:51:44,bwhite,LOGOUT,UserManagement,FAILURE,2988
2026-04-12 17:31:57,davis,ADMIN_CONFIG,SalesDashboard,FAILURE,833
2026-04-12 10:50:24,jdoe,ADMIN_CONFIG,AuditLogs,SUCCESS,1581
2026-04-12 12:57:19,bwhite,ADMIN_CONFIG,UserManagement,SUCCESS,3435
2026-04-12 07:21:06,bwhite,EXPORT_REPORT,SystemSettings,SUCCESS,3742
2026-04-12 13:24:00,asmith,VIEW_REPORT,AuditLogs,SUCCESS,1374
2026-04-12 08:18:10,jdoe,CREATE_USER,AuditLogs,SUCCESS,2358
2026-04-12 23:08:56,asmith,VIEW_REPORT,AuditLogs,SUCCESS,365
2026-04-12 19:32:53,clane,CREATE_USER,InventoryReport,SUCCESS,3852
2026-04-12 12:44:24,admin,EXPORT_REPORT,SystemSettings,SUCCESS,4109
2026-04-12 16:37:39,davis,DELETE_USER,UserManagement,SUCCESS,1102
2026-04-12 00:54:08,jdoe,VIEW_REPORT,UserManagement,SUCCESS,2593
2026-04-12 00:38:00,bwhite,VIEW_REPORT,AuditLogs,SUCCESS,4425
2026-04-13 11:22:17,admin,LOGOUT,SalesDashboard,SUCCESS,644
2026-04-13 11:04:07,bwhite,LOGOUT,SystemSettings,SUCCESS,214
2026-04-13 09:22:16,davis,DELETE_USER,AuditLogs,SUCCESS,2487
2026-04-13 04:57:44,bwhite,DELETE_USER,InventoryReport,SUCCESS,1415
2026-04-13 16:08:29,clane,ADMIN_CONFIG,AuditLogs,SUCCESS,4262
2026-04-13 12:36:45,bwhite,CREATE_USER,SalesDashboard,SUCCESS,4845
2026-04-13 16:09:41,bwhite,LOGIN,InventoryReport,SUCCESS,671
2026-04-13 16:37:27,asmith,DELETE_USER,AuditLogs,SUCCESS,948
2026-04-13 00:24:52,clane,VIEW_REPORT,InventoryReport,SUCCESS,3043
2026-04-13 13:41:13,jdoe,ADMIN_CONFIG,InventoryReport,SUCCESS,3366
2026-04-13 08:34:01,jdoe,LOGIN,InventoryReport,SUCCESS,1396
2026-04-13 13:49:49,davis,EXPORT_REPORT,UserManagement,SUCCESS,4948
2026-04-13 10:20:15,asmith,CREATE_USER,AuditLogs,SUCCESS,4069
2026-04-13 16:51:17,clane,VIEW_REPORT,InventoryReport,SUCCESS,32
2026-04-13 15:00:07,admin,ADMIN_CONFIG,InventoryReport,SUCCESS,2197
2026-04-13 15:18:43,asmith,ADMIN_CONFIG,SystemSettings,SUCCESS,1153
2026-04-13 10:30:26,asmith,EXPORT_REPORT,SystemSettings,SUCCESS,948
2026-04-13 09:45:09,davis,LOGIN,UserManagement,SUCCESS,4271
2026-04-13 15:09:36,davis,VIEW_REPORT,AuditLogs,SUCCESS,1254
2026-04-13 15:20:21,davis,CREATE_USER,SalesDashboard,SUCCESS,2291
2026-04-13 01:08:10,asmith,ADMIN_CONFIG,SalesDashboard,SUCCESS,891
2026-04-13 12:36:50,davis,ADMIN_CONFIG,AuditLogs,SUCCESS,3397
2026-04-13 10:04:52,clane,LOGOUT,SalesDashboard,FAILURE,4960
2026-04-13 13:35:52,admin,ADMIN_CONFIG,UserManagement,SUCCESS,1074
2026-04-13 15:40:00,bwhite,EXPORT_REPORT,AuditLogs,FAILURE,2868
2026-04-13 09:59:46,admin,DELETE_USER,InventoryReport,SUCCESS,3657
2026-04-13 16:35:48,admin,CREATE_USER,SystemSettings,SUCCESS,2843
2026-04-13 16:31:33,bwhite,VIEW_REPORT,AuditLogs,FAILURE,1796
2026-04-13 08:23:50,admin,EXPORT_REPORT,InventoryReport,SUCCESS,1429
2026-04-13 12:58:46,asmith,ADMIN_CONFIG,AuditLogs,SUCCESS,2893
2026-04-13 09:15:42,bwhite,LOGIN,InventoryReport,SUCCESS,2290
2026-04-13 15:36:03,admin,CREATE_USER,InventoryReport,SUCCESS,4672
2026-04-13 02:01:24,bwhite,DELETE_USER,AuditLogs,FAILURE,4327
2026-04-13 22:10:30,bwhite,LOGOUT,InventoryReport,SUCCESS,4428
2026-04-13 12:03:53,clane,VIEW_REPORT,InventoryReport,SUCCESS,4483
2026-04-13 16:22:08,admin,LOGIN,SalesDashboard,SUCCESS,4488
2026-04-13 15:35:59,bwhite,EXPORT_REPORT,UserManagement,FAILURE,4714
2026-04-13 12:46:04,davis,EXPORT_REPORT,SalesDashboard,SUCCESS,4664
2026-04-13 08:42:11,clane,CREATE_USER,UserManagement,SUCCESS,2030
2026-04-13 16:33:29,davis,CREATE_USER,SalesDashboard,SUCCESS,4711
2026-04-13 13:01:01,bwhite,CREATE_USER,SalesDashboard,SUCCESS,1999
2026-04-13 13:12:47,bwhite,EXPORT_REPORT,UserManagement,SUCCESS,1877
2026-04-13 09:45:14,clane,LOGIN,SalesDashboard,SUCCESS,3904
2026-04-13 10:07:31,admin,CREATE_USER,AuditLogs,SUCCESS,3048
2026-04-13 16:50:41,admin,ADMIN_CONFIG,SalesDashboard,SUCCESS,844
2026-04-13 12:41:31,davis,LOGOUT,AuditLogs,SUCCESS,4014
2026-04-13 10:20:43,davis,LOGOUT,SystemSettings,SUCCESS,2836
2026-04-13 10:08:18,bwhite,CREATE_USER,InventoryReport,SUCCESS,2208
2026-04-13 08:29:31,clane,CREATE_USER,AuditLogs,SUCCESS,1852
2026-04-13 15:02:55,asmith,ADMIN_CONFIG,SystemSettings,SUCCESS,2972
2026-04-13 04:42:56,davis,VIEW_REPORT,InventoryReport,SUCCESS,4908
2026-04-13 02:44:10,clane,ADMIN_CONFIG,UserManagement,SUCCESS,4072
2026-04-13 09:31:36,bwhite,EXPORT_REPORT,UserManagement,SUCCESS,3958
2026-04-13 13:44:51,asmith,EXPORT_REPORT,InventoryReport,SUCCESS,2244
2026-04-13 09:06:43,clane,LOGIN,UserManagement,SUCCESS,1702
2026-04-13 08:32:14,bwhite,LOGOUT,SalesDashboard,SUCCESS,3054
2026-04-13 11:10:33,jdoe,LOGOUT,InventoryReport,SUCCESS,2989
2026-04-13 14:56:06,bwhite,LOGIN,SystemSettings,SUCCESS,318
2026-04-13 12:34:06,bwhite,LOGIN,InventoryReport,SUCCESS,1157
2026-04-13 14:46:50,jdoe,LOGIN,AuditLogs,SUCCESS,4978
2026-04-13 16:29:51,jdoe,ADMIN_CONFIG,AuditLogs,SUCCESS,860
2026-04-13 12:19:01,clane,VIEW_REPORT,SalesDashboard,SUCCESS,958
2026-04-13 08:08:34,clane,CREATE_USER,SystemSettings,SUCCESS,2117
2026-04-13 09:35:20,admin,DELETE_USER,UserManagement,SUCCESS,450
2026-04-13 15:21:46,asmith,ADMIN_CONFIG,SalesDashboard,FAILURE,67
2026-04-13 08:11:27,bwhite,EXPORT_REPORT,SystemSettings,SUCCESS,1624
2026-04-13 13:18:05,jdoe,CREATE_USER,SystemSettings,FAILURE,2263
2026-04-13 14:24:17,bwhite,LOGIN,AuditLogs,SUCCESS,2635
2026-04-13 16:17:25,jdoe,LOGOUT,UserManagement,SUCCESS,4401
2026-04-13 11:41:38,clane,DELETE_USER,SalesDashboard,SUCCESS,11
2026-04-13 12:25:33,jdoe,ADMIN_CONFIG,SystemSettings,SUCCESS,4806
2026-04-13 10:11:18,admin,LOGOUT,InventoryReport,SUCCESS,4387
2026-04-14 12:43:31,admin,EXPORT_REPORT,SalesDashboard,SUCCESS,2353
2026-04-14 17:40:28,clane,DELETE_USER,UserManagement,SUCCESS,4032
2026-04-14 15:14:38,davis,LOGOUT,SystemSettings,SUCCESS,3488
2026-04-14 16:15:31,jdoe,DELETE_USER,SalesDashboard,SUCCESS,2664
2026-04-14 09:11:54,bwhite,VIEW_REPORT,SystemSettings,SUCCESS,3669
2026-04-14 14:04:23,admin,EXPORT_REPORT,InventoryReport,SUCCESS,129
2026-04-14 09:50:01,bwhite,CREATE_USER,SystemSettings,SUCCESS,211
2026-04-14 15:08:29,clane,ADMIN_CONFIG,UserManagement,SUCCESS,4806
2026-04-14 15:04:51,admin,LOGOUT,SalesDashboard,SUCCESS,3305
2026-04-14 15:22:41,admin,VIEW_REPORT,AuditLogs,SUCCESS,624
2026-04-14 14:15:25,clane,LOGOUT,UserManagement,SUCCESS,4804
2026-04-14 19:41:57,clane,EXPORT_REPORT,AuditLogs,SUCCESS,2763
2026-04-14 16:11:49,davis,DELETE_USER,InventoryReport,SUCCESS,293
2026-04-14 11:17:27,asmith,LOGOUT,UserManagement,SUCCESS,1697
2026-04-14 14:58:40,davis,CREATE_USER,SalesDashboard,SUCCESS,3464
2026-04-14 12:58:04,admin,EXPORT_REPORT,AuditLogs,FAILURE,4506
2026-04-14 10:04:16,jdoe,DELETE_USER,InventoryReport,SUCCESS,2442
2026-04-14 08:20:20,jdoe,LOGIN,InventoryReport,SUCCESS,4134
2026-04-14 13:10:07,davis,EXPORT_REPORT,AuditLogs,SUCCESS,4066
2026-04-14 16:05:23,admin,VIEW_REPORT,SalesDashboard,SUCCESS,4719
2026-04-14 08:14:23,jdoe,EXPORT_REPORT,SystemSettings,SUCCESS,526
2026-04-14 09:41:16,jdoe,VIEW_REPORT,SystemSettings,SUCCESS,3780
2026-04-14 23:55:36,bwhite,CREATE_USER,AuditLogs,SUCCESS,1506
2026-04-14 16:00:44,admin,ADMIN_CONFIG,AuditLogs,FAILURE,3026
2026-04-14 19:25:24,admin,LOGIN,AuditLogs,SUCCESS,4068
2026-04-14 15:35:12,jdoe,ADMIN_CONFIG,InventoryReport,SUCCESS,3417
2026-04-14 11:02:14,bwhite,VIEW_REPORT,AuditLogs,SUCCESS,4235
2026-04-14 11:13:01,admin,VIEW_REPORT,AuditLogs,SUCCESS,1646
2026-04-14 15:55:29,jdoe,DELETE_USER,UserManagement,SUCCESS,4705
2026-04-14 16:26:15,asmith,LOGOUT,AuditLogs,SUCCESS,1822
2026-04-14 12:32:10,davis,EXPORT_REPORT,SalesDashboard,SUCCESS,3700
2026-04-14 16:43:32,davis,DELETE_USER,SalesDashboard,SUCCESS,560
2026-04-14 15:01:17,davis,LOGIN,SalesDashboard,SUCCESS,4630
2026-04-14 15:17:23,bwhite,LOGOUT,InventoryReport,SUCCESS,123
2026-04-14 11:49:34,bwhite,CREATE_USER,SystemSettings,SUCCESS,4587
2026-04-14 13:33:52,davis,ADMIN_CONFIG,AuditLogs,SUCCESS,962
2026-04-14 08:22:36,clane,DELETE_USER,SystemSettings,SUCCESS,1245
2026-04-14 08:25:37,asmith,LOGOUT,InventoryReport,SUCCESS,4017
2026-04-14 08:27:50,jdoe,CREATE_USER,UserManagement,SUCCESS,1801
2026-04-14 09:01:21,jdoe,VIEW_REPORT,SystemSettings,SUCCESS,4205
2026-04-14 08:24:55,bwhite,DELETE_USER,InventoryReport,SUCCESS,191
2026-04-14 11:44:35,admin,LOGOUT,InventoryReport,SUCCESS,3835
2026-04-14 16:05:01,bwhite,ADMIN_CONFIG,AuditLogs,FAILURE,2967
2026-04-14 09:12:13,bwhite,DELETE_USER,UserManagement,SUCCESS,2740
2026-04-14 10:58:14,bwhite,CREATE_USER,AuditLogs,SUCCESS,2186
2026-04-14 13:19:11,davis,LOGIN,InventoryReport,SUCCESS,109
2026-04-14 09:46:13,admin,VIEW_REPORT,AuditLogs,SUCCESS,2964
2026-04-14 03:58:36,admin,ADMIN_CONFIG,AuditLogs,SUCCESS,375
2026-04-14 11:50:30,davis,ADMIN_CONFIG,SystemSettings,SUCCESS,1642
2026-04-14 15:33:58,clane,CREATE_USER,AuditLogs,SUCCESS,2969
2026-04-14 13:14:22,clane,VIEW_REPORT,SystemSettings,SUCCESS,4664
2026-04-14 09:27:41,jdoe,LOGOUT,SalesDashboard,SUCCESS,2526
2026-04-14 16:15:48,bwhite,CREATE_USER,SalesDashboard,SUCCESS,2741
2026-04-14 13:33:56,davis,VIEW_REPORT,InventoryReport,SUCCESS,1023
2026-04-14 13:08:12,admin,LOGIN,UserManagement,SUCCESS,1445
2026-04-14 13:47:50,bwhite,LOGIN,SalesDashboard,SUCCESS,3568
2026-04-14 12:46:15,asmith,LOGOUT,UserManagement,SUCCESS,4949
2026-04-14 10:14:23,asmith,DELETE_USER,SalesDashboard,SUCCESS,3813
2026-04-14 15:10:03,clane,LOGOUT,UserManagement,SUCCESS,2640
2026-04-14 15:36:52,admin,ADMIN_CONFIG,AuditLogs,SUCCESS,3646
2026-04-14 13:17:27,admin,CREATE_USER,UserManagement,SUCCESS,804
2026-04-14 14:33:24,bwhite,ADMIN_CONFIG,InventoryReport,SUCCESS,2852
2026-04-14 13:38:23,admin,EXPORT_REPORT,AuditLogs,SUCCESS,4854
2026-04-14 14:38:51,jdoe,EXPORT_REPORT,SalesDashboard,SUCCESS,2474
2026-04-14 14:58:28,davis,EXPORT_REPORT,AuditLogs,SUCCESS,1549
2026-04-14 15:21:47,davis,ADMIN_CONFIG,InventoryReport,SUCCESS,4990
2026-04-14 10:39:26,bwhite,DELETE_USER,SalesDashboard,SUCCESS,2433
2026-04-14 16:53:17,admin,LOGIN,InventoryReport,SUCCESS,1792
2026-04-14 15:08:01,jdoe,DELETE_USER,SystemSettings,SUCCESS,759
2026-04-14 11:04:36,bwhite,VIEW_REPORT,SystemSettings,SUCCESS,4209
2026-04-14 16:23:56,admin,ADMIN_CONFIG,SystemSettings,SUCCESS,2361
2026-04-14 10:51:13,asmith,VIEW_REPORT,InventoryReport,SUCCESS,4787
2026-04-14 11:13:59,asmith,LOGIN,SalesDashboard,SUCCESS,3655
2026-04-14 13:00:09,bwhite,ADMIN_CONFIG,AuditLogs,SUCCESS,1451
2026-04-14 13:39:10,asmith,CREATE_USER,AuditLogs,SUCCESS,2557
2026-04-14 16:29:39,admin,EXPORT_REPORT,UserManagement,SUCCESS,786
2026-04-14 03:11:54,davis,LOGIN,SystemSettings,SUCCESS,4976
2026-04-14 09:57:54,jdoe,VIEW_REPORT,UserManagement,SUCCESS,1020
2026-04-14 00:37:16,davis,ADMIN_CONFIG,UserManagement,SUCCESS,2314
2026-04-14 11:25:05,davis,DELETE_USER,UserManagement,SUCCESS,4010
2026-04-14 13:21:19,admin,CREATE_USER,SalesDashboard,SUCCESS,304
2026-04-14 09:57:40,admin,LOGIN,InventoryReport,SUCCESS,1563
2026-04-14 15:10:59,jdoe,VIEW_REPORT,SystemSettings,SUCCESS,4829
2026-04-14 09:44:35,bwhite,LOGIN,SalesDashboard,SUCCESS,3484
2026-04-14 13:09:35,jdoe,ADMIN_CONFIG,AuditLogs,SUCCESS,2449
2026-04-14 00:44:01,clane,LOGOUT,AuditLogs,SUCCESS,2888
2026-04-14 16:10:00,asmith,ADMIN_CONFIG,UserManagement,SUCCESS,1898
2026-04-14 13:58:29,jdoe,ADMIN_CONFIG,AuditLogs,SUCCESS,320
2026-04-15 00:24:40,jdoe,EXPORT_REPORT,UserManagement,SUCCESS,2153
2026-04-15 15:42:04,asmith,VIEW_REPORT,SystemSettings,SUCCESS,2050
2026-04-15 13:30:46,davis,EXPORT_REPORT,SystemSettings,SUCCESS,1344
2026-04-15 20:25:44,jdoe,ADMIN_CONFIG,SystemSettings,SUCCESS,4979
2026-04-15 09:43:16,admin,VIEW_REPORT,AuditLogs,SUCCESS,1044
2026-04-15 10:53:37,admin,CREATE_USER,InventoryReport,SUCCESS,4053
2026-04-15 10:37:00,admin,LOGIN,SystemSettings,SUCCESS,4889
2026-04-15 10:24:21,admin,ADMIN_CONFIG,AuditLogs,SUCCESS,4205
2026-04-15 08:34:32,asmith,EXPORT_REPORT,AuditLogs,SUCCESS,246
2026-04-15 10:43:19,asmith,DELETE_USER,InventoryReport,SUCCESS,48
2026-04-15 09:51:22,clane,EXPORT_REPORT,SystemSettings,SUCCESS,3289
2026-04-15 11:01:48,bwhite,DELETE_USER,UserManagement,SUCCESS,3342
2026-04-15 09:37:32,jdoe,LOGIN,AuditLogs,SUCCESS,4153
2026-04-15 13:04:39,asmith,ADMIN_CONFIG,InventoryReport,SUCCESS,1562
2026-04-15 17:49:17,asmith,LOGIN,SystemSettings,SUCCESS,2045
2026-04-15 09:05:12,clane,DELETE_USER,SystemSettings,SUCCESS,68
2026-04-15 08:37:27,asmith,LOGOUT,SalesDashboard,SUCCESS,437
2026-04-15 12:32:36,asmith,LOGOUT,SystemSettings,SUCCESS,4214
2026-04-15 10:50:34,asmith,CREATE_USER,UserManagement,SUCCESS,2576
2026-04-15 10:44:24,clane,CREATE_USER,SalesDashboard,SUCCESS,1451
2026-04-15 12:32:43,clane,LOGIN,AuditLogs,SUCCESS,455
2026-04-15 09:58:34,jdoe,CREATE_USER,SalesDashboard,SUCCESS,372
2026-04-15 15:48:56,asmith,LOGOUT,SystemSettings,SUCCESS,4354
2026-04-15 09:04:05,clane,ADMIN_CONFIG,UserManagement,SUCCESS,469
2026-04-15 05:37:58,davis,ADMIN_CONFIG,SystemSettings,SUCCESS,3665
2026-04-15 16:43:00,davis,ADMIN_CONFIG,SalesDashboard,SUCCESS,2868
2026-04-15 15:30:59,davis,EXPORT_REPORT,SalesDashboard,SUCCESS,1089
2026-04-15 16:57:30,asmith,ADMIN_CONFIG,SystemSettings,SUCCESS,2280
2026-04-15 13:55:39,clane,LOGOUT,SalesDashboard,SUCCESS,3224
2026-04-15 10:15:54,asmith,EXPORT_REPORT,UserManagement,SUCCESS,1717
2026-04-15 10:34:54,clane,LOGOUT,SalesDashboard,SUCCESS,1397
2026-04-15 12:38:56,admin,EXPORT_REPORT,InventoryReport,SUCCESS,3110
2026-04-15 07:41:22,asmith,EXPORT_REPORT,UserManagement,FAILURE,3168
2026-04-15 16:15:46,admin,LOGIN,UserManagement,SUCCESS,3964
2026-04-15 22:57:34,jdoe,CREATE_USER,SystemSettings,SUCCESS,1047
2026-04-15 10:25:37,bwhite,LOGOUT,SystemSettings,SUCCESS,1942
2026-04-15 15:58:59,clane,LOGOUT,SalesDashboard,SUCCESS,1197
2026-04-15 08:58:44,davis,VIEW_REPORT,InventoryReport,SUCCESS,4057
2026-04-15 15:16:32,davis,VIEW_REPORT,SystemSettings,SUCCESS,35
2026-04-15 09:51:57,clane,ADMIN_CONFIG,SystemSettings,SUCCESS,1646
2026-04-15 10:14:12,clane,CREATE_USER,SalesDashboard,SUCCESS,255
2026-04-15 16:24:14,asmith,LOGOUT,InventoryReport,SUCCESS,3883
2026-04-15 14:30:51,admin,CREATE_USER,SalesDashboard,SUCCESS,1433
2026-04-15 15:54:41,admin,CREATE_USER,SystemSettings,SUCCESS,1014
2026-04-15 16:53:09,clane,CREATE_USER,SystemSettings,SUCCESS,2473
2026-04-15 08:39:04,admin,LOGOUT,SystemSettings,SUCCESS,1906
2026-04-15 16:22:27,davis,VIEW_REPORT,AuditLogs,SUCCESS,4406
2026-04-15 11:36:06,davis,LOGIN,InventoryReport,SUCCESS,3420
2026-04-15 09:41:08,asmith,ADMIN_CONFIG,AuditLogs,SUCCESS,2348
2026-04-15 08:45:10,asmith,LOGOUT,SystemSettings,SUCCESS,1833
2026-04-15 10:25:43,clane,LOGIN,InventoryReport,SUCCESS,3332
2026-04-15 08:47:32,clane,EXPORT_REPORT,InventoryReport,SUCCESS,1180
2026-04-15 09:25:34,bwhite,CREATE_USER,SalesDashboard,SUCCESS,4051
2026-04-15 15:09:56,davis,LOGOUT,InventoryReport,SUCCESS,1211
2026-04-15 14:11:40,bwhite,EXPORT_REPORT,SalesDashboard,SUCCESS,4417
2026-04-15 16:42:50,asmith,ADMIN_CONFIG,SalesDashboard,SUCCESS,1971
2026-04-15 12:03:03,bwhite,LOGIN,SystemSettings,SUCCESS,2097
2026-04-15 12:22:19,admin,CREATE_USER,UserManagement,SUCCESS,1372
2026-04-15 13:25:39,bwhite,EXPORT_REPORT,AuditLogs,SUCCESS,2315
2026-04-15 13:21:41,jdoe,LOGOUT,AuditLogs,SUCCESS,36
2026-04-15 08:53:21,admin,DELETE_USER,SalesDashboard,SUCCESS,1435
2026-04-15 08:46:03,bwhite,CREATE_USER,SalesDashboard,SUCCESS,504
2026-04-15 10:14:40,asmith,CREATE_USER,SystemSettings,FAILURE,3176
2026-04-15 02:48:54,asmith,LOGIN,SalesDashboard,SUCCESS,3859
2026-04-15 14:03:56,clane,LOGOUT,SalesDashboard,SUCCESS,264
2026-04-15 10:45:29,clane,LOGIN,UserManagement,SUCCESS,4899
2026-04-15 16:16:12,admin,LOGOUT,SalesDashboard,SUCCESS,3598
2026-04-16 12:51:54,jdoe,DELETE_USER,InventoryReport,SUCCESS,4147
2026-04-16 11:02:18,admin,LOGOUT,SalesDashboard,SUCCESS,2838
2026-04-16 11:27:48,asmith,LOGIN,AuditLogs,SUCCESS,1022
2026-04-16 09:28:13,jdoe,LOGOUT,SalesDashboard,SUCCESS,1832
2026-04-16 15:05:30,asmith,DELETE_USER,SystemSettings,SUCCESS,1492
2026-04-16 08:41:42,jdoe,LOGIN,SystemSettings,SUCCESS,3925
2026-04-16 12:29:42,asmith,ADMIN_CONFIG,SalesDashboard,SUCCESS,1396
2026-04-16 15:48:22,clane,DELETE_USER,InventoryReport,SUCCESS,534
2026-04-16 15:19:30,admin,LOGOUT,AuditLogs,SUCCESS,667
2026-04-16 05:39:33,davis,VIEW_REPORT,SalesDashboard,SUCCESS,4200
2026-04-16 16:27:09,clane,VIEW_REPORT,UserManagement,SUCCESS,63
2026-04-16 11:14:20,jdoe,VIEW_REPORT,InventoryReport,SUCCESS,2774
2026-04-16 13:54:03,davis,EXPORT_REPORT,AuditLogs,SUCCESS,393
2026-04-16 16:51:45,asmith,EXPORT_REPORT,SystemSettings,SUCCESS,2157
2026-04-16 12:09:24,bwhite,DELETE_USER,UserManagement,SUCCESS,933
2026-04-16 09:17:43,asmith,LOGIN,AuditLogs,SUCCESS,209
2026-04-16 14:00:26,jdoe,LOGIN,SystemSettings,SUCCESS,3727
2026-04-16 02:14:44,davis,CREATE_USER,InventoryReport,SUCCESS,245
2026-04-16 08:04:10,admin,EXPORT_REPORT,SalesDashboard,SUCCESS,4275
2026-04-16 11:51:56,asmith,ADMIN_CONFIG,AuditLogs,SUCCESS,4695
2026-04-16 08:40:32,admin,DELETE_USER,SystemSettings,SUCCESS,1346
2026-04-16 11:59:07,davis,LOGIN,SalesDashboard,SUCCESS,1134
2026-04-16 15:47:54,davis,ADMIN_CONFIG,UserManagement,SUCCESS,4444
2026-04-16 16:25:59,davis,CREATE_USER,InventoryReport,SUCCESS,4008
2026-04-16 19:10:33,davis,LOGOUT,SalesDashboard,SUCCESS,2452
2026-04-16 08:52:53,jdoe,EXPORT_REPORT,SalesDashboard,SUCCESS,1070
2026-04-16 16:11:46,bwhite,EXPORT_REPORT,InventoryReport,SUCCESS,3840
2026-04-16 14:22:45,admin,DELETE_USER,InventoryReport,SUCCESS,3354
2026-04-16 14:54:22,admin,CREATE_USER,AuditLogs,SUCCESS,2585
2026-04-16 14:06:08,asmith,ADMIN_CONFIG,SystemSettings,SUCCESS,2410
2026-04-16 12:04:15,asmith,VIEW_REPORT,UserManagement,SUCCESS,3832
2026-04-16 16:22:08,clane,DELETE_USER,SystemSettings,SUCCESS,16
2026-04-16 09:18:32,bwhite,VIEW_REPORT,SystemSettings,SUCCESS,2637
2026-04-16 12:38:45,asmith,ADMIN_CONFIG,InventoryReport,SUCCESS,3349
2026-04-16 09:37:19,asmith,LOGOUT,SystemSettings,SUCCESS,4500
2026-04-16 10:35:48,bwhite,ADMIN_CONFIG,AuditLogs,FAILURE,4689
2026-04-16 12:38:20,davis,EXPORT_REPORT,UserManagement,SUCCESS,1933
2026-04-16 13:32:27,bwhite,CREATE_USER,InventoryReport,SUCCESS,2796
2026-04-16 09:45:48,bwhite,CREATE_USER,InventoryReport,SUCCESS,2973
2026-04-16 14:56:37,asmith,CREATE_USER,UserManagement,SUCCESS,1837
2026-04-16 14:01:39,bwhite,LOGOUT,SalesDashboard,SUCCESS,281
2026-04-16 08:32:32,admin,LOGOUT,SystemSettings,SUCCESS,2398
2026-04-16 14:46:50,jdoe,EXPORT_REPORT,SystemSettings,SUCCESS,725
2026-04-16 16:21:55,clane,CREATE_USER,AuditLogs,SUCCESS,3748
2026-04-16 10:41:51,clane,LOGOUT,InventoryReport,SUCCESS,233
2026-04-16 13:33:17,admin,EXPORT_REPORT,SystemSettings,SUCCESS,3005
2026-04-16 16:57:23,admin,VIEW_REPORT,InventoryReport,SUCCESS,137
2026-04-16 14:28:49,bwhite,LOGOUT,InventoryReport,SUCCESS,4935
2026-04-16 09:38:51,asmith,VIEW_REPORT,InventoryReport,SUCCESS,3192
2026-04-16 09:30:55,clane,EXPORT_REPORT,SystemSettings,SUCCESS,1467
2026-04-16 10:34:57,bwhite,EXPORT_REPORT,AuditLogs,SUCCESS,1877
2026-04-16 13:25:40,admin,LOGOUT,SystemSettings,SUCCESS,2448
2026-04-16 10:59:10,asmith,CREATE_USER,AuditLogs,SUCCESS,3086
2026-04-16 14:00:03,jdoe,EXPORT_REPORT,SystemSettings,SUCCESS,1200
2026-04-16 11:42:38,jdoe,CREATE_USER,AuditLogs,SUCCESS,1587
2026-04-16 14:48:19,admin,VIEW_REPORT,UserManagement,SUCCESS,195
2026-04-16 10:54:25,clane,LOGIN,SystemSettings,SUCCESS,776
2026-04-16 15:34:37,jdoe,CREATE_USER,SystemSettings,SUCCESS,4078
2026-04-16 10:22:22,jdoe,CREATE_USER,AuditLogs,SUCCESS,2447
2026-04-16 09:01:14,asmith,LOGOUT,AuditLogs,SUCCESS,1154
2026-04-16 09:31:50,clane,ADMIN_CONFIG,UserManagement,SUCCESS,4444
2026-04-16 08:21:16,asmith,DELETE_USER,UserManagement,SUCCESS,79
2026-04-16 10:10:58,asmith,CREATE_USER,InventoryReport,SUCCESS,4559
2026-04-16 08:18:09,jdoe,VIEW_REPORT,SalesDashboard,SUCCESS,4284
2026-04-16 11:18:03,bwhite,EXPORT_REPORT,SystemSettings,SUCCESS,205
2026-04-16 08:50:58,clane,ADMIN_CONFIG,SalesDashboard,SUCCESS,3044
2026-04-16 12:53:14,jdoe,ADMIN_CONFIG,UserManagement,SUCCESS,2449
2026-04-16 10:30:07,clane,LOGOUT,InventoryReport,SUCCESS,2406
2026-04-16 16:31:01,asmith,LOGOUT,SystemSettings,SUCCESS,544
2026-04-16 09:37:04,admin,LOGIN,AuditLogs,SUCCESS,2752
2026-04-16 15:28:08,admin,EXPORT_REPORT,UserManagement,SUCCESS,3380
2026-04-16 00:07:09,asmith,EXPORT_REPORT,UserManagement,SUCCESS,1601
2026-04-16 10:45:56,davis,LOGOUT,InventoryReport,SUCCESS,562
2026-04-16 12:16:48,admin,VIEW_REPORT,AuditLogs,SUCCESS,3445
2026-04-16 04:58:59,asmith,DELETE_USER,SystemSettings,SUCCESS,1874
2026-04-16 09:26:28,admin,EXPORT_REPORT,UserManagement,FAILURE,415
2026-04-16 12:49:42,admin,EXPORT_REPORT,AuditLogs,SUCCESS,2088
2026-04-16 09:46:23,bwhite,CREATE_USER,SystemSettings,SUCCESS,416
2026-04-16 10:33:24,jdoe,CREATE_USER,AuditLogs,SUCCESS,585
2026-04-16 09:39:34,bwhite,VIEW_REPORT,AuditLogs,SUCCESS,2612
2026-04-16 08:30:32,jdoe,ADMIN_CONFIG,SalesDashboard,SUCCESS,4094
2026-04-16 16:35:14,clane,LOGIN,SystemSettings,SUCCESS,3104
2026-04-16 14:43:31,admin,EXPORT_REPORT,SystemSettings,SUCCESS,3202
2026-04-16 16:20:44,davis,EXPORT_REPORT,InventoryReport,SUCCESS,4615
2026-04-16 16:23:11,davis,ADMIN_CONFIG,SalesDashboard,SUCCESS,1962
2026-04-16 15:53:08,asmith,ADMIN_CONFIG,SalesDashboard,SUCCESS,4699
2026-04-16 23:27:25,davis,CREATE_USER,SalesDashboard,SUCCESS,3971
2026-04-16 13:56:03,clane,VIEW_REPORT,SalesDashboard,SUCCESS,4015
2026-04-16 12:26:48,jdoe,LOGOUT,UserManagement,SUCCESS,2505
2026-04-17 16:54:52,bwhite,CREATE_USER,SystemSettings,SUCCESS,1785
2026-04-17 15:42:16,asmith,DELETE_USER,InventoryReport,SUCCESS,2217
2026-04-17 15:36:18,clane,VIEW_REPORT,AuditLogs,SUCCESS,2197
2026-04-17 15:15:24,asmith,EXPORT_REPORT,SalesDashboard,SUCCESS,1766
2026-04-17 10:02:35,jdoe,CREATE_USER,SalesDashboard,SUCCESS,4876
2026-04-17 09:12:36,bwhite,DELETE_USER,AuditLogs,SUCCESS,2340
2026-04-17 09:09:59,davis,DELETE_USER,AuditLogs,SUCCESS,2946
2026-04-17 15:58:25,jdoe,ADMIN_CONFIG,UserManagement,SUCCESS,2992
2026-04-17 12:09:58,davis,DELETE_USER,SalesDashboard,SUCCESS,2165
2026-04-17 16:19:21,admin,ADMIN_CONFIG,AuditLogs,SUCCESS,4567
2026-04-17 13:46:17,admin,LOGOUT,SystemSettings,SUCCESS,2808
2026-04-17 16:46:02,clane,EXPORT_REPORT,UserManagement,SUCCESS,866
2026-04-17 13:36:05,clane,VIEW_REPORT,AuditLogs,SUCCESS,3320
2026-04-17 15:10:35,jdoe,EXPORT_REPORT,InventoryReport,SUCCESS,2237
2026-04-17 15:24:08,clane,EXPORT_REPORT,AuditLogs,SUCCESS,30
2026-04-17 12:34:41,davis,DELETE_USER,InventoryReport,SUCCESS,3486
2026-04-17 14:35:23,bwhite,LOGOUT,UserManagement,SUCCESS,493
2026-04-17 14:22:30,asmith,EXPORT_REPORT,UserManagement,SUCCESS,4679
2026-04-17 09:47:47,clane,EXPORT_REPORT,InventoryReport,SUCCESS,53
2026-04-17 11:43:05,davis,EXPORT_REPORT,SalesDashboard,FAILURE,4966
2026-04-17 15:04:00,jdoe,DELETE_USER,SalesDashboard,SUCCESS,4806
2026-04-17 15:38:53,davis,DELETE_USER,UserManagement,SUCCESS,1152
2026-04-17 13:00:45,asmith,CREATE_USER,UserManagement,SUCCESS,3298
2026-04-17 15:23:53,asmith,DELETE_USER,UserManagement,SUCCESS,1658
2026-04-17 16:12:25,bwhite,CREATE_USER,SalesDashboard,SUCCESS,1534
2026-04-17 13:44:15,asmith,EXPORT_REPORT,InventoryReport,SUCCESS,1330
2026-04-17 19:23:28,bwhite,CREATE_USER,InventoryReport,SUCCESS,1259
2026-04-17 04:57:12,bwhite,EXPORT_REPORT,SalesDashboard,SUCCESS,2848
2026-04-17 11:21:18,jdoe,CREATE_USER,AuditLogs,SUCCESS,869
2026-04-17 13:47:32,admin,ADMIN_CONFIG,UserManagement,SUCCESS,2167
2026-04-17 13:38:37,clane,CREATE_USER,SystemSettings,SUCCESS,2855
2026-04-17 05:04:14,bwhite,CREATE_USER,SystemSettings,SUCCESS,949
2026-04-17 08:12:06,jdoe,DELETE_USER,InventoryReport,SUCCESS,3460
2026-04-17 16:48:31,clane,VIEW_REPORT,UserManagement,SUCCESS,1406
2026-04-17 14:52:15,asmith,CREATE_USER,InventoryReport,SUCCESS,1358
2026-04-17 15:37:58,clane,ADMIN_CONFIG,SystemSettings,SUCCESS,3168
2026-04-17 13:27:39,davis,ADMIN_CONFIG,SystemSettings,SUCCESS,54
2026-04-17 11:19:09,jdoe,LOGOUT,InventoryReport,SUCCESS,3393
2026-04-17 15:33:29,bwhite,ADMIN_CONFIG,InventoryReport,SUCCESS,3502
2026-04-17 09:23:07,admin,CREATE_USER,SalesDashboard,SUCCESS,3969
2026-04-17 11:26:37,admin,VIEW_REPORT,UserManagement,SUCCESS,2918
2026-04-17 14:27:11,asmith,DELETE_USER,AuditLogs,SUCCESS,3696
2026-04-17 16:34:21,admin,VIEW_REPORT,SystemSettings,SUCCESS,3405
2026-04-17 11:28:38,bwhite,VIEW_REPORT,AuditLogs,SUCCESS,899
2026-04-17 14:34:23,jdoe,LOGIN,UserManagement,SUCCESS,282
2026-04-17 08:08:29,clane,LOGIN,SalesDashboard,SUCCESS,4258
2026-04-17 13:28:42,asmith,ADMIN_CONFIG,SystemSettings,SUCCESS,3288
2026-04-17 11:53:38,clane,ADMIN_CONFIG,AuditLogs,SUCCESS,3206
2026-04-17 01:38:52,clane,DELETE_USER,UserManagement,SUCCESS,1435
2026-04-17 08:31:27,asmith,CREATE_USER,UserManagement,SUCCESS,267
2026-04-17 13:22:08,jdoe,VIEW_REPORT,SalesDashboard,SUCCESS,2242
2026-04-17 14:26:21,clane,VIEW_REPORT,UserManagement,FAILURE,4177
2026-04-17 08:30:46,davis,VIEW_REPORT,AuditLogs,SUCCESS,1441
2026-04-17 22:55:04,admin,VIEW_REPORT,InventoryReport,SUCCESS,1711
2026-04-17 12:54:28,asmith,LOGIN,AuditLogs,SUCCESS,3263
2026-04-17 12:02:11,admin,VIEW_REPORT,SalesDashboard,SUCCESS,3820
2026-04-17 10:36:40,admin,DELETE_USER,InventoryReport,SUCCESS,4182
2026-04-17 09:40:03,admin,DELETE_USER,UserManagement,SUCCESS,4881
2026-04-17 11:23:08,jdoe,ADMIN_CONFIG,AuditLogs,SUCCESS,4066
2026-04-17 16:30:46,jdoe,LOGIN,SystemSettings,SUCCESS,1279
2026-04-17 08:47:25,admin,ADMIN_CONFIG,SystemSettings,SUCCESS,4531
2026-04-17 12:41:20,bwhite,VIEW_REPORT,SalesDashboard,SUCCESS,1631
2026-04-17 00:17:58,davis,EXPORT_REPORT,SystemSettings,SUCCESS,4724
2026-04-17 15:59:28,jdoe,DELETE_USER,SystemSettings,SUCCESS,3646
2026-04-17 05:13:36,admin,ADMIN_CONFIG,AuditLogs,SUCCESS,174
2026-04-17 09:03:00,clane,VIEW_REPORT,AuditLogs,SUCCESS,4981
2026-04-17 16:05:25,davis,ADMIN_CONFIG,InventoryReport,SUCCESS,4676
2026-04-17 12:16:50,asmith,LOGOUT,SystemSettings,SUCCESS,2580
2026-04-17 16:52:42,jdoe,CREATE_USER,InventoryReport,SUCCESS,594
2026-04-17 16:23:38,asmith,VIEW_REPORT,AuditLogs,SUCCESS,3963
2026-04-17 12:50:42,asmith,CREATE_USER,InventoryReport,SUCCESS,4640
2026-04-17 10:06:51,asmith,CREATE_USER,InventoryReport,SUCCESS,1781
2026-04-17 16:24:14,jdoe,VIEW_REPORT,SalesDashboard,SUCCESS,3678
2026-04-17 13:02:47,asmith,ADMIN_CONFIG,SalesDashboard,SUCCESS,419
2026-04-17 07:10:17,asmith,EXPORT_REPORT,InventoryReport,SUCCESS,809
2026-04-17 08:51:32,davis,CREATE_USER,UserManagement,SUCCESS,4838
2026-04-17 06:23:55,admin,EXPORT_REPORT,UserManagement,SUCCESS,3284
2026-04-17 10:12:58,admin,EXPORT_REPORT,SystemSettings,SUCCESS,3469
2026-04-17 15:00:57,clane,ADMIN_CONFIG,SystemSettings,SUCCESS,3420
2026-04-17 11:37:01,jdoe,ADMIN_CONFIG,InventoryReport,SUCCESS,4230
2026-04-17 09:43:44,davis,DELETE_USER,SystemSettings,SUCCESS,1377
2026-04-17 10:44:19,asmith,LOGIN,InventoryReport,SUCCESS,4687
2026-04-17 02:17:29,davis,DELETE_USER,InventoryReport,SUCCESS,2845
2026-04-17 12:33:35,admin,LOGIN,SalesDashboard,SUCCESS,1094
2026-04-17 12:37:18,clane,ADMIN_CONFIG,SystemSettings,SUCCESS,2671
2026-04-17 14:54:21,bwhite,LOGIN,AuditLogs,SUCCESS,3546
2026-04-17 16:09:12,jdoe,EXPORT_REPORT,UserManagement,SUCCESS,570
2026-04-17 16:28:48,clane,LOGIN,AuditLogs,SUCCESS,2520
2026-04-17 04:53:01,bwhite,LOGIN,InventoryReport,SUCCESS,4438
2026-04-17 03:06:30,clane,LOGOUT,AuditLogs,SUCCESS,3416
2026-04-17 11:07:08,clane,CREATE_USER,AuditLogs,SUCCESS,4002
2026-04-17 13:04:52,jdoe,VIEW_REPORT,InventoryReport,FAILURE,94
2026-04-17 14:12:19,jdoe,DELETE_USER,SystemSettings,SUCCESS,2499
2026-04-17 16:13:59,jdoe,EXPORT_REPORT,UserManagement,SUCCESS,3509
2026-04-17 13:18:19,clane,LOGIN,AuditLogs,SUCCESS,2723
2026-04-17 00:16:42,admin,ADMIN_CONFIG,AuditLogs,SUCCESS,1613
2026-04-17 13:29:16,admin,VIEW_REPORT,InventoryReport,SUCCESS,4598
2026-04-18 04:28:10,admin,ADMIN_CONFIG,InventoryReport,SUCCESS,532
2026-04-18 14:06:39,bwhite,LOGOUT,SystemSettings,SUCCESS,2796
2026-04-18 09:54:46,asmith,EXPORT_REPORT,SalesDashboard,SUCCESS,4613
2026-04-18 10:49:42,clane,LOGIN,AuditLogs,SUCCESS,2481
2026-04-18 06:44:30,clane,VIEW_REPORT,SystemSettings,SUCCESS,216
2026-04-18 15:08:47,clane,LOGIN,UserManagement,FAILURE,1687
2026-04-18 04:01:59,jdoe,VIEW_REPORT,SystemSettings,SUCCESS,325
2026-04-18 14:53:21,jdoe,LOGOUT,InventoryReport,SUCCESS,966
2026-04-18 08:00:36,clane,VIEW_REPORT,SystemSettings,SUCCESS,1476
2026-04-18 18:33:22,bwhite,DELETE_USER,SalesDashboard,FAILURE,1295
2026-04-18 07:19:33,jdoe,ADMIN_CONFIG,SystemSettings,SUCCESS,1805
2026-04-18 01:08:41,asmith,LOGOUT,SystemSettings,SUCCESS,3044
2026-04-18 02:41:58,bwhite,DELETE_USER,InventoryReport,SUCCESS,3471
2026-04-18 23:21:11,clane,LOGOUT,InventoryReport,SUCCESS,2754
2026-04-19 20:08:41,davis,LOGIN,AuditLogs,SUCCESS,3027
2026-04-19 12:58:42,jdoe,EXPORT_REPORT,SystemSettings,SUCCESS,319
2026-04-19 07:33:50,clane,LOGOUT,UserManagement,SUCCESS,359
2026-04-19 16:09:40,clane,ADMIN_CONFIG,SystemSettings,SUCCESS,3709
2026-04-19 21:55:22,davis,LOGIN,InventoryReport,SUCCESS,2625
2026-04-19 17:22:18,davis,EXPORT_REPORT,UserManagement,SUCCESS,4738
2026-04-19 22:16:39,davis,CREATE_USER,InventoryReport,SUCCESS,2747
2026-04-19 12:07:14,clane,LOGOUT,AuditLogs,SUCCESS,1864
2026-04-19 20:28:03,bwhite,DELETE_USER,InventoryReport,SUCCESS,447
2026-04-19 20:29:46,clane,VIEW_REPORT,AuditLogs,SUCCESS,4737
2026-04-20 14:41:40,davis,EXPORT_REPORT,AuditLogs,SUCCESS,3528
2026-04-20 08:19:48,davis,EXPORT_REPORT,AuditLogs,SUCCESS,1805
2026-04-20 16:25:02,davis,CREATE_USER,SalesDashboard,SUCCESS,3747
2026-04-20 14:25:18,jdoe,DELETE_USER,AuditLogs,SUCCESS,3412
2026-04-20 10:42:53,clane,VIEW_REPORT,SalesDashboard,SUCCESS,945
2026-04-20 02:08:16,asmith,LOGIN,UserManagement,SUCCESS,3125
2026-04-20 11:57:31,davis,LOGIN,UserManagement,SUCCESS,2077
2026-04-20 08:04:03,asmith,ADMIN_CONFIG,SalesDashboard,SUCCESS,4291
2026-04-20 14:37:18,davis,LOGOUT,SalesDashboard,SUCCESS,4965
2026-04-20 16:16:01,jdoe,DELETE_USER,SystemSettings,SUCCESS,4018
2026-04-20 15:26:37,jdoe,VIEW_REPORT,UserManagement,SUCCESS,2286
2026-04-20 09:32:36,jdoe,VIEW_REPORT,InventoryReport,SUCCESS,338
2026-04-20 09:59:54,asmith,LOGIN,UserManagement,SUCCESS,2165
2026-04-20 08:18:48,davis,CREATE_USER,SystemSettings,SUCCESS,2617
2026-04-20 13:50:33,jdoe,ADMIN_CONFIG,SalesDashboard,SUCCESS,2944
2026-04-20 19:03:18,clane,CREATE_USER,SystemSettings,SUCCESS,686
2026-04-20 14:20:45,jdoe,VIEW_REPORT,SystemSettings,SUCCESS,2456
2026-04-20 12:03:55,asmith,VIEW_REPORT,InventoryReport,SUCCESS,1695
2026-04-20 11:27:22,jdoe,ADMIN_CONFIG,SystemSettings,SUCCESS,1446
2026-04-20 13:28:22,jdoe,ADMIN_CONFIG,InventoryReport,SUCCESS,2630
2026-04-20 17:56:05,jdoe,VIEW_REPORT,InventoryReport,FAILURE,906
2026-04-20 10:33:05,admin,ADMIN_CONFIG,SalesDashboard,SUCCESS,1503
2026-04-20 09:08:43,davis,LOGIN,UserManagement,SUCCESS,2737
2026-04-20 09:00:41,admin,LOGOUT,UserManagement,SUCCESS,4844
2026-04-20 08:59:31,admin,VIEW_REPORT,UserManagement,FAILURE,2899
2026-04-20 16:23:27,clane,CREATE_USER,UserManagement,SUCCESS,3799
2026-04-20 10:00:09,jdoe,DELETE_USER,SalesDashboard,SUCCESS,1647
2026-04-20 09:23:29,davis,VIEW_REPORT,SystemSettings,SUCCESS,1825
2026-04-20 15:16:11,davis,CREATE_USER,AuditLogs,SUCCESS,2173
2026-04-20 10:38:16,jdoe,DELETE_USER,UserManagement,SUCCESS,1545
2026-04-20 12:14:31,asmith,LOGOUT,InventoryReport,SUCCESS,1972
2026-04-20 10:11:28,clane,CREATE_USER,SystemSettings,SUCCESS,1487
2026-04-20 06:56:23,jdoe,DELETE_USER,InventoryReport,SUCCESS,2214
2026-04-20 08:57:09,davis,VIEW_REPORT,InventoryReport,SUCCESS,4818
2026-04-20 18:46:00,admin,VIEW_REPORT,InventoryReport,SUCCESS,4101
2026-04-20 14:07:31,asmith,ADMIN_CONFIG,UserManagement,SUCCESS,3199
2026-04-20 09:06:53,bwhite,DELETE_USER,SystemSettings,SUCCESS,2209
2026-04-20 09:36:52,davis,LOGIN,UserManagement,SUCCESS,2291
2026-04-20 02:47:28,jdoe,LOGOUT,UserManagement,SUCCESS,4833
2026-04-20 10:11:43,clane,ADMIN_CONFIG,AuditLogs,FAILURE,4126
2026-04-20 00:21:02,davis,LOGIN,AuditLogs,SUCCESS,1217
2026-04-20 11:44:46,admin,DELETE_USER,AuditLogs,FAILURE,2005
2026-04-20 09:49:19,asmith,VIEW_REPORT,SalesDashboard,SUCCESS,1943
2026-04-20 09:26:14,asmith,DELETE_USER,SystemSettings,SUCCESS,4973
2026-04-20 16:34:33,bwhite,EXPORT_REPORT,InventoryReport,SUCCESS,2242
2026-04-20 11:46:40,davis,LOGIN,SystemSettings,SUCCESS,894
2026-04-20 08:00:16,asmith,LOGOUT,SalesDashboard,SUCCESS,3031
2026-04-20 09:39:15,davis,EXPORT_REPORT,UserManagement,SUCCESS,2268
2026-04-20 13:57:10,jdoe,VIEW_REPORT,AuditLogs,SUCCESS,1764
2026-04-20 10:50:13,clane,DELETE_USER,SalesDashboard,SUCCESS,1423
2026-04-20 15:31:48,davis,ADMIN_CONFIG,InventoryReport,SUCCESS,1039
2026-04-20 09:55:06,clane,CREATE_USER,UserManagement,SUCCESS,4561
2026-04-20 08:17:18,clane,CREATE_USER,AuditLogs,SUCCESS,1071
2026-04-20 14:40:00,asmith,LOGIN,AuditLogs,FAILURE,1715
2026-04-20 10:55:43,bwhite,VIEW_REPORT,SystemSettings,SUCCESS,151
2026-04-20 17:32:34,bwhite,CREATE_USER,SystemSettings,SUCCESS,3949
2026-04-20 12:15:53,jdoe,DELETE_USER,SalesDashboard,SUCCESS,351
2026-04-20 08:53:47,admin,EXPORT_REPORT,SalesDashboard,SUCCESS,699
2026-04-20 11:11:59,asmith,LOGOUT,UserManagement,SUCCESS,199
2026-04-20 11:34:20,admin,LOGIN,InventoryReport,SUCCESS,543
2026-04-20 08:19:56,clane,LOGIN,SalesDashboard,SUCCESS,4039
2026-04-20 22:38:50,jdoe,LOGIN,SystemSettings,SUCCESS,2669
2026-04-20 16:43:28,jdoe,LOGIN,UserManagement,SUCCESS,1125
2026-04-20 14:28:21,asmith,DELETE_USER,SalesDashboard,SUCCESS,3106
2026-04-20 10:49:07,asmith,EXPORT_REPORT,SystemSettings,SUCCESS,4820
2026-04-20 13:20:06,bwhite,ADMIN_CONFIG,SalesDashboard,SUCCESS,3889
2026-04-20 12:42:19,davis,EXPORT_REPORT,SalesDashboard,SUCCESS,1130
2026-04-20 07:58:53,asmith,LOGIN,SystemSettings,SUCCESS,1973
2026-04-20 14:38:46,admin,LOGIN,UserManagement,SUCCESS,4581
2026-04-20 13:14:01,admin,EXPORT_REPORT,AuditLogs,SUCCESS,609
2026-04-20 11:37:05,asmith,ADMIN_CONFIG,AuditLogs,SUCCESS,4852
2026-04-20 15:49:33,asmith,DELETE_USER,UserManagement,SUCCESS,1605
2026-04-20 15:24:29,asmith,LOGIN,SystemSettings,SUCCESS,193
2026-04-20 12:01:07,bwhite,VIEW_REPORT,AuditLogs,SUCCESS,2576
2026-04-20 15:18:13,jdoe,LOGOUT,InventoryReport,SUCCESS,2514
2026-04-20 14:43:09,admin,CREATE_USER,SystemSettings,SUCCESS,2490
2026-04-20 10:30:06,davis,DELETE_USER,AuditLogs,SUCCESS,3138
2026-04-20 17:57:44,clane,CREATE_USER,SystemSettings,SUCCESS,3979
2026-04-20 16:16:41,davis,VIEW_REPORT,AuditLogs,SUCCESS,4244
2026-04-20 15:51:18,davis,VIEW_REPORT,SystemSettings,SUCCESS,3772
2026-04-20 11:58:08,davis,LOGOUT,InventoryReport,SUCCESS,4580
2026-04-20 11:45:13,jdoe,ADMIN_CONFIG,AuditLogs,SUCCESS,1760
2026-04-20 09:39:31,jdoe,VIEW_REPORT,UserManagement,SUCCESS,562
2026-04-20 11:58:36,bwhite,ADMIN_CONFIG,UserManagement,SUCCESS,2030
2026-04-20 10:41:23,clane,VIEW_REPORT,AuditLogs,SUCCESS,2719
2026-04-20 11:57:01,clane,ADMIN_CONFIG,SystemSettings,SUCCESS,1901
2026-04-20 13:21:32,jdoe,LOGIN,UserManagement,SUCCESS,1393
2026-04-20 12:40:47,bwhite,EXPORT_REPORT,SystemSettings,SUCCESS,1178
2026-04-20 15:31:40,admin,CREATE_USER,AuditLogs,SUCCESS,2088
2026-04-20 14:51:51,jdoe,ADMIN_CONFIG,SystemSettings,SUCCESS,3960
2026-04-20 15:03:00,davis,DELETE_USER,UserManagement,SUCCESS,1441
2026-04-20 15:22:53,admin,VIEW_REPORT,SystemSettings,SUCCESS,4539
2026-04-20 10:57:53,davis,EXPORT_REPORT,AuditLogs,SUCCESS,2782
2026-04-20 13:18:00,bwhite,LOGOUT,InventoryReport,SUCCESS,137
2026-04-20 22:32:50,asmith,ADMIN_CONFIG,AuditLogs,SUCCESS,2477
2026-04-20 03:35:05,admin,DELETE_USER,SystemSettings,FAILURE,3259
2026-04-20 09:07:05,asmith,LOGOUT,UserManagement,FAILURE,727
2026-04-20 13:02:27,admin,EXPORT_REPORT,InventoryReport,SUCCESS,1430
2026-04-20 14:07:34,jdoe,ADMIN_CONFIG,SalesDashboard,SUCCESS,1816
2026-04-20 15:40:43,admin,LOGIN,SystemSettings,SUCCESS,1726
2026-04-20 09:46:47,admin,LOGOUT,UserManagement,SUCCESS,2293
2026-04-20 10:05:25,bwhite,LOGOUT,SalesDashboard,SUCCESS,2361
2026-04-20 13:35:52,jdoe,LOGIN,SystemSettings,SUCCESS,1413
2026-04-20 14:19:16,clane,LOGOUT,AuditLogs,SUCCESS,4805
2026-04-20 02:29:43,admin,LOGIN,UserManagement,SUCCESS,1423
2026-04-20 15:10:45,jdoe,LOGIN,SalesDashboard,SUCCESS,2106
2026-04-20 08:09:18,davis,EXPORT_REPORT,SystemSettings,SUCCESS,1351
2026-04-20 12:02:56,davis,VIEW_REPORT,AuditLogs,SUCCESS,2567
2026-04-20 09:18:47,admin,VIEW_REPORT,SalesDashboard,SUCCESS,4057
2026-04-20 14:22:53,bwhite,EXPORT_REPORT,InventoryReport,SUCCESS,1197
2026-04-20 09:09:41,jdoe,LOGIN,SalesDashboard,SUCCESS,4801
2026-04-20 19:13:37,jdoe,LOGOUT,SalesDashboard,SUCCESS,3393
2026-04-20 14:37:11,bwhite,DELETE_USER,AuditLogs,SUCCESS,4618
2026-04-20 13:54:08,clane,ADMIN_CONFIG,AuditLogs,SUCCESS,3676
2026-04-20 18:40:27,jdoe,EXPORT_REPORT,InventoryReport,SUCCESS,815
2026-04-20 11:17:32,admin,LOGIN,UserManagement,SUCCESS,3094
2026-04-20 09:35:55,davis,EXPORT_REPORT,SalesDashboard,SUCCESS,2817
2026-04-20 15:00:08,jdoe,DELETE_USER,SystemSettings,SUCCESS,1353
2026-04-20 11:03:30,clane,LOGIN,AuditLogs,SUCCESS,793
2026-04-20 08:04:17,jdoe,EXPORT_REPORT,SystemSettings,SUCCESS,121
2026-04-20 10:54:03,jdoe,LOGIN,SystemSettings,SUCCESS,1175
2026-04-20 12:42:09,admin,DELETE_USER,InventoryReport,SUCCESS,4846
2026-04-20 14:19:26,davis,CREATE_USER,SystemSettings,SUCCESS,4087
2026-04-20 08:54:36,bwhite,VIEW_REPORT,InventoryReport,SUCCESS,526
2026-04-20 21:12:37,admin,VIEW_REPORT,AuditLogs,SUCCESS,1992
2026-04-20 16:01:31,asmith,VIEW_REPORT,InventoryReport,SUCCESS,4740
2026-04-20 10:43:23,davis,CREATE_USER,SystemSettings,SUCCESS,1969
2026-04-21 12:35:43,davis,VIEW_REPORT,SystemSettings,SUCCESS,2816
2026-04-21 11:42:14,davis,EXPORT_REPORT,UserManagement,SUCCESS,1081
2026-04-21 14:33:42,admin,ADMIN_CONFIG,InventoryReport,SUCCESS,4956
2026-04-21 15:48:38,clane,DELETE_USER,AuditLogs,SUCCESS,4653
2026-04-21 16:33:50,asmith,LOGOUT,SalesDashboard,SUCCESS,4432
2026-04-21 19:50:08,clane,ADMIN_CONFIG,UserManagement,SUCCESS,2466
2026-04-21 12:04:33,clane,CREATE_USER,InventoryReport,SUCCESS,4680
2026-04-21 18:23:13,admin,CREATE_USER,SalesDashboard,SUCCESS,3741
2026-04-21 19:41:43,davis,LOGIN,InventoryReport,SUCCESS,160
2026-04-21 16:24:58,asmith,EXPORT_REPORT,InventoryReport,SUCCESS,3964
2026-04-21 10:05:28,jdoe,LOGOUT,SystemSettings,SUCCESS,480
2026-04-21 22:27:53,admin,ADMIN_CONFIG,AuditLogs,SUCCESS,416
2026-04-21 08:57:45,davis,DELETE_USER,UserManagement,SUCCESS,2162
2026-04-21 16:17:00,jdoe,DELETE_USER,SalesDashboard,SUCCESS,1660
2026-04-21 09:28:23,jdoe,LOGOUT,UserManagement,SUCCESS,50
2026-04-21 15:33:32,bwhite,ADMIN_CONFIG,SalesDashboard,SUCCESS,1471
2026-04-21 19:33:59,clane,VIEW_REPORT,UserManagement,SUCCESS,912
2026-04-21 14:24:52,clane,EXPORT_REPORT,SystemSettings,SUCCESS,241
2026-04-21 14:06:53,davis,ADMIN_CONFIG,SalesDashboard,SUCCESS,799
2026-04-21 02:02:00,clane,LOGIN,AuditLogs,SUCCESS,843
2026-04-21 14:11:55,jdoe,LOGIN,AuditLogs,SUCCESS,4594
2026-04-21 12:38:27,asmith,EXPORT_REPORT,SystemSettings,SUCCESS,3737
2026-04-21 13:47:05,jdoe,CREATE_USER,InventoryReport,SUCCESS,4527
2026-04-21 14:33:56,davis,EXPORT_REPORT,SalesDashboard,SUCCESS,22
2026-04-21 15:01:05,admin,EXPORT_REPORT,AuditLogs,SUCCESS,2509
2026-04-21 09:47:21,clane,VIEW_REPORT,AuditLogs,SUCCESS,619
2026-04-21 16:35:40,bwhite,EXPORT_REPORT,UserManagement,SUCCESS,2153
2026-04-21 12:55:50,jdoe,EXPORT_REPORT,InventoryReport,SUCCESS,4695
2026-04-21 14:22:54,bwhite,VIEW_REPORT,SalesDashboard,SUCCESS,4969
2026-04-21 11:54:27,clane,DELETE_USER,SystemSettings,SUCCESS,4161
2026-04-21 12:53:22,asmith,DELETE_USER,SalesDashboard,SUCCESS,3350
2026-04-21 09:50:46,clane,ADMIN_CONFIG,AuditLogs,SUCCESS,3003
2026-04-21 09:59:52,davis,CREATE_USER,AuditLogs,SUCCESS,4295
2026-04-21 15:28:36,bwhite,LOGOUT,InventoryReport,SUCCESS,3741
2026-04-21 11:27:41,asmith,CREATE_USER,SystemSettings,SUCCESS,4909
2026-04-21 08:18:48,davis,LOGIN,InventoryReport,SUCCESS,4428
2026-04-21 14:28:34,asmith,DELETE_USER,AuditLogs,SUCCESS,1903
2026-04-21 09:36:59,clane,DELETE_USER,SystemSettings,SUCCESS,503
2026-04-21 15:08:52,jdoe,VIEW_REPORT,SalesDashboard,SUCCESS,4444
2026-04-21 13:04:37,asmith,LOGOUT,AuditLogs,SUCCESS,2215
2026-04-21 08:18:17,jdoe,LOGIN,UserManagement,SUCCESS,1997
2026-04-21 14:12:04,davis,LOGIN,SystemSettings,SUCCESS,4051
2026-04-21 09:50:43,admin,LOGOUT,SalesDashboard,SUCCESS,1547
2026-04-21 14:22:52,jdoe,DELETE_USER,UserManagement,SUCCESS,3530
2026-04-21 15:33:40,admin,EXPORT_REPORT,InventoryReport,SUCCESS,3170
2026-04-21 14:04:42,admin,DELETE_USER,SystemSettings,FAILURE,2467
2026-04-21 10:00:53,asmith,ADMIN_CONFIG,UserManagement,SUCCESS,3424
2026-04-21 11:28:25,admin,LOGOUT,AuditLogs,SUCCESS,1201
2026-04-21 10:03:27,bwhite,EXPORT_REPORT,InventoryReport,SUCCESS,1432
2026-04-21 10:14:25,clane,ADMIN_CONFIG,SalesDashboard,SUCCESS,339
2026-04-21 15:19:40,davis,EXPORT_REPORT,SalesDashboard,SUCCESS,408
2026-04-21 00:43:59,asmith,VIEW_REPORT,SalesDashboard,SUCCESS,4895
2026-04-21 11:23:03,bwhite,VIEW_REPORT,SystemSettings,SUCCESS,4386
2026-04-21 01:16:10,asmith,LOGOUT,InventoryReport,SUCCESS,4041
2026-04-21 03:58:25,bwhite,LOGOUT,UserManagement,SUCCESS,3702
2026-04-21 10:47:23,admin,ADMIN_CONFIG,InventoryReport,SUCCESS,1278
2026-04-21 14:43:42,bwhite,ADMIN_CONFIG,InventoryReport,SUCCESS,3098
2026-04-21 13:11:09,jdoe,DELETE_USER,InventoryReport,SUCCESS,2303
2026-04-21 12:03:25,davis,LOGOUT,AuditLogs,SUCCESS,4581
2026-04-21 13:07:47,asmith,LOGOUT,UserManagement,SUCCESS,1312
2026-04-21 12:48:54,bwhite,LOGIN,UserManagement,SUCCESS,1936
2026-04-21 10:29:49,davis,CREATE_USER,SystemSettings,SUCCESS,4939
2026-04-21 11:18:31,bwhite,VIEW_REPORT,InventoryReport,SUCCESS,934
2026-04-21 16:32:47,clane,VIEW_REPORT,AuditLogs,SUCCESS,1444
2026-04-21 13:06:22,bwhite,ADMIN_CONFIG,SystemSettings,FAILURE,2095
2026-04-21 15:51:41,clane,CREATE_USER,InventoryReport,SUCCESS,2155
2026-04-21 14:40:44,admin,ADMIN_CONFIG,SystemSettings,SUCCESS,2020
2026-04-21 17:57:36,clane,EXPORT_REPORT,AuditLogs,SUCCESS,954
2026-04-21 08:50:35,bwhite,LOGIN,UserManagement,SUCCESS,1084
2026-04-22 12:58:21,davis,LOGIN,UserManagement,SUCCESS,1111
2026-04-22 09:07:10,admin,CREATE_USER,SystemSettings,SUCCESS,1214
2026-04-22 16:55:25,admin,LOGIN,AuditLogs,SUCCESS,4022
2026-04-22 16:46:44,asmith,LOGOUT,AuditLogs,SUCCESS,262
2026-04-22 17:37:27,davis,EXPORT_REPORT,AuditLogs,SUCCESS,1825
2026-04-22 12:13:33,admin,ADMIN_CONFIG,UserManagement,SUCCESS,1154
2026-04-22 12:18:08,admin,EXPORT_REPORT,SalesDashboard,SUCCESS,3197
2026-04-22 16:26:53,admin,ADMIN_CONFIG,InventoryReport,SUCCESS,257
2026-04-22 09:00:40,clane,ADMIN_CONFIG,InventoryReport,SUCCESS,588
2026-04-22 14:29:45,asmith,EXPORT_REPORT,UserManagement,SUCCESS,1452
2026-04-22 10:06:18,jdoe,VIEW_REPORT,InventoryReport,SUCCESS,4385
2026-04-22 15:52:02,asmith,VIEW_REPORT,InventoryReport,SUCCESS,374
2026-04-22 07:30:39,jdoe,CREATE_USER,UserManagement,SUCCESS,1416
2026-04-22 16:38:06,davis,VIEW_REPORT,UserManagement,SUCCESS,4825
2026-04-22 16:56:15,clane,LOGIN,AuditLogs,SUCCESS,895
2026-04-22 12:06:24,clane,LOGOUT,InventoryReport,SUCCESS,1819
2026-04-22 14:37:06,asmith,EXPORT_REPORT,SystemSettings,SUCCESS,4566
2026-04-22 18:54:10,bwhite,LOGOUT,AuditLogs,SUCCESS,2593
2026-04-22 14:09:27,asmith,VIEW_REPORT,AuditLogs,SUCCESS,3341
2026-04-22 16:12:24,admin,CREATE_USER,UserManagement,SUCCESS,2416
2026-04-22 08:36:29,davis,LOGIN,InventoryReport,SUCCESS,2381
2026-04-22 15:50:09,clane,LOGIN,InventoryReport,SUCCESS,2296
2026-04-22 10:21:11,bwhite,LOGOUT,UserManagement,SUCCESS,1989
2026-04-22 13:39:55,admin,VIEW_REPORT,AuditLogs,SUCCESS,943
2026-04-22 15:00:32,jdoe,VIEW_REPORT,AuditLogs,SUCCESS,1022
2026-04-22 06:50:59,bwhite,CREATE_USER,SystemSettings,SUCCESS,3700
2026-04-22 13:48:48,clane,LOGOUT,SystemSettings,SUCCESS,50
2026-04-22 13:02:02,asmith,ADMIN_CONFIG,UserManagement,SUCCESS,4383
2026-04-22 17:55:22,asmith,LOGIN,SystemSettings,SUCCESS,4905
2026-04-22 16:42:34,admin,ADMIN_CONFIG,SalesDashboard,SUCCESS,178
2026-04-22 09:09:44,davis,LOGIN,UserManagement,FAILURE,3155
2026-04-22 15:18:40,admin,LOGIN,InventoryReport,SUCCESS,846
2026-04-22 12:52:30,asmith,DELETE_USER,UserManagement,SUCCESS,1621
2026-04-22 06:49:25,bwhite,ADMIN_CONFIG,SalesDashboard,SUCCESS,2615
2026-04-22 11:31:59,admin,EXPORT_REPORT,InventoryReport,SUCCESS,4413
2026-04-22 12:02:45,jdoe,EXPORT_REPORT,InventoryReport,SUCCESS,4007
2026-04-22 13:35:23,bwhite,VIEW_REPORT,SalesDashboard,SUCCESS,784
2026-04-22 13:58:30,jdoe,EXPORT_REPORT,AuditLogs,SUCCESS,4986
2026-04-22 01:02:00,clane,EXPORT_REPORT,SalesDashboard,SUCCESS,4185
2026-04-22 09:21:24,asmith,DELETE_USER,InventoryReport,SUCCESS,3450
2026-04-22 15:46:39,asmith,LOGIN,SalesDashboard,SUCCESS,3608
2026-04-22 01:07:42,clane,LOGIN,UserManagement,SUCCESS,497
2026-04-22 11:29:11,admin,LOGIN,SalesDashboard,SUCCESS,2931
2026-04-22 12:51:24,bwhite,DELETE_USER,InventoryReport,SUCCESS,2784
2026-04-22 10:13:17,jdoe,VIEW_REPORT,SalesDashboard,FAILURE,2266
2026-04-22 16:17:32,clane,CREATE_USER,SalesDashboard,SUCCESS,4379
2026-04-22 16:47:57,admin,ADMIN_CONFIG,SalesDashboard,SUCCESS,1622
2026-04-22 00:41:46,admin,LOGIN,AuditLogs,SUCCESS,1720
2026-04-22 12:21:15,jdoe,CREATE_USER,UserManagement,SUCCESS,2918
2026-04-22 14:53:55,bwhite,LOGOUT,InventoryReport,SUCCESS,3859
2026-04-22 11:30:17,admin,DELETE_USER,UserManagement,SUCCESS,4129
2026-04-22 08:12:16,jdoe,DELETE_USER,UserManagement,SUCCESS,3082
2026-04-22 08:22:26,admin,LOGOUT,AuditLogs,SUCCESS,4537
2026-04-22 09:27:00,asmith,DELETE_USER,InventoryReport,SUCCESS,4660
2026-04-22 08:35:52,jdoe,CREATE_USER,SystemSettings,SUCCESS,2248
2026-04-22 08:24:26,clane,ADMIN_CONFIG,AuditLogs,SUCCESS,2139
2026-04-22 10:37:06,asmith,EXPORT_REPORT,SystemSettings,SUCCESS,2755
2026-04-22 10:09:45,asmith,DELETE_USER,AuditLogs,SUCCESS,2883
2026-04-22 15:17:51,admin,LOGOUT,SalesDashboard,SUCCESS,790
2026-04-22 12:42:35,clane,CREATE_USER,UserManagement,SUCCESS,4534
2026-04-22 12:19:37,admin,CREATE_USER,AuditLogs,SUCCESS,4656
2026-04-22 10:29:37,jdoe,LOGIN,SystemSettings,SUCCESS,3490
2026-04-22 09:16:31,asmith,LOGIN,AuditLogs,SUCCESS,3509
2026-04-22 15:51:01,asmith,LOGOUT,AuditLogs,SUCCESS,2386
2026-04-22 13:47:19,clane,EXPORT_REPORT,AuditLogs,SUCCESS,3952
2026-04-22 15:49:12,asmith,CREATE_USER,AuditLogs,SUCCESS,4573
2026-04-22 14:54:10,admin,ADMIN_CONFIG,SystemSettings,SUCCESS,3186
2026-04-22 09:19:00,davis,VIEW_REPORT,SalesDashboard,SUCCESS,1931
2026-04-22 14:29:48,bwhite,DELETE_USER,SystemSettings,SUCCESS,2279
2026-04-22 08:32:48,bwhite,VIEW_REPORT,UserManagement,SUCCESS,784
2026-04-22 09:56:21,bwhite,LOGOUT,SystemSettings,SUCCESS,3594
2026-04-22 16:22:03,asmith,ADMIN_CONFIG,UserManagement,FAILURE,246
2026-04-22 23:58:14,admin,LOGIN,SystemSettings,SUCCESS,2403
2026-04-22 11:20:11,jdoe,DELETE_USER,InventoryReport,SUCCESS,1736
2026-04-22 11:34:54,davis,ADMIN_CONFIG,AuditLogs,SUCCESS,3320
2026-04-22 13:31:06,jdoe,EXPORT_REPORT,InventoryReport,SUCCESS,1902
2026-04-22 14:07:41,admin,LOGIN,SystemSettings,SUCCESS,550
2026-04-22 10:09:15,bwhite,DELETE_USER,SystemSettings,SUCCESS,321
2026-04-22 10:10:18,clane,EXPORT_REPORT,InventoryReport,SUCCESS,3353
2026-04-22 15:43:36,jdoe,VIEW_REPORT,UserManagement,SUCCESS,4388
2026-04-22 00:33:21,bwhite,LOGIN,UserManagement,SUCCESS,4471
2026-04-22 15:02:26,jdoe,LOGOUT,InventoryReport,SUCCESS,1515
2026-04-22 11:52:39,davis,CREATE_USER,SystemSettings,SUCCESS,4522
2026-04-22 05:02:01,asmith,LOGOUT,SystemSettings,SUCCESS,2500
2026-04-22 10:13:28,davis,DELETE_USER,InventoryReport,SUCCESS,4306
2026-04-22 13:51:21,davis,LOGOUT,UserManagement,SUCCESS,1946
2026-04-22 17:58:59,admin,EXPORT_REPORT,SalesDashboard,SUCCESS,4391
2026-04-22 12:39:05,asmith,EXPORT_REPORT,SystemSettings,SUCCESS,1468
2026-04-22 14:39:17,admin,LOGOUT,AuditLogs,SUCCESS,2363
2026-04-22 16:42:56,admin,EXPORT_REPORT,SystemSettings,SUCCESS,4921
2026-04-22 14:03:56,bwhite,VIEW_REPORT,SalesDashboard,SUCCESS,2547
2026-04-22 09:11:30,asmith,LOGOUT,SalesDashboard,SUCCESS,3450
2026-04-22 01:50:17,davis,VIEW_REPORT,AuditLogs,SUCCESS,3454
2026-04-22 12:57:37,jdoe,VIEW_REPORT,UserManagement,SUCCESS,1023
2026-04-22 13:37:25,bwhite,VIEW_REPORT,SystemSettings,SUCCESS,2118
2026-04-22 14:45:18,asmith,DELETE_USER,SalesDashboard,SUCCESS,2114
2026-04-22 16:08:18,asmith,LOGIN,SalesDashboard,SUCCESS,3587
2026-04-22 15:32:38,davis,LOGOUT,SystemSettings,SUCCESS,3637
2026-04-22 15:51:29,asmith,EXPORT_REPORT,SalesDashboard,SUCCESS,2954
2026-04-22 11:43:09,admin,VIEW_REPORT,SalesDashboard,SUCCESS,3731
2026-04-22 15:35:06,clane,LOGIN,AuditLogs,SUCCESS,3776
2026-04-22 12:36:43,clane,DELETE_USER,SystemSettings,SUCCESS,390
2026-04-22 10:36:19,admin,DELETE_USER,InventoryReport,SUCCESS,3521
2026-04-22 10:20:55,clane,VIEW_REPORT,SalesDashboard,SUCCESS,2907
2026-04-22 14:18:01,asmith,CREATE_USER,InventoryReport,SUCCESS,1742
2026-04-22 13:35:57,davis,EXPORT_REPORT,AuditLogs,SUCCESS,1686
2026-04-22 09:03:22,jdoe,LOGOUT,UserManagement,SUCCESS,1870
2026-04-22 14:48:24,clane,CREATE_USER,InventoryReport,SUCCESS,180
2026-04-22 21:39:55,davis,CREATE_USER,AuditLogs,SUCCESS,2616
2026-04-22 15:30:52,admin,EXPORT_REPORT,SalesDashboard,SUCCESS,2032
2026-04-22 04:51:24,davis,DELETE_USER,SalesDashboard,SUCCESS,2648
2026-04-22 15:25:32,jdoe,ADMIN_CONFIG,SystemSettings,SUCCESS,4642
2026-04-22 10:06:38,jdoe,DELETE_USER,AuditLogs,SUCCESS,3917
2026-04-22 10:42:05,asmith,VIEW_REPORT,InventoryReport,SUCCESS,3654
2026-04-22 14:42:12,jdoe,LOGIN,UserManagement,SUCCESS,2594
2026-04-22 15:04:40,asmith,VIEW_REPORT,SalesDashboard,SUCCESS,1039
2026-04-23 02:26:16,bwhite,EXPORT_REPORT,UserManagement,SUCCESS,142
2026-04-23 16:03:51,asmith,CREATE_USER,SystemSettings,SUCCESS,1606
2026-04-23 13:22:48,davis,LOGIN,InventoryReport,SUCCESS,4871
2026-04-23 10:30:54,jdoe,VIEW_REPORT,AuditLogs,SUCCESS,384
2026-04-23 11:05:51,clane,ADMIN_CONFIG,AuditLogs,SUCCESS,2412
2026-04-23 09:51:57,clane,CREATE_USER,SalesDashboard,SUCCESS,4249
2026-04-23 15:04:37,bwhite,DELETE_USER,SystemSettings,SUCCESS,2580
2026-04-23 10:38:46,jdoe,LOGOUT,InventoryReport,SUCCESS,4678
2026-04-23 09:24:04,clane,LOGIN,AuditLogs,SUCCESS,4436
2026-04-23 15:26:49,admin,DELETE_USER,SystemSettings,SUCCESS,2402
2026-04-23 08:37:36,asmith,ADMIN_CONFIG,InventoryReport,FAILURE,4470
2026-04-23 08:58:33,clane,ADMIN_CONFIG,InventoryReport,SUCCESS,511
2026-04-23 13:21:44,admin,VIEW_REPORT,InventoryReport,SUCCESS,1933
2026-04-23 10:37:22,clane,VIEW_REPORT,AuditLogs,SUCCESS,4673
2026-04-23 13:49:31,jdoe,LOGIN,UserManagement,SUCCESS,3637
2026-04-23 16:25:39,asmith,VIEW_REPORT,UserManagement,SUCCESS,122
2026-04-23 12:13:10,davis,EXPORT_REPORT,SystemSettings,SUCCESS,565
2026-04-23 08:03:17,clane,LOGIN,SalesDashboard,SUCCESS,4907
2026-04-23 09:56:26,bwhite,LOGOUT,SalesDashboard,SUCCESS,1676
2026-04-23 12:13:30,clane,DELETE_USER,InventoryReport,SUCCESS,2393
2026-04-23 16:19:33,admin,DELETE_USER,UserManagement,SUCCESS,127
2026-04-23 12:57:14,asmith,EXPORT_REPORT,SalesDashboard,SUCCESS,3371
2026-04-23 16:16:16,admin,LOGIN,SystemSettings,SUCCESS,1952
2026-04-23 10:54:44,bwhite,CREATE_USER,SalesDashboard,SUCCESS,1275
2026-04-23 13:30:53,bwhite,LOGIN,AuditLogs,SUCCESS,2646
2026-04-23 12:01:41,jdoe,DELETE_USER,UserManagement,SUCCESS,541
2026-04-23 16:45:18,jdoe,LOGOUT,SalesDashboard,SUCCESS,1192
2026-04-23 01:48:53,davis,DELETE_USER,InventoryReport,SUCCESS,3496
2026-04-23 09:27:31,davis,LOGIN,AuditLogs,SUCCESS,1870
2026-04-23 08:19:17,clane,ADMIN_CONFIG,UserManagement,SUCCESS,1555
2026-04-23 13:33:52,davis,LOGIN,UserManagement,SUCCESS,3121
2026-04-23 14:11:28,admin,ADMIN_CONFIG,AuditLogs,SUCCESS,678
2026-04-23 15:23:05,jdoe,LOGOUT,SalesDashboard,SUCCESS,664
2026-04-23 08:29:35,clane,VIEW_REPORT,UserManagement,FAILURE,2823
2026-04-23 08:36:00,jdoe,DELETE_USER,UserManagement,SUCCESS,1647
2026-04-23 15:23:17,clane,DELETE_USER,InventoryReport,SUCCESS,3268
2026-04-23 14:02:12,bwhite,EXPORT_REPORT,AuditLogs,SUCCESS,3010
2026-04-23 09:11:53,jdoe,EXPORT_REPORT,InventoryReport,SUCCESS,4908
2026-04-23 13:46:12,clane,EXPORT_REPORT,SalesDashboard,SUCCESS,2655
2026-04-23 15:24:14,admin,ADMIN_CONFIG,AuditLogs,SUCCESS,3369
2026-04-23 09:46:40,davis,LOGOUT,SystemSettings,SUCCESS,664
2026-04-23 14:17:54,davis,CREATE_USER,SalesDashboard,SUCCESS,3114
2026-04-23 14:29:42,asmith,EXPORT_REPORT,UserManagement,SUCCESS,330
2026-04-23 15:23:18,admin,VIEW_REPORT,AuditLogs,SUCCESS,2248
2026-04-23 14:46:45,clane,LOGIN,SalesDashboard,SUCCESS,4884
2026-04-23 11:38:58,davis,EXPORT_REPORT,AuditLogs,SUCCESS,2552
2026-04-23 09:46:35,admin,LOGOUT,UserManagement,SUCCESS,2773
2026-04-23 12:07:15,davis,EXPORT_REPORT,AuditLogs,SUCCESS,4043
2026-04-23 10:32:20,clane,CREATE_USER,AuditLogs,SUCCESS,2594
2026-04-23 13:28:05,clane,VIEW_REPORT,UserManagement,SUCCESS,27
2026-04-23 15:50:38,bwhite,ADMIN_CONFIG,AuditLogs,SUCCESS,1249
2026-04-23 10:41:06,admin,CREATE_USER,AuditLogs,SUCCESS,1111
2026-04-23 04:07:02,bwhite,EXPORT_REPORT,SalesDashboard,SUCCESS,1956
2026-04-23 09:17:15,davis,VIEW_REPORT,SystemSettings,SUCCESS,4459
2026-04-23 13:05:00,davis,EXPORT_REPORT,SalesDashboard,SUCCESS,2907
2026-04-23 12:34:23,bwhite,EXPORT_REPORT,SystemSettings,SUCCESS,3048
2026-04-23 14:01:31,asmith,LOGOUT,UserManagement,SUCCESS,2879
2026-04-23 10:35:59,bwhite,LOGOUT,InventoryReport,SUCCESS,4890
2026-04-23 20:29:05,admin,LOGOUT,InventoryReport,SUCCESS,2156
2026-04-23 11:38:09,clane,EXPORT_REPORT,InventoryReport,SUCCESS,2638
2026-04-23 11:12:58,davis,LOGOUT,AuditLogs,SUCCESS,4251
2026-04-23 08:59:38,bwhite,DELETE_USER,UserManagement,SUCCESS,3348
2026-04-23 10:17:32,bwhite,LOGIN,AuditLogs,SUCCESS,574
2026-04-23 08:39:30,asmith,LOGOUT,SystemSettings,SUCCESS,1421
2026-04-23 15:22:27,bwhite,VIEW_REPORT,SystemSettings,SUCCESS,2829
2026-04-23 11:44:04,jdoe,ADMIN_CONFIG,AuditLogs,SUCCESS,3457
2026-04-23 12:01:05,davis,LOGIN,InventoryReport,SUCCESS,4936
2026-04-23 09:43:12,davis,VIEW_REPORT,SalesDashboard,SUCCESS,4605
2026-04-23 13:44:55,admin,DELETE_USER,UserManagement,SUCCESS,589
2026-04-23 10:51:54,admin,ADMIN_CONFIG,SalesDashboard,SUCCESS,3714
2026-04-23 15:10:00,admin,LOGOUT,SystemSettings,SUCCESS,1717
2026-04-23 09:16:45,asmith,CREATE_USER,SystemSettings,SUCCESS,1311
2026-04-23 09:51:51,bwhite,CREATE_USER,AuditLogs,SUCCESS,2931
2026-04-23 20:04:49,clane,VIEW_REPORT,SystemSettings,SUCCESS,3042
2026-04-23 11:40:26,admin,ADMIN_CONFIG,SalesDashboard,SUCCESS,4724
2026-04-23 08:40:04,davis,EXPORT_REPORT,InventoryReport,SUCCESS,1848
2026-04-23 21:50:11,jdoe,CREATE_USER,UserManagement,SUCCESS,1990
2026-04-23 12:01:05,davis,EXPORT_REPORT,SystemSettings,SUCCESS,4518
2026-04-23 08:56:34,jdoe,LOGOUT,SalesDashboard,SUCCESS,3173
2026-04-23 11:11:11,bwhite,LOGOUT,InventoryReport,SUCCESS,3784
2026-04-23 16:05:54,jdoe,LOGIN,SalesDashboard,SUCCESS,833
2026-04-23 14:58:10,jdoe,ADMIN_CONFIG,SalesDashboard,SUCCESS,4795
2026-04-23 16:27:54,asmith,EXPORT_REPORT,SalesDashboard,FAILURE,1320
2026-04-23 14:39:03,clane,VIEW_REPORT,AuditLogs,SUCCESS,613
2026-04-23 16:49:05,admin,VIEW_REPORT,SalesDashboard,SUCCESS,2367
2026-04-23 09:16:23,bwhite,EXPORT_REPORT,SystemSettings,SUCCESS,1362
2026-04-23 16:08:16,admin,VIEW_REPORT,SystemSettings,SUCCESS,2672
2026-04-23 13:18:54,asmith,ADMIN_CONFIG,SalesDashboard,SUCCESS,131
2026-04-23 15:16:37,davis,CREATE_USER,AuditLogs,SUCCESS,183
2026-04-23 09:44:44,admin,LOGOUT,SalesDashboard,SUCCESS,1831
2026-04-23 08:27:51,admin,LOGIN,InventoryReport,SUCCESS,542
2026-04-23 23:28:36,bwhite,EXPORT_REPORT,SystemSettings,SUCCESS,3728
2026-04-23 15:08:32,admin,CREATE_USER,UserManagement,SUCCESS,2822
2026-04-23 16:16:22,admin,LOGOUT,SalesDashboard,SUCCESS,730
2026-04-23 23:04:52,jdoe,EXPORT_REPORT,AuditLogs,SUCCESS,2110
2026-04-23 08:03:40,asmith,CREATE_USER,SalesDashboard,SUCCESS,3152
2026-04-23 15:38:17,asmith,LOGOUT,SystemSettings,SUCCESS,508
2026-04-23 08:00:19,davis,EXPORT_REPORT,SystemSettings,SUCCESS,3168
2026-04-23 09:33:00,bwhite,LOGOUT,SystemSettings,SUCCESS,3046
2026-04-23 01:44:30,jdoe,ADMIN_CONFIG,SystemSettings,SUCCESS,842
2026-04-23 10:29:06,bwhite,ADMIN_CONFIG,SalesDashboard,SUCCESS,4686
2026-04-23 08:31:16,asmith,EXPORT_REPORT,AuditLogs,SUCCESS,1900
2026-04-23 14:09:28,asmith,CREATE_USER,InventoryReport,SUCCESS,3549
2026-04-23 11:55:37,bwhite,ADMIN_CONFIG,SystemSettings,SUCCESS,827
2026-04-23 09:27:54,bwhite,ADMIN_CONFIG,UserManagement,SUCCESS,4309
2026-04-23 08:59:15,clane,LOGIN,InventoryReport,SUCCESS,3857
2026-04-23 16:17:22,jdoe,VIEW_REPORT,AuditLogs,SUCCESS,1474
2026-04-23 15:43:16,jdoe,EXPORT_REPORT,InventoryReport,SUCCESS,4395
2026-04-23 09:33:21,bwhite,LOGOUT,UserManagement,SUCCESS,3556
2026-04-23 16:06:11,admin,EXPORT_REPORT,InventoryReport,SUCCESS,1138
2026-04-23 16:08:08,clane,EXPORT_REPORT,UserManagement,SUCCESS,3856
2026-04-23 12:49:57,bwhite,ADMIN_CONFIG,AuditLogs,SUCCESS,3810
2026-04-23 09:52:42,davis,VIEW_REPORT,SystemSettings,SUCCESS,3201
2026-04-23 14:34:53,asmith,ADMIN_CONFIG,AuditLogs,SUCCESS,176
2026-04-23 11:08:26,clane,ADMIN_CONFIG,SalesDashboard,SUCCESS,657
2026-04-23 11:53:43,asmith,VIEW_REPORT,AuditLogs,SUCCESS,2107
2026-04-23 16:16:29,admin,VIEW_REPORT,SalesDashboard,SUCCESS,2452
2026-04-23 16:47:20,jdoe,LOGIN,SystemSettings,FAILURE,4507
2026-04-23 13:20:42,jdoe,LOGIN,AuditLogs,SUCCESS,95
2026-04-23 14:42:15,admin,EXPORT_REPORT,SystemSettings,SUCCESS,1189
2026-04-23 11:45:01,davis,LOGOUT,AuditLogs,SUCCESS,4573
2026-04-23 11:32:58,clane,DELETE_USER,SalesDashboard,SUCCESS,3683
2026-04-23 12:54:00,jdoe,ADMIN_CONFIG,SystemSettings,SUCCESS,1031
2026-04-23 10:53:07,davis,VIEW_REPORT,InventoryReport,SUCCESS,1705
2026-04-23 16:05:37,jdoe,CREATE_USER,SalesDashboard,SUCCESS,1669
2026-04-23 09:54:46,asmith,LOGOUT,AuditLogs,SUCCESS,1845
2026-04-23 16:51:11,jdoe,DELETE_USER,UserManagement,SUCCESS,3274
2026-04-23 18:12:39,asmith,DELETE_USER,SalesDashboard,SUCCESS,3922
2026-04-23 14:10:57,jdoe,CREATE_USER,InventoryReport,SUCCESS,3601
2026-04-23 12:19:31,clane,VIEW_REPORT,UserManagement,SUCCESS,4288
2026-04-23 16:21:13,admin,VIEW_REPORT,SystemSettings,SUCCESS,4732
2026-04-23 08:42:35,davis,VIEW_REPORT,AuditLogs,SUCCESS,4377
2026-04-23 08:54:45,davis,LOGIN,SalesDashboard,SUCCESS,3619
2026-04-23 11:59:18,admin,DELETE_USER,UserManagement,SUCCESS,3226
2026-04-23 11:33:07,asmith,DELETE_USER,InventoryReport,SUCCESS,4172
2026-04-23 09:52:24,jdoe,LOGOUT,SystemSettings,SUCCESS,1183
2026-04-23 08:08:57,asmith,EXPORT_REPORT,AuditLogs,SUCCESS,1483
2026-04-23 00:38:59,admin,DELETE_USER,SystemSettings,SUCCESS,63
2026-04-23 08:11:06,davis,ADMIN_CONFIG,AuditLogs,SUCCESS,4933
2026-04-23 00:30:31,bwhite,ADMIN_CONFIG,AuditLogs,SUCCESS,2105
2026-04-24 09:01:56,admin,VIEW_REPORT,AuditLogs,SUCCESS,2575
2026-04-24 12:26:16,clane,EXPORT_REPORT,UserManagement,SUCCESS,892
2026-04-24 14:40:26,davis,DELETE_USER,SalesDashboard,SUCCESS,4085
2026-04-24 09:26:36,bwhite,EXPORT_REPORT,UserManagement,SUCCESS,238
2026-04-24 11:14:08,bwhite,LOGIN,SalesDashboard,SUCCESS,4176
2026-04-24 13:45:35,asmith,ADMIN_CONFIG,InventoryReport,SUCCESS,872
2026-04-24 14:20:46,davis,LOGOUT,SystemSettings,SUCCESS,3769
2026-04-24 16:43:13,admin,CREATE_USER,InventoryReport,SUCCESS,3272
2026-04-24 10:30:07,jdoe,LOGIN,UserManagement,SUCCESS,4144
2026-04-24 13:19:32,bwhite,EXPORT_REPORT,InventoryReport,SUCCESS,233
2026-04-24 14:00:31,clane,LOGOUT,UserManagement,FAILURE,4162
2026-04-24 13:23:23,asmith,CREATE_USER,SystemSettings,FAILURE,4259
2026-04-24 16:29:07,jdoe,EXPORT_REPORT,InventoryReport,SUCCESS,2842
2026-04-24 15:47:56,bwhite,LOGIN,SalesDashboard,SUCCESS,4058
2026-04-24 09:07:01,davis,LOGIN,InventoryReport,SUCCESS,4135
2026-04-24 08:57:53,asmith,LOGOUT,InventoryReport,SUCCESS,2949
2026-04-24 19:55:02,admin,EXPORT_REPORT,AuditLogs,SUCCESS,2049
2026-04-24 21:52:57,clane,LOGOUT,SystemSettings,SUCCESS,1688
2026-04-24 13:52:01,davis,DELETE_USER,SystemSettings,SUCCESS,2826
2026-04-24 11:03:58,admin,ADMIN_CONFIG,SalesDashboard,SUCCESS,4579
2026-04-24 04:19:23,clane,EXPORT_REPORT,InventoryReport,SUCCESS,337
2026-04-24 12:44:26,bwhite,DELETE_USER,InventoryReport,SUCCESS,271
2026-04-24 09:48:35,asmith,CREATE_USER,AuditLogs,SUCCESS,1074
2026-04-24 13:56:35,jdoe,VIEW_REPORT,SystemSettings,SUCCESS,1204
2026-04-24 10:50:50,davis,VIEW_REPORT,SystemSettings,SUCCESS,800
2026-04-24 16:23:09,asmith,LOGOUT,SalesDashboard,SUCCESS,1653
2026-04-24 14:07:58,clane,LOGOUT,SystemSettings,SUCCESS,3761
2026-04-24 08:03:29,jdoe,EXPORT_REPORT,AuditLogs,SUCCESS,2328
2026-04-24 09:36:18,bwhite,LOGIN,SystemSettings,SUCCESS,545
2026-04-24 10:41:50,bwhite,LOGIN,SystemSettings,SUCCESS,2850
2026-04-24 16:58:14,jdoe,LOGOUT,SystemSettings,SUCCESS,23
2026-04-24 13:52:18,clane,ADMIN_CONFIG,SystemSettings,SUCCESS,2500
2026-04-24 22:05:59,davis,CREATE_USER,InventoryReport,SUCCESS,3608
2026-04-24 14:30:36,clane,EXPORT_REPORT,SystemSettings,SUCCESS,877
2026-04-24 12:30:46,admin,VIEW_REPORT,SalesDashboard,SUCCESS,3956
2026-04-24 17:54:56,jdoe,LOGIN,AuditLogs,SUCCESS,2323
2026-04-24 10:25:28,asmith,EXPORT_REPORT,SalesDashboard,SUCCESS,830
2026-04-24 13:18:56,clane,LOGIN,SalesDashboard,SUCCESS,65
2026-04-24 09:41:50,admin,LOGOUT,SystemSettings,SUCCESS,4731
2026-04-24 16:04:09,clane,LOGIN,SystemSettings,SUCCESS,966
2026-04-24 11:14:29,admin,ADMIN_CONFIG,InventoryReport,SUCCESS,2657
2026-04-24 10:07:25,admin,ADMIN_CONFIG,SalesDashboard,SUCCESS,4511
2026-04-24 16:46:20,clane,VIEW_REPORT,SalesDashboard,SUCCESS,4416
2026-04-24 01:10:40,bwhite,LOGOUT,InventoryReport,SUCCESS,966
2026-04-24 13:11:55,bwhite,LOGOUT,UserManagement,SUCCESS,3845
2026-04-24 14:54:18,admin,LOGOUT,SalesDashboard,SUCCESS,2914
2026-04-24 09:03:25,asmith,ADMIN_CONFIG,UserManagement,SUCCESS,981
2026-04-24 09:39:20,admin,VIEW_REPORT,SalesDashboard,SUCCESS,4108
2026-04-24 09:31:41,bwhite,EXPORT_REPORT,AuditLogs,SUCCESS,2450
2026-04-24 11:21:51,asmith,VIEW_REPORT,SystemSettings,SUCCESS,4683
2026-04-24 15:35:32,admin,VIEW_REPORT,SystemSettings,SUCCESS,886
2026-04-24 08:22:58,jdoe,ADMIN_CONFIG,SystemSettings,SUCCESS,369
2026-04-24 16:54:30,admin,EXPORT_REPORT,SystemSettings,SUCCESS,4383
2026-04-24 08:41:57,bwhite,EXPORT_REPORT,SystemSettings,SUCCESS,2428
2026-04-24 16:42:21,davis,LOGOUT,SystemSettings,SUCCESS,3871
2026-04-24 10:45:51,jdoe,ADMIN_CONFIG,InventoryReport,SUCCESS,230
2026-04-24 13:42:52,admin,CREATE_USER,InventoryReport,SUCCESS,4575
2026-04-24 13:58:22,bwhite,ADMIN_CONFIG,SystemSettings,SUCCESS,1408
2026-04-24 09:48:48,jdoe,LOGOUT,SalesDashboard,SUCCESS,2520
2026-04-24 10:38:16,jdoe,LOGIN,SystemSettings,SUCCESS,1614
2026-04-24 10:27:23,admin,VIEW_REPORT,SalesDashboard,SUCCESS,1289
2026-04-25 21:45:02,admin,EXPORT_REPORT,InventoryReport,SUCCESS,498
2026-04-25 00:12:03,admin,DELETE_USER,UserManagement,SUCCESS,1265
2026-04-25 16:01:10,davis,CREATE_USER,SalesDashboard,SUCCESS,3608
2026-04-25 05:24:59,jdoe,LOGOUT,InventoryReport,SUCCESS,1915
2026-04-25 23:34:18,bwhite,VIEW_REPORT,InventoryReport,SUCCESS,292
2026-04-25 11:10:39,jdoe,LOGOUT,SalesDashboard,SUCCESS,3327
2026-04-25 13:33:27,admin,CREATE_USER,SystemSettings,SUCCESS,1514
2026-04-25 06:05:32,jdoe,LOGOUT,SalesDashboard,SUCCESS,1846
2026-04-25 21:39:41,davis,LOGOUT,InventoryReport,SUCCESS,913
2026-04-25 10:55:47,asmith,LOGOUT,SystemSettings,SUCCESS,4138
2026-04-25 12:41:24,asmith,EXPORT_REPORT,InventoryReport,SUCCESS,4173
2026-04-26 23:38:13,jdoe,CREATE_USER,InventoryReport,SUCCESS,2612
2026-04-26 22:36:18,davis,VIEW_REPORT,InventoryReport,SUCCESS,4819
2026-04-26 13:21:05,jdoe,DELETE_USER,UserManagement,SUCCESS,3759
2026-04-26 21:55:12,asmith,LOGIN,AuditLogs,SUCCESS,3679
2026-04-26 03:08:48,admin,VIEW_REPORT,InventoryReport,SUCCESS,1431
2026-04-26 19:44:10,davis,DELETE_USER,UserManagement,SUCCESS,3089
2026-04-27 11:52:47,admin,LOGOUT,UserManagement,SUCCESS,3744
2026-04-27 08:11:22,davis,LOGIN,InventoryReport,SUCCESS,3830
2026-04-27 15:34:11,bwhite,CREATE_USER,SystemSettings,SUCCESS,794
2026-04-27 14:28:25,clane,VIEW_REPORT,InventoryReport,SUCCESS,4515
2026-04-27 16:55:56,asmith,LOGIN,AuditLogs,SUCCESS,1399
2026-04-27 16:41:37,admin,EXPORT_REPORT,AuditLogs,SUCCESS,451
2026-04-27 08:56:26,admin,LOGIN,SystemSettings,SUCCESS,1947
2026-04-27 13:51:27,bwhite,LOGOUT,SalesDashboard,SUCCESS,724
2026-04-27 15:30:04,jdoe,LOGOUT,SalesDashboard,SUCCESS,2818
2026-04-27 18:49:12,bwhite,LOGIN,AuditLogs,SUCCESS,559
2026-04-27 10:16:51,davis,VIEW_REPORT,SystemSettings,SUCCESS,3976
2026-04-27 09:31:47,davis,DELETE_USER,UserManagement,FAILURE,3505
2026-04-27 12:08:42,admin,LOGIN,InventoryReport,SUCCESS,2403
2026-04-27 11:37:00,bwhite,VIEW_REPORT,SystemSettings,FAILURE,2539
2026-04-27 09:56:41,davis,EXPORT_REPORT,SystemSettings,SUCCESS,2954
2026-04-27 08:48:19,bwhite,EXPORT_REPORT,AuditLogs,SUCCESS,3042
2026-04-27 15:15:04,admin,EXPORT_REPORT,SystemSettings,SUCCESS,4853
2026-04-27 15:33:01,asmith,CREATE_USER,SalesDashboard,SUCCESS,2651
2026-04-27 08:22:06,bwhite,EXPORT_REPORT,UserManagement,SUCCESS,3693
2026-04-27 08:23:29,bwhite,ADMIN_CONFIG,SalesDashboard,SUCCESS,1984
2026-04-27 09:22:58,bwhite,ADMIN_CONFIG,SystemSettings,SUCCESS,4754
2026-04-27 15:35:12,clane,DELETE_USER,AuditLogs,SUCCESS,1633
2026-04-27 12:49:56,admin,EXPORT_REPORT,UserManagement,SUCCESS,2099
2026-04-27 12:03:22,clane,EXPORT_REPORT,AuditLogs,SUCCESS,3272
2026-04-27 16:01:48,admin,ADMIN_CONFIG,UserManagement,SUCCESS,4026
2026-04-27 13:48:46,davis,EXPORT_REPORT,InventoryReport,SUCCESS,2107
2026-04-27 12:59:05,bwhite,ADMIN_CONFIG,InventoryReport,SUCCESS,1732
2026-04-27 15:15:16,clane,LOGIN,UserManagement,SUCCESS,2023
2026-04-27 11:33:02,admin,LOGOUT,SystemSettings,SUCCESS,1260
2026-04-27 15:39:07,davis,DELETE_USER,AuditLogs,SUCCESS,1912
2026-04-27 14:58:00,asmith,CREATE_USER,InventoryReport,SUCCESS,2199
2026-04-27 11:23:19,admin,DELETE_USER,SalesDashboard,SUCCESS,4819
2026-04-27 10:41:44,jdoe,LOGIN,SalesDashboard,SUCCESS,3040
2026-04-27 13:48:38,clane,LOGOUT,UserManagement,SUCCESS,399
2026-04-27 04:02:35,davis,LOGIN,UserManagement,SUCCESS,3131
2026-04-27 12:03:53,davis,ADMIN_CONFIG,AuditLogs,SUCCESS,3366
2026-04-27 12:55:30,davis,LOGIN,SystemSettings,SUCCESS,115
2026-04-27 12:21:13,admin,LOGOUT,UserManagement,SUCCESS,2826
2026-04-27 16:06:09,bwhite,LOGIN,AuditLogs,FAILURE,3164
2026-04-27 09:32:26,admin,LOGIN,SystemSettings,SUCCESS,305
2026-04-27 10:06:43,clane,VIEW_REPORT,InventoryReport,SUCCESS,1858
2026-04-27 12:57:33,admin,DELETE_USER,SystemSettings,SUCCESS,2766
2026-04-27 08:19:11,asmith,LOGIN,SalesDashboard,SUCCESS,3366
2026-04-27 10:58:57,admin,EXPORT_REPORT,InventoryReport,SUCCESS,3227
2026-04-27 12:04:54,jdoe,EXPORT_REPORT,AuditLogs,SUCCESS,1424
2026-04-27 12:55:58,admin,ADMIN_CONFIG,SalesDashboard,SUCCESS,4419
2026-04-27 15:31:34,bwhite,CREATE_USER,SalesDashboard,SUCCESS,4842
2026-04-27 14:39:01,asmith,CREATE_USER,UserManagement,SUCCESS,2769
2026-04-27 10:50:06,admin,DELETE_USER,SystemSettings,SUCCESS,2073
2026-04-27 16:36:43,admin,EXPORT_REPORT,SystemSettings,SUCCESS,1632
2026-04-28 14:54:14,clane,DELETE_USER,UserManagement,SUCCESS,2789
2026-04-28 10:43:05,asmith,LOGOUT,InventoryReport,SUCCESS,4393
2026-04-28 13:28:15,clane,LOGOUT,InventoryReport,SUCCESS,4364
2026-04-28 12:47:23,asmith,DELETE_USER,InventoryReport,SUCCESS,4074
2026-04-28 11:16:15,jdoe,LOGOUT,SalesDashboard,SUCCESS,4539
2026-04-28 15:28:16,davis,EXPORT_REPORT,InventoryReport,SUCCESS,556
2026-04-28 14:44:05,asmith,ADMIN_CONFIG,AuditLogs,SUCCESS,4144
2026-04-28 14:44:18,jdoe,LOGIN,InventoryReport,SUCCESS,3654
2026-04-28 08:33:34,bwhite,LOGOUT,SalesDashboard,SUCCESS,2361
2026-04-28 13:31:28,davis,DELETE_USER,SalesDashboard,SUCCESS,1043
2026-04-28 09:28:39,bwhite,DELETE_USER,UserManagement,SUCCESS,1350
2026-04-28 15:08:27,davis,EXPORT_REPORT,SalesDashboard,SUCCESS,3016
2026-04-28 11:02:43,bwhite,ADMIN_CONFIG,SalesDashboard,SUCCESS,3824
2026-04-28 04:32:28,admin,EXPORT_REPORT,AuditLogs,SUCCESS,2140
2026-04-28 04:34:09,admin,LOGIN,SystemSettings,SUCCESS,2885
2026-04-28 09:26:57,davis,LOGIN,SalesDashboard,SUCCESS,4970
2026-04-28 12:59:27,admin,DELETE_USER,SystemSettings,SUCCESS,1193
2026-04-28 15:09:53,clane,LOGOUT,SalesDashboard,SUCCESS,131
2026-04-28 15:56:09,asmith,CREATE_USER,SalesDashboard,SUCCESS,1957
2026-04-28 10:35:56,admin,VIEW_REPORT,SystemSettings,SUCCESS,4343
2026-04-28 13:40:56,admin,CREATE_USER,SalesDashboard,SUCCESS,3449
2026-04-28 08:56:09,bwhite,LOGOUT,InventoryReport,SUCCESS,1230
2026-04-28 03:56:30,admin,VIEW_REPORT,AuditLogs,SUCCESS,2412
2026-04-28 03:21:52,clane,EXPORT_REPORT,InventoryReport,SUCCESS,2805
2026-04-28 11:20:35,bwhite,CREATE_USER,SalesDashboard,SUCCESS,4535
2026-04-28 10:40:34,jdoe,LOGIN,AuditLogs,SUCCESS,4595
2026-04-28 10:48:13,jdoe,LOGIN,SalesDashboard,SUCCESS,3651
2026-04-28 08:09:51,clane,LOGOUT,InventoryReport,SUCCESS,1632
2026-04-28 08:59:18,asmith,VIEW_REPORT,SystemSettings,SUCCESS,503
2026-04-28 16:28:41,bwhite,ADMIN_CONFIG,SalesDashboard,SUCCESS,2251
2026-04-28 16:23:28,bwhite,LOGIN,AuditLogs,SUCCESS,1126
2026-04-28 09:52:41,jdoe,LOGIN,UserManagement,SUCCESS,1027
2026-04-28 13:29:59,bwhite,LOGIN,InventoryReport,SUCCESS,1511
2026-04-28 11:21:59,clane,DELETE_USER,SystemSettings,SUCCESS,4780
2026-04-28 16:34:04,bwhite,VIEW_REPORT,UserManagement,SUCCESS,891
2026-04-28 16:30:31,admin,EXPORT_REPORT,UserManagement,SUCCESS,28
2026-04-28 12:38:35,davis,LOGIN,InventoryReport,SUCCESS,3027
2026-04-28 13:07:43,admin,VIEW_REPORT,InventoryReport,SUCCESS,2458
2026-04-28 14:49:21,asmith,DELETE_USER,UserManagement,SUCCESS,3788
2026-04-28 08:03:38,clane,CREATE_USER,AuditLogs,SUCCESS,2871
2026-04-28 22:58:49,clane,EXPORT_REPORT,SalesDashboard,SUCCESS,3706
2026-04-28 16:31:20,davis,LOGIN,SalesDashboard,SUCCESS,603
2026-04-28 11:55:50,davis,LOGIN,AuditLogs,SUCCESS,1824
2026-04-28 09:44:19,jdoe,LOGOUT,SalesDashboard,SUCCESS,660
2026-04-28 20:52:31,admin,VIEW_REPORT,SalesDashboard,SUCCESS,4150
2026-04-28 20:40:10,asmith,VIEW_REPORT,SystemSettings,SUCCESS,2544
2026-04-28 10:35:12,admin,EXPORT_REPORT,SalesDashboard,SUCCESS,4637
2026-04-28 16:19:02,asmith,ADMIN_CONFIG,UserManagement,SUCCESS,488
2026-04-28 09:43:44,admin,ADMIN_CONFIG,AuditLogs,SUCCESS,2737
2026-04-28 09:53:55,jdoe,LOGIN,SystemSettings,SUCCESS,2795
2026-04-28 13:15:17,jdoe,DELETE_USER,UserManagement,SUCCESS,3913
2026-04-28 10:55:59,clane,EXPORT_REPORT,AuditLogs,SUCCESS,547
2026-04-28 10:23:52,clane,CREATE_USER,UserManagement,SUCCESS,3576
2026-04-28 11:09:45,admin,LOGIN,InventoryReport,SUCCESS,4266
2026-04-28 10:54:40,jdoe,LOGIN,UserManagement,SUCCESS,3880
2026-04-28 09:32:50,davis,VIEW_REPORT,AuditLogs,SUCCESS,117
2026-04-28 14:14:31,admin,ADMIN_CONFIG,InventoryReport,SUCCESS,4423
2026-04-28 09:55:59,admin,DELETE_USER,SystemSettings,SUCCESS,2210
2026-04-28 07:06:02,asmith,ADMIN_CONFIG,SystemSettings,SUCCESS,2126
2026-04-28 09:38:51,admin,LOGOUT,AuditLogs,SUCCESS,591
2026-04-28 14:26:54,bwhite,EXPORT_REPORT,AuditLogs,SUCCESS,1426
2026-04-28 02:54:11,admin,LOGOUT,AuditLogs,SUCCESS,3964
2026-04-28 14:00:00,clane,LOGOUT,SalesDashboard,SUCCESS,4250
2026-04-28 10:15:22,asmith,EXPORT_REPORT,InventoryReport,FAILURE,3714
2026-04-28 09:44:09,bwhite,CREATE_USER,InventoryReport,SUCCESS,3130
2026-04-28 16:49:32,jdoe,DELETE_USER,AuditLogs,SUCCESS,34
2026-04-28 08:30:24,bwhite,VIEW_REPORT,AuditLogs,SUCCESS,2105
2026-04-28 16:41:18,bwhite,LOGIN,InventoryReport,SUCCESS,2101
2026-04-28 14:52:42,bwhite,VIEW_REPORT,AuditLogs,SUCCESS,1300
2026-04-28 08:14:13,davis,EXPORT_REPORT,SystemSettings,SUCCESS,1313
2026-04-28 14:36:24,clane,VIEW_REPORT,SalesDashboard,SUCCESS,2832
2026-04-28 12:15:53,bwhite,LOGIN,InventoryReport,SUCCESS,2213
2026-04-28 08:30:28,asmith,LOGIN,InventoryReport,SUCCESS,3800
2026-04-28 15:37:30,davis,DELETE_USER,SalesDashboard,SUCCESS,1935
2026-04-28 12:21:13,davis,VIEW_REPORT,SalesDashboard,SUCCESS,1432
2026-04-28 13:22:01,admin,DELETE_USER,InventoryReport,SUCCESS,4215
2026-04-28 10:52:02,admin,EXPORT_REPORT,AuditLogs,SUCCESS,4442
2026-04-28 13:32:22,jdoe,EXPORT_REPORT,SalesDashboard,SUCCESS,3918
2026-04-28 15:00:57,asmith,EXPORT_REPORT,SalesDashboard,SUCCESS,4297
2026-04-28 15:54:03,bwhite,CREATE_USER,UserManagement,SUCCESS,2592
2026-04-28 11:34:26,admin,CREATE_USER,UserManagement,SUCCESS,2672
2026-04-28 16:15:24,admin,LOGIN,InventoryReport,SUCCESS,1516
2026-04-28 03:47:45,jdoe,VIEW_REPORT,SalesDashboard,SUCCESS,531
2026-04-28 09:37:52,asmith,ADMIN_CONFIG,InventoryReport,SUCCESS,3770
2026-04-28 14:36:51,bwhite,ADMIN_CONFIG,SystemSettings,SUCCESS,2353
2026-04-28 10:53:08,admin,LOGOUT,UserManagement,SUCCESS,2588
2026-04-28 15:32:40,jdoe,CREATE_USER,SalesDashboard,SUCCESS,2972
2026-04-29 15:57:21,davis,CREATE_USER,InventoryReport,SUCCESS,4146
2026-04-29 16:12:39,clane,VIEW_REPORT,AuditLogs,SUCCESS,3363
2026-04-29 13:50:08,jdoe,CREATE_USER,AuditLogs,SUCCESS,4047
2026-04-29 09:23:19,davis,DELETE_USER,SystemSettings,SUCCESS,3812
2026-04-29 14:10:03,asmith,LOGOUT,SalesDashboard,SUCCESS,264
2026-04-29 11:33:56,davis,LOGIN,InventoryReport,SUCCESS,407
2026-04-29 16:06:55,admin,LOGIN,InventoryReport,SUCCESS,1409
2026-04-29 09:21:23,asmith,DELETE_USER,UserManagement,SUCCESS,1371
2026-04-29 16:46:58,clane,LOGIN,UserManagement,SUCCESS,4173
2026-04-29 20:00:19,clane,DELETE_USER,AuditLogs,SUCCESS,4751
2026-04-29 10:51:27,asmith,EXPORT_REPORT,UserManagement,SUCCESS,3017
2026-04-29 13:23:45,jdoe,DELETE_USER,UserManagement,SUCCESS,2293
2026-04-29 10:33:35,admin,CREATE_USER,SystemSettings,SUCCESS,829
2026-04-29 14:09:12,davis,CREATE_USER,AuditLogs,SUCCESS,4450
2026-04-29 08:05:25,admin,CREATE_USER,InventoryReport,SUCCESS,303
2026-04-29 11:33:02,admin,LOGOUT,SystemSettings,SUCCESS,600
2026-04-29 10:07:29,jdoe,LOGIN,SystemSettings,SUCCESS,1796
2026-04-29 15:13:37,davis,ADMIN_CONFIG,UserManagement,SUCCESS,3668
2026-04-29 09:14:34,bwhite,EXPORT_REPORT,UserManagement,SUCCESS,3682
2026-04-29 21:51:07,asmith,VIEW_REPORT,SalesDashboard,SUCCESS,994
2026-04-29 10:24:45,bwhite,ADMIN_CONFIG,SalesDashboard,SUCCESS,1729
2026-04-29 15:20:10,clane,VIEW_REPORT,SystemSettings,SUCCESS,4267
2026-04-29 15:07:11,jdoe,EXPORT_REPORT,UserManagement,SUCCESS,3852
2026-04-29 16:36:48,davis,LOGIN,AuditLogs,SUCCESS,2074
2026-04-29 15:59:56,clane,CREATE_USER,AuditLogs,SUCCESS,2428
2026-04-29 11:35:25,bwhite,LOGIN,SalesDashboard,SUCCESS,4903
2026-04-29 15:56:17,asmith,ADMIN_CONFIG,SystemSettings,SUCCESS,3429
2026-04-29 12:55:24,clane,LOGOUT,UserManagement,SUCCESS,2492
2026-04-29 11:54:35,asmith,VIEW_REPORT,SystemSettings,FAILURE,3039
2026-04-29 14:23:52,admin,VIEW_REPORT,InventoryReport,SUCCESS,4398
2026-04-29 15:54:08,davis,EXPORT_REPORT,SystemSettings,SUCCESS,4972
2026-04-29 16:55:12,admin,EXPORT_REPORT,SalesDashboard,SUCCESS,4373
2026-04-29 09:25:04,bwhite,DELETE_USER,InventoryReport,SUCCESS,2652
2026-04-29 15:09:17,bwhite,LOGOUT,SalesDashboard,SUCCESS,2776
2026-04-29 11:48:45,admin,DELETE_USER,SystemSettings,SUCCESS,889
2026-04-29 08:54:04,admin,CREATE_USER,UserManagement,FAILURE,530
2026-04-29 10:22:37,jdoe,CREATE_USER,AuditLogs,SUCCESS,3979
2026-04-29 11:02:42,bwhite,VIEW_REPORT,SystemSettings,SUCCESS,446
2026-04-29 09:38:05,clane,CREATE_USER,InventoryReport,SUCCESS,435
2026-04-29 08:28:05,clane,LOGIN,UserManagement,SUCCESS,4080
2026-04-29 12:01:51,clane,LOGIN,SystemSettings,SUCCESS,772
2026-04-29 13:54:22,clane,EXPORT_REPORT,InventoryReport,SUCCESS,230
2026-04-29 09:29:51,bwhite,DELETE_USER,InventoryReport,SUCCESS,3272
2026-04-29 08:22:24,davis,VIEW_REPORT,UserManagement,FAILURE,4182
2026-04-29 09:33:57,admin,LOGOUT,UserManagement,SUCCESS,2479
2026-04-29 16:29:15,clane,EXPORT_REPORT,UserManagement,SUCCESS,4423
2026-04-29 11:21:36,admin,LOGOUT,SalesDashboard,SUCCESS,2918
2026-04-29 20:09:40,asmith,DELETE_USER,SalesDashboard,SUCCESS,1522
2026-04-29 14:13:25,asmith,ADMIN_CONFIG,UserManagement,SUCCESS,1502
2026-04-29 09:49:11,asmith,ADMIN_CONFIG,SalesDashboard,SUCCESS,717
2026-04-29 16:35:25,davis,LOGIN,SalesDashboard,FAILURE,3028
2026-04-29 13:26:27,clane,CREATE_USER,InventoryReport,SUCCESS,1310
2026-04-29 04:04:35,admin,CREATE_USER,UserManagement,SUCCESS,2351
2026-04-29 14:57:25,bwhite,LOGIN,AuditLogs,FAILURE,1376
2026-04-29 16:07:28,bwhite,CREATE_USER,AuditLogs,SUCCESS,3123
2026-04-29 14:56:38,davis,ADMIN_CONFIG,InventoryReport,SUCCESS,3138
2026-04-29 15:56:18,clane,ADMIN_CONFIG,UserManagement,SUCCESS,2403
2026-04-29 16:53:25,bwhite,EXPORT_REPORT,SystemSettings,SUCCESS,1618
2026-04-29 15:20:04,clane,VIEW_REPORT,SalesDashboard,SUCCESS,959
2026-04-29 09:32:07,davis,CREATE_USER,AuditLogs,SUCCESS,1342
2026-04-29 16:35:23,asmith,EXPORT_REPORT,InventoryReport,SUCCESS,3261
2026-04-29 15:55:44,clane,VIEW_REPORT,UserManagement,SUCCESS,2802
2026-04-29 10:46:11,admin,CREATE_USER,SalesDashboard,SUCCESS,227
2026-04-29 08:04:17,admin,DELETE_USER,SystemSettings,SUCCESS,2460
2026-04-29 10:48:03,bwhite,CREATE_USER,UserManagement,SUCCESS,4761
2026-04-29 15:27:50,jdoe,LOGIN,AuditLogs,SUCCESS,1103
2026-04-29 08:36:13,bwhite,EXPORT_REPORT,UserManagement,SUCCESS,1439
2026-04-29 13:15:16,bwhite,LOGOUT,InventoryReport,SUCCESS,123
2026-04-29 11:35:19,bwhite,ADMIN_CONFIG,AuditLogs,SUCCESS,3372
2026-04-29 13:04:16,admin,LOGOUT,SystemSettings,SUCCESS,3979
2026-04-29 09:49:15,admin,VIEW_REPORT,UserManagement,SUCCESS,2199
2026-04-29 08:13:15,clane,VIEW_REPORT,InventoryReport,SUCCESS,4448
2026-04-29 12:32:48,bwhite,CREATE_USER,AuditLogs,SUCCESS,428
2026-04-30 10:45:13,clane,CREATE_USER,UserManagement,SUCCESS,2217
2026-04-30 08:30:02,clane,LOGIN,InventoryReport,SUCCESS,3475
2026-04-30 09:45:54,asmith,CREATE_USER,SalesDashboard,SUCCESS,397
2026-04-30 12:58:10,davis,EXPORT_REPORT,UserManagement,SUCCESS,1183
2026-04-30 13:10:01,bwhite,LOGIN,SalesDashboard,SUCCESS,3335
2026-04-30 09:47:54,admin,LOGIN,InventoryReport,SUCCESS,3083
2026-04-30 10:58:01,clane,DELETE_USER,SalesDashboard,SUCCESS,1772
2026-04-30 08:21:17,admin,CREATE_USER,UserManagement,SUCCESS,929
2026-04-30 12:41:43,davis,LOGIN,SalesDashboard,SUCCESS,4926
2026-04-30 13:53:24,jdoe,VIEW_REPORT,SystemSettings,SUCCESS,2642
2026-04-30 08:50:35,asmith,EXPORT_REPORT,SalesDashboard,SUCCESS,552
2026-04-30 08:37:24,asmith,LOGIN,SalesDashboard,SUCCESS,2260
2026-04-30 12:21:06,jdoe,LOGOUT,InventoryReport,SUCCESS,335
2026-04-30 16:11:48,admin,DELETE_USER,UserManagement,SUCCESS,3246
2026-04-30 11:32:26,davis,LOGOUT,InventoryReport,SUCCESS,2405
2026-04-30 12:18:53,asmith,CREATE_USER,SystemSettings,SUCCESS,2437
2026-04-30 08:15:39,clane,CREATE_USER,UserManagement,SUCCESS,119
2026-04-30 12:54:58,clane,DELETE_USER,InventoryReport,SUCCESS,1574
2026-04-30 14:30:59,jdoe,LOGIN,SystemSettings,SUCCESS,4902
2026-04-30 14:56:15,clane,CREATE_USER,SystemSettings,SUCCESS,3820
2026-04-30 15:00:24,admin,LOGOUT,SalesDashboard,SUCCESS,4358
2026-04-30 08:01:08,jdoe,CREATE_USER,AuditLogs,SUCCESS,4075
2026-04-30 10:07:41,jdoe,EXPORT_REPORT,SystemSettings,SUCCESS,221
2026-04-30 15:03:02,jdoe,LOGIN,InventoryReport,SUCCESS,687
2026-04-30 08:47:56,admin,VIEW_REPORT,SalesDashboard,SUCCESS,3951
2026-04-30 10:34:44,jdoe,CREATE_USER,AuditLogs,SUCCESS,385
2026-04-30 08:35:06,bwhite,EXPORT_REPORT,AuditLogs,SUCCESS,889
2026-04-30 08:21:01,davis,EXPORT_REPORT,AuditLogs,SUCCESS,3932
2026-04-30 13:36:44,admin,VIEW_REPORT,SalesDashboard,SUCCESS,4348
2026-04-30 15:12:18,bwhite,VIEW_REPORT,UserManagement,SUCCESS,4311
2026-04-30 15:41:34,jdoe,VIEW_REPORT,UserManagement,SUCCESS,2241
2026-04-30 11:36:33,bwhite,LOGIN,InventoryReport,SUCCESS,1168
2026-04-30 15:03:29,bwhite,VIEW_REPORT,SystemSettings,SUCCESS,2564
2026-04-30 10:33:08,bwhite,VIEW_REPORT,InventoryReport,SUCCESS,4097
2026-04-30 11:58:55,bwhite,LOGIN,AuditLogs,SUCCESS,410
2026-04-30 08:38:36,davis,LOGIN,UserManagement,SUCCESS,2000
2026-04-30 16:33:22,asmith,DELETE_USER,InventoryReport,SUCCESS,1074
2026-04-30 16:13:41,davis,VIEW_REPORT,SystemSettings,SUCCESS,3509
2026-04-30 10:34:42,davis,LOGIN,UserManagement,SUCCESS,1855
2026-04-30 14:31:10,clane,ADMIN_CONFIG,SalesDashboard,SUCCESS,3420
2026-04-30 11:47:26,clane,VIEW_REPORT,SalesDashboard,SUCCESS,1223
2026-04-30 12:55:20,admin,VIEW_REPORT,SalesDashboard,SUCCESS,3730
2026-04-30 14:56:46,davis,CREATE_USER,SystemSettings,SUCCESS,2010
2026-04-30 13:05:51,bwhite,VIEW_REPORT,SystemSettings,SUCCESS,4781
2026-04-30 00:33:14,davis,ADMIN_CONFIG,AuditLogs,SUCCESS,1133
2026-04-30 10:04:59,jdoe,DELETE_USER,SystemSettings,SUCCESS,4983
2026-04-30 10:24:44,admin,CREATE_USER,SalesDashboard,SUCCESS,374
2026-04-30 15:44:01,bwhite,ADMIN_CONFIG,InventoryReport,SUCCESS,3389
2026-04-30 10:14:20,davis,DELETE_USER,SystemSettings,SUCCESS,4134
2026-04-30 09:59:01,bwhite,VIEW_REPORT,InventoryReport,SUCCESS,2857
2026-04-30 09:22:42,jdoe,LOGIN,AuditLogs,SUCCESS,3890
2026-04-30 10:04:24,admin,LOGOUT,SystemSettings,SUCCESS,133
2026-04-30 15:31:12,clane,DELETE_USER,SalesDashboard,SUCCESS,1481
2026-04-30 14:25:23,clane,EXPORT_REPORT,UserManagement,SUCCESS,3051
2026-04-30 14:59:20,jdoe,CREATE_USER,UserManagement,FAILURE,4681
2026-04-30 12:14:12,jdoe,EXPORT_REPORT,UserManagement,SUCCESS,3059
2026-04-30 12:24:31,admin,CREATE_USER,SalesDashboard,SUCCESS,2158
2026-04-30 08:41:42,asmith,ADMIN_CONFIG,SalesDashboard,SUCCESS,1226
2026-04-30 11:57:10,davis,LOGIN,SalesDashboard,SUCCESS,1701
2026-04-30 11:15:04,clane,EXPORT_REPORT,InventoryReport,SUCCESS,2751
2026-04-30 16:49:11,admin,LOGOUT,SalesDashboard,SUCCESS,1685
2026-04-30 12:29:48,admin,LOGIN,SalesDashboard,SUCCESS,2483
2026-04-30 15:04:23,admin,LOGOUT,UserManagement,FAILURE,4360
2026-04-30 11:28:02,bwhite,ADMIN_CONFIG,AuditLogs,SUCCESS,1664
2026-05-01 02:17:19,admin,CREATE_USER,SalesDashboard,SUCCESS,3926
2026-05-01 15:18:58,admin,VIEW_REPORT,AuditLogs,SUCCESS,4522
2026-05-01 09:53:04,asmith,CREATE_USER,SalesDashboard,SUCCESS,2742
2026-05-01 01:29:05,clane,ADMIN_CONFIG,AuditLogs,SUCCESS,2779
2026-05-01 14:08:15,jdoe,EXPORT_REPORT,InventoryReport,SUCCESS,4443
2026-05-01 16:05:33,davis,LOGIN,SystemSettings,SUCCESS,1714
2026-05-01 16:23:53,clane,VIEW_REPORT,SalesDashboard,SUCCESS,3693
2026-05-01 15:07:40,davis,EXPORT_REPORT,SystemSettings,SUCCESS,3529
2026-05-01 16:43:20,clane,LOGOUT,AuditLogs,SUCCESS,3755
2026-05-01 09:32:51,davis,LOGIN,InventoryReport,SUCCESS,4331
2026-05-01 10:14:00,davis,LOGIN,SalesDashboard,SUCCESS,2146
2026-05-01 13:29:52,asmith,VIEW_REPORT,UserManagement,SUCCESS,3226
2026-05-01 22:54:47,jdoe,EXPORT_REPORT,SystemSettings,SUCCESS,17
2026-05-01 11:46:12,jdoe,ADMIN_CONFIG,SystemSettings,SUCCESS,12
2026-05-01 13:22:33,davis,DELETE_USER,UserManagement,FAILURE,1642
2026-05-01 11:36:36,asmith,LOGOUT,UserManagement,SUCCESS,3577
2026-05-01 14:52:32,bwhite,LOGOUT,SalesDashboard,FAILURE,4004
2026-05-01 14:52:26,bwhite,DELETE_USER,InventoryReport,SUCCESS,3267
2026-05-01 14:35:57,asmith,LOGOUT,AuditLogs,SUCCESS,4978
2026-05-01 13:34:46,davis,ADMIN_CONFIG,AuditLogs,SUCCESS,2342
2026-05-01 11:17:01,admin,DELETE_USER,SalesDashboard,FAILURE,2114
2026-05-01 15:22:59,clane,DELETE_USER,UserManagement,SUCCESS,3386
2026-05-01 16:50:47,davis,EXPORT_REPORT,SystemSettings,SUCCESS,1410
2026-05-01 22:12:00,jdoe,DELETE_USER,UserManagement,SUCCESS,3226
2026-05-01 09:26:34,clane,LOGIN,SalesDashboard,SUCCESS,4608
2026-05-01 13:40:17,asmith,LOGIN,UserManagement,SUCCESS,1085
2026-05-01 12:19:40,jdoe,LOGIN,InventoryReport,SUCCESS,2455
2026-05-01 09:27:22,jdoe,ADMIN_CONFIG,UserManagement,SUCCESS,3611
2026-05-01 09:15:31,admin,ADMIN_CONFIG,InventoryReport,SUCCESS,4306
2026-05-01 15:59:12,davis,LOGOUT,SystemSettings,SUCCESS,2493
2026-05-01 14:33:45,jdoe,CREATE_USER,SalesDashboard,SUCCESS,277
2026-05-01 14:39:14,clane,VIEW_REPORT,UserManagement,SUCCESS,246
2026-05-01 02:09:31,asmith,EXPORT_REPORT,UserManagement,SUCCESS,2966
2026-05-01 09:50:06,bwhite,ADMIN_CONFIG,AuditLogs,FAILURE,3657
2026-05-01 08:55:54,admin,DELETE_USER,UserManagement,SUCCESS,4750
2026-05-01 10:47:45,davis,LOGOUT,UserManagement,SUCCESS,3377
2026-05-01 13:13:23,jdoe,VIEW_REPORT,SalesDashboard,SUCCESS,1077
2026-05-01 10:04:44,asmith,LOGOUT,AuditLogs,FAILURE,3015
2026-05-01 10:13:47,bwhite,LOGOUT,SalesDashboard,SUCCESS,835
2026-05-01 11:59:14,clane,ADMIN_CONFIG,AuditLogs,SUCCESS,2032
2026-05-01 09:10:15,davis,VIEW_REPORT,SystemSettings,SUCCESS,4233
2026-05-01 14:18:34,asmith,LOGOUT,SalesDashboard,SUCCESS,1545
2026-05-01 16:26:38,jdoe,LOGOUT,AuditLogs,SUCCESS,3185
2026-05-01 09:40:29,jdoe,ADMIN_CONFIG,UserManagement,SUCCESS,4959
2026-05-01 16:27:27,jdoe,ADMIN_CONFIG,SalesDashboard,SUCCESS,1113
2026-05-01 14:54:32,clane,EXPORT_REPORT,SalesDashboard,SUCCESS,3026
2026-05-01 23:58:42,admin,ADMIN_CONFIG,SystemSettings,SUCCESS,2149
2026-05-01 06:32:59,admin,VIEW_REPORT,SystemSettings,SUCCESS,175
2026-05-01 12:50:52,davis,CREATE_USER,SalesDashboard,SUCCESS,822
2026-05-01 14:10:27,davis,DELETE_USER,InventoryReport,SUCCESS,308
2026-05-01 17:46:52,asmith,DELETE_USER,SystemSettings,SUCCESS,476
2026-05-01 11:09:25,davis,EXPORT_REPORT,InventoryReport,SUCCESS,3773
2026-05-01 11:08:15,asmith,DELETE_USER,AuditLogs,SUCCESS,392
2026-05-01 10:12:41,davis,ADMIN_CONFIG,AuditLogs,SUCCESS,3298
2026-05-01 15:15:02,asmith,CREATE_USER,UserManagement,SUCCESS,3357
2026-05-01 11:58:11,admin,DELETE_USER,UserManagement,SUCCESS,2770
2026-05-01 08:35:08,clane,LOGOUT,SystemSettings,SUCCESS,2973
2026-05-01 01:10:22,asmith,LOGOUT,SystemSettings,SUCCESS,2228
2026-05-01 14:26:33,jdoe,LOGIN,UserManagement,SUCCESS,3505
2026-05-01 09:25:34,bwhite,LOGIN,UserManagement,SUCCESS,4990
2026-05-01 16:27:16,clane,LOGIN,SalesDashboard,SUCCESS,1269
2026-05-01 22:20:04,asmith,VIEW_REPORT,InventoryReport,SUCCESS,2623
2026-05-01 12:52:51,jdoe,LOGIN,UserManagement,SUCCESS,1201
2026-05-01 13:49:53,asmith,VIEW_REPORT,SystemSettings,SUCCESS,641
2026-05-01 11:26:38,jdoe,LOGOUT,AuditLogs,SUCCESS,1873
2026-05-02 20:15:24,admin,LOGIN,SystemSettings,SUCCESS,1373
2026-05-02 20:54:14,jdoe,VIEW_REPORT,InventoryReport,SUCCESS,3674
2026-05-02 20:13:49,asmith,LOGIN,SystemSettings,SUCCESS,397
2026-05-02 17:16:46,bwhite,DELETE_USER,AuditLogs,SUCCESS,4549
2026-05-02 14:15:55,bwhite,LOGIN,SystemSettings,SUCCESS,1428
2026-05-02 23:55:39,davis,EXPORT_REPORT,UserManagement,SUCCESS,770
2026-05-02 17:05:32,asmith,LOGOUT,SalesDashboard,SUCCESS,56
2026-05-02 19:01:50,asmith,LOGIN,SystemSettings,SUCCESS,1898
2026-05-02 12:10:57,jdoe,VIEW_REPORT,SalesDashboard,SUCCESS,2147
2026-05-02 20:29:36,davis,CREATE_USER,UserManagement,SUCCESS,4976
2026-05-03 13:51:33,bwhite,LOGIN,InventoryReport,SUCCESS,4746
2026-05-03 08:04:20,clane,CREATE_USER,AuditLogs,SUCCESS,2816
2026-05-03 09:32:46,asmith,LOGIN,InventoryReport,SUCCESS,3078
2026-05-03 20:00:36,bwhite,LOGIN,UserManagement,SUCCESS,391
2026-05-03 16:22:36,asmith,LOGOUT,UserManagement,SUCCESS,2386
2026-05-03 21:28:07,bwhite,DELETE_USER,SalesDashboard,SUCCESS,1003
2026-05-03 02:38:53,admin,EXPORT_REPORT,SalesDashboard,SUCCESS,1854
2026-05-03 15:38:06,davis,EXPORT_REPORT,SalesDashboard,SUCCESS,1677
2026-05-04 11:36:23,admin,LOGOUT,InventoryReport,SUCCESS,2101
2026-05-04 12:16:19,bwhite,ADMIN_CONFIG,AuditLogs,SUCCESS,2955
2026-05-04 11:29:49,asmith,VIEW_REPORT,UserManagement,SUCCESS,1019
2026-05-04 15:46:00,davis,CREATE_USER,AuditLogs,SUCCESS,3537
2026-05-04 12:15:28,davis,EXPORT_REPORT,SystemSettings,SUCCESS,2473
2026-05-04 10:10:36,asmith,LOGIN,SalesDashboard,SUCCESS,3378
2026-05-04 14:55:28,clane,EXPORT_REPORT,AuditLogs,SUCCESS,3039
2026-05-04 22:20:03,clane,LOGIN,AuditLogs,SUCCESS,3350
2026-05-04 10:36:36,bwhite,EXPORT_REPORT,AuditLogs,SUCCESS,326
2026-05-04 08:02:59,admin,CREATE_USER,SystemSettings,FAILURE,330
2026-05-04 14:49:42,jdoe,EXPORT_REPORT,AuditLogs,SUCCESS,3089
2026-05-04 09:29:13,admin,CREATE_USER,SalesDashboard,SUCCESS,612
2026-05-04 23:22:24,clane,EXPORT_REPORT,SystemSettings,SUCCESS,3422
2026-05-04 15:31:02,clane,ADMIN_CONFIG,UserManagement,SUCCESS,1514
2026-05-04 16:26:34,bwhite,LOGIN,SystemSettings,SUCCESS,1630
2026-05-04 11:24:58,clane,VIEW_REPORT,InventoryReport,SUCCESS,459
2026-05-04 15:35:40,jdoe,CREATE_USER,SalesDashboard,SUCCESS,4045
2026-05-04 12:06:53,davis,DELETE_USER,AuditLogs,SUCCESS,766
2026-05-04 10:30:36,asmith,CREATE_USER,AuditLogs,FAILURE,359
2026-05-04 07:53:25,clane,EXPORT_REPORT,AuditLogs,SUCCESS,97
2026-05-04 09:53:59,clane,ADMIN_CONFIG,SalesDashboard,SUCCESS,3008
2026-05-04 19:51:26,admin,EXPORT_REPORT,SystemSettings,SUCCESS,4647
2026-05-04 14:07:14,bwhite,CREATE_USER,InventoryReport,SUCCESS,2125
2026-05-04 13:13:07,bwhite,LOGIN,AuditLogs,SUCCESS,4550
2026-05-04 13:16:25,davis,LOGIN,InventoryReport,SUCCESS,4567
2026-05-04 15:48:05,clane,CREATE_USER,AuditLogs,SUCCESS,3181
2026-05-04 15:33:31,jdoe,EXPORT_REPORT,AuditLogs,SUCCESS,325
2026-05-04 08:48:39,clane,DELETE_USER,InventoryReport,SUCCESS,3649
2026-05-04 10:15:32,clane,DELETE_USER,AuditLogs,SUCCESS,1803
2026-05-04 13:59:55,admin,CREATE_USER,InventoryReport,SUCCESS,1210
2026-05-04 16:08:52,jdoe,VIEW_REPORT,UserManagement,SUCCESS,1662
2026-05-04 08:35:19,clane,CREATE_USER,UserManagement,SUCCESS,3539
2026-05-04 09:12:03,asmith,LOGIN,UserManagement,SUCCESS,1857
2026-05-04 09:08:53,davis,CREATE_USER,InventoryReport,SUCCESS,2811
2026-05-04 20:46:06,jdoe,ADMIN_CONFIG,UserManagement,SUCCESS,3629
2026-05-04 16:17:27,asmith,DELETE_USER,InventoryReport,SUCCESS,3137
2026-05-04 03:45:43,admin,ADMIN_CONFIG,UserManagement,SUCCESS,25
2026-05-04 15:35:39,asmith,EXPORT_REPORT,SystemSettings,SUCCESS,1686
2026-05-04 12:32:41,jdoe,VIEW_REPORT,SystemSettings,SUCCESS,891
2026-05-04 14:14:32,bwhite,LOGIN,InventoryReport,SUCCESS,201
2026-05-04 08:30:55,bwhite,EXPORT_REPORT,AuditLogs,SUCCESS,2639
2026-05-04 14:47:23,asmith,LOGIN,SystemSettings,SUCCESS,4516
2026-05-04 11:27:56,bwhite,LOGOUT,UserManagement,SUCCESS,3456
2026-05-04 09:28:21,bwhite,VIEW_REPORT,SalesDashboard,SUCCESS,2819
2026-05-04 04:44:59,asmith,ADMIN_CONFIG,UserManagement,SUCCESS,4596
2026-05-04 09:53:32,asmith,CREATE_USER,SalesDashboard,SUCCESS,1275
2026-05-04 22:24:13,davis,ADMIN_CONFIG,AuditLogs,SUCCESS,3741
2026-05-04 20:45:35,asmith,LOGIN,AuditLogs,SUCCESS,4739
2026-05-04 04:07:16,davis,CREATE_USER,UserManagement,SUCCESS,160
2026-05-04 09:38:50,bwhite,CREATE_USER,SalesDashboard,SUCCESS,1564
2026-05-04 15:47:51,admin,ADMIN_CONFIG,AuditLogs,FAILURE,874
2026-05-04 15:05:45,bwhite,CREATE_USER,AuditLogs,SUCCESS,230
2026-05-04 11:22:42,bwhite,DELETE_USER,UserManagement,SUCCESS,2524
2026-05-04 12:52:11,asmith,VIEW_REPORT,AuditLogs,FAILURE,2654
2026-05-04 14:40:20,jdoe,LOGIN,AuditLogs,SUCCESS,897
2026-05-04 08:28:15,bwhite,ADMIN_CONFIG,InventoryReport,SUCCESS,718
2026-05-04 15:41:24,asmith,DELETE_USER,InventoryReport,SUCCESS,2105
2026-05-04 09:29:59,davis,LOGOUT,AuditLogs,SUCCESS,2282
2026-05-04 08:29:43,admin,ADMIN_CONFIG,SalesDashboard,SUCCESS,4193
2026-05-04 17:23:26,asmith,VIEW_REPORT,InventoryReport,SUCCESS,1071
2026-05-04 15:35:20,bwhite,EXPORT_REPORT,SalesDashboard,SUCCESS,19
2026-05-05 14:17:04,davis,LOGIN,InventoryReport,SUCCESS,3649
2026-05-05 09:57:19,jdoe,LOGOUT,InventoryReport,SUCCESS,1990
2026-05-05 14:54:37,jdoe,LOGOUT,AuditLogs,SUCCESS,1931
2026-05-05 16:07:48,bwhite,EXPORT_REPORT,AuditLogs,SUCCESS,74
2026-05-05 10:07:15,clane,LOGOUT,UserManagement,SUCCESS,1924
2026-05-05 10:08:01,asmith,VIEW_REPORT,InventoryReport,SUCCESS,468
2026-05-05 11:32:19,asmith,LOGOUT,SystemSettings,SUCCESS,1027
2026-05-05 13:59:22,jdoe,CREATE_USER,InventoryReport,SUCCESS,306
2026-05-05 09:25:08,asmith,ADMIN_CONFIG,SalesDashboard,SUCCESS,204
2026-05-05 13:42:25,clane,LOGOUT,AuditLogs,SUCCESS,4205
2026-05-05 12:17:42,asmith,ADMIN_CONFIG,InventoryReport,SUCCESS,2322
2026-05-05 11:06:05,clane,CREATE_USER,UserManagement,SUCCESS,2806
2026-05-05 09:56:58,jdoe,DELETE_USER,SystemSettings,SUCCESS,3678
2026-05-05 09:28:34,davis,VIEW_REPORT,UserManagement,SUCCESS,1452
2026-05-05 13:36:52,clane,LOGIN,InventoryReport,SUCCESS,3894
2026-05-05 09:18:42,jdoe,CREATE_USER,AuditLogs,SUCCESS,2919
2026-05-05 14:33:04,bwhite,LOGOUT,SystemSettings,SUCCESS,4190
2026-05-05 12:25:26,bwhite,CREATE_USER,SystemSettings,SUCCESS,275
2026-05-05 14:00:10,admin,VIEW_REPORT,SystemSettings,SUCCESS,1199
2026-05-05 22:17:12,bwhite,VIEW_REPORT,UserManagement,SUCCESS,3465
2026-05-05 12:51:16,clane,CREATE_USER,InventoryReport,SUCCESS,4429
2026-05-05 14:31:40,davis,DELETE_USER,UserManagement,SUCCESS,4499
2026-05-05 08:45:59,jdoe,LOGIN,UserManagement,SUCCESS,2946
2026-05-05 04:03:07,admin,LOGOUT,InventoryReport,SUCCESS,882
2026-05-05 10:10:02,clane,EXPORT_REPORT,SalesDashboard,SUCCESS,2245
2026-05-05 08:44:20,davis,ADMIN_CONFIG,UserManagement,FAILURE,1426
2026-05-05 12:25:29,admin,EXPORT_REPORT,SalesDashboard,SUCCESS,4584
2026-05-05 11:02:13,davis,ADMIN_CONFIG,SystemSettings,SUCCESS,159
2026-05-05 16:10:28,jdoe,LOGIN,InventoryReport,SUCCESS,60
2026-05-05 10:47:24,clane,CREATE_USER,InventoryReport,SUCCESS,1080
2026-05-05 07:35:53,jdoe,LOGOUT,UserManagement,SUCCESS,229
2026-05-05 13:53:51,asmith,VIEW_REPORT,InventoryReport,SUCCESS,3348
2026-05-05 07:52:08,admin,DELETE_USER,SystemSettings,SUCCESS,4560
2026-05-05 15:29:40,asmith,LOGIN,AuditLogs,SUCCESS,1121
2026-05-05 09:57:32,admin,VIEW_REPORT,SalesDashboard,SUCCESS,2071
2026-05-05 15:27:12,admin,CREATE_USER,AuditLogs,SUCCESS,3334
2026-05-05 09:21:45,jdoe,DELETE_USER,AuditLogs,SUCCESS,3756
2026-05-05 12:08:35,asmith,DELETE_USER,AuditLogs,SUCCESS,4156
2026-05-05 14:07:41,clane,LOGIN,SalesDashboard,SUCCESS,901
2026-05-05 12:08:10,clane,LOGOUT,SalesDashboard,SUCCESS,825
2026-05-05 13:22:07,admin,LOGOUT,SalesDashboard,SUCCESS,1190
2026-05-05 12:38:54,admin,CREATE_USER,InventoryReport,SUCCESS,3476
2026-05-05 08:40:57,admin,ADMIN_CONFIG,SalesDashboard,SUCCESS,1575
2026-05-05 10:52:36,bwhite,LOGIN,AuditLogs,SUCCESS,4678
2026-05-05 16:24:32,clane,VIEW_REPORT,SystemSettings,SUCCESS,4084
2026-05-05 14:24:35,jdoe,LOGIN,UserManagement,SUCCESS,1786
2026-05-05 13:19:48,bwhite,DELETE_USER,UserManagement,SUCCESS,3021
2026-05-05 11:16:44,davis,EXPORT_REPORT,AuditLogs,SUCCESS,3462
2026-05-05 08:24:59,clane,LOGOUT,InventoryReport,SUCCESS,4904
2026-05-05 08:49:34,asmith,VIEW_REPORT,SystemSettings,SUCCESS,4426
2026-05-05 16:25:08,clane,EXPORT_REPORT,InventoryReport,SUCCESS,1048
2026-05-05 16:13:36,jdoe,DELETE_USER,SystemSettings,SUCCESS,4239
2026-05-05 12:46:08,asmith,LOGIN,AuditLogs,SUCCESS,4412
2026-05-05 13:44:23,jdoe,LOGIN,UserManagement,SUCCESS,3439
2026-05-05 22:56:06,jdoe,LOGOUT,SalesDashboard,SUCCESS,4265
2026-05-05 15:24:35,davis,LOGOUT,SystemSettings,FAILURE,2938
2026-05-05 16:30:07,bwhite,CREATE_USER,SystemSettings,SUCCESS,1892
2026-05-05 13:10:10,asmith,LOGIN,AuditLogs,SUCCESS,896
2026-05-05 10:34:14,jdoe,EXPORT_REPORT,AuditLogs,SUCCESS,4030
2026-05-05 16:24:13,jdoe,CREATE_USER,SalesDashboard,SUCCESS,1087
2026-05-05 15:55:54,admin,VIEW_REPORT,SalesDashboard,SUCCESS,1163
2026-05-05 08:21:12,asmith,VIEW_REPORT,UserManagement,SUCCESS,2035
2026-05-05 11:14:54,admin,ADMIN_CONFIG,UserManagement,SUCCESS,2563
2026-05-05 21:41:52,asmith,CREATE_USER,UserManagement,SUCCESS,2704
2026-05-05 09:05:36,jdoe,EXPORT_REPORT,InventoryReport,SUCCESS,2580
2026-05-05 16:30:29,clane,ADMIN_CONFIG,UserManagement,SUCCESS,1114
2026-05-05 14:24:02,asmith,LOGIN,UserManagement,FAILURE,789
2026-05-05 15:03:34,bwhite,EXPORT_REPORT,InventoryReport,SUCCESS,1592
2026-05-05 06:30:21,asmith,LOGIN,SystemSettings,SUCCESS,4340
2026-05-05 10:04:02,davis,EXPORT_REPORT,SalesDashboard,FAILURE,2922
2026-05-05 12:07:29,davis,LOGIN,UserManagement,SUCCESS,4666
2026-05-05 10:58:29,bwhite,CREATE_USER,SystemSettings,SUCCESS,779
2026-05-05 14:17:12,clane,CREATE_USER,AuditLogs,SUCCESS,4894
2026-05-05 07:26:46,davis,CREATE_USER,UserManagement,SUCCESS,4779
2026-05-05 15:52:59,davis,DELETE_USER,SystemSettings,SUCCESS,276
2026-05-05 16:42:52,admin,ADMIN_CONFIG,AuditLogs,SUCCESS,778
2026-05-05 15:34:37,jdoe,LOGOUT,InventoryReport,SUCCESS,3593
2026-05-05 16:50:44,asmith,ADMIN_CONFIG,UserManagement,SUCCESS,2041
2026-05-05 09:25:25,bwhite,DELETE_USER,SystemSettings,SUCCESS,3007
2026-05-05 12:49:42,davis,LOGOUT,SystemSettings,SUCCESS,3243
2026-05-05 09:02:10,davis,CREATE_USER,InventoryReport,SUCCESS,2724
2026-05-05 11:33:54,jdoe,EXPORT_REPORT,SalesDashboard,SUCCESS,1175
2026-05-05 11:49:24,admin,LOGIN,UserManagement,SUCCESS,2250
2026-05-05 02:05:35,jdoe,CREATE_USER,SalesDashboard,SUCCESS,4282
2026-05-05 08:52:18,jdoe,LOGOUT,InventoryReport,SUCCESS,4159
2026-05-05 09:25:03,bwhite,LOGIN,UserManagement,SUCCESS,4714
2026-05-05 13:05:01,jdoe,ADMIN_CONFIG,InventoryReport,SUCCESS,1100
2026-05-05 08:16:47,bwhite,LOGIN,UserManagement,SUCCESS,2280
2026-05-05 13:36:57,davis,LOGOUT,SystemSettings,SUCCESS,639
2026-05-05 16:51:31,davis,EXPORT_REPORT,InventoryReport,SUCCESS,3712
2026-05-05 12:36:14,davis,VIEW_REPORT,UserManagement,SUCCESS,1870
2026-05-05 11:55:50,jdoe,CREATE_USER,UserManagement,SUCCESS,2677
2026-05-05 12:47:15,bwhite,DELETE_USER,AuditLogs,SUCCESS,4096
2026-05-05 09:29:46,bwhite,CREATE_USER,AuditLogs,SUCCESS,1820
2026-05-05 09:14:39,admin,CREATE_USER,AuditLogs,SUCCESS,519
2026-05-05 16:19:24,davis,EXPORT_REPORT,SalesDashboard,SUCCESS,4647
2026-05-05 08:55:50,davis,CREATE_USER,UserManagement,SUCCESS,358
2026-05-05 08:15:40,admin,LOGIN,SalesDashboard,FAILURE,938
2026-05-05 08:11:40,jdoe,LOGIN,SystemSettings,SUCCESS,1223
2026-05-05 10:28:08,jdoe,LOGIN,UserManagement,FAILURE,3613
2026-05-05 16:33:14,admin,LOGOUT,UserManagement,SUCCESS,1377
2026-05-05 13:15:57,asmith,ADMIN_CONFIG,InventoryReport,SUCCESS,3459
2026-05-05 11:59:48,admin,EXPORT_REPORT,InventoryReport,SUCCESS,350
2026-05-05 08:56:14,davis,CREATE_USER,InventoryReport,SUCCESS,1144
2026-05-05 09:11:20,davis,CREATE_USER,SalesDashboard,SUCCESS,2626
2026-05-05 12:47:01,clane,DELETE_USER,SalesDashboard,SUCCESS,2412
2026-05-05 12:54:53,asmith,VIEW_REPORT,InventoryReport,SUCCESS,2438
2026-05-05 07:27:29,asmith,ADMIN_CONFIG,SalesDashboard,SUCCESS,1456
2026-05-05 14:35:50,bwhite,CREATE_USER,UserManagement,SUCCESS,767
2026-05-05 15:51:46,asmith,LOGIN,InventoryReport,SUCCESS,3491
2026-05-05 13:05:52,jdoe,LOGOUT,SystemSettings,SUCCESS,375
2026-05-05 09:06:37,davis,CREATE_USER,SalesDashboard,SUCCESS,4118
2026-05-05 15:27:46,davis,ADMIN_CONFIG,InventoryReport,SUCCESS,4063
2026-05-05 10:56:56,davis,LOGOUT,AuditLogs,SUCCESS,828
2026-05-05 12:41:31,clane,LOGIN,UserManagement,FAILURE,1461
2026-05-05 16:37:18,davis,CREATE_USER,InventoryReport,SUCCESS,4485
2026-05-05 13:49:44,admin,EXPORT_REPORT,SalesDashboard,SUCCESS,4113
2026-05-05 08:27:12,bwhite,VIEW_REPORT,SystemSettings,SUCCESS,4957
2026-05-05 09:01:58,admin,ADMIN_CONFIG,AuditLogs,SUCCESS,1562
2026-05-05 15:56:08,bwhite,ADMIN_CONFIG,SystemSettings,SUCCESS,1988
2026-05-05 13:16:44,jdoe,VIEW_REPORT,AuditLogs,SUCCESS,202
2026-05-05 10:51:52,jdoe,VIEW_REPORT,SalesDashboard,SUCCESS,3346
2026-05-05 09:31:44,clane,VIEW_REPORT,AuditLogs,SUCCESS,48
2026-05-05 08:13:34,clane,EXPORT_REPORT,SystemSettings,SUCCESS,4180
2026-05-05 23:10:28,clane,LOGOUT,AuditLogs,SUCCESS,646
2026-05-05 11:47:13,jdoe,VIEW_REPORT,UserManagement,SUCCESS,2709
2026-05-05 10:30:54,bwhite,ADMIN_CONFIG,AuditLogs,SUCCESS,4339
2026-05-05 12:23:52,clane,LOGOUT,SalesDashboard,SUCCESS,1165
2026-05-05 08:06:02,clane,DELETE_USER,AuditLogs,FAILURE,1574
2026-05-05 10:46:03,jdoe,ADMIN_CONFIG,SystemSettings,SUCCESS,2977
2026-05-05 16:52:34,admin,DELETE_USER,SalesDashboard,SUCCESS,4430
2026-05-05 14:06:47,clane,LOGOUT,InventoryReport,SUCCESS,63
2026-05-05 11:54:17,clane,LOGIN,AuditLogs,SUCCESS,4220
2026-05-05 16:13:13,admin,LOGIN,InventoryReport,SUCCESS,3711
2026-05-05 02:48:44,asmith,ADMIN_CONFIG,SalesDashboard,SUCCESS,1400
2026-05-05 00:52:28,asmith,ADMIN_CONFIG,SalesDashboard,FAILURE,182
2026-05-05 08:01:53,admin,EXPORT_REPORT,InventoryReport,SUCCESS,475
2026-05-05 13:22:34,davis,LOGOUT,InventoryReport,FAILURE,2426
2026-05-05 13:01:47,clane,EXPORT_REPORT,AuditLogs,SUCCESS,1843
2026-05-05 11:50:49,admin,EXPORT_REPORT,InventoryReport,SUCCESS,4658
2026-05-05 10:20:01,admin,CREATE_USER,SalesDashboard,SUCCESS,398
2026-05-05 15:57:36,admin,EXPORT_REPORT,AuditLogs,SUCCESS,3053
2026-05-05 14:05:52,bwhite,LOGIN,AuditLogs,FAILURE,1678
2026-05-05 15:22:40,bwhite,LOGOUT,SalesDashboard,SUCCESS,2526
2026-05-05 12:53:30,jdoe,DELETE_USER,SalesDashboard,SUCCESS,670
2026-05-05 08:45:14,admin,ADMIN_CONFIG,AuditLogs,SUCCESS,792
2026-05-05 13:57:20,bwhite,VIEW_REPORT,SalesDashboard,SUCCESS,3546
2026-05-05 16:50:52,bwhite,ADMIN_CONFIG,AuditLogs,SUCCESS,1916
2026-05-06 08:50:01,jdoe,DELETE_USER,InventoryReport,SUCCESS,2530
2026-05-06 13:24:39,clane,CREATE_USER,AuditLogs,SUCCESS,3215
2026-05-06 16:07:35,clane,EXPORT_REPORT,SalesDashboard,SUCCESS,969
2026-05-06 18:52:12,davis,LOGOUT,UserManagement,SUCCESS,2286
2026-05-06 04:05:06,asmith,CREATE_USER,SystemSettings,SUCCESS,4156
2026-05-06 16:37:38,jdoe,DELETE_USER,UserManagement,SUCCESS,4432
2026-05-06 11:09:21,jdoe,CREATE_USER,SystemSettings,SUCCESS,3733
2026-05-06 10:05:26,clane,CREATE_USER,SystemSettings,SUCCESS,2901
2026-05-06 20:18:22,asmith,VIEW_REPORT,InventoryReport,SUCCESS,3037
2026-05-06 13:38:05,bwhite,LOGOUT,SalesDashboard,SUCCESS,307
2026-05-06 08:25:07,jdoe,VIEW_REPORT,SystemSettings,SUCCESS,4037
2026-05-06 12:07:37,davis,VIEW_REPORT,UserManagement,FAILURE,237
2026-05-06 15:57:29,admin,DELETE_USER,AuditLogs,SUCCESS,2648
2026-05-06 14:44:56,davis,LOGOUT,UserManagement,SUCCESS,602
2026-05-06 12:16:27,jdoe,VIEW_REPORT,InventoryReport,SUCCESS,2723
2026-05-06 08:34:51,bwhite,LOGIN,SystemSettings,SUCCESS,1903
2026-05-06 12:02:54,jdoe,DELETE_USER,SalesDashboard,SUCCESS,4015
2026-05-06 09:49:16,asmith,EXPORT_REPORT,SystemSettings,SUCCESS,2657
2026-05-06 10:56:29,bwhite,CREATE_USER,InventoryReport,SUCCESS,3300
2026-05-06 15:25:02,asmith,EXPORT_REPORT,UserManagement,SUCCESS,3039
2026-05-06 15:43:36,jdoe,LOGOUT,AuditLogs,SUCCESS,4341
2026-05-06 00:20:06,admin,EXPORT_REPORT,SalesDashboard,SUCCESS,4407
2026-05-06 13:48:41,jdoe,ADMIN_CONFIG,SystemSettings,SUCCESS,1556
2026-05-06 13:45:50,asmith,CREATE_USER,SalesDashboard,FAILURE,980
2026-05-06 12:48:00,davis,DELETE_USER,AuditLogs,SUCCESS,3088
2026-05-06 13:11:52,clane,VIEW_REPORT,AuditLogs,SUCCESS,3098
2026-05-06 15:04:59,asmith,LOGOUT,InventoryReport,SUCCESS,3261
2026-05-06 11:08:50,admin,VIEW_REPORT,UserManagement,SUCCESS,3593
2026-05-06 12:45:02,admin,DELETE_USER,UserManagement,SUCCESS,2866
2026-05-06 19:27:03,jdoe,LOGIN,UserManagement,SUCCESS,4527
2026-05-06 12:16:54,davis,LOGIN,SystemSettings,SUCCESS,1328
2026-05-06 11:55:28,bwhite,CREATE_USER,SystemSettings,SUCCESS,299
2026-05-06 14:33:08,admin,LOGIN,AuditLogs,SUCCESS,4848
2026-05-06 13:11:38,bwhite,DELETE_USER,SystemSettings,SUCCESS,1652
2026-05-06 12:40:49,clane,CREATE_USER,AuditLogs,SUCCESS,1919
2026-05-06 11:53:52,davis,LOGIN,SystemSettings,FAILURE,1130
2026-05-06 16:07:22,admin,EXPORT_REPORT,AuditLogs,SUCCESS,1035
2026-05-06 14:56:11,asmith,LOGIN,AuditLogs,SUCCESS,1178
2026-05-06 11:55:50,bwhite,LOGIN,UserManagement,SUCCESS,1763
2026-05-06 08:57:44,clane,ADMIN_CONFIG,AuditLogs,SUCCESS,4848
2026-05-06 16:42:51,bwhite,ADMIN_CONFIG,UserManagement,SUCCESS,4872
2026-05-06 11:01:13,clane,LOGIN,AuditLogs,SUCCESS,974
2026-05-06 14:29:02,admin,LOGOUT,SystemSettings,SUCCESS,2955
2026-05-06 09:22:03,davis,LOGIN,UserManagement,SUCCESS,2974
2026-05-06 12:23:04,clane,VIEW_REPORT,UserManagement,SUCCESS,3923
2026-05-06 10:37:41,davis,CREATE_USER,UserManagement,SUCCESS,3101
2026-05-06 16:25:52,jdoe,EXPORT_REPORT,InventoryReport,SUCCESS,4475
2026-05-06 16:37:51,clane,CREATE_USER,SalesDashboard,SUCCESS,128
2026-05-06 09:35:16,admin,EXPORT_REPORT,SalesDashboard,SUCCESS,2382
2026-05-06 09:46:46,asmith,VIEW_REPORT,AuditLogs,SUCCESS,1743
2026-05-06 19:42:47,davis,VIEW_REPORT,SalesDashboard,SUCCESS,3048
2026-05-06 13:17:34,admin,LOGIN,SystemSettings,SUCCESS,1074
2026-05-06 11:47:32,asmith,LOGIN,SalesDashboard,SUCCESS,2459
2026-05-06 15:27:14,clane,VIEW_REPORT,SalesDashboard,FAILURE,3250
2026-05-06 16:54:53,bwhite,LOGIN,SystemSettings,SUCCESS,361
2026-05-06 12:33:59,bwhite,LOGOUT,SystemSettings,SUCCESS,2604
2026-05-06 22:34:30,jdoe,ADMIN_CONFIG,AuditLogs,SUCCESS,1874
2026-05-06 15:39:43,clane,LOGOUT,AuditLogs,SUCCESS,3493
2026-05-06 11:32:05,davis,LOGIN,AuditLogs,SUCCESS,2724
2026-05-06 13:29:32,asmith,LOGIN,UserManagement,SUCCESS,1368
2026-05-06 08:33:36,jdoe,DELETE_USER,UserManagement,SUCCESS,4122
2026-05-06 09:08:12,asmith,DELETE_USER,UserManagement,SUCCESS,2058
2026-05-06 16:09:27,clane,VIEW_REPORT,SalesDashboard,SUCCESS,545
2026-05-06 13:06:29,admin,LOGOUT,UserManagement,SUCCESS,3110
2026-05-06 23:06:45,jdoe,DELETE_USER,UserManagement,SUCCESS,3854
2026-05-06 09:00:29,bwhite,LOGOUT,SystemSettings,SUCCESS,3550
2026-05-06 11:11:43,admin,DELETE_USER,SystemSettings,SUCCESS,3973
2026-05-06 13:46:02,bwhite,EXPORT_REPORT,AuditLogs,SUCCESS,901
2026-05-06 08:19:33,bwhite,EXPORT_REPORT,UserManagement,SUCCESS,4096
2026-05-06 10:54:08,asmith,VIEW_REPORT,UserManagement,SUCCESS,1227
2026-05-06 12:43:32,admin,CREATE_USER,InventoryReport,FAILURE,981
2026-05-06 11:39:48,admin,CREATE_USER,InventoryReport,SUCCESS,4087
2026-05-06 16:35:15,davis,VIEW_REPORT,InventoryReport,SUCCESS,2980
2026-05-06 06:34:24,asmith,EXPORT_REPORT,SystemSettings,SUCCESS,3826
2026-05-06 03:49:54,clane,EXPORT_REPORT,AuditLogs,SUCCESS,2495
2026-05-06 10:06:42,clane,LOGIN,InventoryReport,SUCCESS,1909
2026-05-06 09:03:56,davis,LOGOUT,SystemSettings,SUCCESS,1899
2026-05-06 08:27:41,bwhite,LOGOUT,AuditLogs,SUCCESS,1479
2026-05-06 16:24:08,jdoe,EXPORT_REPORT,SystemSettings,SUCCESS,1384
2026-05-06 21:49:37,bwhite,EXPORT_REPORT,AuditLogs,SUCCESS,1480
2026-05-06 11:06:43,bwhite,LOGIN,SystemSettings,SUCCESS,1593
2026-05-06 03:52:56,davis,DELETE_USER,AuditLogs,SUCCESS,112
2026-05-06 10:26:31,jdoe,CREATE_USER,UserManagement,SUCCESS,1530
2026-05-06 12:50:18,clane,LOGIN,AuditLogs,SUCCESS,2451
2026-05-06 13:44:34,bwhite,EXPORT_REPORT,UserManagement,SUCCESS,775
2026-05-06 09:38:10,admin,EXPORT_REPORT,SalesDashboard,SUCCESS,1370
2026-05-06 08:16:13,davis,VIEW_REPORT,InventoryReport,SUCCESS,3941
2026-05-06 12:12:05,clane,ADMIN_CONFIG,SystemSettings,SUCCESS,2138
2026-05-06 10:57:33,davis,LOGOUT,UserManagement,SUCCESS,899
2026-05-06 08:52:47,davis,CREATE_USER,InventoryReport,SUCCESS,3018
2026-05-06 15:27:38,jdoe,LOGIN,SystemSettings,SUCCESS,3545
2026-05-06 13:16:33,admin,ADMIN_CONFIG,InventoryReport,SUCCESS,2749
2026-05-06 13:35:51,jdoe,DELETE_USER,AuditLogs,SUCCESS,3477
2026-05-06 15:06:54,asmith,VIEW_REPORT,UserManagement,SUCCESS,3757
2026-05-06 09:59:37,admin,CREATE_USER,AuditLogs,FAILURE,3728
2026-05-06 10:41:29,asmith,VIEW_REPORT,InventoryReport,SUCCESS,2743
2026-05-06 12:33:54,jdoe,VIEW_REPORT,SalesDashboard,SUCCESS,2565
2026-05-07 12:49:15,bwhite,LOGIN,UserManagement,SUCCESS,2145
2026-05-07 08:09:27,admin,EXPORT_REPORT,SalesDashboard,SUCCESS,4437
2026-05-07 14:55:09,davis,ADMIN_CONFIG,SystemSettings,SUCCESS,3719
2026-05-07 00:58:43,admin,EXPORT_REPORT,SalesDashboard,SUCCESS,4368
2026-05-07 08:15:28,clane,EXPORT_REPORT,InventoryReport,SUCCESS,3953
2026-05-07 16:15:01,bwhite,DELETE_USER,AuditLogs,SUCCESS,2947
2026-05-07 12:28:12,bwhite,DELETE_USER,SystemSettings,SUCCESS,3520
2026-05-07 09:44:06,asmith,DELETE_USER,SalesDashboard,SUCCESS,1396
2026-05-07 15:05:51,bwhite,LOGOUT,SystemSettings,SUCCESS,3849
2026-05-07 14:06:37,admin,ADMIN_CONFIG,AuditLogs,SUCCESS,1465
2026-05-07 09:41:02,asmith,ADMIN_CONFIG,InventoryReport,SUCCESS,52
2026-05-07 15:45:58,bwhite,CREATE_USER,AuditLogs,SUCCESS,3434
2026-05-07 11:59:49,davis,EXPORT_REPORT,SalesDashboard,SUCCESS,2422
2026-05-07 22:33:54,davis,LOGIN,InventoryReport,SUCCESS,269
2026-05-07 03:18:17,davis,LOGOUT,InventoryReport,SUCCESS,3160
2026-05-07 08:59:37,admin,EXPORT_REPORT,SalesDashboard,SUCCESS,4000
2026-05-07 14:40:43,davis,VIEW_REPORT,InventoryReport,SUCCESS,3534
2026-05-07 09:30:51,admin,LOGOUT,InventoryReport,SUCCESS,160
2026-05-07 09:50:17,clane,ADMIN_CONFIG,UserManagement,SUCCESS,3250
2026-05-07 16:04:39,bwhite,EXPORT_REPORT,SystemSettings,SUCCESS,2007
2026-05-07 17:06:26,admin,VIEW_REPORT,AuditLogs,SUCCESS,326
2026-05-07 14:34:19,asmith,DELETE_USER,SalesDashboard,SUCCESS,671
2026-05-07 08:43:58,asmith,LOGOUT,SystemSettings,SUCCESS,1581
2026-05-07 15:30:17,jdoe,EXPORT_REPORT,UserManagement,SUCCESS,300
2026-05-07 12:15:48,bwhite,LOGOUT,InventoryReport,SUCCESS,4993
2026-05-07 09:28:34,bwhite,VIEW_REPORT,AuditLogs,SUCCESS,1390
2026-05-07 15:53:13,clane,EXPORT_REPORT,AuditLogs,SUCCESS,1900
2026-05-07 03:10:19,asmith,CREATE_USER,SalesDashboard,SUCCESS,812
2026-05-07 16:16:20,davis,CREATE_USER,SystemSettings,SUCCESS,3923
2026-05-07 16:44:53,davis,DELETE_USER,SalesDashboard,SUCCESS,4346
2026-05-07 08:24:46,clane,DELETE_USER,SystemSettings,FAILURE,3266
2026-05-07 16:37:03,admin,DELETE_USER,InventoryReport,SUCCESS,4992
2026-05-07 09:36:08,clane,VIEW_REPORT,SystemSettings,SUCCESS,4997
2026-05-07 09:09:55,davis,DELETE_USER,SystemSettings,SUCCESS,229
2026-05-07 16:35:46,asmith,ADMIN_CONFIG,SystemSettings,SUCCESS,4394
2026-05-07 10:53:59,asmith,LOGOUT,AuditLogs,SUCCESS,2837
2026-05-07 09:36:57,asmith,VIEW_REPORT,UserManagement,SUCCESS,3398
2026-05-07 16:27:41,asmith,LOGOUT,AuditLogs,SUCCESS,308
2026-05-07 11:43:43,admin,CREATE_USER,InventoryReport,SUCCESS,4926
2026-05-07 15:37:02,admin,DELETE_USER,InventoryReport,SUCCESS,4062
2026-05-07 14:21:54,jdoe,ADMIN_CONFIG,SalesDashboard,SUCCESS,3562
2026-05-07 11:09:26,jdoe,LOGOUT,SalesDashboard,SUCCESS,3034
2026-05-07 14:06:20,davis,VIEW_REPORT,UserManagement,SUCCESS,2744
2026-05-07 10:09:19,asmith,LOGIN,SystemSettings,SUCCESS,3018
2026-05-07 10:08:35,bwhite,CREATE_USER,SystemSettings,SUCCESS,3525
2026-05-07 16:14:36,davis,EXPORT_REPORT,AuditLogs,SUCCESS,298
2026-05-07 14:02:28,davis,DELETE_USER,InventoryReport,SUCCESS,4653
2026-05-07 09:11:32,admin,ADMIN_CONFIG,SalesDashboard,SUCCESS,4920
2026-05-07 10:53:26,jdoe,EXPORT_REPORT,UserManagement,SUCCESS,2863
2026-05-07 05:33:27,admin,LOGIN,SystemSettings,SUCCESS,4374
2026-05-07 11:04:49,asmith,EXPORT_REPORT,AuditLogs,SUCCESS,1977
2026-05-07 21:02:52,asmith,ADMIN_CONFIG,InventoryReport,SUCCESS,671
2026-05-07 15:55:24,bwhite,DELETE_USER,InventoryReport,SUCCESS,1413
2026-05-07 13:46:31,asmith,DELETE_USER,SystemSettings,SUCCESS,595
2026-05-07 11:29:48,admin,ADMIN_CONFIG,SalesDashboard,SUCCESS,16
2026-05-07 13:14:51,admin,LOGIN,UserManagement,SUCCESS,322
2026-05-07 06:27:28,bwhite,LOGIN,SalesDashboard,SUCCESS,309
2026-05-07 11:53:03,clane,CREATE_USER,InventoryReport,SUCCESS,956
2026-05-07 21:29:28,admin,LOGIN,UserManagement,SUCCESS,4503
2026-05-07 02:03:49,jdoe,VIEW_REPORT,SalesDashboard,SUCCESS,4532
2026-05-07 08:17:50,admin,ADMIN_CONFIG,SystemSettings,SUCCESS,2104
2026-05-07 11:08:54,jdoe,CREATE_USER,AuditLogs,SUCCESS,581
2026-05-07 15:48:18,bwhite,EXPORT_REPORT,SystemSettings,SUCCESS,4061
2026-05-07 15:54:10,admin,LOGOUT,InventoryReport,SUCCESS,609
2026-05-07 10:34:27,asmith,DELETE_USER,SystemSettings,SUCCESS,1764
2026-05-07 14:39:30,jdoe,LOGIN,InventoryReport,SUCCESS,1201
2026-05-07 17:20:16,jdoe,LOGOUT,AuditLogs,SUCCESS,3115
2026-05-07 12:19:58,admin,ADMIN_CONFIG,SystemSettings,FAILURE,3267
2026-05-07 08:43:44,bwhite,LOGOUT,SalesDashboard,SUCCESS,1662
2026-05-07 16:05:07,bwhite,LOGOUT,SalesDashboard,SUCCESS,262
2026-05-07 08:37:08,bwhite,DELETE_USER,UserManagement,SUCCESS,3595
2026-05-07 08:59:42,bwhite,LOGOUT,SystemSettings,SUCCESS,2931
2026-05-07 23:35:15,admin,ADMIN_CONFIG,InventoryReport,SUCCESS,307
2026-05-07 15:44:35,clane,LOGIN,AuditLogs,SUCCESS,3505
2026-05-07 15:26:23,clane,EXPORT_REPORT,SystemSettings,SUCCESS,804
2026-05-07 14:31:06,jdoe,LOGOUT,AuditLogs,SUCCESS,4137
2026-05-07 08:41:59,clane,DELETE_USER,AuditLogs,SUCCESS,978
2026-05-07 09:41:43,davis,CREATE_USER,UserManagement,SUCCESS,4516
2026-05-07 08:04:12,asmith,CREATE_USER,InventoryReport,FAILURE,1877
2026-05-07 16:33:46,admin,VIEW_REPORT,AuditLogs,SUCCESS,4091
2026-05-07 08:57:59,jdoe,DELETE_USER,SystemSettings,SUCCESS,2430
2026-05-07 10:38:19,clane,LOGIN,UserManagement,SUCCESS,1897
2026-05-07 17:43:53,jdoe,LOGOUT,AuditLogs,SUCCESS,3449
2026-05-07 06:13:06,bwhite,ADMIN_CONFIG,AuditLogs,SUCCESS,2286
2026-05-07 10:40:54,asmith,LOGIN,AuditLogs,SUCCESS,3123
2026-05-07 16:07:59,davis,ADMIN_CONFIG,UserManagement,SUCCESS,2435
2026-05-07 15:54:49,jdoe,ADMIN_CONFIG,InventoryReport,SUCCESS,2432
2026-05-07 12:43:50,davis,LOGOUT,SystemSettings,SUCCESS,444
2026-05-07 16:40:38,asmith,DELETE_USER,InventoryReport,SUCCESS,2951
2026-05-07 10:55:04,bwhite,EXPORT_REPORT,SalesDashboard,SUCCESS,1326
2026-05-07 10:00:48,jdoe,CREATE_USER,AuditLogs,SUCCESS,1421
2026-05-07 15:11:31,clane,CREATE_USER,AuditLogs,SUCCESS,3027
2026-05-07 12:35:38,clane,LOGOUT,AuditLogs,SUCCESS,702
2026-05-07 03:44:49,bwhite,DELETE_USER,UserManagement,SUCCESS,2122
2026-05-07 11:31:52,jdoe,LOGIN,AuditLogs,SUCCESS,4667
2026-05-07 08:11:01,asmith,EXPORT_REPORT,InventoryReport,SUCCESS,1791
2026-05-07 21:11:10,bwhite,CREATE_USER,UserManagement,SUCCESS,3514
2026-05-07 11:23:53,davis,ADMIN_CONFIG,AuditLogs,SUCCESS,4339
2026-05-07 11:04:55,admin,VIEW_REPORT,UserManagement,SUCCESS,4571
2026-05-07 08:21:11,admin,LOGOUT,SystemSettings,SUCCESS,1700
2026-05-07 12:56:04,asmith,VIEW_REPORT,UserManagement,SUCCESS,2666
2026-05-07 07:06:38,admin,VIEW_REPORT,UserManagement,SUCCESS,610
2026-05-07 14:21:28,jdoe,EXPORT_REPORT,InventoryReport,SUCCESS,184
2026-05-07 17:16:36,asmith,ADMIN_CONFIG,SystemSettings,SUCCESS,4486
2026-05-07 10:11:33,jdoe,LOGOUT,InventoryReport,SUCCESS,4760
2026-05-07 11:11:07,bwhite,CREATE_USER,UserManagement,FAILURE,3140
2026-05-07 15:48:55,clane,LOGIN,UserManagement,SUCCESS,4397
2026-05-07 11:28:44,clane,CREATE_USER,UserManagement,SUCCESS,287
2026-05-07 15:23:52,admin,EXPORT_REPORT,AuditLogs,SUCCESS,3052
2026-05-07 17:50:22,jdoe,LOGIN,InventoryReport,SUCCESS,4224
2026-05-07 13:16:12,davis,EXPORT_REPORT,InventoryReport,SUCCESS,3974
2026-05-07 15:48:01,admin,LOGIN,UserManagement,FAILURE,4599
2026-05-07 02:14:24,davis,LOGIN,SystemSettings,FAILURE,2969
2026-05-07 16:57:32,davis,DELETE_USER,SalesDashboard,SUCCESS,1209
2026-05-08 15:08:56,admin,LOGOUT,InventoryReport,SUCCESS,3632
2026-05-08 00:33:22,bwhite,LOGIN,SystemSettings,SUCCESS,1603
2026-05-08 16:58:44,bwhite,ADMIN_CONFIG,AuditLogs,SUCCESS,4966
2026-05-08 11:09:15,admin,LOGIN,SalesDashboard,SUCCESS,30
2026-05-08 11:12:00,clane,LOGIN,SystemSettings,SUCCESS,3061
2026-05-08 15:51:56,admin,VIEW_REPORT,AuditLogs,SUCCESS,1204
2026-05-08 15:02:11,asmith,LOGOUT,SalesDashboard,SUCCESS,2289
2026-05-08 09:20:05,jdoe,EXPORT_REPORT,SalesDashboard,SUCCESS,1335
2026-05-08 08:42:03,admin,CREATE_USER,SystemSettings,SUCCESS,3366
2026-05-08 11:49:43,davis,VIEW_REPORT,InventoryReport,SUCCESS,2735
2026-05-08 10:52:25,admin,CREATE_USER,SystemSettings,SUCCESS,4623
2026-05-08 15:34:25,bwhite,VIEW_REPORT,AuditLogs,SUCCESS,4280
2026-05-08 13:35:15,asmith,DELETE_USER,UserManagement,SUCCESS,4229
2026-05-08 14:24:12,davis,LOGIN,SystemSettings,SUCCESS,841
2026-05-08 03:57:13,asmith,VIEW_REPORT,InventoryReport,SUCCESS,1570
2026-05-08 23:02:23,jdoe,LOGOUT,SystemSettings,SUCCESS,2654
2026-05-08 14:07:53,clane,ADMIN_CONFIG,UserManagement,SUCCESS,2315
2026-05-08 11:35:02,admin,LOGOUT,UserManagement,SUCCESS,3313
2026-05-08 08:01:13,bwhite,DELETE_USER,AuditLogs,SUCCESS,1761
2026-05-08 09:01:24,davis,DELETE_USER,AuditLogs,SUCCESS,3620
2026-05-08 13:37:41,clane,CREATE_USER,AuditLogs,SUCCESS,2077
2026-05-08 08:40:23,clane,VIEW_REPORT,UserManagement,SUCCESS,3706
2026-05-08 09:10:49,davis,LOGIN,InventoryReport,SUCCESS,2730
2026-05-08 11:38:10,jdoe,LOGIN,UserManagement,SUCCESS,428
2026-05-08 13:01:17,jdoe,DELETE_USER,AuditLogs,SUCCESS,1025
2026-05-08 13:23:23,admin,EXPORT_REPORT,SalesDashboard,SUCCESS,4171
2026-05-08 09:17:10,davis,EXPORT_REPORT,SystemSettings,SUCCESS,3331
2026-05-08 09:55:34,asmith,VIEW_REPORT,SystemSettings,SUCCESS,994
2026-05-08 16:38:53,admin,ADMIN_CONFIG,UserManagement,SUCCESS,3692
2026-05-08 22:34:35,jdoe,DELETE_USER,AuditLogs,SUCCESS,1023
2026-05-08 10:58:54,asmith,CREATE_USER,SystemSettings,SUCCESS,2373
2026-05-08 11:57:45,admin,LOGOUT,AuditLogs,SUCCESS,1384
2026-05-08 04:28:59,jdoe,ADMIN_CONFIG,SystemSettings,SUCCESS,4347
2026-05-08 12:50:06,asmith,CREATE_USER,SalesDashboard,SUCCESS,3824
2026-05-08 15:03:47,asmith,LOGOUT,UserManagement,SUCCESS,1022
2026-05-08 10:55:07,admin,EXPORT_REPORT,UserManagement,SUCCESS,2380
2026-05-08 15:08:48,bwhite,CREATE_USER,SystemSettings,SUCCESS,3104
2026-05-08 11:07:35,bwhite,LOGOUT,UserManagement,SUCCESS,3595
2026-05-08 09:27:44,asmith,EXPORT_REPORT,UserManagement,SUCCESS,3046
2026-05-08 14:15:05,davis,ADMIN_CONFIG,InventoryReport,FAILURE,4712
2026-05-08 14:38:18,jdoe,EXPORT_REPORT,AuditLogs,SUCCESS,1396
2026-05-08 16:41:02,jdoe,CREATE_USER,SystemSettings,FAILURE,2426
2026-05-08 09:10:23,asmith,EXPORT_REPORT,SystemSettings,SUCCESS,803
2026-05-08 09:25:18,clane,ADMIN_CONFIG,SalesDashboard,SUCCESS,2099
2026-05-08 13:37:32,admin,EXPORT_REPORT,InventoryReport,SUCCESS,4553
2026-05-08 11:30:42,jdoe,LOGOUT,InventoryReport,SUCCESS,2286
2026-05-08 08:38:06,asmith,LOGOUT,InventoryReport,SUCCESS,3863
2026-05-08 20:32:17,clane,ADMIN_CONFIG,AuditLogs,SUCCESS,902
2026-05-08 12:48:46,clane,ADMIN_CONFIG,SalesDashboard,SUCCESS,3544
2026-05-08 00:22:44,asmith,DELETE_USER,UserManagement,SUCCESS,3403
2026-05-08 15:19:57,davis,LOGOUT,UserManagement,SUCCESS,2337
2026-05-08 11:26:59,clane,CREATE_USER,SystemSettings,SUCCESS,2323
2026-05-08 08:38:39,asmith,CREATE_USER,SalesDashboard,SUCCESS,1143
2026-05-08 12:41:51,davis,LOGOUT,InventoryReport,SUCCESS,2257
2026-05-08 13:25:35,admin,VIEW_REPORT,InventoryReport,SUCCESS,2842
2026-05-08 11:23:07,davis,LOGOUT,SalesDashboard,SUCCESS,3723
2026-05-08 21:01:14,asmith,LOGIN,UserManagement,SUCCESS,4561
2026-05-08 14:27:05,bwhite,LOGOUT,AuditLogs,SUCCESS,3541
2026-05-08 22:57:40,bwhite,ADMIN_CONFIG,InventoryReport,SUCCESS,3738
2026-05-08 00:23:10,jdoe,ADMIN_CONFIG,SystemSettings,SUCCESS,17
2026-05-08 08:14:57,asmith,LOGIN,SystemSettings,SUCCESS,4818
2026-05-08 06:27:18,clane,LOGIN,SystemSettings,SUCCESS,3824
2026-05-08 16:43:22,jdoe,ADMIN_CONFIG,SystemSettings,SUCCESS,3553
2026-05-08 08:54:28,clane,EXPORT_REPORT,UserManagement,SUCCESS,1682
2026-05-08 15:31:15,bwhite,LOGOUT,SalesDashboard,SUCCESS,3290
2026-05-08 15:37:51,jdoe,EXPORT_REPORT,SalesDashboard,SUCCESS,156
2026-05-08 15:36:36,asmith,LOGOUT,SystemSettings,SUCCESS,1334
2026-05-08 12:12:44,bwhite,VIEW_REPORT,AuditLogs,SUCCESS,4639
2026-05-09 11:58:50,jdoe,EXPORT_REPORT,SystemSettings,SUCCESS,4038
2026-05-09 13:33:28,clane,LOGIN,UserManagement,SUCCESS,338
2026-05-09 14:46:15,bwhite,DELETE_USER,UserManagement,SUCCESS,3247
2026-05-09 22:25:02,admin,ADMIN_CONFIG,UserManagement,SUCCESS,31
2026-05-09 05:13:48,davis,EXPORT_REPORT,SystemSettings,SUCCESS,2192
2026-05-09 12:52:59,asmith,VIEW_REPORT,InventoryReport,SUCCESS,2164
2026-05-09 22:03:55,bwhite,EXPORT_REPORT,AuditLogs,SUCCESS,2930
2026-05-09 07:02:20,asmith,ADMIN_CONFIG,InventoryReport,SUCCESS,326
2026-05-09 06:01:00,jdoe,VIEW_REPORT,InventoryReport,SUCCESS,4477
2026-05-09 21:36:12,clane,LOGIN,InventoryReport,SUCCESS,3571
2026-05-09 11:47:30,davis,DELETE_USER,UserManagement,SUCCESS,4734
2026-05-10 17:36:49,jdoe,ADMIN_CONFIG,AuditLogs,SUCCESS,248
2026-05-10 19:49:32,bwhite,LOGIN,UserManagement,SUCCESS,4529
2026-05-10 22:29:15,admin,ADMIN_CONFIG,UserManagement,SUCCESS,3477
2026-05-10 01:34:48,asmith,DELETE_USER,SalesDashboard,SUCCESS,2038
2026-05-10 00:25:22,bwhite,ADMIN_CONFIG,UserManagement,SUCCESS,2959
2026-05-10 09:05:59,asmith,VIEW_REPORT,AuditLogs,SUCCESS,1449
2026-05-10 21:56:05,bwhite,DELETE_USER,AuditLogs,SUCCESS,936
2026-05-11 13:24:28,davis,DELETE_USER,InventoryReport,SUCCESS,2148
2026-05-11 12:16:49,bwhite,LOGOUT,SystemSettings,SUCCESS,265
2026-05-11 16:53:25,admin,LOGOUT,SalesDashboard,FAILURE,4311
2026-05-11 14:21:09,jdoe,CREATE_USER,SalesDashboard,SUCCESS,225
2026-05-11 08:07:53,asmith,EXPORT_REPORT,SalesDashboard,SUCCESS,4629
2026-05-11 15:23:11,davis,DELETE_USER,UserManagement,SUCCESS,2328
2026-05-11 08:08:51,jdoe,EXPORT_REPORT,InventoryReport,SUCCESS,3529
2026-05-11 09:47:32,admin,DELETE_USER,SystemSettings,SUCCESS,602
2026-05-11 12:18:37,bwhite,CREATE_USER,UserManagement,SUCCESS,3807
2026-05-11 17:04:37,davis,EXPORT_REPORT,InventoryReport,SUCCESS,4769
2026-05-11 16:51:56,admin,LOGOUT,UserManagement,SUCCESS,1230
2026-05-11 10:55:57,asmith,EXPORT_REPORT,SystemSettings,SUCCESS,4838
2026-05-11 08:46:35,jdoe,VIEW_REPORT,InventoryReport,SUCCESS,3742
2026-05-11 11:46:52,asmith,CREATE_USER,InventoryReport,SUCCESS,3853
2026-05-11 11:34:33,admin,EXPORT_REPORT,SystemSettings,SUCCESS,4994
2026-05-11 15:38:04,davis,LOGOUT,AuditLogs,SUCCESS,4293
2026-05-11 13:11:58,clane,LOGOUT,InventoryReport,SUCCESS,4450
2026-05-11 09:51:27,davis,CREATE_USER,AuditLogs,SUCCESS,2280
2026-05-11 08:39:00,asmith,VIEW_REPORT,InventoryReport,SUCCESS,40
2026-05-11 14:29:29,davis,EXPORT_REPORT,AuditLogs,SUCCESS,2493
2026-05-11 00:41:43,clane,ADMIN_CONFIG,UserManagement,SUCCESS,3617
2026-05-11 22:08:50,asmith,ADMIN_CONFIG,InventoryReport,SUCCESS,3985
2026-05-11 10:44:07,bwhite,CREATE_USER,InventoryReport,SUCCESS,2682
2026-05-11 14:38:35,jdoe,LOGOUT,InventoryReport,SUCCESS,75
2026-05-11 12:31:56,davis,CREATE_USER,SystemSettings,SUCCESS,2054
2026-05-11 12:15:07,davis,LOGIN,UserManagement,SUCCESS,419
2026-05-11 10:03:19,bwhite,DELETE_USER,SystemSettings,SUCCESS,73
2026-05-11 16:37:01,admin,VIEW_REPORT,InventoryReport,SUCCESS,4633
2026-05-11 11:27:00,asmith,CREATE_USER,SystemSettings,SUCCESS,2424
2026-05-11 11:30:08,jdoe,LOGIN,InventoryReport,SUCCESS,4088
2026-05-11 10:50:28,bwhite,EXPORT_REPORT,SystemSettings,SUCCESS,4978
2026-05-11 16:22:37,asmith,LOGOUT,InventoryReport,SUCCESS,938
2026-05-11 14:20:35,admin,LOGOUT,SystemSettings,SUCCESS,4779
2026-05-11 13:35:37,bwhite,DELETE_USER,SystemSettings,SUCCESS,1599
2026-05-11 16:08:05,asmith,LOGIN,InventoryReport,SUCCESS,2997
2026-05-11 15:36:40,bwhite,DELETE_USER,InventoryReport,SUCCESS,4301
2026-05-11 08:05:53,clane,VIEW_REPORT,SalesDashboard,SUCCESS,3340
2026-05-11 09:23:53,bwhite,LOGOUT,SalesDashboard,SUCCESS,4679
2026-05-11 10:34:14,clane,LOGOUT,InventoryReport,SUCCESS,2127
2026-05-11 12:12:31,davis,EXPORT_REPORT,SalesDashboard,SUCCESS,4710
2026-05-11 16:05:07,clane,ADMIN_CONFIG,UserManagement,SUCCESS,708
2026-05-11 13:29:46,admin,EXPORT_REPORT,SalesDashboard,SUCCESS,3574
2026-05-11 11:20:28,jdoe,CREATE_USER,AuditLogs,FAILURE,734
2026-05-11 10:19:39,davis,CREATE_USER,SalesDashboard,SUCCESS,2528
2026-05-11 15:27:46,bwhite,VIEW_REPORT,SystemSettings,SUCCESS,813
2026-05-11 13:46:58,jdoe,ADMIN_CONFIG,SalesDashboard,SUCCESS,2060
2026-05-11 16:17:06,clane,EXPORT_REPORT,InventoryReport,SUCCESS,3655
2026-05-11 15:59:34,clane,EXPORT_REPORT,SalesDashboard,SUCCESS,2709
2026-05-11 15:31:49,jdoe,ADMIN_CONFIG,UserManagement,SUCCESS,565
2026-05-11 13:12:19,admin,VIEW_REPORT,InventoryReport,SUCCESS,3462
2026-05-11 09:43:25,admin,EXPORT_REPORT,AuditLogs,SUCCESS,1966
2026-05-11 14:29:05,admin,LOGIN,UserManagement,SUCCESS,4969
2026-05-11 12:30:12,admin,VIEW_REPORT,AuditLogs,SUCCESS,4071
2026-05-11 13:09:20,admin,LOGIN,SystemSettings,SUCCESS,1490
2026-05-11 09:51:01,admin,LOGOUT,SalesDashboard,SUCCESS,3013
2026-05-11 09:33:37,davis,VIEW_REPORT,AuditLogs,SUCCESS,3958
2026-05-11 15:57:24,asmith,LOGIN,UserManagement,SUCCESS,907
2026-05-11 12:59:37,bwhite,CREATE_USER,SalesDashboard,FAILURE,2015
2026-05-11 10:37:52,davis,VIEW_REPORT,SalesDashboard,SUCCESS,4659
2026-05-11 19:38:00,clane,DELETE_USER,InventoryReport,FAILURE,1958
2026-05-11 09:56:34,davis,LOGOUT,SystemSettings,SUCCESS,1850
2026-05-11 15:26:41,bwhite,DELETE_USER,SalesDashboard,SUCCESS,4827
2026-05-11 09:39:47,clane,LOGIN,UserManagement,SUCCESS,1530
2026-05-11 14:20:18,bwhite,CREATE_USER,SalesDashboard,SUCCESS,812
2026-05-11 09:27:27,davis,LOGOUT,InventoryReport,SUCCESS,3398
2026-05-11 11:29:48,jdoe,ADMIN_CONFIG,SystemSettings,SUCCESS,3194
2026-05-11 10:52:47,jdoe,ADMIN_CONFIG,AuditLogs,SUCCESS,1390
2026-05-11 03:41:24,bwhite,EXPORT_REPORT,UserManagement,SUCCESS,1105
2026-05-11 15:26:10,bwhite,ADMIN_CONFIG,InventoryReport,SUCCESS,2915
2026-05-11 05:50:48,admin,VIEW_REPORT,SystemSettings,SUCCESS,609
2026-05-11 08:39:57,asmith,DELETE_USER,AuditLogs,SUCCESS,3058
2026-05-11 14:03:35,asmith,LOGOUT,SalesDashboard,SUCCESS,1859
2026-05-11 11:07:15,jdoe,CREATE_USER,InventoryReport,SUCCESS,3561
2026-05-11 11:44:26,bwhite,CREATE_USER,SystemSettings,SUCCESS,2963
2026-05-11 16:31:40,asmith,LOGIN,UserManagement,SUCCESS,3271
2026-05-11 08:55:06,bwhite,LOGIN,SalesDashboard,SUCCESS,1230
2026-05-11 12:12:29,davis,VIEW_REPORT,UserManagement,SUCCESS,3936
2026-05-11 09:40:43,asmith,LOGIN,SystemSettings,SUCCESS,4020
2026-05-11 10:49:51,asmith,ADMIN_CONFIG,SystemSettings,SUCCESS,321
2026-05-11 00:28:21,asmith,EXPORT_REPORT,AuditLogs,SUCCESS,4408
2026-05-11 12:35:28,asmith,ADMIN_CONFIG,InventoryReport,SUCCESS,2899
2026-05-11 08:13:13,clane,DELETE_USER,SalesDashboard,SUCCESS,1457
2026-05-11 13:58:32,clane,LOGIN,UserManagement,SUCCESS,2936
2026-05-11 16:59:46,davis,VIEW_REPORT,SalesDashboard,SUCCESS,4474
2026-05-11 14:53:03,bwhite,CREATE_USER,SystemSettings,SUCCESS,941
2026-05-11 02:15:38,admin,EXPORT_REPORT,SystemSettings,SUCCESS,737
2026-05-11 16:46:24,bwhite,DELETE_USER,UserManagement,SUCCESS,809
2026-05-11 10:49:07,davis,CREATE_USER,AuditLogs,SUCCESS,2333
2026-05-11 08:43:53,admin,ADMIN_CONFIG,InventoryReport,SUCCESS,1212
2026-05-11 12:19:36,clane,CREATE_USER,SystemSettings,SUCCESS,3749
2026-05-11 16:43:48,asmith,CREATE_USER,SystemSettings,SUCCESS,1406
2026-05-11 14:30:41,clane,DELETE_USER,AuditLogs,FAILURE,3719
2026-05-11 14:01:54,admin,VIEW_REPORT,SystemSettings,SUCCESS,314
2026-05-11 14:57:33,asmith,DELETE_USER,UserManagement,SUCCESS,3169
2026-05-11 11:26:35,admin,LOGIN,InventoryReport,SUCCESS,2736
2026-05-11 16:18:54,bwhite,CREATE_USER,UserManagement,SUCCESS,44
2026-05-11 16:34:50,clane,VIEW_REPORT,UserManagement,SUCCESS,4240
2026-05-11 03:33:15,clane,DELETE_USER,SalesDashboard,SUCCESS,1172
2026-05-11 09:03:03,admin,DELETE_USER,InventoryReport,SUCCESS,1689
2026-05-11 16:05:31,bwhite,DELETE_USER,SystemSettings,SUCCESS,1301
2026-05-11 12:08:45,admin,DELETE_USER,SalesDashboard,SUCCESS,3131
2026-05-11 08:49:54,asmith,CREATE_USER,AuditLogs,SUCCESS,1081
2026-05-11 14:02:41,admin,CREATE_USER,SystemSettings,SUCCESS,3214
2026-05-11 01:23:49,admin,LOGIN,InventoryReport,SUCCESS,1870
2026-05-11 14:43:21,bwhite,LOGOUT,InventoryReport,SUCCESS,1782
2026-05-11 08:05:50,bwhite,EXPORT_REPORT,UserManagement,SUCCESS,2025
2026-05-11 18:49:12,bwhite,EXPORT_REPORT,InventoryReport,SUCCESS,4952
2026-05-11 11:19:28,asmith,CREATE_USER,AuditLogs,SUCCESS,3316
2026-05-11 13:03:21,jdoe,ADMIN_CONFIG,AuditLogs,SUCCESS,1617
2026-05-11 10:52:38,bwhite,CREATE_USER,UserManagement,SUCCESS,4264
2026-05-11 16:20:24,jdoe,CREATE_USER,UserManagement,SUCCESS,640
2026-05-11 11:51:21,davis,EXPORT_REPORT,AuditLogs,SUCCESS,2103
2026-05-11 14:56:12,jdoe,ADMIN_CONFIG,SalesDashboard,SUCCESS,1047
2026-05-11 10:09:18,jdoe,LOGIN,SystemSettings,SUCCESS,3566
2026-05-11 10:01:11,jdoe,LOGOUT,UserManagement,SUCCESS,4028
2026-05-11 13:50:38,jdoe,EXPORT_REPORT,SystemSettings,SUCCESS,4388
